회원번호,이탈위험군,가격구간,treatment_h4,uplift_logit,uplift_rf
18764160,Active(<30일),Q4_고가,0.0,-0.0067133240451459075,-0.03528751842035627
18792000,이탈위험(90일+),Q1_저가,0.0,0.012388479005911127,0.049585355360885514
18942336,Active(<30일),Q4_고가,0.0,0.011311100408895824,0.04738132425082331
18949760,Active(<30일),Q3,,-0.005569046754056714,0.040306888837106564
19391488,이탈위험(90일+),Q1_저가,0.0,-0.008835322089328537,0.03513240195335614
19627200,Active(<30일),Q4_고가,0.0,0.01329818278776873,-0.0038633131765605233
19727424,Active(<30일),Q4_고가,0.0,0.0542643390207288,0.03199399406290959
19996544,Active(<30일),Q4_고가,0.0,0.010580347348174701,0.02876712115277369
20235968,Active(<30일),Q3,,0.0032580471309039405,-0.11252264152518665
20258240,이탈위험(90일+),Q1_저가,0.0,-0.010111597064119703,0.03259010737654876
20588608,Active(<30일),Q4_고가,0.0,0.006629624896765329,-0.028458717181961246
20636864,Active(<30일),Q3,0.0,0.021818432982069647,0.01621311971082451
21134272,이탈위험(90일+),Q2,0.0,-0.005431415164514175,-0.010725175471769266
21457216,Active(<30일),Q1_저가,0.0,-0.004851152740318956,0.04403995043541373
21982464,Active(<30일),Q1_저가,,0.0036526551965978538,-0.04171925063194204
22112384,이탈위험(90일+),Q2,0.0,-0.011961945639459771,0.011873405441064633
22259008,관심필요(30~89일),Q3,,-0.0016616011058143143,-0.030162479080494187
22270144,Active(<30일),Q3,0.0,0.006838262286457675,-0.051937783681482164
22990272,Active(<30일),Q3,0.0,0.016694754580728888,-0.01536113187823751
23437568,Active(<30일),Q2,,0.03959181005446988,-0.009875054946950068
23485824,이탈위험(90일+),Q2,0.0,-0.0341138145621632,-0.001154515945496204
23573056,관심필요(30~89일),Q1_저가,,-0.006644287162934581,0.05073799383090066
24098304,관심필요(30~89일),Q1_저가,1.0,-0.00588912963453006,0.04332560691391599
24883392,Active(<30일),Q4_고가,0.0,0.012695495176796912,0.007173520908854258
25145088,이탈위험(90일+),Q4_고가,0.0,-0.01827185130722861,0.053394907722378704
26110208,Active(<30일),Q3,0.0,-0.006925558970976103,0.053984572885531684
26355200,Active(<30일),Q2,,0.012928376870879998,0.003274467310797613
26676288,관심필요(30~89일),Q3,0.0,0.003123688819463566,-0.0001449806909025464
27021504,이탈위험(90일+),Q1_저가,0.0,-0.010395479362516655,0.037047664447921055
27066048,Active(<30일),Q3,0.0,0.026420791050744574,0.028353692072456305
27210816,Active(<30일),Q1_저가,0.0,-0.0057737808053164585,0.04694154292415696
27387136,관심필요(30~89일),Q3,0.0,0.015115589069473412,-0.08750297495913906
28394944,Active(<30일),Q3,1.0,0.03164123397762186,0.04096379240995962
28871936,관심필요(30~89일),Q2,0.0,0.007948568571776726,-0.050027714820093605
29658880,이탈위험(90일+),Q3,0.0,-0.013255314345253531,0.03447718850631809
29868608,관심필요(30~89일),Q1_저가,0.0,-0.015461334865926796,-0.022046423654413477
30215680,Active(<30일),Q1_저가,,0.01652735337422606,-0.023501805101229012
31691200,Active(<30일),Q2,0.0,0.024188925044520193,0.008783966392154285
37188672,Active(<30일),Q4_고가,0.0,0.02191462649537701,0.07040040011722792
37253632,이탈위험(90일+),Q2,0.0,-0.012823325045198723,0.03310336635090437
37314880,이탈위험(90일+),Q3,0.0,-0.013289532474213876,0.04009269680545833
37415104,Active(<30일),Q4_고가,,-0.020346634855825496,-0.03530951936253596
37584000,Active(<30일),Q3,0.0,0.018196588094846478,-0.0029312386110936783
38270720,관심필요(30~89일),Q2,0.0,-0.01618642953195054,0.032112865194149076
38588096,Active(<30일),Q4_고가,1.0,0.00965112561886916,0.0009435283609037226
38593664,이탈위험(90일+),Q4_고가,,-0.013829373411590837,0.03084159690429699
38808960,Active(<30일),Q4_고가,0.0,0.01204518197413651,0.013440952335461609
38842368,Active(<30일),Q2,0.0,0.03727032510499617,0.02836252751271995
38859072,이탈위험(90일+),Q1_저가,0.0,-0.003565495388973966,0.03018354509248547
38862784,Active(<30일),Q3,0.0,0.032028713186987634,0.0681752354264421
38866496,관심필요(30~89일),Q1_저가,,-0.0076928192385204985,0.048653988052685046
38903616,이탈위험(90일+),Q3,0.0,-0.01218071332988424,0.13629284672524872
38918464,Active(<30일),Q3,1.0,0.013476508140440102,-0.004307140885412952
38933312,Active(<30일),Q3,0.0,0.03972806443911614,0.024386939524090656
38955584,Active(<30일),Q4_고가,0.0,0.05623127274286288,-0.01075378086748302
38959296,Active(<30일),Q2,0.0,0.004658843188125705,-0.048790854937455386
38968576,이탈위험(90일+),Q2,0.0,-0.007386684499274071,-0.03152123919471711
39053952,Active(<30일),Q4_고가,,0.05253812034235383,0.06751936095059985
39284096,이탈위험(90일+),Q3,0.0,-0.01218373208101084,0.03168094802568204
39287808,관심필요(30~89일),Q4_고가,0.0,-0.013140854338741084,0.042008330219822754
39376896,이탈위험(90일+),Q4_고가,0.0,-0.02169549662066103,0.029892130970146022
39382464,Active(<30일),Q4_고가,0.0,0.011307182683449435,0.007232935406307428
39547648,관심필요(30~89일),Q1_저가,,-0.009224372497231417,0.04273696613804018
39640448,Active(<30일),Q3,,0.010046815961229805,-0.012044367415371793
39653440,Active(<30일),Q2,0.0,0.025164027665416144,-0.010416885533032327
39820480,Active(<30일),Q2,1.0,0.032737092887176966,0.04119340647291947
39955968,관심필요(30~89일),Q3,0.0,0.0007932818423845855,0.062461803313806574
40124864,Active(<30일),Q4_고가,0.0,-0.0108811919727331,0.028689457603844365
40822720,이탈위험(90일+),Q2,0.0,-0.012534576167221957,0.03110709450918664
40898816,관심필요(30~89일),Q1_저가,0.0,-0.006121810544892636,0.05820988777574278
40969344,이탈위험(90일+),Q2,0.0,-0.012288670405008272,0.013227086119343742
41104832,Active(<30일),Q4_고가,0.0,0.014831988009939123,0.008200480330885718
41307136,Active(<30일),Q1_저가,0.0,0.002346174100751122,0.07562251330890424
41396224,이탈위험(90일+),Q1_저가,0.0,-0.01141303244658532,0.04039011319304593
41600384,Active(<30일),Q4_고가,0.0,0.018529988946558773,-0.017080550292063124
41739584,이탈위험(90일+),Q2,1.0,-0.018407279471584687,0.005512707491129337
41754432,Active(<30일),Q4_고가,1.0,0.014509598909900223,0.0018594270749365815
42058816,Active(<30일),Q4_고가,0.0,0.02666108970797476,0.06648891952477831
42097792,이탈위험(90일+),Q3,0.0,-0.00593432947165011,0.03542909706757992
42140480,Active(<30일),Q4_고가,0.0,0.014554643592048278,-0.010655796935861717
42307520,Active(<30일),Q2,0.0,0.032386476693982647,0.021230510463104646
42402176,Active(<30일),Q3,0.0,0.018212479276162985,0.0596251499891417
42474560,Active(<30일),Q3,,0.01418627831027408,-0.022561859508535842
42955264,Active(<30일),Q4_고가,0.0,0.027577197212800386,0.12490673976699729
43343168,Active(<30일),Q1_저가,1.0,0.03122669730347097,0.07317484773296928
43426688,Active(<30일),Q3,0.0,0.01111579626132797,-0.018375955606114047
43872128,Active(<30일),Q2,0.0,-0.01674862562576529,-0.01855262811617686
43924096,관심필요(30~89일),Q4_고가,0.0,-0.0030911932109339846,0.036559447342066675
44076288,Active(<30일),Q4_고가,0.0,-0.0027623223071618908,0.008056873460654201
44486464,Active(<30일),Q2,1.0,0.020860284643714033,-0.05563678048736631
44620096,Active(<30일),Q2,0.0,0.059273011158452515,-0.004669981386548783
44666496,Active(<30일),Q1_저가,0.0,-0.007624857910209476,0.02021775700615805
44844672,관심필요(30~89일),Q4_고가,0.0,0.006469603943183855,-0.04366201802715258
45022848,Active(<30일),Q4_고가,0.0,0.0894272363559615,-0.007150587055520907
45364352,관심필요(30~89일),Q4_고가,0.0,0.008343288681518846,0.025996803169742955
45520256,Active(<30일),Q4_고가,0.0,0.07664574540256808,-0.010961413509209428
45932288,Active(<30일),Q3,1.0,0.014762221029524292,-0.01116034806059163
46038080,이탈위험(90일+),Q4_고가,0.0,-0.015382027856495312,0.029493345119262188
46056640,이탈위험(90일+),Q3,0.0,-0.013233451028211822,0.04796318635358418
46348032,Active(<30일),Q3,0.0,0.029186911183317732,0.10875175994450825
46487232,Active(<30일),Q2,0.0,0.023631916722898327,0.03029754325091938
46568896,Active(<30일),Q3,0.0,0.01823677649150579,-0.008002906694516976
46752640,이탈위험(90일+),Q4_고가,0.0,-0.013972676624873344,0.025757320296416114
46995776,관심필요(30~89일),Q3,0.0,-0.030452382750122464,-0.03462418299689701
47663936,이탈위험(90일+),Q2,1.0,-0.012161737171814381,0.022724990213435076
48088960,관심필요(30~89일),Q1_저가,0.0,-0.008913275849526295,0.044415855835512844
48183616,이탈위험(90일+),Q1_저가,0.0,-0.009094070123383854,0.02800930898178053
48296832,Active(<30일),Q4_고가,0.0,0.021408362631159195,0.011826843144639554
48398912,이탈위험(90일+),Q4_고가,0.0,-0.0070847994446641485,0.04530436857114674
48590080,이탈위험(90일+),Q2,0.0,-0.004514945364472271,0.027620486462174104
48638336,Active(<30일),Q4_고가,0.0,0.005772056353607002,-0.03724101135551128
48859200,관심필요(30~89일),Q4_고가,0.0,0.03728203562512236,0.07264146783746322
49035520,이탈위험(90일+),Q3,0.0,-0.01106089057427348,0.003054500304101787
49083776,Active(<30일),Q4_고가,0.0,0.02496371706999534,0.049094434256412134
49178432,Active(<30일),Q3,0.0,0.12357291876938625,0.07009237507975419
49742656,이탈위험(90일+),Q1_저가,0.0,-0.010678634320447182,0.030336718056991813
50290176,이탈위험(90일+),Q1_저가,0.0,-0.010543410253346645,0.027117660006886923
50650240,Active(<30일),Q4_고가,1.0,0.016181563887024436,0.053991259831466853
50776448,Active(<30일),Q4_고가,,0.021584342198366357,-0.011045722150259785
50793152,Active(<30일),Q4_고가,0.0,0.017477807987333227,0.06259475438972828
50798720,Active(<30일),Q4_고가,0.0,0.039496817236561954,0.04450306777643054
51142080,Active(<30일),Q3,0.0,0.04817152074042563,0.02165487305213143
51182912,이탈위험(90일+),Q1_저가,,0.013175554008573648,0.05901074886180958
51184768,이탈위험(90일+),Q2,0.0,0.012590327306470209,0.05068661151601856
51203328,이탈위험(90일+),Q1_저가,0.0,0.013541601467768824,0.05402670699018767
51207040,이탈위험(90일+),Q3,0.0,0.011835023177305073,0.05888446716990377
51574528,관심필요(30~89일),Q1_저가,0.0,-0.017811925684545815,-0.007007273160853145
51897472,Active(<30일),Q3,0.0,0.019653679072584557,0.054519166034542016
51927168,이탈위험(90일+),Q3,0.0,-0.01182147685973594,0.034313205133565755
52420864,Active(<30일),Q4_고가,,0.014043347709556231,-0.01577985691747541
52450560,관심필요(30~89일),Q2,,0.004396509057425002,-0.03570441315618861
52480256,이탈위험(90일+),Q3,1.0,-0.013528862392855473,0.04399551622522472
52515520,Active(<30일),Q2,0.0,0.028454822668613322,-0.025159648817505542
52519232,Active(<30일),Q4_고가,1.0,0.021362497844331974,0.027469260477497537
52534080,관심필요(30~89일),Q3,0.0,-0.014474637721898623,0.027457160110964177
52558208,Active(<30일),Q3,1.0,0.02281695355606561,0.010232579117722018
52606464,관심필요(30~89일),Q1_저가,0.0,-0.02370571557735357,-0.05101416952353066
52767936,Active(<30일),Q4_고가,,0.021498429817966236,0.008257978448917291
52777216,이탈위험(90일+),Q1_저가,0.0,-0.005094740167569688,0.039702172807440234
52792064,Active(<30일),Q2,,0.016691771103756414,0.006805231494611541
52821760,관심필요(30~89일),Q4_고가,0.0,-0.005268070297295702,0.1330640695456493
52879296,관심필요(30~89일),Q3,0.0,-0.020773832062590647,0.02027875143708313
52886720,Active(<30일),Q3,1.0,0.03726487242202137,0.040890576841210446
52903424,Active(<30일),Q4_고가,0.0,0.007890277277161295,-0.0491698873009887
52931264,Active(<30일),Q4_고가,0.0,0.027241383800224228,0.038560613911607255
52953536,Active(<30일),Q3,0.0,0.029910834525813335,0.042109799498000644
53105728,Active(<30일),Q4_고가,1.0,0.011652692449843016,-0.011997748383321905
53157696,이탈위험(90일+),Q2,1.0,-0.012700747703177896,0.02163569316156383
53165120,Active(<30일),Q3,1.0,-0.010109978594508684,-0.09989104394737269
53345152,Active(<30일),Q4_고가,,0.025568482508694257,0.08096351019638781
53361856,이탈위험(90일+),Q4_고가,0.0,-0.018871425996073554,0.0939778130562485
53365568,이탈위험(90일+),Q4_고가,0.0,-0.007662285791509821,0.02780721478413553
53367424,Active(<30일),Q4_고가,0.0,0.01566978330002078,0.003920043170689835
53372992,이탈위험(90일+),Q4_고가,1.0,-0.007040489514248474,0.039211960231139986
53382272,Active(<30일),Q2,0.0,0.027890644927687447,0.0761670886815542
53384128,Active(<30일),Q4_고가,0.0,0.11665173718657451,0.0476666676666645
53432384,Active(<30일),Q4_고가,0.0,0.017525723108463342,-0.013661471041922502
53465792,이탈위험(90일+),Q3,0.0,-0.04699737235448276,-0.028226911141333716
53543744,Active(<30일),Q3,0.0,0.0271268350623195,0.03621154438463958
53766464,관심필요(30~89일),Q3,,-0.022598026786510017,0.004362654872733102
53844416,Active(<30일),Q4_고가,0.0,0.009115238800495917,0.001980519322997143
53848128,Active(<30일),Q3,,0.08103103522122101,-0.12729550869231337
53874112,Active(<30일),Q3,1.0,0.0737575220756066,-0.02831967329796492
53905664,Active(<30일),Q4_고가,0.0,0.021907826174896727,0.04226960879162517
53942784,관심필요(30~89일),Q3,0.0,0.005911223996777182,-0.05128048596808921
54067136,관심필요(30~89일),Q4_고가,1.0,-0.022729481481026964,0.0002421873486256887
54078272,Active(<30일),Q2,0.0,0.03782399117296109,0.020506006873432403
54109824,Active(<30일),Q4_고가,0.0,0.020388561490717105,0.0381152326238825
54119104,이탈위험(90일+),Q2,1.0,-0.008138755292644767,0.0394873292373798
54256448,이탈위험(90일+),Q3,0.0,-0.03685195701259092,0.017051832226449237
54416064,Active(<30일),Q3,1.0,0.02537010744309731,0.04203504338953534
54603520,Active(<30일),Q4_고가,0.0,-0.02852560124019443,-0.030694591845138786
54605376,Active(<30일),Q2,0.0,0.007857087583645339,-0.05039466181885788
54612800,이탈위험(90일+),Q4_고가,0.0,-0.01450094748463819,0.02971891580111362
54616512,Active(<30일),Q2,0.0,0.013163945066483329,0.005680028565697048
54623936,Active(<30일),Q2,0.0,0.008049577663574947,-0.02918715257582627
54907904,이탈위험(90일+),Q3,0.0,-0.028231202131260485,0.009727847530625916
54911616,Active(<30일),Q2,,0.024422597516564948,-0.028515328541014462
54954304,이탈위험(90일+),Q4_고가,0.0,-0.014551769798666535,0.02318711610015327
55204864,Active(<30일),Q1_저가,0.0,0.12031234541370539,0.012098038332888694
55455424,관심필요(30~89일),Q2,1.0,0.11368928034729359,-0.04084023434404016
55535232,Active(<30일),Q2,0.0,-0.000996008318565833,-0.019895259495313677
55548224,관심필요(30~89일),Q1_저가,0.0,0.04650956416274832,0.05288720651421544
55557504,Active(<30일),Q1_저가,0.0,0.025544998556657095,0.007694820847071515
55835904,Active(<30일),Q3,0.0,0.016204346843269324,-0.00761301363332495
55947264,관심필요(30~89일),Q4_고가,0.0,0.0009770672368135946,0.03989894166008123
55988096,관심필요(30~89일),Q1_저가,1.0,0.02701770039343407,0.06321666718785399
56470656,이탈위험(90일+),Q3,0.0,-0.013190080107354778,0.035190203514181964
56507776,Active(<30일),Q3,0.0,0.01661597500563128,-0.005096830209048442
56511488,이탈위험(90일+),Q1_저가,0.0,-0.01087883376806685,0.018814976626810434
56528192,이탈위험(90일+),Q1_저가,0.0,-0.0037006703633770746,0.03492904186813765
56530048,Active(<30일),Q4_고가,,0.012781334912364273,-0.03966761733715485
56567168,Active(<30일),Q4_고가,0.0,0.038116360100595825,0.03845529980442597
56570880,Active(<30일),Q3,1.0,0.03619307168967445,-0.0057574176407199085
56576448,Active(<30일),Q3,0.0,0.018767438829142558,0.04510561063594154
56646976,Active(<30일),Q3,,0.032310891456207025,0.05635292222943811
56648832,Active(<30일),Q4_고가,,0.015184631553186945,0.06100591372594255
56674816,이탈위험(90일+),Q1_저가,0.0,-0.01245325445592281,0.02773726047923926
56747200,Active(<30일),Q4_고가,1.0,0.027000216696436707,0.05508318541692281
57105408,이탈위험(90일+),Q1_저가,0.0,-0.01132913453083547,0.04857699430685851
57209344,관심필요(30~89일),Q3,0.0,-0.0005463498955176477,0.06550058609686503
57250176,이탈위험(90일+),Q3,0.0,-0.008788719711737725,-0.02785801698700832
57272448,Active(<30일),Q3,0.0,0.04917803632230511,0.1031678110306008
57331840,Active(<30일),Q4_고가,1.0,0.01642932171098732,-0.0011554606079299257
57359680,Active(<30일),Q2,0.0,-0.005464551641396614,-0.022643322794776016
57424640,Active(<30일),Q4_고가,0.0,-0.011024387776910893,0.010935204644418023
57471040,Active(<30일),Q1_저가,0.0,-0.004424765420736332,0.0366160498922285
57727168,관심필요(30~89일),Q1_저가,,-0.01583001939547657,0.03128919263786528
57797696,이탈위험(90일+),Q4_고가,0.0,-0.014390245959971862,0.0295336510023005
58037120,관심필요(30~89일),Q4_고가,0.0,0.008561280513608605,0.13385010805106168
58068672,관심필요(30~89일),Q2,,0.006435913682373229,0.005161668657088114
58074240,Active(<30일),Q3,1.0,0.016373721566855792,0.026486384950868747
58122496,Active(<30일),Q1_저가,0.0,-0.003922855005691214,0.047431760757771474
58480704,Active(<30일),Q3,0.0,-0.016347147186516336,-0.028714822178614513
58484416,Active(<30일),Q4_고가,0.0,0.012396871595623082,-0.0018387562116592981
58491840,관심필요(30~89일),Q4_고가,0.0,-0.0047312651544778594,-0.01886282017166635
58545664,관심필요(30~89일),Q1_저가,1.0,-0.019312569133855484,0.023040291987329736
58560512,Active(<30일),Q4_고가,0.0,0.025970783307138867,0.08380464896610895
58805504,관심필요(30~89일),Q1_저가,1.0,-0.013988144016474996,0.019922396317336902
59011520,Active(<30일),Q2,0.0,0.013684728630317444,0.024700471728460793
59046784,이탈위험(90일+),Q2,,-0.02829439704952133,-0.03928545027064889
59083904,관심필요(30~89일),Q1_저가,,-0.007363889497145268,0.04971937056048929
59516352,Active(<30일),Q3,,-0.007242134926160881,0.012935828866504018
59709376,이탈위험(90일+),Q3,0.0,-0.01996382869865257,0.00021008754235979366
59727936,Active(<30일),Q1_저가,0.0,-0.008227675816527169,-0.0034785837339371684
59755776,Active(<30일),Q3,1.0,0.05764854042393264,-0.061324388433841026
59759488,Active(<30일),Q2,,0.010086276213951417,0.010542445041890836
59774336,Active(<30일),Q4_고가,0.0,0.008305054704868087,-0.04607032833619551
60210496,이탈위험(90일+),Q1_저가,0.0,-0.011337739946862574,0.036675286369145965
60275456,이탈위험(90일+),Q1_저가,0.0,-0.017158697121882935,0.016280583312879834
60277312,Active(<30일),Q4_고가,0.0,0.014021676606759459,0.007544368833918846
60312576,Active(<30일),Q4_고가,0.0,0.017757061529651286,0.014851291301182123
60314432,Active(<30일),Q4_고가,0.0,0.013177886726254417,0.0022142814967123226
60654080,Active(<30일),Q2,0.0,0.03955468472606316,0.013728483954977055
60802560,관심필요(30~89일),Q3,0.0,-0.010295254896220074,0.054394405712828026
60895360,Active(<30일),Q3,1.0,0.004090836766160788,0.06684857411863725
60912064,Active(<30일),Q3,0.0,0.03222443211426251,-0.010631983650468024
60926912,이탈위험(90일+),Q2,0.0,-0.029572416729758105,-0.028592127120755484
60956608,이탈위험(90일+),Q4_고가,0.0,-0.014167694391784245,0.018743944641531618
61197888,Active(<30일),Q4_고가,0.0,0.023659607727555376,0.14926971033093028
61201600,관심필요(30~89일),Q4_고가,0.0,-0.017577296037055934,0.02406935548212398
61203456,Active(<30일),Q3,0.0,-0.020904444734502425,-0.09572182271524016
61216448,이탈위험(90일+),Q3,0.0,-0.024907866533054546,-0.039026114097688414
61220160,이탈위험(90일+),Q1_저가,0.0,-0.012441857820749781,0.04931949310760481
61223872,Active(<30일),Q4_고가,1.0,0.011389611597562799,0.015221694657438833
61424320,Active(<30일),Q1_저가,0.0,0.05270091267995658,-0.04357190978119374
61426176,Active(<30일),Q1_저가,0.0,0.045592260273521035,0.019232917475553113
61441024,이탈위험(90일+),Q1_저가,,-0.010323524708351205,0.024750988880873584
61442880,Active(<30일),Q4_고가,1.0,0.06407449028451284,0.01339151643069364
61452160,관심필요(30~89일),Q3,,-0.018613862540209275,-0.014290209658251174
61541248,이탈위험(90일+),Q4_고가,0.0,-0.013272139949300321,0.015863575945896824
61546816,Active(<30일),Q3,1.0,0.004179363610591458,-0.009825472143503905
61548672,Active(<30일),Q3,,0.012464262182605768,-0.002561795497455277
61652608,Active(<30일),Q1_저가,,0.03929189554328871,0.055630382745307294
61713856,이탈위험(90일+),Q3,0.0,-0.013265011825649355,0.03731664996004355
61750976,Active(<30일),Q4_고가,0.0,0.00786228951384138,-0.05405552923761636
61763968,Active(<30일),Q1_저가,1.0,0.023918300627455147,-0.012876853346251105
61867904,Active(<30일),Q1_저가,0.0,0.03148746058445573,-0.012786674361070394
62012672,관심필요(30~89일),Q4_고가,0.0,0.001974107919647583,0.13415353707871147
62261376,Active(<30일),Q4_고가,0.0,0.014861737285333576,0.00568191587224065
62326336,관심필요(30~89일),Q2,,-0.002580243034780827,0.002675768916420962
62341184,Active(<30일),Q4_고가,0.0,0.019536421230049617,0.0008086742648562018
62343040,Active(<30일),Q3,0.0,0.024111064123235715,0.03052865849302311
62361600,Active(<30일),Q1_저가,0.0,0.030794352974753247,0.11168656305583854
62426560,이탈위험(90일+),Q1_저가,0.0,-0.01738107206739413,0.0371398495726573
62615872,Active(<30일),Q1_저가,0.0,0.02758796559669313,-0.02208155597225442
62686400,관심필요(30~89일),Q4_고가,0.0,-0.0002498160679589856,-0.0044266277590755965
62688256,이탈위험(90일+),Q4_고가,0.0,-0.008979900774897576,0.03506912784472524
62704960,Active(<30일),Q1_저가,0.0,0.02261299648506443,-0.05581927485207561
62716096,Active(<30일),Q4_고가,,0.03476741504284653,0.02573111533176764
62743936,Active(<30일),Q4_고가,0.0,0.011909150853535944,0.018979915236721934
63308160,Active(<30일),Q4_고가,1.0,0.013976924267060653,-0.008780428462018208
63553152,Active(<30일),Q3,0.0,0.017747884432413596,0.055935553067530175
63655232,관심필요(30~89일),Q3,0.0,0.00469109313614724,-0.025549641716704763
63722048,Active(<30일),Q2,,0.0233280085770583,0.020613240478357442
63723904,이탈위험(90일+),Q1_저가,0.0,-0.010871487397129925,0.03412902626219227
63796288,관심필요(30~89일),Q3,1.0,-0.008701046484401495,0.040760984909680636
63967040,Active(<30일),Q2,0.0,0.03784400680357669,0.015169446054610791
64004160,이탈위험(90일+),Q3,0.0,-0.006557205370660291,0.02419835647409571
64295552,Active(<30일),Q2,1.0,-0.005981803870852953,0.04170011434707824
64306688,Active(<30일),Q4_고가,,0.009261669064947742,0.024962438627969874
64330816,관심필요(30~89일),Q2,0.0,-0.012632146524047011,0.005007459629965516
64460736,Active(<30일),Q2,0.0,0.04027774938507889,-0.029924708332123573
64483008,이탈위험(90일+),Q1_저가,0.0,-0.024037223197196797,0.011257038053500104
64586944,Active(<30일),Q2,0.0,0.01858191778178947,-0.06435304338595438
64679744,Active(<30일),Q2,0.0,0.0312129774811013,-0.007948457958785737
64859776,관심필요(30~89일),Q1_저가,0.0,-0.009328979457098513,0.04401019846465322
64861632,Active(<30일),Q4_고가,0.0,0.03280958228881059,0.12208839478565114
64921024,Active(<30일),Q3,0.0,0.02054096384407389,0.021110531678559363
64972992,이탈위험(90일+),Q4_고가,0.0,-0.013767309305726741,0.034601670550824075
65036096,이탈위험(90일+),Q4_고가,0.0,-0.014124884970020984,0.023848971443742803
65130752,이탈위험(90일+),Q4_고가,,-0.015356312753863302,0.013420150162223837
65290368,이탈위험(90일+),Q1_저가,0.0,-0.010497168878288235,0.03717667665040725
65511232,Active(<30일),Q3,0.0,0.02929196605674833,0.040767303515578335
65514944,Active(<30일),Q3,0.0,0.02166523139956944,0.0194600160488132
65527936,관심필요(30~89일),Q4_고가,0.0,-0.015150892102355484,0.0015881507714359533
65548352,Active(<30일),Q3,0.0,0.01953098804019776,-0.057003330170661615
65639296,관심필요(30~89일),Q4_고가,0.0,0.0553842793634729,0.034088777751520194
65650432,이탈위험(90일+),Q2,0.0,-0.011607198762464084,0.02030203653711761
65873152,Active(<30일),Q4_고가,0.0,-0.011775961837427601,0.018771433068000554
65888000,Active(<30일),Q3,0.0,0.046297317453174,0.032311385719642094
65900992,이탈위험(90일+),Q2,0.0,-0.017199428522631607,0.011137742688117375
66053184,Active(<30일),Q3,0.0,-0.010225638308239665,0.013540759588466816
66201664,Active(<30일),Q3,1.0,0.02382287964640617,0.008369019262331912
66205376,관심필요(30~89일),Q4_고가,0.0,-0.002542610707747084,0.1663382808961711
66285184,Active(<30일),Q3,0.0,-0.019779908579144023,-0.1453723526235451
66472640,Active(<30일),Q3,0.0,0.04158052872580065,0.10492854822670572
66474496,Active(<30일),Q4_고가,0.0,0.011929082386755718,0.003934003534669994
66478208,Active(<30일),Q4_고가,1.0,0.014195078466802014,0.1005754991094373
66485632,Active(<30일),Q3,0.0,0.020904777752426607,0.08122170651546623
66810432,Active(<30일),Q1_저가,0.0,-0.01641607229110864,-0.05328689685171634
67105536,Active(<30일),Q4_고가,0.0,0.02837574939163645,0.051851295607456604
67109248,Active(<30일),Q2,0.0,0.022098417828453454,0.006909308573030293
67185344,이탈위험(90일+),Q2,1.0,-0.019289814297173316,0.014733230354119844
67189056,Active(<30일),Q2,1.0,0.03822356838486485,-0.013341626021184383
67302272,Active(<30일),Q1_저가,0.0,0.018334173537546294,-0.10309423268473628
67367232,이탈위험(90일+),Q1_저가,1.0,-0.01232176745856299,0.04455585903903975
67448896,Active(<30일),Q4_고가,,0.011170352163908048,-0.016062227404558205
67556544,이탈위험(90일+),Q3,0.0,-0.004389730161840674,0.05906403104002869
67563968,이탈위험(90일+),Q3,0.0,-0.005756361481269581,0.047406950943766624
67601088,이탈위험(90일+),Q2,0.0,-0.011849082051787224,0.018400426352231505
67602944,Active(<30일),Q3,0.0,0.018828693631787186,0.040499749845312794
67634496,이탈위험(90일+),Q4_고가,0.0,-0.01564369832178098,0.0003423362645824657
67705024,Active(<30일),Q3,,0.02030022246633112,0.019630745242394387
67821952,Active(<30일),Q3,,0.019786721773779714,-0.11762292492601933
67987136,Active(<30일),Q4_고가,0.0,0.01383491804780812,-0.004609604958174085
68027968,관심필요(30~89일),Q4_고가,1.0,-0.005234224884962613,0.0004912218556909487
68200576,이탈위험(90일+),Q1_저가,0.0,-0.010448222602912623,0.025604185699953277
68276672,Active(<30일),Q4_고가,0.0,0.050661541726674364,-0.006888435352159883
68310080,이탈위험(90일+),Q4_고가,0.0,-0.038660498936492815,0.02702960279600755
68452992,관심필요(30~89일),Q4_고가,1.0,-0.0004874591016637564,-0.03373425552189163
68506816,Active(<30일),Q2,,0.01801269750643264,0.008592000773961272
68891008,Active(<30일),Q1_저가,0.0,0.041555311225702884,0.08881128184767917
68976384,Active(<30일),Q4_고가,0.0,0.02570713217216125,0.00210375199896784
69199104,이탈위험(90일+),Q4_고가,0.0,-0.02129653408956697,0.025524896564374636
69319744,이탈위험(90일+),Q4_고가,0.0,-0.021639822986785462,0.003931521722724374
69403264,Active(<30일),Q4_고가,1.0,0.021400826210355772,0.038445789509883754
69455232,관심필요(30~89일),Q1_저가,0.0,-0.011989056894779082,0.027955927880891726
69501632,이탈위험(90일+),Q3,1.0,-0.020578643465996374,-0.0012754556892904945
69503488,이탈위험(90일+),Q2,0.0,-0.010701610940437867,0.15007362404290403
69642688,관심필요(30~89일),Q2,,-0.023104271971891216,-0.0008785039841783249
69731776,관심필요(30~89일),Q2,,-0.014925855176968872,-0.024090454536949885
69750336,관심필요(30~89일),Q1_저가,,-0.013014705275688737,0.025492139219584653
69785600,Active(<30일),Q3,1.0,0.030370056874247764,0.15573888776093336
69804160,Active(<30일),Q3,0.0,0.030895420325394718,0.044138451740564744
69950784,Active(<30일),Q4_고가,0.0,0.017970130372281568,0.10177157353702204
70284864,이탈위험(90일+),Q4_고가,,-0.021465148937592007,0.019898648577964695
70305280,이탈위험(90일+),Q3,0.0,-0.013335602432697838,0.03384658620194298
70698752,Active(<30일),Q3,,0.013195197186074203,0.02018195741586326
70960448,이탈위험(90일+),Q4_고가,0.0,-0.015238871607715372,-0.011068320028245246
70988288,Active(<30일),Q1_저가,0.0,0.03668869830353372,-0.14626327973078868
71056960,관심필요(30~89일),Q3,0.0,-0.028676624706557297,-0.033904667870160166
71092224,이탈위험(90일+),Q3,0.0,-0.03149226087732307,-0.040073199731936154
71355776,이탈위험(90일+),Q1_저가,0.0,-0.015469421291824478,-0.0031569487695827236
71465280,Active(<30일),Q4_고가,0.0,0.04698573681613538,0.12179489501992347
71489408,관심필요(30~89일),Q3,0.0,0.0005670210356922833,0.10366816013300661
71678720,Active(<30일),Q3,0.0,0.046339123059343845,-0.05579233360538849
71767808,이탈위험(90일+),Q3,0.0,-0.006240569358334586,-0.016798893657510666
71901440,Active(<30일),Q3,0.0,0.019025917040451867,0.010679385328297153
72131584,Active(<30일),Q4_고가,0.0,0.015705640237173024,-0.017270105245314138
72168704,Active(<30일),Q2,0.0,-0.0009480039565165077,-0.031710845536426224
72202112,이탈위험(90일+),Q3,0.0,-0.012738649339234298,0.028288855701302767
72454528,Active(<30일),Q4_고가,,0.04603739207793811,-0.04541141202740773
72796032,Active(<30일),Q4_고가,0.0,0.0056287649055143385,-0.04960103047127351
72805312,Active(<30일),Q3,0.0,0.02064446005984366,-0.009169080954641973
73217344,Active(<30일),Q3,0.0,0.02125997814705971,0.03784539573844725
73222912,Active(<30일),Q4_고가,0.0,0.009607187394951922,0.023458014929218174
73260032,관심필요(30~89일),Q3,0.0,0.008714235330732734,-0.05259327649467066
73265600,Active(<30일),Q4_고가,0.0,0.017542700542528655,0.005864786939645206
73545856,Active(<30일),Q4_고가,0.0,0.026231223384546087,0.04084827603621588
73551424,Active(<30일),Q3,,0.014823526153392552,-0.002835642392361004
73553280,관심필요(30~89일),Q1_저가,0.0,-0.019592424523034002,-0.08554068740806303
73885504,관심필요(30~89일),Q1_저가,,-0.007210674681199472,0.052731012430110996
74137920,관심필요(30~89일),Q1_저가,0.0,-0.007566990710966878,0.03666454386130187
74147200,이탈위험(90일+),Q1_저가,,-0.0027908344793380335,-0.024458857727335498
74169472,관심필요(30~89일),Q4_고가,0.0,0.01103708432335948,-0.047891145236432786
74175040,Active(<30일),Q4_고가,0.0,-0.017575713176073537,-0.07158254773826572
74188032,Active(<30일),Q4_고가,0.0,-0.010015143494830667,0.022523473133932242
74201024,이탈위험(90일+),Q1_저가,1.0,-0.024707303485685367,-0.015404907765255604
74425600,관심필요(30~89일),Q2,0.0,-0.008436403983266477,0.07017862179013568
74470144,이탈위험(90일+),Q4_고가,0.0,-0.013549279144765836,0.03981393801412115
74562944,Active(<30일),Q2,0.0,0.026307236868528427,-0.07707198998949932
74566656,Active(<30일),Q1_저가,0.0,0.009039407194415122,0.06341994749602825
74824640,이탈위험(90일+),Q4_고가,0.0,-0.007097267923877271,0.06923526691107583
75381440,관심필요(30~89일),Q4_고가,0.0,0.0029926309974056264,-0.07593366638372068
75403712,Active(<30일),Q2,0.0,0.0026141322165191827,-0.03144961397344537
75438976,Active(<30일),Q4_고가,0.0,0.05776853279004124,0.13240929647043087
75596736,Active(<30일),Q1_저가,0.0,-0.0017700213058370884,0.07422898338314715
75730368,Active(<30일),Q4_고가,,0.033671977083252314,0.04675953774932695
76160960,Active(<30일),Q1_저가,0.0,-0.01273455567144971,0.005180938520411432
76498752,Active(<30일),Q3,0.0,0.0250622746966207,0.020775640668302175
76541440,Active(<30일),Q2,0.0,0.03459056510450165,0.027784693319056086
76545152,Active(<30일),Q4_고가,0.0,0.02992114549630387,0.05394983260106312
76554432,관심필요(30~89일),Q2,0.0,0.01832572842979452,-0.00582996610878328
77062976,Active(<30일),Q2,0.0,-0.01637823568526664,-0.0018536494198618803
77760832,Active(<30일),Q4_고가,0.0,0.013644603257128463,0.026274451500014506
77881472,Active(<30일),Q4_고가,0.0,0.025105201068762684,0.004172114541149519
77901888,Active(<30일),Q3,0.0,0.03040310894918441,0.15699718423376308
78319488,관심필요(30~89일),Q1_저가,,-0.011361944289471779,0.012963575431311311
78516224,이탈위험(90일+),Q3,0.0,0.03945038341355955,-0.037117884458805095
78785344,이탈위험(90일+),Q3,0.0,-0.013638386752951863,0.03322674571302889
78872576,Active(<30일),Q2,0.0,0.023213078593495196,0.029482340013124664
78956096,Active(<30일),Q2,0.0,0.001419693360465546,-0.048726679146425034
79401536,이탈위험(90일+),Q4_고가,0.0,-0.012272322181533818,0.04689379808723576
79436800,Active(<30일),Q3,0.0,0.015207261957387752,-0.010286041302853821
79451648,Active(<30일),Q2,1.0,0.023540018633283033,0.014292351819293114
79473920,Active(<30일),Q3,0.0,0.04345059174204502,0.05564830758947459
79561152,관심필요(30~89일),Q4_고가,0.0,-0.0002713025742024644,-0.0043646981021330244
79761600,이탈위험(90일+),Q4_고가,0.0,0.00866727970136836,0.045891863399718465
80080832,Active(<30일),Q4_고가,0.0,0.03270971439625381,0.13922607785886976
80136512,이탈위험(90일+),Q4_고가,0.0,-0.021447555923744144,0.009472273522571975
80810240,Active(<30일),Q2,0.0,-0.01023330027366326,-0.009679886017005146
81101632,이탈위험(90일+),Q1_저가,0.0,0.010437851195078215,0.0563746033873366
81376320,Active(<30일),Q4_고가,,0.030876449425954355,0.02437641037016125
81704832,Active(<30일),Q4_고가,0.0,-0.005834357832022352,-0.05470847828975267
82202240,Active(<30일),Q2,0.0,0.046204789483834774,-0.030937649944895007
82426816,Active(<30일),Q3,0.0,0.033838334777160806,0.1180160021136254
82428672,Active(<30일),Q3,0.0,-0.012528816727689157,0.002679800342423655
82430528,Active(<30일),Q1_저가,0.0,0.0010827226863649037,0.07737092400494058
82707072,이탈위험(90일+),Q1_저가,0.0,-0.03525666129226518,-0.0379601875750811
82805440,Active(<30일),Q1_저가,1.0,0.03001930289445731,-0.013984681284939793
83100544,이탈위험(90일+),Q1_저가,0.0,-0.012336069339581722,0.03867153979437139
83560832,이탈위험(90일+),Q2,1.0,-0.011259340313645533,0.011096546323262832
83562688,이탈위험(90일+),Q2,0.0,-0.028952626153867428,-0.012834233248362303
83573824,이탈위험(90일+),Q1_저가,0.0,-0.010713035856655569,0.056558014913068146
83642496,이탈위험(90일+),Q4_고가,0.0,-0.00723685633330011,0.041929870669912384
83670336,Active(<30일),Q4_고가,0.0,-0.002747968335837958,0.002658865142085076
83865216,이탈위험(90일+),Q1_저가,,-0.017018414176102323,0.01286287774609017
83904192,Active(<30일),Q1_저가,0.0,-0.002720002808370106,0.06308825079531666
84128768,Active(<30일),Q4_고가,1.0,0.0253576715833711,0.02571453743151042
84332928,이탈위험(90일+),Q1_저가,0.0,-0.011114102758295517,0.04443314952953355
84360768,관심필요(30~89일),Q4_고가,0.0,-0.016515709856648964,-0.003408754888569343
84702272,관심필요(30~89일),Q1_저가,1.0,-0.022715469149186596,-0.03732907166443172
85093888,관심필요(30~89일),Q3,,-0.022081374862073483,0.004970876431498794
85095744,이탈위험(90일+),Q4_고가,,-0.014726170301548408,-0.00016125015994568337
85127296,Active(<30일),Q2,0.0,0.022321059017264333,0.008471312733883463
85413120,Active(<30일),Q3,0.0,0.05057827178304097,0.1123807032073385
85582016,Active(<30일),Q4_고가,0.0,0.019159303681779538,0.04371128678865488
85849280,Active(<30일),Q3,0.0,0.0068724646670483835,-0.08732899370267738
86803264,관심필요(30~89일),Q3,1.0,0.022182047300292926,0.06719418271959932
86929472,관심필요(30~89일),Q4_고가,0.0,-0.013490083202533143,0.013724066736797255
86935040,Active(<30일),Q2,0.0,0.024479886142577234,-0.006975355819875073
86938752,Active(<30일),Q3,1.0,0.015609669606965526,0.033543434983488774
86940608,Active(<30일),Q3,0.0,0.0491106208599873,0.11273799521605987
86953600,이탈위험(90일+),Q2,1.0,-0.012999570530453128,0.014970206381454854
86968448,Active(<30일),Q4_고가,,0.010299756426480955,-0.0017318162174290164
86981440,관심필요(30~89일),Q2,,0.02642500754891522,0.034422545928712106
86983296,Active(<30일),Q4_고가,0.0,0.004560581870453051,-0.04921363558478864
86985152,관심필요(30~89일),Q4_고가,0.0,0.0036417811870277372,0.07390402164260501
86990720,Active(<30일),Q2,,0.03255478250925903,0.008441563157876475
87025984,이탈위험(90일+),Q1_저가,0.0,-0.01005632171425929,0.037239721280021204
87476992,관심필요(30~89일),Q2,0.0,-0.018046290921678754,-0.000922837610210836
87536384,이탈위험(90일+),Q4_고가,0.0,-0.013812397471872934,0.03874362747659991
87586496,Active(<30일),Q3,0.0,0.047815030274818926,0.0051683828061104276
87592064,Active(<30일),Q4_고가,0.0,0.014648273155249192,-0.00730437426922137
87619904,이탈위험(90일+),Q3,0.0,-0.036803709398860546,-0.007045654315918082
88191552,Active(<30일),Q2,0.0,0.026093180458243492,0.005341280420478101
88759488,Active(<30일),Q3,0.0,0.024957816015841905,0.03513915497034126
88772480,Active(<30일),Q3,1.0,0.030981442689720973,0.05305875844040886
88831872,Active(<30일),Q2,0.0,0.027208808072305968,-0.041847846327333627
89023040,Active(<30일),Q4_고가,0.0,0.024536760162860105,0.05812811553495012
89420224,이탈위험(90일+),Q4_고가,0.0,-0.014102452108038045,0.03319998871525117
89518592,Active(<30일),Q4_고가,0.0,0.028849902838483432,0.05131300335358058
89529728,Active(<30일),Q2,0.0,0.022465208396566627,-0.049993229634589076
89537152,Active(<30일),Q3,0.0,0.01697317283405264,0.009317650015940204
89579840,Active(<30일),Q2,0.0,0.003660368127508362,0.013722501660746289
89886080,관심필요(30~89일),Q2,0.0,-0.009009567137790109,0.039057723269701694
89913920,Active(<30일),Q3,1.0,0.030512294967849463,0.05916253299274177
90233152,관심필요(30~89일),Q3,0.0,0.00993872533684248,-0.09986573475008792
90288832,이탈위험(90일+),Q1_저가,,-0.01036434316255231,0.034464054439906994
90492992,이탈위험(90일+),Q4_고가,,-0.02021951155020918,0.015968899014192517
90903168,이탈위험(90일+),Q1_저가,0.0,-0.022861951964550445,0.004601533880927322
90910592,Active(<30일),Q4_고가,0.0,0.026921556223966303,0.01629166938069454
90916160,Active(<30일),Q3,0.0,0.030363040813347952,0.03032059082708538
91287360,Active(<30일),Q3,,0.0005131656851548316,0.011948770546095028
91409856,관심필요(30~89일),Q1_저가,0.0,-0.01953691068213559,-0.09946166283492253
91420992,이탈위험(90일+),Q1_저가,0.0,-0.011222226936701822,0.029848825494188366
91422848,이탈위험(90일+),Q4_고가,0.0,-0.012643704265512333,0.024801315570697147
91430272,이탈위험(90일+),Q4_고가,,-0.005585560152229323,0.038276663657733356
91992640,Active(<30일),Q3,0.0,0.07986561941005066,0.06943444944423705
92014912,Active(<30일),Q2,0.0,0.028271808196557613,0.013370830040677184
92018624,Active(<30일),Q2,1.0,-0.00801537641441652,-0.007625001297786871
92350848,Active(<30일),Q1_저가,0.0,0.04497390134885637,-0.0013311739412272816
92369408,Active(<30일),Q3,,0.0356708751662238,0.05923634924565169
92371264,Active(<30일),Q3,0.0,0.03203685271765078,0.045943474583888255
92430656,Active(<30일),Q1_저가,0.0,0.01204479440119921,-0.01240573356514374
92514176,Active(<30일),Q4_고가,0.0,0.037978934152367194,0.0649800848770774
92731328,Active(<30일),Q3,0.0,0.03632973880490159,-0.07177587897146481
92835264,이탈위험(90일+),Q3,,-0.013241332551298085,0.03679099673410349
93013440,이탈위험(90일+),Q2,0.0,-0.02867331303375481,-0.022011336867250264
93044992,Active(<30일),Q2,1.0,0.023995338748714068,0.012491302307121255
93098816,Active(<30일),Q2,0.0,0.06972009505800736,-0.015202809580880605
93284416,이탈위험(90일+),Q4_고가,0.0,-0.014944745868385442,0.0006231003539420021
93390208,이탈위험(90일+),Q2,0.0,-0.012810345359085665,0.011267597093013157
93731712,Active(<30일),Q3,,0.017524383016835787,-0.036603808159145323
93971136,Active(<30일),Q3,0.0,0.02475834555403078,0.02141514924825616
94050944,이탈위험(90일+),Q4_고가,1.0,-0.014228941112546044,0.011052809970501024
94060224,Active(<30일),Q3,0.0,0.01746934988490423,0.05480633656532474
94214272,이탈위험(90일+),Q2,0.0,-0.01290666868257432,0.024664880379841214
94266240,Active(<30일),Q3,0.0,0.017828951065091414,-0.013263028314807523
94271808,이탈위험(90일+),Q3,0.0,-0.0070412586803165755,0.15135962132987307
94754368,Active(<30일),Q2,0.0,-0.0059217471792552545,-0.07408390856233066
94971520,관심필요(30~89일),Q4_고가,0.0,-0.011534256845161434,0.053897107831713295
94997504,이탈위험(90일+),Q3,1.0,-0.00618669166346783,0.008416731766813484
95001216,관심필요(30~89일),Q4_고가,,-0.0038264889309710393,-0.017444599990079634
95114432,이탈위험(90일+),Q1_저가,0.0,0.013193440049825797,0.05493265998716289
95118144,이탈위험(90일+),Q4_고가,1.0,0.027014470074189126,0.0618478209456341
95947776,이탈위험(90일+),Q2,,-0.012880792524256869,0.05195327949122301
96155648,Active(<30일),Q4_고가,,0.007915848027290506,0.06263034597001738
96200192,관심필요(30~89일),Q1_저가,0.0,0.0043697687137491115,0.03854464902187456
96207616,관심필요(30~89일),Q3,,-0.016837889214165805,0.030879739041530505
96315264,관심필요(30~89일),Q4_고가,,0.007906205158124235,0.023811787816318875
96679040,Active(<30일),Q3,0.0,0.02729748658463854,0.03853773183589193
96719872,이탈위험(90일+),Q4_고가,0.0,-0.008298453310375542,0.031087520997954032
96847936,이탈위험(90일+),Q1_저가,0.0,-0.02464801943620265,0.006850498048764392
97096640,Active(<30일),Q3,0.0,0.03706926854560855,0.027807068978644156
97120768,관심필요(30~89일),Q2,0.0,-0.021884029708849506,-0.008518715024713602
97128192,이탈위험(90일+),Q4_고가,1.0,-0.014433019807973319,0.011300046758432492
97130048,Active(<30일),Q3,0.0,0.026837911215861987,0.010938295919426855
97135616,Active(<30일),Q2,,0.012868130180068493,0.00593172147425991
97141184,Active(<30일),Q2,0.0,0.02861512642151487,-0.012955695415864388
97219136,Active(<30일),Q4_고가,0.0,0.013554832915480264,0.013685839045831816
97532800,Active(<30일),Q3,0.0,0.021083897715940547,-0.08597116515378861
97553216,Active(<30일),Q3,0.0,-0.013271658345721637,-0.0015981492630545158
98169408,관심필요(30~89일),Q2,1.0,0.00772191227043853,-0.02368909332540431
98204672,관심필요(30~89일),Q2,0.0,0.01465332280499776,-0.028516536553002236
98223232,관심필요(30~89일),Q4_고가,0.0,-0.004338101439864683,0.014749612632397158
98258496,Active(<30일),Q3,0.0,0.018173768083939335,0.0008082170660930199
98262208,Active(<30일),Q2,0.0,0.03757185003448793,-0.05402045530195698
99062144,이탈위험(90일+),Q1_저가,0.0,-0.011812901409613913,0.030112887864805787
99257024,Active(<30일),Q1_저가,0.0,0.015274892664797313,-0.0530670337716147
99268160,이탈위험(90일+),Q1_저가,0.0,-0.011852942198375092,0.022600878921505335
99661632,Active(<30일),Q2,1.0,0.00741744713606729,-0.023585323845708772
99763712,Active(<30일),Q3,1.0,0.009570342429228607,-0.003461609714181857
99912192,Active(<30일),Q2,1.0,0.06073724678397929,0.1028308894248896
99995712,Active(<30일),Q4_고가,0.0,0.02331087803192944,0.002835827504491628
100134912,Active(<30일),Q1_저가,0.0,0.01722651182238316,-0.0036084290758297
100224000,Active(<30일),Q4_고가,0.0,0.019469774031678933,0.0054173831674066975
100225856,이탈위험(90일+),Q2,0.0,-0.012852698309534262,0.032641663912835184
100548800,Active(<30일),Q4_고가,0.0,0.03805621566493583,0.0716044166441297
100856896,Active(<30일),Q1_저가,0.0,-0.00610537284041783,0.0390973958067443
100932992,Active(<30일),Q2,0.0,0.027422756118422598,-0.08561151646574383
100955264,관심필요(30~89일),Q4_고가,0.0,-0.030819243308106564,-0.0158998667324661
101035072,관심필요(30~89일),Q4_고가,0.0,0.001536961599982123,-0.008285390094951717
101300480,Active(<30일),Q3,0.0,0.00016999212930346452,-0.08564245672586712
101319040,Active(<30일),Q3,0.0,0.022306893494176694,0.04027004146263702
101554752,관심필요(30~89일),Q2,0.0,-0.01439325574203798,0.0015908871853060058
101760768,Active(<30일),Q3,,0.03702253274583378,0.040044565966535495
101946368,이탈위험(90일+),Q1_저가,0.0,-0.011313365229841929,0.035506733344623675
102178368,관심필요(30~89일),Q4_고가,0.0,-0.028732259650749298,-0.025493534040998217
102328704,Active(<30일),Q4_고가,0.0,0.10929109439772527,0.07082526683052176
102560704,Active(<30일),Q1_저가,,0.03381705121232592,-0.023661851873928552
102911488,이탈위험(90일+),Q1_저가,,-0.010865132967197808,0.01994259893290365
103013568,Active(<30일),Q1_저가,1.0,-0.005811485128791205,0.01937697483202508
103700288,Active(<30일),Q4_고가,0.0,0.01881311844581457,0.041089310848855365
103705856,이탈위험(90일+),Q1_저가,0.0,-0.017041770558443664,0.0013868969625436822
104303488,이탈위험(90일+),Q2,1.0,-0.018170109387928,0.004211001101582887
104353600,Active(<30일),Q3,1.0,0.049056198693186226,0.014122771092141329
104355456,Active(<30일),Q4_고가,0.0,-0.009724673120669158,0.002722110440177977
104663552,Active(<30일),Q3,0.0,0.02414377497470699,0.014277531825589329
104678400,Active(<30일),Q4_고가,0.0,0.044404686565482576,0.041811394994616946
104683968,Active(<30일),Q2,0.0,0.00817466346722684,-0.04668790866882644
104735936,Active(<30일),Q4_고가,1.0,0.022253812486801028,0.07002865304103878
104754496,Active(<30일),Q4_고가,0.0,0.03150038420347634,0.07318050711106672
104800896,Active(<30일),Q2,1.0,0.03634216493726261,0.025582807138566088
104871424,이탈위험(90일+),Q1_저가,0.0,-0.011903718254626154,0.030788174403333285
105060736,이탈위험(90일+),Q3,0.0,-0.006644249031946166,0.051899477376156786
105071872,Active(<30일),Q4_고가,0.0,0.017863561879613354,-0.008408916127922272
105634240,Active(<30일),Q1_저가,,0.030988454965029555,0.0819456198986186
105756736,관심필요(30~89일),Q4_고가,0.0,-0.031123764412958166,-0.01930978962566532
105758592,이탈위험(90일+),Q1_저가,0.0,-0.008938535186957912,0.0276233390616068
105895936,Active(<30일),Q1_저가,0.0,0.06401074608081248,0.08935027109701563
106174336,Active(<30일),Q2,1.0,0.058263599635593466,0.000404077411983339
106220736,이탈위험(90일+),Q2,1.0,-0.036473110219836014,0.0044698588034291775
106256000,이탈위험(90일+),Q4_고가,0.0,-0.010717045156313887,0.1752065060466123
106437888,이탈위험(90일+),Q3,0.0,-0.012471277562730025,0.038279526969012406
106757120,이탈위험(90일+),Q3,0.0,-0.012185820649832438,0.043187120143600516
106760832,관심필요(30~89일),Q1_저가,0.0,-0.008866107065284554,0.029124612293270832
106829504,Active(<30일),Q4_고가,1.0,-0.021810440360346073,-0.039092046029788496
106972416,Active(<30일),Q2,0.0,0.028471743714054698,0.01579394897239539
107640576,관심필요(30~89일),Q1_저가,0.0,-0.014949768371245634,0.0375652860001119
107642432,Active(<30일),Q4_고가,1.0,0.01821450117432355,0.014758135888669144
107657280,Active(<30일),Q4_고가,0.0,-0.0029032029527024106,-0.028936447745662452
107666560,Active(<30일),Q1_저가,0.0,0.016653200014307812,-0.0050386753372120285
108013632,이탈위험(90일+),Q1_저가,1.0,-0.003079747743755065,0.02029862251272123
108143552,Active(<30일),Q2,0.0,0.00803210799356524,-0.04186304317856382
108184384,관심필요(30~89일),Q1_저가,0.0,-0.02077165389544372,-0.03585884946432738
108212224,관심필요(30~89일),Q1_저가,0.0,-0.012456523526401586,-0.13998174741732855
108280896,Active(<30일),Q1_저가,0.0,-0.007600183057821452,0.017808768486691523
108405248,Active(<30일),Q2,1.0,0.009071988773375783,-0.02425638581478573
108420096,관심필요(30~89일),Q2,0.0,-0.023293424060493256,-0.026752766445798604
108843264,Active(<30일),Q4_고가,0.0,0.019576939241587543,0.052699579011571074
108934208,Active(<30일),Q2,0.0,0.021077340468950045,0.018431213580491046
108956480,관심필요(30~89일),Q2,0.0,-0.009782119737198947,0.03697846957108927
109065984,관심필요(30~89일),Q2,,-0.009513729202953278,0.051101259705158
109309120,Active(<30일),Q3,0.0,0.016235217984209016,-0.0012983062222039488
109325824,Active(<30일),Q3,0.0,0.015981572643630426,0.024110385169452186
109472448,Active(<30일),Q1_저가,0.0,0.040292547034647685,-0.07396726288756383
109804672,이탈위험(90일+),Q1_저가,0.0,-0.010533301722480522,0.03725042097626313
110010688,Active(<30일),Q3,,0.021227321874841554,0.008953250284809755
110237120,Active(<30일),Q2,0.0,0.026036586785362914,-0.007985514584572084
110320640,이탈위험(90일+),Q2,0.0,-0.01127874797924975,0.04214843442219693
110934976,Active(<30일),Q4_고가,,0.02715257142649874,-0.009104773550916767
111098304,Active(<30일),Q3,0.0,0.0190697595240662,-0.04389620002596861
111102016,관심필요(30~89일),Q4_고가,,-0.027875103282521713,0.023726741143610786
111311744,이탈위험(90일+),Q3,0.0,-0.012627607586881022,0.04536216969597509
111350720,이탈위험(90일+),Q4_고가,0.0,-0.007270711037578925,0.03148442788652141
111391552,Active(<30일),Q4_고가,,0.02200604526131633,0.007838350380931947
111649536,관심필요(30~89일),Q1_저가,0.0,-0.010587700538133474,0.029733318095327976
111731200,Active(<30일),Q2,0.0,0.08145913603953092,0.04278897289458944
111824000,이탈위험(90일+),Q4_고가,,-0.014554834546906259,0.007833359907616466
111920512,관심필요(30~89일),Q3,0.0,-0.016203993164015135,-0.0042894322429415654
112479168,Active(<30일),Q4_고가,0.0,0.02461830053356151,0.045949381295033453
112570112,관심필요(30~89일),Q3,0.0,0.011572139772276224,-0.04444707005885962
112648064,Active(<30일),Q4_고가,0.0,0.021992750836509534,0.03276040512259426
112698176,Active(<30일),Q4_고가,0.0,0.016272880230151943,-0.027520844115909604
112766848,이탈위험(90일+),Q1_저가,0.0,-0.0018870748779698382,0.012328588969823098
112800256,이탈위험(90일+),Q3,,-0.032045545621324056,-0.01861430353848212
114053056,이탈위험(90일+),Q4_고가,,-0.014959518593856774,0.014720377514305646
114225664,관심필요(30~89일),Q1_저가,,0.031473881410920834,0.056426138972830595
114298048,Active(<30일),Q4_고가,,0.015258982815981925,-0.008936493440590443
114303616,Active(<30일),Q3,0.0,0.010623908174925423,-0.018696974493919827
114311040,이탈위험(90일+),Q2,0.0,-0.012722203085871069,0.013422200038867668
114429824,이탈위험(90일+),Q1_저가,0.0,-0.004690227780852749,0.029220720646676773
114476224,이탈위험(90일+),Q1_저가,,-0.018263995717505352,0.003067701856122082
114658112,Active(<30일),Q4_고가,0.0,0.01933570736192569,0.0015600277828197173
114878976,Active(<30일),Q2,0.0,0.03062988352840046,0.035651455012464583
115001472,Active(<30일),Q2,0.0,0.03892309393593529,0.002598795450598157
115008896,Active(<30일),Q3,0.0,0.01693070140127495,-0.011361039005677864
115031168,Active(<30일),Q4_고가,0.0,0.030128714751581298,0.08080276549179866
115437632,관심필요(30~89일),Q4_고가,,-0.021513326172781122,0.006852555784421094
115561984,관심필요(30~89일),Q2,,0.006789760432876268,0.17843809435576802
115630656,Active(<30일),Q2,0.0,0.027175026117783774,-0.00995715898563121
115886784,Active(<30일),Q1_저가,0.0,-0.007916459408839449,-0.0142775417639317
115920192,Active(<30일),Q4_고가,0.0,0.07678447824752821,-0.015807462546464146
116029696,Active(<30일),Q2,,0.019033015852219726,-0.04220925140372722
116120640,Active(<30일),Q3,0.0,0.025342685195187897,0.011037484828907318
116261696,Active(<30일),Q2,,0.020283176978522666,0.022093404248210047
116389760,Active(<30일),Q3,1.0,0.014032170515729248,-0.00042561502767402004
116434304,이탈위험(90일+),Q3,0.0,-0.020924986467504986,0.00284549226616701
116573504,Active(<30일),Q1_저가,1.0,0.014642172963388211,-0.0022165475138654633
116588352,관심필요(30~89일),Q4_고가,0.0,-0.007525934952126445,-0.060810641540027355
116950272,관심필요(30~89일),Q3,1.0,-0.0306113682349739,-0.13263322101905717
116974400,Active(<30일),Q3,0.0,0.017954754412814466,0.03242793870025251
117004096,Active(<30일),Q3,0.0,0.03616451851805669,0.052403366565139886
117069056,이탈위험(90일+),Q3,0.0,-0.012761636864192759,0.006341031824045995
117098752,Active(<30일),Q3,,0.12402937966050187,0.13414061284032908
117109888,이탈위험(90일+),Q2,1.0,-0.045405731844990305,-0.04686152442149971
117226816,Active(<30일),Q4_고가,0.0,0.02503759792817295,0.004679736093837095
117239808,Active(<30일),Q2,,0.03031162481394445,0.0028102298628102096
117562752,이탈위험(90일+),Q2,0.0,-0.02460317191980592,-0.02635483998363844
117564608,이탈위험(90일+),Q2,1.0,-0.013173155451619178,0.02740778284873846
117679680,Active(<30일),Q2,1.0,0.01219469549216401,0.0025710923220476634
118034176,관심필요(30~89일),Q4_고가,0.0,0.008424806986882583,-0.04847473616023229
118245760,이탈위험(90일+),Q2,,-0.007992060987532662,-0.013083218898215204
118540864,관심필요(30~89일),Q3,,-0.03327596299235769,-0.015249537307913452
118659648,이탈위험(90일+),Q2,0.0,-0.012669445017479311,0.02780429793930793
118717184,이탈위험(90일+),Q4_고가,0.0,-0.023591135511971797,0.0010661146717292624
118761728,관심필요(30~89일),Q2,0.0,0.01391523574956599,0.025195822068646345
118789568,Active(<30일),Q1_저가,,-0.006234897474261786,0.01668561781004177
118828544,이탈위험(90일+),Q4_고가,0.0,-0.01360081588946542,0.0008737124775426153
119027136,관심필요(30~89일),Q3,0.0,-0.026589155979586165,-0.11497003261297867
119312960,관심필요(30~89일),Q3,0.0,-0.011456799056139083,0.049522946116535585
119550528,Active(<30일),Q4_고가,1.0,0.019277451030645487,-0.007471131276662546
119866048,Active(<30일),Q2,,0.029522953625485515,-0.020126309539217624
119936576,Active(<30일),Q3,0.0,0.039380774718301925,0.011330360441580312
120020096,이탈위험(90일+),Q2,1.0,-0.026256764283727294,-0.017153474423503123
120159296,Active(<30일),Q4_고가,0.0,0.018318164274160553,0.05776703711826359
120294784,Active(<30일),Q1_저가,0.0,0.020207927948514393,-0.03496333610077043
120428416,이탈위험(90일+),Q1_저가,0.0,-0.01104983153197616,0.03212123621332956
120615872,Active(<30일),Q1_저가,0.0,0.02936869621050886,0.004146152761974942
120617728,관심필요(30~89일),Q4_고가,,0.001374950728837504,0.049717257921422064
120849728,Active(<30일),Q4_고가,0.0,0.009818774776807482,-0.011476231457606123
120859008,이탈위험(90일+),Q4_고가,0.0,-0.02694373968761582,-0.020802106573702323
120875712,Active(<30일),Q2,0.0,0.01664044544459517,0.042749024811384706
120979648,이탈위험(90일+),Q4_고가,,-0.015631442339766773,0.014291441224863172
121133696,Active(<30일),Q2,0.0,0.03476641191550767,0.0432712279407389
121423232,Active(<30일),Q3,,0.04932179100006284,0.029815751662489176
121480768,Active(<30일),Q4_고가,0.0,0.012120387595690119,0.022796896918220844
121482624,Active(<30일),Q4_고가,0.0,0.01763291703006442,-0.0039295632668061575
121549440,Active(<30일),Q2,0.0,0.059387505518212924,0.04939017120702249
122408768,관심필요(30~89일),Q1_저가,,-0.026854492992953616,-0.007648740156845302
122457024,Active(<30일),Q1_저가,0.0,0.002373524319078779,-0.07333279696741468
122564672,이탈위험(90일+),Q2,0.0,-0.01240025930715459,0.02031662728880944
123069504,Active(<30일),Q3,0.0,0.027150682127442982,0.06845076381460802
123643008,Active(<30일),Q4_고가,1.0,0.0011633450442887494,0.05140418729550458
123958528,관심필요(30~89일),Q2,0.0,-0.024982141556961907,0.029302160323483872
123965952,Active(<30일),Q1_저가,0.0,0.029068628916185224,-0.0961276563366169
124236928,관심필요(30~89일),Q1_저가,0.0,-0.012214873893464595,0.031675348102835565
124387264,관심필요(30~89일),Q3,,0.011392607768959673,-0.058935309513729606
124390976,Active(<30일),Q1_저가,0.0,0.008733982470321755,-0.028648874725288542
124431808,Active(<30일),Q3,,0.02251003321639955,0.026848258933146574
124515328,Active(<30일),Q2,0.0,0.03825392697860813,-0.01981859511762668
124522752,관심필요(30~89일),Q2,,-0.021896237788093437,-0.008199534302592043
124615552,Active(<30일),Q2,0.0,0.026634080434659535,-0.024601056274531352
124632256,Active(<30일),Q2,0.0,0.01423709558997499,-0.0021799663482999776
124908800,Active(<30일),Q4_고가,0.0,0.011126019147828625,-0.005610468782852984
124996032,Active(<30일),Q2,1.0,0.008641758180878867,-0.13749225350536332
125025728,Active(<30일),Q2,,0.03369223209242034,0.009866376263315657
125159360,Active(<30일),Q3,0.0,0.0049657953863441184,-0.08528374855187826
125263296,관심필요(30~89일),Q1_저가,,-0.019436915219169293,0.0320513746879644
125281856,이탈위험(90일+),Q2,0.0,-0.012559316266201138,0.023418171867516963
125287424,Active(<30일),Q4_고가,0.0,0.0057291583281517955,-0.03626434645677257
125354240,이탈위험(90일+),Q3,0.0,-0.01369160921831012,0.028289089671553136
125363520,Active(<30일),Q4_고가,0.0,0.01261608985067697,-0.025243593106857865
125617792,이탈위험(90일+),Q4_고가,0.0,-0.013536105543643137,0.02715930485939866
125708736,Active(<30일),Q1_저가,0.0,0.008528090008431077,0.06747723573206688
125718016,이탈위험(90일+),Q3,,-0.02066636055302777,0.006208857501362547
125732864,Active(<30일),Q3,,0.030934330255031672,0.04077668438203952
125788544,이탈위험(90일+),Q1_저가,0.0,-0.008145770143194168,0.02184388200321287
126000128,Active(<30일),Q3,,-0.015873205986495886,-0.049004254223826094
126252544,Active(<30일),Q1_저가,,0.04233826682512254,-0.028423775352812652
126311936,관심필요(30~89일),Q1_저가,,-0.006942312165134384,0.04118476845111335
126458560,이탈위험(90일+),Q1_저가,1.0,-0.010118737716133183,0.03367359818138353
126573632,관심필요(30~89일),Q3,0.0,-0.035821787716652786,-0.014526874366667497
126659008,이탈위험(90일+),Q1_저가,0.0,-0.011985564431625607,0.037733466600853145
127043200,관심필요(30~89일),Q3,,0.011928213887223316,0.12835449013850042
127080320,관심필요(30~89일),Q1_저가,0.0,0.007303284470338817,0.017044304299174
127091456,Active(<30일),Q3,,0.01751140436355425,-0.0100093245149534
127104448,관심필요(30~89일),Q4_고가,0.0,-0.025449812393997906,-0.044165181367431694
127141568,Active(<30일),Q4_고가,0.0,0.03310802887855613,0.06193800306591135
127200960,이탈위험(90일+),Q2,0.0,-0.011979197822403129,0.03577601069838453
127277056,Active(<30일),Q3,0.0,0.029979127520376125,0.01344386998354452
127280768,관심필요(30~89일),Q4_고가,0.0,0.00712073808360647,0.004032367597832043
127282624,Active(<30일),Q3,0.0,0.014533621787082118,-0.12887739913024793
127438528,Active(<30일),Q2,0.0,0.03147323601936247,0.03933617824542257
127529472,이탈위험(90일+),Q3,0.0,-0.013431170777768078,0.04052561486251605
127544320,Active(<30일),Q1_저가,,0.025898647094462213,-0.1382072324079303
127559168,Active(<30일),Q1_저가,,0.025617296546956547,-0.05028507007213712
127637120,관심필요(30~89일),Q1_저가,0.0,-0.016157488692199462,0.01768449887534798
127668672,Active(<30일),Q4_고가,0.0,0.04765436760474734,0.06981453467155735
127676096,Active(<30일),Q3,1.0,0.020625903839814885,0.007302039870880961
127692800,관심필요(30~89일),Q1_저가,0.0,-0.018830250749616584,0.027334044136781144
127833856,Active(<30일),Q3,1.0,0.020504765257922275,-0.004049872913479219
128208768,관심필요(30~89일),Q1_저가,0.0,-0.008722583539223241,0.04102729402348172
128297856,Active(<30일),Q2,,-0.00244698508509561,-0.1434636111608999
128520576,Active(<30일),Q4_고가,0.0,0.012308154863663212,-0.009279141239838418
128897344,Active(<30일),Q2,1.0,0.007666902952383814,-0.09015804652373716
129240704,이탈위험(90일+),Q4_고가,0.0,-0.021802276560505818,0.005531332376204193
129719552,관심필요(30~89일),Q3,0.0,0.009602052789569326,-0.07666677792633458
130168704,관심필요(30~89일),Q3,0.0,0.006323492021819699,-0.049585647153105206
130177984,Active(<30일),Q3,1.0,0.009889854293976819,-0.011827345043047721
130315328,이탈위험(90일+),Q1_저가,,-0.010964239834402915,0.027560170141033846
130452672,Active(<30일),Q1_저가,0.0,0.04490343007790576,-0.04998964287059515
130493504,Active(<30일),Q3,,0.078725166510061,0.04339950631449618
130523200,관심필요(30~89일),Q4_고가,0.0,-0.012063892674827409,0.050007334327819064
130614144,Active(<30일),Q4_고가,0.0,0.027566935324797814,0.052348158974591
130634560,Active(<30일),Q1_저가,0.0,0.02948860445753712,0.044013692940173654
130684672,이탈위험(90일+),Q3,0.0,-0.012397220813740152,0.033242829887277545
130712512,Active(<30일),Q2,0.0,0.015478460235211156,0.016321647248108362
130725504,이탈위험(90일+),Q2,,-0.02435069232612988,-0.0017755296732808457
130805312,이탈위험(90일+),Q4_고가,0.0,-0.010925576045028848,0.05214207223793796
131245184,이탈위험(90일+),Q2,0.0,-0.020509090040490757,0.016152106645685768
131250752,관심필요(30~89일),Q4_고가,0.0,0.0013381077815779463,0.06515954072283203
131280448,Active(<30일),Q4_고가,0.0,-0.021966933068286565,-0.010791576529924296
131544000,이탈위험(90일+),Q1_저가,0.0,-0.010760802586254989,0.042243073582736886
131616384,Active(<30일),Q4_고가,0.0,0.04238473187971775,-0.03428492435724734
131831680,Active(<30일),Q2,0.0,-0.0032411102368973266,-0.009006911416833963
132830208,이탈위험(90일+),Q3,0.0,-0.03159976118657182,0.012722022791921361
133095616,관심필요(30~89일),Q3,,0.01205709749818018,0.056753602718064955
133372160,Active(<30일),Q1_저가,0.0,0.01677714120216478,-0.030971516831819312
133583744,관심필요(30~89일),Q1_저가,0.0,-0.018039547708448428,0.017461263734010968
133593024,이탈위험(90일+),Q2,0.0,0.021029203027234517,0.03289901816130668
133834304,Active(<30일),Q4_고가,,0.015098876454575305,0.0019695609407354153
133888128,관심필요(30~89일),Q2,,0.013759623630194562,0.09937255902352993
133917824,이탈위험(90일+),Q4_고가,,-0.014921984936324136,0.014592581822117173
134602688,Active(<30일),Q2,1.0,-0.010506333356179426,-0.013519315004777654
134871808,이탈위험(90일+),Q2,0.0,-0.012855725981292525,0.023314294878327993
135113088,Active(<30일),Q3,0.0,0.03894116452848595,0.01312311495298557
135181760,이탈위험(90일+),Q2,0.0,-0.02039448820027795,0.027340803495372143
135220736,Active(<30일),Q1_저가,0.0,-0.0074707245962328805,0.01892639777288227
135281984,관심필요(30~89일),Q2,,-0.028900733103485343,-0.08896100699257675
135883328,Active(<30일),Q2,0.0,0.02216838740673699,-0.01610969908123594
135900032,이탈위험(90일+),Q1_저가,0.0,-0.010883267418526854,0.03952121514576308
136644288,Active(<30일),Q2,0.0,0.006914860006956514,-0.08587282106076621
136933824,Active(<30일),Q3,,0.0393851692346856,0.03529126706509744
137061888,Active(<30일),Q2,,0.004392899503922076,-0.09537955515003305
137112000,Active(<30일),Q3,,0.016936887208033546,-0.07449790234335851
137449792,관심필요(30~89일),Q4_고가,0.0,-0.01546327084350195,0.012164636507879995
137557440,이탈위험(90일+),Q1_저가,0.0,-0.021332195345060576,-0.002533047697829041
137650240,이탈위험(90일+),Q4_고가,0.0,-0.020494597494065916,0.012324655757083858
137795008,Active(<30일),Q3,0.0,0.01765795231132361,0.008417795626172175
137815424,Active(<30일),Q1_저가,0.0,0.0258150000953975,-0.03527193951354324
138001024,이탈위험(90일+),Q4_고가,0.0,-0.028730960665642943,0.01407174492853773
138064128,이탈위험(90일+),Q3,1.0,-0.008943526610238256,-0.04857431210586255
138314688,Active(<30일),Q3,,0.024365503770889196,0.043530283583658735
138316544,관심필요(30~89일),Q1_저가,0.0,-0.0019103975015150043,0.06013587977831249
138351808,Active(<30일),Q3,1.0,0.01580649160684089,0.002482890232861079
138474304,Active(<30일),Q3,1.0,0.044923133104306734,0.0253008299928541
138585664,이탈위험(90일+),Q4_고가,0.0,-0.014666594816950478,0.023525872350807678
138689600,Active(<30일),Q4_고가,0.0,0.008366080424826672,-0.027631758359010883
138708160,Active(<30일),Q3,0.0,0.03660118187789119,0.059396439305231974
138910464,이탈위험(90일+),Q3,0.0,-0.03621159149552533,0.003753230872621194
139172160,관심필요(30~89일),Q1_저가,1.0,-0.009955832082714389,0.0376184688972029
139359616,이탈위험(90일+),Q1_저가,0.0,-0.02461850870016144,0.019328166525900012
139574912,Active(<30일),Q3,0.0,0.0341798598413533,-0.007061792118183252
139754944,이탈위험(90일+),Q3,0.0,-0.0025488623182465114,0.04592149019839585
139775360,관심필요(30~89일),Q3,0.0,-0.032055011834897285,-0.008598389295110503
140189248,이탈위험(90일+),Q1_저가,0.0,-0.012069108968514104,0.04241296958240962
140220800,관심필요(30~89일),Q2,0.0,0.003742803441734277,-0.022034446309344646
140233792,Active(<30일),Q3,0.0,0.01753439941325985,0.027418236214141856
140326592,Active(<30일),Q4_고가,0.0,0.03264026021190636,0.05949622425547718
140445376,이탈위험(90일+),Q4_고가,,-0.03942985858243489,-0.007599214697751516
140512192,이탈위험(90일+),Q4_고가,0.0,-0.01801621023290137,0.07301408409529142
141000320,관심필요(30~89일),Q2,0.0,-0.023998090550334833,0.012213942663477001
141020736,이탈위험(90일+),Q4_고가,0.0,-0.015914426357402298,0.03877242492933755
141072704,이탈위험(90일+),Q2,0.0,-0.029666211111828406,-0.014237209187417083
141165504,이탈위험(90일+),Q4_고가,0.0,-0.015213360176445812,0.028750377988589815
141412352,Active(<30일),Q3,0.0,0.032607118245302935,0.04641495543002705
141508864,이탈위험(90일+),Q4_고가,,-0.0063792426355286785,0.05530139105443095
141529280,관심필요(30~89일),Q1_저가,,-0.017879356759560705,0.0025825147591997666
142160320,이탈위험(90일+),Q3,0.0,-0.0315906240725852,-0.02357215740789101
142216000,이탈위험(90일+),Q3,,-0.03345685480785335,-0.01061541573040417
142303232,관심필요(30~89일),Q4_고가,0.0,-0.01042973412867415,0.04333243718980612
142544512,Active(<30일),Q2,0.0,0.026018536143713522,0.002574610571759006
142852608,이탈위험(90일+),Q4_고가,1.0,-0.016197178803992796,0.04978985467003261
143077184,이탈위험(90일+),Q1_저가,1.0,-0.029971129528581136,-0.002405345431409439
143131008,이탈위험(90일+),Q4_고가,0.0,-0.021728665996441757,-0.010679325138454043
143168128,Active(<30일),Q3,0.0,0.02998213630007418,0.03544961392139123
143231232,Active(<30일),Q2,0.0,0.01823736388938524,0.014599289295978535
143296192,Active(<30일),Q4_고가,1.0,-0.01633532988095887,-0.005462014394824077
143429824,Active(<30일),Q3,1.0,0.01509473012003626,0.0454934502639609
143613568,이탈위험(90일+),Q1_저가,0.0,-0.011965548909531436,0.02814968633319792
143802880,이탈위험(90일+),Q4_고가,0.0,-0.012519650720176023,0.013865861750626485
143810304,Active(<30일),Q4_고가,0.0,0.0030132445706394506,0.045780473398733146
144454336,이탈위험(90일+),Q4_고가,0.0,-0.027281309644213714,0.02080875655200562
144519296,관심필요(30~89일),Q1_저가,,-0.015321892837066087,0.029258873290393603
145085376,Active(<30일),Q2,0.0,-0.01001777117006869,0.026672881419485095
145087232,이탈위험(90일+),Q1_저가,1.0,-0.012083214938846537,0.039856934238670344
145512256,Active(<30일),Q3,,0.011848271717334158,0.009875117918052623
145916864,이탈위험(90일+),Q4_고가,0.0,-0.02926563911707293,0.025898223766110784
146297344,Active(<30일),Q2,0.0,0.022762459966611637,0.013869135676398692
146850432,Active(<30일),Q1_저가,,-0.0056626483021180035,0.031760188580595344
146876416,관심필요(30~89일),Q3,0.0,0.013897035277906755,0.02652924855155392
147156672,관심필요(30~89일),Q1_저가,0.0,0.014215682280583397,-0.0230029465853277
147210496,이탈위험(90일+),Q3,,-0.02421685113223704,0.06830719203489688
147242048,이탈위험(90일+),Q3,0.0,-0.013472365661350814,0.039299186516784025
147355264,Active(<30일),Q1_저가,0.0,0.14554789487127962,0.015249342291168866
147371968,이탈위험(90일+),Q3,0.0,-0.01442729771454257,0.02615252935349996
147407232,이탈위험(90일+),Q3,,-0.01093285094517088,-0.027769773235049533
147516736,Active(<30일),Q2,0.0,0.00925205409457508,-0.03961544317727794
147735744,Active(<30일),Q4_고가,0.0,0.007260726594376654,-0.03997587995421392
148177472,이탈위험(90일+),Q3,0.0,-0.02010989711395883,0.08487159255364207
148424320,Active(<30일),Q4_고가,0.0,0.014405608268459158,-0.0014099006175520845
148535680,Active(<30일),Q3,0.0,0.046042311138387304,0.008916171692942232
148602496,Active(<30일),Q4_고가,,0.0420277802955803,0.0938503148392078
149168576,이탈위험(90일+),Q4_고가,0.0,-0.014206623174682027,0.032939509209431166
149239104,이탈위험(90일+),Q1_저가,0.0,-0.019182724265091877,0.025415772359855426
149270656,Active(<30일),Q4_고가,0.0,0.013618123959622586,0.056593784838604
149359744,Active(<30일),Q4_고가,0.0,0.04121416589857185,0.03202798749614044
149426560,Active(<30일),Q4_고가,0.0,0.009400457671291718,-0.017918564834947692
150029760,이탈위험(90일+),Q2,0.0,0.024366779740815636,-0.028331580439618947
150037184,관심필요(30~89일),Q1_저가,0.0,-0.014507515858081826,-0.017445981603816496
150048320,Active(<30일),Q1_저가,0.0,0.015255724913098234,0.000160960362550866
150081728,Active(<30일),Q4_고가,0.0,0.018979589732956104,0.0010257742966958139
150100288,이탈위험(90일+),Q1_저가,1.0,-0.009944975643901954,0.026970180842778593
150235776,관심필요(30~89일),Q2,0.0,-0.003322081045358749,-0.06126790955571304
150302592,이탈위험(90일+),Q1_저가,,-0.010682911052261657,0.03284070285891944
150798144,Active(<30일),Q3,,0.03890661731623224,0.11849845753675425
150881664,Active(<30일),Q2,0.0,0.027586986168874672,-0.0703984247483811
151032000,Active(<30일),Q3,0.0,0.02588922787332104,0.004010637134522543
151046848,관심필요(30~89일),Q1_저가,0.0,-0.018835680180801367,0.015966050661684578
151429184,Active(<30일),Q4_고가,0.0,0.01798737805791084,0.02378984093085712
151546112,Active(<30일),Q4_고가,0.0,0.05199213370757544,-7.040196612451144e-05
151568384,관심필요(30~89일),Q3,0.0,0.011495955775411737,0.10915512072603861
151663040,관심필요(30~89일),Q2,0.0,-0.039628856670595736,-0.08181590746579781
151689024,Active(<30일),Q2,0.0,0.023403263372421046,0.020846901243877003
151783680,Active(<30일),Q2,0.0,0.007136317817792448,-0.03655352469155837
152154880,Active(<30일),Q3,1.0,0.02806980971975359,0.03872624588507667
152184576,Active(<30일),Q4_고가,0.0,0.055431532970826036,0.12456530063701687
152282944,이탈위험(90일+),Q1_저가,,-0.008134059047004705,0.02687710051416227
152401728,이탈위험(90일+),Q2,1.0,-0.01131035337478193,0.02808739432444858
152572480,이탈위험(90일+),Q1_저가,0.0,-0.010304048174322164,0.03368051178176476
152605888,이탈위험(90일+),Q2,1.0,-0.012374332030269122,0.044174599075282345
152607744,이탈위험(90일+),Q3,0.0,-0.013224939304703115,0.04041832534502462
152739520,이탈위험(90일+),Q4_고가,0.0,-0.014226063876405917,0.040472957451904386
152746944,이탈위험(90일+),Q4_고가,0.0,-0.03867057778977126,0.03389291796242763
153242496,Active(<30일),Q4_고가,,0.007719580688244937,0.01789251164199329
153489344,관심필요(30~89일),Q4_고가,0.0,-0.005575986715131265,-0.032262285393792944
153717632,관심필요(30~89일),Q4_고가,,0.0037643951959484,0.09220240427581533
153723200,Active(<30일),Q4_고가,0.0,0.01966595652292835,-0.006478076310716396
153726912,관심필요(30~89일),Q1_저가,,-0.0255386994257788,-0.042947940703406406
153745472,Active(<30일),Q2,0.0,0.03257071654943078,0.016116510759357605
153747328,Active(<30일),Q4_고가,0.0,0.01037026074470837,-0.00038852846205439384
153877248,Active(<30일),Q4_고가,,0.015611173875541229,-0.016653662857268214
153886528,Active(<30일),Q3,0.0,0.005708705676305104,-0.051051096538588636
153888384,Active(<30일),Q2,0.0,0.03519376623533038,-0.02942814545055844
153893952,Active(<30일),Q1_저가,0.0,0.0130121836627895,-0.029816691298927223
154096256,Active(<30일),Q3,0.0,0.033254850750544906,0.02132775296263001
154215040,이탈위험(90일+),Q1_저가,,-0.006783007142706493,-0.0026072753591451503
154344960,Active(<30일),Q1_저가,0.0,0.03931916127185964,-0.05880068719986542
154396928,Active(<30일),Q2,0.0,0.056302411501325866,0.11323983804174897
154543552,이탈위험(90일+),Q2,0.0,-0.03798485989909825,0.024188320118939705
154589952,이탈위험(90일+),Q2,0.0,-0.012310684391299724,0.027797035540243403
155122624,Active(<30일),Q2,0.0,-0.01060335073264354,-0.024640626682230216
155174592,관심필요(30~89일),Q1_저가,0.0,0.0035755718615608223,0.005877225050486046
155417728,Active(<30일),Q3,0.0,0.015493437544377736,0.06415309493981425
155488256,이탈위험(90일+),Q1_저가,0.0,-0.011264468874305704,0.031136300460365127
155642304,Active(<30일),Q2,0.0,0.013375144154053775,0.013664643589204273
155646016,Active(<30일),Q4_고가,0.0,-0.016366160081093956,-0.021390784092649995
155651584,Active(<30일),Q1_저가,0.0,0.01775911701490185,-0.1043248981242888
155670144,이탈위험(90일+),Q2,0.0,-0.02459837530953919,-0.009718542720135573
155759232,Active(<30일),Q1_저가,1.0,0.0028458743116809015,0.0396182687070149
155931840,Active(<30일),Q3,1.0,0.015504412751162877,-0.002124325960013107
156741056,Active(<30일),Q2,0.0,0.02683979911745782,0.05251645541953476
156787456,Active(<30일),Q3,,0.02858470238523103,0.00012906443750604346
156813440,이탈위험(90일+),Q4_고가,0.0,-0.011425710471938216,0.0029844912366740195
156889536,관심필요(30~89일),Q1_저가,,-0.005812246824023828,0.038464643234089435
157080704,이탈위험(90일+),Q3,,-0.008324948694276135,-0.04566395615408286
157084416,관심필요(30~89일),Q2,0.0,-0.028824094168460684,-0.01766415898829707
157086272,이탈위험(90일+),Q1_저가,0.0,-0.028665625830752134,-0.004174981089892893
157158656,Active(<30일),Q4_고가,0.0,0.030206250425930836,0.0236866167377473
157372096,Active(<30일),Q4_고가,0.0,-0.019080343910830355,0.0008638474786702155
157674624,Active(<30일),Q3,0.0,0.020032842234293913,0.008320407492102166
157784128,Active(<30일),Q2,,0.019101682437933087,0.051582699009406485
157845376,Active(<30일),Q1_저가,0.0,0.03272399560040312,-0.00446562691358493
158350208,Active(<30일),Q2,0.0,0.02575251659707567,0.003990950714014452
158352064,Active(<30일),Q4_고가,0.0,0.04201925796967798,0.03536948540242846
158487552,이탈위험(90일+),Q3,0.0,-0.03403860115591259,-0.005134372986583091
158647168,관심필요(30~89일),Q4_고가,,-0.01294783115522434,0.04907747600969832
158932992,관심필요(30~89일),Q3,0.0,-0.010527731863601661,0.051172164515102786
159022080,관심필요(30~89일),Q1_저가,,0.011052805269026078,0.025335634357509074
159127872,이탈위험(90일+),Q1_저가,0.0,-0.029416376039858055,0.0018110120508695593
159131584,관심필요(30~89일),Q2,0.0,-0.015333768366689399,0.01252939160682956
159216960,Active(<30일),Q4_고가,0.0,0.02764164411456832,0.020957282927144272
159358016,이탈위험(90일+),Q1_저가,1.0,-0.010195357228792605,0.03374614055101502
159634560,Active(<30일),Q3,0.0,-0.0027935377930989602,0.07314636596599691
159918528,Active(<30일),Q1_저가,1.0,0.038274096489012976,-0.00805602403168737
159950080,이탈위험(90일+),Q3,0.0,-0.027016116457825173,0.004530983915916109
160183936,이탈위험(90일+),Q2,0.0,-0.012863699444392751,0.03821023941908191
160384384,Active(<30일),Q1_저가,,-0.008144738193667622,0.012760696917038516
160471616,Active(<30일),Q3,1.0,-0.0009299369703990035,-0.06381288839732946
160827968,Active(<30일),Q3,0.0,0.016795834496069695,-0.010733105675175048
160924480,Active(<30일),Q3,0.0,-0.020065486178103498,-0.05515543752966967
160937472,관심필요(30~89일),Q3,0.0,-0.01677203222548783,0.03249148036722789
161475712,이탈위험(90일+),Q1_저가,0.0,-0.018972648040955095,0.0373985648419073
161538816,이탈위험(90일+),Q1_저가,0.0,0.009882944343499546,0.05540172119396871
161540672,Active(<30일),Q4_고가,1.0,0.015681241667015122,0.0457153998882287
161609344,Active(<30일),Q1_저가,,0.04955928653701702,-0.057391232793745695
161689152,Active(<30일),Q2,0.0,0.041004454259856715,0.05535400491532749
162147584,관심필요(30~89일),Q1_저가,0.0,-0.00412271389601529,0.04954889656396344
162325760,Active(<30일),Q4_고가,,0.02494027854364822,0.0050811827804931875
162340608,관심필요(30~89일),Q1_저가,0.0,0.0013067388939683455,0.001961389397589497
162344320,관심필요(30~89일),Q1_저가,0.0,-0.010203897161151276,0.018151218644188075
162398144,Active(<30일),Q2,1.0,-0.0071005473231168514,0.03841016065810336
162988352,Active(<30일),Q4_고가,0.0,0.04906959068728112,-0.00368277658369065
163147968,Active(<30일),Q3,,-0.00874571907708055,0.050988062012182006
163153536,Active(<30일),Q1_저가,1.0,0.026924176702388836,0.06145664563518283
163435648,Active(<30일),Q3,0.0,0.10338237160356767,-0.08620297404611887
163461632,Active(<30일),Q3,0.0,0.016609607299673423,0.01726001868514626
163925632,Active(<30일),Q4_고가,0.0,0.009816408228770501,0.03559197523145663
163983168,이탈위험(90일+),Q1_저가,,-0.009337647764685826,0.0258828495873427
164094528,Active(<30일),Q3,0.0,0.04919859691197903,0.009655660265079802
164510272,Active(<30일),Q1_저가,,0.017117420155319252,-0.030759674334071674
164608640,관심필요(30~89일),Q4_고가,,-0.004886588406664394,0.010551473817688617
164692160,Active(<30일),Q2,,0.002871799780152118,0.0075974827378599286
164846208,이탈위험(90일+),Q2,,-0.010849612664745371,0.027107092868201274
164979840,관심필요(30~89일),Q4_고가,0.0,-0.004952519788618215,0.007807696855668955
165260096,Active(<30일),Q3,,0.0087600641218617,-0.04109869251930076
165261952,Active(<30일),Q2,0.0,0.0017735811474732799,-0.013330927401938253
165696256,이탈위험(90일+),Q4_고가,,-0.013490065414181879,0.026023593603767714
165818752,Active(<30일),Q1_저가,0.0,-0.001398892366294327,0.020252593290642024
165904128,Active(<30일),Q2,,0.036199258834543335,0.004554345577473695
166015488,관심필요(30~89일),Q2,0.0,0.01129303879658794,-0.04816282987158882
166299456,Active(<30일),Q1_저가,,0.02608570295168766,-0.019472906359592534
166316160,이탈위험(90일+),Q3,1.0,-0.013279131578349937,0.027528300100413877
166414528,Active(<30일),Q2,0.0,0.02337553229297351,-0.05339535373762888
166611264,관심필요(30~89일),Q3,0.0,-0.011053199427974447,0.07038537708196832
166770880,관심필요(30~89일),Q4_고가,0.0,0.004578154440881166,0.15088878154137697
166945344,Active(<30일),Q4_고가,0.0,0.02003542928271873,0.0014303358156546597
167075264,이탈위험(90일+),Q1_저가,0.0,-0.011735314563132232,0.01912770743599443
167429760,Active(<30일),Q3,0.0,-0.01910009895137499,-0.03220624501647357
167689600,Active(<30일),Q2,,0.030091799676434605,0.004856281882472335
167789824,관심필요(30~89일),Q3,0.0,-0.03002159232066648,-0.10854869113748755
168068224,Active(<30일),Q3,,0.029980426670463856,0.0220048677768091
168073792,Active(<30일),Q3,0.0,0.011607124239939592,0.0101627864161139
168086784,관심필요(30~89일),Q4_고가,0.0,-0.018215256118759418,0.00895234130194833
168114624,Active(<30일),Q2,1.0,-0.010681527796490953,0.029104626415017154
168344768,이탈위험(90일+),Q1_저가,,-0.011765909431953686,0.025924236060515277
168751232,Active(<30일),Q3,0.0,0.020503745818769237,0.016384298564928068
169111296,이탈위험(90일+),Q1_저가,0.0,-0.010322251882377557,0.03562665502375026
169285760,Active(<30일),Q2,,0.024972716552631002,0.015265795826960304
169653248,이탈위험(90일+),Q3,,-0.004521773010490476,-0.00251447097033608
170514432,관심필요(30~89일),Q4_고가,0.0,0.006231667622986881,0.09888695662672231
170766848,Active(<30일),Q3,0.0,0.018676449928453187,0.03880486495974944
170770560,관심필요(30~89일),Q4_고가,,-0.046890134670771355,0.03312220899931706
170807680,이탈위험(90일+),Q4_고가,0.0,-0.01555547089614983,0.006333619867289114
170859648,이탈위험(90일+),Q1_저가,0.0,-0.032868464878623854,0.019692001746431154
170963584,Active(<30일),Q2,0.0,0.018532858104721717,0.012106471734707358
171052672,이탈위험(90일+),Q2,0.0,-0.01265126339622049,0.02296072023664908
171175168,Active(<30일),Q4_고가,0.0,0.02007705918011532,-0.01208270485584062
171292096,이탈위험(90일+),Q2,0.0,-0.012819916955503226,0.02261962731939081
171550080,관심필요(30~89일),Q1_저가,1.0,-0.020791849561987485,-0.12443465782373864
171873024,이탈위험(90일+),Q4_고가,0.0,-0.014913939304658057,0.03386635119548562
172097600,Active(<30일),Q3,0.0,0.05969594099923603,0.08353523700129517
172279488,이탈위험(90일+),Q1_저가,0.0,-0.016330697255992038,-0.006507731174166156
172407552,Active(<30일),Q1_저가,0.0,-0.00020406571035115617,0.0496562539323302
172457664,Active(<30일),Q3,0.0,0.026143847966853095,0.019320065176854473
172593152,Active(<30일),Q2,,0.027011861964240935,0.043651730297221636
172619136,Active(<30일),Q1_저가,1.0,0.016625564105892277,-0.007750857142666434
172886400,Active(<30일),Q4_고가,,0.013781006971557153,0.0009161344183302722
173472896,이탈위험(90일+),Q1_저가,1.0,-0.02951171422467272,0.0018327529911327523
173712320,이탈위험(90일+),Q2,0.0,-0.01214185786467653,0.03791388982775497
173838528,Active(<30일),Q4_고가,0.0,0.03405734002430327,0.016088164437751518
173840384,Active(<30일),Q1_저가,0.0,-0.007031275418659361,0.015696257817215398
173853376,Active(<30일),Q3,0.0,0.047587485771553806,-0.03985203814309718
173877504,관심필요(30~89일),Q4_고가,,-0.01059711604792736,0.017506549107158334
174048256,관심필요(30~89일),Q4_고가,1.0,-0.03527937607845261,-0.03664124739401936
174092800,Active(<30일),Q4_고가,1.0,0.00826728485780781,-0.013970334764142611
174126208,이탈위험(90일+),Q4_고가,0.0,-0.008114691814749879,0.028824557835471776
174400896,Active(<30일),Q2,0.0,0.027306312353749917,0.023255680507769383
174410176,Active(<30일),Q3,0.0,-0.013174789679486432,-0.06673555382545104
174603200,이탈위험(90일+),Q1_저가,0.0,-0.017134698896973957,-0.002018096834249125
174684864,Active(<30일),Q2,0.0,0.0158418832236793,0.002213846140122766
174812928,이탈위험(90일+),Q4_고가,1.0,-0.008049267654948275,0.039485499055008394
174822208,Active(<30일),Q3,,-0.01539832009783082,-0.0040152697371344526
174861184,Active(<30일),Q1_저가,0.0,-0.005576850555839008,-0.003524881470396618
175481088,관심필요(30~89일),Q4_고가,0.0,-0.01052370168583755,-0.018684739010548346
175482944,관심필요(30~89일),Q1_저가,0.0,0.006036236472550027,-0.05816063409716282
175484800,이탈위험(90일+),Q3,1.0,-0.012360591680911533,0.021117471796883627
175737216,이탈위험(90일+),Q3,0.0,-0.018421586252914693,0.008925835512157893
175843008,Active(<30일),Q4_고가,0.0,0.018958898965910076,0.008008663242280667
176002624,Active(<30일),Q4_고가,0.0,0.004741282230462274,0.021188576574740825
176067584,Active(<30일),Q2,0.0,0.008287093163407144,-0.07690482492547701
176273600,이탈위험(90일+),Q3,0.0,-0.012761020113283242,0.035069835498847055
176384960,Active(<30일),Q2,0.0,0.02599645938476347,-0.006681581811029957
176518592,이탈위험(90일+),Q1_저가,0.0,-0.009879451259228261,0.039287683820319774
176689344,관심필요(30~89일),Q3,0.0,0.0023154486535859053,0.15356961128766466
176912064,Active(<30일),Q3,0.0,0.009012648065785833,0.008624114609345757
176982592,Active(<30일),Q3,0.0,0.019730435385728773,-0.051356619005474224
177064256,관심필요(30~89일),Q3,,-0.009789654504405318,0.06020535020555767
177507840,이탈위험(90일+),Q1_저가,0.0,-0.009817789501895546,0.026664502516208125
177585792,Active(<30일),Q2,0.0,0.060248184654077386,0.04278710429048255
177719424,Active(<30일),Q3,1.0,0.01945974563399877,0.02414820094242298
177767680,Active(<30일),Q2,0.0,0.01976239083811049,0.008837089564584288
177858624,Active(<30일),Q2,0.0,0.03277203809848732,0.06554504081825975
178216832,관심필요(30~89일),Q3,,-0.0017892475033117194,-0.008803139798118198
178343040,이탈위험(90일+),Q3,0.0,-0.03974824908519847,-0.018166959424779583
178387584,Active(<30일),Q4_고가,0.0,0.008431863095644032,-0.005907823044125737
178491520,Active(<30일),Q2,0.0,-0.017644738337602772,-0.1257632370344896
178667840,이탈위험(90일+),Q3,0.0,-0.02071228566541171,0.024367279989152058
178758784,관심필요(30~89일),Q3,0.0,-0.01167224329473944,0.05019490479474081
179065024,Active(<30일),Q1_저가,1.0,0.022075544788685897,-0.04995277627762251
179272896,Active(<30일),Q3,0.0,-0.016211320118924955,0.02018148598604866
179274752,관심필요(30~89일),Q4_고가,,-0.020800755411711072,0.0403364483959012
179421376,이탈위험(90일+),Q3,0.0,-0.0071843911161538765,0.012707257402619576
179514176,관심필요(30~89일),Q2,1.0,0.014430778708739878,0.0652317289468376
179610688,Active(<30일),Q3,0.0,0.025437561218259797,-0.017356810177203585
179846400,Active(<30일),Q3,0.0,0.029041258169256068,0.10397608726308893
179948480,이탈위험(90일+),Q2,0.0,-0.011792995266611664,0.01978793278733769
179980032,Active(<30일),Q4_고가,0.0,0.03822540357341353,0.03998619357660593
180019008,Active(<30일),Q4_고가,,0.03074800035087677,0.04941265136220807
180276992,관심필요(30~89일),Q4_고가,0.0,-0.02357587749524187,-0.006418842115605089
180288128,관심필요(30~89일),Q4_고가,0.0,-0.0026469407027645553,-0.02174984024598231
180483008,Active(<30일),Q4_고가,0.0,0.021492882188072215,0.014184347383123574
180492288,Active(<30일),Q1_저가,0.0,0.03675925760246579,-0.07579935818624295
180496000,Active(<30일),Q2,0.0,0.030730206310096597,0.018604648074005747
180581376,이탈위험(90일+),Q4_고가,1.0,-0.028702288224093805,0.012398974298199028
181076928,이탈위험(90일+),Q2,0.0,-0.012912791635774551,0.02617708000206055
181438848,이탈위험(90일+),Q2,0.0,-0.019837246524510063,0.017117875055531265
181585472,관심필요(30~89일),Q4_고가,0.0,-0.0039521002125716825,0.015661428012879647
181689408,Active(<30일),Q3,0.0,-0.004076687733395423,-0.05981171159797416
181702400,Active(<30일),Q4_고가,0.0,0.03142339964381169,0.03314241769836068
181850880,관심필요(30~89일),Q4_고가,0.0,-0.0067271689744985985,0.027759642372271076
182075456,관심필요(30~89일),Q1_저가,0.0,-0.0069185345377966445,0.03714170177938818
182396544,Active(<30일),Q2,,-0.0030449068177684085,0.07876224136929275
182409536,이탈위험(90일+),Q3,0.0,-0.013244276314328042,0.031887586029734086
182522752,이탈위험(90일+),Q4_고가,,-0.01672000422811709,0.018137456466146173
182576576,관심필요(30~89일),Q1_저가,,-0.014154766175950823,0.020017307887148283
182927360,이탈위험(90일+),Q2,,-0.05654157460897119,-0.026941217108132742
183181632,관심필요(30~89일),Q1_저가,0.0,0.020374546320949927,-0.08648684291679604
183300416,Active(<30일),Q3,0.0,0.027821451291518917,-0.04747702312306862
183339392,Active(<30일),Q2,0.0,0.027112670403092953,0.04081262036555089
183422912,관심필요(30~89일),Q3,,-0.011681427882255693,0.05517304385220548
183461888,Active(<30일),Q1_저가,0.0,0.035936704725854085,0.019632519247670288
183465600,Active(<30일),Q1_저가,0.0,0.005204375249181603,0.04931839829980322
183480448,Active(<30일),Q3,0.0,0.01244689995020587,-0.021095227659524318
183489728,Active(<30일),Q3,,-0.021185380039523527,-0.15346322226346198
183641920,이탈위험(90일+),Q4_고가,0.0,-0.015938439816575438,0.03684403699147737
183714304,이탈위험(90일+),Q1_저가,0.0,-0.011602701049912519,0.041860780711562566
183844224,이탈위험(90일+),Q4_고가,0.0,-0.0147060522328381,0.010284980541850494
183846080,Active(<30일),Q3,0.0,-0.013616616319309438,-0.003114196680482212
183896192,Active(<30일),Q3,,0.025249229512319116,0.052645480905067044
184391744,관심필요(30~89일),Q4_고가,,-0.015990077329720465,0.017977818830406445
184414016,관심필요(30~89일),Q4_고가,0.0,-0.0061398437681112195,0.0296578117741903
184534656,Active(<30일),Q4_고가,0.0,-0.01880317424034078,0.006883973000778476
184735104,관심필요(30~89일),Q3,0.0,-0.0013739565856198954,0.16739530390185448
184803776,관심필요(30~89일),Q1_저가,0.0,-0.007363889497145268,0.04279160945772177
184866880,이탈위험(90일+),Q1_저가,0.0,-0.010878912465117664,0.030827038010137323
184915136,Active(<30일),Q4_고가,0.0,0.020618320068799156,0.014682835336358946
185217664,Active(<30일),Q3,0.0,0.021817594778830274,-0.0024751496307059417
185432960,관심필요(30~89일),Q4_고가,0.0,-0.001897657767347627,0.15536980665961236
185479360,Active(<30일),Q1_저가,0.0,0.022125891841570156,0.03837056810403483
185828288,Active(<30일),Q4_고가,,0.033945730059626755,-0.015057761866565933
186401792,Active(<30일),Q1_저가,0.0,0.005321350269294145,-0.027148323540296948
186468608,Active(<30일),Q2,0.0,0.020661183977565667,-0.0018551854957191694
186528000,Active(<30일),Q4_고가,0.0,0.01620499769764594,-0.0021864660997353846
186708032,Active(<30일),Q3,0.0,-0.0033188379332872026,0.05975901665518657
186709888,Active(<30일),Q3,0.0,0.024962767839714517,0.024646859873456273
186743296,관심필요(30~89일),Q1_저가,0.0,0.003024864373200542,0.04456100130922053
186769280,Active(<30일),Q3,0.0,-0.020688139359585578,-0.10651719631022899
186798976,Active(<30일),Q4_고가,,0.020742267421932192,0.04844253934833892
186824960,이탈위험(90일+),Q1_저가,0.0,-0.028412241934184346,0.007321175106546091
186832384,Active(<30일),Q4_고가,0.0,0.11571712620846203,0.018837392458793067
186836096,이탈위험(90일+),Q4_고가,0.0,-0.01574885689545618,0.03662653549099812
187036544,Active(<30일),Q2,0.0,0.022496507236665186,0.020378667169063447
187190592,이탈위험(90일+),Q4_고가,0.0,-0.0217397146192847,0.024353442999973468
187359488,Active(<30일),Q3,0.0,0.01308298004409203,0.021065208734825425
187571072,Active(<30일),Q2,0.0,0.03356787029443953,0.016359618476821214
187587776,이탈위험(90일+),Q4_고가,0.0,-0.009049799383967556,0.032571015329112274
187647168,Active(<30일),Q1_저가,,0.018325438440826014,-0.028338964609540995
187773376,관심필요(30~89일),Q3,0.0,0.010007452597620814,0.07145696485001207
187895872,관심필요(30~89일),Q2,1.0,0.008459633243679321,-0.034154373753376654
187927424,이탈위험(90일+),Q3,0.0,-0.005774940556520898,0.06194874126387401
187964544,이탈위험(90일+),Q2,0.0,-0.01294572155958551,0.026968808855475687
188074048,이탈위험(90일+),Q3,0.0,-0.01668777759684542,-0.02250625941667228
188634560,Active(<30일),Q4_고가,0.0,-0.024519198316749258,0.011683751530788822
188658688,Active(<30일),Q3,0.0,0.026942878680991766,0.028856612647772284
188727360,관심필요(30~89일),Q3,0.0,0.007234291306575935,0.043663366296509215
188922240,Active(<30일),Q2,0.0,-0.000644014125296688,-0.008753107498960827
188933376,관심필요(30~89일),Q1_저가,0.0,-0.011433767550246748,0.011451686881172984
188946368,이탈위험(90일+),Q2,0.0,-0.019775206762786518,0.019283941484913428
189094848,관심필요(30~89일),Q2,1.0,-0.0004972009496876928,-0.06621173321302071
189297152,Active(<30일),Q4_고가,0.0,0.03742662451016354,0.04436467916015552
189330560,이탈위험(90일+),Q4_고가,,-0.020734413569861,0.009844134179181549
189544000,Active(<30일),Q4_고가,,0.011784643572316122,-0.006407225904810687
189644224,관심필요(30~89일),Q4_고가,0.0,-0.020797872092417888,-0.003137115366469573
189677632,이탈위험(90일+),Q3,0.0,-0.014558899630780997,-0.02561776854581313
189681344,Active(<30일),Q4_고가,0.0,0.0071419221935472565,-0.055057033739401295
189904064,이탈위험(90일+),Q3,0.0,-0.014812958640631924,0.12229062966290644
190002432,Active(<30일),Q4_고가,0.0,0.03231576724984725,0.004108903981168921
190123072,이탈위험(90일+),Q1_저가,1.0,-0.015707038488828415,0.012687489373140085
190225152,이탈위험(90일+),Q2,0.0,-0.0073461308923177815,-0.024395660153224974
190555520,이탈위험(90일+),Q4_고가,0.0,-0.013893282575464884,0.004549088840183402
190618624,관심필요(30~89일),Q1_저가,0.0,-0.014771702064026296,0.0060060219858549535
190696576,Active(<30일),Q3,0.0,0.015202888646745016,0.02415818042931961
190802368,Active(<30일),Q3,,0.018133740810073795,0.0008037287116525738
190917440,Active(<30일),Q4_고가,0.0,0.02678883042126945,0.029742245624473918
190973120,이탈위험(90일+),Q1_저가,0.0,-0.011613366939039402,0.02269531761941744
191112320,Active(<30일),Q4_고가,0.0,0.028947600375575144,-0.008411677257748662
191450112,관심필요(30~89일),Q4_고가,,-0.024364398253218456,-0.02013838066336554
192021760,Active(<30일),Q1_저가,0.0,0.01764934569811194,0.043130391213800745
192105280,이탈위험(90일+),Q4_고가,0.0,-0.013706806742763748,0.033511171405667346
192257472,이탈위험(90일+),Q1_저가,0.0,-0.011952464955605688,0.02811998943711863
192268608,관심필요(30~89일),Q2,0.0,-0.0005317841271620383,-0.019042959357501832
192313152,이탈위험(90일+),Q1_저가,0.0,-0.011605623355954081,0.03286873843994995
192331712,Active(<30일),Q1_저가,0.0,0.015100349226671361,-0.02501185295129016
192392960,관심필요(30~89일),Q2,0.0,-0.015494418497972506,0.010969314555270379
192509888,Active(<30일),Q3,,-0.007202688988859715,0.042387107703023716
192522880,Active(<30일),Q1_저가,0.0,0.025750557165761023,0.07056415338417266
192589696,관심필요(30~89일),Q4_고가,,-0.008168493655921233,-0.019009473845561453
192771584,Active(<30일),Q1_저가,0.0,-0.006363499791218974,0.05037592716654905
192845824,관심필요(30~89일),Q3,0.0,-0.023001382715325702,0.004556922272890562
192864384,Active(<30일),Q4_고가,0.0,0.031402163156844964,0.019606978427564536
192890368,Active(<30일),Q2,0.0,0.03439332494760594,0.02631558855143079
192897792,Active(<30일),Q1_저가,0.0,0.021424069741140195,-0.02776667134567601
192994304,Active(<30일),Q3,1.0,0.04322043314901003,-0.015277360208534208
193003584,Active(<30일),Q4_고가,0.0,0.007051174140913052,-0.05983675283921064
193109376,이탈위험(90일+),Q4_고가,0.0,-0.004095559449189989,0.027506230791370392
193204032,Active(<30일),Q4_고가,0.0,0.016897251906489386,0.047521138520996264
193324672,Active(<30일),Q4_고가,0.0,0.031140158159307096,-0.01248642513510917
193567808,이탈위험(90일+),Q1_저가,,-0.004322545577495222,0.03684890640060225
194087488,이탈위험(90일+),Q2,,-0.013068617358999876,0.041629219753913344
194111616,이탈위험(90일+),Q3,,-0.004393296062128529,0.050290607767388
194280512,이탈위험(90일+),Q1_저가,0.0,-0.011042909481665183,0.02916939583748622
194408576,Active(<30일),Q1_저가,0.0,0.01037929709441876,-0.058804046228347395
194560768,Active(<30일),Q2,1.0,0.033751711140108664,-0.001209036261746177
194679552,Active(<30일),Q2,,0.025173341384467918,0.07552803535395392
194911552,Active(<30일),Q2,1.0,-0.008594554609229171,0.018362333982207213
194980224,Active(<30일),Q4_고가,0.0,0.023392956074699017,0.05089843946196046
195084160,이탈위험(90일+),Q4_고가,0.0,-0.020900363628125265,0.013963208379370748
195210368,Active(<30일),Q3,0.0,0.021775908705964686,0.04023480439700622
195227072,Active(<30일),Q2,0.0,-0.01235343589117524,-0.0321240083229975
195262336,Active(<30일),Q2,,-0.00024546247779055896,-0.012871359874208232
195538880,관심필요(30~89일),Q2,0.0,-0.01126644157178465,0.04221012166600745
195611264,관심필요(30~89일),Q1_저가,0.0,-0.01108006762115421,0.05034444327677644
196010304,관심필요(30~89일),Q2,0.0,0.00044990719222703923,0.08872435410460594
196034432,관심필요(30~89일),Q4_고가,0.0,-0.010067815412801426,0.025676490952317374
196244160,이탈위험(90일+),Q4_고가,0.0,-0.012766790146489203,0.02571025236533825
196388928,Active(<30일),Q4_고가,0.0,0.03129388846950221,0.036098217541962296
196431616,Active(<30일),Q3,0.0,0.029355878025128623,0.016194199830108058
196646912,Active(<30일),Q1_저가,,-0.011371990755371625,0.004901680419713089
196691456,이탈위험(90일+),Q2,0.0,-0.01839352682652813,0.01563943848701932
196823232,관심필요(30~89일),Q2,0.0,-0.01191658896851508,0.007939806122089332
196890048,관심필요(30~89일),Q3,0.0,-0.023049601437826528,-0.008863475640257024
196930880,이탈위험(90일+),Q4_고가,0.0,-0.027910878460210092,-0.009136173560988281
197057088,Active(<30일),Q4_고가,0.0,0.027724381178667767,0.004089373869091528
197144320,Active(<30일),Q3,1.0,0.012877927076654139,-0.003060257741766992
197896000,Active(<30일),Q2,0.0,0.032299357343711255,0.029807644323759708
197936832,이탈위험(90일+),Q2,0.0,-0.022434305069181232,-0.01267924503704232
198087168,Active(<30일),Q3,0.0,0.03267349703828781,0.1387994027137347
198224512,관심필요(30~89일),Q4_고가,0.0,0.0035452355608414643,0.009480834808405392
198335872,이탈위험(90일+),Q3,0.0,-0.013432075328865312,0.11462077101053436
198617984,이탈위험(90일+),Q3,0.0,-0.01285613685737566,0.026307568595673042
198714496,이탈위험(90일+),Q1_저가,0.0,-0.011892509543131584,0.04484498584704022
198913088,관심필요(30~89일),Q1_저가,0.0,-0.021076482280814407,0.026454541658035846
198952064,이탈위험(90일+),Q2,,-0.012758309795921463,0.015290504324290827
199041152,이탈위험(90일+),Q1_저가,,-0.011218678393843176,0.04761074607775557
199364096,Active(<30일),Q4_고가,0.0,0.04209049210692756,0.02324744246215016
199520000,Active(<30일),Q3,0.0,0.12159362843581256,0.04262525815427476
199848512,Active(<30일),Q1_저가,0.0,-0.0032080637578052462,0.05585048524978781
199870784,관심필요(30~89일),Q3,0.0,0.008249658705224261,-0.02581837803269349
199919040,이탈위험(90일+),Q1_저가,0.0,0.03367874821733205,0.026787351874524135
199933888,이탈위험(90일+),Q4_고가,1.0,-0.02165516920077515,-0.007247077630223794
200123200,Active(<30일),Q1_저가,0.0,-0.014279517458773316,0.011060571874116354
200193728,이탈위험(90일+),Q1_저가,,-0.012113273574213955,0.036881303345617386
200204864,Active(<30일),Q3,1.0,0.018828765709203,0.005625684625403582
200234560,Active(<30일),Q2,0.0,0.01708784356410864,-0.057851038128820864
200340352,관심필요(30~89일),Q1_저가,0.0,-0.011601986553982258,-0.10605420921724085
200349632,이탈위험(90일+),Q4_고가,1.0,-0.013968598108548703,0.03009175091278113
200548224,Active(<30일),Q3,1.0,0.014970860553253917,-0.00763932794505473
200564928,관심필요(30~89일),Q3,1.0,0.003908769938993473,-0.034241612186757836
200631744,Active(<30일),Q2,0.0,0.033120850008858116,0.025760300546843418
200743104,관심필요(30~89일),Q4_고가,,-0.005390121614578136,0.0016241877011726191
200761664,관심필요(30~89일),Q2,0.0,-0.009024462804924416,0.04801357948770349
200774656,Active(<30일),Q1_저가,,0.006498286757887661,-0.02205649117642422
200839616,Active(<30일),Q2,0.0,0.0238819755997165,0.015405034496616787
200906432,관심필요(30~89일),Q3,0.0,-0.019781845180273983,0.025014176827855394
201383424,Active(<30일),Q3,,-0.006291001187864312,0.028565240767931405
201515200,관심필요(30~89일),Q2,0.0,-0.015124286023925779,0.012397456885360925
201570880,이탈위험(90일+),Q4_고가,0.0,-0.02255355168319284,0.024042775195138893
201674816,이탈위험(90일+),Q4_고가,0.0,-0.01387740307329436,0.033398234120919086
201698944,관심필요(30~89일),Q4_고가,,-0.012281158575629905,0.0337489829283415
201953216,관심필요(30~89일),Q3,,0.0122707850203303,0.1131008699203162
202107264,Active(<30일),Q4_고가,0.0,0.03575956530632296,0.1485865831336316
202135104,Active(<30일),Q4_고가,0.0,0.016461830620376205,0.0016735291358090931
202378240,이탈위험(90일+),Q4_고가,0.0,-0.015458935079028409,0.048125126376429336
202536000,Active(<30일),Q4_고가,0.0,0.03256147946590915,0.05691961796078582
202792128,Active(<30일),Q4_고가,0.0,0.018493999792331683,-0.010545639311383526
202871936,이탈위험(90일+),Q4_고가,0.0,-0.014787548867684179,0.019209815324487345
202892352,관심필요(30~89일),Q1_저가,,-0.011415730524203041,0.03967680644310349
202981440,Active(<30일),Q1_저가,0.0,-0.008299732079616984,-0.0006618656611816209
203133632,관심필요(30~89일),Q3,0.0,-0.0017047922282219102,0.04622598573484209
203291392,Active(<30일),Q2,1.0,0.04885896181459315,0.011885203691064217
203426880,관심필요(30~89일),Q2,,-0.022146230438882974,-0.012445714875581215
203590208,Active(<30일),Q4_고가,0.0,0.012556447985096697,-0.0014687477936839999
204022656,관심필요(30~89일),Q3,0.0,-0.024707341206678612,-0.13254756669277018
204041216,Active(<30일),Q3,0.0,0.035427558239173096,0.06305020377253956
204044928,Active(<30일),Q3,0.0,0.0016427324343679106,0.03829978900064801
204102464,Active(<30일),Q1_저가,0.0,0.022129955462327267,0.03559007981840384
204323328,Active(<30일),Q4_고가,0.0,0.05389769624002916,0.12410876794610892
204416128,Active(<30일),Q3,0.0,0.014753780700253682,-0.005128489298016681
204429120,Active(<30일),Q4_고가,0.0,0.09436369338087236,0.04980553375335128
204638848,이탈위험(90일+),Q1_저가,1.0,-0.011485462599964864,0.028087588115601664
204681536,Active(<30일),Q2,1.0,0.04311505009014227,-0.071658776441758
204718656,관심필요(30~89일),Q1_저가,0.0,-0.006488125942612569,0.0308057026580182
204833728,관심필요(30~89일),Q2,1.0,-0.010477081521575338,0.043556011809247175
204887552,Active(<30일),Q4_고가,0.0,0.01901667008088459,0.010966503055680032
205117696,Active(<30일),Q2,0.0,-0.018870014353078335,-0.04792808972744439
205188224,Active(<30일),Q4_고가,,0.027722013699575943,0.02991586929702117
205193792,이탈위험(90일+),Q3,0.0,-0.007028954147452027,0.010979313739810564
205271744,Active(<30일),Q4_고가,,0.052289881311907815,0.0034478088212001046
205329280,이탈위험(90일+),Q4_고가,0.0,-0.011585838642785118,0.013300332040502294
205334848,관심필요(30~89일),Q3,0.0,-0.03330324567376591,0.043459604205534685
205364544,이탈위험(90일+),Q4_고가,0.0,-0.01491211624431156,0.027801336239930627
205435072,Active(<30일),Q3,0.0,0.0075823526924018725,-0.07896628663309346
205459200,Active(<30일),Q4_고가,0.0,-0.016175584110081687,-0.010744354915836779
205709760,이탈위험(90일+),Q2,0.0,-0.012618204759628805,0.03259518399445961
205938048,Active(<30일),Q2,,0.03884165623022218,-0.013307991091134896
206190464,Active(<30일),Q3,,0.03081484966808601,0.019991077965677118
206370496,Active(<30일),Q2,0.0,0.024753013436467075,-0.012229762570483471
206439168,이탈위험(90일+),Q3,0.0,-0.02623727005830101,0.0175000982398181
206596928,Active(<30일),Q1_저가,0.0,0.01489480395054732,-0.08797011200699778
206663744,Active(<30일),Q4_고가,,0.024853088023691572,0.0016625101429954547
206715712,Active(<30일),Q3,1.0,0.011223357323067229,0.01220977618868313
206719424,이탈위험(90일+),Q2,0.0,-0.016523582913895274,0.01658179885386346
207007104,관심필요(30~89일),Q2,0.0,-0.03196098872937689,-0.040841332252223
207107328,Active(<30일),Q2,,0.009387632026202963,-0.04548160842237903
207408000,Active(<30일),Q2,,0.06043954937682405,0.08430921450918427
207450688,이탈위험(90일+),Q4_고가,0.0,-0.014786645650587724,0.027786804529351977
207489664,관심필요(30~89일),Q2,0.0,0.008884745066550015,-0.002561543288663093
207491520,관심필요(30~89일),Q2,0.0,0.07088825067288473,-0.021841799753942848
207560192,이탈위험(90일+),Q4_고가,0.0,-0.008463952175850956,0.03126967191409881
207736512,이탈위험(90일+),Q3,1.0,-0.013764575700446036,0.04379889522102489
207897984,Active(<30일),Q2,0.0,0.022855608077988365,0.01723402015274622
207916544,Active(<30일),Q2,0.0,0.002989482394420595,0.0797502686408359
207946240,이탈위험(90일+),Q4_고가,0.0,-0.015366869502592619,0.018111949518078527
207964800,관심필요(30~89일),Q1_저가,1.0,0.08191116040556945,-0.05698993327740737
208176384,Active(<30일),Q2,,0.022415860346132188,0.039950495435997824
208276608,관심필요(30~89일),Q2,0.0,-0.01602974627051823,0.004400763163885435
208321152,Active(<30일),Q4_고가,0.0,-0.016040225392688096,-0.03412219499124727
208571712,Active(<30일),Q1_저가,0.0,0.02307664221148853,-0.02962516288741468
208751744,관심필요(30~89일),Q3,,0.008093584477005755,-0.05960538350062766
209419904,이탈위험(90일+),Q2,,-0.018085266454011095,0.015599490270441857
209460736,Active(<30일),Q1_저가,0.0,0.006187485807306103,0.039968090867327666
209497856,이탈위험(90일+),Q2,1.0,-0.012732125554863555,0.01973500042442733
209564672,관심필요(30~89일),Q3,,-0.010666336118370173,0.06130686239848522
209906176,Active(<30일),Q1_저가,0.0,0.01314166541516748,-0.10485155838736226
210262528,Active(<30일),Q4_고가,0.0,0.012852391984192968,0.07219092148931872
210307072,Active(<30일),Q4_고가,1.0,0.02856446635324239,0.008529737776884594
210639296,이탈위험(90일+),Q4_고가,,-0.01493224420561469,0.017883061929800437
210811904,Active(<30일),Q2,1.0,0.02228419882756083,0.0009081791699354635
210969664,Active(<30일),Q4_고가,0.0,0.020859446677505722,0.05953301326269389
211030912,이탈위험(90일+),Q1_저가,0.0,-0.003890161681867954,-0.01725110566169849
211049472,Active(<30일),Q2,0.0,-0.006456475057356081,0.02212886839750433
211140416,Active(<30일),Q2,0.0,0.03112917289500816,0.02111485206968
211274048,Active(<30일),Q3,0.0,0.024761511648340173,0.03436656983300779
211287040,관심필요(30~89일),Q4_고가,0.0,-0.01421766957643783,0.023226017385467368
211314880,이탈위험(90일+),Q3,0.0,-0.006645201377515869,-0.0037185869713725617
212079552,Active(<30일),Q2,0.0,0.030626933279323643,-0.009756251609018163
212382080,관심필요(30~89일),Q1_저가,0.0,-0.006643865136600466,0.05123675856648505
212872064,Active(<30일),Q3,1.0,0.02359752150889416,0.03887334854460833
212875776,이탈위험(90일+),Q1_저가,0.0,-0.007532541058934222,0.030324644550172766
213291520,Active(<30일),Q1_저가,,0.023564217902286133,-0.04899421157985673
213482688,Active(<30일),Q4_고가,1.0,0.012679746339897657,-0.008463676497163286
213486400,관심필요(30~89일),Q4_고가,1.0,-0.007034472551670751,0.04919074721192182
213603328,Active(<30일),Q4_고가,0.0,0.025716693218632014,0.03539068255804212
213731392,이탈위험(90일+),Q4_고가,0.0,-0.015156936798343706,0.027643098239629738
213744384,Active(<30일),Q3,,0.041726347627654814,-0.07536389357617362
213872448,Active(<30일),Q3,0.0,0.036961570361413565,0.0016750761246623336
214052480,Active(<30일),Q3,0.0,0.04300038119534644,-0.008466459261527781
214095168,Active(<30일),Q4_고가,0.0,0.051596975309193605,0.05010842952998795
214453376,관심필요(30~89일),Q2,0.0,-0.007689979324504728,0.03528264940694517
214507200,Active(<30일),Q3,0.0,0.028638042680164455,0.030963093650963724
214638976,이탈위험(90일+),Q4_고가,0.0,-0.016710619247086778,0.011232516692890576
214657536,Active(<30일),Q2,0.0,0.038438312891806325,0.03574384269967412
214664960,이탈위험(90일+),Q4_고가,0.0,-0.012927505033971949,0.03377743144328407
214809728,이탈위험(90일+),Q4_고가,0.0,-0.015116424107694336,0.03227397849574025
214839424,이탈위험(90일+),Q1_저가,,-0.011295225221258302,0.03058459062855666
215296000,관심필요(30~89일),Q2,0.0,-0.013837165909304741,0.03851479199492183
215362816,이탈위험(90일+),Q1_저가,0.0,-0.017127672024908835,0.03231272318872229
215438912,Active(<30일),Q3,0.0,0.048987368761760575,-0.050126080556699426
215583680,관심필요(30~89일),Q1_저가,0.0,-0.019798848771955174,0.004638531528170009
215719168,관심필요(30~89일),Q1_저가,0.0,-0.024822442501831354,-0.011874290775715501
215810112,이탈위험(90일+),Q4_고가,1.0,-0.01972750869553555,-0.01963394885719448
215841664,관심필요(30~89일),Q4_고가,0.0,-0.02838655595648082,-0.025885421397095293
216476416,Active(<30일),Q3,0.0,0.038977374691442135,0.05939775255216484
216829056,Active(<30일),Q2,,0.019513176151386702,0.018786222686785203
217035072,이탈위험(90일+),Q4_고가,1.0,-0.013876334755939086,0.033457935374584656
217077760,Active(<30일),Q1_저가,,0.043837287697294225,-0.0026628716216648973
217189120,관심필요(30~89일),Q3,,-0.00026815738629301644,0.04888549281775066
217307904,이탈위험(90일+),Q4_고가,0.0,0.03183026419619636,0.062076605368267174
217705088,이탈위험(90일+),Q4_고가,0.0,-0.014469691119025171,0.013873027941737559
218091136,관심필요(30~89일),Q4_고가,0.0,-0.0044636210109604835,0.06704304055724108
218291584,이탈위험(90일+),Q1_저가,1.0,-0.010622038302938279,0.016674621238047513
218362112,Active(<30일),Q1_저가,0.0,0.01837165853186573,0.0354973322620791
218382528,Active(<30일),Q3,1.0,0.023930142702018986,-0.017374775349613847
218423360,이탈위험(90일+),Q4_고가,0.0,-0.023560050249433792,0.021448831373490268
218475328,관심필요(30~89일),Q2,0.0,0.012508259702355695,-0.02248657998579806
218480896,이탈위험(90일+),Q4_고가,0.0,-0.0285001675804787,0.005081239085429234
218484608,Active(<30일),Q2,1.0,0.013161599763371057,-0.0027183680615472383
218837248,이탈위험(90일+),Q4_고가,0.0,-0.022320484209661415,0.020909074805462294
219104512,Active(<30일),Q2,1.0,0.025709957456173105,-0.04614764609932942
219137920,관심필요(30~89일),Q1_저가,,0.017517734019197373,0.02342631641969256
219267840,이탈위험(90일+),Q4_고가,0.0,-0.014304330390957729,0.021435041260910503
219291968,이탈위험(90일+),Q2,0.0,-0.03045239963874674,-0.0059371940169962445
219293824,Active(<30일),Q3,0.0,0.021221831064274,0.020883418906421314
219496128,Active(<30일),Q3,0.0,0.017718219123067258,0.04531487434509429
219587072,이탈위험(90일+),Q1_저가,0.0,-0.012173564999650117,0.030239959582876383
220672832,관심필요(30~89일),Q2,,-0.015555904503425644,0.003585325401420758
220724800,관심필요(30~89일),Q3,0.0,0.0042412629474185,-0.06676849544993091
220748928,Active(<30일),Q4_고가,,0.042689728780036074,0.0077750064195074575
220954944,Active(<30일),Q4_고가,0.0,0.02295887466946933,-0.010728882455742883
221081152,Active(<30일),Q3,1.0,0.014855114829487925,-0.03164335965756143
221101568,Active(<30일),Q2,1.0,0.019441583223005043,-0.06962010962776621
221441216,이탈위험(90일+),Q1_저가,,-0.01895276006644346,0.019956226902874727
221689920,Active(<30일),Q4_고가,0.0,0.020276841750895835,-0.00612491769766671
221747456,이탈위험(90일+),Q1_저가,1.0,-0.04373912436012545,-0.08296626639957805
221808704,Active(<30일),Q3,0.0,0.031757938812317366,-0.04892661453182923
221849536,이탈위험(90일+),Q4_고가,,-0.025971096696837573,0.04074090507626349
221858816,이탈위험(90일+),Q1_저가,0.0,-0.03351322268263418,-0.05459491134828892
221927488,관심필요(30~89일),Q2,0.0,-0.00038749316108502296,-0.01649439100265021
221970176,관심필요(30~89일),Q2,,-0.025489816635829443,-0.039704509596353604
222051840,Active(<30일),Q4_고가,0.0,-0.018690368147832204,-0.08066020269019547
222326528,이탈위험(90일+),Q2,0.0,-0.017559347805860742,-0.018255600914700715
222395200,이탈위험(90일+),Q3,,0.019102603706948343,0.029044826864484077
222434176,Active(<30일),Q2,0.0,0.019323254466690254,0.016268313494219533
222473152,이탈위험(90일+),Q2,1.0,-0.01891884822063078,-0.003593607334561613
222495424,이탈위험(90일+),Q2,0.0,-0.003944054795523483,0.0295740740383144
222720000,Active(<30일),Q1_저가,1.0,0.01936299472873243,0.05568636617490591
222734848,Active(<30일),Q3,0.0,0.019684605141155276,-0.06439032383383053
223189568,Active(<30일),Q4_고가,0.0,0.011843964115755168,-0.006333763971970718
223352896,이탈위험(90일+),Q1_저가,0.0,-0.011709642913958235,0.03797622304653363
223390016,Active(<30일),Q4_고가,0.0,0.01647979985864656,0.008009485277162054
223458688,관심필요(30~89일),Q1_저가,0.0,-0.008764827106952977,0.05918742920792873
223510656,Active(<30일),Q4_고가,0.0,0.027306125840582895,0.11944250090716813
223673984,이탈위험(90일+),Q3,0.0,-0.006669076380668375,0.02767414253949106
223696256,Active(<30일),Q4_고가,0.0,0.012105884353023844,-0.012234217140358883
223722240,관심필요(30~89일),Q3,,-0.01749079323552319,0.030153817786093218
223961664,관심필요(30~89일),Q4_고가,0.0,-0.007028812659485378,-0.031325010475501125
224004352,Active(<30일),Q4_고가,0.0,0.014998685054518845,0.019899859609645132
224318016,이탈위험(90일+),Q1_저가,1.0,-0.005857530163965119,-0.024656497211930445
224451648,Active(<30일),Q4_고가,0.0,0.011726813576388828,-0.0141073666338839
224511040,Active(<30일),Q3,,-0.021666037529823434,-0.05951561603288119
224832128,이탈위험(90일+),Q2,0.0,-0.012238427143491173,0.024913302831774467
224932352,관심필요(30~89일),Q3,0.0,-0.0025544383564435197,0.038001778950689125
224934208,Active(<30일),Q2,0.0,0.047118689360759025,0.051802656288721494
225312832,Active(<30일),Q4_고가,0.0,0.024137388204955035,0.032729472639479784
225452032,Active(<30일),Q2,0.0,0.03314978098411547,0.028350438996434857
225609792,Active(<30일),Q2,,0.0148708613757782,0.017292387888086513
225650624,관심필요(30~89일),Q2,0.0,-0.027545152766474568,-0.005068536967974824
225841792,Active(<30일),Q3,0.0,0.015143849581220836,0.022684500784695527
225847360,이탈위험(90일+),Q3,,-0.020325539340151633,-0.0005163713513952062
225875200,관심필요(30~89일),Q2,,-0.02515919056003385,-0.0032405164394439523
226073792,관심필요(30~89일),Q2,0.0,0.011271380702479239,-0.024653842175432483
226161024,Active(<30일),Q1_저가,0.0,-0.0016096458021491455,0.05286621589257512
226315072,Active(<30일),Q4_고가,,0.030171650626652835,0.0582070329330423
226638016,Active(<30일),Q3,0.0,0.026511696383936245,0.04787934666259319
226725248,Active(<30일),Q2,,0.02868740534412728,-0.020849563772188384
226753088,관심필요(30~89일),Q4_고가,0.0,-0.018874628804218696,-0.0446775031530236
226756800,이탈위험(90일+),Q1_저가,0.0,-0.0026714884284195356,0.0448028198334596
226914560,Active(<30일),Q4_고가,0.0,0.03934858613418335,0.06197144057593096
226973952,이탈위험(90일+),Q4_고가,,-0.008537973204615704,0.05440289542912331
227244928,Active(<30일),Q4_고가,0.0,0.032088503231068044,0.05702856716418159
227476928,이탈위험(90일+),Q1_저가,1.0,-0.020133740337986275,-0.007332166466383294
227610560,이탈위험(90일+),Q3,0.0,0.009368200626545371,0.053648037558503746
227859264,이탈위험(90일+),Q1_저가,0.0,-0.00903193007553093,0.027682537606008514
228644352,이탈위험(90일+),Q4_고가,0.0,-0.016078683329083174,0.012152357091360727
228787264,Active(<30일),Q4_고가,0.0,0.01655109629850149,-0.024859875421077593
229035968,이탈위험(90일+),Q3,0.0,-0.013532302973859454,0.02174464557014512
229217856,Active(<30일),Q3,1.0,0.019750369325432282,0.03719816232404227
229243840,이탈위험(90일+),Q1_저가,0.0,-0.022209566125687558,0.010625471692334354
229282816,Active(<30일),Q3,0.0,0.0254203898619646,0.05469189317190992
229323648,Active(<30일),Q2,0.0,0.02606830725090037,0.008747748011436851
229527808,Active(<30일),Q4_고가,1.0,0.009835559837963803,-0.005625090607859984
229585344,Active(<30일),Q2,0.0,0.024607873909248457,0.018017184056196567
229917568,이탈위험(90일+),Q1_저가,0.0,-0.0019791778883903877,0.03386822025865627
229963968,이탈위험(90일+),Q1_저가,0.0,-0.029688521571066773,0.010773797147671599
230225664,Active(<30일),Q3,0.0,0.018645696478795104,-0.015116916727504037
230337024,Active(<30일),Q1_저가,,0.049807528784912014,0.020322640344522136
230702656,Active(<30일),Q2,0.0,0.017610739783778695,0.013244025596814701
230756480,Active(<30일),Q2,0.0,0.03424067950747045,0.014454232649275256
230867840,이탈위험(90일+),Q1_저가,0.0,-0.011912660979585196,0.022058651769885
230988480,Active(<30일),Q4_고가,,0.006566402075362299,-0.043828108305381974
231200064,Active(<30일),Q2,0.0,0.029887228218961837,-0.00963887078221115
231331840,Active(<30일),Q4_고가,0.0,-0.018600816473413495,-0.028811756939509825
231333696,Active(<30일),Q2,,-0.011012222553127948,0.03549886614348538
231498880,Active(<30일),Q3,0.0,0.030410565946605184,0.03893699223985558
231524864,Active(<30일),Q2,0.0,-0.01085776492112217,0.03129409648428988
231528576,관심필요(30~89일),Q3,0.0,-0.0005588100675621294,0.061416464234594056
231545280,관심필요(30~89일),Q4_고가,0.0,-0.013397243577151163,0.055970943066801004
231641792,Active(<30일),Q3,1.0,0.01995924856359954,0.008171329553659179
231797696,Active(<30일),Q3,0.0,0.020059591304662727,0.043912816558919876
231905344,Active(<30일),Q3,1.0,0.02936433371647984,0.053758243417598606
231959168,이탈위험(90일+),Q2,1.0,-0.009852257839294526,-0.021798287598822796
232105792,Active(<30일),Q3,0.0,0.0114062649404848,0.0019931215723755225
232168896,이탈위험(90일+),Q1_저가,,-0.008642312254515283,0.04440009260171573
232330368,이탈위험(90일+),Q3,0.0,-0.040157137653435426,-0.06616243275265227
232428736,관심필요(30~89일),Q4_고가,1.0,-0.004340275346662675,0.03551564093591712
232798080,Active(<30일),Q1_저가,1.0,0.030458684341880593,0.014757604989070083
232809216,이탈위험(90일+),Q1_저가,0.0,-0.010400580246666104,0.03780571136707256
232851904,이탈위험(90일+),Q2,0.0,-0.012745631749604747,0.020282588853698977
232913152,Active(<30일),Q2,0.0,0.02740108040503242,0.013265097222427968
233078336,관심필요(30~89일),Q1_저가,0.0,-0.006829449773435817,0.051664381502645504
233109888,Active(<30일),Q4_고가,0.0,-0.003309378156919146,0.04919823010716831
233219392,Active(<30일),Q2,1.0,0.03609321422206779,0.01750125449172213
233362304,Active(<30일),Q4_고가,0.0,0.02949369726404305,0.08232374705253909
233373440,관심필요(30~89일),Q4_고가,0.0,0.0025063420341682185,0.11695642870246181
233516352,이탈위험(90일+),Q3,0.0,-0.013264764363305141,0.03464575352718018
233588736,관심필요(30~89일),Q4_고가,,0.006070027191830918,0.17218200077941515
233859712,Active(<30일),Q2,0.0,0.02315182474747779,-0.024269778494492744
233969216,Active(<30일),Q2,0.0,0.013469532112451943,-0.003522309503260379
234069440,Active(<30일),Q1_저가,0.0,0.0121253719240344,0.031517762194959054
234212352,이탈위험(90일+),Q2,0.0,-0.03151055691635746,-0.0008011778841035544
234216064,Active(<30일),Q3,1.0,0.011645543607042175,0.010530055836430074
234371968,Active(<30일),Q2,1.0,0.03363052842546177,0.028098789566920912
234381248,Active(<30일),Q2,0.0,0.022712864474641603,0.02602854996512305
234938048,이탈위험(90일+),Q1_저가,0.0,-0.015323252685346386,0.03722592189881202
234999296,Active(<30일),Q3,1.0,0.02313154658102079,0.008163358267950893
235238720,Active(<30일),Q4_고가,0.0,0.01592214305357731,0.003044217199903998
235244288,이탈위험(90일+),Q4_고가,0.0,-0.013756963808480294,0.034517176892506614
235333376,관심필요(30~89일),Q2,0.0,0.005589128996368986,0.10133669815681023
235348224,이탈위험(90일+),Q1_저가,,-0.00908047333106745,0.03055991754767967
235370496,관심필요(30~89일),Q4_고가,0.0,-0.020221496475131703,0.004576005933267069
235467008,이탈위험(90일+),Q2,0.0,-0.012844402736484697,0.028393489548698525
235621056,이탈위험(90일+),Q1_저가,1.0,-0.03292280071286813,-0.01778656724322908
235916160,이탈위험(90일+),Q3,0.0,-0.020692051154012903,0.02687692397572737
236047936,이탈위험(90일+),Q3,0.0,-0.013037011612353329,0.04320005032329627
236495232,Active(<30일),Q4_고가,0.0,0.042177924491961005,0.07343148325333815
236625152,Active(<30일),Q2,0.0,-0.010686684348446163,-0.03402291822375125
236805184,Active(<30일),Q4_고가,,0.037954453745360994,0.07291718497061728
236901696,관심필요(30~89일),Q1_저가,,-0.005758072472112324,0.05447280017584892
237606976,이탈위험(90일+),Q4_고가,1.0,-0.014499746739155162,0.03367490773849495
237742464,Active(<30일),Q3,0.0,0.010667072701669666,-0.0039313375882295
238085824,Active(<30일),Q2,0.0,0.03407186602842682,0.06356648583314994
238087680,이탈위험(90일+),Q1_저가,0.0,-0.012461116000587205,0.03098197461535024
238321536,이탈위험(90일+),Q2,0.0,-0.03965691000607069,-0.04641593881975378
238379072,Active(<30일),Q4_고가,0.0,0.04289971412939886,0.13171502768847454
238434752,이탈위험(90일+),Q3,1.0,-0.013429935083401429,0.03424359964030192
238470016,관심필요(30~89일),Q3,1.0,0.011898928863277702,0.07956463406137437
238562816,Active(<30일),Q3,0.0,0.017623234301909152,0.03316819080779476
238596224,관심필요(30~89일),Q3,,0.0021859797014825433,0.010521999042998054
238622208,Active(<30일),Q4_고가,1.0,0.013645376193605396,0.019292941698304977
238896896,Active(<30일),Q4_고가,,0.01927229903083133,0.0029753066917510562
238911744,Active(<30일),Q4_고가,0.0,0.011788753195174806,-0.0077073646238947635
239273664,관심필요(30~89일),Q1_저가,,-0.014690277629807014,0.019623373468041494
239334912,이탈위험(90일+),Q3,,-0.02611889875770082,0.002010209015438913
239411008,관심필요(30~89일),Q1_저가,0.0,-0.014429723029432184,0.016370655402521694
239546496,관심필요(30~89일),Q3,0.0,-0.015399060543560633,0.00614969634002821
239605888,Active(<30일),Q2,1.0,0.028808327140117163,-0.004680812955029867
239611456,관심필요(30~89일),Q1_저가,0.0,-0.01852427085120051,0.0394003189899107
239997504,관심필요(30~89일),Q1_저가,0.0,-0.010435938174865572,0.028470581481072524
240003072,이탈위험(90일+),Q2,0.0,-0.013075931443748738,0.057331209530469066
240040192,관심필요(30~89일),Q2,,0.000935740887868311,0.05167064432549161
240088448,Active(<30일),Q3,0.0,0.01783503250300833,0.02856266726424772
240136704,Active(<30일),Q2,0.0,0.018411633841548203,-0.005835781577167465
240220224,Active(<30일),Q2,,0.011471914534607053,-0.057444259228225714
240268480,이탈위험(90일+),Q2,1.0,-0.02667101419831644,-0.028782168567907773
240838272,Active(<30일),Q4_고가,1.0,0.03753414444869263,0.0658442813066572
240949632,Active(<30일),Q4_고가,0.0,0.023794906468261434,0.07005261286213449
240951488,Active(<30일),Q4_고가,,0.01021668607610765,0.014661724043220858
241038720,Active(<30일),Q3,0.0,0.0087328484900151,0.016748976353256784
241174208,Active(<30일),Q2,,0.011140311669863623,0.030426595812121177
241473024,Active(<30일),Q4_고가,0.0,0.02577673272084191,0.02284328651110712
241502720,Active(<30일),Q4_고가,,-0.007063826110381352,0.03292116166629941
241589952,Active(<30일),Q3,0.0,0.06268936879785336,0.08961666666563373
241610368,이탈위험(90일+),Q3,0.0,-0.011997271737030885,0.04061714038833558
241823808,Active(<30일),Q2,0.0,0.03931451291673116,-0.043778185467770125
241838656,Active(<30일),Q4_고가,0.0,0.03023663254460507,0.013692427902749715
241877632,Active(<30일),Q2,0.0,0.029567389788449305,0.021386709373214075
241942592,관심필요(30~89일),Q4_고가,,-0.018559675620650126,0.03104054989452404
241957440,이탈위험(90일+),Q2,0.0,-0.020305692981439083,0.0178397066805044
241970432,이탈위험(90일+),Q2,0.0,-0.011607701571415704,-0.01650557871555719
241987136,관심필요(30~89일),Q1_저가,0.0,-0.014808112366031287,0.01748506033726968
242451136,이탈위험(90일+),Q3,,-0.013354596016238153,0.029576517231092343
242573632,관심필요(30~89일),Q4_고가,,0.0032772399945288355,-0.009371478521303073
242729536,이탈위험(90일+),Q3,1.0,0.009096024285676428,0.059063007101690004
242779648,관심필요(30~89일),Q4_고가,0.0,0.00239495884971036,0.0588036982826059
242968960,관심필요(30~89일),Q3,0.0,-0.030959430362224094,-0.0025471677417970295
242987520,관심필요(30~89일),Q4_고가,0.0,0.020940573042465424,0.05623986282640875
243148992,관심필요(30~89일),Q4_고가,,-0.009667031271963666,0.03352294688498536
243273344,Active(<30일),Q2,,0.010931461649361152,0.022500809372120456
243291904,Active(<30일),Q2,0.0,0.02890693002610445,0.017121940316279782
243293760,Active(<30일),Q3,0.0,0.007095010621677611,-0.05287084618098481
243304896,이탈위험(90일+),Q3,,-0.013448356633307117,0.04483815135570427
243574016,관심필요(30~89일),Q4_고가,1.0,-0.013497679009955577,0.02274655006071631
243679808,이탈위험(90일+),Q4_고가,1.0,-0.007126248976002281,0.04706007655293423
243690944,관심필요(30~89일),Q2,0.0,-0.009456807300758902,0.06751822295933056
243824576,Active(<30일),Q2,1.0,0.023802703587022522,0.01837055708712576
244008320,관심필요(30~89일),Q2,0.0,0.0033677087528152794,-0.028964280423140032
244258880,Active(<30일),Q3,0.0,0.016107163006274905,0.019407321612690265
244375808,관심필요(30~89일),Q2,1.0,-0.012100601208850231,0.026344505846354838
244511296,관심필요(30~89일),Q2,,-0.031278862684676056,-0.02410020879657568
244529856,이탈위험(90일+),Q4_고가,0.0,-0.01379269846220537,0.02294804929830281
244540992,Active(<30일),Q4_고가,1.0,-0.017750249752103514,0.013666313693130372
244555840,Active(<30일),Q2,,0.021174130484955367,-0.06131025950753649
244832384,관심필요(30~89일),Q1_저가,0.0,-0.009864835573039799,0.031296314465330224
245205440,이탈위험(90일+),Q3,,-0.013545083815264106,0.04356426547930165
245224000,이탈위험(90일+),Q3,,-0.004114551555728027,0.03389899498222715
245266688,Active(<30일),Q3,1.0,0.03890388187864002,-0.06375879907090065
245465280,이탈위험(90일+),Q3,0.0,-0.020747147755525552,0.02600215841106239
245565504,Active(<30일),Q4_고가,0.0,-0.0042141713488872135,0.020479778002328974
245576640,Active(<30일),Q3,0.0,0.024101973158129786,0.019003054300269717
245621184,관심필요(30~89일),Q2,0.0,-0.022462205033206117,-0.0049382124329994115
245751104,이탈위험(90일+),Q3,0.0,-0.019880948706418586,0.00591609930968863
245793792,이탈위험(90일+),Q2,0.0,-0.012564594968378417,0.049380180307143334
245888448,Active(<30일),Q3,0.0,-0.005047241005768505,-0.055198901233682846
246003520,Active(<30일),Q4_고가,0.0,0.0625680008383851,-0.03121846802596756
246283776,관심필요(30~89일),Q1_저가,0.0,-0.01968678612818936,-0.03669260608457797
246287488,Active(<30일),Q4_고가,0.0,0.015919825678643695,0.0004344261065464261
246289344,Active(<30일),Q3,0.0,-0.013172155100179217,-0.10049997205218891
246294912,Active(<30일),Q2,,0.022749934380105197,0.01656132099362495
246339456,이탈위험(90일+),Q4_고가,0.0,-0.014028152642715862,0.03544392276417413
246649408,Active(<30일),Q2,1.0,0.01635832929089992,0.026561262753976966
246764480,관심필요(30~89일),Q1_저가,0.0,-0.022050904524508197,0.007432499970255746
247003904,Active(<30일),Q4_고가,,0.010528893854970245,-0.012319403846467902
247007616,이탈위험(90일+),Q1_저가,1.0,-0.010287954597083794,0.03319626654132121
247341696,Active(<30일),Q2,,0.027297135868855626,0.006492369868375203
247510592,Active(<30일),Q3,0.0,0.02127177039639283,0.06888319676754318
247881792,Active(<30일),Q4_고가,0.0,0.03209088865670001,-0.03763533167692368
247926336,Active(<30일),Q4_고가,,0.13499403012791167,0.0933488893036265
248030272,관심필요(30~89일),Q4_고가,1.0,-0.004968768784520017,0.03951501657668399
248100800,Active(<30일),Q3,0.0,0.04263456992252057,0.026722176592592795
248592640,Active(<30일),Q3,0.0,-0.00190778667935472,0.0380169733847949
248611200,Active(<30일),Q3,0.0,0.03328225876217206,0.07356364370639301
249297920,Active(<30일),Q3,,0.02811059056293297,0.017781050863318715
249314624,Active(<30일),Q1_저가,0.0,0.025445514209248232,-0.02152866564101108
249336896,Active(<30일),Q3,1.0,0.03441581254923465,0.05387724539650918
249548480,Active(<30일),Q1_저가,0.0,0.02673694806084026,0.01716331910086888
249572608,관심필요(30~89일),Q4_고가,0.0,-0.0011003053813148367,0.1250250474172736
250021760,Active(<30일),Q2,0.0,0.03868823097972035,0.028946598157722103
250146112,Active(<30일),Q2,,0.03157201335109905,0.06052382622950936
251174336,Active(<30일),Q4_고가,0.0,0.0430134636590237,0.015961570897702226
251257856,Active(<30일),Q3,0.0,0.03691567100974738,0.04792994926779873
251309824,이탈위험(90일+),Q3,0.0,-0.008904028368980077,0.12788845521556064
251452736,Active(<30일),Q2,0.0,0.015679217321608374,-0.003292193478795058
251534400,이탈위험(90일+),Q4_고가,,0.008959670441286788,0.04594684094378178
251630912,이탈위험(90일+),Q1_저가,0.0,-0.009592643378645946,0.040637601375399755
251677312,이탈위험(90일+),Q2,,-0.008697126607967398,-0.0027958810595743455
251732992,이탈위험(90일+),Q4_고가,1.0,-0.014668962531257476,0.009163823443187752
251753408,Active(<30일),Q3,0.0,0.01365026771392136,0.01099673899832837
251799808,이탈위험(90일+),Q2,,-0.019940711459285818,0.01976914188303551
251874048,Active(<30일),Q2,,0.041661057765671416,0.024293792632607336
252085632,이탈위험(90일+),Q3,,-0.02071083452924885,0.014990453414171837
252202560,Active(<30일),Q3,0.0,0.04258671768666161,0.026931091933325824
252263808,이탈위험(90일+),Q3,0.0,-0.01312306816545021,0.018979394374689096
252592320,관심필요(30~89일),Q2,0.0,-0.025567118097289843,0.03117054820554438
252662848,Active(<30일),Q1_저가,0.0,0.13024459687051437,0.0951753473575635
252699968,Active(<30일),Q4_고가,0.0,-0.01826623016979223,0.003344219860959896
252701824,이탈위험(90일+),Q1_저가,0.0,-0.009970370182205451,0.03402836068018056
252854016,이탈위험(90일+),Q2,0.0,-0.01226302953440856,0.030112593156559342
253637248,관심필요(30~89일),Q3,1.0,-0.01785229404736538,0.018345789345771912
253817280,Active(<30일),Q2,0.0,-0.01547287077060494,0.026072396940464315
254246016,Active(<30일),Q3,0.0,0.047880368620138114,0.08139062645721118
254379648,Active(<30일),Q3,,0.006209848183764799,-0.05603656547577407
254513280,Active(<30일),Q3,0.0,0.01385112241423403,-0.004309424599265754
254539264,Active(<30일),Q1_저가,0.0,0.03683723982744047,-0.02722507230252047
254585664,Active(<30일),Q4_고가,0.0,0.0393347621262119,0.10481668728275528
254886336,Active(<30일),Q1_저가,,0.02450404538546702,-0.03586405667323289
255060800,이탈위험(90일+),Q3,0.0,-0.01993829589382111,-0.005678529894627943
255101632,Active(<30일),Q3,0.0,-0.013221196880315256,0.018467096547554462
255643584,이탈위험(90일+),Q1_저가,0.0,-0.011196158610934578,0.02263103283984802
256272768,Active(<30일),Q4_고가,0.0,0.012006350780065289,-0.007920623320513798
256547456,관심필요(30~89일),Q4_고가,0.0,0.00024158007845054286,0.016288204071352175
256733056,이탈위험(90일+),Q3,0.0,-0.020627283337509406,0.018498461489846782
256816576,Active(<30일),Q3,0.0,0.028421075205963153,0.04023526056491289
257011456,Active(<30일),Q2,0.0,0.03973298236169265,-0.03959688943686601
257390080,Active(<30일),Q2,1.0,0.023659625245188276,-0.006012083760945197
257987712,관심필요(30~89일),Q2,0.0,-0.025663702672569566,-0.01923930637049745
258074944,이탈위험(90일+),Q3,1.0,-0.012785705763067971,0.029559092101932125
258078656,Active(<30일),Q3,,0.07237470248861244,0.0067035254970316815
258091648,Active(<30일),Q1_저가,0.0,0.02162822084022009,0.006340495799995793
258128768,이탈위험(90일+),Q1_저가,0.0,-0.00981856404528271,0.012460695826737492
258271680,Active(<30일),Q3,1.0,0.028094615420940494,0.03921187609352994
258527808,Active(<30일),Q3,0.0,0.016783287848621375,0.04507141303281659
258737536,이탈위험(90일+),Q3,0.0,0.02889840274832675,0.028018412038331553
258765376,Active(<30일),Q3,,0.014030401065526443,0.0006073745451232737
258804352,관심필요(30~89일),Q4_고가,0.0,-0.017301945102335542,0.02020446818508173
258822912,Active(<30일),Q4_고가,0.0,0.0153068217109813,0.016056874975957647
258887872,Active(<30일),Q4_고가,0.0,0.01305992772530351,0.03066592210650615
259426112,이탈위험(90일+),Q2,1.0,-0.01226205893238761,0.01903462489758226
259570880,Active(<30일),Q1_저가,0.0,-0.005138800424248399,0.042690695099952075
260047872,Active(<30일),Q2,0.0,0.0009024504147478185,0.022625553193990483
260172224,Active(<30일),Q3,0.0,0.022802292918772005,-0.059062994682629766
260263168,Active(<30일),Q4_고가,,-0.010774051716195193,0.02736252904617892
260385664,Active(<30일),Q3,0.0,0.033394919424825864,0.09682184263961957
260443200,관심필요(30~89일),Q1_저가,0.0,-0.009891830885773376,0.04539199755485693
261159616,Active(<30일),Q2,0.0,-0.015331389852761002,-0.17984651117681516
261432448,이탈위험(90일+),Q4_고가,0.0,-0.013626228039745877,0.037222156886253424
261618048,Active(<30일),Q3,0.0,0.042251525787063926,0.10808689407040639
261918720,Active(<30일),Q1_저가,,0.07693992656297699,-0.12183739422833917
262367872,이탈위험(90일+),Q3,0.0,-0.0038152187607994187,0.040720541200709226
262870848,Active(<30일),Q3,0.0,0.0356527201919562,0.05719847734460304
262928384,Active(<30일),Q3,,0.02568301786177607,0.022469205406342896
262941376,Active(<30일),Q2,0.0,0.01228895737082103,-0.0038783161572644165
262950656,Active(<30일),Q3,,0.038260864132253936,0.036699876175733004
262998912,Active(<30일),Q2,,0.03562050212978307,0.004000760369561651
263004480,Active(<30일),Q3,,0.025830330354357445,0.02617629145038658
263052736,Active(<30일),Q4_고가,,0.017032513374704905,0.07000161672435923
263071296,Active(<30일),Q3,0.0,0.026498771416934908,0.01604977475198044
263075008,Active(<30일),Q3,,-0.015037499074204042,-0.027913625015832277
263106560,관심필요(30~89일),Q3,0.0,-0.01622071196477369,0.0368204180993188
263145536,관심필요(30~89일),Q3,0.0,-0.01205634103586821,0.027120713428535642
263208640,Active(<30일),Q1_저가,0.0,0.042606489376007584,-0.005971159298802098
263284736,Active(<30일),Q4_고가,0.0,0.023579409255546135,0.08194759560084419
263292160,Active(<30일),Q1_저가,0.0,0.026156330551844298,0.04043273876836262
263320000,Active(<30일),Q2,0.0,0.0001456635247076843,0.014047779078226297
263351552,Active(<30일),Q4_고가,0.0,-0.022114696546550794,0.009286140635884232
263368256,Active(<30일),Q3,,0.005423189706380782,-0.04772177551193102
263407232,Active(<30일),Q1_저가,1.0,0.02550620414659799,0.008638782676419487
263427648,Active(<30일),Q3,0.0,0.02097766005318158,0.05432848599454343
263431360,관심필요(30~89일),Q1_저가,0.0,-0.021850710533322937,0.009217346734508941
263505600,이탈위험(90일+),Q4_고가,,-0.012578056973185647,0.08560408186945345
263516736,관심필요(30~89일),Q1_저가,0.0,-0.020922167007523362,-0.007632111868133451
263758016,관심필요(30~89일),Q4_고가,0.0,-0.03899076597424833,-0.06945612562671971
263821120,Active(<30일),Q3,1.0,0.025078954486844496,0.05031881915854508
263832256,Active(<30일),Q4_고가,,0.029032349685879644,0.022482299005664563
263897216,이탈위험(90일+),Q1_저가,0.0,-0.012093670510422164,0.01691343838897845
263908352,이탈위험(90일+),Q2,0.0,-0.006119457091272568,0.009946837666861497
263938048,Active(<30일),Q3,0.0,0.025464420052712766,0.08363186220612451
263973312,Active(<30일),Q2,,0.020973024728171863,-0.020319463106166946
264047552,관심필요(30~89일),Q2,0.0,-0.023239193655336998,-0.021876008526724777
264151488,Active(<30일),Q4_고가,,0.019650456704497832,-0.05048001451692641
264157056,관심필요(30~89일),Q4_고가,0.0,0.03388134450927412,0.08370796747843008
264207168,Active(<30일),Q3,0.0,0.01758028778624421,0.011512648742215248
264273984,이탈위험(90일+),Q3,,-0.04287135318810198,-0.07240780046732154
264517120,이탈위험(90일+),Q1_저가,0.0,0.011743712187281659,0.05244173577092978
264533824,Active(<30일),Q3,0.0,0.00959112780041993,0.010777778736026034
264537536,관심필요(30~89일),Q4_고가,,-0.030676668203875934,-0.00509955330978043
264548672,Active(<30일),Q4_고가,0.0,0.013639790366789528,-0.01729212219052101
264673024,Active(<30일),Q3,,0.03437678757832685,-0.012463423987244204
264899456,Active(<30일),Q3,0.0,0.013912192662078215,-0.07019279351933638
264942144,Active(<30일),Q2,0.0,0.02356046798185618,0.00019599037563811095
265005248,Active(<30일),Q2,0.0,0.031139967061435514,0.05979777367972716
265008960,Active(<30일),Q3,,0.01932684490230374,0.016960592325295343
265155584,Active(<30일),Q1_저가,,0.0012061166898329617,0.05021972020667573
265168576,관심필요(30~89일),Q2,0.0,-0.020780238619835023,-0.05906398699317822
265242816,Active(<30일),Q2,0.0,0.029958592240930892,-0.07641173116617417
265270656,Active(<30일),Q3,0.0,0.017657216730891268,-0.01137343943396485
265341184,Active(<30일),Q3,1.0,0.046163709978078143,0.0685200692898848
265465536,이탈위험(90일+),Q1_저가,0.0,-0.010195357228792605,0.04739962393809138
265471104,Active(<30일),Q2,,-0.008798013398411297,0.026561524798316666
265740224,관심필요(30~89일),Q2,0.0,-0.00498335006239059,-0.005709734185053439
266449216,Active(<30일),Q3,0.0,0.01176992820745748,0.010740205365202482
266480768,Active(<30일),Q1_저가,0.0,0.07044505785078592,-0.003915260274609367
266619968,이탈위험(90일+),Q2,0.0,-0.04019909881718259,0.01537245714468674
266658944,이탈위험(90일+),Q2,0.0,0.008610321429401234,0.040687070350775345
266662656,이탈위험(90일+),Q4_고가,0.0,0.021955238209273892,0.042991529908575785
266688640,Active(<30일),Q1_저가,0.0,0.021159428992412854,-0.07774977945591544
266701632,Active(<30일),Q4_고가,0.0,-0.011495624898007789,0.031134391151634244
266766592,Active(<30일),Q2,0.0,-0.007351457889605215,0.03685922180398836
266863104,관심필요(30~89일),Q2,,-0.022465593762557412,0.010766781693559269
266942912,Active(<30일),Q1_저가,0.0,0.011806336603255474,0.04197690307659985
267093248,Active(<30일),Q3,0.0,0.019202280200732114,0.06096632400813784
267100672,Active(<30일),Q3,0.0,0.011545733858158491,-0.0018635828193939163
267106240,Active(<30일),Q3,0.0,-0.01255230932719495,0.00606327245974328
267210176,Active(<30일),Q4_고가,0.0,0.014965353863876873,0.01174238680519546
267299264,이탈위험(90일+),Q1_저가,,-0.01010758860204379,0.04000154259627478
267343808,이탈위험(90일+),Q1_저가,0.0,-0.009638835518695994,0.0416982173641004
267358656,Active(<30일),Q1_저가,,-0.004886142065690019,0.03290061967916033
267440320,이탈위험(90일+),Q3,,-0.024912069631314093,-0.012945239746996351
267677888,Active(<30일),Q2,,0.043117059579658834,-0.08641566688035612
267681600,이탈위험(90일+),Q2,0.0,-0.012407449529702137,0.028497965806869766
267685312,Active(<30일),Q3,0.0,0.013013329248681704,0.01842902009337133
267690880,관심필요(30~89일),Q1_저가,,-0.013718550063497856,0.0420496074573902
267705728,Active(<30일),Q4_고가,0.0,0.026210187393232443,0.0727232583549644
267891328,Active(<30일),Q3,,0.03626042831518861,0.0480237698183712
267904320,이탈위험(90일+),Q1_저가,0.0,-0.02810328311303867,-0.026832003052400966
268089920,Active(<30일),Q3,,0.018946324684918858,0.03434365724968247
268104768,Active(<30일),Q1_저가,1.0,0.05311868424180388,-0.026807764630297548
268151168,Active(<30일),Q2,,-0.015256541950282088,0.05034374289649596
268308928,관심필요(30~89일),Q2,0.0,-0.022362559868341958,0.005797313055758868
268323776,Active(<30일),Q2,,0.008365861380895345,-0.0939008542359524
268327488,이탈위험(90일+),Q1_저가,0.0,-0.00748406075114913,0.021709843625182884
268388736,Active(<30일),Q4_고가,0.0,0.01917492024311096,-0.04493222822188703
268411008,Active(<30일),Q1_저가,1.0,-0.009769033888924694,-0.03997927088633635
268895424,이탈위험(90일+),Q3,0.0,-0.013623686361566273,0.04256617525765859
269049472,관심필요(30~89일),Q2,0.0,-0.010911670965914083,0.038603804934162544
269246208,Active(<30일),Q3,0.0,0.004863205880399013,-0.0640227046448264
269259200,Active(<30일),Q3,0.0,0.02730562889314747,0.027364890044447532
269387264,관심필요(30~89일),Q1_저가,,-0.010328424410260773,0.005032315033528592
269418816,이탈위험(90일+),Q1_저가,0.0,-0.03860972306302177,-0.020247068462126316
269470784,관심필요(30~89일),Q2,0.0,0.014453529767169127,-0.04665075486594128
269535744,Active(<30일),Q2,1.0,0.03083087299274001,0.12678681961300353
269558016,Active(<30일),Q2,0.0,0.014678008887826333,0.02208043969456086
269604416,Active(<30일),Q2,,0.013763258668840206,0.0020244921675890426
269639680,Active(<30일),Q1_저가,0.0,0.017668316972670794,-0.1347418026165006
269932928,Active(<30일),Q1_저가,,0.04153188542479763,0.02829875194153597
269936640,이탈위험(90일+),Q2,0.0,-0.0052150291020376105,-0.010956389044734227
269944064,Active(<30일),Q4_고가,0.0,0.038121854486311946,0.0039190255716697875
269949632,이탈위험(90일+),Q1_저가,0.0,-0.024250806790615767,-0.029656291898460807
269994176,Active(<30일),Q2,,0.016832933866893773,0.058457716291662964
270031296,관심필요(30~89일),Q1_저가,,-0.012925767079877318,0.036725852047310645
270048000,이탈위험(90일+),Q2,,-0.012495589787397093,0.028426815986539705
270062848,Active(<30일),Q1_저가,,0.018090681374060336,-0.021012438282203227
270118528,이탈위험(90일+),Q4_고가,0.0,-0.00865885274944242,0.03187106614451196
270129664,Active(<30일),Q1_저가,,0.06475860250946597,0.02678255914043365
270138944,Active(<30일),Q3,,0.018140662762425652,-0.005820697458830848
270322688,Active(<30일),Q1_저가,,0.019233008118435257,-0.006157087848634946
270346816,Active(<30일),Q1_저가,0.0,0.03647887792727078,-0.01920886280435863
270382080,관심필요(30~89일),Q2,0.0,-0.02454944241132634,0.019878081105213996
270545408,Active(<30일),Q1_저가,0.0,-0.00569193654784729,0.054201618192386766
270575104,이탈위험(90일+),Q1_저가,0.0,0.01250804839995976,0.04852138766644707
270627072,이탈위험(90일+),Q2,0.0,-0.019797611054037045,0.027106570166901586
271076224,Active(<30일),Q3,0.0,0.034157433491304845,-0.07994745881022092
271243264,이탈위험(90일+),Q1_저가,0.0,-0.012013339545649072,0.037999100899423134
271412160,Active(<30일),Q1_저가,,0.022023707077399923,-0.0008309675565654207
271484544,이탈위험(90일+),Q3,1.0,-0.055498541981069016,-0.02305310405844574
271512384,Active(<30일),Q2,0.0,0.01441484912027624,0.007632862496297466
271516096,이탈위험(90일+),Q4_고가,0.0,-0.011031167939488162,0.03042387668691006
271887296,Active(<30일),Q1_저가,0.0,0.02392200668024963,0.033537949767485864
271974528,Active(<30일),Q4_고가,,0.012121709003542147,-0.00923609946296966
271976384,이탈위험(90일+),Q3,,-0.013536274123689414,0.034955920757090225
272187968,이탈위험(90일+),Q4_고가,0.0,0.03124713609475145,0.04397209791058189
272349440,관심필요(30~89일),Q1_저가,1.0,0.0007069969540785814,0.06558882157097998
272360576,관심필요(30~89일),Q1_저가,0.0,-0.006078136160954095,0.041827399043308525
272366144,Active(<30일),Q4_고가,1.0,0.024681403184952377,0.025398766181914056
272369856,Active(<30일),Q2,0.0,0.008779552954137126,0.00098509334804886
272516480,Active(<30일),Q2,1.0,0.026881592373242613,0.03548005956590505
272529472,Active(<30일),Q4_고가,0.0,0.03591057130904951,0.02128157573739642
272832000,관심필요(30~89일),Q1_저가,0.0,-0.020367027501562912,0.002239404453414917
272844992,관심필요(30~89일),Q3,,-0.0022805206209918216,0.15122447822835183
272859840,Active(<30일),Q2,0.0,0.01762489050386451,-0.014126371579624541
272924800,Active(<30일),Q1_저가,0.0,0.008340711164271208,0.029824458710200535
272937792,이탈위험(90일+),Q1_저가,,-0.05305604514452883,-0.03067249070682021
273041728,Active(<30일),Q4_고가,0.0,0.02719153173207356,-0.019812409741167936
273171648,Active(<30일),Q1_저가,0.0,0.032973723779072,0.05909514400544075
273472320,Active(<30일),Q3,0.0,0.023230965216982757,0.01185054268502539
273490880,Active(<30일),Q1_저가,1.0,0.010497744322763403,-0.0016152579298230885
273513152,관심필요(30~89일),Q2,0.0,-0.02226519789562903,-0.10846819743904901
273592960,이탈위험(90일+),Q1_저가,1.0,-0.011930358881605235,0.03345680681721212
273724736,이탈위험(90일+),Q1_저가,0.0,-0.008948738314997762,-0.008352679846443917
273741440,Active(<30일),Q4_고가,0.0,0.0012113534883682608,0.06686985225465936
273769280,이탈위험(90일+),Q3,1.0,-0.018489766487766707,0.01493852162038517
273904768,Active(<30일),Q2,0.0,0.04795636219701527,0.024822800491531738
274047680,이탈위험(90일+),Q2,0.0,-0.003967864379303791,0.009091933172068023
274092224,Active(<30일),Q1_저가,0.0,0.04143086368444815,0.07575983619930604
274287104,Active(<30일),Q3,0.0,-0.0033108488946215764,-0.09281669478728688
274346496,이탈위험(90일+),Q4_고가,0.0,-0.02139086893437621,0.019239899443227335
274353920,Active(<30일),Q3,,0.0005273376170940591,0.008863641510765019
274398464,Active(<30일),Q2,,0.0572602223134796,-0.019778584811604882
274665728,Active(<30일),Q2,,-0.011523244521046805,-0.09585475086828654
274704704,이탈위험(90일+),Q2,0.0,-0.0034614628896422472,0.040446716311052594
274710272,이탈위험(90일+),Q4_고가,0.0,-0.015175636936106934,0.021108815400253222
274754816,관심필요(30~89일),Q3,,-0.016175189582134514,0.03585433157218029
274795648,관심필요(30~89일),Q3,0.0,-0.0022454997131541587,-0.005185783624263696
274945984,Active(<30일),Q4_고가,0.0,-0.004077439317121956,-0.013274293293798478
274966400,Active(<30일),Q2,,0.01666167190659429,0.047756724460565225
274988672,Active(<30일),Q2,1.0,0.008740624569410826,-0.028546373168562567
275005376,관심필요(30~89일),Q3,0.0,-0.019449368117049615,0.02244690786764661
275023936,Active(<30일),Q1_저가,0.0,0.043006992968185775,0.03565970372716515
275088896,관심필요(30~89일),Q4_고가,,-0.00431791529977589,0.02702813027149495
275304192,관심필요(30~89일),Q1_저가,,0.008807682608644007,-0.05985249656689948
275530624,이탈위험(90일+),Q4_고가,0.0,-0.01422693454972563,0.017496085909858836
275656832,Active(<30일),Q2,0.0,0.01665109169378065,0.04016189774312928
275868416,Active(<30일),Q4_고가,1.0,0.03661622020320798,0.05539186629990278
276003904,Active(<30일),Q3,1.0,0.014082055997340082,-0.0496110740585225
276009472,이탈위험(90일+),Q4_고가,1.0,-0.022029520566948887,0.024927736572424725
276059584,이탈위험(90일+),Q1_저가,0.0,-0.009223533503009092,0.03245184236110733
276091136,이탈위험(90일+),Q1_저가,1.0,-0.010885840353338741,0.047039803993936945
276226624,이탈위험(90일+),Q1_저가,0.0,-0.011691199161432797,0.03843793443150611
276239616,Active(<30일),Q1_저가,,-0.00039915869134060644,0.048794265317252866
276480896,Active(<30일),Q1_저가,0.0,0.02578697364801985,-0.03270093523053358
276612672,Active(<30일),Q2,0.0,-0.012259962033931149,0.02258479994903434
276772288,이탈위험(90일+),Q1_저가,0.0,-0.010129888132193982,0.03504507245502489
276898496,Active(<30일),Q4_고가,1.0,-0.021038712214367206,-0.07658812075301702
276913344,Active(<30일),Q4_고가,0.0,0.04132903743949212,0.008145421018507903
276972736,이탈위험(90일+),Q2,1.0,-0.011082205412111905,0.028449797848730668
277468288,Active(<30일),Q1_저가,,0.03792525405678482,-0.07474322722933902
277488704,Active(<30일),Q1_저가,,0.02017361395208317,-0.02724793273514603
277923008,관심필요(30~89일),Q3,,-0.010871338616961837,0.05211320748926482
278010240,Active(<30일),Q2,0.0,0.02213473458484494,0.06992932208834102
278271936,Active(<30일),Q2,0.0,0.015943434167348003,0.010078885440599539
278283072,Active(<30일),Q1_저가,0.0,0.0013468473324924485,0.04788439495226893
278856576,이탈위험(90일+),Q1_저가,0.0,-0.005844745711746285,0.03855189745133271
278902976,이탈위험(90일+),Q1_저가,0.0,-0.005550052151410828,0.03705701248004849
278949376,이탈위험(90일+),Q4_고가,0.0,-0.020133085652136368,0.01355396213125691
278956800,이탈위험(90일+),Q1_저가,0.0,-0.017687777106504585,0.026778923793476253
279008768,Active(<30일),Q3,0.0,0.008719300395593987,-0.035516896222014926
279181376,Active(<30일),Q1_저가,1.0,0.030497292334434434,-0.010859921310899301
279287168,Active(<30일),Q4_고가,,0.01759638212225234,0.11596469068107673
279456064,관심필요(30~89일),Q4_고가,,0.005721338675672372,-0.07044910683289834
279522880,관심필요(30~89일),Q3,,-0.011076219536512374,0.05515515900360429
279587840,이탈위험(90일+),Q1_저가,1.0,-0.022606314838938754,-0.008722209390858354
279595264,Active(<30일),Q3,0.0,0.005310064804237569,-0.05743649825230557
279736320,Active(<30일),Q1_저가,0.0,0.03610232501213073,0.1258669890939268
279743744,Active(<30일),Q2,0.0,0.015352823780326874,0.018328517318119353
279875520,이탈위험(90일+),Q3,0.0,-0.021190497050404933,0.02444123498562703
279907072,Active(<30일),Q3,,0.04470188492126176,-0.042989114411297935
280062976,Active(<30일),Q3,,0.0171400804930828,-0.0008428753985747495
280135360,관심필요(30~89일),Q4_고가,0.0,-0.009447875582041076,0.17478817461887025
280146496,관심필요(30~89일),Q3,,0.008775721182566087,0.11985934597578646
280289408,이탈위험(90일+),Q1_저가,0.0,-0.008944154159288752,0.03987826786714102
280436032,Active(<30일),Q2,,0.02611326907930256,0.015525544331136287
280816512,Active(<30일),Q2,0.0,0.06889599845629946,0.020172837186412662
280922304,Active(<30일),Q1_저가,,0.011551138012789397,-0.0029753810600181008
280950144,관심필요(30~89일),Q2,0.0,0.0066623992045021785,0.12054075035724116
281258240,관심필요(30~89일),Q3,0.0,0.024967330518629843,0.07380791564793228
281276800,Active(<30일),Q1_저가,0.0,0.03822518402064534,-0.012222751338919369
281423424,Active(<30일),Q2,,-0.017226621831779698,-0.03436484569140891
281456832,Active(<30일),Q1_저가,,0.038549572582633806,0.010624166488557463
281555200,이탈위험(90일+),Q4_고가,,-0.01431812508506617,0.026521049684494716
281646144,이탈위험(90일+),Q4_고가,0.0,-0.0058512216533526465,0.031003544663901136
281649856,Active(<30일),Q4_고가,,0.007663106146372889,-0.05738620725771715
282004352,Active(<30일),Q3,,0.015860293118612923,-0.0021496334967611164
282043328,Active(<30일),Q1_저가,0.0,0.02309590985810328,-0.011164436521710064
282238208,Active(<30일),Q2,0.0,0.011698599142367594,0.011968620202562397
282574144,Active(<30일),Q1_저가,0.0,0.0009000565797582932,0.06414745424372023
282603840,Active(<30일),Q2,1.0,0.018438220899386626,0.03432904187595154
282728192,Active(<30일),Q2,1.0,0.04158335761234566,0.10793863137844473
282809856,Active(<30일),Q1_저가,0.0,0.041264734864648656,-0.0960321250424947
283036288,Active(<30일),Q2,0.0,0.043910389213713485,0.029227552791862066
283138368,Active(<30일),Q2,0.0,0.130278253173983,0.05543770944892201
283194048,이탈위험(90일+),Q1_저가,1.0,-0.011651093531608883,0.02459274313595808
283270144,Active(<30일),Q4_고가,,0.01601208506874152,-0.0027449261689314053
283487296,이탈위험(90일+),Q2,0.0,-0.0067691776592154335,0.017247126892468836
283507712,관심필요(30~89일),Q4_고가,0.0,-0.0003144216324060256,0.0643064470865718
283520704,Active(<30일),Q1_저가,0.0,-0.008733801451685036,0.022151696206541394
283645056,Active(<30일),Q2,0.0,0.021180953951618675,0.04610128965914562
283672896,Active(<30일),Q4_고가,0.0,-0.02038556371148359,0.010672618107965492
284209280,관심필요(30~89일),Q4_고가,0.0,0.003408651098819271,0.1332218201261698
284233408,Active(<30일),Q1_저가,0.0,-0.01387034809878862,-0.08606743413115142
284545216,Active(<30일),Q2,0.0,0.00022550333403140166,0.018403962941391683
284831040,이탈위험(90일+),Q3,0.0,-0.012400147405871594,0.028122041084714097
285252352,Active(<30일),Q1_저가,0.0,0.019927932135671345,-0.018998517901945844
285512192,Active(<30일),Q2,0.0,0.009608572920488778,0.00585379564956634
285517760,Active(<30일),Q2,1.0,0.012163977120247998,0.06742632174014979
285554880,이탈위험(90일+),Q1_저가,1.0,-0.003251183267972871,0.041717413162862635
285677376,Active(<30일),Q1_저가,0.0,0.021556114892694267,-0.06046902059371184
285721920,Active(<30일),Q3,,0.011058838526240677,-0.002736643030973873
285772032,Active(<30일),Q1_저가,0.0,0.03257225415528753,-0.016736304540868274
285909376,관심필요(30~89일),Q3,0.0,-0.00032727516078709384,-0.0069807680884258205
286043008,관심필요(30~89일),Q3,0.0,0.003998031847781469,-0.05895544293348304
286119104,이탈위험(90일+),Q1_저가,0.0,-0.010486357900289421,0.045803154004330646
286171072,Active(<30일),Q2,0.0,0.0475325352768734,-0.018901869926805648
286185920,Active(<30일),Q2,1.0,0.0365798492274822,0.029037520870671574
286189632,관심필요(30~89일),Q3,0.0,-0.020687915977312593,0.025977343325971153
286378944,이탈위험(90일+),Q1_저가,0.0,-0.012363116308374278,0.03308760872613166
286744576,관심필요(30~89일),Q1_저가,,-0.019497755029549535,-0.03327709619105701
286792832,이탈위험(90일+),Q1_저가,0.0,-0.009588882552577456,0.03176488485302169
286796544,Active(<30일),Q3,0.0,0.02334117995752316,-0.04212815076287335
286980288,이탈위험(90일+),Q2,0.0,-0.011787046848280636,0.004798039776280544
287039680,이탈위험(90일+),Q4_고가,0.0,-0.012475876720324297,0.012287887935829828
287262400,관심필요(30~89일),Q3,0.0,-0.02113007260489924,0.02090843380606544
287292096,Active(<30일),Q3,,0.017760878746508446,0.016806001068152665
287308800,이탈위험(90일+),Q4_고가,1.0,-0.015331899388786221,0.02608448397724425
287518528,관심필요(30~89일),Q3,0.0,0.01601569986021345,0.009291632037850772
287659584,Active(<30일),Q2,0.0,0.03897871426123001,-0.009539703155844181
287670720,이탈위험(90일+),Q2,0.0,-0.030147646792068272,0.016409823769624965
287822912,Active(<30일),Q2,0.0,0.027449439735105607,-0.06654498421090671
287928704,Active(<30일),Q4_고가,1.0,0.05467444721300241,0.0833756229053565
287973248,Active(<30일),Q2,0.0,0.032656104529570296,-0.05673929336542444
288734208,Active(<30일),Q3,0.0,-0.015263003246102858,0.015027578948768938
288873408,이탈위험(90일+),Q1_저가,0.0,-0.010262015942457119,0.042814128658621164
289242752,이탈위험(90일+),Q4_고가,0.0,-0.01580112090675427,0.03845065081825906
289248320,Active(<30일),Q4_고가,0.0,0.03034099709416216,0.03400988051775666
289402368,이탈위험(90일+),Q3,0.0,-0.006769793980783992,0.019572595021687886
289652928,Active(<30일),Q2,0.0,0.04336049330435732,0.047180122293376425
290228288,Active(<30일),Q1_저가,0.0,0.011011090853202399,-0.054914189496414134
290309952,이탈위험(90일+),Q1_저가,0.0,-0.01098878535747231,0.03711082088312041
290339648,Active(<30일),Q1_저가,1.0,0.012424743679648409,-0.034716117055031304
290421312,관심필요(30~89일),Q3,0.0,0.005250133497729292,0.09332214988908216
290623616,이탈위험(90일+),Q4_고가,0.0,-0.012048845826419935,0.06502897602333091
290673728,이탈위험(90일+),Q4_고가,0.0,-0.014158536706659931,0.02535321879930659
290824064,Active(<30일),Q1_저가,0.0,0.047697711437198365,-0.11102488008088007
291050496,Active(<30일),Q3,,0.02921384382643122,0.025750589536727486
291074624,Active(<30일),Q2,0.0,0.016181224551884643,0.002468846576993977
291258368,Active(<30일),Q4_고가,1.0,0.015653012069032024,0.005249913119568905
291417984,이탈위험(90일+),Q3,0.0,-0.013838003269338164,0.03397925516897478
292115840,Active(<30일),Q3,1.0,0.021064648335775593,0.015251591160702627
292234624,관심필요(30~89일),Q4_고가,0.0,-0.01995332986392466,-0.0032122415366851176
292381248,관심필요(30~89일),Q2,0.0,-0.029306417931217466,0.008709484174220183
292383104,관심필요(30~89일),Q1_저가,1.0,-0.014887627574945037,0.010936918288887307
292576128,Active(<30일),Q3,0.0,0.029572435468411262,0.09863036434452221
292787712,이탈위험(90일+),Q2,0.0,-0.028886390756597324,-0.05332880951263835
292811840,관심필요(30~89일),Q1_저가,0.0,0.04799418450872195,0.04204426145184584
292904640,이탈위험(90일+),Q4_고가,0.0,-0.021962895252347528,0.019443623895714468
292980736,Active(<30일),Q1_저가,1.0,0.01805920177215714,-0.018346407442871582
293001152,Active(<30일),Q4_고가,0.0,0.011793630321550896,-0.015859659785185
293190464,Active(<30일),Q4_고가,1.0,0.032482487404580596,0.009096973092591387
293526400,이탈위험(90일+),Q3,0.0,-0.03054877715263246,0.002431243546123868
293732416,관심필요(30~89일),Q4_고가,0.0,0.007216726037784449,0.12377053673917737
293767680,Active(<30일),Q4_고가,0.0,0.0075729107090417025,-0.010459683328031488
294005248,관심필요(30~89일),Q2,,0.004330139841502045,-0.03890081319762717
294255808,Active(<30일),Q1_저가,0.0,0.03327089673941874,-0.08331784278261489
294677120,Active(<30일),Q3,0.0,0.00573670203180876,0.03886306354515068
294678976,Active(<30일),Q3,0.0,0.014199084144829621,0.009540558365322749
294892416,관심필요(30~89일),Q3,0.0,0.012665850918456067,-0.06957218173572538
294910976,이탈위험(90일+),Q1_저가,0.0,-0.01190408143582048,0.029657758863759834
295180096,Active(<30일),Q1_저가,0.0,0.0705403030431333,0.004053516228526399
295204224,Active(<30일),Q4_고가,0.0,0.03009536881602881,0.016514816732776993
295877952,관심필요(30~89일),Q2,1.0,-0.011526775035967704,0.03977546621394133
296186048,이탈위험(90일+),Q1_저가,0.0,-0.011080989016088512,0.038061139488326554
296217600,이탈위험(90일+),Q4_고가,0.0,-0.03207069940968729,0.0043885591709900695
296275136,Active(<30일),Q2,1.0,-0.01628747856491841,0.02511532168416364
296347520,Active(<30일),Q1_저가,1.0,0.012793597636217346,-0.009641104983911353
296483008,Active(<30일),Q4_고가,,0.019334772029233838,0.0061112753590948365
296484864,Active(<30일),Q1_저가,0.0,0.03222430345183758,-0.09571984245660992
296618496,이탈위험(90일+),Q1_저가,0.0,-0.010130588964993165,0.02322512349697009
297028672,Active(<30일),Q3,0.0,0.007905261291940802,-0.04184095736078053
297132608,Active(<30일),Q4_고가,0.0,0.10583471052769955,0.08841034114570312
297372032,이탈위험(90일+),Q2,0.0,-0.01275194148903331,0.03328810616492309
297746944,이탈위험(90일+),Q4_고가,0.0,-0.034874405401680214,-0.029558640303126382
297921408,이탈위험(90일+),Q1_저가,0.0,-0.012006795899881094,0.03709304680305607
297999360,Active(<30일),Q4_고가,0.0,0.018095484971025866,0.028452239754325537
298218368,Active(<30일),Q2,0.0,0.04461087107824013,0.06340372163780095
298353856,Active(<30일),Q4_고가,0.0,0.009176936610938713,0.027806172936031492
298736192,관심필요(30~89일),Q3,0.0,-0.021497813650784847,0.006955758201809159
298973760,Active(<30일),Q2,,0.024536914985028746,0.01278628625749384
299109248,관심필요(30~89일),Q2,,-0.0030173569414809753,-0.029162032606426386
299194624,관심필요(30~89일),Q4_고가,0.0,-0.0035786229169025574,0.03147559522847296
299400640,Active(<30일),Q4_고가,0.0,0.01625505310965536,-0.0014252738650549768
299684608,Active(<30일),Q4_고가,0.0,0.009742364415767202,0.02351844660434732
299714304,Active(<30일),Q1_저가,,0.051720004848205714,-0.06927513827287068
299860928,Active(<30일),Q3,0.0,0.011676631595878673,0.018381304506699725
300328640,이탈위험(90일+),Q1_저가,0.0,-0.02210049432645854,-0.02691584496581989
300582912,관심필요(30~89일),Q3,0.0,-0.025030985327779448,0.014589749019187526
300610752,관심필요(30~89일),Q4_고가,0.0,-0.006734524469499847,0.08553356822480201
300657152,이탈위험(90일+),Q2,0.0,-0.005769288387440841,0.20237189171541353
300744384,관심필요(30~89일),Q4_고가,0.0,-0.01115743015337023,0.0338033930908235
300800064,Active(<30일),Q2,0.0,0.02668134470175121,0.03561654800971492
300861312,관심필요(30~89일),Q2,0.0,0.0033734613037146033,-0.01201855363828544
301570304,이탈위험(90일+),Q2,1.0,-0.013123077775845184,0.024410171499563454
301698368,Active(<30일),Q2,0.0,0.02177260868516795,0.02347632505550845
301935936,관심필요(30~89일),Q3,,0.010106332718014865,0.11588107735748049
301961920,Active(<30일),Q3,0.0,0.03787770878890939,-0.0017909813754426462
303088512,관심필요(30~89일),Q2,0.0,-0.00955991499374885,0.047968034980780075
303108928,관심필요(30~89일),Q2,0.0,0.014211132117679048,-0.09085891884181108
303155328,Active(<30일),Q4_고가,0.0,0.01601554334580013,-0.0028849343220834767
303170176,이탈위험(90일+),Q1_저가,0.0,-0.011969749159007108,0.04210441739167798
303227712,이탈위험(90일+),Q3,0.0,-0.010495092267105322,0.00842115590337919
303702848,이탈위험(90일+),Q3,,-0.012490330129649133,0.03097230802598122
303719552,Active(<30일),Q2,0.0,0.021196325488055,-0.04336092825536331
304196544,Active(<30일),Q2,0.0,0.02494985943228667,0.01913007500671915
304202112,이탈위험(90일+),Q2,0.0,-0.012908734778947481,0.030473586018447185
304491648,Active(<30일),Q1_저가,0.0,0.02766091165462392,-0.016333057283769548
304493504,Active(<30일),Q4_고가,0.0,0.013629090624476037,0.024745770900166275
304623424,이탈위험(90일+),Q4_고가,0.0,-0.009443276730124212,0.009879782994479336
304630848,Active(<30일),Q4_고가,0.0,0.03819824710541808,0.01998842490088537
304684672,Active(<30일),Q3,0.0,0.01837391109286629,0.016648236687159146
305059584,이탈위험(90일+),Q3,0.0,-0.01372495013482846,0.037346175280764254
305336128,이탈위험(90일+),Q4_고가,0.0,-0.007885380805692926,0.012560149927516195
305493888,관심필요(30~89일),Q2,,0.04431811680954617,0.022376295473040847
305523584,Active(<30일),Q2,,0.05203437035861147,0.027929344480879692
305640512,Active(<30일),Q3,,0.03965718467632273,0.03349462522021651
305644224,관심필요(30~89일),Q2,0.0,-0.025141378741135784,0.0016261833842863282
305788992,관심필요(30~89일),Q3,0.0,-0.009195329291595444,0.05834501036812434
305829824,Active(<30일),Q1_저가,0.0,0.005127182352747728,0.038000685310302706
306080384,이탈위험(90일+),Q3,,-0.02097401798888071,-0.005925621527720082
306117504,Active(<30일),Q3,0.0,0.039423394439102255,0.10629824473637306
306497984,이탈위험(90일+),Q4_고가,,-0.006687038546925261,0.04664836852230898
306811648,이탈위험(90일+),Q1_저가,,-0.009721179097323784,0.03634925414595583
306898880,Active(<30일),Q2,,0.017841759863721385,0.030749575610160562
306952704,Active(<30일),Q1_저가,0.0,0.014586198926727995,0.07463109462823958
307071488,Active(<30일),Q3,0.0,-0.021418747136436544,0.004533512296490627
307080768,Active(<30일),Q4_고가,,0.007773718972596488,0.023461260312990506
307284928,Active(<30일),Q3,0.0,0.02717794189338918,0.016205572483520725
307368448,Active(<30일),Q4_고가,,0.023016275381856577,0.011600239596440742
307528064,관심필요(30~89일),Q3,,-0.023588447679226576,-0.010986493780934081
307628288,Active(<30일),Q4_고가,,-0.026585873893582967,0.039105466668702404
307711808,Active(<30일),Q2,1.0,0.021844970799362762,0.04133130577870192
307793472,Active(<30일),Q3,,0.01620570012018374,0.025993725942133006
307845440,Active(<30일),Q2,0.0,0.040244655077812386,0.02618725890986562
307927104,Active(<30일),Q2,0.0,0.029943588035552415,0.005271223421709992
307934528,Active(<30일),Q4_고가,,-0.0022129099159454713,-0.016072260512903336
308021760,관심필요(30~89일),Q3,0.0,-0.02619850167780341,0.022258861396300428
308025472,Active(<30일),Q2,0.0,-0.0017569288796614874,0.05014525952987048
308134976,Active(<30일),Q4_고가,0.0,-0.00485367651666771,0.05188568807932287
308521024,관심필요(30~89일),Q4_고가,0.0,0.002417851442162111,0.06820020912895108
308569280,Active(<30일),Q4_고가,0.0,0.004565151356639263,-0.04760333673005013
308617536,관심필요(30~89일),Q2,,-0.017027522486615168,-1.1448182189857659e-05
308619392,Active(<30일),Q3,0.0,0.009844055536291474,-0.032210547260483
308762304,관심필요(30~89일),Q4_고가,0.0,-0.01865694956642998,0.020481991071914174
308842112,관심필요(30~89일),Q2,0.0,0.004239979944478001,-0.018444933473102526
308955328,Active(<30일),Q1_저가,,0.010410873809653443,-0.06606982249673254
309038848,Active(<30일),Q2,,0.022292644489288804,-0.09340364058706319
309096384,이탈위험(90일+),Q1_저가,,-0.0020758527376543157,0.07207856349564035
309256000,Active(<30일),Q2,0.0,0.015936433314375997,-0.004280535358043958
309417472,이탈위험(90일+),Q1_저가,,-0.011189907691227526,0.029313874269069937
309424896,관심필요(30~89일),Q2,,-0.03211568398070566,-0.03661626847014224
309616064,관심필요(30~89일),Q3,,0.003784657963695315,0.12468345398629122
309627200,Active(<30일),Q2,,0.023373994360362027,-0.029035395828250155
309656896,Active(<30일),Q1_저가,0.0,-0.008863857296879829,0.023543684516709962
309747840,이탈위험(90일+),Q1_저가,1.0,-0.006305236799968417,0.007019705424399295
309803520,관심필요(30~89일),Q4_고가,0.0,-0.011824952530417446,0.050023569105047155
309868480,Active(<30일),Q3,0.0,0.0026003392688918603,0.0006842377490509921
309979840,Active(<30일),Q1_저가,1.0,0.04762562330016307,0.05297197109265289
310068928,이탈위험(90일+),Q1_저가,0.0,-0.017384711087507457,-0.009556508541553294
310211840,이탈위험(90일+),Q1_저가,,-0.00891544605539138,-0.025493713742650415
310505088,이탈위험(90일+),Q4_고가,0.0,-0.00909860272123153,0.024290469202287418
310547776,Active(<30일),Q2,1.0,0.02994798607183674,0.023967089119926177
310699968,Active(<30일),Q3,0.0,0.033998194834235385,0.12634808200563075
310701824,관심필요(30~89일),Q3,0.0,-0.040253318876176614,-0.05237608914647757
310744512,이탈위험(90일+),Q4_고가,0.0,0.015395367742465,0.016359975598794596
310909696,Active(<30일),Q2,1.0,0.01862558459689978,0.0260655463075411
310963520,Active(<30일),Q1_저가,0.0,0.08922010024484439,-0.09215092567388605
311323584,Active(<30일),Q3,0.0,0.015907929143650357,0.008652248469156132
311709632,Active(<30일),Q3,0.0,0.01234275471237578,0.0008775337632531688
311837696,Active(<30일),Q4_고가,0.0,0.040368535607599676,0.04558980552457503
311956480,Active(<30일),Q3,0.0,-0.019213934756549644,-0.03196487359768985
312103104,이탈위험(90일+),Q3,0.0,-0.013425567280871215,0.024527889319716792
312234880,이탈위험(90일+),Q1_저가,0.0,-0.018039713428854853,0.012472471316337747
312316544,이탈위험(90일+),Q2,0.0,-0.005363185162540196,0.17889162045838164
312340672,Active(<30일),Q3,0.0,0.024425128212524294,0.057256277628904506
312537408,Active(<30일),Q3,,-0.005356144293854184,0.0604731815603419
312572672,Active(<30일),Q1_저가,,0.040764694317499406,-0.033006300808541944
312659904,이탈위험(90일+),Q3,0.0,-0.021308585257531876,0.03090539533505593
312678464,Active(<30일),Q4_고가,0.0,-0.00979664593472268,0.012118880826219702
312693312,이탈위험(90일+),Q1_저가,0.0,-0.010909082160253485,0.036188826797044715
312802816,Active(<30일),Q2,,0.023783539763820083,0.0189648169712634
312834368,Active(<30일),Q2,0.0,0.014838222700508719,-0.057524036456528704
312852928,Active(<30일),Q4_고가,,0.013191537324335312,-0.00881107881898302
312904896,이탈위험(90일+),Q1_저가,0.0,-0.005349859377558781,0.03074998620562712
313001408,Active(<30일),Q4_고가,0.0,0.02751064945807269,0.04507901022831329
313071936,Active(<30일),Q3,0.0,0.0033446331686159403,-0.054962788655275374
313151744,관심필요(30~89일),Q3,0.0,-0.02704402349518198,-0.05935625690651902
313259392,Active(<30일),Q3,0.0,-0.012436332855048415,0.0038207798663505432
313318784,이탈위험(90일+),Q2,0.0,-0.012659118367543257,0.03627295303342867
313339200,관심필요(30~89일),Q1_저가,,-0.010877833688380412,0.01569134262510627
313474688,Active(<30일),Q1_저가,0.0,0.004616813998317593,-0.08725068352947657
313535936,Active(<30일),Q2,1.0,0.0069600051329716806,-0.052183844756342856
313541504,Active(<30일),Q2,,0.08556125239647705,0.003178777169927094
313675136,관심필요(30~89일),Q4_고가,0.0,-0.01098582869166699,0.036982806321562756
313682560,이탈위험(90일+),Q1_저가,0.0,-0.0038661051228122342,0.03494887732384659
313782784,Active(<30일),Q4_고가,0.0,0.007266353115920832,-0.05557988344095166
313959104,관심필요(30~89일),Q3,0.0,0.00843837225977373,-0.004422524690542828
314395264,Active(<30일),Q3,0.0,-0.015096253895907463,-0.015684281918606324
314430528,Active(<30일),Q3,0.0,0.014191458351490605,0.004679193102617885
314471360,Active(<30일),Q3,1.0,0.022559227255323888,0.025647466732017676
314527040,Active(<30일),Q1_저가,0.0,0.02656687179144923,-0.05035193219183176
314649536,Active(<30일),Q1_저가,1.0,0.04939072063003269,0.08084079584393966
315245312,이탈위험(90일+),Q4_고가,0.0,-0.011672227378262678,0.05428883227972087
315263872,Active(<30일),Q4_고가,0.0,0.007809430511089732,-0.024205240929330685
315265728,관심필요(30~89일),Q2,0.0,0.0038963331740179408,0.1710036952685806
315291712,이탈위험(90일+),Q1_저가,0.0,0.028446800706289882,0.04995223402043411
315367808,Active(<30일),Q2,1.0,0.017600197852413624,-0.028292171674028532
315438336,Active(<30일),Q4_고가,0.0,0.013383201982337833,0.049854123365206504
315505152,관심필요(30~89일),Q1_저가,0.0,0.0027950531818578955,0.028054964254161957
316028544,이탈위험(90일+),Q4_고가,0.0,-0.015871376274212097,0.04196559896218946
316154752,이탈위험(90일+),Q1_저가,0.0,-0.01810258531927142,0.030182646452544468
316548224,Active(<30일),Q2,0.0,0.02590343661781036,0.050774967937407434
316752384,Active(<30일),Q2,0.0,0.014857639791712951,0.07265909810628934
317004800,이탈위험(90일+),Q4_고가,0.0,-0.005234075494831111,0.02994573761967835
317112448,이탈위험(90일+),Q4_고가,0.0,-0.029854627132074416,0.015245843370662204
317214528,이탈위험(90일+),Q1_저가,0.0,-0.02990138510990134,-0.032537471537644386
317281344,Active(<30일),Q4_고가,0.0,0.023976338801862895,0.031854286451493685
318077568,Active(<30일),Q4_고가,0.0,0.011970972459679818,0.028521652639300954
318703040,Active(<30일),Q4_고가,1.0,0.011832767044334724,-0.0319766858000512
318922048,관심필요(30~89일),Q3,0.0,-0.002871213534848427,0.09476437598533133
319148480,이탈위험(90일+),Q3,1.0,0.02185624788033165,0.010590547901320371
319274688,관심필요(30~89일),Q2,0.0,-0.001619884238603958,-0.0647798960905798
320122880,관심필요(30~89일),Q1_저가,0.0,-0.01132589903285891,0.032771290312030577
320161856,Active(<30일),Q3,0.0,0.042080345620235104,0.03328640502671609
321615104,Active(<30일),Q1_저가,0.0,0.01449659193875985,0.019167807262883113
321774720,관심필요(30~89일),Q1_저가,0.0,-0.015852470673494518,0.010224939925700352
322335232,Active(<30일),Q1_저가,0.0,0.04800008892837243,0.014017624217680547
322407616,관심필요(30~89일),Q3,0.0,0.006948455220088079,-0.03128044473369679
322448448,이탈위험(90일+),Q4_고가,0.0,-0.016637775717546245,0.034883592197529165
322468864,Active(<30일),Q3,0.0,0.01488028081912629,-0.02956592451168122
322494848,Active(<30일),Q4_고가,0.0,0.04666220181740516,0.0008759775201931941
322509696,Active(<30일),Q2,0.0,0.011969669026902885,0.006540525505706052
322678592,Active(<30일),Q2,,0.03863207233605659,0.0023323134871497953
322682304,관심필요(30~89일),Q2,0.0,-0.02465893712502787,-0.024293174615218738
322769536,Active(<30일),Q4_고가,1.0,0.022223631922352327,0.022980577792466317
322901312,관심필요(30~89일),Q4_고가,,0.00669230981141411,0.022734475666467857
323211264,Active(<30일),Q3,,0.03868670769273708,-0.0018786160861270496
323283648,Active(<30일),Q4_고가,0.0,0.01957179113644203,0.052995923629268527
323330048,Active(<30일),Q3,0.0,0.004415069646743652,-0.04258997186814073
323398720,관심필요(30~89일),Q1_저가,,-0.00883925058500569,0.05201570502842956
323411712,관심필요(30~89일),Q2,,-0.016866568293060075,0.009561445812261343
323437696,Active(<30일),Q4_고가,0.0,0.008678715626657674,-0.046886485075843254
323456256,이탈위험(90일+),Q4_고가,1.0,-0.013460322365692987,0.026230778110964748
323502656,관심필요(30~89일),Q1_저가,0.0,-0.017243204834738762,0.04784397217858424
323513792,관심필요(30~89일),Q4_고가,0.0,-0.007639682791537428,-0.00587923389852768
323532352,Active(<30일),Q2,,0.026815812632202007,-0.05273840137589325
323541632,관심필요(30~89일),Q1_저가,,0.018146960604150553,0.00492066947337233
323545344,Active(<30일),Q3,0.0,0.04316880371362952,0.011505380473446736
323576896,Active(<30일),Q1_저가,0.0,0.02350568994976132,-0.017984984399489257
323591744,Active(<30일),Q3,0.0,0.02752280883859315,0.07978824893885006
323641856,Active(<30일),Q2,,0.012097586029866991,-0.0012183822845773795
324393536,Active(<30일),Q3,,-0.00827440336800106,-0.006361390705852316
324469632,Active(<30일),Q1_저가,0.0,0.04277681128004884,-0.057722733303752105
324835264,관심필요(30~89일),Q4_고가,0.0,-0.0034480069376446876,-0.003752026442002343
324926208,이탈위험(90일+),Q3,0.0,-0.015769751331029702,-0.05229082564232582
325015296,Active(<30일),Q1_저가,0.0,0.05264285031921023,0.01866469748037225
325041280,관심필요(30~89일),Q1_저가,0.0,0.04041299194494011,0.03346435012523716
325067264,이탈위험(90일+),Q2,,-0.012240132022784907,0.02314527064479313
325310400,관심필요(30~89일),Q2,0.0,-0.02432946415401932,0.006896048542677752
325340096,Active(<30일),Q4_고가,0.0,0.01594060216313309,0.02627573469947808
325527552,관심필요(30~89일),Q4_고가,,-0.013048062132405655,-0.004252726220135561
325731712,Active(<30일),Q4_고가,0.0,-0.00931982738770279,0.03989042195274631
325947008,Active(<30일),Q3,0.0,0.013533205430536044,-0.009092733583617396
326733952,Active(<30일),Q1_저가,0.0,0.024046870253409014,-0.05068377082619524
326875008,Active(<30일),Q4_고가,,0.015445397801631011,0.0009907477397724795
326904704,Active(<30일),Q3,0.0,0.0301276441233731,0.009221190386024536
327313024,관심필요(30~89일),Q2,0.0,-0.02756078389661898,0.013336009546760341
327791872,이탈위험(90일+),Q2,0.0,0.015554172526501972,0.0522681377667156
327816000,관심필요(30~89일),Q4_고가,0.0,0.10143847483817453,0.07338817156463884
328025728,Active(<30일),Q3,0.0,-0.015606044075624659,0.03584998490613614
328255872,Active(<30일),Q4_고가,0.0,0.024519854261007668,0.027374130583895595
328363520,Active(<30일),Q1_저가,0.0,0.00451123990319785,0.06337060788633431
328602944,Active(<30일),Q3,0.0,0.035495591179672936,0.12887250947839024
328656768,Active(<30일),Q1_저가,0.0,0.022591392135328958,-0.0018505350368415163
329844608,이탈위험(90일+),Q1_저가,0.0,-0.010904189837953639,0.02919697568910888
329996800,Active(<30일),Q4_고가,0.0,0.018347760200559032,0.05199351534155683
330069184,Active(<30일),Q1_저가,0.0,-0.001981923376958225,0.055379280531967556
330123008,Active(<30일),Q2,0.0,0.05289457377782136,0.0008763759782935976
330410688,Active(<30일),Q4_고가,0.0,0.006712144402934994,-0.01562480883004047
330780032,Active(<30일),Q4_고가,1.0,0.03992479202275001,0.07262309957273971
330898816,이탈위험(90일+),Q1_저가,0.0,-0.01695393186891543,0.012289689529989142
330908096,Active(<30일),Q4_고가,0.0,-0.007935871051156798,0.018768623030199355
330919232,Active(<30일),Q3,0.0,0.015312749726076325,0.04956499200728737
331034304,이탈위험(90일+),Q1_저가,0.0,-0.010185892066970355,0.0351981863344573
331201344,이탈위험(90일+),Q4_고가,1.0,-0.005944815597740356,0.0297380271045299
331314560,이탈위험(90일+),Q4_고가,,-0.013325541809860862,0.03264549785813957
331721024,관심필요(30~89일),Q2,0.0,-0.023346926637470677,0.0047884087234005
331763712,Active(<30일),Q3,0.0,0.01791550917436252,-0.070042992720597
332064384,Active(<30일),Q4_고가,0.0,0.01656546658800269,0.07044230089174627
332179456,이탈위험(90일+),Q3,0.0,0.035937885070406836,0.04865416578928475
333129728,이탈위험(90일+),Q2,0.0,-0.02905186916273847,-0.007037424043585261
333218816,Active(<30일),Q4_고가,0.0,0.013441228874586764,0.0409815174946877
334324992,이탈위험(90일+),Q4_고가,0.0,-0.019101977438400364,0.16084375195480277
334725888,Active(<30일),Q4_고가,0.0,0.03191880498473543,0.04530451162761606
335202880,관심필요(30~89일),Q3,0.0,0.0050346408832634415,0.1309082816182643
335308672,Active(<30일),Q1_저가,,0.0008107723451822035,0.061766660342505886
335336512,이탈위험(90일+),Q2,0.0,-0.006529332854423725,-0.012964609952249045
335479424,Active(<30일),Q1_저가,1.0,0.029744143960636127,-0.006730654319866691
335481280,Active(<30일),Q4_고가,0.0,0.05740637903496004,0.04285047361977534
335540672,Active(<30일),Q1_저가,0.0,0.036385104122195866,-0.02073109753123914
335544384,Active(<30일),Q2,0.0,0.01173092283754884,0.08330047216779629
336028800,Active(<30일),Q4_고가,0.0,0.012752975772536201,0.030380422704682886
336190272,Active(<30일),Q4_고가,0.0,0.024310364424148245,0.0628603542389925
336275648,Active(<30일),Q4_고가,0.0,-0.01005211920827806,-0.015110580530985573
336338752,이탈위험(90일+),Q4_고가,0.0,-0.017314340504378474,0.05365014496117654
336411136,Active(<30일),Q3,0.0,0.01923577985751912,0.004403604141122619
336427840,Active(<30일),Q4_고가,0.0,0.01955166773270786,0.10016085129577301
336563328,Active(<30일),Q2,0.0,0.0034918065925515496,-0.040554884474058306
336657984,Active(<30일),Q2,0.0,0.026521145906000965,0.010042275569419612
336876992,Active(<30일),Q1_저가,,0.013884780792953355,0.07463109462823958
336893696,이탈위험(90일+),Q1_저가,,-0.03267372237412067,0.00971580275847489
336906688,이탈위험(90일+),Q1_저가,,-0.00947822122820053,0.03704524765444438
336912256,이탈위험(90일+),Q3,0.0,-0.0036505107054964347,0.04367538550292996
337133120,Active(<30일),Q2,0.0,0.02949750194615819,0.045421778521321565
337166528,관심필요(30~89일),Q4_고가,0.0,-0.032690429432642,0.08510083253533979
337355840,Active(<30일),Q1_저가,,0.012938693458330652,-0.08525070584681954
337480192,이탈위험(90일+),Q3,0.0,-0.0059015528749309445,0.06315697726594936
337552576,이탈위험(90일+),Q3,0.0,-0.012914777093575414,0.035378751143132985
338573376,Active(<30일),Q1_저가,0.0,0.04687700286738661,-0.025685611550400667
338781248,Active(<30일),Q4_고가,0.0,0.010081198829766103,-0.03139754143481921
339013248,이탈위험(90일+),Q2,0.0,-0.007899337320706884,0.044663522635898165
339941248,이탈위험(90일+),Q3,,-0.0088065254984728,0.014287249047358591
340132416,Active(<30일),Q4_고가,0.0,0.014759913231863764,-0.013795091192282505
340162112,Active(<30일),Q1_저가,,0.07621448688217902,0.04728684263328564
340184384,Active(<30일),Q4_고가,0.0,0.010498912114893177,0.002532102887653487
340423808,Active(<30일),Q3,0.0,0.016036440902176485,-0.01858848549773362
340544448,Active(<30일),Q2,0.0,0.002027487835326136,-0.03672398288169165
340637248,Active(<30일),Q3,,0.04158366014160919,-0.0704923759104677
340915648,Active(<30일),Q2,,0.01605489430335827,0.017232552034826765
340928640,Active(<30일),Q4_고가,,0.0210616556349158,0.012017896880336831
340982464,Active(<30일),Q1_저가,0.0,-0.017267812709650943,-0.08099230069246977
341296128,Active(<30일),Q4_고가,0.0,0.021057449947214146,0.06336258099318992
341604224,관심필요(30~89일),Q4_고가,1.0,-0.03339334504544711,0.03315294691156839
341626496,관심필요(30~89일),Q3,0.0,0.002578977615695366,0.12945982682687251
341641344,Active(<30일),Q2,0.0,0.023792416351617995,0.027138284590293216
341667328,관심필요(30~89일),Q4_고가,0.0,-0.0279701135795839,-0.004747020874256214
341786112,Active(<30일),Q3,,0.08942214259772219,0.04298872630996764
342044096,Active(<30일),Q3,0.0,0.017401770422183493,0.03653133693844168
342103488,Active(<30일),Q3,0.0,0.02601678209982594,0.036350425718705615
342363328,Active(<30일),Q1_저가,0.0,0.018217583589301922,-0.007575624344696719
342420864,Active(<30일),Q2,,0.036270053615078734,0.011376377746188493
342554496,Active(<30일),Q2,0.0,0.03459657848886499,-0.021823447950223618
342578624,Active(<30일),Q4_고가,0.0,0.013439402358826014,0.0012922209501865511
343126144,이탈위험(90일+),Q4_고가,0.0,-0.03695582293396149,0.01923697593048973
343274624,관심필요(30~89일),Q2,,0.0035313889687571542,0.01923274575680345
343306176,Active(<30일),Q2,0.0,0.015369967161986908,0.011727371233203443
343588288,이탈위험(90일+),Q2,0.0,0.027762803923683244,-0.004296638835938449
343883392,이탈위험(90일+),Q2,1.0,-0.012968362130525928,0.03872834054793252
343983616,Active(<30일),Q4_고가,0.0,0.01739770337732982,0.05722903469593443
344076416,이탈위험(90일+),Q1_저가,0.0,-0.009740279795014378,0.03469486563572968
344466176,이탈위험(90일+),Q4_고가,0.0,-0.022497364664240502,0.021998138850298138
344662912,Active(<30일),Q2,0.0,0.09829827797573265,-0.037493609893872626
344826240,관심필요(30~89일),Q1_저가,,-0.020167224498774616,-0.021144702228992063
344887488,Active(<30일),Q4_고가,0.0,0.02623005537784706,0.05255904748276885
344950592,관심필요(30~89일),Q3,0.0,-0.005444165755959518,-0.003585428107553551
345000704,관심필요(30~89일),Q1_저가,0.0,-0.014896760148087967,0.03440649976034035
345017408,Active(<30일),Q3,,0.015636942611951588,0.017250183168673106
345644736,Active(<30일),Q4_고가,,0.0004436475289529007,0.060387778769564304
345680000,이탈위험(90일+),Q2,,-0.019948731751897805,0.019643062485903598
345930560,Active(<30일),Q4_고가,0.0,0.011663791144340019,-0.06830632101850376
346184832,관심필요(30~89일),Q4_고가,,-0.015683678593902975,-0.005142174719194231
346216384,Active(<30일),Q3,0.0,0.00953107825309385,0.01211741673862754
346572736,Active(<30일),Q2,,0.04111888259388374,-0.010951202558468154
346661824,Active(<30일),Q2,0.0,0.02034467647417748,0.014257151218225794
346888256,Active(<30일),Q2,0.0,0.045167203980841286,-0.0456166952834165
347747584,Active(<30일),Q2,,0.018946629515602997,0.0003209006232033351
348059392,Active(<30일),Q4_고가,1.0,0.013787288177400991,0.02413288116531387
348313664,Active(<30일),Q2,0.0,0.02163173540578278,-0.008658017835248832
348358208,Active(<30일),Q4_고가,,0.026010204476127896,0.005319355724163866
348419456,이탈위험(90일+),Q3,0.0,-0.013735534981663654,0.04343026942667755
348569792,Active(<30일),Q2,0.0,0.02537469264700326,-0.02395295915653034
348751680,관심필요(30~89일),Q1_저가,0.0,-0.007847512052571504,0.055401958599782
348764672,관심필요(30~89일),Q3,0.0,0.09811464464154296,0.09548741926421656
348768384,Active(<30일),Q1_저가,0.0,0.045826402020081924,0.10542393727237237
348796224,Active(<30일),Q2,1.0,0.07522479016885797,-0.049150283114539506
348824064,Active(<30일),Q4_고가,0.0,0.025392814695177846,0.03159805036336494
348916864,Active(<30일),Q4_고가,1.0,0.009080168305057756,0.003830075367825425
348955840,Active(<30일),Q3,,0.05884124183618111,0.020572084927529266
348985536,이탈위험(90일+),Q4_고가,0.0,-0.02960882623716518,0.028259728426679342
349172992,Active(<30일),Q3,0.0,0.04947092699928812,0.13555017204665887
349176704,관심필요(30~89일),Q1_저가,0.0,-0.018511616029011635,-0.13042208814984957
349239808,이탈위험(90일+),Q3,0.0,-0.006360069504712296,0.0065477452562840155
349263936,Active(<30일),Q1_저가,0.0,0.023918199012657237,0.03569446186338976
349364160,Active(<30일),Q3,0.0,0.01663290915368243,-0.0015972501759251578
349401280,관심필요(30~89일),Q1_저가,0.0,-0.006175235244244848,0.04179279800068535
349423552,Active(<30일),Q4_고가,0.0,0.11843711344834029,0.17340834514451686
349432832,이탈위험(90일+),Q2,0.0,-0.024153086551228622,0.012206197918650546
349442112,Active(<30일),Q3,0.0,0.023303976712620855,0.011351031313899695
349564608,Active(<30일),Q4_고가,0.0,0.01117182791782112,-0.011858844533341628
349588736,Active(<30일),Q2,0.0,0.017419978787722473,0.10380877492505428
349618432,이탈위험(90일+),Q2,0.0,-0.012590573062447888,0.043212225978204934
349627712,Active(<30일),Q2,0.0,0.034858798112275324,0.003543778180109647
349700096,Active(<30일),Q2,0.0,0.021898368409890123,0.02454031729737549
349713088,Active(<30일),Q4_고가,,0.010397960177714327,-0.005893004439353533
349896832,관심필요(30~89일),Q4_고가,0.0,-0.005006805795014543,0.024892850812267275
350206784,Active(<30일),Q4_고가,0.0,0.07379990307810541,0.020060355616241726
350264320,Active(<30일),Q4_고가,,0.05176283874987231,0.04683281698789232
350334848,이탈위험(90일+),Q3,0.0,-0.005981169714229274,0.04330790987306647
350498176,Active(<30일),Q3,0.0,0.02462631749875499,0.03417043775161055
350522304,Active(<30일),Q4_고가,0.0,0.022863485709799236,0.0045177116798778005
350587264,Active(<30일),Q3,0.0,-0.015572173745457857,-0.009254199899691673
350622528,이탈위험(90일+),Q3,0.0,-0.03434771996952252,-0.032056845809166346
350689344,이탈위험(90일+),Q1_저가,1.0,-0.010454928126081175,-0.017393750473440273
350941760,이탈위험(90일+),Q2,,-0.012453883854278383,0.02812093459558347
350988160,이탈위험(90일+),Q1_저가,0.0,-0.010825919033726365,0.031335373365798364
351051264,Active(<30일),Q1_저가,0.0,0.012712794803833721,0.03821173493556013
351053120,Active(<30일),Q4_고가,,0.012111883108503418,0.017994709209373183
351079104,Active(<30일),Q2,,0.02208538898122847,0.02359140423432704
351110656,Active(<30일),Q4_고가,0.0,0.12036257802707262,0.029363189761407837
351145920,관심필요(30~89일),Q4_고가,,0.009509207756389026,-0.018452871206485977
351166336,Active(<30일),Q1_저가,1.0,-0.006758772195872176,-0.15347319701960543
351235008,Active(<30일),Q3,,0.03322657988742028,-0.00025984516439725436
351641472,Active(<30일),Q3,0.0,0.01854908195390642,-0.04386587602405151
351778816,Active(<30일),Q3,0.0,0.01870497944115468,0.01439948120936263
351795520,Active(<30일),Q4_고가,0.0,0.011923597904557881,0.0020650430773375694
351823360,관심필요(30~89일),Q2,0.0,-0.023117982113948582,-0.0376866786513875
351906880,Active(<30일),Q1_저가,,0.05186953647706816,0.11112177138047896
351929152,Active(<30일),Q4_고가,0.0,0.016229256303561534,-0.018680470216063894
352018240,Active(<30일),Q4_고가,0.0,0.013090092277803667,0.018659765245997884
352038656,Active(<30일),Q1_저가,0.0,0.026620851088893838,0.025599539090363388
352344896,Active(<30일),Q4_고가,,0.035143568251314594,-0.0009863670714214123
352777344,이탈위험(90일+),Q4_고가,0.0,-0.028827564285223983,0.03313028461571352
352922112,관심필요(30~89일),Q2,0.0,-0.004277639105064179,-0.010248988338727394
353016768,Active(<30일),Q4_고가,0.0,0.01947640073266932,0.0012768751877763052
353452928,관심필요(30~89일),Q1_저가,0.0,-0.008234168720111568,0.03016357947044697
353590272,Active(<30일),Q3,0.0,0.017867215387966096,0.03508346869865797
354057984,이탈위험(90일+),Q1_저가,0.0,-0.008849374558305534,0.035490178756218876
354137792,관심필요(30~89일),Q4_고가,0.0,-0.026290238271872074,0.05794287983616164
354299264,Active(<30일),Q3,,0.03854929789465833,-0.0658685292586858
354419904,Active(<30일),Q4_고가,0.0,0.031037986170117216,0.10736323166089867
354438464,이탈위험(90일+),Q1_저가,0.0,-0.022886862958920035,0.0032718047960635377
354616640,이탈위험(90일+),Q1_저가,0.0,-0.010933278544488181,0.03695570023806813
354921024,Active(<30일),Q3,0.0,0.04382106616237724,0.028239136476083893
354941440,Active(<30일),Q2,0.0,0.021474592285937844,0.018731501001483353
355177152,Active(<30일),Q4_고가,0.0,0.013063023188749634,0.03198985963383494
355221696,이탈위험(90일+),Q1_저가,0.0,-0.011596597680247296,0.024145536440474222
355453696,Active(<30일),Q4_고가,,0.022309818571187412,-0.003619739770883701
355837888,Active(<30일),Q4_고가,1.0,0.014408923438793075,-0.006679031223510656
355893568,Active(<30일),Q1_저가,0.0,0.036633178022942525,-0.10203515869272806
356409536,Active(<30일),Q1_저가,0.0,0.005668752853531189,-0.014435394475925234
356431808,Active(<30일),Q2,0.0,0.0358700641029045,0.014552506632146689
356608128,이탈위험(90일+),Q2,1.0,-0.01198887573439128,0.014190265849334263
356684224,Active(<30일),Q4_고가,,-0.018442416558150376,-0.015627449416037054
356795584,관심필요(30~89일),Q3,0.0,0.0008437676712213515,-0.019464549352793847
356884672,이탈위험(90일+),Q3,,-0.013042657702416742,0.0434583618714367
356979328,관심필요(30~89일),Q1_저가,0.0,-0.010700917621642964,0.035210922655068325
357085120,이탈위험(90일+),Q3,0.0,0.010470338474050753,0.057642234930305306
357161216,Active(<30일),Q1_저가,,0.024855556827863667,-0.09268590221924544
357357952,Active(<30일),Q3,0.0,0.009343327431662996,-0.0002660752823058221
357415488,Active(<30일),Q1_저가,0.0,0.0804900449510143,0.026752903360750868
357443328,Active(<30일),Q4_고가,0.0,0.031821003471013076,0.07447406156789216
357539840,Active(<30일),Q4_고가,0.0,0.025029709422073942,0.07298114081233842
357853504,이탈위험(90일+),Q1_저가,0.0,-0.014156978694652378,0.005898951924133339
358094784,Active(<30일),Q2,,-0.009239782843652788,-0.07743011728517568
358102208,이탈위험(90일+),Q1_저가,0.0,-0.009401432725945957,0.024247226521962054
358126336,이탈위험(90일+),Q2,0.0,-0.011317322431791559,0.012160255478691165
358508672,이탈위험(90일+),Q4_고가,0.0,-0.007567549132346363,0.03066195787164544
358686848,Active(<30일),Q1_저가,0.0,-0.008091925235202524,0.03933693132000654
358757376,Active(<30일),Q3,1.0,0.02315097361891405,0.11749626838791316
358775936,이탈위험(90일+),Q4_고가,0.0,-0.014064421134498038,0.036379512532838984
358781504,Active(<30일),Q4_고가,,0.02237226954106941,0.041869497044978776
358788928,이탈위험(90일+),Q2,0.0,-0.012328929044421164,0.021332908022433136
358824192,관심필요(30~89일),Q4_고가,,-0.015511285967106062,0.016684056192250662
358842752,Active(<30일),Q4_고가,,0.031969267139447255,0.045719544147367785
359006080,관심필요(30~89일),Q4_고가,0.0,-0.011323191919078171,0.03621079793182301
359015360,Active(<30일),Q4_고가,0.0,0.008161358595157042,0.08063327742105789
359627840,Active(<30일),Q3,0.0,0.020502242962462502,0.03506131147292291
359848704,관심필요(30~89일),Q3,0.0,-0.03123887023946889,-0.04181711243915237
359870976,Active(<30일),Q4_고가,1.0,-0.0007291726036867952,0.023223909248045377
359948928,이탈위험(90일+),Q3,,-0.012102949932876576,0.032820099343091866
360232896,Active(<30일),Q3,0.0,0.012915920041940754,-0.022364497992769683
360297856,Active(<30일),Q4_고가,1.0,0.011646680112158192,-0.006573844094377113
360383232,Active(<30일),Q2,1.0,0.024287204492005388,0.041306524839820113
360450048,Active(<30일),Q4_고가,0.0,0.03725546959860415,0.10275301512105195
360474176,Active(<30일),Q4_고가,1.0,0.03150098771400289,0.11663424655212429
360509440,관심필요(30~89일),Q1_저가,,-0.029976384754952734,-0.08794556326582639
360767424,관심필요(30~89일),Q3,0.0,-0.016913989410979782,0.0402395878811527
361003136,이탈위험(90일+),Q1_저가,0.0,-0.0032180225444850274,0.024586713366128374
361147904,이탈위험(90일+),Q2,1.0,-0.025782741857878155,-0.017600160601311227
361381760,Active(<30일),Q4_고가,0.0,0.03106822994218178,0.03976141566482588
361507968,이탈위험(90일+),Q1_저가,0.0,-0.011529372340034517,0.03826143183826583
361762240,Active(<30일),Q4_고가,0.0,0.018124076320325533,-0.007576322661963286
362304192,이탈위험(90일+),Q4_고가,0.0,-0.024551596191522987,0.02853668562094655
362352448,Active(<30일),Q4_고가,1.0,0.015186402927389375,-0.0023282744875962047
362693952,이탈위험(90일+),Q3,0.0,-0.013933335200501898,0.04041714921318755
362747776,이탈위험(90일+),Q2,0.0,-0.012570156308771861,0.035151990544689996
362835008,Active(<30일),Q2,0.0,0.021416880941257377,0.015349709249926735
362836864,이탈위험(90일+),Q3,,-0.013236223364607405,0.04567334183761319
362929664,Active(<30일),Q4_고가,0.0,0.1320674489748389,0.05963890025128049
362935232,Active(<30일),Q4_고가,1.0,0.055855424162437495,-0.0067045463801473915
362948224,Active(<30일),Q4_고가,0.0,-0.013381531065054242,0.024514061491425376
363143104,관심필요(30~89일),Q1_저가,1.0,-0.03526032131773971,-0.11265145896464279
363261888,관심필요(30~89일),Q3,0.0,-0.005132456539494901,-0.044683281146531945
363269312,Active(<30일),Q1_저가,0.0,0.0010250898029127709,-0.02053458459792107
363408512,Active(<30일),Q4_고가,1.0,0.023356417627576342,0.010119369756257157
363441920,Active(<30일),Q3,0.0,0.033491995819089015,0.0634996970513989
363660928,Active(<30일),Q3,0.0,0.00712811280381298,-0.03498663581151118
363783424,Active(<30일),Q4_고가,1.0,0.009301793260663493,0.010723099596627317
364035840,이탈위험(90일+),Q2,0.0,-0.01966810198594253,0.025241730624891864
364097088,이탈위험(90일+),Q4_고가,0.0,-0.014134637781943793,0.030512158455695597
364227008,관심필요(30~89일),Q1_저가,1.0,-0.015069324312175766,0.026343910384158842
364353216,이탈위험(90일+),Q4_고가,1.0,-0.01604020486015905,0.027177843585634784
364362496,이탈위험(90일+),Q1_저가,0.0,-0.011223084874419836,0.03999174658318101
364369920,Active(<30일),Q2,0.0,0.025307737518061924,0.006374900171067122
364626048,Active(<30일),Q4_고가,0.0,0.029807445819672096,0.03354704389427521
365177280,이탈위험(90일+),Q1_저가,0.0,-0.015788440045913302,0.011072935347207671
365266368,Active(<30일),Q3,0.0,1.4915181263897015e-05,0.010356292303051073
365320192,이탈위험(90일+),Q4_고가,0.0,-0.014538540571813169,0.029115000070625688
365383296,Active(<30일),Q3,,0.028560289940397388,0.04592047342854855
365633856,Active(<30일),Q2,0.0,0.02651397213616169,0.00041931481655099745
365721088,관심필요(30~89일),Q3,0.0,0.011865416148792773,0.10008920593788884
365765632,Active(<30일),Q3,1.0,0.03317774268712592,0.03795202217639626
365947520,Active(<30일),Q2,0.0,0.029479988211559838,0.02825994628374573
366075584,Active(<30일),Q2,0.0,0.051675274567423324,0.013820525790304072
366136832,이탈위험(90일+),Q1_저가,0.0,-0.008337128482050642,0.028772549902911365
366140544,Active(<30일),Q1_저가,,0.025177291005568092,0.03933825592375528
366261184,관심필요(30~89일),Q3,0.0,0.005158450078729171,0.09568697972927398
366537728,Active(<30일),Q1_저가,,-0.014087195074043435,-0.03419121707996153
367209600,Active(<30일),Q4_고가,0.0,0.1481334095844986,0.04013881151366211
367497280,Active(<30일),Q4_고가,1.0,0.024962307765492242,0.012466395363727067
368184000,이탈위험(90일+),Q4_고가,0.0,-0.013929548563449114,0.03251565757964425
368208128,관심필요(30~89일),Q1_저가,0.0,-0.03546296109793834,-0.060430022126382654
368258240,Active(<30일),Q4_고가,,0.011286238984404562,0.03704788124171754
368373312,Active(<30일),Q2,0.0,0.01928996475060163,0.032179778074098
368395584,이탈위험(90일+),Q3,0.0,-0.01095665212796687,0.031582182698139116
368399296,Active(<30일),Q4_고가,,0.01592758906810987,0.004187219113431784
368456832,관심필요(30~89일),Q4_고가,,0.005818855166015602,0.026185453340311415
369108288,관심필요(30~89일),Q2,0.0,-0.016376209697555322,0.021436366117492903
369152832,Active(<30일),Q4_고가,0.0,0.02468268555196662,0.015869318900201268
369162112,Active(<30일),Q4_고가,0.0,0.021314103163207143,-0.014952900849158568
369316160,이탈위험(90일+),Q2,0.0,-0.03455088381994095,-0.027696218748640755
369395968,Active(<30일),Q4_고가,0.0,0.0627214945162774,0.08896505456024661
369859968,Active(<30일),Q3,0.0,0.04984293168112741,0.014602712824411612
369906368,이탈위험(90일+),Q3,0.0,-0.013615012346919045,0.019622008798947516
369941632,이탈위험(90일+),Q1_저가,,-0.00882284285120312,0.02890361901744723
370103104,Active(<30일),Q3,,0.03580615322153041,-0.0660837882724783
370231168,이탈위험(90일+),Q4_고가,1.0,-0.00565131394106845,0.03985758876369554
370504000,관심필요(30~89일),Q1_저가,1.0,0.004833092433639552,-0.009242344225978999
370529984,Active(<30일),Q2,,0.02489481271705024,0.02410192719298032
370619072,Active(<30일),Q2,,-0.001415913082260134,-0.08650496696808341
371027392,이탈위험(90일+),Q4_고가,0.0,-0.04868000895709873,0.02399088964942342
371212992,이탈위험(90일+),Q4_고가,,-0.015862608507603133,0.03425195145200656
371235264,Active(<30일),Q1_저가,0.0,-0.015533368415742821,-0.08674620548372175
371261248,관심필요(30~89일),Q2,0.0,-0.010348260961205544,0.04853713173537787
371454272,관심필요(30~89일),Q4_고가,1.0,-0.03322750369165073,0.023880922080974476
371509952,이탈위험(90일+),Q2,0.0,-0.012614777294920825,0.01488506021951981
371608320,Active(<30일),Q4_고가,0.0,0.006398132055397077,-0.03581740087607327
371751232,이탈위험(90일+),Q1_저가,1.0,-0.010248090645735522,0.0025145731877157518
371767936,이탈위험(90일+),Q1_저가,,-0.010874343879249196,0.04125244932134739
372031488,Active(<30일),Q3,,0.01612706829562216,0.016971670218996482
372098304,Active(<30일),Q4_고가,0.0,0.014110960640377535,0.010241339880437295
372321024,Active(<30일),Q2,0.0,0.022713736238568205,-0.06961806823859468
372553024,Active(<30일),Q1_저가,,0.024998427935939982,-0.004851660033474037
372838848,이탈위험(90일+),Q2,0.0,-0.01727434893019837,-0.0017269912598472381
372890816,Active(<30일),Q4_고가,0.0,0.017211356250571797,0.06692094148342742
373221184,이탈위험(90일+),Q1_저가,1.0,-0.012153321423848826,0.03246467383113344
373256448,이탈위험(90일+),Q3,0.0,-0.01321520982611573,0.05165495693474161
373618368,Active(<30일),Q3,0.0,0.027051130421111624,0.04697559922048267
373805824,이탈위험(90일+),Q2,0.0,-0.006150017801502164,0.03005703323294842
374171456,Active(<30일),Q3,0.0,0.02972629214372846,0.0706324914144153
374188160,Active(<30일),Q4_고가,1.0,-0.00970530912139067,-0.0065403647838916945
374266112,Active(<30일),Q2,,0.022249325075265447,0.03961690560759745
374325504,이탈위험(90일+),Q3,1.0,-0.012827654770360783,0.042998729628360606
374650304,Active(<30일),Q4_고가,0.0,0.12283168523187082,0.10712836325706154
375227520,Active(<30일),Q3,1.0,0.032841154341934686,0.034669363245097395
375273920,이탈위험(90일+),Q4_고가,0.0,0.006165354163762488,0.04590063572516784
375299904,관심필요(30~89일),Q2,0.0,-0.0020012678856535793,-0.03711728340111603
375544896,관심필요(30~89일),Q1_저가,1.0,-0.02061496833183596,-0.0038764353544216146
375552320,이탈위험(90일+),Q2,0.0,-0.013000644935054505,0.031217221863148847
375630272,이탈위험(90일+),Q2,0.0,-0.012872818763621736,0.03760686223395387
375969920,이탈위험(90일+),Q3,0.0,-0.02652107345118157,0.0027680516274742883
376253888,Active(<30일),Q1_저가,1.0,-0.0005715605831208004,0.06427430568691742
376511872,이탈위험(90일+),Q1_저가,1.0,-0.009801718066792031,0.027398901903642248
376625088,Active(<30일),Q3,1.0,0.025955960609196693,0.046181033571949026
376636224,이탈위험(90일+),Q3,0.0,-0.01327593601399249,0.034036737709560824
377105792,Active(<30일),Q2,1.0,0.004305458671805207,-0.06594465672246996
377282112,이탈위험(90일+),Q4_고가,1.0,-0.011956474118341665,0.014830039107033233
377605056,Active(<30일),Q2,0.0,0.02107263331790621,0.0031937217178628075
377612480,Active(<30일),Q3,0.0,0.050743305711459574,0.0426785621235406
377644032,Active(<30일),Q4_고가,0.0,0.014798798598459117,-0.01382170263452076
377950272,Active(<30일),Q1_저가,0.0,0.013737062768808844,0.07537227286013523
377972544,Active(<30일),Q3,0.0,0.05971953112837802,0.08524647397325957
378174848,Active(<30일),Q1_저가,0.0,0.02040945284757345,-0.08754340904998109
378223104,관심필요(30~89일),Q2,1.0,0.01342755038988025,-0.045797024918815044
378319616,Active(<30일),Q1_저가,0.0,0.043143101425329955,-0.022615028357286904
378367872,Active(<30일),Q2,1.0,0.032792711490997384,0.054661838705463484
378416128,Active(<30일),Q4_고가,0.0,0.048782134698253876,0.037451411645142874
378722368,관심필요(30~89일),Q4_고가,0.0,0.011062898583148073,-0.05918560563883413
378746496,Active(<30일),Q2,0.0,-1.7675020081431292e-06,-0.004562612195259025
378861568,이탈위험(90일+),Q1_저가,1.0,-0.024495516505379913,0.010077806212388157
379106560,Active(<30일),Q3,0.0,0.01920598431738263,-0.09226798140971793
379162240,이탈위험(90일+),Q4_고가,0.0,-0.013877436889624492,0.03680402967905727
379186368,Active(<30일),Q4_고가,0.0,0.029289887380468005,0.05832922116295569
379201216,Active(<30일),Q4_고가,0.0,0.01239929209328694,-0.050154935451188654
379325568,관심필요(30~89일),Q2,1.0,-0.009428501285260571,0.04662184660180525
379362688,Active(<30일),Q2,0.0,0.09955359366758454,0.01581922291769261
379394240,Active(<30일),Q4_고가,,0.016040961359478856,-0.001281530349665716
379817408,Active(<30일),Q1_저가,0.0,0.004427862507294045,-0.007605426266660165
380329664,Active(<30일),Q1_저가,0.0,0.09155317784409,-0.08793980049927291
380409472,Active(<30일),Q4_고가,0.0,0.0216815535089665,0.007599430968155518
380658176,Active(<30일),Q3,1.0,0.022843555770163393,0.048739818286146486
380682304,Active(<30일),Q4_고가,0.0,0.029096916420523256,-0.006525505162346734
380775104,Active(<30일),Q1_저가,0.0,0.000839781295534775,0.0688251570635404
380782528,이탈위험(90일+),Q3,,-0.013772099729542069,0.04093890215574124
380806656,관심필요(30~89일),Q4_고가,0.0,-0.013934269858338857,0.015033390061142918
380834496,Active(<30일),Q3,0.0,0.027372281224408046,0.013428449140257204
380929152,이탈위험(90일+),Q1_저가,0.0,-0.019134478500210217,0.007744362782120609
380960704,이탈위험(90일+),Q2,1.0,-0.004351173616884557,0.0425253624654017
381042368,이탈위험(90일+),Q1_저가,0.0,-0.011548028995786386,0.03254769483550099
381044224,Active(<30일),Q2,0.0,0.02225810106745818,-0.03719154056828411
381129600,Active(<30일),Q2,1.0,0.025877911717439306,-0.07280110777769683
381240960,관심필요(30~89일),Q2,0.0,-0.019142110167979814,-0.00162717706684129
381472960,이탈위험(90일+),Q2,0.0,-0.012789014817080988,0.03278084316495236
381593600,Active(<30일),Q3,,0.03792598420333837,0.039275232885912725
381879424,Active(<30일),Q4_고가,0.0,0.004555217043036741,-0.045930224985646806
382276608,Active(<30일),Q2,0.0,-0.00923102281321267,-0.019506551383469267
382400960,Active(<30일),Q1_저가,1.0,-0.0034283545217045353,0.01931460888562203
383108096,Active(<30일),Q2,1.0,0.0370276615045847,0.008884699804040164
383115520,Active(<30일),Q4_고가,,0.02786662007417995,0.07640210713872864
383163776,이탈위험(90일+),Q3,1.0,-0.013344511937917192,0.042230203279156595
383314112,관심필요(30~89일),Q1_저가,0.0,-0.008828493826971595,0.039594618236349105
383356800,Active(<30일),Q3,,0.007289551146127837,-0.03925006483870386
383483008,이탈위험(90일+),Q4_고가,0.0,-0.013470739744027065,0.0198385890671567
383921024,이탈위험(90일+),Q1_저가,1.0,-0.011976656269791768,0.033076516415840834
384370176,Active(<30일),Q3,,0.013331656998560537,0.023363459845244683
384585472,Active(<30일),Q4_고가,0.0,0.02397164483289027,0.05349801383615482
384696832,Active(<30일),Q2,,0.019236613426537263,-0.0005932341984805634
384804480,Active(<30일),Q2,0.0,-0.018186306376749894,-0.040352731829494615
384858304,Active(<30일),Q3,0.0,0.035665976576705005,0.12399011722119091
384906560,이탈위험(90일+),Q1_저가,0.0,-0.011368898911836338,0.043262409237177536
385079168,Active(<30일),Q3,1.0,0.041083804516609035,0.039271889066923305
385257344,Active(<30일),Q2,0.0,0.033348925108231176,0.006712330764904406
385409536,Active(<30일),Q3,1.0,-0.013073983402531159,0.0033681957757233927
385539456,이탈위험(90일+),Q4_고가,0.0,-0.04119805830755868,0.03063946310413382
385635968,관심필요(30~89일),Q3,0.0,-0.009083406148560694,0.06793692151020964
385732480,Active(<30일),Q4_고가,,-0.003392783626566226,0.021805022530379192
385838272,Active(<30일),Q3,,0.03661484119043007,-0.05323840185465778
386022016,Active(<30일),Q4_고가,,-0.009988257481124918,0.023433238902699494
386027584,Active(<30일),Q2,0.0,0.020648292655778833,0.03651551761446126
386033152,Active(<30일),Q2,1.0,-0.013582971138400957,-0.010320451990506518
386365376,Active(<30일),Q1_저가,0.0,0.027759256291455703,-0.0025234927424310216
386417344,Active(<30일),Q4_고가,0.0,0.037506553652717045,-0.03516272582482005
386521280,이탈위험(90일+),Q1_저가,,-0.01236480558140865,0.03696530414415079
386599232,이탈위험(90일+),Q3,0.0,-0.012547471445140922,0.028461499332308404
386820096,Active(<30일),Q3,0.0,0.030070399337191467,0.06628804997595172
387269248,관심필요(30~89일),Q4_고가,0.0,-0.0012297864893240917,0.03453357265566362
387367616,관심필요(30~89일),Q3,1.0,0.012808850632241353,-0.10667143015599106
387371328,관심필요(30~89일),Q3,0.0,-0.014492213614752919,0.02290287989608239
387430720,관심필요(30~89일),Q1_저가,0.0,-0.008766348121496348,0.026256611063749158
387445568,Active(<30일),Q3,0.0,0.017450930420580546,0.02034476064064228
387662720,Active(<30일),Q3,0.0,0.06032571589691227,0.09644781664514701
387725824,Active(<30일),Q2,0.0,0.025646908283597503,-0.0025137200719359543
387733248,이탈위험(90일+),Q4_고가,0.0,-0.013958762707306248,0.04222308383604613
387850176,관심필요(30~89일),Q3,0.0,-0.010862552396754988,0.05914894486864529
387918848,관심필요(30~89일),Q2,0.0,-0.026028554583711755,0.02675783331210363
388024640,관심필요(30~89일),Q1_저가,0.0,0.010472409514624054,0.00900549568833467
388067328,이탈위험(90일+),Q1_저가,0.0,0.011530465137932225,0.05963698829244767
388110016,Active(<30일),Q4_고가,0.0,0.028144744328204685,0.0429869329433914
388505344,Active(<30일),Q4_고가,0.0,0.015103188049724103,0.00832967509190441
388748480,이탈위험(90일+),Q3,0.0,-0.013284013412215974,0.045137192442829474
388767040,이탈위험(90일+),Q4_고가,1.0,-0.015105585547904962,0.02149421822061362
388878400,Active(<30일),Q2,,0.07697579910616426,-0.04945781391626436
389065856,Active(<30일),Q4_고가,0.0,0.00496833444804512,-0.04636525234313171
389223616,이탈위험(90일+),Q2,,-0.011685283611616928,0.007946575920926902
389231040,관심필요(30~89일),Q2,0.0,-0.029998334848590602,-0.04925605276671208
389294144,관심필요(30~89일),Q4_고가,,9.385608917170107e-05,-0.027057943392307937
389425920,이탈위험(90일+),Q1_저가,0.0,-0.02406527877328042,0.038798531126023855
389437056,이탈위험(90일+),Q3,0.0,-0.004122495674687435,0.05974980159082453
389847232,Active(<30일),Q3,0.0,0.018630402414313352,0.07711343124860104
390045824,이탈위험(90일+),Q1_저가,0.0,0.009569886846332983,0.0501830671946486
390075520,Active(<30일),Q4_고가,0.0,0.023310843780358304,0.010903021673309143
390095936,Active(<30일),Q3,,-0.007671396286475715,0.02224788711019876
390569216,Active(<30일),Q4_고가,,0.027426774552679722,0.018541807985696823
390691712,관심필요(30~89일),Q2,0.0,-0.023061400026653828,-0.015251178947282173
390882880,Active(<30일),Q3,0.0,0.012743458583543976,0.0008545303833300544
391003520,Active(<30일),Q4_고가,0.0,0.010371642336082343,0.0017211498716317442
391224384,Active(<30일),Q4_고가,1.0,0.06422630889696623,0.029638465276401904
391289344,Active(<30일),Q4_고가,0.0,0.016756944803241858,0.009178317969707805
391473088,관심필요(30~89일),Q1_저가,0.0,-0.015872954330924227,0.03145821432163451
391666112,관심필요(30~89일),Q4_고가,1.0,-0.011414465269552476,0.02698145765602883
391695808,이탈위험(90일+),Q4_고가,0.0,-0.014116869734881902,0.022956822231623347
391779328,이탈위험(90일+),Q1_저가,0.0,-0.0106095830607527,0.04247934469392452
391994624,Active(<30일),Q3,,0.025509629191071026,0.0412276277846757
392336128,Active(<30일),Q4_고가,,0.015817285032078132,0.033064797875453356
392556992,관심필요(30~89일),Q3,0.0,0.00536333745609191,-0.07234338143790087
392584832,Active(<30일),Q4_고가,,0.03959541743700934,0.007805560718800231
392627520,관심필요(30~89일),Q3,0.0,-0.02227906681631983,-0.007401808489234857
392679488,Active(<30일),Q4_고가,0.0,0.021917422960632593,0.06576358362478163
393141632,Active(<30일),Q3,1.0,0.06684304829622678,0.08628043140219455
393277120,Active(<30일),Q2,0.0,0.024378561947053456,0.024821268022583443
393343936,Active(<30일),Q4_고가,0.0,0.011574214277105699,-0.012186507542302327
393373632,Active(<30일),Q4_고가,0.0,0.02057271115144127,0.019014345440338587
393429312,관심필요(30~89일),Q1_저가,,-0.03161281826645529,-0.07879185728921803
393533248,Active(<30일),Q3,0.0,0.006211126670334521,0.019412599968012534
393538816,Active(<30일),Q1_저가,0.0,0.03980511279831933,0.027238850348918042
393733696,Active(<30일),Q3,0.0,0.023644824688368593,0.022617569868013332
393848768,Active(<30일),Q4_고가,1.0,0.02788219907247602,0.00458975376948767
393869184,관심필요(30~89일),Q2,1.0,-0.009663785424564753,0.05436745273476995
393980544,이탈위험(90일+),Q1_저가,0.0,-0.0321879479253572,-0.0232728213879716
393986112,Active(<30일),Q2,0.0,0.024182925144970002,0.01537536269266282
394155008,Active(<30일),Q2,0.0,0.045447753515217126,0.011928348733013072
394912256,Active(<30일),Q3,1.0,0.0167002746557674,-0.011268215768829304
394984640,Active(<30일),Q4_고가,1.0,0.022587948558499882,0.047465679451510256
395010624,이탈위험(90일+),Q4_고가,,-0.013816415984376364,0.026189269681258565
395094144,Active(<30일),Q2,0.0,0.02341758116556447,0.0165360420633216
395255616,Active(<30일),Q4_고가,,0.01510013315019565,0.02508195865334839
395337280,이탈위험(90일+),Q4_고가,0.0,-0.013265468884335024,0.017471510680327484
395444928,이탈위험(90일+),Q1_저가,,-0.023571353065798356,-0.001628340344680415
395489472,Active(<30일),Q1_저가,0.0,0.011272753507962419,-0.02623104979075086
395535872,이탈위험(90일+),Q3,1.0,-0.0031375815582739414,0.054972370153025155
395548864,관심필요(30~89일),Q4_고가,0.0,-0.001536522492440462,-0.008181830547547897
395619392,관심필요(30~89일),Q1_저가,0.0,0.012156281417769699,0.05353495892879789
395699200,이탈위험(90일+),Q4_고가,0.0,-0.014335752871144365,0.031184823655373797
395849536,이탈위험(90일+),Q1_저가,0.0,-0.011226928058706967,0.02368871247252602
395884800,이탈위험(90일+),Q1_저가,0.0,-0.018494662698804065,0.011673410850891075
395977600,관심필요(30~89일),Q2,,-0.032452661316470344,-0.040730553385288026
396194752,Active(<30일),Q2,0.0,0.05181435831403702,0.14225639752018893
396348800,관심필요(30~89일),Q4_고가,0.0,-0.03683195012262963,0.01929329811714564
396473152,Active(<30일),Q1_저가,,-0.014795389588999619,-0.06611660928039398
396588224,이탈위험(90일+),Q1_저가,,-0.004778569816820205,-0.009236837214144422
396788672,Active(<30일),Q3,0.0,0.0107678293868122,0.0010298984736323291
396870336,Active(<30일),Q4_고가,0.0,0.007311549376911669,0.048633168144647076
396976128,이탈위험(90일+),Q1_저가,,-0.009941815838631199,0.030157571065856828
396996544,이탈위험(90일+),Q3,,-0.02635699675566397,-0.0057352529468183144
397061504,Active(<30일),Q4_고가,1.0,0.0753709886878195,0.05128152203840919
397096768,이탈위험(90일+),Q2,0.0,-0.020553786734485116,0.009252606531282626
397304640,이탈위험(90일+),Q1_저가,0.0,-0.010712022840658704,0.04427165009910921
397404864,관심필요(30~89일),Q3,,0.0036959489359474906,0.15774733369297317
397441984,Active(<30일),Q3,0.0,0.027009354497181226,0.01944433209478036
397486528,Active(<30일),Q3,0.0,-0.011723881208755255,-0.006920593008404474
397544064,관심필요(30~89일),Q2,0.0,-0.012562075992615496,0.035134126500450294
397553344,Active(<30일),Q4_고가,0.0,0.007635016892079349,-0.0425941940380955
397616448,Active(<30일),Q4_고가,1.0,0.0073718522500288985,-0.04232437363175612
397685120,Active(<30일),Q2,0.0,0.0039799147917567446,0.021209870866683994
397881856,이탈위험(90일+),Q3,0.0,-0.01327932993633734,0.04332249305284798
397924544,Active(<30일),Q3,0.0,0.017003563795392806,0.04748389277519183
397982080,관심필요(30~89일),Q2,0.0,-0.023889142132930252,0.007521004212814764
398408960,이탈위험(90일+),Q2,,-0.01851129827484574,0.013656142708224545
398551872,Active(<30일),Q4_고가,0.0,0.030156104140300233,0.022555040238347646
398657664,관심필요(30~89일),Q1_저가,0.0,-0.006181837529512249,0.05208665515320242
398833984,이탈위험(90일+),Q2,0.0,-0.009643067085377835,0.0601256956985291
398967616,이탈위험(90일+),Q4_고가,0.0,-0.00783091189209166,0.033952353644013625
398986176,Active(<30일),Q4_고가,0.0,0.01840650325845017,0.10583145460873411
399231168,Active(<30일),Q3,,0.023615432840354056,0.016111624242448164
399615360,이탈위험(90일+),Q1_저가,1.0,-0.01063665809661854,0.027524606674820262
399804672,Active(<30일),Q4_고가,1.0,0.026160582417076084,0.004008915885986508
399860352,Active(<30일),Q3,,0.013256498798235317,-0.056695345743692116
399893760,이탈위험(90일+),Q4_고가,0.0,0.00944115525593657,0.10773502934942647
399968000,관심필요(30~89일),Q3,,-0.01780656996131255,0.0069619295798327985
400133184,관심필요(30~89일),Q2,1.0,-0.014470037749175255,0.034311843104846695
400161024,Active(<30일),Q4_고가,0.0,0.012797693002962296,-0.01825561004593229
400359616,이탈위험(90일+),Q4_고가,,-0.01094252323338718,0.011071844900798433
400959104,Active(<30일),Q4_고가,0.0,-0.016760011319262358,0.004877447900655585
401272768,Active(<30일),Q3,0.0,0.027190645631663735,0.023413631734678475
401462080,Active(<30일),Q1_저가,0.0,0.02002124563227181,-0.0750341691841594
401523328,Active(<30일),Q3,0.0,0.020082524259774415,0.02889568727004277
401528896,관심필요(30~89일),Q1_저가,,-0.008759232429180988,0.04830359960194516
401558592,이탈위험(90일+),Q3,,-0.009158825199251389,0.05149373713891585
401603136,관심필요(30~89일),Q2,1.0,-0.016731926879726675,-0.00978225248576528
401707072,Active(<30일),Q2,0.0,0.03059730552520501,0.01757908348807591
401781312,Active(<30일),Q2,0.0,0.014952678335628189,0.025957570480673486
401801728,Active(<30일),Q4_고가,,0.025433934378733758,-0.003262614526224228
402072704,이탈위험(90일+),Q3,0.0,-0.012494951148596813,0.02562844347868698
402128384,이탈위험(90일+),Q2,0.0,-0.012958464167350914,0.02934540048349403
402139520,관심필요(30~89일),Q3,,-0.03149946972825868,-0.025463470190795867
402215616,Active(<30일),Q3,0.0,0.012104652927775739,0.0018967083572507537
402291712,이탈위험(90일+),Q4_고가,,-0.015123711290372197,0.027238921472303654
402490304,이탈위험(90일+),Q1_저가,,-0.011432102857861025,0.025344443329905264
402492160,이탈위험(90일+),Q4_고가,,-0.03968928086597681,0.05490500652608307
402720448,이탈위험(90일+),Q4_고가,0.0,-0.014727086791115049,0.03000279224341529
402835520,Active(<30일),Q2,0.0,0.01954514772943372,-0.007199705966700831
402915328,Active(<30일),Q3,,0.030962691716801105,0.03638106949893616
402941312,이탈위험(90일+),Q2,0.0,-0.012856806985647097,0.052938782602769255
403067520,Active(<30일),Q4_고가,0.0,-0.00042114806981641273,-0.018723681358709166
403190016,Active(<30일),Q4_고가,,0.041562030710955766,0.028988232418442395
403275392,Active(<30일),Q1_저가,0.0,0.0014443317358994179,-0.05901221354002084
403279104,Active(<30일),Q3,,0.02067850050224751,0.06421276526491837
403342208,Active(<30일),Q3,0.0,0.01715608245895528,0.00032786764136338853
403357056,Active(<30일),Q3,,0.016452205043125723,0.04011536427198348
403473984,이탈위험(90일+),Q4_고가,,-0.013744160596638418,0.027780295979142153
403620608,관심필요(30~89일),Q1_저가,0.0,-0.024207948225616033,0.0046747197835587395
403769088,Active(<30일),Q2,,0.017862025685675187,0.032810585017277405
403991808,Active(<30일),Q1_저가,1.0,0.04239085417951538,0.028538809177808933
404047488,이탈위험(90일+),Q4_고가,,-0.007605057473733662,0.04150471427643779
404075328,Active(<30일),Q3,0.0,0.04134435405605563,-0.023056793767999184
404077184,Active(<30일),Q4_고가,,-0.010629053342704822,0.04748969851528642
404099456,이탈위험(90일+),Q1_저가,0.0,-0.011954991777522045,0.022947096516060903
404238656,이탈위험(90일+),Q4_고가,0.0,-0.014301746737644387,0.03612197689172207
404463232,Active(<30일),Q3,0.0,0.011897669845465086,-0.03562080005198198
404999616,Active(<30일),Q1_저가,0.0,0.024313377471546604,-0.027693107137109707
405090560,Active(<30일),Q2,0.0,0.03578902056554445,-0.010702417310531787
405129536,이탈위험(90일+),Q4_고가,,-0.021393434502967282,0.018685822298835683
405231616,Active(<30일),Q1_저가,1.0,0.014425486924957182,0.005468761446549536
405599104,이탈위험(90일+),Q3,,-0.012484693224635558,0.033480737406851285
405853376,Active(<30일),Q2,,0.04021827829368224,-0.018444394645043077
405890496,이탈위험(90일+),Q4_고가,0.0,-0.016461831628755516,0.03923020069393962
405964736,Active(<30일),Q3,0.0,0.042389989746491774,0.05424415811898742
406423168,관심필요(30~89일),Q1_저가,0.0,-0.024238758015559136,-0.016775391328884226
406515968,이탈위험(90일+),Q4_고가,0.0,-0.013705221496819589,0.03748130476071842
406580928,이탈위험(90일+),Q1_저가,0.0,-0.012328178580886182,0.0325923604863915
406592064,Active(<30일),Q3,0.0,0.010928132664424495,-0.015758824760130352
406632896,Active(<30일),Q4_고가,0.0,0.004848711296362551,-0.0391738480231788
406649600,관심필요(30~89일),Q1_저가,0.0,0.0011549668785205691,-0.045001293871219816
406889024,관심필요(30~89일),Q1_저가,0.0,-0.009000941348233066,0.057459975014796244
406931712,Active(<30일),Q2,0.0,0.023516042706959395,0.016904472420545047
407043072,Active(<30일),Q4_고가,,0.014633077125492444,-0.01319909485416082
407106176,Active(<30일),Q3,0.0,0.02390509059582102,0.041965466867315504
407245376,Active(<30일),Q3,0.0,0.00662559267202123,-0.042742998338835214
407369728,이탈위험(90일+),Q4_고가,1.0,-0.020657192425646898,-0.016360553421366053
407375296,Active(<30일),Q3,0.0,0.021030502627608638,0.016193293347088855
407451392,Active(<30일),Q3,1.0,0.030222045080114057,0.03027508771367915
407599872,이탈위험(90일+),Q4_고가,1.0,-0.006934227362301468,0.04435858501353031
407603584,관심필요(30~89일),Q4_고가,1.0,-0.005840740838083974,-0.013359019816546414
407677824,관심필요(30~89일),Q3,1.0,-0.013211176500219662,0.0500240208067502
407750208,관심필요(30~89일),Q1_저가,0.0,0.011756646641336355,-0.004537864423092786
407817024,이탈위험(90일+),Q4_고가,0.0,-0.013801342860243551,0.03051073908136552
407837440,Active(<30일),Q4_고가,,0.010221737134766706,-0.029437158227614446
407902400,Active(<30일),Q4_고가,0.0,0.029552047942404736,0.09206389352893074
408152960,Active(<30일),Q2,0.0,0.0167330077591743,0.051369816139894
408156672,Active(<30일),Q1_저가,0.0,0.11860869108506567,0.052716464898725945
408201216,이탈위험(90일+),Q4_고가,,-0.014327447193951966,0.04072707427965006
408214208,관심필요(30~89일),Q4_고가,0.0,-0.02760834891841063,-0.03620956195836972
408242048,관심필요(30~89일),Q1_저가,0.0,-0.0198877675090946,-0.0939928060031413
408299584,이탈위험(90일+),Q4_고가,0.0,-0.013882736589197232,0.030864007120479597
408713472,관심필요(30~89일),Q1_저가,1.0,-0.012719663692571187,0.011410982823130827
408746880,관심필요(30~89일),Q1_저가,0.0,-0.01493720612526124,0.025075533435871628
408908352,Active(<30일),Q3,0.0,0.034903282370014166,0.05255108659902308
408947328,Active(<30일),Q4_고가,0.0,0.07815099238397161,-0.03460366667979353
408956608,Active(<30일),Q2,0.0,0.03711493279544231,0.06145642202046586
408960320,이탈위험(90일+),Q1_저가,0.0,-0.020286855508225565,-0.010737890280936135
409043840,이탈위험(90일+),Q4_고가,0.0,-0.01682667521574438,0.07066941051215309
409088384,이탈위험(90일+),Q4_고가,,-0.011173886859074722,0.06540061255810492
409140352,이탈위험(90일+),Q2,0.0,-0.012790526100408095,0.01607504992116837
409149632,Active(<30일),Q4_고가,0.0,0.056639617183006696,0.024663938619816417
409248000,Active(<30일),Q4_고가,1.0,0.012925942061336904,0.0016298248566075646
409455872,관심필요(30~89일),Q4_고가,0.0,0.008094271049387813,0.04701376186945022
409487424,Active(<30일),Q1_저가,0.0,0.03681149541878681,-0.005089809960735603
409615488,관심필요(30~89일),Q1_저가,0.0,-0.010430247096750028,0.03495826119577099
409619200,이탈위험(90일+),Q4_고가,0.0,-0.007181117018627815,0.03237901146167217
409880896,관심필요(30~89일),Q4_고가,0.0,-0.018828349246593115,0.0184718696828666
410010816,Active(<30일),Q1_저가,1.0,0.026598819211929414,-0.023769720382002646
410046080,관심필요(30~89일),Q2,0.0,0.0058860186453647545,0.039078423200380075
410101760,Active(<30일),Q1_저가,1.0,0.019730671125511856,-0.08466508191662447
410528640,Active(<30일),Q3,1.0,0.004758896711222205,-0.03929179679377259
410534208,Active(<30일),Q2,1.0,0.030843201967923006,0.03438921355112601
410686400,Active(<30일),Q1_저가,1.0,-0.005303021788352388,0.04300571259697769
410795904,이탈위험(90일+),Q1_저가,0.0,-0.024917667337153823,0.0024275536304986522
411122560,관심필요(30~89일),Q1_저가,0.0,-0.009450276385804673,0.055027411088834605
411185664,Active(<30일),Q2,0.0,0.0421459999156617,0.07464434063592595
411207936,Active(<30일),Q2,0.0,0.027927829241361946,0.028609159689139685
411965184,Active(<30일),Q4_고가,,0.03384205825985409,0.005484735780262873
412054272,Active(<30일),Q4_고가,0.0,0.039193308847929154,0.04198517567143634
412174912,Active(<30일),Q1_저가,0.0,0.01413437410866536,-0.02164634218817607
412507136,Active(<30일),Q2,0.0,-0.01497725075840406,-0.013120187712195475
412598080,Active(<30일),Q3,0.0,0.03667170711453238,0.04620112137489951
412612928,Active(<30일),Q4_고가,0.0,0.014409696722514242,0.009913275004624356
412683456,이탈위험(90일+),Q1_저가,0.0,-0.012110461764033534,0.03852725131717043
412915456,Active(<30일),Q2,0.0,0.04384081602464096,0.021934992040441803
413021248,이탈위험(90일+),Q1_저가,,-0.010235954513057942,0.032346905244939106
413028672,이탈위험(90일+),Q1_저가,0.0,-0.023761943538927813,-0.017139673135223868
413037952,Active(<30일),Q4_고가,0.0,0.01637449983370054,0.0031828944502158008
413164160,Active(<30일),Q1_저가,,0.053821392420001446,-0.00702723203635075
413179008,관심필요(30~89일),Q1_저가,0.0,-0.02368785111926064,-0.0047825041391570955
413327488,이탈위험(90일+),Q3,0.0,-0.01259204275366118,0.02952312830764256
413494528,이탈위험(90일+),Q1_저가,0.0,-0.010985404619492774,0.032428009987598275
413771072,이탈위험(90일+),Q4_고가,0.0,-0.01704353374663148,0.05655206740998048
414095872,Active(<30일),Q2,0.0,0.05916454043195973,0.023872636845178485
414236928,Active(<30일),Q3,0.0,0.01516951258417365,0.027748196056220698
414442944,Active(<30일),Q2,0.0,0.09278834230898647,0.024170491646769543
415053568,관심필요(30~89일),Q3,0.0,-0.017265283902594547,0.03979944594730388
415064704,Active(<30일),Q2,0.0,0.024930213936740386,-0.037699481376013366
415272576,Active(<30일),Q4_고가,0.0,-0.0016090935407109264,0.020191770491830463
415343104,관심필요(30~89일),Q2,0.0,-0.019202318783329148,0.019309736691975443
415569536,Active(<30일),Q2,0.0,-2.508478312419904e-05,0.06079010908363455
415630784,이탈위험(90일+),Q3,0.0,-0.012692280358714822,0.03357806513547242
415634496,Active(<30일),Q3,0.0,0.01574920388821155,-0.0010377645800692115
415641920,Active(<30일),Q3,0.0,0.03402059280608072,0.062186589222078203
415846080,관심필요(30~89일),Q3,,-0.012001844255073543,0.050372879984263236
416074368,Active(<30일),Q2,,0.0033911051391453118,-0.09315368578035643
416076224,Active(<30일),Q4_고가,0.0,0.025037605375513472,0.03617140489682391
416506816,Active(<30일),Q4_고가,0.0,-0.016770580060249896,0.032577108361002416
416556928,Active(<30일),Q4_고가,,0.02143203973810892,-0.06209668644145605
416894720,Active(<30일),Q4_고가,0.0,0.026985465160666244,0.01542706093501267
416935552,관심필요(30~89일),Q1_저가,0.0,-0.023094003656599665,-0.01972375586507502
417084032,Active(<30일),Q4_고가,0.0,0.013045670493631367,0.01244581050957072
417334592,이탈위험(90일+),Q4_고가,1.0,-0.015981575434872025,0.026630932348829406
417356864,이탈위험(90일+),Q2,0.0,-0.011789819892722105,0.04605426801933453
417442240,Active(<30일),Q4_고가,,0.010808390299906434,0.10651018446992033
417846848,이탈위험(90일+),Q1_저가,0.0,-0.009111488305316072,0.04753477100876362
418012032,Active(<30일),Q4_고가,0.0,-0.01097423881040599,0.017881759572049627
418210624,Active(<30일),Q2,1.0,-0.01728976472919208,-0.037639284935689576
418386944,Active(<30일),Q3,,0.01652610576141389,0.009467301391288041
418463040,관심필요(30~89일),Q3,,-0.0005687388934926263,0.08725694772083453
418481600,Active(<30일),Q4_고가,0.0,0.03775750527459487,0.04418195761194388
418552128,Active(<30일),Q2,,0.013557568620858274,0.006867207844268836
418615232,이탈위험(90일+),Q4_고가,0.0,-0.005926699751625589,0.05675513662455893
418687616,이탈위험(90일+),Q4_고가,0.0,-0.02508652905951181,-0.011775137539765612
418693184,Active(<30일),Q3,,0.0174081258424027,0.03512574790560408
418754432,이탈위험(90일+),Q4_고가,0.0,-0.010518199536986378,0.027898771811281448
418984576,관심필요(30~89일),Q4_고가,,-0.02268415261550391,0.029398932714949616
419118208,이탈위험(90일+),Q3,1.0,-0.03367838676458443,-0.04375770592445502
419353920,이탈위험(90일+),Q4_고가,0.0,-0.013367348956085247,0.024099366409591816
419457856,Active(<30일),Q2,0.0,-0.013771017902484806,-0.03968888994461589
419483840,Active(<30일),Q1_저가,0.0,0.022660967628421513,-0.03550212837328426
419628608,Active(<30일),Q4_고가,0.0,0.01582156134183621,-0.01097634079732368
420152000,이탈위험(90일+),Q2,0.0,-0.012615818569626208,0.030571029102707994
421299008,관심필요(30~89일),Q4_고가,,-0.009799908701138782,0.013518436857168192
421753728,이탈위험(90일+),Q1_저가,0.0,-0.012186901753438319,0.0376006880990975
421956032,관심필요(30~89일),Q4_고가,,-0.022818047976453024,-0.008330153546328933
421965312,이탈위험(90일+),Q2,1.0,-0.0038937751856092245,0.021437364041323265
422208448,이탈위험(90일+),Q4_고가,0.0,-0.014904160559221724,0.019780498131826724
422355072,Active(<30일),Q2,0.0,0.031380798932735265,0.019301428405209986
422390336,관심필요(30~89일),Q4_고가,0.0,-0.014244163171048985,0.01101077807594572
422468288,Active(<30일),Q2,,0.01667346071614917,-0.06151887187672278
422549952,이탈위험(90일+),Q4_고가,0.0,-0.0044900978210691,0.008897728938541169
422614912,이탈위험(90일+),Q4_고가,0.0,-0.007186647028143527,0.034447447827188574
422663168,Active(<30일),Q3,0.0,0.018976101725892425,0.009934617293227643
422694720,이탈위험(90일+),Q4_고가,0.0,-0.021716523234233343,0.05949718884861843
422750400,이탈위험(90일+),Q2,0.0,-0.0070366190883376645,-0.01062973615301141
422820928,Active(<30일),Q3,1.0,0.016132080287523776,0.037066147817046535
422908160,Active(<30일),Q4_고가,0.0,0.03158429811162777,0.031340995391295645
423032512,Active(<30일),Q1_저가,1.0,0.03968410127718569,0.08802274058793114
423064064,Active(<30일),Q3,0.0,0.027549769059825202,0.0214150171904397
423080768,이탈위험(90일+),Q2,1.0,-0.02008811968481522,0.016504327574609248
423084480,이탈위험(90일+),Q2,1.0,-0.0236149102258692,-0.01707351400260093
423127168,Active(<30일),Q3,0.0,0.03377582946197999,0.012733558264980016
423240384,Active(<30일),Q3,1.0,0.015329873896467672,0.08449025288602774
423325760,Active(<30일),Q3,0.0,0.01292533888343525,0.0983693178151247
423479808,Active(<30일),Q4_고가,0.0,0.06737589062806948,-0.012602579715998541
423485376,Active(<30일),Q2,0.0,0.029278919613459076,-0.000619060808359384
423587456,관심필요(30~89일),Q4_고가,0.0,-0.036303373181461374,0.01907575628622804
423685824,이탈위험(90일+),Q2,1.0,-0.03983161251908979,-0.03401435784098733
423878848,Active(<30일),Q2,1.0,0.014041084861647679,0.008301470507678377
423925248,이탈위험(90일+),Q4_고가,0.0,-0.013277428830110578,0.029305293820858253
424057024,이탈위험(90일+),Q1_저가,1.0,-0.017008259840354853,0.016382751055438793
424075584,Active(<30일),Q3,0.0,0.007521780925652588,-0.02054777868223573
424118272,Active(<30일),Q4_고가,0.0,0.016290166763478164,-0.009982732280495177
424326144,Active(<30일),Q4_고가,,0.01792780898757329,0.0038385847874594647
424359552,Active(<30일),Q2,1.0,0.018916346070698198,0.049052822597176055
424385536,이탈위험(90일+),Q2,0.0,-0.003629780511731129,0.039546227089686914
424391104,이탈위험(90일+),Q2,0.0,-0.012574620885690994,0.027860369931682283
424521024,Active(<30일),Q4_고가,0.0,0.0380141394006524,0.03508343933079838
424543296,이탈위험(90일+),Q1_저가,0.0,-0.012140600749155489,0.043403961237932914
424643520,Active(<30일),Q1_저가,0.0,0.08263988196508398,0.036592153932374694
424676928,Active(<30일),Q4_고가,0.0,0.00949685501227615,0.012250490695107086
424829120,이탈위험(90일+),Q4_고가,1.0,-0.014118740924269416,0.037895694846747124
424886656,관심필요(30~89일),Q3,0.0,0.006344458270048037,0.12525155859248194
425107520,이탈위험(90일+),Q1_저가,0.0,-0.008802678662132156,0.024480667024086827
425259712,Active(<30일),Q4_고가,,0.028741266116907527,0.024515821722753905
425263424,이탈위험(90일+),Q1_저가,0.0,-0.012073923992629652,0.03968275892847185
425367360,Active(<30일),Q2,0.0,-0.0005473107001937871,0.05101228298734617
425836928,이탈위험(90일+),Q2,1.0,-0.02634815820169996,-0.01698053218436804
426026240,Active(<30일),Q4_고가,0.0,0.008294691545827793,-0.03559034143005124
426039232,Active(<30일),Q2,0.0,0.013308082454981496,0.056346230136829295
426326912,이탈위험(90일+),Q1_저가,0.0,-0.011661340848828215,0.02858126226898572
426506944,Active(<30일),Q2,0.0,0.018730269494730445,-0.04179339617810718
426523648,이탈위험(90일+),Q1_저가,1.0,-0.01032471251148731,0.03815121069598871
427115712,Active(<30일),Q1_저가,,0.05230237166468432,-0.07056520729731897
427253056,Active(<30일),Q4_고가,0.0,0.03363434099659668,0.08445462534012571
427331008,Active(<30일),Q2,0.0,0.03221962706618842,0.04132275369817018
427347712,Active(<30일),Q3,1.0,0.03877965588758303,-0.11201889832369744
427427520,Active(<30일),Q3,,0.04606777518322269,0.0997014023210997
427563008,이탈위험(90일+),Q4_고가,0.0,-0.029582370241000897,0.015907283767364083
427637248,Active(<30일),Q4_고가,1.0,0.025339273463364842,0.03824539570172991
427670656,Active(<30일),Q2,0.0,0.014172651800451908,0.02941710489945437
428259008,Active(<30일),Q3,0.0,0.022948234567976122,0.005097827187654502
428557824,Active(<30일),Q4_고가,1.0,0.04038945004301708,-0.00267334723266599
428845504,Active(<30일),Q3,1.0,0.012022855977679492,-0.02119291310761162
428875200,Active(<30일),Q1_저가,,0.10596003817630606,-0.029458151364290197
429604608,Active(<30일),Q3,,0.027357182122422663,0.01792752514419571
429712256,Active(<30일),Q2,,-0.009728942482845393,-0.10716378015791761
429806912,Active(<30일),Q1_저가,0.0,0.10578912902465787,0.007632904499895676
429916416,관심필요(30~89일),Q4_고가,0.0,-0.0195372867271692,0.006575362190375134
430183680,이탈위험(90일+),Q3,1.0,-0.013503871100123889,0.03757806319886984
430198528,Active(<30일),Q1_저가,0.0,0.017945166931310874,-0.005312808484579712
430282048,Active(<30일),Q2,1.0,0.0156579417969005,0.007744879149056083
430465792,Active(<30일),Q1_저가,0.0,0.022062787890334334,-0.036227169212550425
430558592,관심필요(30~89일),Q2,1.0,-0.008120207108055874,0.047126936788864135
430725632,Active(<30일),Q2,0.0,0.022250711515162225,0.018062471849274675
430931648,Active(<30일),Q1_저가,0.0,0.04796480577136952,-0.029980884793290002
430933504,Active(<30일),Q1_저가,,0.03412871180934596,-0.07862233167443489
430963200,Active(<30일),Q2,,0.02259625744635818,-0.0684886594929629
431059712,이탈위험(90일+),Q3,0.0,-0.016405196097584174,0.19903444192991254
431096832,관심필요(30~89일),Q2,1.0,-0.014094436184664952,0.04824198317797468
431349248,관심필요(30~89일),Q4_고가,0.0,-0.013528841162187707,0.03254949400399813
431403072,이탈위험(90일+),Q1_저가,1.0,-0.010389594559154378,0.019201255836429607
431564544,Active(<30일),Q2,0.0,0.007282185729632573,-0.16514436203251082
431839232,관심필요(30~89일),Q1_저가,0.0,-0.021901561667354102,-0.004317645313670404
431872640,Active(<30일),Q4_고가,0.0,0.01661567385698315,0.05955794621748278
432113920,Active(<30일),Q4_고가,0.0,0.03734897226085465,0.019596872062167314
432227136,관심필요(30~89일),Q1_저가,0.0,-0.006544558055280397,0.04911000802548157
432314368,관심필요(30~89일),Q2,0.0,0.09927429870455767,-0.01969576087660818
432446144,관심필요(30~89일),Q2,0.0,0.0017147001666592554,-0.06863789973550344
432659584,Active(<30일),Q2,0.0,0.06126148295146605,-0.0025390261709382633
432860032,Active(<30일),Q4_고가,0.0,0.014820221445321358,-0.007100541696989038
432867456,이탈위험(90일+),Q1_저가,0.0,-0.01212231309792098,0.03338437777725302
432880448,Active(<30일),Q2,,0.025316159352156142,0.014495839617368445
432978816,이탈위험(90일+),Q4_고가,1.0,-0.015587737576009605,0.037467543905876755
432982528,이탈위험(90일+),Q1_저가,0.0,-0.010053423565997817,0.04420796702240669
433121728,Active(<30일),Q4_고가,0.0,0.049759110878482726,0.10021036603304223
433125440,이탈위험(90일+),Q1_저가,0.0,-0.010405658274665455,0.041703561966269245
433359296,관심필요(30~89일),Q4_고가,,-0.013134602683467486,0.03780747127398758
433517056,이탈위험(90일+),Q3,0.0,-0.00479932441122892,0.02428527440460157
433691520,이탈위험(90일+),Q1_저가,0.0,-0.011487629172824795,0.04581689384591374
433830720,Active(<30일),Q1_저가,0.0,0.0019636196143315993,0.014557342150965907
434125824,이탈위험(90일+),Q1_저가,0.0,-0.00909915615093447,0.021634416492830835
434281728,Active(<30일),Q4_고가,0.0,0.02852573712446127,-0.010367579333004695
434291008,관심필요(30~89일),Q4_고가,0.0,0.0013195792765877679,0.14433126295663967
434495168,관심필요(30~89일),Q2,,0.008657167274080557,-0.011109785498218172
434578688,Active(<30일),Q4_고가,0.0,0.013566763771233004,-0.0024905879437068235
434786560,Active(<30일),Q3,0.0,0.03584532752945202,0.030064356503506695
434831104,이탈위험(90일+),Q2,0.0,-0.02576922751619351,-0.016360756641433105
434844096,이탈위험(90일+),Q2,0.0,-0.009011818316470827,0.02596487550857704
434944320,Active(<30일),Q2,,0.046855080808422045,0.002190369757754884
435059392,Active(<30일),Q2,0.0,0.021126262247881833,-0.011894327291469442
435167040,이탈위험(90일+),Q4_고가,1.0,-0.015021620741090772,-0.01010327705880032
435378624,이탈위험(90일+),Q2,0.0,-0.01272242298754496,0.03225015048491223
435655168,관심필요(30~89일),Q3,0.0,-0.01028382385119675,0.05720104860368738
435955840,Active(<30일),Q2,0.0,-0.010971301157691737,0.02599489320221174
436013376,이탈위험(90일+),Q4_고가,0.0,-0.02250432369169944,0.028339192944506972
436215680,Active(<30일),Q3,0.0,0.056441738430175414,0.07163425894822595
436382720,이탈위험(90일+),Q4_고가,0.0,-0.006834490013198802,-0.0039266598656493845
436681536,Active(<30일),Q4_고가,0.0,0.004423299793770874,-0.04266751031927973
436683392,Active(<30일),Q1_저가,0.0,-0.010999502121280147,-0.01118693203785015
436739072,관심필요(30~89일),Q3,0.0,0.004364434222787483,0.008770078509033996
436818880,Active(<30일),Q3,,0.01106065846008647,-0.001227251924493078
436939520,이탈위험(90일+),Q2,0.0,-0.05388777755264723,0.034302685618635476
437076864,Active(<30일),Q3,0.0,0.032852413081666754,0.04006857071526826
437084288,Active(<30일),Q4_고가,1.0,0.04858123011829607,-0.014588836274677774
437160384,Active(<30일),Q3,0.0,0.024999250968225417,0.01517436110794157
437193792,Active(<30일),Q2,0.0,0.019387900180703577,0.056270665993171765
437288448,Active(<30일),Q3,0.0,0.05123323423659809,0.025035598314763874
437345984,Active(<30일),Q1_저가,0.0,0.03590869749009251,0.11799349757215283
437422080,Active(<30일),Q3,1.0,0.012785446807215273,0.014696244083394205
437490752,관심필요(30~89일),Q3,0.0,-0.011805344097702453,0.04666999337744766
437509312,관심필요(30~89일),Q1_저가,0.0,0.0027671507971511744,-0.005126681430800584
437540864,Active(<30일),Q2,0.0,0.026539886938636847,-0.003026325827470533
437552000,Active(<30일),Q3,0.0,0.03148056488851814,-0.01610415077574856
437598400,이탈위험(90일+),Q1_저가,0.0,-0.0024479393807429056,0.03967220139844824
437624384,관심필요(30~89일),Q2,,-0.02744271679989202,-0.05594512613178587
437661504,Active(<30일),Q4_고가,0.0,0.09931601213866367,0.05250809359276598
437793280,관심필요(30~89일),Q4_고가,1.0,-0.013481210912377348,0.018829594463311033
437835968,이탈위험(90일+),Q4_고가,,-0.021595046833232573,0.007980016391551728
437884224,이탈위험(90일+),Q3,0.0,-0.029802044745116302,0.0023084202509413565
437939904,관심필요(30~89일),Q2,,0.008687147228225056,-0.04914970471850505
437967744,이탈위험(90일+),Q3,,-0.013452777502620764,0.047505363897123926
438105088,관심필요(30~89일),Q3,0.0,0.07128726379720643,-0.009939055864373075
438112512,Active(<30일),Q1_저가,0.0,0.025574427716715586,-0.03325118913557701
438235008,이탈위험(90일+),Q1_저가,1.0,-0.0102189085967399,0.017396333935515332
438459584,관심필요(30~89일),Q4_고가,0.0,0.008722732080559181,0.11462824932027582
438543104,관심필요(30~89일),Q1_저가,,-0.031037904227829316,-0.010715576418118211
438814080,Active(<30일),Q4_고가,,0.012762094602627116,-0.001975935204877488
439007104,Active(<30일),Q4_고가,,0.024078539471512173,0.04274160960915063
439040512,Active(<30일),Q3,0.0,0.054164972106092946,0.021038332916078373
439059072,관심필요(30~89일),Q4_고가,,-0.012172431178307283,0.02344342363112674
439372736,Active(<30일),Q2,0.0,0.03263340226148592,0.010942643993084422
439515648,Active(<30일),Q2,1.0,-0.006366102286248121,0.012539101650313189
439536064,Active(<30일),Q3,0.0,0.014570487668281062,-0.006917035088796042
439665984,관심필요(30~89일),Q3,1.0,-0.0019771506368795877,0.04522988411794643
439743936,이탈위험(90일+),Q1_저가,0.0,-0.01874336619834646,0.004771210044629742
439768064,Active(<30일),Q2,0.0,0.015872736206733573,0.10069428651645063
440207936,Active(<30일),Q2,0.0,0.03405126486286936,-0.0006898384279180325
440239488,관심필요(30~89일),Q3,,-0.01726694507441473,0.014620104397234393
440272896,Active(<30일),Q3,1.0,0.023724985493742246,0.038480886268738024
440302592,관심필요(30~89일),Q2,0.0,-0.01638032167749806,0.008605500324685919
440319296,관심필요(30~89일),Q2,0.0,-0.003935063448656795,-0.04086615984735259
440614400,관심필요(30~89일),Q3,0.0,-0.025806207614657045,0.0006341968454657565
440675648,Active(<30일),Q1_저가,0.0,0.007715551287208133,-0.002250332092689211
440913216,이탈위험(90일+),Q2,1.0,-0.01241626444849131,0.032076246378199794
441002304,Active(<30일),Q2,0.0,-0.01780900943977809,-0.007593870840363448
441432896,Active(<30일),Q2,0.0,0.0404428152107259,0.03836550333601807
441531264,관심필요(30~89일),Q3,,-0.03575769481401081,-0.02680441311920337
441551680,이탈위험(90일+),Q4_고가,0.0,-0.01356507579410303,0.012240357634213772
441744704,이탈위험(90일+),Q3,1.0,-0.014687478253983616,-0.03616769436846734
441813376,Active(<30일),Q3,,0.03537556701971856,0.04471129475028235
441876480,Active(<30일),Q1_저가,0.0,0.01875259502750093,-0.016223115244027198
441980416,Active(<30일),Q2,0.0,-0.008279971011088572,0.0031172317170241604
442112192,Active(<30일),Q3,0.0,0.026581439101449056,-0.08021553660276637
442316352,이탈위험(90일+),Q3,,-0.010819974480953731,0.018013598558023508
442451840,관심필요(30~89일),Q4_고가,1.0,-0.016712021803743093,-0.00355090676652009
442509376,이탈위험(90일+),Q4_고가,0.0,-0.02794370164120616,-0.00122161917501587
442656000,Active(<30일),Q3,0.0,0.042375547628131005,0.057335884157588946
443129280,이탈위험(90일+),Q1_저가,,-0.02353125367350896,0.02177171436653723
443223936,이탈위험(90일+),Q3,1.0,-0.013331519206641052,0.03457538241573029
443272192,Active(<30일),Q4_고가,,0.028228644879590647,0.023361391843945034
443387264,관심필요(30~89일),Q4_고가,0.0,-0.011488696314656974,0.04160719182633302
443424384,관심필요(30~89일),Q4_고가,0.0,-0.035486315042743855,0.02145634850281536
443530176,Active(<30일),Q4_고가,0.0,0.030580814987800742,0.02241683430806396
443533888,Active(<30일),Q3,0.0,0.01884523267153848,-0.0002139902882629663
443546880,이탈위험(90일+),Q1_저가,0.0,-0.011759212045744191,0.02355277878525787
443635968,관심필요(30~89일),Q3,0.0,-0.0008031178429991626,0.0367705676775352
443674944,이탈위험(90일+),Q3,0.0,-0.012104045538991012,0.035379442625782284
444023872,Active(<30일),Q3,0.0,-0.01916025406979527,-0.04885085245641274
444315264,관심필요(30~89일),Q1_저가,0.0,-0.009690039545269313,0.05222170934585087
444354240,Active(<30일),Q4_고가,0.0,0.040638556890596034,0.11513287636907887
444491584,Active(<30일),Q4_고가,0.0,0.014320841929478023,-0.03072194822308144
444504576,관심필요(30~89일),Q4_고가,1.0,-0.012867046918055236,0.02140106653316738
444617792,Active(<30일),Q4_고가,0.0,0.006584545960596544,-0.03704753167048758
444760704,Active(<30일),Q2,0.0,0.026403103168881947,0.031089170329422156
445059520,Active(<30일),Q2,,-0.014874876546625032,-0.050796810011744575
445070656,이탈위험(90일+),Q1_저가,0.0,-0.019441012628235943,0.029170958768426875
445115200,Active(<30일),Q4_고가,1.0,0.018079715553046105,-0.009603334068556069
445122624,관심필요(30~89일),Q3,1.0,0.009347079797566327,0.07856739492984177
445131904,Active(<30일),Q3,0.0,0.044741306599804576,0.0232579466663988
445156032,관심필요(30~89일),Q3,0.0,-0.01892754050652623,0.008056967327888853
445224704,Active(<30일),Q4_고가,1.0,0.01467500758579171,0.019609627339614855
445272960,이탈위험(90일+),Q1_저가,0.0,-0.018644650864877155,0.0411973999767383
445360192,Active(<30일),Q4_고가,0.0,0.012559261634440877,-0.01752065374644951
445408448,Active(<30일),Q2,1.0,0.012513587650653912,0.03179506048754932
445772224,Active(<30일),Q2,1.0,0.01672117582697319,0.0008936510085051363
446329024,관심필요(30~89일),Q3,0.0,0.0030850523473587854,0.19881443354145295
446603712,이탈위험(90일+),Q4_고가,1.0,-0.011008325381467926,0.026486359502749454
446661248,이탈위험(90일+),Q1_저가,,-0.017066997655800442,0.005053922064219743
446967488,이탈위험(90일+),Q1_저가,0.0,-0.018156450403027713,0.018043670203264264
447071424,이탈위험(90일+),Q4_고가,,-0.017591847075755118,0.057473635521825495
447101120,관심필요(30~89일),Q2,0.0,-0.011146907240322301,0.02845739567644945
447199488,이탈위험(90일+),Q3,0.0,-0.012668183830001546,0.03709765016696026
447503872,이탈위험(90일+),Q2,,-0.04119806089592906,-0.015072353204867162
447524288,Active(<30일),Q3,,0.05241058548606603,0.10345560678025378
447650496,이탈위험(90일+),Q2,1.0,-0.012118938487027386,0.03675462539643767
447739584,Active(<30일),Q2,,0.017385223366338964,0.011428576140227964
447754432,Active(<30일),Q2,0.0,0.05273371531979132,0.06177379111134873
447958592,이탈위험(90일+),Q3,0.0,-0.013903590729120681,0.04656637118626381
447960448,Active(<30일),Q4_고가,0.0,0.04304981772201233,0.10679623759422396
448255552,Active(<30일),Q2,0.0,0.021908556062940066,0.02534154323423443
448439296,이탈위험(90일+),Q3,0.0,-0.013427016357159503,0.038445443078148574
448507968,Active(<30일),Q1_저가,0.0,-0.006934768661471302,-0.052433300267899
448552512,Active(<30일),Q4_고가,0.0,0.05306412752415657,0.020540004557009883
448610048,Active(<30일),Q2,,0.02287890896293132,0.021563996744023428
448814208,이탈위험(90일+),Q3,0.0,-0.02050898865830153,-0.019744083916191008
448932992,Active(<30일),Q3,0.0,0.03363013091406475,-0.003852084895919039
449265216,이탈위험(90일+),Q1_저가,0.0,0.01615663890284353,0.05509992044610643
449280064,관심필요(30~89일),Q1_저가,0.0,-0.012005284583167325,0.007126342138172509
449489792,Active(<30일),Q2,0.0,0.043962451913817424,0.01718103445664576
449710656,이탈위험(90일+),Q4_고가,0.0,0.011019945856000551,0.05213045655606273
449714368,Active(<30일),Q1_저가,0.0,-0.004862172650012431,-0.01440058380759085
449736640,관심필요(30~89일),Q1_저가,0.0,-0.015208420994702973,0.043179204923332715
449777472,Active(<30일),Q1_저가,0.0,0.041033774479115825,-0.006239695351436536
450096704,Active(<30일),Q3,,0.05344689652294621,0.011799308172787182
450107840,이탈위험(90일+),Q2,0.0,-0.028645825058347174,-0.054672740961428073
450451200,관심필요(30~89일),Q3,0.0,-0.012220318477325007,0.04927465864966481
450462336,Active(<30일),Q4_고가,0.0,0.03950129781994183,0.12938488157488126
450679488,관심필요(30~89일),Q2,0.0,0.008429462860060466,-0.04774969516128175
450699904,Active(<30일),Q2,0.0,0.015281361655035353,0.008476649523897928
450831680,이탈위험(90일+),Q1_저가,0.0,-0.004350487213267945,-0.00031802933720240234
450863232,관심필요(30~89일),Q2,1.0,-0.02313454528366546,-0.004180027668522102
450976448,관심필요(30~89일),Q3,1.0,0.007048456519247015,0.09036912529020047
450983872,Active(<30일),Q4_고가,0.0,0.005258019468811659,-0.042398345848239094
451046976,Active(<30일),Q4_고가,0.0,0.031244969243689802,-0.023011377535157695
451132352,Active(<30일),Q1_저가,1.0,0.011409854437750888,-0.006983433386878013
451308672,관심필요(30~89일),Q1_저가,1.0,-0.006838131432536185,0.03876134186431747
451340224,이탈위험(90일+),Q1_저가,0.0,-0.010169087360640428,0.036355539379628043
451375488,관심필요(30~89일),Q2,0.0,0.009365818534079362,-0.039107824425499205
451559232,Active(<30일),Q3,0.0,0.03985452631053876,-0.0050843341343833615
451566656,관심필요(30~89일),Q2,0.0,0.010113284752223561,0.043567454719908305
451863616,관심필요(30~89일),Q4_고가,0.0,0.007375065360733457,-0.0071472044361377
451867328,Active(<30일),Q4_고가,0.0,0.01871352207268684,-0.023890766697640675
451910016,이탈위험(90일+),Q1_저가,0.0,-0.023293442580099216,0.028528118444168915
452121600,관심필요(30~89일),Q2,0.0,0.0033602911087999288,-0.03575960891630825
452323904,이탈위험(90일+),Q4_고가,0.0,-0.007684151271606113,0.048339067352574455
452600448,이탈위험(90일+),Q1_저가,0.0,-0.011806222402144177,0.0320704695949083
452626432,Active(<30일),Q3,0.0,0.049631400796579905,0.0013677381204162398
452956800,Active(<30일),Q4_고가,0.0,0.0444272451156007,0.01786780288713552
453361408,Active(<30일),Q3,0.0,-0.010632331753005847,0.04108194144919017
453379968,관심필요(30~89일),Q1_저가,0.0,-0.010883171392800733,0.014988373188336929
453439360,관심필요(30~89일),Q2,0.0,-0.00944258744954922,0.04743790041466128
453591552,Active(<30일),Q4_고가,1.0,0.022178800776852303,0.09431022140430068
453617536,Active(<30일),Q3,0.0,0.021225262427386205,0.030096443550067686
453704768,이탈위험(90일+),Q4_고가,1.0,-0.023710296816777693,-0.008494234951592322
453747456,관심필요(30~89일),Q4_고가,0.0,-0.020968932385303785,-0.06570036648253402
453762304,관심필요(30~89일),Q3,1.0,-0.01311255959865762,0.01560805839720339
454289408,Active(<30일),Q2,,-0.0015754039981059065,0.02877172491614688
454372928,이탈위험(90일+),Q1_저가,0.0,-0.01142688934128605,0.033514184613907906
454382208,이탈위험(90일+),Q1_저가,0.0,-0.01162187765374647,0.04108438812397309
454469440,관심필요(30~89일),Q3,0.0,-0.01165942875998112,0.03751136595750483
454506560,Active(<30일),Q3,0.0,0.021534660567344877,0.014138450257255575
454888896,Active(<30일),Q3,1.0,0.03660601488475668,-0.03018252302770974
455072640,이탈위험(90일+),Q4_고가,,-0.026891862552785237,0.010678791764516568
455081920,이탈위험(90일+),Q1_저가,,-0.011672946962831679,0.03240998205223695
455115328,Active(<30일),Q3,0.0,0.02377735268458414,0.07310977155817144
455219264,Active(<30일),Q3,0.0,0.022095348922028024,0.03211074929765689
455395584,Active(<30일),Q2,0.0,0.031126788318980414,-0.03453821068306151
455737088,이탈위험(90일+),Q4_고가,1.0,-0.02932070999534278,-0.03797307463879751
455865152,이탈위험(90일+),Q2,,-0.01259622208106679,0.03627295303342867
455950528,이탈위험(90일+),Q2,0.0,-0.012509104006656953,0.023432429226087098
456182528,Active(<30일),Q2,0.0,0.027994180091950538,0.08339864794806107
456284608,관심필요(30~89일),Q4_고가,0.0,-0.00659278839670277,0.03135495327382695
456295744,관심필요(30~89일),Q2,,-0.021519528134402638,-0.011071818162769975
456303168,Active(<30일),Q1_저가,0.0,0.014278910281003143,-0.024483382797775288
456373696,이탈위험(90일+),Q3,,-0.021138056120808116,0.010235938529528546
456451648,Active(<30일),Q3,1.0,0.015230120605507658,-0.0002561711555073565
456653952,관심필요(30~89일),Q3,0.0,-0.01148589938345193,0.06681510939657756
456934208,이탈위험(90일+),Q1_저가,1.0,-0.011258441247381186,0.02125723019377826
457327680,Active(<30일),Q3,0.0,0.03049081423737854,0.013182348925094955
457400064,Active(<30일),Q4_고가,0.0,0.011013661919820228,0.05799081688328467
457479872,Active(<30일),Q1_저가,0.0,-0.007705981638525372,0.011018480989600316
457520704,이탈위험(90일+),Q2,1.0,-0.017421806597469003,-0.0202482572088879
457524416,이탈위험(90일+),Q4_고가,,-0.013847138382655284,0.029235009208677998
457832512,이탈위험(90일+),Q2,,-0.019033620327461365,-0.03578621042249508
458738240,이탈위험(90일+),Q3,1.0,-0.02140245133745708,-0.006942120482590644
458741952,Active(<30일),Q2,,-0.010317826132100805,0.001898082097723075
458842176,Active(<30일),Q4_고가,0.0,-0.012459427034567316,-0.007546968421498296
459053760,이탈위험(90일+),Q4_고가,0.0,-0.015072789865508668,0.013926489076158413
459849984,이탈위험(90일+),Q4_고가,0.0,-0.013089313989856188,0.022332089716479347
460132096,Active(<30일),Q3,1.0,0.008469688447977741,-0.012538864559490104
460293568,Active(<30일),Q2,0.0,0.01605799453750134,0.1235947723238725
460377088,Active(<30일),Q2,1.0,-0.0154826121108399,-0.02079036377283705
460510720,Active(<30일),Q4_고가,0.0,0.015873564526759365,0.02092109349789195
460525568,이탈위험(90일+),Q4_고가,0.0,-0.01323003111380227,0.01029183865297506
460898624,이탈위험(90일+),Q1_저가,0.0,-0.008803238757135838,0.02306318843881011
461006272,관심필요(30~89일),Q2,0.0,0.012670292188611987,-0.07199756308790756
461167744,Active(<30일),Q1_저가,0.0,0.010522221247206809,0.0454622804373207
461524096,이탈위험(90일+),Q1_저가,0.0,-0.011857786421573244,0.03425284831393299
461681856,Active(<30일),Q4_고가,0.0,0.035960942410112495,0.05041789425433452
461737536,Active(<30일),Q4_고가,0.0,0.03221605707813857,0.0016272141574615873
461845184,관심필요(30~89일),Q2,0.0,-0.008206168389721588,0.04628341971661182
461897152,Active(<30일),Q4_고가,1.0,0.009214767673535684,-0.012523963704053953
461932416,Active(<30일),Q4_고가,0.0,-0.015101510202729568,-0.008229915557795231
461941696,관심필요(30~89일),Q3,,-0.0113222088579287,0.052249159892442665
461965824,Active(<30일),Q4_고가,0.0,0.028638628655157983,0.04157865612276246
462264640,이탈위험(90일+),Q1_저가,,-0.00960354051635668,0.038838103418446096
462442816,관심필요(30~89일),Q3,0.0,-0.02025550393582487,0.0222486614096154
462478080,이탈위험(90일+),Q3,0.0,-0.01239733208325549,0.043674517025035955
462517056,Active(<30일),Q4_고가,0.0,0.018398619893097656,-0.011562504704301646
462672960,Active(<30일),Q3,0.0,0.022026464785574407,-0.07641787620350055
463029312,관심필요(30~89일),Q1_저가,0.0,-0.013942391017289002,0.005843709402917896
463188928,관심필요(30~89일),Q3,0.0,-0.015598737111413657,0.010596035519914726
463190784,Active(<30일),Q4_고가,0.0,0.030299151542508673,0.028320313553434895
463331840,Active(<30일),Q4_고가,0.0,0.007346350114449063,-0.04627294724274633
463350400,Active(<30일),Q1_저가,0.0,0.02505063947460362,-0.020161358552801545
463602816,Active(<30일),Q1_저가,,0.03848654253680517,-0.048392409943616155
463613952,이탈위험(90일+),Q3,0.0,-0.03656239158360364,0.0003118474044114805
463747584,관심필요(30~89일),Q1_저가,0.0,-0.02971369494714582,-0.018030821813619813
463795840,관심필요(30~89일),Q4_고가,0.0,-0.01852277769856525,-0.04567923979990923
464295104,Active(<30일),Q3,0.0,0.009126181235532327,0.006848816799806978
464397184,Active(<30일),Q2,,0.020847012690081712,-0.05652263536600466
464445440,이탈위험(90일+),Q1_저가,,-0.023853268536580388,0.016748706609723857
464579072,관심필요(30~89일),Q4_고가,0.0,-0.0027344352598269728,0.0952571728619715
464670016,Active(<30일),Q1_저가,0.0,-0.0040517750757198545,-0.01224991570386702
464759104,Active(<30일),Q2,1.0,0.020527624921862664,0.007228596050099512
464764672,이탈위험(90일+),Q2,0.0,-0.012159300896166882,0.035203546509122115
464831488,이탈위험(90일+),Q3,1.0,-0.012763404586916507,0.034906887340587216
464892736,Active(<30일),Q4_고가,0.0,-0.01091587529454241,0.014946631613539096
465163712,Active(<30일),Q1_저가,,0.0394946872946943,0.08231369241838599
465254656,이탈위험(90일+),Q1_저가,1.0,-0.01782990967788875,0.0037937727964576645
465544192,Active(<30일),Q2,,-0.01233953549599584,0.000509502744808682
465744640,Active(<30일),Q2,,0.03864340994204851,0.03650686570260697
466011904,관심필요(30~89일),Q4_고가,0.0,0.005303820682200144,0.12061144972036353
466050880,Active(<30일),Q1_저가,,0.027808875542639888,-0.021260976090225925
466186368,Active(<30일),Q4_고가,1.0,0.022680132661766716,-0.007132700731391384
466462912,Active(<30일),Q2,0.0,0.03602865137002964,-0.04826781970627725
466546432,Active(<30일),Q4_고가,0.0,0.028221130464920474,0.05374224854689236
466600256,Active(<30일),Q4_고가,,0.035926459496143814,0.1648706276920754
466724608,Active(<30일),Q4_고가,0.0,-0.005930686388616838,0.04383641969559618
467147776,Active(<30일),Q2,0.0,0.015739467253169215,0.02234398671986948
467439168,이탈위험(90일+),Q1_저가,,0.009122293860562021,0.04852910695502605
467498560,Active(<30일),Q2,,0.03724605724463992,0.007127004821492422
467502272,이탈위험(90일+),Q3,0.0,-0.024353372629608933,0.015423907192565561
467582080,Active(<30일),Q1_저가,0.0,0.03959733243549168,0.0134707434875318
467617344,이탈위험(90일+),Q3,,-0.012663491044456979,0.025349780350172477
467750976,이탈위험(90일+),Q3,0.0,-0.007797049764797448,-0.004147933125952963
467765824,Active(<30일),Q3,0.0,0.008689681701585017,-0.0018419398282480959
467888320,이탈위험(90일+),Q3,0.0,-0.013587504363580062,0.044785190479559596
467925440,관심필요(30~89일),Q4_고가,0.0,-0.013574244590333615,0.03623387419724443
467927296,Active(<30일),Q3,0.0,0.02689256991534006,0.04570825394680922
467984832,Active(<30일),Q1_저가,,0.023453025964860874,-0.02815565520666563
468047936,Active(<30일),Q1_저가,0.0,0.023712410663325967,-0.04180296336143352
468092480,관심필요(30~89일),Q1_저가,0.0,-0.02602673721623605,-0.036044600778072255
468107328,Active(<30일),Q1_저가,,0.006524419528346703,-0.061131827089207835
468240960,Active(<30일),Q3,0.0,0.027406634712330957,0.01805294753016673
468627008,Active(<30일),Q2,,0.03427609028365697,0.03022917969005323
468745792,이탈위험(90일+),Q4_고가,,-0.01503275665544173,-0.001815377486391212
468870144,관심필요(30~89일),Q3,0.0,-0.01707374623179332,0.030821091918396576
469100288,Active(<30일),Q4_고가,,0.006867597097334643,-0.04247387925083823
469170816,Active(<30일),Q4_고가,,0.03211421446159235,0.09600968802173238
469460352,Active(<30일),Q3,0.0,0.03469125196905398,0.030548859298411557
469688640,Active(<30일),Q2,,0.029389431091156104,0.04292310022362644
469714624,관심필요(30~89일),Q2,1.0,0.01111280928778674,-0.035566601488009164
469861248,관심필요(30~89일),Q3,0.0,-0.01183126972068102,0.045408205545458005
469924352,Active(<30일),Q4_고가,1.0,0.013766536394275719,0.025468002228509312
469968896,Active(<30일),Q3,,-0.005788574395852786,-0.0769622499471746
470065408,관심필요(30~89일),Q3,0.0,-0.004585667970157498,0.005148972739168478
470083968,관심필요(30~89일),Q4_고가,,-0.024237202827590898,-0.005860203727029556
470341952,Active(<30일),Q3,0.0,0.06694183367432482,-0.013817236345912698
470358656,이탈위험(90일+),Q2,1.0,-0.005885457323367996,0.027883478070747633
470371648,관심필요(30~89일),Q2,,-0.01488287801879018,0.050174199436270675
470380928,이탈위험(90일+),Q2,,-0.020323004164099587,0.03473836616313354
470408768,관심필요(30~89일),Q1_저가,0.0,-0.008403913529649462,0.04054005442888861
470496000,Active(<30일),Q3,,0.029989136115607384,0.04282402999630108
470716864,관심필요(30~89일),Q1_저가,,-0.014872381047293548,0.014109077788080598
470904320,관심필요(30~89일),Q1_저가,0.0,-0.006670534485237814,0.01708558380079822
471086208,이탈위험(90일+),Q1_저가,0.0,-0.01235238778296844,0.030077841308769254
471654144,Active(<30일),Q3,,0.033482184994248265,0.07357582722881562
471674560,Active(<30일),Q1_저가,,0.011408704352935173,0.011212798211138408
471693120,이탈위험(90일+),Q3,0.0,-0.005134842607519036,0.03984913142235877
472097728,이탈위험(90일+),Q2,0.0,0.025985332325118127,0.01068824804541929
472114432,Active(<30일),Q2,0.0,0.016864840457167962,-0.06107408990323304
472183104,Active(<30일),Q1_저가,,0.035793205211911316,0.0022045500424707765
472190528,Active(<30일),Q3,0.0,0.02541628834570142,0.032694746171657796
472205376,관심필요(30~89일),Q2,0.0,-0.008475947409800025,0.05731002206004515
472212800,Active(<30일),Q3,0.0,0.01452659153902236,0.042823790544862295
472223936,이탈위험(90일+),Q1_저가,0.0,0.03376384497512758,-0.007203690149077069
472242496,이탈위험(90일+),Q2,1.0,-0.012849846819085749,0.02194740089461618
472346432,Active(<30일),Q2,0.0,0.06927516039635861,0.09959802948778665
472366848,관심필요(30~89일),Q4_고가,1.0,-0.03142899653756648,0.030587402194326097
472372416,Active(<30일),Q2,0.0,0.020159085463623216,0.011042313069193899
472377984,관심필요(30~89일),Q2,1.0,-0.008279166959504494,0.04332700898733538
472387264,이탈위험(90일+),Q3,0.0,-0.01349426037669612,0.04133612921448432
472435520,Active(<30일),Q1_저가,0.0,0.015893288234468006,0.022334531486829456
472476352,Active(<30일),Q1_저가,1.0,0.022375648168021622,-0.13426311533375201
472504192,관심필요(30~89일),Q2,1.0,0.014355217729280723,-0.040736779454058236
472545024,Active(<30일),Q2,0.0,0.03973837649075873,0.04276734306181962
472611840,Active(<30일),Q1_저가,1.0,0.03742521422193834,-3.239483741979132e-05
472619264,Active(<30일),Q1_저가,0.0,-0.0014419949315782332,0.04942266186535671
472710208,Active(<30일),Q3,0.0,0.014549463674369045,-0.003959232066241158
472773312,Active(<30일),Q3,1.0,0.020326574836492473,0.004225000522567135
472851264,관심필요(30~89일),Q2,,-0.019509533344475416,-0.07508540558767723
472862400,관심필요(30~89일),Q4_고가,0.0,-0.0044653141432478005,0.053036308801443055
472955200,Active(<30일),Q4_고가,0.0,0.02215566381180878,-0.011630091888190752
473190912,Active(<30일),Q3,0.0,0.0356783285156157,0.000206642913522459
473229888,이탈위험(90일+),Q4_고가,0.0,-0.0063300683045574985,0.06681796191932829
473357952,Active(<30일),Q3,0.0,0.010883278301591193,0.012519307803378399
473378368,Active(<30일),Q2,0.0,-0.009127378370663797,0.005525381083694159
473380224,이탈위험(90일+),Q3,0.0,-0.013142929706744688,0.03744429596814024
473608512,관심필요(30~89일),Q4_고가,0.0,0.006176271746981654,0.07400634669261996
473653056,Active(<30일),Q3,0.0,0.02351247013257951,0.058778230825162314
473688320,Active(<30일),Q4_고가,0.0,0.007087158071352406,-0.03643405741512917
473701312,Active(<30일),Q1_저가,1.0,0.002970440235021299,0.008646162792781076
473744000,이탈위험(90일+),Q3,0.0,-0.007503673487792267,0.013978748935398772
473745856,Active(<30일),Q4_고가,0.0,0.02056823790647999,-0.004736169556806558
473775552,Active(<30일),Q4_고가,0.0,0.0216080717885182,0.07299871239878719
473781120,Active(<30일),Q2,0.0,0.03342362667264731,-0.02447022583752878
473790400,관심필요(30~89일),Q2,,-0.016664326263554366,0.020059186625847727
473957440,Active(<30일),Q4_고가,,0.0105475442742069,-0.05395310060325165
473961152,Active(<30일),Q4_고가,0.0,0.024707334639179623,-0.0005966651122331079
474105920,Active(<30일),Q2,,0.022196864658154958,0.015326934602924336
474180160,Active(<30일),Q1_저가,0.0,0.027762149363448785,0.03170186061214486
474195008,이탈위험(90일+),Q4_고가,0.0,-0.01386965480283714,0.016032531695919255
474306368,이탈위험(90일+),Q2,0.0,-0.011438745442374977,0.024329450828905766
474428864,이탈위험(90일+),Q1_저가,,-0.008729702701215362,0.022397783571982355
474434432,Active(<30일),Q3,0.0,0.022172097848349392,0.05418448830661016
474467840,Active(<30일),Q1_저가,0.0,0.0036422243709145208,0.06879236078165474
474634880,이탈위험(90일+),Q2,0.0,-0.011768842907715411,0.03448531929299847
474668288,Active(<30일),Q3,0.0,0.015690401360883732,-0.005348059294516538
474751808,Active(<30일),Q4_고가,,0.033034648802566124,-0.020020238517933442
474837184,이탈위험(90일+),Q1_저가,0.0,-0.01019086907625652,0.03364917705136124
474954112,Active(<30일),Q3,1.0,0.10315064807036023,-0.0018004326587073294
475076608,Active(<30일),Q1_저가,0.0,0.032971006104862255,-0.04716174203598911
475156416,Active(<30일),Q3,0.0,0.02135025874799079,0.029567810924311266
475158272,Active(<30일),Q3,0.0,0.022878716328812387,0.09494694546718191
475199104,이탈위험(90일+),Q4_고가,,-0.017438955469710665,-0.034089549340325515
475236224,Active(<30일),Q1_저가,0.0,-0.013547240387143666,0.02624255758257893
475241792,Active(<30일),Q1_저가,1.0,0.039720008125293194,-0.045146834596960006
475362432,Active(<30일),Q2,0.0,-0.005995895868686638,0.03603223964539484
475388416,Active(<30일),Q3,0.0,0.020675777358502567,0.027306360638985505
475716928,이탈위험(90일+),Q4_고가,1.0,-0.01654293737195711,0.07006663773945368
475789312,관심필요(30~89일),Q2,,-0.014884281565442331,0.031541398717666175
475885824,이탈위험(90일+),Q4_고가,0.0,-0.04138567780109123,0.04668780988717364
476013888,Active(<30일),Q1_저가,,0.022257583225483102,-0.03803282633282412
476030592,Active(<30일),Q4_고가,0.0,0.004931329756226344,-0.04593151439280985
476038016,이탈위험(90일+),Q4_고가,1.0,-0.014632594305041033,0.030347214469718164
476110400,Active(<30일),Q2,0.0,0.008801714978998953,-0.04065960890122555
476429632,Active(<30일),Q2,1.0,0.016972077341514957,0.04983111468349544
476511296,Active(<30일),Q2,,0.06557076467716266,0.0076331541894074095
476526144,이탈위험(90일+),Q2,0.0,-0.012863587987646849,0.03129884173729408
476546560,관심필요(30~89일),Q4_고가,0.0,-0.021911543646581377,0.018475357758402727
476596672,Active(<30일),Q2,,0.06386423956871212,-0.040428951031647786
476648640,Active(<30일),Q1_저가,0.0,-0.0014954325000908625,0.06371377239391171
476739584,Active(<30일),Q3,0.0,0.02262739091424837,0.03841489779263074
476747008,Active(<30일),Q3,1.0,0.02507863082296835,0.05648743505765352
476754432,Active(<30일),Q3,0.0,-0.017525040230689404,0.037324454917465
476815680,관심필요(30~89일),Q3,,-0.0004766370225903205,0.10124441641443788
476979008,이탈위험(90일+),Q4_고가,0.0,-0.0051154782242246455,0.02956695149308966
477105216,관심필요(30~89일),Q2,0.0,0.008964510795788694,-0.016811861399917916
477146048,관심필요(30~89일),Q2,,-0.029546418545130237,-0.0678277213625526
477236992,관심필요(30~89일),Q3,0.0,-0.01758943468824034,-0.004973722059490732
477357632,Active(<30일),Q2,0.0,0.07684161572683479,-0.05494625467160219
477383616,Active(<30일),Q3,1.0,-0.010662653428301083,-0.04818677879830813
477387328,관심필요(30~89일),Q3,0.0,0.011659013933783047,-0.05597760409485797
477428160,Active(<30일),Q1_저가,0.0,0.02309025028034195,0.000550751837854524
477463424,이탈위험(90일+),Q4_고가,1.0,-0.015083629318710365,0.007812125845455986
477561792,이탈위험(90일+),Q4_고가,0.0,-0.006870927297951954,0.04310482225952064
477615616,Active(<30일),Q1_저가,0.0,-0.004494927021438833,-0.13049110146066767
477700992,이탈위험(90일+),Q4_고가,1.0,-0.03499876860429024,0.04283529047825457
477823488,이탈위험(90일+),Q2,0.0,-0.007471652791091757,0.021587321028742598
477927424,관심필요(30~89일),Q3,1.0,-0.008748527533098918,0.05929301434290593
477983104,Active(<30일),Q3,,0.015397183760272326,0.014250976462507281
478033216,Active(<30일),Q3,,0.02994561307673893,0.08215322176851236
478352448,Active(<30일),Q3,0.0,0.01478184831137841,-0.009582856620091285
478385856,Active(<30일),Q3,1.0,0.035613654207201084,0.04352155076764974
478590016,Active(<30일),Q4_고가,,-0.020372004222884876,-0.0026366807587843433
478593728,Active(<30일),Q3,1.0,0.01904055501047308,0.06196275715126209
478599296,이탈위험(90일+),Q4_고가,0.0,-0.023612622249813753,0.19837412887821493
478775616,Active(<30일),Q3,,0.015066491189166475,0.057401199736173525
478875840,이탈위험(90일+),Q3,0.0,-0.01299964034932518,0.03434388843358295
478894400,관심필요(30~89일),Q2,1.0,-0.01020131853932113,0.05965439421336757
478961216,Active(<30일),Q2,0.0,0.019722595632824635,0.011707648432794704
478977920,이탈위험(90일+),Q3,1.0,-0.01365345603644158,0.01813033194500241
479143104,Active(<30일),Q3,1.0,-0.007458148544065277,0.042496551941445054
479144960,Active(<30일),Q4_고가,0.0,0.010323178902200136,0.009818887987022296
479174656,Active(<30일),Q3,,0.012685255823232655,-0.011093531165308312
479200640,이탈위험(90일+),Q2,0.0,-0.03128472543736527,0.0011639440901247133
479208064,Active(<30일),Q2,0.0,-0.0033894505305352984,0.0590546974602314
479209920,이탈위험(90일+),Q4_고가,1.0,-0.02221501322188564,0.025042885073477225
479299008,관심필요(30~89일),Q4_고가,0.0,-0.00559843888534467,0.006980181824225995
479313856,관심필요(30~89일),Q3,1.0,0.005451749730788991,0.09988842230164963
479456768,관심필요(30~89일),Q3,1.0,-0.02555848293816032,-0.020036218120120353
479473472,Active(<30일),Q3,0.0,0.01854230554400227,0.02865492655744195
479523584,Active(<30일),Q3,0.0,0.017517997384924877,0.01719147349097072
479737024,Active(<30일),Q3,0.0,0.01344907264834716,0.04833493008748646
479811264,Active(<30일),Q4_고가,0.0,0.025159883989523846,0.022355268102106418
479892928,Active(<30일),Q1_저가,0.0,-0.0071457326487430195,-0.029704328555790638
479896640,Active(<30일),Q2,,-0.0067469769582581,-0.08777000606536617
479946752,Active(<30일),Q4_고가,,0.04584774294807259,0.01328834970425663
480201024,Active(<30일),Q4_고가,0.0,-0.009592080375301168,0.06202801943675014
480392192,Active(<30일),Q2,,0.01299426214070909,0.0028345742872172286
480459008,Active(<30일),Q2,,0.021045134472049143,0.01681108153810318
480494272,Active(<30일),Q2,,0.017157629228825022,0.026799282326889773
480551808,이탈위험(90일+),Q4_고가,0.0,0.02558737392909463,0.050920751517766455
480581504,이탈위험(90일+),Q3,0.0,-0.012377760372064513,0.034634831855050854
480709568,Active(<30일),Q1_저가,0.0,-0.006401546300746214,0.04827071605191048
480722560,Active(<30일),Q3,0.0,0.015383010456359536,-0.027296452115556702
480726272,관심필요(30~89일),Q4_고가,0.0,0.10178149348657273,0.07223361570265319
480780096,Active(<30일),Q4_고가,0.0,0.1510847527420418,0.00048278660456191336
480824640,이탈위험(90일+),Q1_저가,0.0,-0.00898336678193127,0.040944717810393175
480950848,Active(<30일),Q4_고가,0.0,0.032548597044052996,0.1013585494257816
481160576,이탈위험(90일+),Q2,0.0,-0.03599479192507796,0.02968797651373306
481307200,Active(<30일),Q3,0.0,0.01657784269130247,-0.005448910210903435
481335040,Active(<30일),Q4_고가,1.0,0.030090461682938274,0.07589990496595456
481433408,관심필요(30~89일),Q3,0.0,0.04791735877106221,0.03336731171093177
481435264,이탈위험(90일+),Q2,1.0,-0.012246398226334054,0.02264104898359394
481492800,Active(<30일),Q2,0.0,-0.013367347609582247,-0.020911680104718
481580032,이탈위험(90일+),Q4_고가,0.0,-0.013956817198657122,0.024601597157452637
481602304,이탈위험(90일+),Q4_고가,,-0.03543024143085935,0.023467233102836382
481609728,Active(<30일),Q1_저가,0.0,0.024521757700587954,-0.022789578404126654
481724800,Active(<30일),Q2,0.0,0.01584910842005316,0.0036719993346254753
481893696,Active(<30일),Q4_고가,,0.027054325592233086,0.05023362358561356
482010624,관심필요(30~89일),Q1_저가,0.0,-0.008307637621103175,0.04698772636026266
482303872,이탈위험(90일+),Q1_저가,0.0,-0.011915797412462327,0.021041674617417266
482307584,이탈위험(90일+),Q2,0.0,-0.011419465265763984,0.047963658064493736
482374400,Active(<30일),Q2,0.0,0.04462983238223761,0.08268522474169915
482428224,Active(<30일),Q3,0.0,0.0178724311300843,-0.015170280473459474
482493184,Active(<30일),Q2,,-0.01686497788844754,-0.1109752324557507
482547008,Active(<30일),Q1_저가,0.0,0.02438398490148702,0.02207543338943052
482686208,관심필요(30~89일),Q4_고가,0.0,-0.027944916060813174,0.022787531478367373
483025856,관심필요(30~89일),Q4_고가,,-0.01219740549767033,0.042183018389716595
483036992,이탈위험(90일+),Q4_고가,0.0,-0.014650843266826773,0.020021558182857307
483341376,이탈위험(90일+),Q4_고가,0.0,-0.015950982400743385,0.07941127978334589
483484288,Active(<30일),Q3,0.0,0.014421057334271903,-0.00201414106785891
483489856,Active(<30일),Q3,,0.02021806952759586,0.032827566115850026
483590080,이탈위험(90일+),Q1_저가,,-0.00919221867428982,0.04621975667605161
483712576,이탈위험(90일+),Q3,0.0,-0.013417560251145717,0.01931402942260374
483890752,Active(<30일),Q4_고가,0.0,-0.010556463253594134,0.046707290400760534
484141312,Active(<30일),Q4_고가,0.0,0.010435695196848949,0.06675215879715135
484664704,이탈위험(90일+),Q1_저가,0.0,-0.009970870428673312,0.030534018069490562
484675840,Active(<30일),Q4_고가,0.0,0.023189857500523603,0.04293683228732531
484683264,Active(<30일),Q1_저가,0.0,0.07661339524842248,0.011462199726280153
485392256,관심필요(30~89일),Q2,0.0,-0.00763898916726366,0.06231468371816912
485711488,이탈위험(90일+),Q3,0.0,-0.013272138747971764,0.03879579525643254
486008448,Active(<30일),Q3,,0.008568984103817234,-0.03645770153948147
486192192,이탈위험(90일+),Q2,0.0,-0.012890314811034809,0.04042729651631545
486407488,Active(<30일),Q4_고가,1.0,-0.019656345026995564,-0.020679958742906235
486537408,Active(<30일),Q4_고가,0.0,0.021024316387408537,0.01806294074100745
486750848,Active(<30일),Q4_고가,1.0,0.025874055681635144,-0.012608417284633577
487019968,Active(<30일),Q3,0.0,0.043175898193676954,-0.10298091920910546
488079744,관심필요(30~89일),Q3,,0.011202731268552313,0.011928984976462886
488313600,Active(<30일),Q3,0.0,0.02301171486719933,-0.019342453706213236
488690368,이탈위험(90일+),Q1_저가,1.0,-0.010539910621193645,0.03537791208610884
488740480,Active(<30일),Q3,,0.09576365735577042,0.08135321126862671
488987328,관심필요(30~89일),Q4_고가,1.0,-0.017317267874012665,0.028692395702288986
489005888,관심필요(30~89일),Q4_고가,0.0,-0.0049270740290505155,0.05426748441930404
489321408,Active(<30일),Q3,0.0,0.052952707300666146,0.1122215525821062
489616512,Active(<30일),Q2,0.0,0.0686427396131718,-0.006725167730462056
489790976,이탈위험(90일+),Q4_고가,0.0,-0.022674999548577823,0.02338946638010682
489835520,관심필요(30~89일),Q2,0.0,-0.01964988385066982,0.00919616188791958
489930176,이탈위험(90일+),Q4_고가,0.0,-0.006294847127536342,0.03310509433257816
490477696,이탈위험(90일+),Q2,1.0,-0.013613267099360504,0.07904214704769319
491511488,Active(<30일),Q3,0.0,0.0400250983121363,0.016976487260677464
491531904,Active(<30일),Q2,,0.03283192028745896,0.011725564319720605
492255744,이탈위험(90일+),Q2,0.0,0.01028397037288064,0.03941814351093979
492413504,이탈위험(90일+),Q2,0.0,-0.012207179656339856,0.028894247778545365
493677440,관심필요(30~89일),Q4_고가,0.0,0.023411936429392377,0.03526898744647236
495125120,이탈위험(90일+),Q3,1.0,-0.013347456207229262,0.04419894326923819
497235392,이탈위험(90일+),Q2,,-0.012355277323042924,-0.0031995497807777995
497500800,Active(<30일),Q4_고가,0.0,0.02905923503656338,0.016503696003505874
498087296,Active(<30일),Q2,0.0,0.019372935160132942,0.016187382303690434
498985600,이탈위험(90일+),Q1_저가,0.0,-0.0003587264652925165,0.046847154016645576
499716864,Active(<30일),Q4_고가,0.0,0.020814042252370824,0.04536785971822532
499720576,Active(<30일),Q4_고가,0.0,0.09692601730009531,0.04460056625961961
500800768,관심필요(30~89일),Q3,0.0,0.004214840262095426,0.0022060243329715956
501563584,이탈위험(90일+),Q4_고가,0.0,0.007272884058620643,0.04394432046992003
501654528,Active(<30일),Q2,0.0,0.006797223891733428,-0.07135079282060242
501771456,Active(<30일),Q4_고가,0.0,0.02107672698196028,0.0549526677454516
501803008,이탈위험(90일+),Q1_저가,,-0.010119381169782192,0.011860616700182666
501858688,관심필요(30~89일),Q2,0.0,0.016638864809823573,0.009618399936917543
502604800,Active(<30일),Q3,0.0,0.02902822281331119,0.05814593853909511
503287808,관심필요(30~89일),Q4_고가,0.0,0.008247146783743387,-0.0732522972131836
503517952,이탈위험(90일+),Q1_저가,0.0,-0.009590817795695004,0.03294007814277156
505635648,Active(<30일),Q2,0.0,-0.0043769449364210455,0.015054825604160271
505704320,관심필요(30~89일),Q1_저가,,-0.0058163893208254824,0.03644254286829346
506353920,Active(<30일),Q3,0.0,0.031986097293091764,0.028616486887653614
506801216,Active(<30일),Q1_저가,0.0,0.03174499340758874,-0.0058974972416570015
506884736,Active(<30일),Q4_고가,1.0,0.07661203575992093,-0.02038791244115523
507378432,이탈위험(90일+),Q4_고가,0.0,-0.015037855426090346,0.08916142757793519
507805312,관심필요(30~89일),Q4_고가,0.0,0.04812874957796415,0.07598877330972992
508564416,Active(<30일),Q1_저가,1.0,0.02052424550357157,0.011942489646581289
508724032,관심필요(30~89일),Q2,0.0,-0.010112146164354519,0.0322424124994925
508805696,관심필요(30~89일),Q4_고가,0.0,-0.017836862089465513,0.019080255770651686
508902208,이탈위험(90일+),Q1_저가,,-0.009701390672190967,0.0310223635551449
509145344,관심필요(30~89일),Q3,0.0,0.007788193573662672,0.12164417143103573
510197696,이탈위험(90일+),Q2,,-0.011335447727542886,0.03127767645308721
510431552,이탈위험(90일+),Q3,0.0,-0.013392394168955546,0.03692259307617088
510524352,이탈위험(90일+),Q3,0.0,-0.015207745113518356,0.150253862804772
510600448,Active(<30일),Q1_저가,0.0,0.12068495774069227,0.011926127305661616
510678400,Active(<30일),Q3,0.0,0.026909884074748036,0.05134001037137914
513573760,이탈위험(90일+),Q3,1.0,-0.03882619346921515,-0.04715370302338101
514145408,Active(<30일),Q3,0.0,0.02091389867901705,0.01688828352871785
514334720,Active(<30일),Q4_고가,,0.017179728470358313,0.004336903715765228
514579712,Active(<30일),Q2,1.0,0.026572619549927068,-0.028989967703466624
514583424,Active(<30일),Q1_저가,0.0,0.026484089752618623,-0.021273014144995273
514626112,이탈위험(90일+),Q3,1.0,0.008816448209433898,0.06486468859528917
514832128,Active(<30일),Q3,0.0,0.021944955905979002,-0.06252818516430836
514902656,Active(<30일),Q1_저가,1.0,0.020512145083893762,0.02639566566067786
515062272,Active(<30일),Q3,0.0,0.01741098496447968,0.053477258156933716
515116096,이탈위험(90일+),Q1_저가,0.0,-0.01847525949868474,0.0017974065171543901
515192192,이탈위험(90일+),Q1_저가,,-0.025632504087482716,0.017437987217096662
515199616,관심필요(30~89일),Q1_저가,0.0,0.00446556276900556,-0.019399242140175188
515351808,관심필요(30~89일),Q1_저가,0.0,-0.010165538571539456,0.048845414013860555
515437184,이탈위험(90일+),Q1_저가,0.0,-0.010956339626356656,0.04191923345692767
515630208,Active(<30일),Q4_고가,1.0,0.024265190690983096,0.010532933392316979
515728576,Active(<30일),Q2,,0.03480364783112311,-0.09514623825850232
515778688,Active(<30일),Q4_고가,0.0,0.029566463954788125,0.08635206057003098
515860352,이탈위험(90일+),Q1_저가,0.0,-0.0082384747181675,0.04005291203390603
515875200,Active(<30일),Q2,0.0,0.07675427194962858,-0.01938057384015479
515966144,Active(<30일),Q1_저가,1.0,-0.006276221426559703,-0.06574002378412525
516040384,이탈위험(90일+),Q4_고가,1.0,-0.006769563111779439,0.04526244316674016
516064512,이탈위험(90일+),Q1_저가,0.0,-0.010663874714451162,0.040383226397533244
516083072,Active(<30일),Q4_고가,0.0,-0.01606763080925122,-0.11502068162180745
516244544,Active(<30일),Q3,1.0,0.021674089934998975,0.06923207682460553
516257536,Active(<30일),Q2,,0.013820440133073042,-0.04871112240885067
516500672,관심필요(30~89일),Q1_저가,,0.017034705460405697,0.0012731500647908955
516522944,이탈위험(90일+),Q2,0.0,-0.019520404182898313,0.023185527404319006
516578624,관심필요(30~89일),Q4_고가,0.0,-0.02620371279992384,0.015181899471548577
516599040,관심필요(30~89일),Q3,0.0,0.0010659078207266304,-0.06067102991620199
516855168,Active(<30일),Q4_고가,0.0,-0.019745748120121476,0.02283535296961725
517126144,관심필요(30~89일),Q3,0.0,0.006255209270341955,0.16602055752221634
517194816,Active(<30일),Q2,0.0,0.01673173551850371,0.02360433522005423
517231936,Active(<30일),Q3,0.0,0.0339885114452505,0.01495370086900688
517385984,Active(<30일),Q3,1.0,0.01154219656726374,0.007057390197055535
517528896,Active(<30일),Q3,0.0,0.011478727511539888,-0.006879416547156181
517610560,이탈위험(90일+),Q1_저가,0.0,-0.018169638517930492,-0.015248494298312973
517714496,관심필요(30~89일),Q2,0.0,0.007643717348090051,-0.014826488044914321
517762752,이탈위험(90일+),Q2,0.0,-0.045567303626691036,-0.03780849846643891
517803584,이탈위험(90일+),Q1_저가,0.0,-0.016147210278466217,0.001296700629893316
517825856,이탈위험(90일+),Q1_저가,,-0.0121815836329986,0.034251253895130736
517918656,Active(<30일),Q2,,5.167704673886275e-05,-0.02253921682499921
517939072,관심필요(30~89일),Q3,0.0,-0.015527984526228902,0.04719181710078782
518128384,관심필요(30~89일),Q4_고가,,-0.012644046495082495,0.06611200507632448
518167360,이탈위험(90일+),Q1_저가,0.0,-0.0062352648483609,0.0009374855767529389
518197056,이탈위험(90일+),Q4_고가,1.0,-0.014518700463198607,0.02109957005947119
518338112,Active(<30일),Q1_저가,0.0,0.028386967539072883,-0.0029424244470533933
518421632,관심필요(30~89일),Q1_저가,0.0,-0.006184475145049453,0.03636603527584137
518518144,Active(<30일),Q1_저가,,0.03487017090889888,-0.14315114523723438
518644352,Active(<30일),Q2,0.0,0.021389151190099653,-0.02134699697969622
518655488,관심필요(30~89일),Q4_고가,,-0.02726989960426915,0.04204589529037925
518659200,관심필요(30~89일),Q4_고가,0.0,-0.037403814841528604,-0.004441056691410483
518777984,이탈위험(90일+),Q1_저가,0.0,-0.009991355565424152,0.0414362887304821
519119488,Active(<30일),Q2,1.0,0.01816892908739265,0.011583274395182142
519152896,이탈위험(90일+),Q1_저가,0.0,-0.011421161174872421,0.032645527593315876
519154752,이탈위험(90일+),Q1_저가,,-0.01245746405644399,0.04210836471070706
519394176,Active(<30일),Q3,0.0,0.02286876077971295,0.02441569988517045
519505536,Active(<30일),Q3,1.0,-0.021275706607439215,-0.033338628204052034
519822912,Active(<30일),Q4_고가,0.0,0.019877370590096755,0.038580193857362
519941696,관심필요(30~89일),Q4_고가,1.0,0.011229028481985925,0.0643267231752106
520169984,이탈위험(90일+),Q4_고가,0.0,-0.015310952602008786,0.026044459181535418
521322560,Active(<30일),Q2,0.0,0.018199451062459793,-0.013973347354506616
521662208,관심필요(30~89일),Q3,0.0,0.007091924788391157,-0.03249474693080462
523076480,이탈위험(90일+),Q4_고가,,-0.00543333358391361,0.03363800665942658
523353024,관심필요(30~89일),Q3,1.0,-0.00866610545139275,0.044023620044436954
523388288,이탈위험(90일+),Q4_고가,0.0,-0.013965299311251296,0.03312248586904885
524253184,Active(<30일),Q3,1.0,0.016381933160296125,-0.006690400044608191
524733888,Active(<30일),Q1_저가,1.0,0.047189613295497215,0.07632351473142529
524887936,Active(<30일),Q4_고가,,-0.014556114019178668,-0.016203358664354683
525556096,관심필요(30~89일),Q2,0.0,0.0060390345047261484,0.010259985434148328
525778816,Active(<30일),Q1_저가,0.0,0.034243369396963264,-0.020759364185256507
525801088,이탈위험(90일+),Q4_고가,1.0,-0.012407763768757393,0.02654596980160999
526146304,Active(<30일),Q1_저가,0.0,0.08503025846861673,-0.01386851817857998
526194560,이탈위험(90일+),Q4_고가,0.0,-0.015496267083526381,0.03189953908055135
527580992,Active(<30일),Q3,,0.016410084096347366,0.049482950524497415
527709056,이탈위험(90일+),Q2,0.0,-0.004546564733535832,0.03655549546767213
527770304,Active(<30일),Q4_고가,1.0,-0.0013831677493902905,0.0037738544855526746
527859392,이탈위험(90일+),Q1_저가,0.0,-0.01743489409867499,0.023805172701221095
527881664,Active(<30일),Q4_고가,0.0,0.04504751645988225,0.006644478851336233
529442560,관심필요(30~89일),Q4_고가,0.0,-0.012458380446420683,0.037583799504484317
529912128,관심필요(30~89일),Q1_저가,0.0,-0.008649466286657637,0.0327367733925501
530153408,Active(<30일),Q4_고가,0.0,0.035107536689824914,0.05067194128224162
530257344,이탈위험(90일+),Q4_고가,0.0,-0.03876962965133954,0.060822487415643056
530619264,이탈위험(90일+),Q3,1.0,-0.013067465822614512,0.023064511590563677
530958912,관심필요(30~89일),Q4_고가,0.0,-0.006360789830061997,0.01649491732621433
531818240,Active(<30일),Q2,0.0,0.02652277104899725,0.040546771704678686
532161600,이탈위험(90일+),Q3,0.0,-0.010528129125992991,0.018641669948584183
532232128,관심필요(30~89일),Q4_고가,,0.0021252657194577307,-0.014220848139203268
532313792,Active(<30일),Q2,0.0,-0.0019808191407045816,-0.07108529898763022
533785600,이탈위험(90일+),Q1_저가,0.0,-0.0022771410522606783,0.04024843958799802
533986048,관심필요(30~89일),Q2,0.0,-2.72696678571549e-06,0.08556755435037322
534398080,Active(<30일),Q1_저가,0.0,0.03479606367893506,0.02220883415454944
535151616,Active(<30일),Q4_고가,,0.01808991624886519,0.0705883355856054
535645312,이탈위험(90일+),Q1_저가,,0.03761323962951793,0.031710833858235976
535895872,Active(<30일),Q3,0.0,0.04875855464251366,0.03273330549031861
535929280,Active(<30일),Q3,0.0,-0.010306143980689852,-0.054241064278684026
535999808,관심필요(30~89일),Q4_고가,1.0,0.0010813444789594118,0.06824353468173822
536489792,Active(<30일),Q2,0.0,0.0009510563967395635,0.06008930574879692
536526912,Active(<30일),Q4_고가,,0.013960209242329352,0.013674496971527422
536614144,이탈위험(90일+),Q1_저가,0.0,0.01914843946632494,0.04671128348283446
536851712,관심필요(30~89일),Q3,1.0,-0.0162556755033402,0.02423677174521087
536892544,이탈위험(90일+),Q2,0.0,-0.017706847129524278,0.01835881921557231
537211776,Active(<30일),Q1_저가,0.0,0.042341343281987576,-0.0615325592803434
537685056,관심필요(30~89일),Q3,1.0,0.013496370658105716,0.07716410298770027
538421888,Active(<30일),Q2,0.0,0.05055286505900991,0.08752919530275227
538776384,Active(<30일),Q4_고가,0.0,0.018103699774666415,0.011546320807382382
538861760,Active(<30일),Q4_고가,0.0,0.07434757187550944,0.027346110596555895
538882176,이탈위험(90일+),Q3,1.0,-0.010802687436219427,-0.03324792775007307
539099328,이탈위험(90일+),Q1_저가,0.0,-0.0003401316338278171,0.05487983291480292
539596736,관심필요(30~89일),Q2,,0.03434479833694701,0.005979391932429329
539633856,관심필요(30~89일),Q4_고가,0.0,0.02988913828952977,0.019362269983549285
539986496,이탈위험(90일+),Q3,0.0,-0.042963392919622145,-0.0399817911621857
540305728,Active(<30일),Q4_고가,0.0,-9.295736886544281e-05,0.018130816529442095
540443072,관심필요(30~89일),Q4_고가,0.0,-0.004675845039531057,-0.016786580545136154
540541440,이탈위험(90일+),Q3,0.0,-0.01382017539741303,0.03325785908814785
540645376,이탈위험(90일+),Q4_고가,0.0,-0.01610553665144264,0.044816336819625394
540769728,Active(<30일),Q4_고가,0.0,0.014105945481654558,-0.004054078046561771
540773440,Active(<30일),Q3,0.0,0.010121447650056847,-0.014047129144948656
540834688,관심필요(30~89일),Q1_저가,0.0,-0.006309678935376831,0.04577610939485953
541150208,Active(<30일),Q4_고가,0.0,0.09960295751794912,0.03731737217913422
541222592,Active(<30일),Q1_저가,0.0,0.04394656091739635,0.01623598961017303
541306112,Active(<30일),Q2,,0.02108705890645901,0.018707098850284876
541649472,관심필요(30~89일),Q3,,-0.01083755504457043,0.05512369864847749
541716288,Active(<30일),Q2,,0.021771034697245173,0.003537242856979428
541805376,Active(<30일),Q3,0.0,0.05205872731738481,0.0840608181381386
542521792,Active(<30일),Q1_저가,0.0,-0.004259232380071046,0.04606102950122529
542557056,관심필요(30~89일),Q3,0.0,0.0029697408400543024,-0.01646186975416325
542575616,이탈위험(90일+),Q4_고가,1.0,-0.013857195033808951,0.023645779205356987
542651712,Active(<30일),Q3,0.0,0.015380310970340427,-0.006852107975649724
542759360,관심필요(30~89일),Q2,,-0.025198392949222104,-0.003460891015634293
542770496,Active(<30일),Q1_저가,0.0,0.010531111257703119,-0.11300342363312643
542861440,Active(<30일),Q3,0.0,0.009557549800816134,-0.01678153126972448
543024768,이탈위험(90일+),Q1_저가,,-0.009908322515047377,0.03488286722220027
543058176,Active(<30일),Q3,1.0,0.02075131687779408,0.010141522483919863
543199232,Active(<30일),Q4_고가,1.0,0.01836361520544938,0.06656901966380657
543301312,Active(<30일),Q3,,-0.016109645779115,-0.03576045130299532
543325440,관심필요(30~89일),Q4_고가,0.0,-0.02134675485239572,-0.0016835553156227812
543462784,이탈위험(90일+),Q2,1.0,-0.031509470327306804,0.00792731549559203
543603840,Active(<30일),Q4_고가,0.0,0.04055663148926095,0.09826498463390423
543720768,Active(<30일),Q4_고가,0.0,0.020677221241560018,0.05772854150677431
543891520,이탈위험(90일+),Q4_고가,0.0,-0.012497661330763715,0.017359445729449002
544143936,Active(<30일),Q2,1.0,-0.006615815733586106,0.054270523402603174
544340672,Active(<30일),Q3,0.0,0.006838944445064082,0.033773569607125575
544351808,Active(<30일),Q3,0.0,0.017448628108930664,0.03253784263657056
544570816,Active(<30일),Q4_고가,0.0,0.035617072656293436,0.1028485479668777
544626496,관심필요(30~89일),Q1_저가,0.0,-0.004390851937207382,0.037418813697363495
544901184,Active(<30일),Q4_고가,0.0,0.019156587795369884,0.03451970103943902
544917888,관심필요(30~89일),Q1_저가,0.0,0.11520573179327487,0.06381963508858035
545045952,Active(<30일),Q4_고가,0.0,0.00731442956950884,-0.01337837369273892
545207424,관심필요(30~89일),Q3,,-0.0034458901119331087,0.026050407561668876
545428288,이탈위험(90일+),Q1_저가,0.0,-0.012079240397206426,-0.0258368515960119
545480256,이탈위험(90일+),Q2,0.0,-0.016107236888342646,0.02943828887480604
545615744,Active(<30일),Q4_고가,0.0,0.014236144372215459,0.05836409294847614
545834752,Active(<30일),Q1_저가,0.0,0.009362665428316985,-0.11640713953878756
546038912,Active(<30일),Q4_고가,0.0,0.061791212797200346,0.06830366830126844
546087168,Active(<30일),Q4_고가,0.0,0.027476902486787358,0.03949821070207238
546116864,이탈위험(90일+),Q3,1.0,-0.013694741077500829,0.03477653188554127
546122432,Active(<30일),Q1_저가,,0.022274665274427008,-0.03378251303672519
546196672,이탈위험(90일+),Q1_저가,0.0,-0.008615123162082183,-0.010468931836249196
546393408,Active(<30일),Q2,0.0,-0.009780754063705488,-0.10479419957369851
546543744,Active(<30일),Q1_저가,1.0,-0.0019161962157335927,0.01073550114736238
546554880,Active(<30일),Q3,0.0,0.04624941242799002,0.034320862676327835
546564160,이탈위험(90일+),Q1_저가,1.0,-0.027970986036122775,0.01008238533664102
547068992,이탈위험(90일+),Q1_저가,1.0,-0.01148977565620362,0.041517558634500615
547258304,이탈위험(90일+),Q3,1.0,-0.01376731360827186,0.023654381936134214
547273152,Active(<30일),Q2,,0.027565892210017262,-0.03476352139510208
547315840,이탈위험(90일+),Q1_저가,,-0.01040651028670262,0.045643202054089435
547334400,이탈위험(90일+),Q3,1.0,-0.018910822154684148,-0.0005132163432386011
547345536,이탈위험(90일+),Q3,0.0,-0.01234720709523713,0.029193348553591833
547451328,Active(<30일),Q1_저가,1.0,0.02218727235479323,-0.032349851653246
547455040,Active(<30일),Q2,0.0,0.029167157412486544,0.03712962914645557
547570112,이탈위험(90일+),Q1_저가,0.0,-0.009605350944421893,0.03293354793027467
547752000,Active(<30일),Q2,0.0,0.030035031783970156,0.0492397263933021
547833664,Active(<30일),Q2,0.0,0.030057493732289053,-0.006978112981174123
547919040,관심필요(30~89일),Q1_저가,0.0,-0.008496239346636389,0.03137639916997198
547954304,이탈위험(90일+),Q3,0.0,-0.0065534166328088395,0.215415744696748
548171456,Active(<30일),Q4_고가,0.0,0.005226158562028127,-0.054675333681845295
548177024,이탈위험(90일+),Q4_고가,,-0.0232240916213432,0.016171474210816314
548293952,관심필요(30~89일),Q1_저가,0.0,-0.023783598769954534,0.017092106564683074
548438720,이탈위험(90일+),Q4_고가,0.0,-0.010182529194055573,0.03885089072300876
548557504,관심필요(30~89일),Q3,0.0,-0.012926811440421154,0.032315645495417655
548689280,Active(<30일),Q4_고가,1.0,0.02145359408725156,0.012459553920470934
548776512,이탈위험(90일+),Q1_저가,,-0.017202214131635765,0.00039940611094740897
548852608,이탈위험(90일+),Q1_저가,0.0,-0.01084895739725928,0.0364224564516198
548962112,Active(<30일),Q3,0.0,0.02259574225062555,0.11164729952152086
549116160,Active(<30일),Q2,1.0,0.008114187130243145,0.05249747177944751
549344448,Active(<30일),Q4_고가,,0.05077043187890273,-0.013345367598701752
549370432,관심필요(30~89일),Q1_저가,1.0,-0.0064333660051398844,0.03969549557506852
549556032,이탈위험(90일+),Q2,0.0,-0.012320739656033176,0.020258478060349347
549619136,이탈위험(90일+),Q4_고가,0.0,-0.010229516394550081,0.0582705922171106
549626560,Active(<30일),Q4_고가,,0.012188884922709198,0.06818184642866687
549630272,Active(<30일),Q2,,0.02423825920782785,0.024235151391123644
549674816,Active(<30일),Q3,0.0,0.006353222106094236,-0.038487940345465654
549884544,Active(<30일),Q3,0.0,0.02786844485145623,0.07708120936470253
549975488,이탈위험(90일+),Q4_고가,0.0,-0.021749078327243807,-0.004800558880902292
549984768,Active(<30일),Q4_고가,0.0,0.04346611156572644,0.04912985154602445
550057152,관심필요(30~89일),Q2,0.0,-0.0010771976407641104,-0.011532737517270325
550190784,관심필요(30~89일),Q2,0.0,0.017708487871110568,-0.014165784122835756
550242752,Active(<30일),Q3,0.0,0.028489545700972507,0.00921465725535131
550285440,관심필요(30~89일),Q1_저가,0.0,-0.02447024652254351,0.012279325980840083
550287296,이탈위험(90일+),Q2,0.0,-0.019435988405633264,-0.011738217903376938
550458048,Active(<30일),Q4_고가,0.0,-0.017247410785272116,0.01416438993956351
550888640,관심필요(30~89일),Q3,0.0,-0.008988633488654432,0.04561346667587958
550940608,Active(<30일),Q4_고가,0.0,0.029997553670239152,0.06733191868584926
551009280,Active(<30일),Q2,0.0,0.025901736671102793,0.07403060666568892
551079808,이탈위험(90일+),Q1_저가,0.0,-0.01075331569169969,0.021147140064197045
551126208,이탈위험(90일+),Q3,0.0,-0.01264364623475147,0.03358361229374088
551180032,Active(<30일),Q2,0.0,0.028165454292243042,-0.00834866023912384
551187456,관심필요(30~89일),Q1_저가,0.0,-0.009937335350153634,0.031000795445598986
551304384,관심필요(30~89일),Q2,0.0,-0.026602787986511944,-0.04775035999896943
551436160,Active(<30일),Q1_저가,0.0,0.02126766468366753,0.0514343787948815
551588352,Active(<30일),Q3,0.0,0.009554569242467559,0.00031191273084429927
551621760,이탈위험(90일+),Q3,,-0.0039574601073052995,0.06219567674980135
551694144,이탈위험(90일+),Q2,0.0,-0.012646623052224117,0.028100962289960507
551736832,관심필요(30~89일),Q2,0.0,-0.02646523713269827,-0.00990668275247325
551863040,Active(<30일),Q2,0.0,0.016093025090394786,-0.012126564563895159
552070912,관심필요(30~89일),Q1_저가,0.0,-0.006905898171040217,0.05897076093094569
552124736,이탈위험(90일+),Q4_고가,0.0,-0.022180475235410016,0.030128342583701284
552228672,Active(<30일),Q4_고가,0.0,0.012697735768261942,-0.00862318574000509
552664832,Active(<30일),Q2,0.0,0.02888071870401876,0.019998205837416072
552670400,이탈위험(90일+),Q4_고가,1.0,-0.033506504745626914,0.010402464436205183
552729792,Active(<30일),Q3,0.0,0.03406456092242749,0.08531891400398472
553008192,이탈위험(90일+),Q1_저가,0.0,-0.03302223965768836,0.0055072837135444475
553065728,Active(<30일),Q2,1.0,0.021556250046498415,0.031803642015294176
553115840,이탈위험(90일+),Q1_저가,,-0.012102413582592043,0.030898230315841546
553225344,관심필요(30~89일),Q2,0.0,0.0025256161273238265,-0.01114502922452909
553331136,Active(<30일),Q3,0.0,0.04940381866855026,0.03809615168840075
553466624,관심필요(30~89일),Q3,1.0,0.011511775071335162,0.09888211610318498
553680064,이탈위험(90일+),Q1_저가,0.0,-0.0038925836599408292,0.03520201302738017
553720896,관심필요(30~89일),Q1_저가,1.0,-0.00813563931649515,0.044575277661360116
553793280,Active(<30일),Q2,,0.043145880875255505,0.0440919329412881
553817408,관심필요(30~89일),Q2,0.0,-0.01837899166225543,-0.03163705446437082
553835968,Active(<30일),Q1_저가,0.0,0.056675063051761065,0.07124791546360854
553874944,이탈위험(90일+),Q1_저가,0.0,-0.01213953626168203,0.04251632251362765
554028992,이탈위험(90일+),Q1_저가,0.0,-0.011013932183816619,0.031539357231215315
554045696,Active(<30일),Q2,0.0,0.04014980891064768,-0.03080907168293956
554155200,이탈위험(90일+),Q3,1.0,-0.019007834926161482,-0.004151663474061373
554166336,Active(<30일),Q1_저가,0.0,0.1430268201139429,0.03262557938123817
554216448,Active(<30일),Q2,0.0,0.029914654186413925,0.02735066039154621
554236864,Active(<30일),Q3,0.0,0.021219422298890067,-0.018631131112868404
554364928,Active(<30일),Q3,0.0,0.022252320702230377,-0.0035586565932146375
554437312,이탈위험(90일+),Q4_고가,,-0.006350983732756749,0.04430250854410922
554543104,Active(<30일),Q3,0.0,-0.00043272144603734297,-0.062167316324764854
554570944,관심필요(30~89일),Q4_고가,0.0,-0.002661705112947138,0.0528629550189304
554697152,Active(<30일),Q2,0.0,-0.015380249140457575,-0.006438576293975984
555007104,이탈위험(90일+),Q1_저가,0.0,-0.011027327399405741,0.029839986822455256
555489664,Active(<30일),Q1_저가,0.0,0.018858495988302915,-0.004424362917941571
555597312,Active(<30일),Q3,1.0,0.021362298574575167,-0.1931975142114743
555608448,Active(<30일),Q2,0.0,0.027595212791226786,0.002913976899808546
555701248,Active(<30일),Q2,0.0,0.0161724105151404,-0.005152718149734836
555712384,이탈위험(90일+),Q3,0.0,-0.03234252383298361,0.008932419839459221
555987072,이탈위험(90일+),Q1_저가,0.0,-0.03505613894760595,-0.008057175800738586
556161536,Active(<30일),Q1_저가,0.0,0.04014844184181443,-0.04475493025709698
556167104,관심필요(30~89일),Q2,0.0,-0.014211244179311674,0.021259587286377127
556222784,Active(<30일),Q2,1.0,0.03370848253159775,0.031467780735476736
556323008,Active(<30일),Q4_고가,0.0,0.02557027323026473,0.07455475212116147
556484480,Active(<30일),Q4_고가,0.0,0.001055316600919315,0.03873345322847396
556742464,관심필요(30~89일),Q1_저가,0.0,-0.013893725323396194,0.020597757849147136
556775872,이탈위험(90일+),Q1_저가,0.0,-0.0021516117526104717,-0.00982207825193665
556790720,Active(<30일),Q3,0.0,0.023148368105838646,0.04793091084397705
556913216,Active(<30일),Q3,,0.021524756394045053,0.008022871103344764
556952192,이탈위험(90일+),Q3,0.0,-0.013311100425048648,0.044360543259747975
557457024,Active(<30일),Q3,1.0,-0.004689425374658662,-0.03045485490896649
557739136,관심필요(30~89일),Q1_저가,0.0,-0.02084668060692524,0.014256779560285843
557805952,Active(<30일),Q1_저가,1.0,0.08025593700650746,0.03096257810021441
557848640,이탈위험(90일+),Q1_저가,1.0,-0.001171706153568014,-0.0050668758371492095
557926592,이탈위험(90일+),Q2,,-0.01896104848405332,0.017784637831363942
558000832,Active(<30일),Q3,,0.030669309451771487,0.01826838014881549
558101056,관심필요(30~89일),Q4_고가,1.0,-0.027316404098514324,-0.015580573931284147
558108480,Active(<30일),Q3,0.0,0.011494910501827604,-0.0386407788761417
558136320,Active(<30일),Q3,,0.026741939559336236,-0.009099921099297026
558479680,Active(<30일),Q3,0.0,0.03027993847979915,0.026121188481121105
558490816,이탈위험(90일+),Q1_저가,0.0,-0.01106138553783785,0.0432015601946161
558711680,Active(<30일),Q4_고가,1.0,0.04481132855830283,0.02084742234049708
558769216,Active(<30일),Q3,0.0,0.028006605662161066,-0.0024846042928203804
558867584,관심필요(30~89일),Q2,0.0,-0.022454808940610416,-0.023679385677598308
558975232,관심필요(30~89일),Q4_고가,0.0,0.0029446567057263284,-0.0025179039901174205
559090304,관심필요(30~89일),Q3,0.0,0.007690617423825485,-0.01481586524943318
559138560,이탈위험(90일+),Q4_고가,0.0,-0.02659567013928414,-0.024507811891664594
559196096,이탈위험(90일+),Q1_저가,,-0.006863777901265848,0.022898226387679188
559201664,이탈위험(90일+),Q3,0.0,-0.009752022008822886,0.0067314921028144015
559270336,Active(<30일),Q1_저가,,0.02746506892271172,-0.01533024921061621
559326016,Active(<30일),Q1_저가,0.0,0.026625627411877684,-0.12631123757940665
559348288,Active(<30일),Q3,0.0,-0.011781035534225492,-0.14591423841291834
559387264,Active(<30일),Q2,1.0,0.018703400794531255,0.03886808675593878
559483776,Active(<30일),Q4_고가,0.0,0.01823564403268818,0.06688458846007939
559530176,이탈위험(90일+),Q3,1.0,-0.012587953774440767,0.02818496196714798
559552448,관심필요(30~89일),Q3,0.0,0.005577370655729663,0.030336117575750415
559971904,관심필요(30~89일),Q2,0.0,0.011782355216162776,0.16603488877574113
560448896,Active(<30일),Q3,,0.013901856685183955,0.013946979054260233
560597376,Active(<30일),Q1_저가,0.0,0.023579274606397416,-0.02446099530860768
560725440,Active(<30일),Q1_저가,0.0,0.022832267162230357,-0.03522817876903056
560812672,관심필요(30~89일),Q4_고가,0.0,-0.004961778944880285,0.06311322549903398
560823808,관심필요(30~89일),Q2,0.0,-0.028257058591533185,-0.01492526008992684
561020544,Active(<30일),Q2,0.0,0.018859595751265723,-0.029097024558478346
561061376,Active(<30일),Q3,1.0,0.008224059193702393,-0.0405234315861519
561072512,Active(<30일),Q3,1.0,0.0183219300208044,-0.05488433448471275
561152320,이탈위험(90일+),Q1_저가,,-0.008574863306419558,0.013318612858294346
561157888,Active(<30일),Q1_저가,0.0,0.04020416713736252,0.09285516279193895
561226560,이탈위험(90일+),Q1_저가,0.0,-0.012245290589203255,0.04070958100292345
561237696,Active(<30일),Q2,0.0,0.01725572246719087,0.022659506976276833
561391744,Active(<30일),Q3,0.0,0.04311153196329398,-0.00744529104962699
561449280,Active(<30일),Q2,0.0,0.0576774520529032,0.05971501811496871
561723968,관심필요(30~89일),Q3,0.0,-0.020412539291601778,0.009143851208579828
561848320,Active(<30일),Q4_고가,0.0,0.09122231676076398,0.0444660840748049
561937408,Active(<30일),Q3,0.0,0.030734469951046672,0.027717195240643977
562084032,Active(<30일),Q1_저가,0.0,0.028228952570057975,-0.05870620661632864
562124864,이탈위험(90일+),Q4_고가,0.0,-0.014009117195492957,0.024394367026832522
562173120,Active(<30일),Q4_고가,0.0,0.013170353405150825,0.004211543647415605
562301184,이탈위험(90일+),Q3,1.0,-0.013381473253954626,0.04804157130703469
562306752,Active(<30일),Q2,0.0,-0.011040809449931716,0.026649913875010145
562314176,이탈위험(90일+),Q2,0.0,-0.005979085256766381,-0.017776585366128556
562538752,이탈위험(90일+),Q4_고가,1.0,-0.04655818050225932,0.004606191180059227
562540608,Active(<30일),Q4_고가,0.0,0.02650845669858537,0.062024820968007766
562561024,Active(<30일),Q2,0.0,0.15886885360830738,0.03369641350147312
562696512,Active(<30일),Q2,1.0,0.07449074339931583,-0.017993289631619835
562796736,Active(<30일),Q3,0.0,0.025215004309873112,0.025109498258811702
562817152,Active(<30일),Q4_고가,0.0,0.021981065401891153,-0.006383500545098064
562857984,Active(<30일),Q3,,-0.004788243784459967,0.03328396942154366
562956352,관심필요(30~89일),Q3,,0.014245575052994619,-0.03373892683714852
563010176,Active(<30일),Q1_저가,0.0,-0.010985794586336112,-0.04538377140642
563284864,Active(<30일),Q1_저가,0.0,0.0005967063068917366,-0.10846114272772717
563333120,이탈위험(90일+),Q1_저가,,0.01005180209604526,0.0501321533224244
563444480,Active(<30일),Q4_고가,0.0,0.004517469512093558,0.00843094413769202
563522432,Active(<30일),Q2,0.0,0.032103889834570465,0.03379217143271429
563630080,Active(<30일),Q2,0.0,-4.5369149683338605e-05,0.020963625577611472
563704320,이탈위험(90일+),Q4_고가,1.0,-0.014948007474345257,-0.001220160280964555
563891776,이탈위험(90일+),Q1_저가,0.0,-0.019427420496864703,0.02166898007649891
563997568,관심필요(30~89일),Q3,1.0,-0.005880894574808004,-0.08311757397953595
564305664,Active(<30일),Q2,0.0,0.08359042381976434,0.025027898202610643
564309376,Active(<30일),Q2,,-0.01584659828021645,0.00911526308016089
564426304,Active(<30일),Q3,1.0,0.031292462849515035,0.021522209010390925
564513536,Active(<30일),Q3,0.0,0.06202585572315411,0.08815950834156072
564572928,Active(<30일),Q3,0.0,0.027107579507309798,0.05368443147634083
564695424,Active(<30일),Q3,0.0,0.020528025264098693,0.05393513164860053
564916288,Active(<30일),Q3,0.0,0.027984927025422435,0.019613953356533487
564934848,관심필요(30~89일),Q2,0.0,0.0033752962374724027,-0.020759879527301184
564955264,Active(<30일),Q1_저가,1.0,0.01724285837920564,-0.053181417269254905
565010944,Active(<30일),Q2,0.0,0.08071804152016859,0.0398768476463921
565447104,Active(<30일),Q1_저가,0.0,0.028537302516447538,0.02663799206010964
565625280,이탈위험(90일+),Q4_고가,,-0.015166658131970698,0.037241004415777296
565686528,이탈위험(90일+),Q2,0.0,-0.007008043535622455,-0.029312566487444902
565898112,Active(<30일),Q4_고가,0.0,0.015540171098661681,-0.004102640502673172
565907392,이탈위험(90일+),Q2,0.0,-0.011316774190872743,0.026601896407706202
566078144,이탈위험(90일+),Q2,1.0,-0.01207406568822094,0.03105873691116967
566111552,Active(<30일),Q3,,0.01333850434708922,-0.036042929039823424
566202496,Active(<30일),Q4_고가,0.0,0.009768976361311521,-0.01221249114445494
566319424,Active(<30일),Q3,1.0,0.021701468135603252,0.09263532792694196
566356544,관심필요(30~89일),Q1_저가,,-0.014907830823604334,0.048576509967991344
566371392,관심필요(30~89일),Q4_고가,0.0,-0.015561251191500924,0.02990429023336566
566423360,Active(<30일),Q4_고가,0.0,0.012504204053104262,-0.030467149208706634
566479040,이탈위험(90일+),Q2,0.0,-0.00419420164565773,0.005458374663903781
566738880,Active(<30일),Q4_고가,1.0,-0.015195624821812359,-0.057871068571062
566740736,관심필요(30~89일),Q3,0.0,-0.009308123370366364,0.050739754216505104
566783424,Active(<30일),Q2,0.0,0.02354406104232243,-0.028223300690234154
566794560,이탈위험(90일+),Q4_고가,0.0,-0.008926331247930894,0.036003064764033185
566928192,Active(<30일),Q3,0.0,0.032551284949455805,0.02074394683187486
566980160,Active(<30일),Q2,0.0,0.04165947071072673,-0.004249051987139041
567180608,Active(<30일),Q2,0.0,0.02296755606004397,-0.002223770748569831
567217728,이탈위험(90일+),Q2,0.0,-0.012287115444679364,0.014860139000502509
567412608,관심필요(30~89일),Q2,0.0,0.004595946043198795,0.0043045099806675036
567520256,Active(<30일),Q2,1.0,0.029071008635986995,0.00855171981722036
567536960,Active(<30일),Q4_고가,1.0,0.005241538652759614,-0.019473442061314405
567548096,관심필요(30~89일),Q1_저가,0.0,-0.004826198538972287,0.05103824119434146
567637184,Active(<30일),Q4_고가,0.0,0.013770509606600423,0.015822415213050056
567676160,Active(<30일),Q1_저가,0.0,0.05603918644274304,0.04050352849088715
567785664,관심필요(30~89일),Q1_저가,0.0,0.00992241670568561,-0.014072124975398281
567900736,이탈위험(90일+),Q2,0.0,-0.011860146611179984,0.041774661910417954
567939712,Active(<30일),Q4_고가,0.0,0.05029397075672437,0.1515655577236048
567971264,Active(<30일),Q4_고가,1.0,0.03939070416760626,0.04273956623072206
568218112,이탈위험(90일+),Q1_저가,0.0,-0.009852011289762624,0.036215189070788745
568472384,이탈위험(90일+),Q1_저가,1.0,-0.01548855003050166,-0.003024472328921085
568485376,Active(<30일),Q4_고가,0.0,0.02758131024982957,0.008146286410507408
568574464,Active(<30일),Q4_고가,0.0,-0.0071241523138032,0.05821317012535965
568867712,관심필요(30~89일),Q4_고가,0.0,0.010882052266320108,0.11258928965440096
569019904,Active(<30일),Q3,1.0,0.018140820237737998,0.0011721026363742393
569029184,이탈위험(90일+),Q1_저가,0.0,-0.01815830433850718,0.02984874434172513
569385536,Active(<30일),Q2,0.0,-0.00013764804278312837,-0.018640000126860762
569413376,Active(<30일),Q2,0.0,0.026131461669205436,0.004175695052295536
569548864,Active(<30일),Q2,,0.027102757932759403,0.00048291769883612723
569699200,이탈위험(90일+),Q3,1.0,-0.004344208872554961,0.052984541081638664
569849536,이탈위험(90일+),Q3,1.0,-0.02996755812059823,0.017683731773338957
570081536,Active(<30일),Q3,,0.032938425452265774,0.051584506897014326
570281984,이탈위험(90일+),Q4_고가,0.0,-0.01378351285915156,0.0386096141449488
570283840,이탈위험(90일+),Q1_저가,0.0,-0.0016136620952472147,0.028398437278236197
570475008,Active(<30일),Q3,0.0,0.023714905707281297,0.01956222351740977
570493568,이탈위험(90일+),Q1_저가,0.0,-0.011534335887498304,0.031396295929392755
570499136,Active(<30일),Q2,0.0,-0.0013665887977805102,-0.06873861658102587
570500992,Active(<30일),Q3,0.0,0.008427809152811494,-0.04715264768327665
570578944,Active(<30일),Q3,0.0,-0.016402278146772087,-0.07659471375701499
570838784,Active(<30일),Q1_저가,1.0,0.019610404358468947,0.01327860663979219
571198848,Active(<30일),Q4_고가,1.0,0.018203697141836117,0.014999363737087879
571358464,Active(<30일),Q2,0.0,0.0182397569892222,-0.05468068765910128
571419712,Active(<30일),Q2,,0.03805525519331188,0.05834642253819611
571612736,이탈위험(90일+),Q3,,-0.013331346050443345,0.04447682747449135
571690688,Active(<30일),Q3,1.0,0.05823858689591688,-0.045808735100930253
571818752,관심필요(30~89일),Q1_저가,1.0,-0.00939793307451911,0.01623860545829882
571842880,Active(<30일),Q2,1.0,0.003236736593801859,-0.07282506052454502
571943104,관심필요(30~89일),Q3,0.0,-0.003979229232265014,-0.002349686126329187
571946816,Active(<30일),Q4_고가,,-0.013789681734718423,0.03429047289372533
571991360,Active(<30일),Q2,0.0,0.024677190678669025,0.016128934397222183
572008064,이탈위험(90일+),Q1_저가,0.0,-0.018254259538072137,0.018066350432150755
572052608,Active(<30일),Q4_고가,1.0,-0.007632017576451822,0.029422439068170908
572175104,Active(<30일),Q2,0.0,0.021433732256668225,-0.0676528925045643
572193664,Active(<30일),Q3,1.0,0.02247239285809577,0.01199532223754507
572247488,Active(<30일),Q3,0.0,0.08540277260380466,0.044547937518684244
572421952,Active(<30일),Q2,1.0,-0.011056833439257369,-0.024679541007232908
572427520,Active(<30일),Q3,0.0,0.02283334439457907,-0.009179388359850105
572499904,Active(<30일),Q4_고가,0.0,0.029571457911079624,0.04204372262979872
572603840,관심필요(30~89일),Q2,,-0.019325740553175708,0.03532598132845477
572859968,Active(<30일),Q3,0.0,0.021348187811232266,0.039558447147902465
572932352,Active(<30일),Q3,0.0,0.0306137527001219,0.017564181772733223
573017728,Active(<30일),Q3,0.0,0.053263188504097225,-0.009558162722957675
573270144,Active(<30일),Q2,,0.023161719717048612,0.029550917575110414
573336960,Active(<30일),Q1_저가,0.0,0.014963921472586905,0.0030009511236897823
573381504,Active(<30일),Q4_고가,,0.04123934797031281,-0.008870415619967154
573400064,Active(<30일),Q4_고가,0.0,0.014631198548746505,-0.006358618943500205
573439040,Active(<30일),Q3,0.0,0.04051754164239452,0.09805227753029944
573685888,Active(<30일),Q1_저가,1.0,0.026649416052122676,-0.03935191914623071
573789824,관심필요(30~89일),Q1_저가,0.0,-0.019894281986281487,0.003982974893083413
573834368,이탈위험(90일+),Q2,0.0,-0.030795534772717847,-0.011834914929716223
573852928,Active(<30일),Q2,0.0,0.04598336147479187,0.05710149926397223
573993984,Active(<30일),Q2,0.0,0.010664953456969939,-0.009239668430688686
574155456,관심필요(30~89일),Q3,1.0,-0.0027829634621077126,0.12293582832490635
574289088,관심필요(30~89일),Q2,0.0,-0.03009046750648825,-0.011174137054236755
574439424,관심필요(30~89일),Q1_저가,0.0,0.01648286931148213,0.004185218730770268
574680704,Active(<30일),Q3,0.0,0.03606818746577023,-0.0926193344979811
574844032,Active(<30일),Q4_고가,0.0,0.022380787344126074,0.054555598145214046
574883008,이탈위험(90일+),Q1_저가,0.0,-0.01171972560605452,0.03170309542053508
574884864,이탈위험(90일+),Q1_저가,0.0,-0.018352150401980433,0.03374717737010889
575146560,Active(<30일),Q4_고가,0.0,0.07717738194839335,-0.04096347799531003
575291328,Active(<30일),Q4_고가,0.0,0.03879840524656075,0.049199080572708165
575530752,Active(<30일),Q2,,-0.0052532011863827555,-0.02058317225659506
575582720,관심필요(30~89일),Q1_저가,0.0,-0.020483987439591733,-0.01285009662718159
575874112,Active(<30일),Q1_저가,0.0,0.034914922877413046,-0.04110908163158877
575881536,관심필요(30~89일),Q1_저가,0.0,-0.009421673667130467,0.030770946534532218
575937216,이탈위험(90일+),Q3,0.0,-0.027199852143850622,0.01762107534159818
575939072,이탈위험(90일+),Q4_고가,0.0,0.009113769760667453,0.05782581341459728
575976192,관심필요(30~89일),Q4_고가,1.0,-0.015619557009957291,0.022382251994681468
576033728,Active(<30일),Q3,1.0,0.009355273088108684,-0.08121332829959715
576167360,이탈위험(90일+),Q2,0.0,-0.015800333786007953,0.010905763263991564
576339968,Active(<30일),Q1_저가,1.0,0.028440784696280086,-0.024398847609984564
576388224,Active(<30일),Q4_고가,0.0,0.044119788084371225,0.03800373276170688
576724160,Active(<30일),Q3,1.0,0.05565487483185538,0.03780253364247066
577008128,이탈위험(90일+),Q4_고가,1.0,-0.038877572444055625,0.021971269653402015
577028544,관심필요(30~89일),Q1_저가,0.0,0.01290584618523477,-0.01221588408571922
577048960,Active(<30일),Q1_저가,0.0,0.03216777215512112,-0.01133965554535854
577076800,관심필요(30~89일),Q1_저가,0.0,-0.003034562210732117,0.037077306201131616
577089792,Active(<30일),Q2,0.0,0.02009650347678904,-0.004999568703039192
577145472,이탈위험(90일+),Q2,0.0,-0.011626766601566037,0.03323784062129376
577156608,관심필요(30~89일),Q2,,0.011013666157716484,0.0653842032007742
577273536,Active(<30일),Q1_저가,,-0.0030370342257182853,0.03277690582095957
577548224,관심필요(30~89일),Q2,0.0,-0.008433210099748747,0.055259494257280786
577635456,이탈위험(90일+),Q2,0.0,0.01539372161153385,0.05413103319356044
577824768,관심필요(30~89일),Q3,,-0.03362772671040026,0.012687324334707761
577988096,Active(<30일),Q2,1.0,0.019131561576090195,0.015904540094060615
578077184,Active(<30일),Q2,1.0,0.030321214888758163,0.027577572324056998
578108736,이탈위험(90일+),Q1_저가,1.0,-0.011643418302097225,0.028327231858206417
578218240,관심필요(30~89일),Q3,0.0,-0.03794290802634859,-0.0073416281302204345
578255360,이탈위험(90일+),Q4_고가,0.0,-0.012885999588186203,0.025842858340953442
578257216,Active(<30일),Q3,0.0,0.010800999529784638,-0.0055770892444299
578262784,이탈위험(90일+),Q3,0.0,-0.02115502041468577,0.022342834962723365
578368576,관심필요(30~89일),Q2,0.0,-0.021139206413882172,-0.024027001962340228
578530048,Active(<30일),Q1_저가,1.0,0.036376970806289766,-0.07684128866432904
578672960,이탈위험(90일+),Q1_저가,1.0,-0.010204295069476003,0.037911984289653415
578724928,관심필요(30~89일),Q2,0.0,-0.026461079361688483,0.007111749501994308
578763904,관심필요(30~89일),Q4_고가,1.0,-0.0036262224490057893,0.05190892572045602
578849280,Active(<30일),Q2,0.0,0.03344019126309472,0.034149296148581865
578955072,Active(<30일),Q3,,0.025942684598213805,0.02393957343716846
579025600,관심필요(30~89일),Q2,0.0,-0.01541607434111246,0.04554306387667868
579123968,Active(<30일),Q2,,0.01954468240948415,0.02158869688484133
579183360,이탈위험(90일+),Q1_저가,,-0.01131410940302071,0.044867431997998426
579196352,Active(<30일),Q1_저가,0.0,0.027426194782958047,-0.0387085149899542
579278016,Active(<30일),Q2,0.0,0.0323748280616214,0.01686384793340523
579432064,관심필요(30~89일),Q1_저가,0.0,-0.02085952473254149,0.04079695826626201
579524864,Active(<30일),Q3,1.0,-0.01101675261286908,0.003144551616613561
579556416,Active(<30일),Q3,1.0,0.018214027151512657,-0.054004657882820495
579675200,관심필요(30~89일),Q3,0.0,-0.0020296957037426594,0.048398524336962984
579743872,이탈위험(90일+),Q4_고가,0.0,-0.0065857706580732395,0.04204001721631398
579849664,Active(<30일),Q3,0.0,-0.0022489733553572727,0.04958077667427302
579998144,관심필요(30~89일),Q1_저가,0.0,-0.020772374094508994,0.013687377174011084
580005568,Active(<30일),Q3,0.0,0.0314636357221012,0.04746234840943997
580283968,Active(<30일),Q2,0.0,0.01827778252192544,0.1074461676462315
580395328,Active(<30일),Q2,0.0,0.017216939088012972,0.07476211581651498
580412032,Active(<30일),Q2,0.0,0.036590819387654294,0.0494634240886872
580486272,Active(<30일),Q1_저가,0.0,0.013354986118257695,-0.025982933974758704
580595776,이탈위험(90일+),Q1_저가,0.0,-0.008000496780298738,0.03186365834829208
580855616,이탈위험(90일+),Q4_고가,0.0,-0.008934687630598764,-0.0327781758947997
581061632,이탈위험(90일+),Q4_고가,0.0,-0.0381202591523222,-0.012916855209724187
581104320,Active(<30일),Q3,0.0,0.03377017799206394,-0.02390443504860107
581137728,Active(<30일),Q3,0.0,0.0022285495152621904,-0.05757636069397376
581158144,관심필요(30~89일),Q1_저가,0.0,-0.01524257286247327,0.023093635396562673
581397568,이탈위험(90일+),Q1_저가,1.0,-0.022185982727313286,0.014052417078639662
581512640,관심필요(30~89일),Q3,,-0.02168803169887526,-0.06327738866189264
581586880,이탈위험(90일+),Q2,0.0,-0.011716789873217115,0.021650903957651818
581811456,Active(<30일),Q4_고가,0.0,0.013152737054769159,0.007228971233653292
581831872,Active(<30일),Q3,1.0,0.021012544480814355,-0.0006575798106213115
581913536,이탈위험(90일+),Q1_저가,,-0.009642825565424056,0.030468530357727328
582100992,이탈위험(90일+),Q1_저가,0.0,-0.01080996458575275,0.040223869914626995
582331136,Active(<30일),Q2,1.0,-0.014101670970544156,-0.07523086649337618
582342272,관심필요(30~89일),Q2,0.0,-0.0076900875581435435,0.059436671224390725
582375680,관심필요(30~89일),Q3,1.0,-0.0018456614941649296,-0.022003512253321644
582739456,Active(<30일),Q3,1.0,0.023586219366725558,-0.011898097959722076
582926912,관심필요(30~89일),Q1_저가,0.0,-0.02159875445147752,-0.06458963164547427
583064256,Active(<30일),Q3,0.0,0.01727339770035663,0.008096565404844158
583318528,Active(<30일),Q2,0.0,0.016216935457839976,0.007946497288566334
583689728,Active(<30일),Q2,,0.05786017739226934,0.010546942954237415
583736128,관심필요(30~89일),Q2,0.0,-0.02897468698022504,0.02114564118110962
583827072,이탈위험(90일+),Q4_고가,0.0,-0.013035201819332404,0.007337404388603919
584059072,Active(<30일),Q2,0.0,0.02363982080644389,0.017060888321682177
584066496,Active(<30일),Q3,0.0,0.009305725450494906,0.03338511337933259
584450688,Active(<30일),Q4_고가,1.0,0.017668817879758825,0.011322208757490348
584521216,Active(<30일),Q1_저가,,0.0005840808507719952,-0.018423254057060967
584641856,Active(<30일),Q4_고가,0.0,0.008082575904722611,-0.03153953716538649
584665984,Active(<30일),Q4_고가,,0.031472749156172264,0.05191276392240396
584706816,Active(<30일),Q4_고가,1.0,0.03189049481651096,0.06571897345543376
584736512,Active(<30일),Q2,1.0,0.032521427031796335,-0.030514592441247157
585092864,이탈위험(90일+),Q1_저가,0.0,-0.012455612544143978,0.027994641537043743
585167104,관심필요(30~89일),Q1_저가,0.0,-0.010600540552579668,0.016157483657683103
585282176,Active(<30일),Q1_저가,0.0,0.033066472011625714,-0.11292589444038503
585606976,Active(<30일),Q3,0.0,0.015937706517852868,0.04047550427205282
585788864,Active(<30일),Q2,,0.026772363805955157,-0.013395289980720926
585848256,관심필요(30~89일),Q1_저가,0.0,-0.008994001073252184,0.050166011173454025
586304832,Active(<30일),Q2,0.0,0.03759794889343804,0.03679865784929448
586711296,관심필요(30~89일),Q1_저가,,-0.008465216410676463,0.05418470169295797
586770688,이탈위험(90일+),Q2,0.0,-0.004225345645137761,0.02996249933439117
586817088,관심필요(30~89일),Q1_저가,0.0,0.014365336635367654,0.09153013241386176
586932160,Active(<30일),Q2,0.0,0.02093137891862773,0.036687666371436056
587037952,Active(<30일),Q4_고가,1.0,0.012762122750481497,-0.010517950133770215
587253248,Active(<30일),Q3,0.0,0.02794769635883909,0.007450764155140899
587258816,이탈위험(90일+),Q1_저가,0.0,-0.011812342234412312,0.041045786546559195
587271808,관심필요(30~89일),Q4_고가,0.0,0.0031376435143069814,-0.0034031497835159408
587329344,Active(<30일),Q1_저가,,0.01959697349573486,0.029551374667356467
587420288,이탈위험(90일+),Q4_고가,0.0,-0.01458921971085702,0.017529887861675933
587427712,Active(<30일),Q4_고가,1.0,0.013668988518940273,0.008315295544310652
587563200,Active(<30일),Q3,0.0,0.013525204669853186,0.010332316627291505
587689408,Active(<30일),Q4_고가,0.0,0.031089456356844458,0.04645960766001611
587856448,이탈위험(90일+),Q2,,-0.031532407583151734,-0.02338344340828183
587891712,이탈위험(90일+),Q1_저가,,-0.011452257372315144,0.02843201242201296
588196096,Active(<30일),Q1_저가,,-0.0037700141619739364,0.045165176021756376
588209088,이탈위험(90일+),Q3,0.0,-0.013445859735318637,0.02812521855742829
588327872,이탈위험(90일+),Q4_고가,0.0,-0.013591361974454597,0.019820388369438197
588498624,이탈위험(90일+),Q1_저가,0.0,-0.015554043693122174,-0.009615309422647683
588619264,Active(<30일),Q4_고가,1.0,0.020830675573772495,-0.009827946917634556
588771456,이탈위험(90일+),Q4_고가,0.0,-0.013193045926580556,0.026159933983790226
588777024,Active(<30일),Q4_고가,,0.03394975421267865,0.002724886554084649
588862400,Active(<30일),Q3,0.0,0.03464021639626136,0.15325718684319656
589094400,Active(<30일),Q3,1.0,0.01618440398779608,0.06606782832770208
589534272,이탈위험(90일+),Q1_저가,,-0.01074927572658866,0.03081262164884989
589558400,Active(<30일),Q4_고가,0.0,0.08182753066196646,0.04324449793464291
589727296,Active(<30일),Q2,0.0,0.009475021377385096,-0.04126098472258066
589842368,Active(<30일),Q3,0.0,0.022108948061330902,0.05394935876871598
589940736,Active(<30일),Q2,,0.010407510369966788,-0.08164152311914208
589963008,이탈위험(90일+),Q1_저가,0.0,-0.0264430750072967,-0.0012603298000894714
590005696,관심필요(30~89일),Q3,0.0,-0.028753769909429905,0.01250767917476353
590302656,Active(<30일),Q1_저가,0.0,0.026595606119111492,-0.05383434631551237
590575488,이탈위험(90일+),Q1_저가,0.0,-0.016774129641109414,0.019985197006971933
590636736,관심필요(30~89일),Q4_고가,0.0,-0.023448165948050936,-0.0010325921550222439
590876160,Active(<30일),Q2,0.0,0.01662377579226848,0.012178788136939178
590967104,이탈위험(90일+),Q4_고가,0.0,-0.007199762753286668,0.06728381393119678
591043200,이탈위험(90일+),Q1_저가,0.0,-0.010772016532167264,0.04056347212622853
591137856,Active(<30일),Q3,1.0,0.014276439195391344,0.011117858220805021
591368000,Active(<30일),Q4_고가,,0.019394495134920975,0.06620645518681134
591444096,Active(<30일),Q1_저가,0.0,0.016932257946058238,-0.05144103294564961
591466368,관심필요(30~89일),Q4_고가,,0.018640186428888678,0.050244893114577
591522048,관심필요(30~89일),Q4_고가,0.0,0.009698154202126719,0.09201516873805005
591568448,관심필요(30~89일),Q2,1.0,-0.02749946974135803,-0.10976925924698139
591570304,이탈위험(90일+),Q2,0.0,-0.008602176352027063,-0.027001654975496503
591657536,Active(<30일),Q4_고가,0.0,0.0256119091405298,0.11590236833705247
591828288,이탈위험(90일+),Q4_고가,1.0,-0.0076147313280931495,0.04458239192482896
591909952,이탈위험(90일+),Q4_고가,0.0,-0.010616158618203253,0.05309693329440926
591926656,이탈위험(90일+),Q3,0.0,-0.02097882213451832,-0.005018327678136841
592071424,Active(<30일),Q1_저가,0.0,0.02710651285675414,-0.017717948483912282
592164224,Active(<30일),Q2,0.0,0.0893617223909714,0.02743367402151542
592260736,이탈위험(90일+),Q4_고가,0.0,-0.0135614666436676,0.03216906226353036
592516864,Active(<30일),Q4_고가,0.0,0.02762348436276607,0.010922178874187227
592591104,Active(<30일),Q4_고가,1.0,0.026573582071634738,0.11038619740841848
592689472,이탈위험(90일+),Q2,0.0,-0.0029076308786351868,0.010547626109079139
592789696,Active(<30일),Q2,0.0,0.04918991361380576,-0.023176894056443742
592888064,이탈위험(90일+),Q4_고가,0.0,-0.0074998365385680055,0.01582997257301172
593068096,Active(<30일),Q4_고가,0.0,0.04096530348613536,-0.046681788062113705
593095936,관심필요(30~89일),Q1_저가,0.0,-0.005574918506107349,0.037582542259575885
593164608,이탈위험(90일+),Q1_저가,1.0,-0.01766882453805574,0.00911658594017846
593374336,Active(<30일),Q4_고가,0.0,0.013264463029895146,-0.012105755996907552
593519104,이탈위험(90일+),Q4_고가,0.0,-0.004986234208195189,0.031980496689413315
593526528,Active(<30일),Q4_고가,,-0.005014561981652732,0.036475762977068726
593665728,관심필요(30~89일),Q2,,-0.01984994942709667,0.0013800285986613203
593669440,Active(<30일),Q2,,-0.007092405736703569,0.0560870115714224
593777088,Active(<30일),Q2,0.0,0.0242726439692722,0.04188634206566111
593855040,Active(<30일),Q3,,0.043503902912655934,0.015058731364189226
593940416,Active(<30일),Q4_고가,0.0,0.012340977675931286,0.007509244443242191
594211392,관심필요(30~89일),Q4_고가,0.0,-0.03368283291020968,0.0488989983671792
594628992,이탈위험(90일+),Q2,1.0,-0.004772164218015976,0.03711484806512748
594638272,이탈위험(90일+),Q2,0.0,-0.012348611859185336,0.012234292264927532
594658688,이탈위험(90일+),Q4_고가,0.0,-0.014463549276399312,-0.0031284432405920826
594745920,Active(<30일),Q4_고가,0.0,0.10825916634052624,0.10668566123831924
595018752,관심필요(30~89일),Q1_저가,0.0,-0.007078264083291277,0.005557978228601296
595057728,관심필요(30~89일),Q1_저가,0.0,-0.02422768334291764,-0.026645016882121064
595068864,Active(<30일),Q4_고가,0.0,0.023936912702491542,0.0412889931269802
595408512,관심필요(30~89일),Q4_고가,1.0,-0.0308776998230606,-0.030934395890981736
595477184,Active(<30일),Q1_저가,0.0,0.05030108068461814,-0.036661282428558595
595551424,Active(<30일),Q2,0.0,0.02023847619175223,0.002564591400237015
595560704,관심필요(30~89일),Q1_저가,0.0,-0.01841430578290046,0.028392079330208236
595575552,관심필요(30~89일),Q4_고가,0.0,-0.037859890944795416,0.04087123807820925
595597824,Active(<30일),Q4_고가,0.0,0.01838680367633161,-0.020435502956626772
595690624,관심필요(30~89일),Q3,0.0,-0.000840928662172169,0.04233416396945944
595709184,이탈위험(90일+),Q3,,-0.019554167823278942,-0.015672492879082844
595724032,Active(<30일),Q1_저가,0.0,-0.006896039964720907,0.026871329820037954
595883648,관심필요(30~89일),Q2,,-0.0020459714494878295,0.005551542478952232
596275264,관심필요(30~89일),Q3,0.0,-0.02520415044305571,0.011990661717762613
596416320,이탈위험(90일+),Q1_저가,1.0,-0.02963401162752141,-0.009289997182933635
596473856,관심필요(30~89일),Q1_저가,0.0,0.020530150263179628,0.06832756877996914
596653888,Active(<30일),Q3,0.0,-0.0026525095564974843,-0.03509608347783816
596726272,Active(<30일),Q3,0.0,0.0263466971445796,0.01567744440968466
596982400,Active(<30일),Q3,0.0,0.03186920175366592,0.032775592603703885
597578176,Active(<30일),Q3,,0.020794257321692378,-0.11777795765032001
597832448,Active(<30일),Q3,0.0,0.01092182964218813,-0.004846391907780578
597943808,Active(<30일),Q4_고가,0.0,0.028194271426632556,0.12530599171221446
597979072,관심필요(30~89일),Q1_저가,0.0,0.005119955188075009,0.03947377880553288
597980928,이탈위험(90일+),Q2,0.0,-0.034596197645339444,-0.02633835917347066
598140544,이탈위험(90일+),Q1_저가,,-0.004492440291921911,0.03376422940700405
598329856,관심필요(30~89일),Q1_저가,0.0,0.007976434805142152,-0.021542687470596594
598340992,Active(<30일),Q3,1.0,0.023380811252691314,-0.02411632313065104
598350272,Active(<30일),Q3,0.0,0.023554427027320468,0.027074100203064222
598361408,Active(<30일),Q1_저가,0.0,0.04397351982507486,0.0240394872678662
598548864,관심필요(30~89일),Q3,0.0,0.0010330823627476837,-0.021015182677421862
598556288,Active(<30일),Q2,0.0,0.024826284080595618,0.010206682892942243
598598976,Active(<30일),Q4_고가,,0.09124719042747054,0.025364607527424088
598621248,관심필요(30~89일),Q2,0.0,-0.0009290330574803496,0.02216273227779003
598715904,이탈위험(90일+),Q1_저가,0.0,-0.007777948511091037,-0.06400550048839543
598801280,관심필요(30~89일),Q1_저가,0.0,0.0356392409905226,0.048074696530760075
598905216,Active(<30일),Q3,0.0,0.019843065005636262,0.041036558144326496
598907072,Active(<30일),Q2,0.0,0.02269296482327865,0.02363821434197866
598944192,Active(<30일),Q3,0.0,0.01715997546821635,-0.008263693580676135
598955328,이탈위험(90일+),Q4_고가,0.0,-0.013741178980209594,0.02158639283743019
599020288,Active(<30일),Q4_고가,0.0,0.06093836557804788,-0.029515477826819958
599057408,Active(<30일),Q3,0.0,-0.023587552546860013,-0.04807637781441643
599072256,Active(<30일),Q2,1.0,0.027543017700735306,0.03746947256187494
599155776,이탈위험(90일+),Q4_고가,,0.007129301783892185,0.04332245767454928
599402624,이탈위험(90일+),Q1_저가,,-0.016546601817178416,0.0302407485832165
599449024,Active(<30일),Q2,0.0,-0.011459235370131327,-0.028149197492209344
600334336,Active(<30일),Q2,0.0,0.02383995855116483,-0.0014924161415021953
600349184,Active(<30일),Q2,0.0,0.01163843422541544,-0.0594169369144818
600423424,Active(<30일),Q2,0.0,0.018481289101641374,0.015888577076652366
600889280,Active(<30일),Q4_고가,,0.019608496112056728,-0.0018629700907498714
600930112,Active(<30일),Q2,1.0,-0.004284211384200917,0.06155202673148236
601099008,Active(<30일),Q2,1.0,-0.004677999982673917,0.07153309134111055
601399680,Active(<30일),Q4_고가,0.0,0.07802610898164447,0.037981373172477184
601559296,이탈위험(90일+),Q4_고가,0.0,-0.01506375116690229,0.03142350853676944
601639104,Active(<30일),Q4_고가,0.0,0.030202798217562443,0.04193155595028697
601763456,관심필요(30~89일),Q2,0.0,0.02964136085582454,0.046049566287502175
601898944,Active(<30일),Q1_저가,0.0,0.0008416218816801185,0.08832064144559174
602060416,이탈위험(90일+),Q4_고가,0.0,-0.016872295611684664,0.033808338233112634
602181056,Active(<30일),Q2,0.0,0.037462370941415024,0.025290452434655553
602233024,Active(<30일),Q3,0.0,0.012208624960170389,0.0002758593919282015
602246016,Active(<30일),Q4_고가,1.0,0.0212498389215654,0.08025536137733025
602307264,관심필요(30~89일),Q1_저가,0.0,0.016487825132090128,-0.0013050700619845479
602344384,이탈위험(90일+),Q1_저가,1.0,-0.011879793807154551,0.029771446946850452
602377792,이탈위험(90일+),Q2,0.0,-0.01953824594748084,0.03385535767011816
602522560,이탈위험(90일+),Q3,0.0,-0.005625737713854113,0.041213690240236744
602529984,Active(<30일),Q2,0.0,0.01258394403646157,-0.04860483964616691
602786112,Active(<30일),Q3,0.0,0.023909853275272175,0.04477048190458233
602821376,Active(<30일),Q1_저가,1.0,0.03236256347081001,-0.045139515271818476
603222272,Active(<30일),Q1_저가,,0.018686302219878326,0.0015199581738501444
603253824,이탈위험(90일+),Q4_고가,0.0,-0.026538550075031933,-0.0026461085048371247
603383744,Active(<30일),Q3,0.0,-0.006418118264421624,0.042662521867370184
603415296,관심필요(30~89일),Q2,1.0,-0.017563978490940657,-0.007510476922744369
603424576,Active(<30일),Q1_저가,0.0,-0.004553728395947171,0.030498188220586947
603730816,이탈위험(90일+),Q2,0.0,-0.04028467874543379,-0.08316159873880213
603860736,Active(<30일),Q3,1.0,-0.01798414299812967,-0.055484377480427505
604020352,관심필요(30~89일),Q2,0.0,-0.001180680082419186,0.03277620350822662
604120576,Active(<30일),Q1_저가,0.0,0.043629003675010936,0.014914705346879192
604424960,Active(<30일),Q4_고가,0.0,0.013303804323625323,-0.008613681928508865
604445376,이탈위험(90일+),Q4_고가,0.0,-0.01430470990580427,0.02185674178058547
604532608,Active(<30일),Q2,0.0,0.030952475695129628,0.048011083680102984
604606848,관심필요(30~89일),Q1_저가,,-0.013429219153399577,0.03104032618738034
604903808,이탈위험(90일+),Q1_저가,1.0,-0.02143572347411929,0.0034538591126404006
605271296,이탈위험(90일+),Q4_고가,0.0,-0.02738402391574446,0.08139126972851107
605471744,Active(<30일),Q3,0.0,0.014754247747551408,-0.00023822649142557495
605683328,Active(<30일),Q4_고가,0.0,0.015862034720517282,-0.0015692598644653222
605796544,Active(<30일),Q4_고가,,-0.017136911658745646,-0.029194122681694468
605937600,관심필요(30~89일),Q3,0.0,-0.012101341217516201,0.050873316085059975
606034112,Active(<30일),Q2,0.0,0.03737052578762057,0.024657430468187913
606139904,Active(<30일),Q2,1.0,0.030624642752856646,-0.006922155124605367
606190016,Active(<30일),Q4_고가,,0.008722995115605023,0.08509097114587097
606271680,관심필요(30~89일),Q3,0.0,-0.016983353055195008,0.009747495446517124
606292096,Active(<30일),Q4_고가,,0.012547925054339881,-0.019283339721838766
606620608,Active(<30일),Q3,,0.0241192518977279,0.11940561203155264
606635456,관심필요(30~89일),Q2,0.0,-0.01019398793290556,0.04236150662683098
606854464,Active(<30일),Q3,0.0,0.021407304984421893,-0.001488021731381517
606878592,Active(<30일),Q1_저가,0.0,0.03647267828360523,0.0061329715442846044
606984384,Active(<30일),Q4_고가,1.0,0.007543420776814691,-0.05877904507237919
607028928,Active(<30일),Q1_저가,,0.03989049019794577,-0.014918400452494485
607101312,관심필요(30~89일),Q4_고가,0.0,0.008047906575155861,0.1404924052352261
607121728,관심필요(30~89일),Q4_고가,0.0,-0.010773301529223886,0.05019649738120689
607376000,이탈위험(90일+),Q3,,-0.01305222230316834,0.03343156649371103
607611712,Active(<30일),Q1_저가,0.0,0.027408080826304082,0.028061925220624062
607852992,Active(<30일),Q1_저가,1.0,-0.0059234838838581605,-0.0073928360752924804
607862272,관심필요(30~89일),Q1_저가,0.0,-0.0056582050689820695,0.05462082967883973
608072000,Active(<30일),Q1_저가,,-0.011457517034952236,-0.020478453149442966
608114688,Active(<30일),Q3,0.0,0.025359436769640253,-0.033267474139800135
608316992,이탈위험(90일+),Q2,0.0,-0.038928083260274804,-0.06349429460335754
608469184,Active(<30일),Q3,0.0,0.0157332240940371,-0.08537614965202012
608489600,Active(<30일),Q2,0.0,0.023784631605209716,-0.07034417512034119
608647360,Active(<30일),Q3,0.0,-0.00020763758742120553,0.03182367303756464
609161472,관심필요(30~89일),Q4_고가,0.0,-0.009394430441472035,0.02260996893122169
609265408,관심필요(30~89일),Q3,0.0,-0.008545240402280455,0.056890662724037644
609278400,이탈위험(90일+),Q1_저가,0.0,-0.024442110028080444,-0.0004221065927380585
609575360,Active(<30일),Q3,,0.01326981773914826,0.014283309461764149
609653312,관심필요(30~89일),Q3,0.0,0.011738610962771512,0.06432198317465343
609751680,Active(<30일),Q4_고가,0.0,0.02303037120086593,0.011024811208869445
609753536,Active(<30일),Q3,0.0,0.010019413678616917,-0.001984294668431086
609892736,관심필요(30~89일),Q2,0.0,-0.01691363199892061,0.02920644693272058
609900160,이탈위험(90일+),Q4_고가,1.0,-0.05276605847884147,0.021541268984650808
610074624,이탈위험(90일+),Q2,0.0,-0.012579350225003491,0.03840924499726962
610132160,Active(<30일),Q3,0.0,0.027473185973564296,0.050138319158027245
610310336,이탈위험(90일+),Q1_저가,,-0.01330207463742987,0.021232583134935673
610419840,Active(<30일),Q4_고가,0.0,0.0069209728520231995,0.01796056926473022
610484800,관심필요(30~89일),Q1_저가,0.0,-0.02680315327172028,-0.024679028351237975
610534912,이탈위험(90일+),Q1_저가,0.0,-0.02109373652754984,-0.0035717795861011092
610607296,Active(<30일),Q4_고가,0.0,0.042825542424963614,0.14166967568949418
610612864,Active(<30일),Q2,0.0,0.021638674630869215,0.007055696926459465
610794752,이탈위험(90일+),Q1_저가,0.0,-0.015580062830876082,0.018414099792675262
610891264,이탈위험(90일+),Q2,,-0.042640774566214235,-0.06411870277353127
610909824,관심필요(30~89일),Q2,0.0,-0.002374720732887081,-0.04517822701930568
610924672,이탈위험(90일+),Q4_고가,0.0,0.030205064409556004,0.04162911227836619
610937664,이탈위험(90일+),Q1_저가,0.0,-0.017603843494333887,0.030447752745504778
610997056,Active(<30일),Q3,0.0,0.022598447015953482,0.02270291642244837
611203072,관심필요(30~89일),Q2,0.0,0.0017946498646700393,0.07035285288455212
611282880,이탈위험(90일+),Q2,0.0,0.022266552887450025,0.033424597488258004
611307008,Active(<30일),Q2,0.0,-0.01486096818965471,-0.016783127695354172
611329280,Active(<30일),Q2,0.0,0.04114818695013467,-0.09878271984852793
611331136,관심필요(30~89일),Q3,0.0,-0.013514037715863986,0.017060330858148065
611466624,이탈위험(90일+),Q2,,-0.008342647018190374,0.043802481994252185
611548288,Active(<30일),Q2,0.0,-0.015365299429681178,-0.017143403406727487
611583552,Active(<30일),Q3,0.0,0.03913142308131712,0.007401107230844639
611748736,이탈위험(90일+),Q1_저가,0.0,-0.011134763720474762,0.028873319414222026
611837824,Active(<30일),Q1_저가,0.0,0.026003777684326712,-0.07659250055716504
611900928,이탈위험(90일+),Q2,1.0,-0.012844402736484697,0.013739088720099296
612036416,Active(<30일),Q4_고가,0.0,0.011610676410221732,-0.005230624360888392
612056832,관심필요(30~89일),Q3,0.0,-0.016629951587471825,-0.0037141162858970733
612214592,이탈위험(90일+),Q2,0.0,-0.01251431927071852,0.022381990922437228
612244288,이탈위험(90일+),Q3,0.0,-0.0266148271827691,0.0021811234901433496
612277696,관심필요(30~89일),Q2,0.0,-0.016644149148663898,0.014848286309191605
612316672,Active(<30일),Q3,0.0,0.0005021311945937468,0.0018494591199661459
612702720,Active(<30일),Q2,0.0,-0.006876534077927252,0.04824733131798856
612873472,관심필요(30~89일),Q2,0.0,0.0011620182768617426,-0.007418466289559084
613072064,관심필요(30~89일),Q1_저가,0.0,-0.010055562699788467,-0.021720191452960863
613279936,관심필요(30~89일),Q2,0.0,-0.009009567137790109,0.03601477894611797
613437696,관심필요(30~89일),Q4_고가,0.0,0.006372926500737952,-0.019981878003388187
613521216,이탈위험(90일+),Q1_저가,1.0,-0.006881346261617197,0.025189359564053743
613625152,Active(<30일),Q3,,-0.018077785241639277,-0.08934727462999575
613677120,이탈위험(90일+),Q3,0.0,-0.02598940888951501,-0.012291077851295601
613959232,이탈위험(90일+),Q3,,-0.013038518504596155,0.039105879794735315
614007488,이탈위험(90일+),Q1_저가,,-0.024729867890807444,-0.013452039974600483
614434368,Active(<30일),Q2,0.0,0.09324890766792593,-0.09115447827609813
614603264,Active(<30일),Q1_저가,1.0,0.035622250572391656,-0.012646669236863972
614614400,이탈위험(90일+),Q4_고가,0.0,-0.014930655998435016,0.010047124897107504
615228736,관심필요(30~89일),Q2,0.0,-0.009672028796173696,0.06126304776763457
615284416,이탈위험(90일+),Q2,1.0,0.012778602336034423,0.03338054639999731
616078784,Active(<30일),Q2,,-0.013956308942633389,0.031746688830628644
616151168,관심필요(30~89일),Q4_고가,0.0,-0.012056990268060855,0.028270620962732848
616364608,Active(<30일),Q4_고가,0.0,0.03591095156891888,0.05993555791946448
616574336,Active(<30일),Q3,,0.016707099446125473,0.0001002430519753128
616680128,Active(<30일),Q3,0.0,0.031427189754822615,0.03597157856492328
617066176,Active(<30일),Q1_저가,0.0,0.03268853635358493,-0.0487029398633404
617151552,Active(<30일),Q4_고가,0.0,0.02786638612333403,0.07515307696112827
618144512,관심필요(30~89일),Q1_저가,1.0,0.01633226211408878,0.02708239761156439
618272576,Active(<30일),Q1_저가,0.0,0.1338864160543558,0.14610943785767733
618599232,Active(<30일),Q2,0.0,0.13329647377024667,0.055054965968765246
618686464,관심필요(30~89일),Q2,0.0,0.0025692098521563067,-0.023157686130324318
618756992,이탈위험(90일+),Q1_저가,0.0,-0.016317770838447793,0.0025701528013438307
618868352,관심필요(30~89일),Q1_저가,0.0,-0.02485254527725067,0.008914205670341485
618946304,Active(<30일),Q3,1.0,0.025476120881102515,0.0319412731626747
619118912,Active(<30일),Q1_저가,0.0,0.11778626208191462,0.029424605288400962
619126336,Active(<30일),Q1_저가,0.0,0.0413322262727297,-0.03075713175524497
619128192,이탈위험(90일+),Q1_저가,0.0,-0.01114072351761191,0.042434102308822476
619282240,Active(<30일),Q2,0.0,0.02443191563719116,0.015181344009472353
619324928,Active(<30일),Q1_저가,,0.017560056199585866,0.008575876599551668
619349056,Active(<30일),Q3,0.0,-0.009762228802896955,0.01789979931763741
619441856,Active(<30일),Q2,,0.007185605649979998,-0.006170770491941424
619627456,Active(<30일),Q2,0.0,0.02048532147474491,0.006890395576088726
619781504,관심필요(30~89일),Q4_고가,,-0.0036644297823881233,-0.008730335422977409
619933696,Active(<30일),Q3,,0.09145391927544977,0.013468003808882356
620228800,Active(<30일),Q3,0.0,-0.00801008685873325,0.02591896521138652
620303040,관심필요(30~89일),Q1_저가,1.0,-0.005571777284391954,0.05568641247718757
620724352,Active(<30일),Q3,,0.01418993633338228,-0.0025886534663182026
620935936,이탈위험(90일+),Q3,,-0.0061567129380096786,0.02905893860247244
621227328,관심필요(30~89일),Q4_고가,,0.06680445089814854,-0.04147299303903637
621310848,Active(<30일),Q1_저가,,0.029071952505215992,-0.019147824284230563
621498304,Active(<30일),Q3,1.0,0.03358623270799099,-0.09131455582589743
621546560,이탈위험(90일+),Q1_저가,1.0,-0.010285091435366267,0.02194671890171869
621557696,이탈위험(90일+),Q1_저가,0.0,0.010238459736053654,0.06370391401165945
621600384,이탈위험(90일+),Q1_저가,0.0,-0.011356418587296295,0.03284661087649822
621908480,이탈위험(90일+),Q2,0.0,-0.03334610992073203,0.025457963755886673
622038400,이탈위험(90일+),Q1_저가,0.0,-0.0413888024073103,-0.07542394716989337
622066240,관심필요(30~89일),Q3,0.0,-0.013693498025043355,0.00948195896122947
622155328,이탈위험(90일+),Q2,0.0,-0.013060140130278008,-0.005119909225101776
622199872,관심필요(30~89일),Q3,0.0,-0.009120808559523907,0.06375744815009537
622236992,관심필요(30~89일),Q3,,0.0037864456135392466,0.12991913630420493
622288960,Active(<30일),Q1_저가,1.0,0.004550488167232081,-0.033447672160751896
622307520,이탈위험(90일+),Q4_고가,0.0,-0.020937978312711283,0.018993029835849218
622502400,Active(<30일),Q1_저가,0.0,-0.012336378479461563,-0.012369649736243049
622912576,Active(<30일),Q2,,-0.013291787948273903,-0.036409493857411324
622920000,Active(<30일),Q3,1.0,0.027949247940586064,-0.059975173368339574
623092608,Active(<30일),Q2,0.0,0.04673150065332554,0.05561211500980762
623094464,Active(<30일),Q4_고가,0.0,0.02578868641615817,0.03657095150249845
623304192,관심필요(30~89일),Q2,0.0,-0.011829136750054342,0.043410677255314986
623725504,Active(<30일),Q1_저가,0.0,0.002958124561934422,0.060616524581443426
623822016,Active(<30일),Q3,0.0,-0.019274643636261413,-0.1112597165429427
623870272,Active(<30일),Q1_저가,1.0,0.005074619138758951,-0.043172913015129155
624083712,이탈위험(90일+),Q1_저가,0.0,-0.01145122426212769,0.027425729864668166
624154240,관심필요(30~89일),Q2,,-0.023664535696680977,-0.02153037493043869
624187648,Active(<30일),Q1_저가,0.0,0.022266588681467248,-0.041482138256984324
624198784,이탈위험(90일+),Q4_고가,1.0,-0.0196419108279334,-0.0014280478167647132
624419648,이탈위험(90일+),Q1_저가,1.0,-0.01217421027849433,0.042542728134257954
624477184,Active(<30일),Q4_고가,1.0,0.023714612054058448,0.06081588510763514
624514304,관심필요(30~89일),Q4_고가,0.0,-0.00265560265378445,0.03195300311924737
624531008,Active(<30일),Q4_고가,0.0,0.014108228234172515,0.015602473704072972
624562560,Active(<30일),Q1_저가,0.0,0.02463380287409439,0.027947033558154394
624586688,관심필요(30~89일),Q4_고가,0.0,-0.01982119309373477,0.013274395900473884
624627520,Active(<30일),Q2,,-0.0085443370978604,-0.00294514498415116
624733312,Active(<30일),Q3,0.0,0.016105046335210038,-0.01281205291124371
624788992,관심필요(30~89일),Q1_저가,,-0.016013297461229897,0.012009083878530849
624918912,이탈위험(90일+),Q3,,-0.012849464285863463,0.02432839032814299
624935616,이탈위험(90일+),Q1_저가,1.0,-0.010241782340772464,0.0317272268088004
625071104,Active(<30일),Q3,0.0,0.02470943623536892,0.09883155301434166
625199168,관심필요(30~89일),Q3,,-0.017359721942104958,0.03020890363754629
625260416,Active(<30일),Q4_고가,,0.054560208611369565,0.010424538555127705
625273408,이탈위험(90일+),Q3,1.0,-0.013290568927571592,0.049536405186132414
625293824,Active(<30일),Q1_저가,0.0,0.012830229346666,-0.01132239750818187
625529536,이탈위험(90일+),Q4_고가,0.0,-0.013698062717372325,0.010425861264097294
625702144,Active(<30일),Q4_고가,,0.01420704806094919,0.0021969033889585043
625839488,관심필요(30~89일),Q3,0.0,0.0058130457068695796,0.16891317268631678
626257088,Active(<30일),Q2,,0.010692082067016329,0.007144207312182127
626320192,관심필요(30~89일),Q1_저가,0.0,-0.006770669369329074,0.05093002619501463
626531776,Active(<30일),Q3,1.0,0.03433723287002444,0.04901899626194506
626711808,Active(<30일),Q4_고가,,0.019202880276155243,0.02378800857109664
626767488,Active(<30일),Q1_저가,1.0,0.04378092549343937,-0.08182677564432683
626891840,관심필요(30~89일),Q1_저가,0.0,-0.0031479097737681233,0.061401943224480726
627107136,이탈위험(90일+),Q3,0.0,-0.03161058409953896,-0.014699861521950824
627123840,Active(<30일),Q2,0.0,0.08215675618463847,0.017364500713486386
627407808,관심필요(30~89일),Q1_저가,0.0,-0.008347219646501203,0.03936941445855838
627459776,Active(<30일),Q4_고가,,0.07012994945143025,-0.06296398174373075
627498752,이탈위험(90일+),Q1_저가,0.0,-0.011825941220698556,0.04209904211319984
627652800,Active(<30일),Q1_저가,1.0,0.04813672450735096,-0.07606112024374878
627875520,Active(<30일),Q4_고가,,0.01040910910106646,0.04866963616042308
628033280,Active(<30일),Q1_저가,0.0,0.046107804505768235,-0.04770086202548074
628307968,이탈위험(90일+),Q1_저가,0.0,-0.011417297420153218,0.04286308403994579
628389632,Active(<30일),Q2,0.0,0.020585125866092735,0.018819708924160405
628447168,관심필요(30~89일),Q1_저가,,-0.012104447256638007,0.005636034781348553
628463872,이탈위험(90일+),Q1_저가,0.0,-0.010964161252454904,0.03783841433051571
628577088,Active(<30일),Q1_저가,,0.02522201401076135,-0.03291858862298208
628647616,이탈위험(90일+),Q1_저가,0.0,-0.009940130321226433,0.023337590562532276
628926016,이탈위험(90일+),Q2,0.0,-0.012894843708726303,0.03401191422829672
629080064,관심필요(30~89일),Q2,0.0,0.014043812012561219,0.0023262155025056686
629180288,Active(<30일),Q1_저가,0.0,0.029899904112674847,0.03284696873088022
629226688,Active(<30일),Q4_고가,1.0,0.012321394836203314,0.0072575281776382505
629243392,이탈위험(90일+),Q1_저가,0.0,-0.01067339736865975,0.028872002844959027
629282368,Active(<30일),Q3,1.0,0.028670580172439286,0.02802409162617403
629367744,Active(<30일),Q1_저가,0.0,-0.002235900366002852,0.02472936354057842
629549632,Active(<30일),Q2,,0.017483306035613433,-0.01826420142015661
630225216,Active(<30일),Q3,,0.013290429382610602,-0.04538595291427072
630455360,관심필요(30~89일),Q1_저가,1.0,-0.025064069873944966,-0.01127124125854978
630494336,Active(<30일),Q1_저가,0.0,0.020616169293658615,0.005787670601072881
630503616,Active(<30일),Q1_저가,1.0,0.024242517030181876,0.05756272279354857
630559296,Active(<30일),Q2,1.0,0.017641595810797717,0.010326394025162888
630772736,관심필요(30~89일),Q3,0.0,0.00047915617000238164,-0.03461499200769913
630798720,Active(<30일),Q4_고가,0.0,0.010959715671929326,-0.011047656134171135
630839552,Active(<30일),Q4_고가,0.0,0.02521712617904004,0.019072179296300007
630850688,이탈위험(90일+),Q2,0.0,-0.024604440569544056,-0.0453343137849144
630943488,Active(<30일),Q3,1.0,0.04617561512566404,0.03967181696589328
631210752,이탈위험(90일+),Q4_고가,,-0.014098087312833026,0.013292292497319655
631260864,Active(<30일),Q2,0.0,0.01628908597046841,0.05484229780326799
631405632,이탈위험(90일+),Q2,0.0,-0.006983075466162392,-0.0033518090611212026
631620928,이탈위험(90일+),Q1_저가,,-0.011308172731261341,0.02909143178965208
631650624,이탈위험(90일+),Q4_고가,0.0,-0.03009645232426368,-0.01662863860427735
632090496,Active(<30일),Q2,0.0,0.01859513581031158,-0.05276114885898975
632359616,관심필요(30~89일),Q2,,0.0033619747575570624,0.0004184206281495073
632367040,Active(<30일),Q4_고가,0.0,0.04371034875492663,0.10065563631266838
632758656,관심필요(30~89일),Q1_저가,0.0,-0.024380753222574936,0.030718555148540716
632903424,Active(<30일),Q2,0.0,0.01653935653726657,0.002173508711110328
632940544,Active(<30일),Q1_저가,0.0,0.030596276540811818,0.0667813671923658
633241216,관심필요(30~89일),Q4_고가,,-0.0018579103802502106,0.01951306345472624
633501056,Active(<30일),Q4_고가,0.0,0.015759096478367762,-0.03870019235056443
633536320,Active(<30일),Q4_고가,0.0,0.010005773661131867,-0.0038360244363665474
633608704,관심필요(30~89일),Q3,,-0.016715807782538825,0.031558359711603395
633647680,이탈위험(90일+),Q1_저가,0.0,-0.014959627615172305,0.011617730526897685
633933504,Active(<30일),Q2,0.0,-0.010222701858730227,-0.00319577427480236
634453184,Active(<30일),Q4_고가,1.0,0.07520602741822968,0.036667234373097934
634685184,Active(<30일),Q2,0.0,-0.007169693134058297,0.06449983949735506
634714880,관심필요(30~89일),Q3,0.0,-0.027837811775791366,0.013860560361913965
635076800,Active(<30일),Q4_고가,0.0,0.01131211678461358,0.00013610113923095968
635182592,이탈위험(90일+),Q4_고가,0.0,-0.014331682482875217,0.020735482904666855
635212288,관심필요(30~89일),Q3,0.0,0.009334893976122305,0.15469184391941782
635332928,이탈위험(90일+),Q4_고가,0.0,-0.014115755168132085,0.035856882911315606
635488832,관심필요(30~89일),Q2,0.0,-0.01371686117923318,0.02890242277071224
635494400,이탈위험(90일+),Q1_저가,0.0,-0.010851875895336746,0.03523594625084231
635635456,Active(<30일),Q2,1.0,0.029903613205994772,-0.0033575952412773225
635659584,Active(<30일),Q4_고가,0.0,0.013154089533617741,-0.017406699157532235
635665152,이탈위험(90일+),Q1_저가,0.0,-0.012068670681257596,0.04349045714741758
635800640,이탈위험(90일+),Q2,0.0,-0.018746173673930167,0.011560786116632221
635902720,Active(<30일),Q2,,0.018635316139342883,0.10706918929527265
635952832,이탈위험(90일+),Q2,1.0,-0.012856936881102031,0.015849168688365126
636027072,관심필요(30~89일),Q4_고가,0.0,-0.011402251316892723,0.013493405841702263
636105024,이탈위험(90일+),Q1_저가,0.0,-0.010966604740306203,0.021089990276510068
636160704,Active(<30일),Q2,0.0,0.02843835506076131,-0.005865297185894569
636324032,Active(<30일),Q1_저가,,0.020062008364388012,0.058887614753632744
636396416,관심필요(30~89일),Q2,0.0,-0.03629763171520356,-0.056029718998417744
636398272,Active(<30일),Q2,,0.020259543334255392,0.07214400912905988
636411264,이탈위험(90일+),Q4_고가,0.0,-0.015456487785812885,0.03303269598859561
636416832,Active(<30일),Q2,0.0,0.015697035978850082,0.024183721746840692
636418688,관심필요(30~89일),Q3,0.0,-0.005691713126152992,-0.01751344867757873
636496640,이탈위험(90일+),Q1_저가,1.0,-0.01824373313272311,0.014483880813333572
636702656,Active(<30일),Q3,0.0,0.025569257287760938,0.07056015668514226
636788032,Active(<30일),Q2,0.0,0.023333007028392028,0.020452012876281844
636793600,관심필요(30~89일),Q1_저가,1.0,-0.009592889488004575,0.04641519053483979
636852992,관심필요(30~89일),Q1_저가,0.0,-0.0066706957429855385,0.044913275527502516
636962496,Active(<30일),Q2,0.0,0.022896562407252352,-0.010481406715797448
637051584,Active(<30일),Q1_저가,0.0,0.020175987769200432,0.05092241333233921
637090560,Active(<30일),Q2,0.0,0.04276564442702124,0.031161641767716464
637103552,Active(<30일),Q3,1.0,0.025853039724002325,0.06549071113182026
637443200,이탈위험(90일+),Q4_고가,1.0,-0.014544846231970714,0.0209006337736983
637584256,Active(<30일),Q2,0.0,0.020213386657904064,-0.09488069794439769
637840384,Active(<30일),Q4_고가,,0.015579406748724711,-0.01475075101871981
637883072,Active(<30일),Q4_고가,0.0,0.025707592405418977,0.05471436259110529
638050112,이탈위험(90일+),Q4_고가,,-0.01007976969121796,0.0137958403825416
638345216,이탈위험(90일+),Q1_저가,,-0.009392286445706818,0.029829617864577176
638432448,Active(<30일),Q1_저가,1.0,-0.0028976022648174726,0.07207449724524412
638475136,이탈위험(90일+),Q4_고가,,-0.02122712091651592,0.010795844183477038
638573504,관심필요(30~89일),Q4_고가,0.0,-0.027588172250464393,-0.0012920845547128579
638612480,Active(<30일),Q4_고가,0.0,0.061775594642066334,-0.009775121563688483
638801792,이탈위험(90일+),Q1_저가,0.0,-0.011865772155592903,0.023974462992219142
639020800,이탈위험(90일+),Q1_저가,0.0,-0.010322981807878918,0.030749789547982367
639109888,Active(<30일),Q3,0.0,0.015064254062716387,0.00266509540910842
639208256,관심필요(30~89일),Q4_고가,0.0,0.024384027601026134,0.04510952883692872
639243520,Active(<30일),Q1_저가,0.0,0.10084736790053153,-0.08505457374838588
639297344,이탈위험(90일+),Q1_저가,0.0,-0.017539708777661756,0.018053027441421968
639557184,이탈위험(90일+),Q4_고가,0.0,-0.007437081408456649,0.042458535552852186
639605440,이탈위험(90일+),Q3,1.0,-0.014219599602315725,-0.05298493757274414
639681536,이탈위험(90일+),Q2,0.0,-0.012257177643375798,0.02230552129744187
639726080,이탈위험(90일+),Q1_저가,0.0,-0.012000117987672206,0.04239021189454043
639817024,이탈위험(90일+),Q3,0.0,-0.01311690625705978,0.02207596043597128
639844864,이탈위험(90일+),Q1_저가,0.0,-0.011475606110637644,0.03257254926584903
640106560,관심필요(30~89일),Q4_고가,1.0,0.019443418050546377,0.04940356808881931
640594688,Active(<30일),Q1_저가,0.0,0.046924777475656154,-0.07094465581615189
640668928,Active(<30일),Q1_저가,0.0,0.02761636387297961,-0.020878635753191488
640848960,Active(<30일),Q2,0.0,0.013466967423068299,0.014975150396502879
640962176,이탈위험(90일+),Q2,0.0,-0.012398867557157231,0.035222503002020414
641043840,Active(<30일),Q3,0.0,0.026187247368838262,0.015564468995541092
641077248,이탈위험(90일+),Q2,0.0,-0.025121003544308323,-0.0004277290043508686
641212736,이탈위험(90일+),Q2,0.0,-0.012882594419784357,0.017249998311434867
641218304,Active(<30일),Q4_고가,0.0,0.013527700101670814,-0.01986925499030001
641223872,Active(<30일),Q4_고가,0.0,0.04794604688326343,-0.005920137528821479
641281408,이탈위험(90일+),Q2,0.0,-0.012611838760787877,0.053588676674016233
641390912,이탈위험(90일+),Q2,0.0,-0.012922564208614325,0.031293086667072256
641678592,이탈위험(90일+),Q4_고가,0.0,-0.014361558552972921,0.04045837429518381
641680448,Active(<30일),Q3,0.0,-0.008206860512614364,0.06597663498300912
641686016,관심필요(30~89일),Q2,1.0,-0.03144215275920004,-0.04508139810895001
641840064,Active(<30일),Q3,0.0,0.031096237303595564,0.048173593050419905
642213120,관심필요(30~89일),Q1_저가,0.0,-0.013303306913737656,0.015787391875396073
642322624,이탈위험(90일+),Q2,0.0,-0.012636379832715122,0.0071387539949618745
642489664,관심필요(30~89일),Q3,0.0,0.009744937645508656,0.0917018286601618
642790336,이탈위험(90일+),Q1_저가,0.0,-0.018700498528430837,0.012580055527317127
642974080,Active(<30일),Q2,0.0,0.012287209547351519,-0.033612315605354603
643078016,관심필요(30~89일),Q3,0.0,-0.011855908471251772,0.04255072615770025
643202368,Active(<30일),Q2,,0.09079798428206343,0.06972926207067731
643235776,Active(<30일),Q2,0.0,0.09296387159991892,0.010361659852492267
643297024,Active(<30일),Q3,0.0,-0.0012885035353491503,-0.00013075018244407266
643304448,관심필요(30~89일),Q4_고가,0.0,-0.000582991753801082,0.06457738587932699
643308160,이탈위험(90일+),Q3,1.0,-0.01375882032611185,0.038169874493505715
643387968,관심필요(30~89일),Q2,,-0.010599535843982127,0.05048004597520525
643408384,Active(<30일),Q3,0.0,0.04014821385065098,0.014060067391041986
643562432,이탈위험(90일+),Q1_저가,1.0,-0.010623365113955924,0.0396928375156127
643575424,관심필요(30~89일),Q4_고가,,-0.001503401341297922,-0.001366830865999702
643640384,이탈위험(90일+),Q1_저가,1.0,-0.017703924647760175,0.013676247704234937
644096960,이탈위험(90일+),Q1_저가,1.0,-0.003046382248370061,0.019315235833110678
644150784,Active(<30일),Q1_저가,1.0,0.08472076537996026,0.01520012062062237
644189760,Active(<30일),Q4_고가,0.0,0.02998834329647848,0.004214220863135831
644215744,Active(<30일),Q4_고가,,0.0844063213453628,0.03557317501502921
644468160,관심필요(30~89일),Q4_고가,0.0,0.00506606930966369,-0.02417158239581152
645065792,Active(<30일),Q4_고가,0.0,0.06278721550729294,0.0914281303585186
645173440,이탈위험(90일+),Q1_저가,0.0,-0.011134331089966643,0.018212599243405445
645188288,Active(<30일),Q3,1.0,0.022484349599531828,0.02753701640354489
645305216,관심필요(30~89일),Q1_저가,0.0,-0.027809180215400464,0.008671619258558472
645375744,관심필요(30~89일),Q3,0.0,-0.0012026669231308407,0.055259731153683544
645403584,이탈위험(90일+),Q3,0.0,-0.019038707685049033,0.018876943356934336
645743232,Active(<30일),Q2,,0.02370795244929169,0.01808088522004092
646019776,Active(<30일),Q4_고가,0.0,0.02001918012406745,0.00710775002966435
646081024,Active(<30일),Q3,0.0,0.010994999309605236,-0.12427546231284348
646305600,이탈위험(90일+),Q3,0.0,0.023383989590976567,0.013466936826016157
646337152,이탈위험(90일+),Q4_고가,0.0,-0.015128812446389715,0.019464304110328887
646543168,이탈위험(90일+),Q1_저가,1.0,-0.012427437173855325,0.02759156703546345
646634112,Active(<30일),Q2,,0.011858959739168784,0.0564359670734956
647281856,Active(<30일),Q2,,0.014424655948176324,0.001763118129411989
647348672,이탈위험(90일+),Q3,,-0.03862736231577646,0.01727515738907809
647562112,Active(<30일),Q1_저가,0.0,0.03386808055022639,-0.047506621258182835
647820096,Active(<30일),Q1_저가,0.0,0.025331117379334023,0.006333475229651331
647951872,Active(<30일),Q2,0.0,-0.0013182691674073627,0.06868472601875075
648042816,이탈위험(90일+),Q3,0.0,-0.012939474917757196,0.03501863677272002
648395456,Active(<30일),Q2,0.0,0.03532725939756187,0.06261813568979846
648456704,이탈위험(90일+),Q4_고가,0.0,0.01182340433442762,0.029585220515434565
648536512,이탈위험(90일+),Q3,0.0,-0.012784040576803268,0.024273180262241623
648820480,이탈위험(90일+),Q3,0.0,-0.011914785774278784,0.029411395807393964
648907712,Active(<30일),Q2,,0.050738377790972455,-0.0015733136683299676
649028352,관심필요(30~89일),Q3,0.0,-0.020848894225305975,-0.010719175416757598
649225088,Active(<30일),Q1_저가,1.0,0.019602055698414778,0.002454932432149781
649327168,Active(<30일),Q3,,0.043778282780508604,0.05803941989000838
649364288,Active(<30일),Q2,0.0,0.03358761123367204,-0.07780467114355372
649646400,Active(<30일),Q1_저가,1.0,0.018116086465821968,-0.014307943038750826
649807872,Active(<30일),Q4_고가,0.0,0.019633681630709665,0.040580275257228515
649999040,이탈위험(90일+),Q4_고가,0.0,-0.0160893716426712,0.038352353864415545
650080704,관심필요(30~89일),Q3,0.0,-0.012169012289319117,0.04883347343252299
650192064,Active(<30일),Q4_고가,0.0,-0.01988779056791251,-0.03382891636787955
650364672,관심필요(30~89일),Q1_저가,1.0,-0.007013822754047064,0.038590967570661716
650418496,Active(<30일),Q4_고가,0.0,0.026957619980650493,0.0076094542207704174
650663488,관심필요(30~89일),Q2,,-0.027475995884166632,-0.05220216201202707
650852800,Active(<30일),Q2,0.0,0.03780248489778132,0.02003059056374279
650958592,Active(<30일),Q3,0.0,-0.0011555593951991239,0.031714181828171095
651353920,이탈위험(90일+),Q3,0.0,-0.0037721544610514884,0.03989402416845883
651365056,이탈위험(90일+),Q1_저가,0.0,-0.010127390389834456,0.018677679295573457
651472704,이탈위험(90일+),Q1_저가,0.0,-0.007296538546060022,0.0001411097924993443
651541376,관심필요(30~89일),Q4_고가,0.0,0.004070718625625691,0.12635411485287174
651552512,Active(<30일),Q4_고가,0.0,0.021454116746306817,0.03139832955226218
651799360,이탈위험(90일+),Q1_저가,0.0,0.00032774852530761955,0.026984172711729815
651866176,Active(<30일),Q4_고가,0.0,0.012912744899995054,0.019325922852221233
651884736,Active(<30일),Q2,1.0,0.03038422749507852,0.025647701483935026
651975680,Active(<30일),Q1_저가,0.0,0.013963613914355077,-0.08689604152420011
652051776,Active(<30일),Q3,1.0,-0.014983716236856764,0.01934597712783831
652116736,이탈위험(90일+),Q1_저가,0.0,-0.008460250352491754,0.03359714184088865
652213248,Active(<30일),Q3,0.0,-0.01222469088912631,0.03130920240599855
653026176,이탈위험(90일+),Q1_저가,0.0,-0.011628781443422678,0.02108856177032592
653076288,이탈위험(90일+),Q1_저가,,-0.011162612104512505,0.032760899094409185
653306432,이탈위험(90일+),Q3,0.0,0.015344929440518698,0.04790452972812505
653310144,Active(<30일),Q1_저가,,0.03573102929332683,-0.05811967907343596
653443776,Active(<30일),Q3,0.0,0.040241480286610676,0.022523246534616237
653597824,Active(<30일),Q4_고가,1.0,-0.005206467272353299,0.04284595285829651
653636800,이탈위험(90일+),Q3,0.0,-0.01356103221323051,0.032163445602399976
653655360,이탈위험(90일+),Q3,,-0.01268607591007203,0.0353290540865808
653712896,이탈위험(90일+),Q2,,-0.012295775882665325,0.03216863062513067
653852096,Active(<30일),Q2,,0.02287730651747316,-0.003036827421716626
653896640,Active(<30일),Q2,0.0,0.04204430464412001,0.038225726538430926
654008000,관심필요(30~89일),Q2,0.0,-0.0018557114799264557,0.03761824522227901
654106368,관심필요(30~89일),Q3,0.0,-0.01746696457200171,0.037139225126909314
654219584,관심필요(30~89일),Q2,1.0,0.016646170136313643,0.09007533805274992
654282688,관심필요(30~89일),Q1_저가,1.0,-0.02162364576449785,0.018731128815919013
654316096,이탈위험(90일+),Q4_고가,0.0,-0.01184842380456358,-0.022688751712100275
654562944,이탈위험(90일+),Q3,0.0,-0.012380669617968326,0.02450395042107438
654568512,Active(<30일),Q1_저가,0.0,6.258099527045591e-05,-0.05100670667222812
654663168,Active(<30일),Q4_고가,0.0,0.013797665910553869,0.05075974555033447
654759680,Active(<30일),Q1_저가,0.0,0.02271057289420031,-0.07317189521820999
654809792,Active(<30일),Q3,0.0,0.02627566209892751,0.01851111086358359
654906304,Active(<30일),Q1_저가,,0.050978045088236223,-0.044436333268511596
655123456,관심필요(30~89일),Q2,0.0,-0.023047228644060558,-0.0645967675120604
655364736,Active(<30일),Q1_저가,0.0,0.03025504318070671,-0.016254268470056954
655489088,Active(<30일),Q1_저가,,0.05530305175883432,-0.014898561673926669
655659840,Active(<30일),Q4_고가,0.0,0.013725033948552068,-0.04624567959987935
655730368,Active(<30일),Q4_고가,,0.015198297662748272,0.07733714074432063
655938240,Active(<30일),Q2,0.0,0.012419852371516105,-0.0031742505444891655
655973504,관심필요(30~89일),Q2,1.0,-0.023197167714815364,-0.0005472493643774168
656077440,Active(<30일),Q2,0.0,0.02438122053409586,0.02074144863553673
656404096,관심필요(30~89일),Q2,,0.009697806141341303,0.014956483573931645
656491328,Active(<30일),Q1_저가,0.0,0.053119543194600216,0.019177129036128004
656572992,이탈위험(90일+),Q1_저가,1.0,-0.011952464955605688,0.037360866418274526
656632384,Active(<30일),Q1_저가,1.0,0.05096923003711418,-0.06791746599005566
656673216,Active(<30일),Q4_고가,,0.011673251960255149,-0.04379412428552032
656819840,Active(<30일),Q3,0.0,0.02516815371916159,0.0175670434007813
656933056,Active(<30일),Q4_고가,1.0,0.03679819973822329,0.0970523087157571
656936768,Active(<30일),Q3,0.0,0.025769240895197443,-0.08787577177095512
657163200,Active(<30일),Q2,0.0,0.04181275343792268,0.06362642097503357
657319104,이탈위험(90일+),Q1_저가,1.0,-0.014496630875533545,0.005177237108666258
657365504,Active(<30일),Q4_고가,1.0,0.020981897451807008,-0.008870040745791674
657367360,Active(<30일),Q2,0.0,0.03473228975029008,0.019677311380895568
657506560,Active(<30일),Q2,0.0,0.015620053867153705,-0.046188269141734684
657580800,이탈위험(90일+),Q1_저가,0.0,-0.00980307261927297,0.03069945378406081
657617920,관심필요(30~89일),Q4_고가,0.0,-0.011513799652149936,0.028278366325406576
657703296,Active(<30일),Q2,,0.017130759013767594,0.025353345293748886
657720000,Active(<30일),Q2,0.0,0.01829534031292479,0.007811201292708847
657812800,이탈위험(90일+),Q2,0.0,-0.0115630940611968,0.03812553935609822
658100480,관심필요(30~89일),Q4_고가,0.0,-0.026660534160427518,-0.03784016469166074
658276800,관심필요(30~89일),Q4_고가,1.0,-0.00419172147084404,0.02134691375368769
658377024,이탈위험(90일+),Q2,0.0,-0.013197900570687732,-0.014264526314574366
658390016,Active(<30일),Q4_고가,0.0,0.01473570944445235,0.022002018491147468
658497664,이탈위험(90일+),Q1_저가,0.0,-0.014985365231131004,0.005075780291169771
658518080,Active(<30일),Q2,0.0,0.0446581147911318,-0.02889637791841934
658534784,Active(<30일),Q3,0.0,0.013241750555214926,-0.030239689666282876
658596032,Active(<30일),Q3,0.0,0.009506288136433727,-0.03534250463020361
658978368,이탈위험(90일+),Q1_저가,1.0,-0.0444884343294954,-0.050381978115970005
658982080,이탈위험(90일+),Q4_고가,0.0,-0.007576625292525348,0.040019534728516576
659106432,Active(<30일),Q2,,0.025628283716449984,0.06696673616332027
659236352,Active(<30일),Q1_저가,0.0,0.03123408455967691,-0.02427255983089871
659446080,관심필요(30~89일),Q4_고가,1.0,-0.010171848977705455,-0.013289463141595959
659570432,Active(<30일),Q2,0.0,0.0014848268643922191,-0.029798925936302623
659587136,관심필요(30~89일),Q4_고가,0.0,-0.02544577675207274,0.013027568190866479
659793152,Active(<30일),Q4_고가,0.0,0.046719090182772094,0.005043186631218388
659854400,Active(<30일),Q1_저가,1.0,0.013912259182979225,-0.06852335797832698
659988032,Active(<30일),Q3,0.0,0.018215704827124313,0.03905140759999093
660047424,이탈위험(90일+),Q1_저가,0.0,0.014194731556979201,0.05309707642250005
660054848,이탈위험(90일+),Q3,0.0,-0.013402634716016167,0.03208523052836297
660136512,Active(<30일),Q2,0.0,0.01938795493951373,0.024309654014988524
660351808,관심필요(30~89일),Q3,0.0,-0.012327941896238315,0.04497043496561462
660416768,관심필요(30~89일),Q4_고가,0.0,0.008771894705718042,0.03687544564310952
660541120,Active(<30일),Q1_저가,0.0,0.032419068606583945,0.013988981780205467
660886336,관심필요(30~89일),Q4_고가,,0.009351139246024098,-0.04821674998813208
661058944,관심필요(30~89일),Q1_저가,0.0,-0.004331249907256779,0.05295023324355305
661103488,Active(<30일),Q1_저가,,-0.010931897020056092,0.015988440628547096
661157312,관심필요(30~89일),Q2,1.0,-0.023816566027190123,-0.007366301120621865
661281664,관심필요(30~89일),Q1_저가,0.0,-0.008105862791681906,0.05445689091146222
661303936,관심필요(30~89일),Q4_고가,0.0,-0.003788700652923138,0.1673998924480909
661933120,관심필요(30~89일),Q3,1.0,0.007118414585194577,-0.06458250298215401
661951680,이탈위험(90일+),Q2,0.0,-0.012954000971818813,0.021190371388835533
662022208,관심필요(30~89일),Q3,1.0,-0.00958948300416225,0.044300398467152294
662059328,이탈위험(90일+),Q1_저가,,-0.010268109204217758,0.02739427305785684
662150272,Active(<30일),Q4_고가,0.0,0.021278792183041073,0.03906758981254954
662161408,Active(<30일),Q2,0.0,-0.01270609200854289,-0.005825859048431581
662224512,Active(<30일),Q2,0.0,0.07278686916066757,0.001983123999404701
662486208,이탈위험(90일+),Q1_저가,0.0,-0.003346296096547463,-0.0025540107567467996
662617984,관심필요(30~89일),Q4_고가,,-0.02732059536892978,0.04756837334516645
662627264,관심필요(30~89일),Q4_고가,0.0,-0.004738056581935379,-0.008761373938818567
662855552,관심필요(30~89일),Q3,1.0,0.11052784927261361,0.07112612621909087
663015168,Active(<30일),Q4_고가,0.0,0.011615367062161208,0.020146773853477185
663044864,관심필요(30~89일),Q3,0.0,-0.011200976515916547,0.044649290512706025
663137664,이탈위험(90일+),Q4_고가,0.0,-0.01517469443261174,0.0120307389262473
663304704,이탈위험(90일+),Q4_고가,0.0,-0.02391219179584496,0.02686690345059095
663351104,Active(<30일),Q3,0.0,-0.007720217009901137,0.015898704471592667
663434624,Active(<30일),Q2,0.0,0.04767322644468708,-0.010115832869896535
663551552,관심필요(30~89일),Q2,,-0.007484674514893805,0.04590097393021572
663627648,Active(<30일),Q3,,0.005856080853201662,0.0019466259726349522
663685184,Active(<30일),Q2,0.0,0.009881214072233191,-0.04228554653778405
663824384,Active(<30일),Q3,,0.03290870180388117,0.05515322519796528
663835520,Active(<30일),Q4_고가,0.0,0.06945074233402126,-0.02609783856529585
663891200,Active(<30일),Q3,1.0,0.04122364516877097,-0.05555140905361633
664035968,Active(<30일),Q2,0.0,0.03373759504126228,-0.024845771333289024
664178880,Active(<30일),Q3,0.0,0.04132077917133814,-0.06406560646985382
664305088,이탈위험(90일+),Q2,1.0,-0.012315532237087604,0.026836751157802416
664329216,관심필요(30~89일),Q2,0.0,-0.011133527737174534,0.03777900444187718
664566784,관심필요(30~89일),Q4_고가,0.0,-0.030110058032664505,-0.018905410594236366
664813632,이탈위험(90일+),Q1_저가,0.0,-0.012268711561825005,0.01786836202877376
664906432,Active(<30일),Q4_고가,,0.011450493765724046,0.06687624276954252
664965824,이탈위험(90일+),Q4_고가,1.0,-0.014700347695227031,0.027745604029413534
665491072,관심필요(30~89일),Q3,,-0.01951109795495881,0.0054501244504723545
665737920,Active(<30일),Q2,0.0,0.02181830230798243,0.009498106726996691
665799168,Active(<30일),Q3,0.0,0.06499158127327315,-0.062227265129466414
665934656,이탈위험(90일+),Q3,0.0,-0.003200760094763111,0.046758353671007974
666046016,관심필요(30~89일),Q4_고가,0.0,-0.010944199227182927,0.038768080331825674
666086848,관심필요(30~89일),Q1_저가,0.0,0.008999319175423293,0.002768778089477786
666357824,Active(<30일),Q4_고가,0.0,-0.013822356102549338,0.033796464635888035
666762432,이탈위험(90일+),Q2,,-0.009287199232003468,-0.006827810071459106
666825536,Active(<30일),Q4_고가,1.0,0.042187716769636174,0.03989704097033164
666940608,Active(<30일),Q2,0.0,0.025321326700025515,-0.009348688624836732
667074240,이탈위험(90일+),Q1_저가,0.0,-0.011430037114909197,0.026831528273785724
667206016,이탈위험(90일+),Q4_고가,0.0,-0.029727935162571065,-0.0017555970356465944
667311808,Active(<30일),Q3,1.0,0.020001915367845124,0.016581667959473467
667566080,Active(<30일),Q4_고가,,0.01731419954066893,-0.03172409887571337
667605056,Active(<30일),Q2,0.0,0.020584133703400842,-0.013712352849694631
667696000,Active(<30일),Q2,0.0,0.016866130010308955,0.00467263882237362
667989248,이탈위험(90일+),Q3,0.0,-0.013814902220413573,0.03870623912545984
668078336,Active(<30일),Q2,0.0,0.031090436138946576,-0.08423745267665561
668135872,Active(<30일),Q1_저가,0.0,0.03262815698715382,-0.026444681590554964
668237952,관심필요(30~89일),Q2,,-0.002520597560142057,-0.026503667778318418
668315904,Active(<30일),Q1_저가,1.0,-0.000803548574404539,0.06161299270136805
668327040,관심필요(30~89일),Q2,0.0,0.016194491293043067,0.05351724280945147
668377152,이탈위험(90일+),Q3,0.0,-0.006789457982869056,0.019917710901371524
668481088,관심필요(30~89일),Q1_저가,0.0,-0.006796252033668862,0.04510902894263043
668863424,관심필요(30~89일),Q1_저가,1.0,-0.009363408165042927,0.04525400566706256
669054592,이탈위험(90일+),Q1_저가,,-0.02409854308859581,-0.007888794579296782
669095424,이탈위험(90일+),Q2,0.0,-0.012677816580511508,0.04243141756713695
669158528,Active(<30일),Q2,0.0,0.023260094926547237,-0.031094913597508267
669206784,이탈위험(90일+),Q3,0.0,-0.012702212140627583,0.042927600675549335
669227200,Active(<30일),Q3,,0.015896213927004132,0.06323684812634234
669294016,관심필요(30~89일),Q1_저가,0.0,-0.02022259861781911,0.008452367541597783
669340416,이탈위험(90일+),Q2,0.0,-0.013586967089644159,-0.027796400361967843
669362688,Active(<30일),Q3,1.0,0.020475678732362668,0.030868023338699424
669401664,이탈위험(90일+),Q3,0.0,-0.030787978576804265,-0.0540803931566117
669531584,이탈위험(90일+),Q3,0.0,-0.012574849752827542,0.016252547068940124
669609536,이탈위험(90일+),Q1_저가,0.0,-0.008405758362357747,0.023663034295470745
669631808,관심필요(30~89일),Q1_저가,0.0,-0.0106296428291969,0.026157359981285683
669685632,이탈위험(90일+),Q4_고가,0.0,0.014665605571734644,0.041339296714212895
669975168,이탈위험(90일+),Q4_고가,,-0.011217047134873134,0.0333655169714315
670350080,이탈위험(90일+),Q4_고가,,-0.014368551335495292,0.02101168761179771
670355648,Active(<30일),Q3,1.0,0.014326708603970673,-0.0009297841194051415
670420608,이탈위험(90일+),Q4_고가,0.0,-0.014853516231727995,0.019803699589244134
670539392,Active(<30일),Q4_고가,0.0,0.015304326227681186,-0.003611335063641641
670548672,Active(<30일),Q1_저가,0.0,0.013887539367925306,-0.03664716098585785
670730560,Active(<30일),Q3,0.0,0.019884987541117505,0.06733245537958452
670758400,Active(<30일),Q3,1.0,0.021478666239590383,-0.06706436134828342
670762112,관심필요(30~89일),Q2,0.0,-0.010703796377933436,0.04030778156854126
670771392,이탈위험(90일+),Q4_고가,0.0,-0.014608434026970665,0.025103738368377454
671025664,Active(<30일),Q3,1.0,0.015787411353360814,-0.01102469340130452
671174144,Active(<30일),Q2,0.0,0.0239139310512273,0.022886338812391438
671925824,Active(<30일),Q1_저가,0.0,-0.01302821492034767,-0.007677614791332971
671985216,이탈위험(90일+),Q4_고가,1.0,-0.02311836415786324,0.04169170879931547
672490048,관심필요(30~89일),Q3,0.0,0.005759358919236263,0.004030900120957637
672666368,Active(<30일),Q3,0.0,0.06602430812011761,0.017925756148835403
672729472,Active(<30일),Q1_저가,0.0,0.03606664115584224,0.06349581509644386
672811136,관심필요(30~89일),Q3,0.0,-0.027989763657804617,-0.019537914710701043
672877952,관심필요(30~89일),Q3,0.0,-0.01857281866634035,-0.0016874427327257663
673098816,Active(<30일),Q3,0.0,-0.0013627739385845272,-0.08868805325823736
673161920,Active(<30일),Q4_고가,,0.011376846728040402,-0.027223038292437773
673282560,Active(<30일),Q4_고가,0.0,0.02648294505488291,0.012511715830039405
673293696,Active(<30일),Q2,0.0,0.031123940055655552,-0.05327839425565428
673494144,Active(<30일),Q2,,0.0003304403360058217,-0.024917176571345234
673577664,이탈위험(90일+),Q1_저가,0.0,-0.03343052788871129,0.015085246314716472
673726144,Active(<30일),Q4_고가,0.0,0.015648340384448955,-0.01481353544562869
673739136,이탈위험(90일+),Q3,1.0,-0.013880898336644937,0.016725941246141504
673770688,Active(<30일),Q3,0.0,0.02087309329769238,0.04635588918231626
673796672,Active(<30일),Q3,1.0,0.01398993693099082,0.006738124747857288
673882048,이탈위험(90일+),Q3,0.0,-0.013601341222630833,0.036434474279255696
673922880,이탈위험(90일+),Q2,0.0,-0.01243860581425349,0.0159294726114399
673984128,Active(<30일),Q4_고가,0.0,0.02231024661027492,-0.007617996276308547
674034240,Active(<30일),Q4_고가,,0.014632396729584496,0.0033584197412442895
674099200,Active(<30일),Q3,1.0,0.0182655958358362,0.013285664810224862
674260672,Active(<30일),Q3,,0.07921436742200372,0.03633069495704078
674346048,Active(<30일),Q3,0.0,0.0003478896633427597,-0.07355212113707521
674403584,이탈위험(90일+),Q1_저가,0.0,-0.0053009081139710965,0.05498424139704593
674537216,이탈위험(90일+),Q4_고가,0.0,-0.012403356734748627,0.026457280228630115
674631872,Active(<30일),Q3,,0.02661603960866943,-0.0863853103938963
674737664,이탈위험(90일+),Q3,0.0,-0.007081736173347619,0.046173334865370716
674875008,Active(<30일),Q3,0.0,0.018596907520415207,0.0395214053453945
674888000,Active(<30일),Q2,0.0,0.01865337243742482,0.023956492073962443
675248064,Active(<30일),Q4_고가,0.0,0.011276273471119591,0.011943760106110646
675322304,Active(<30일),Q1_저가,0.0,0.016755600065649023,-0.007710556412445002
675402112,관심필요(30~89일),Q2,,-0.025320196368229214,-0.016840186317845673
675854976,이탈위험(90일+),Q4_고가,0.0,-0.037113201198782975,0.02917629082018533
676111104,이탈위험(90일+),Q4_고가,0.0,-0.015953624860272082,0.031140198625906654
676242880,Active(<30일),Q4_고가,1.0,0.02031452455666871,-0.004252286311208442
676289280,관심필요(30~89일),Q1_저가,0.0,-0.009132099767250393,0.054434154908828
676382080,관심필요(30~89일),Q4_고가,0.0,-0.0021669822471107603,0.08421739953241048
676541696,이탈위험(90일+),Q2,1.0,-0.003216547270757708,0.02338324409311915
676606656,이탈위험(90일+),Q4_고가,0.0,-0.013602090218325848,0.016152429442770594
676617792,관심필요(30~89일),Q1_저가,1.0,-0.009473722046835137,0.03370689840746101
676825664,Active(<30일),Q3,0.0,0.02828730665565582,0.03621898683017699
676840512,관심필요(30~89일),Q3,0.0,-0.02724104518511375,-0.00042707307556544283
676877632,Active(<30일),Q3,0.0,0.025680184622310476,0.07084623803987689
676924032,이탈위험(90일+),Q1_저가,0.0,-0.011754460982909394,0.03643015040467231
677180160,이탈위험(90일+),Q3,0.0,-0.012885495356046703,0.033680435499135325
677189440,Active(<30일),Q4_고가,,0.027771921626207674,0.05611870087691018
677217280,이탈위험(90일+),Q3,1.0,-0.010683614680935427,-0.022008109553503935
677473408,이탈위험(90일+),Q2,1.0,-0.011582543431094904,0.0125615456055405
677582912,Active(<30일),Q3,0.0,0.016244540474586122,0.048540001546021894
677590336,이탈위험(90일+),Q2,,-0.01910925888924582,0.028337180627981573
677614464,이탈위험(90일+),Q2,0.0,-0.003952232074026424,0.026203614635686448
677664576,Active(<30일),Q2,0.0,0.04560500638354548,0.021586442185429544
677785216,Active(<30일),Q3,,0.031422258775388734,-0.008286783140253107
677846464,이탈위험(90일+),Q4_고가,0.0,-0.014218305800012744,0.037649188072380185
677913280,Active(<30일),Q2,0.0,-0.005286182445483623,-0.03125409931759743
677928128,Active(<30일),Q3,0.0,0.03102078169863387,-0.07629148657185375
677991232,이탈위험(90일+),Q4_고가,0.0,-0.007013174921526352,0.019828642946148528
678182400,관심필요(30~89일),Q4_고가,0.0,-0.014694389915796302,0.06287888840042355
678230656,Active(<30일),Q3,0.0,0.049459651184679654,-0.06242872164941082
678418112,이탈위험(90일+),Q1_저가,0.0,-0.008466525105332662,0.0071771888076588575
678466368,Active(<30일),Q2,0.0,0.022635254273931316,0.056744292389313444
678488640,Active(<30일),Q1_저가,,0.022497932559809364,-0.02693099438751667
678733632,Active(<30일),Q2,0.0,0.014865767643856054,0.00180165227151996
678807872,Active(<30일),Q3,0.0,0.006563436065723294,-0.056070156243612224
678961920,Active(<30일),Q3,0.0,0.027026508960676154,0.05096586022303218
679249600,이탈위험(90일+),Q4_고가,0.0,-0.021216270684060484,-0.0019706770230453197
679255168,관심필요(30~89일),Q2,,-0.025158548542370762,-0.022730320548157823
679392512,관심필요(30~89일),Q1_저가,0.0,-0.002711335043244806,0.029298221448026643
679780416,Active(<30일),Q2,1.0,0.0267174713188979,0.07840649249710818
679791552,Active(<30일),Q1_저가,0.0,0.05469943130406907,0.02608639658108325
679800832,Active(<30일),Q1_저가,0.0,-0.005990175095503536,-0.03984424110862533
679871360,이탈위험(90일+),Q4_고가,0.0,-0.019916362110806482,0.007711675025215803
679921472,Active(<30일),Q3,0.0,0.020764213724502822,0.028523221289221967
680036544,Active(<30일),Q2,1.0,0.02587539812318629,0.009160043178123467
680043968,이탈위험(90일+),Q2,,-0.012992185222303311,0.035960318206366935
680162752,Active(<30일),Q4_고가,0.0,0.017793796537322937,0.03895337377163599
680300096,관심필요(30~89일),Q4_고가,,-0.023834739678004813,0.025242230343022448
680305664,이탈위험(90일+),Q1_저가,1.0,-0.02492704519749124,-0.006823269661370146
680366912,Active(<30일),Q4_고가,0.0,0.014009535313429522,0.032596482593025056
680383616,Active(<30일),Q2,0.0,0.01554937500438347,0.004675870849399355
680830912,관심필요(30~89일),Q3,,-0.010955213806471728,0.05582483925587427
680920000,Active(<30일),Q3,0.0,0.007067814682265583,-0.044287635263087655
681096320,관심필요(30~89일),Q4_고가,0.0,-0.010852536281185696,0.030141012118331117
681129728,Active(<30일),Q2,,0.04369150925198395,-0.030849804728517394
681734784,Active(<30일),Q3,0.0,-0.003771087091213987,-0.0170699187234839
681781184,Active(<30일),Q1_저가,0.0,-0.012185923324013803,-0.004238533221147006
681870272,이탈위험(90일+),Q1_저가,0.0,-0.016413380461507726,-0.007465558454744503
681931520,Active(<30일),Q3,1.0,0.03887793488006103,0.06527693994096606
681935232,Active(<30일),Q2,0.0,0.03112123527585231,-0.006165884606756489
681989056,관심필요(30~89일),Q3,0.0,-0.001275429966021202,-0.009777450617556027
682009472,Active(<30일),Q3,,0.021555280537001176,0.06581791880653254
682035456,Active(<30일),Q2,0.0,0.018651264580339277,-0.03677646834194048
682122688,Active(<30일),Q3,0.0,0.05176508880813402,0.08573201247626738
682701760,관심필요(30~89일),Q3,0.0,-0.011747856623668645,0.03633371412784135
682761152,관심필요(30~89일),Q3,0.0,0.017233073700785764,0.05640684542472987
682840960,관심필요(30~89일),Q2,0.0,0.011719976677032728,-0.0657808644936026
682878080,이탈위험(90일+),Q1_저가,0.0,-0.04013992622242599,-0.025501086551050628
682935616,관심필요(30~89일),Q3,0.0,-0.033617406965941066,-0.03321275284665465
683137920,이탈위험(90일+),Q2,0.0,-0.011603645220810768,0.019147293357629783
683141632,관심필요(30~89일),Q3,0.0,-0.011800899185015437,0.0541761315860471
683262272,Active(<30일),Q3,0.0,0.05025400562242388,0.0045808509912294015
683408896,Active(<30일),Q2,1.0,0.0037118334020979082,-0.023990699825413686
683427456,관심필요(30~89일),Q2,0.0,-0.010912951339377724,0.0378232556619964
683505408,이탈위험(90일+),Q3,0.0,-0.006686654039869011,0.19538095473359218
683587072,이탈위험(90일+),Q2,,-0.025814216675489596,0.0021290210367889695
683618624,Active(<30일),Q3,0.0,0.046759408670032476,-0.07014058636058829
683648320,관심필요(30~89일),Q4_고가,0.0,0.0009259019780648858,0.004988186000312533
683832064,Active(<30일),Q1_저가,0.0,-0.005420958340251553,0.04911473406138733
684127168,Active(<30일),Q2,0.0,-0.004643864994879315,0.0034702556744743984
684151296,Active(<30일),Q3,0.0,0.014471995693400741,-0.009351948516425623
684201408,이탈위험(90일+),Q3,1.0,-0.009505438334734384,-0.044950203503283076
684448256,관심필요(30~89일),Q2,0.0,-0.0004593573829410891,-0.02795451542536692
684791616,Active(<30일),Q4_고가,0.0,0.0024993142947790925,0.01510858576216545
684914112,관심필요(30~89일),Q3,0.0,0.10976741983463811,0.017731965916695458
684930816,이탈위험(90일+),Q1_저가,1.0,-0.029348345382514518,-0.002919527941374095
685257472,Active(<30일),Q4_고가,0.0,-0.020869953565569976,-0.020318576079560613
685279744,Active(<30일),Q2,1.0,0.023600205949595665,0.011522243099704399
685281600,Active(<30일),Q1_저가,,0.01685045552398934,0.04566161745332212
685287168,이탈위험(90일+),Q3,1.0,-0.013860848012456801,0.026838507924567018
685328000,Active(<30일),Q2,0.0,0.02220900879474058,-0.052619606797804974
685435648,관심필요(30~89일),Q1_저가,0.0,-0.013901831687752358,0.03217363907528922
685537728,이탈위험(90일+),Q4_고가,0.0,-0.02738946318213785,-0.022674099696201155
685665792,Active(<30일),Q2,,0.008589513977235175,-0.03194606868894101
685758592,관심필요(30~89일),Q4_고가,0.0,0.01102983928938367,-0.07118746102503531
685786432,관심필요(30~89일),Q2,0.0,0.07799896166550213,-0.06596478319316013
685862528,Active(<30일),Q2,0.0,0.04108037780509943,-0.0884199138086117
685999872,이탈위험(90일+),Q3,0.0,-0.019742583881669926,0.024866094788690188
686150208,Active(<30일),Q4_고가,0.0,0.012417808064135505,0.025909688438457756
686235584,Active(<30일),Q2,0.0,0.02233619683249599,0.004271145689265565
686289408,Active(<30일),Q4_고가,1.0,-0.006643142967246898,0.05273283827137534
686417472,이탈위험(90일+),Q1_저가,,-0.012164449523812015,0.03916802674764604
686647616,Active(<30일),Q2,0.0,0.054403616520119824,0.018400469917247586
686664320,관심필요(30~89일),Q2,0.0,0.0044818025211287305,-0.016317590780286106
686675456,이탈위험(90일+),Q1_저가,1.0,-0.00786441642760985,0.019692867542604034
686699584,Active(<30일),Q3,1.0,0.012155855795360493,0.020252065010090692
686831360,Active(<30일),Q3,0.0,0.028572182379351774,0.005312133687179532
686849920,이탈위험(90일+),Q3,0.0,-0.04170195450766023,0.0026249051722647687
686914880,이탈위험(90일+),Q3,,-0.019867912827305184,0.024055619314795176
686924160,관심필요(30~89일),Q1_저가,,-0.0063962474981620054,0.05302237667537363
686926016,Active(<30일),Q2,0.0,0.027922386623840723,0.006248474021457895
686955712,관심필요(30~89일),Q4_고가,0.0,0.11031001745794039,-0.004921803895883592
687041088,Active(<30일),Q2,0.0,0.026132242622342372,0.0082190622641235
687196992,관심필요(30~89일),Q2,0.0,0.009889707820204707,0.15722965466611188
687317632,이탈위험(90일+),Q2,0.0,-0.013194583926727593,0.024625672822899
687404864,Active(<30일),Q1_저가,0.0,0.02486281325324441,0.00969366377729769
687640576,이탈위험(90일+),Q2,1.0,-0.007266194027279738,-0.00957446132776718
688080448,이탈위험(90일+),Q2,0.0,-0.012733184235548874,0.01773772953414124
688147264,관심필요(30~89일),Q2,0.0,-0.010301253558054585,0.06355788891195527
688202944,관심필요(30~89일),Q4_고가,0.0,0.0034824870058428326,-0.019852884290221973
688258624,관심필요(30~89일),Q4_고가,0.0,-0.025417302055728702,-0.03147987359311649
688327296,관심필요(30~89일),Q1_저가,0.0,0.005012824894406798,0.017007402763263346
688464640,Active(<30일),Q1_저가,,-0.01450853786379902,-0.018347989736826997
688525888,Active(<30일),Q3,0.0,-0.0007522469733007298,0.037683535849828254
688576000,관심필요(30~89일),Q3,0.0,0.012723090742661591,-0.10578633045507924
688722624,Active(<30일),Q3,,0.004721804697909421,0.06864644051963495
688869248,이탈위험(90일+),Q3,0.0,0.012844385495224667,0.04941194114389119
688900800,이탈위험(90일+),Q1_저가,0.0,-0.011857396185289616,0.029342621063640148
688989888,Active(<30일),Q2,1.0,-0.0015781473665348322,-0.14192042978400798
688991744,이탈위험(90일+),Q1_저가,,0.010321282536912488,0.05991521502898668
689093824,Active(<30일),Q3,0.0,0.006649019631007502,-0.028665407054579206
689234880,이탈위험(90일+),Q3,0.0,-0.0332336176093708,-0.04818300860057442
689238592,Active(<30일),Q4_고가,0.0,0.011038489224455938,0.053327808569024526
689342528,이탈위험(90일+),Q1_저가,0.0,-0.0122545193840716,0.03716651634907761
689374080,Active(<30일),Q1_저가,0.0,0.037557688640977305,-0.021244581826909914
689541120,Active(<30일),Q2,,0.045358348427833706,0.01672715202601044
689650624,이탈위험(90일+),Q2,0.0,-0.018370278614411734,0.011702639263664466
689693312,관심필요(30~89일),Q4_고가,0.0,-0.0016443699052096084,-0.013366652604858142
689748992,Active(<30일),Q3,,0.05657695261391271,0.10356028098424053
689767552,Active(<30일),Q4_고가,1.0,0.07093316367148006,0.010892962956648877
689780544,Active(<30일),Q2,0.0,0.03525472053963952,-0.05002420146762199
689821376,Active(<30일),Q1_저가,0.0,0.033976184285072875,0.03796866858673997
689923456,이탈위험(90일+),Q2,0.0,-0.026213748115288538,-0.005168626783824931
689979136,이탈위험(90일+),Q2,0.0,-0.018524595513800285,0.02205340389880686
690040384,Active(<30일),Q1_저가,0.0,-0.0020822588134763453,-0.029911586230922493
690109056,이탈위험(90일+),Q4_고가,,-0.013941940192897503,0.03733575728804889
690407872,이탈위험(90일+),Q4_고가,,-0.021031640243204655,0.0162117579702854
690417152,Active(<30일),Q1_저가,0.0,0.05270444168097349,0.054453829567452094
690526656,Active(<30일),Q2,0.0,0.034288084501457816,-0.06380053314838596
690606464,Active(<30일),Q1_저가,,0.031863576553210926,-0.0754834375154364
690715968,관심필요(30~89일),Q2,,0.014246259192272903,-0.01904967065221319
690907136,Active(<30일),Q3,,-0.014460881165264422,0.027327648110326647
691126144,Active(<30일),Q4_고가,0.0,-0.019920562130965047,0.0029911743528852064
691612416,Active(<30일),Q3,0.0,0.014261254260411027,-0.004815830922056508
691866688,이탈위험(90일+),Q2,1.0,-0.012532073585360522,0.037345508947143446
692339968,Active(<30일),Q3,0.0,-0.020662457653561894,-0.05797606913790959
692354816,이탈위험(90일+),Q4_고가,0.0,-0.04976010955523785,0.03581263150195335
692451328,이탈위험(90일+),Q4_고가,0.0,-0.02260137583678845,0.027217681751523615
692566400,이탈위험(90일+),Q4_고가,0.0,-0.018207263958635922,0.1622735750770979
692583104,관심필요(30~89일),Q1_저가,,-0.016282410607946607,-0.07346316909880807
692612800,Active(<30일),Q3,0.0,0.018733108470280424,-0.09461106634751626
692625792,Active(<30일),Q1_저가,0.0,0.02497243622393952,-0.04110229132601473
692672192,Active(<30일),Q3,0.0,0.023318708853601433,-0.004211170972887035
692720448,Active(<30일),Q1_저가,,0.010142594258115145,-0.13715995611040488
692739008,Active(<30일),Q4_고가,0.0,0.015727291279511224,-0.013227975112816037
692809536,이탈위험(90일+),Q4_고가,,-0.014485521883462936,-0.009232256730466501
692883776,Active(<30일),Q4_고가,1.0,0.022510915496074202,0.009894518743039593
692904192,이탈위험(90일+),Q4_고가,1.0,-0.014148965044115697,0.027415500107073276
692948736,Active(<30일),Q4_고가,,0.023838150668356817,0.018351927023952497
693121344,관심필요(30~89일),Q2,0.0,-0.021885686856206926,-0.016013234068828902
693145472,Active(<30일),Q4_고가,0.0,0.02722436800862471,0.07346255050503248
693481408,관심필요(30~89일),Q4_고가,0.0,0.004748922017879936,0.06207022043933649
693553792,이탈위험(90일+),Q4_고가,0.0,-0.01365143817302699,0.03041986183464146
693692992,이탈위험(90일+),Q3,0.0,-0.011049493397724167,0.03461705867706161
693800640,이탈위험(90일+),Q1_저가,0.0,-0.011018394221954553,0.02573500732443469
694090176,관심필요(30~89일),Q3,0.0,0.004651784459158537,-0.04814506953412531
694131008,관심필요(30~89일),Q1_저가,,-0.0067914873947737125,0.044844677279457096
694216384,이탈위험(90일+),Q3,0.0,-0.045951223203069824,-0.010129905308063458
694554176,Active(<30일),Q3,0.0,0.032710625079042654,0.05986489564255881
694968064,이탈위험(90일+),Q4_고가,0.0,-0.010433560387288682,0.019276962434482098
694982912,Active(<30일),Q1_저가,0.0,0.022535349943195948,0.009390583113082829
695036736,관심필요(30~89일),Q2,0.0,-0.010969331978436359,0.04735301610902415
695053440,Active(<30일),Q4_고가,0.0,0.01804623845513109,-0.0442349277821501
695148096,이탈위험(90일+),Q2,0.0,-0.013097249821282173,0.028551616536491145
695370816,관심필요(30~89일),Q1_저가,0.0,-0.007699153591806909,0.03549353163339575
695428352,Active(<30일),Q4_고가,0.0,0.06542350305147326,0.014021507504379138
695433920,Active(<30일),Q2,0.0,-0.004335704277338537,-0.0058988054597859385
695511872,이탈위험(90일+),Q1_저가,0.0,-0.01616482860502591,-0.0014061450606834697
695576832,Active(<30일),Q2,1.0,0.10915773745450505,0.049088122799320316
695825536,관심필요(30~89일),Q1_저가,0.0,0.0066668755996255324,0.007974076889231574
696009280,관심필요(30~89일),Q2,0.0,0.003235027762932552,0.015017524203610577
696439872,이탈위험(90일+),Q1_저가,1.0,-0.03268002422584776,-0.008932834863603273
696582784,Active(<30일),Q2,0.0,0.03079403963250482,-0.029633939097167605
696851904,Active(<30일),Q1_저가,0.0,0.018457232711435956,-0.026283808732457503
696881600,Active(<30일),Q3,0.0,0.008272409381800072,-0.04293629646516861
696883456,관심필요(30~89일),Q1_저가,1.0,-0.015911757690699163,-0.007566876673239603
697165568,Active(<30일),Q3,0.0,0.012072640480615626,-0.00415827333867369
697514496,Active(<30일),Q4_고가,1.0,0.030886533046129316,0.14235880937717915
697601728,Active(<30일),Q1_저가,0.0,0.024209718355088894,-0.09133531461823385
697720512,Active(<30일),Q2,0.0,-0.0050592037911003085,0.029583111529195072
697726080,이탈위험(90일+),Q1_저가,0.0,-0.023251542253793514,-6.987747618772411e-05
697731648,이탈위험(90일+),Q4_고가,0.0,-0.014172343084076743,0.01929941455858561
697779904,Active(<30일),Q3,1.0,0.009960342025312485,-0.002386939334215854
697972928,관심필요(30~89일),Q2,0.0,-0.014375288299269845,0.003855239638112934
698000768,Active(<30일),Q2,0.0,0.053135098433196526,0.08874120910735528
698006336,Active(<30일),Q3,0.0,-0.006190914285402471,-0.02274096967034539
698115840,Active(<30일),Q4_고가,0.0,0.038466577841883454,-0.001334610439795214
698429504,Active(<30일),Q4_고가,1.0,-0.0114269008598879,0.03876479744493852
698555712,Active(<30일),Q1_저가,0.0,0.02985050111689369,0.05703621872588438
698559424,Active(<30일),Q1_저가,0.0,0.02029219263613652,-0.04655787489112667
698809984,이탈위험(90일+),Q3,1.0,-0.01227145696011478,0.03688545223809624
698871232,Active(<30일),Q3,0.0,0.02306191847790018,0.005295705418457475
698982592,Active(<30일),Q2,0.0,0.03662476094384903,-0.0009883979260262299
698986304,이탈위험(90일+),Q2,0.0,-0.012390663986136918,0.02375045098751659
699056832,이탈위험(90일+),Q1_저가,1.0,-0.0360014088801805,-0.08360012341320641
699071680,Active(<30일),Q3,0.0,0.016431070737117692,0.012545096801337086
699123648,이탈위험(90일+),Q1_저가,1.0,-0.010347413045000552,0.015137363449458444
699240576,Active(<30일),Q4_고가,,0.019838981162650482,-3.898406703117807e-06
699368640,이탈위험(90일+),Q2,,-0.012491553959361579,0.039485587886833026
699617344,관심필요(30~89일),Q2,0.0,-0.0072342720340503736,0.0445626493806803
700001536,이탈위험(90일+),Q3,0.0,-0.013790701919288266,0.027278348671065135
700034944,관심필요(30~89일),Q1_저가,1.0,0.007396069730737864,0.01724820560359283
700073920,Active(<30일),Q4_고가,0.0,-0.01595137564621507,0.03494223780063349
700157440,Active(<30일),Q3,0.0,0.03078818025832164,0.029016245077627012
700333760,관심필요(30~89일),Q1_저가,0.0,-0.007892202008469476,0.03628941425277539
700357888,Active(<30일),Q2,0.0,0.03457545489346381,0.019425967747217943
700387584,이탈위험(90일+),Q3,,-0.009387991569598117,0.027467895149970986
700506368,Active(<30일),Q2,1.0,0.019720996678996183,-0.052361035935767575
700526784,관심필요(30~89일),Q3,0.0,-0.02474571004820003,-0.031628864857906114
700708672,이탈위험(90일+),Q2,0.0,-0.03369416578130613,-0.00708372287394321
700949952,이탈위험(90일+),Q4_고가,1.0,-0.013375731939554991,0.03361969626960608
700985216,Active(<30일),Q3,0.0,0.01361102064262254,-0.0016349504036208273
701365696,관심필요(30~89일),Q1_저가,1.0,-0.007863954689662389,0.04237828284874588
701684928,Active(<30일),Q3,1.0,0.027013072036227714,0.019047774364997716
701783296,Active(<30일),Q2,0.0,-0.003977436012626068,0.07953900968531763
701807424,Active(<30일),Q4_고가,0.0,0.0374510107844499,0.01133811676874752
701833408,이탈위험(90일+),Q1_저가,1.0,-0.012502297937630018,0.023984453649771767
701902080,이탈위험(90일+),Q3,0.0,-0.014207066866047946,-0.020853900945085768
701928064,Active(<30일),Q1_저가,0.0,-0.003404033171125642,0.025921295939110328
702002304,Active(<30일),Q1_저가,,0.02858401888374379,0.09046638023786902
702007872,Active(<30일),Q2,0.0,0.06137666429138755,-0.02491347608122163
702041280,Active(<30일),Q2,0.0,0.028904342580228448,0.0028025990048172744
702254720,Active(<30일),Q1_저가,1.0,0.017756539521576353,0.022020852996168627
702284416,이탈위험(90일+),Q1_저가,0.0,-0.010709350251686033,0.03173646558665599
702716864,이탈위험(90일+),Q2,0.0,-0.009071925691001292,-0.018291189948661746
702720576,관심필요(30~89일),Q2,0.0,-0.024626322484659458,-0.05351691923878449
702729856,Active(<30일),Q2,0.0,0.02493092814506892,0.02470519749852207
702989696,Active(<30일),Q2,0.0,-0.010925728405244473,-0.05450569177156078
703314496,관심필요(30~89일),Q3,0.0,-0.003992023071820838,-0.04161428125464384
703320064,이탈위험(90일+),Q3,0.0,-0.013188544174637051,0.040281874013737964
703321920,관심필요(30~89일),Q2,0.0,-0.010459949457209947,0.03832402281916242
703646720,Active(<30일),Q4_고가,0.0,0.02856429251418724,0.013015306472126675
703754368,관심필요(30~89일),Q4_고가,0.0,-0.024664451158991102,-0.01721117462152888
703902848,관심필요(30~89일),Q4_고가,1.0,-0.02744469928467888,0.013698806586707524
704270336,이탈위험(90일+),Q3,0.0,-0.025794276555428125,-0.014237651273718066
704283328,Active(<30일),Q4_고가,0.0,0.03530710093639322,0.05333321479217712
704585856,이탈위험(90일+),Q1_저가,0.0,-0.011956481019914776,0.03364118974405714
704628544,Active(<30일),Q3,1.0,0.043103461303046986,0.009647687193768295
705133376,Active(<30일),Q2,,0.0017148275124285461,0.04419891215665833
705276288,Active(<30일),Q4_고가,0.0,0.034040329988465845,-0.04035974932103692
705305984,Active(<30일),Q1_저가,0.0,-0.014752558165743779,-0.002260599627889659
705396928,이탈위험(90일+),Q2,0.0,-0.012943543680536976,0.027103251936085745
705476736,관심필요(30~89일),Q2,0.0,-0.00820270992590387,0.04336578233268307
705756992,Active(<30일),Q2,0.0,0.01170382548832466,-0.007094389124486622
705799680,이탈위험(90일+),Q2,0.0,-0.011125122407624075,0.04432817327015651
705929600,이탈위험(90일+),Q1_저가,,-0.003785052642957601,0.037064818209815
706027968,Active(<30일),Q2,0.0,0.028404501373854862,-0.014734213716294464
706031680,Active(<30일),Q3,,-0.016103065485957413,-0.06049723103073057
706274816,이탈위험(90일+),Q3,0.0,-0.024294583291732175,0.014341870986531308
706504960,이탈위험(90일+),Q1_저가,,-0.011805845428002795,0.04259519034932989
706727680,Active(<30일),Q2,0.0,0.02511023946953872,0.010275029521388368
706742528,관심필요(30~89일),Q1_저가,0.0,-0.014562391346581605,-0.10971039175029118
706794496,Active(<30일),Q1_저가,0.0,-0.016630616971844092,-0.039129004072921025
706826048,Active(<30일),Q2,0.0,0.04260210678326959,0.02791169543505756
706996800,Active(<30일),Q3,0.0,-0.012144363107601142,0.005554749880877147
707243648,이탈위험(90일+),Q4_고가,1.0,-0.03330940618513109,-0.008414946861950379
707351296,이탈위험(90일+),Q1_저가,0.0,-0.01168789259276494,0.03315980857568036
707497920,Active(<30일),Q2,0.0,0.029552799779797745,-0.033194676886650676
707590720,Active(<30일),Q4_고가,0.0,0.03405057754888141,0.023000467591065887
707685376,이탈위험(90일+),Q2,0.0,-0.013059256087470834,0.02435634641320364
708115968,Active(<30일),Q2,,0.07424381492238041,-0.02483713122868947
708125248,이탈위험(90일+),Q2,,-0.017488404902548063,0.02435655033400884
708709888,Active(<30일),Q2,1.0,0.030565364134553574,0.008738810625188553
708869504,이탈위험(90일+),Q2,0.0,-0.006326332998228129,-0.0009116714198261211
708928896,관심필요(30~89일),Q1_저가,0.0,-0.005991477753832478,0.028279246223670035
709121920,관심필요(30~89일),Q2,0.0,0.00928329581640469,-0.05957249876271209
709129344,Active(<30일),Q3,0.0,0.040990926815713924,0.02067527169344252
709159040,관심필요(30~89일),Q4_고가,0.0,0.01024304112226515,0.04909657740399187
709264832,Active(<30일),Q2,0.0,0.026052034272874947,-0.08469847689536059
709350208,이탈위험(90일+),Q3,0.0,-0.013596708443567786,0.0377348681532885
709585920,Active(<30일),Q2,0.0,0.0363520319613424,-0.07892327616167838
709641600,Active(<30일),Q3,0.0,0.04140323470379925,0.06554408507765563
709895872,이탈위험(90일+),Q1_저가,,-0.008961052331144782,0.02990640673713532
709921856,이탈위험(90일+),Q4_고가,0.0,-0.017567924571154414,0.04117117993488134
709973824,Active(<30일),Q2,0.0,0.10088458507304521,0.0373466571793154
709999808,관심필요(30~89일),Q4_고가,0.0,-0.025210257697871857,0.0075881396303911774
710033216,Active(<30일),Q4_고가,1.0,0.029526786975613062,0.023039048581067867
710048064,이탈위험(90일+),Q2,0.0,-0.006370364879777296,0.023278620985671086
710144576,Active(<30일),Q2,0.0,0.01790527139749698,0.031180120048093007
710157568,관심필요(30~89일),Q2,1.0,-0.008531964734942166,0.04722103246511651
710604864,Active(<30일),Q1_저가,1.0,0.022655078718783805,0.05140142932947528
710614144,Active(<30일),Q3,0.0,-0.014789762181464688,0.0031751047331868842
710679104,Active(<30일),Q1_저가,0.0,0.026789880170798974,-0.07606411958335035
711055872,Active(<30일),Q4_고가,0.0,0.03202805178988355,0.033859825563943846
711080000,Active(<30일),Q2,1.0,0.06131938402172743,0.010700447748400344
711365824,관심필요(30~89일),Q1_저가,,0.005658665348462433,0.00026058906490439293
711716608,Active(<30일),Q4_고가,0.0,0.016868000412873063,0.0065932788446682045
712401472,이탈위험(90일+),Q1_저가,0.0,-0.009380744439165936,0.03170691817947918
712468288,Active(<30일),Q2,0.0,0.02994167138573045,-0.005073400995827204
712648320,이탈위험(90일+),Q2,0.0,-0.019253096448207094,0.011798383208035265
713045504,이탈위험(90일+),Q1_저가,0.0,-0.011694213842883112,0.0390051097166334
713058496,이탈위험(90일+),Q2,0.0,-0.013170627579718486,0.02869333665175612
713296064,이탈위험(90일+),Q2,,-0.005624798054096096,0.069331821382628
713368448,Active(<30일),Q3,0.0,0.08081262136332246,0.0270327582861965
713678400,Active(<30일),Q3,,0.016063326982013737,0.008721895419988412
713691392,Active(<30일),Q4_고가,0.0,0.021638743846929986,0.0046284926022817086
713698816,이탈위험(90일+),Q2,0.0,-0.013180592751029986,0.04135887268090428
713711808,관심필요(30~89일),Q1_저가,0.0,0.0183215320931297,0.026878639635941504
713875136,관심필요(30~89일),Q4_고가,,-0.002479484203538232,0.04246422549225405
714025472,이탈위험(90일+),Q3,,-0.010082843630594585,-0.019061313543726754
714238912,관심필요(30~89일),Q1_저가,0.0,0.03162385766614176,0.05011850851174553
714246336,Active(<30일),Q1_저가,0.0,0.00947464212439042,-0.04285418960592091
714363264,Active(<30일),Q2,0.0,0.051016662514324906,0.11568255531964311
714376256,이탈위험(90일+),Q1_저가,0.0,-0.03405232311823064,-0.015986233291273078
714446784,Active(<30일),Q1_저가,0.0,0.028578833139388138,-0.10646223761475382
714474624,Active(<30일),Q3,,0.015820828803985942,-0.017936198750446497
714485760,관심필요(30~89일),Q3,1.0,-0.005526536396164711,0.04266700209466079
714550720,Active(<30일),Q2,0.0,0.017874171722695675,0.013785928645498213
714754880,이탈위험(90일+),Q1_저가,0.0,-0.004232891266609355,0.025438290231287103
714853248,Active(<30일),Q2,1.0,-0.005681445552827957,0.032055497818419126
714988736,Active(<30일),Q1_저가,0.0,-0.0047587065698049685,0.025732752328178538
715248576,이탈위험(90일+),Q4_고가,1.0,-0.02633745520704958,-0.03574963689230884
715268992,관심필요(30~89일),Q2,0.0,0.001429670970769209,0.010738845401236152
715345088,이탈위험(90일+),Q1_저가,0.0,-0.012092846003984907,0.030325548755526115
715408192,이탈위험(90일+),Q1_저가,0.0,-0.010564582654748987,0.043205036388905625
715413760,이탈위험(90일+),Q2,0.0,-0.020055746745946956,0.015135954101279422
715809088,Active(<30일),Q2,0.0,0.03167523816010698,-0.10372608842354414
715952000,이탈위험(90일+),Q3,0.0,-0.02522058080225148,0.014903313416429281
716003968,Active(<30일),Q4_고가,,0.08465546803811874,0.05481481455687587
716128320,Active(<30일),Q3,1.0,0.020090351373388438,-0.07879988707113272
716213696,이탈위험(90일+),Q4_고가,1.0,-0.006622755135971083,0.02845929788466045
716393728,이탈위험(90일+),Q4_고가,0.0,-0.004969997932044168,0.034985018855287014
716557056,이탈위험(90일+),Q2,0.0,-0.012641593538828204,0.022521424350805327
716798336,이탈위험(90일+),Q3,0.0,0.007793786740490485,0.08280346249434335
716833600,이탈위험(90일+),Q4_고가,0.0,-0.01395084727125881,0.0208945890979257
717160256,관심필요(30~89일),Q4_고가,0.0,0.004710557059389525,-0.05675234530682807
717230784,Active(<30일),Q3,1.0,0.022052645337058863,-0.005553385582609871
717546304,Active(<30일),Q2,0.0,0.037583248925470936,0.0346250871871574
717607552,Active(<30일),Q4_고가,,0.01321855063418309,0.04427823766535377
717624256,관심필요(30~89일),Q4_고가,0.0,-0.031141375303941926,-0.06498545533622796
717648384,이탈위험(90일+),Q1_저가,,-0.009242427359077723,0.019769338640848705
717783872,Active(<30일),Q3,,0.016957316629425123,0.0012008115884891701
717897088,Active(<30일),Q2,0.0,0.030272772871095976,-0.0012674251610076404
717973184,관심필요(30~89일),Q3,0.0,-0.01088662002618232,0.06918289430263752
717984320,이탈위험(90일+),Q1_저가,0.0,-0.00978300576257933,0.01734077431771494
718077120,이탈위험(90일+),Q3,0.0,-0.020721555451448118,0.006481363718385438
718123520,Active(<30일),Q3,1.0,0.033124914722436616,0.02691040803933409
718246016,Active(<30일),Q2,0.0,0.033543106397835865,0.03599603843269916
718277568,관심필요(30~89일),Q3,1.0,0.01334154812981847,0.03526015099445218
718359232,Active(<30일),Q4_고가,0.0,0.02248796837016609,0.08396992634026545
718511424,Active(<30일),Q1_저가,0.0,0.0203135535025476,-0.02202591996655834
718572672,Active(<30일),Q3,1.0,0.02281048665700408,-0.0025250656369102398
718591232,이탈위험(90일+),Q1_저가,0.0,-0.012226736655402581,0.030264059076958685
718602368,Active(<30일),Q2,,0.013633744480710752,0.0005924934302564688
718732288,이탈위험(90일+),Q2,0.0,-0.005574240468690685,0.06643555745852249
718761984,관심필요(30~89일),Q1_저가,,0.06775004894875966,0.027618166173074776
718895616,이탈위험(90일+),Q1_저가,0.0,-0.009322957640001961,0.0036547834344189123
718984704,Active(<30일),Q3,0.0,0.04473774437604516,0.055424726315390194
719144320,이탈위험(90일+),Q4_고가,,-0.01293467815996844,0.016052807108324782
719170304,Active(<30일),Q3,0.0,0.018095181561126883,0.05073450078164077
719229696,이탈위험(90일+),Q1_저가,0.0,-0.011164429821507199,0.04346708352810902
719276096,Active(<30일),Q4_고가,1.0,0.023847099615530998,0.022968372060787057
719548928,Active(<30일),Q3,0.0,0.01765470564296845,0.007050599146525172
719569344,Active(<30일),Q2,0.0,-0.005229293449687228,0.06446862448103541
719595328,관심필요(30~89일),Q1_저가,0.0,-0.022882093175550344,-0.026237007939152207
719665856,이탈위험(90일+),Q4_고가,0.0,-0.01455413555033893,0.026509397019830266
719708544,관심필요(30~89일),Q4_고가,0.0,0.016812493167741693,0.03774172595580626
719758656,Active(<30일),Q1_저가,,0.027169854853040687,-0.0621366040927378
719977664,Active(<30일),Q3,0.0,0.004769087929768601,-0.045097969548546946
720022208,Active(<30일),Q4_고가,0.0,0.02264559188892512,0.024169350765115838
720337728,이탈위험(90일+),Q2,0.0,-0.009913352030143846,0.009492980526042055
720645824,이탈위험(90일+),Q2,0.0,-0.027151519399560717,-0.017954650411167783
720701504,Active(<30일),Q4_고가,0.0,0.031307837379296766,0.053507397416112434
720829568,Active(<30일),Q4_고가,0.0,0.04022302812473805,0.013825622476325128
720842560,Active(<30일),Q3,0.0,0.027361496357157566,0.003652795454523572
720875968,Active(<30일),Q2,,0.03965968164563127,0.06579141256901366
720900096,Active(<30일),Q3,0.0,0.006618701228635504,-0.06620064941689496
720901952,이탈위험(90일+),Q1_저가,0.0,-0.014089005866916776,0.005856683357072609
721163648,이탈위험(90일+),Q2,0.0,-0.0018833956622906906,0.03973687393452205
721182208,관심필요(30~89일),Q2,0.0,-0.009198354668737294,0.051179427621244
721358528,이탈위험(90일+),Q4_고가,0.0,-0.022942063994912443,0.024390843751003727
721443904,관심필요(30~89일),Q1_저가,0.0,-0.015200194768055342,-0.003093887288291297
721592384,Active(<30일),Q1_저가,0.0,0.010146804134091525,0.03235352966760188
721740864,Active(<30일),Q1_저가,0.0,-0.011359197571646384,-0.04879007088465853
721755712,이탈위험(90일+),Q1_저가,0.0,-0.010088440131199486,0.027639596802751645
721996992,이탈위험(90일+),Q3,0.0,-0.05071375995399696,-0.01385609166501095
722032256,이탈위험(90일+),Q2,1.0,-0.01307691336757491,0.03678024390151502
722048960,Active(<30일),Q4_고가,1.0,0.01678489313868803,-0.018727490213536813
722173312,Active(<30일),Q4_고가,0.0,0.07715158237027292,0.05553989548978577
722286528,이탈위험(90일+),Q1_저가,0.0,-0.011925473187297628,0.037379783356772285
722691136,이탈위험(90일+),Q2,0.0,-0.02023434556117089,0.01569710061974032
722893440,관심필요(30~89일),Q1_저가,0.0,-0.004079130916885318,0.042396863151787395
722899008,Active(<30일),Q2,0.0,0.021201577808505845,-0.027756945299622804
722923136,Active(<30일),Q1_저가,0.0,0.016187344724443165,0.010577886191524888
722928704,관심필요(30~89일),Q4_고가,0.0,-0.02883177277283358,0.03876565395805248
723049344,이탈위험(90일+),Q4_고가,0.0,-0.013985983676134614,0.024345759682587606
723435392,Active(<30일),Q4_고가,1.0,0.07329620271836029,0.03811580206045939
723442816,관심필요(30~89일),Q3,0.0,0.0031362728929105743,0.11370095835438848
723494784,이탈위험(90일+),Q3,0.0,0.07943945016235249,0.02064755792820272
723702656,Active(<30일),Q3,1.0,0.033478314301049306,0.05760583768315897
723728640,Active(<30일),Q2,0.0,0.0388450020316099,0.0471236125873207
723784320,관심필요(30~89일),Q2,0.0,-0.014679019957082887,0.032293120691984034
723955072,Active(<30일),Q4_고가,0.0,0.07005437501766942,0.028560147786970858
724029312,관심필요(30~89일),Q4_고가,0.0,0.005569719001993656,-0.03477135045248947
724164800,이탈위험(90일+),Q1_저가,,0.019003870383551835,0.04356659352245938
724185216,이탈위험(90일+),Q1_저가,0.0,-0.010362445486902148,0.03194266235637991
724461760,이탈위험(90일+),Q2,0.0,-0.01284105389753655,0.02784813442932388
724539712,관심필요(30~89일),Q4_고가,1.0,0.006501495140664726,0.004263119003952376
724762432,Active(<30일),Q4_고가,0.0,0.016287296719575628,0.03521677874775031
724777280,이탈위험(90일+),Q4_고가,1.0,-0.02291702453283649,0.028770516641090815
724855232,Active(<30일),Q2,0.0,0.028141063592357907,-0.09185127483880218
725076096,관심필요(30~89일),Q2,,-0.011182684911639068,0.030182232690384697
725185600,Active(<30일),Q1_저가,0.0,0.01977862193181068,0.018270458616225782
725233856,Active(<30일),Q3,0.0,0.019998929217219907,0.04892789303192302
725291392,Active(<30일),Q3,0.0,0.018028356921191757,0.00012241044627359088
725347072,Active(<30일),Q2,0.0,-0.009513689083983257,-0.028807182584248775
725816640,관심필요(30~89일),Q2,,-0.029401726683922852,-0.018367370318970705
725981824,Active(<30일),Q2,0.0,0.024920221827000155,-0.01395831673038228
725992960,Active(<30일),Q3,0.0,0.016537632848225847,-0.036889903386569944
726076480,관심필요(30~89일),Q2,0.0,-0.015112128473506237,0.04835300689538283
726193408,이탈위험(90일+),Q4_고가,,-0.013897825674646182,0.0346996978831076
726202688,관심필요(30~89일),Q1_저가,0.0,-0.02122427016458253,-0.03691108828180495
726254656,관심필요(30~89일),Q2,1.0,0.012652385204400374,0.1087109548063398
726317760,Active(<30일),Q1_저가,0.0,0.03484403798012736,0.05194062009660683
726488512,Active(<30일),Q3,0.0,-0.019180405557127467,-0.04155417682521956
726668544,관심필요(30~89일),Q2,1.0,-0.022921653180730195,-0.09019669159140697
726714944,Active(<30일),Q4_고가,1.0,0.03209183597248619,0.05873815853409928
727076864,관심필요(30~89일),Q1_저가,0.0,-0.02744217934441795,-0.026448484306446945
727151104,Active(<30일),Q4_고가,0.0,0.021006946190444298,-0.00924291646274078
727362688,이탈위험(90일+),Q4_고가,,-0.00769517483510139,0.027519067714710743
727366400,이탈위험(90일+),Q2,0.0,-0.012643165676372768,0.04075476412408724
727368256,Active(<30일),Q2,0.0,0.027704394409075017,-0.002279885071630572
727579840,이탈위험(90일+),Q2,,-0.020157617834886912,0.014310333084348467
727841536,관심필요(30~89일),Q2,0.0,-0.01861276654920513,0.010743814469217794
727854528,이탈위험(90일+),Q4_고가,0.0,0.01437412934662377,0.08873909250414727
727869376,Active(<30일),Q2,0.0,0.015156425449646849,-0.04233480947393303
728073536,관심필요(30~89일),Q3,0.0,0.004430744876093046,0.03690960844271146
728116224,Active(<30일),Q1_저가,0.0,0.007512845612316993,0.06136336218057281
728299968,이탈위험(90일+),Q4_고가,0.0,-0.013410248849439838,0.024298553221762192
728572800,이탈위험(90일+),Q2,0.0,-0.031205234235052698,-0.05147974216747789
728621056,Active(<30일),Q3,1.0,0.018927683841726717,0.03657155084042729
728624768,관심필요(30~89일),Q2,,0.015350019659620462,0.07081910711851502
728877184,이탈위험(90일+),Q4_고가,0.0,-0.009019919982359514,0.017168230173452204
728994112,Active(<30일),Q2,0.0,0.0349244450491476,-0.02306836116650557
729068352,Active(<30일),Q4_고가,0.0,-0.009450664009254331,0.030960602190009012
729188992,Active(<30일),Q3,,0.01361894660025842,-0.03642165688791399
729218688,관심필요(30~89일),Q3,0.0,-0.00243406892501305,-0.04902024345136963
729233536,Active(<30일),Q2,,0.024775143362432583,0.010585247060859615
729252096,Active(<30일),Q3,0.0,0.020983670694265655,0.009283358760730054
729289216,Active(<30일),Q1_저가,0.0,0.010679150163326212,-0.06966399945652224
729502656,Active(<30일),Q2,0.0,0.0301618019845612,0.0229909006683231
729539776,관심필요(30~89일),Q4_고가,0.0,-0.011826277133419938,0.03058955102839306
729628864,이탈위험(90일+),Q2,,-0.01232947791954802,0.03306582227099046
729992640,이탈위험(90일+),Q3,0.0,-0.01929239125361784,-0.01723173661814284
730035328,Active(<30일),Q2,0.0,0.008403114518777954,5.983627860450813e-05
730050176,Active(<30일),Q2,0.0,-0.018176330685509945,-0.10246512206306424
730105856,Active(<30일),Q3,0.0,0.02268577869204441,0.05723763765578349
730360128,관심필요(30~89일),Q1_저가,0.0,-0.02203339486358477,-0.012435148909157395
730540160,관심필요(30~89일),Q3,0.0,0.004246606465569902,0.12446807556555411
730586560,Active(<30일),Q2,0.0,0.03481759705292187,-0.009561771240221395
730647808,Active(<30일),Q3,0.0,0.034670515415017755,0.07153995175596928
730697920,Active(<30일),Q2,,0.0237371688969914,-0.01936595524155249
731035712,이탈위험(90일+),Q2,0.0,-0.03751509607675213,0.012289075622131856
731059840,Active(<30일),Q2,0.0,0.033946851172643844,-0.13691247187205458
731148928,Active(<30일),Q3,0.0,0.04164798894369748,0.023269893873800185
731264000,이탈위험(90일+),Q4_고가,,-0.013968888377176268,0.03497449423213175
731572096,Active(<30일),Q3,,0.04978191982604874,0.030291977552269644
731586944,Active(<30일),Q3,0.0,0.04627689133364443,-0.0007353128960411182
731638912,Active(<30일),Q1_저가,0.0,-0.012232642234477564,-0.12156045858287795
731657472,이탈위험(90일+),Q1_저가,1.0,-0.00918968019178451,-0.008970792109454145
731687168,관심필요(30~89일),Q3,0.0,0.0004211489027195481,-0.04571687562462634
732132608,이탈위험(90일+),Q1_저가,0.0,-0.00951782805860045,0.04156495762639055
732134464,이탈위험(90일+),Q1_저가,1.0,-0.009585370805201533,0.026030461855879566
732192000,Active(<30일),Q4_고가,,-0.019827111939846265,-0.014813459695474485
732288512,관심필요(30~89일),Q4_고가,0.0,-0.03341897520827525,0.0369033882124013
732312640,Active(<30일),Q2,0.0,0.02451511632375325,-0.09177179770689925
732472256,이탈위험(90일+),Q2,0.0,-0.012389061019238035,0.01944769249895599
732680128,관심필요(30~89일),Q2,0.0,-0.023746698974313862,-0.09494824304806121
732689408,이탈위험(90일+),Q3,0.0,-0.010802310246988411,0.020654653347801616
732707968,이탈위험(90일+),Q2,,-0.012725940212260485,0.038351264708633
732733952,Active(<30일),Q3,1.0,0.11116878068271085,0.04605907104397089
733385408,이탈위험(90일+),Q2,0.0,-0.007546562306786103,0.00030717086758874634
733530176,관심필요(30~89일),Q4_고가,0.0,0.0018757441198850588,0.045533719862784594
733604416,관심필요(30~89일),Q4_고가,0.0,-0.011740456128787852,0.025267333087712063
733608128,이탈위험(90일+),Q1_저가,0.0,-0.012229890059678603,0.030514072200976572
733615552,Active(<30일),Q4_고가,0.0,0.021691208207525903,0.07134181249629667
733676800,관심필요(30~89일),Q4_고가,0.0,0.027770552085715855,0.013924912375296583
733775168,이탈위험(90일+),Q1_저가,0.0,-0.010941737149745404,0.02975849608427389
733788160,이탈위험(90일+),Q4_고가,1.0,-0.01429276623799628,0.0027903755101647
733888384,Active(<30일),Q3,1.0,0.006987576881230972,-0.0027470594781166535
734124096,이탈위험(90일+),Q2,,-0.01907378477646851,0.010503750657334235
734192768,이탈위험(90일+),Q3,0.0,-0.02028827548964786,-0.008853736900519327
734398784,관심필요(30~89일),Q3,0.0,0.007279123796571585,-0.06288731569784634
734408064,Active(<30일),Q4_고가,0.0,0.013240455721413746,-0.0034877332857954357
734870208,Active(<30일),Q1_저가,0.0,0.055248347527159236,0.04309287083115143
735018688,Active(<30일),Q3,,0.022611221961877925,0.0043084930542267585
735037248,Active(<30일),Q2,0.0,0.03470486861520289,0.011822270177966276
735078080,이탈위험(90일+),Q1_저가,0.0,-0.00967142558176965,0.034592700159980436
735087360,관심필요(30~89일),Q4_고가,0.0,-0.011041490640143897,0.05748939500285892
735139328,관심필요(30~89일),Q1_저가,0.0,-0.010664977282118154,0.047269569714537246
735152320,이탈위험(90일+),Q2,0.0,-0.036999868253187185,-0.05203763552160978
735339776,Active(<30일),Q3,0.0,0.02657475287408817,0.06098312766850755
735399168,Active(<30일),Q2,1.0,0.04404330057921613,0.019068112661829506
735556928,Active(<30일),Q4_고가,,0.012597555370708502,-0.008528791197369823
735599616,Active(<30일),Q3,0.0,-0.015013227474975521,0.00274702406790292
736137856,관심필요(30~89일),Q4_고가,0.0,-0.010772827644451852,0.04836646752857361
736310464,Active(<30일),Q2,1.0,0.036282014270272556,-0.052031961711963226
736518336,Active(<30일),Q2,1.0,0.0059371093598296065,-0.02021663736724788
736776320,이탈위험(90일+),Q3,0.0,-0.011511110770885014,0.07858966573191456
736809728,Active(<30일),Q1_저가,0.0,0.03729771752584954,-0.07991196989891147
736817152,관심필요(30~89일),Q1_저가,0.0,-0.007428725218887475,0.04699849821411589
736911808,Active(<30일),Q3,1.0,0.03647256636830609,0.03621729890570746
736971200,Active(<30일),Q4_고가,0.0,0.028707462330662792,0.054938862487402096
737216192,이탈위험(90일+),Q2,0.0,-0.012948056546458662,0.025667462247789805
737750720,관심필요(30~89일),Q3,0.0,-0.028278762879658914,-0.050698017113018023
737960448,Active(<30일),Q4_고가,0.0,0.012632802663009313,0.013147659809395917
738017984,Active(<30일),Q3,0.0,0.0019088820801340667,-0.1229397192398406
738559936,Active(<30일),Q2,0.0,-0.017301739634960844,-0.07815151128211595
738778944,관심필요(30~89일),Q2,1.0,-0.009510883474478649,0.048186221155992345
739066624,Active(<30일),Q3,0.0,0.01918328489562393,-0.032879184328704736
739246656,이탈위험(90일+),Q4_고가,,-0.006601427190449469,0.07029549581151633
739257792,Active(<30일),Q1_저가,0.0,0.007992689645109241,-0.0694979018187925
739276352,이탈위험(90일+),Q3,0.0,-0.03808771629068586,-0.01309431384890239
739343168,Active(<30일),Q3,0.0,0.031058904348690963,0.037032577543502754
739560320,Active(<30일),Q1_저가,0.0,0.025417807936355508,-0.08226838501190753
739586304,이탈위험(90일+),Q1_저가,0.0,0.013166306562216207,0.05403979223863568
739790464,이탈위험(90일+),Q1_저가,0.0,-0.016680745260249707,0.016778356305918368
739799744,Active(<30일),Q4_고가,,0.03022146073956411,0.058473818323463544
740022464,Active(<30일),Q2,0.0,0.04593636632952158,-0.0007813688559015763
740139392,이탈위험(90일+),Q1_저가,0.0,-0.017664385415517403,0.012436701190015553
740415936,Active(<30일),Q3,0.0,-0.017270149016666625,0.004725013276997925
740471616,이탈위험(90일+),Q4_고가,0.0,-0.014008939337027938,0.024606338904201733
740473472,Active(<30일),Q2,0.0,0.062293275932722436,0.03296444292090728
740477184,Active(<30일),Q1_저가,0.0,0.04034577283295748,-0.01957453453833169
740479040,Active(<30일),Q4_고가,0.0,0.0433220951924953,-0.008340930143329817
740584832,이탈위험(90일+),Q1_저가,0.0,-0.017226786341953126,0.030993053808540436
740718464,이탈위험(90일+),Q4_고가,0.0,-0.010037376912253398,0.03771771824254719
740738880,Active(<30일),Q3,0.0,0.07580263689228384,-0.05023109685533611
740835392,관심필요(30~89일),Q3,1.0,-0.012209731579645625,0.042336267951928186
740918912,Active(<30일),Q3,0.0,0.011633077282638626,0.011857965582415031
740983872,이탈위험(90일+),Q1_저가,0.0,-0.011251143086726367,0.022039801162892156
740989440,Active(<30일),Q3,0.0,0.02494876853184136,0.003990945531250234
741273408,Active(<30일),Q3,0.0,0.01484434712748628,0.044057525118935015
741284544,이탈위험(90일+),Q1_저가,0.0,-0.026161521873300647,-0.0065263148053563425
741358784,Active(<30일),Q1_저가,0.0,0.013097885241710738,0.015624893228204484
741523968,관심필요(30~89일),Q4_고가,0.0,-0.00017192186767900353,0.015261220128029607
741837632,Active(<30일),Q3,,0.020521308496837087,0.029542301533782234
742255232,관심필요(30~89일),Q4_고가,0.0,-0.012141993931528539,0.05014594773691042
742301632,Active(<30일),Q2,1.0,0.02527464233695076,0.026688765814311233
742414848,Active(<30일),Q3,0.0,0.02165021359934219,0.05948287324916718
742437120,Active(<30일),Q2,1.0,0.01945989561751782,-0.004161199487308864
742461248,Active(<30일),Q3,0.0,0.055902780144044484,0.023540425441471946
742468672,이탈위험(90일+),Q3,0.0,-0.03344746649828559,0.0014293309750109395
742477952,Active(<30일),Q3,0.0,0.07547786080647034,0.03619229938220314
742522496,Active(<30일),Q1_저가,0.0,0.00851380338952834,-0.029213472527667816
742641280,Active(<30일),Q4_고가,1.0,0.05222502570665155,0.10419284834661457
742683968,이탈위험(90일+),Q3,0.0,-0.007378074030601228,-0.009455583146233265
742687680,Active(<30일),Q3,0.0,-0.005637878244882266,-0.011267759566558011
742689536,관심필요(30~89일),Q4_고가,,0.01103617017820513,0.08684696506029022
742696960,Active(<30일),Q4_고가,1.0,0.027955448271723693,0.036246362935532184
742724800,관심필요(30~89일),Q2,0.0,0.003392526944345664,0.04686451483828469
742765632,이탈위험(90일+),Q1_저가,0.0,-0.012245954522855394,0.03630590106349327
742787904,관심필요(30~89일),Q4_고가,0.0,-0.017927819184802046,0.008817070045808034
742802752,Active(<30일),Q4_고가,0.0,0.02829227648879673,0.038618943025660046
742826880,Active(<30일),Q3,0.0,0.023797463790817486,0.03645856099531031
742849152,Active(<30일),Q3,0.0,0.020089279353816325,0.0252929052643025
742876992,Active(<30일),Q1_저가,0.0,0.03305637817205975,0.04298060919984559
742878848,Active(<30일),Q1_저가,0.0,-0.012445211635207593,0.010994337502425622
742895552,Active(<30일),Q3,1.0,0.10106181950792881,0.022679717489436313
742906688,Active(<30일),Q4_고가,0.0,0.02503065685889172,0.03505870137598954
742912256,Active(<30일),Q4_고가,0.0,0.03361302691747092,0.07097986927732136
742914112,Active(<30일),Q4_고가,0.0,0.02015321837112749,0.15435859710173871
742951232,Active(<30일),Q4_고가,0.0,0.012424860731928278,-0.010207335181746435
742982784,Active(<30일),Q4_고가,1.0,0.022759167781896683,0.042735861899058536
742997632,이탈위험(90일+),Q2,0.0,-0.02453082768055881,-0.009667322012739371
743008768,이탈위험(90일+),Q4_고가,,-0.01592347644201974,0.033295135741826576
743016192,Active(<30일),Q3,0.0,-0.020761805896903462,-0.04313764967633482
743105280,Active(<30일),Q4_고가,0.0,0.022739235626206278,0.06159917071350307
743138688,관심필요(30~89일),Q4_고가,0.0,-0.03287377885707449,-0.009559243969082531
743192512,이탈위험(90일+),Q4_고가,0.0,-0.030590728235891707,0.13859291302593402
743194368,Active(<30일),Q2,0.0,0.016717888653564827,0.018721085713295782
743199936,이탈위험(90일+),Q4_고가,1.0,-0.02125644804267543,0.018950876856208443
743224064,이탈위험(90일+),Q3,0.0,-0.019855407736088265,0.009025154063408994
743240768,Active(<30일),Q1_저가,0.0,-0.008553599081814994,-0.0025791798301507685
743268608,이탈위험(90일+),Q4_고가,0.0,-0.015047617616727418,0.02818686078817445
743316864,이탈위험(90일+),Q1_저가,0.0,-0.010439921581379727,0.040827403733986925
743370688,관심필요(30~89일),Q1_저가,0.0,-0.004334979050261714,0.04568799863998109
743385536,Active(<30일),Q2,0.0,0.04496588283975733,0.14734597216451695
743402240,Active(<30일),Q3,,0.01062481744689181,-0.004211357649337777
743404096,Active(<30일),Q4_고가,,0.019776924966245057,-0.019186746739569105
743417088,Active(<30일),Q2,0.0,0.15061788379310315,0.06337008444444348
743435648,Active(<30일),Q3,0.0,0.07973940487231035,0.047044409582835844
743437504,이탈위험(90일+),Q2,0.0,-0.012638713960092508,0.026097925145219747
743439360,Active(<30일),Q1_저가,0.0,0.042335047197494036,-0.07530421057883335
743539584,관심필요(30~89일),Q4_고가,0.0,-0.0061940033071678224,-0.021778761476179936
743561856,Active(<30일),Q3,0.0,0.008329836395330081,0.05231698708002633
743608256,관심필요(30~89일),Q2,0.0,0.01033231850164773,0.012366865642923497
743624960,Active(<30일),Q3,0.0,0.014072525752094722,-0.010306531534121866
743626816,Active(<30일),Q2,0.0,0.004356996024932724,0.06773792691680389
743662080,이탈위험(90일+),Q1_저가,0.0,-0.018557984002336908,0.012240711784467395
743667648,Active(<30일),Q4_고가,0.0,0.013707742522953259,0.009115741045124914
743669504,Active(<30일),Q3,0.0,0.03551620518872001,0.006287115141710653
743676928,이탈위험(90일+),Q4_고가,0.0,-0.014760069933830229,0.016290755507287938
743697344,Active(<30일),Q3,0.0,-0.00783787011013759,0.04191468537751089
743728896,Active(<30일),Q4_고가,0.0,0.022002856728288722,0.05561412659742826
743730752,Active(<30일),Q4_고가,0.0,0.02492018815365893,0.02720422464388872
743741888,관심필요(30~89일),Q2,0.0,0.00018414580775938383,0.07228169617256763
743745600,Active(<30일),Q3,0.0,0.015189450281063221,-0.004879341512128987
743754880,이탈위험(90일+),Q3,0.0,-0.04139220831040019,-0.10030070476400255
743773440,Active(<30일),Q4_고가,0.0,0.030536040171252665,0.05382459969953546
743810560,이탈위험(90일+),Q3,0.0,0.06476436070826011,0.016312572505038286
743812416,Active(<30일),Q4_고가,,0.15331612264430078,0.04799404626579967
743845824,Active(<30일),Q4_고가,,0.024360233731901326,0.013364092803501593
743864384,Active(<30일),Q3,0.0,0.02332200342509383,0.018976499477935893
743866240,Active(<30일),Q3,0.0,0.01791953725340012,0.07142069433093756
743877376,Active(<30일),Q3,0.0,0.066912056042507,0.02362350141734887
743908928,관심필요(30~89일),Q4_고가,0.0,-0.0023396767835240917,-0.035464845750490526
743927488,Active(<30일),Q4_고가,1.0,0.0287809984190186,0.021531543775435646
744022144,Active(<30일),Q4_고가,,-0.016134712777649607,-0.003487798554194399
744031424,Active(<30일),Q4_고가,1.0,0.012866717200502475,0.07294767642287842
744038848,이탈위험(90일+),Q4_고가,0.0,-0.006546864247239985,0.02703015000638148
744042560,이탈위험(90일+),Q1_저가,1.0,-0.015601235993270707,-0.006525021965979538
744053696,관심필요(30~89일),Q3,0.0,-0.017794188788567256,0.029889750009230803
744074112,Active(<30일),Q3,0.0,0.030324019829670035,0.00426648239940719
744090816,이탈위험(90일+),Q1_저가,0.0,-0.01709887903890349,0.0021029801804886283
744098240,Active(<30일),Q4_고가,0.0,0.041309938020639536,0.06865372366622002
744100096,Active(<30일),Q4_고가,,0.021496232454686987,0.027283480212330624
744103808,Active(<30일),Q3,0.0,0.01724913344190593,-0.04129418736344048
744118656,관심필요(30~89일),Q3,0.0,-0.0009813967914141242,-0.013873680147381995
744131648,관심필요(30~89일),Q3,0.0,0.000758532528490452,-0.02774397165854431
744153920,이탈위험(90일+),Q2,0.0,-0.012601618877648449,0.036236599664154656
744172480,Active(<30일),Q4_고가,0.0,0.027380426917262723,0.033206444176811956
744179904,Active(<30일),Q3,0.0,0.02988688526989758,0.05528784965722833
744185472,Active(<30일),Q4_고가,0.0,0.009722958922774638,-0.02508946151438529
744187328,관심필요(30~89일),Q4_고가,,-0.02338261271043146,0.030592197562338747
744246720,Active(<30일),Q3,0.0,0.046141343903564336,0.05750061019224234
744257856,Active(<30일),Q4_고가,1.0,0.010603022008698226,0.006663203504477355
744285696,Active(<30일),Q1_저가,0.0,0.04396988854306283,0.06836728850078849
744300544,Active(<30일),Q4_고가,0.0,0.018283381704095603,-0.016885964073512505
744313536,관심필요(30~89일),Q2,1.0,-0.019081300715510424,-0.021248693316821166
744343232,Active(<30일),Q2,0.0,0.008334420601819548,-0.10641618921734308
744378496,Active(<30일),Q4_고가,0.0,0.020471199409238694,0.08396324195524174
744380352,이탈위험(90일+),Q1_저가,0.0,-0.010597305625641762,0.029548499080337548
744417472,Active(<30일),Q3,0.0,0.016732966931260584,-0.008792770132517336
744423040,Active(<30일),Q4_고가,0.0,0.021765214596363713,0.09164000803805306
744426752,Active(<30일),Q3,0.0,0.13885715681469435,-0.06976420353569557
744434176,이탈위험(90일+),Q2,0.0,-0.018438740021408814,-0.0030267770427886975
744449024,Active(<30일),Q4_고가,0.0,0.019061459915159396,0.01609280771261501
744493568,관심필요(30~89일),Q4_고가,0.0,-0.011112291907761015,0.04513800651325857
744499136,이탈위험(90일+),Q3,0.0,-0.004963999027552651,0.009915624776512533
744508416,Active(<30일),Q4_고가,0.0,0.0181105119504974,0.004214400187896872
744515840,Active(<30일),Q3,0.0,0.01901424613588515,0.015012967035751446
744577088,관심필요(30~89일),Q2,0.0,-0.016196275683427006,0.006482445694385913
744588224,Active(<30일),Q4_고가,0.0,0.020521511591979236,0.005181288515198945
744601216,관심필요(30~89일),Q2,0.0,0.009056637280078328,-0.058747457467643815
744638336,Active(<30일),Q2,0.0,0.018780868217153635,0.007582077583665359
744660608,Active(<30일),Q3,0.0,0.013040867866454198,-0.0969801300390496
744684736,Active(<30일),Q4_고가,0.0,0.04184925466410261,0.0028405018935471205
744701440,Active(<30일),Q3,0.0,-0.020406307840190263,-0.03282335903126671
744714432,Active(<30일),Q4_고가,,0.01074021073445941,0.01567584752466944
744716288,Active(<30일),Q1_저가,0.0,-0.01186034516307416,-0.018936575273333256
744718144,관심필요(30~89일),Q2,0.0,-0.013820949658993845,0.02794888056578601
744725568,Active(<30일),Q3,0.0,0.021366671173483898,0.027224090821854285
744736704,Active(<30일),Q3,0.0,0.008098324137632784,-0.03467338551442567
744744128,Active(<30일),Q4_고가,0.0,-0.015522280344963668,0.016794906897982353
744747840,Active(<30일),Q4_고가,0.0,0.034388970142799624,0.07376368606493511
744755264,관심필요(30~89일),Q1_저가,1.0,-0.008749313150776608,0.054822954081190756
744788672,Active(<30일),Q1_저가,,0.0325910380931958,0.01010106648341108
744799808,Active(<30일),Q3,0.0,0.0049550376380841366,-0.040789754060465144
744809088,이탈위험(90일+),Q4_고가,1.0,-0.022077936479120763,0.03610015242111604
744859200,Active(<30일),Q1_저가,0.0,-0.005505560172568591,0.028203710286829275
744890752,Active(<30일),Q3,0.0,0.02077734421106514,-0.07402841546004246
744909312,관심필요(30~89일),Q2,1.0,-0.025555535724786138,-0.007216756192787277
744911168,관심필요(30~89일),Q2,0.0,-0.01254604149879568,0.02188619424125901
744916736,Active(<30일),Q4_고가,1.0,0.1318134316318913,0.03794257170136178
744937152,관심필요(30~89일),Q1_저가,,-0.0075002717980341554,0.038421054421834674
744950144,관심필요(30~89일),Q1_저가,1.0,-0.000465436327375085,0.027531690068070394
744955712,이탈위험(90일+),Q2,,-0.012919997021600259,0.034196074589493725
744966848,이탈위험(90일+),Q1_저가,0.0,-0.022687039754537175,0.0013036303287739942
745016960,관심필요(30~89일),Q1_저가,,-0.007265121874153541,0.042718844300777464
745046656,Active(<30일),Q1_저가,,0.02693761830716568,0.008409472016024155
745052224,관심필요(30~89일),Q4_고가,0.0,0.0032871453928089156,0.016173548130985094
745065216,관심필요(30~89일),Q1_저가,0.0,-0.005506069616966272,0.04469635974926574
745070784,Active(<30일),Q2,,0.004015204884059154,0.0013963265564804206
745076352,이탈위험(90일+),Q2,0.0,-0.012831133880736582,0.04145071333545586
745087488,Active(<30일),Q4_고가,0.0,0.01306927640786415,0.07031687894803351
745093056,Active(<30일),Q4_고가,0.0,0.015903238191572577,0.013934476205511026
745176576,Active(<30일),Q4_고가,0.0,0.01833226989422776,0.04949370344747406
745191424,Active(<30일),Q2,1.0,0.024851080925382907,0.010949870428715536
745196992,Active(<30일),Q2,0.0,-0.012171747964325352,-0.058458123552788344
745211840,Active(<30일),Q4_고가,0.0,0.024992998911769537,0.045698014794178454
745241536,Active(<30일),Q3,1.0,0.026366736963638338,0.08762188134362248
745243392,Active(<30일),Q4_고가,1.0,0.024432030881906597,0.05521617311174887
745248960,Active(<30일),Q4_고가,0.0,0.04405101322823113,0.01669633466463305
745286080,관심필요(30~89일),Q1_저가,0.0,-0.01745422679248365,-0.10480656954573464
745291648,이탈위험(90일+),Q2,0.0,-0.012766512127201021,0.03629141271455184
745293504,관심필요(30~89일),Q2,0.0,0.0035162376414059893,0.0026372367178318368
745377024,Active(<30일),Q3,0.0,0.04336071528263785,-0.010860680247488874
745382592,Active(<30일),Q3,0.0,0.00593720303631462,-0.011467956673938517
745388160,이탈위험(90일+),Q4_고가,0.0,-0.014746888942557886,0.023485464487052465
745408576,이탈위험(90일+),Q2,,-0.01241686282985096,0.02415971076212048
745464256,관심필요(30~89일),Q2,0.0,-0.009232967962086044,0.050999571959655376
745471680,Active(<30일),Q1_저가,0.0,0.0303743048698632,0.08167774564344288
745473536,Active(<30일),Q4_고가,0.0,-0.014139849681396088,0.007939565011356342
745495808,관심필요(30~89일),Q4_고가,0.0,-0.01044040681880977,0.03909584353594624
745525504,Active(<30일),Q4_고가,0.0,0.02553842753414426,0.027683202220657455
745570048,관심필요(30~89일),Q3,0.0,-0.0027105473541201297,0.028536084245833815
745594176,Active(<30일),Q4_고가,0.0,-0.0034173567777728425,0.036185744955997134
745612736,Active(<30일),Q2,0.0,0.0390066730455374,-0.05810146469742894
745622016,이탈위험(90일+),Q1_저가,0.0,-0.010473076342722987,0.027288750521454186
745627584,Active(<30일),Q4_고가,0.0,0.0258339807683563,0.04147593295654051
745638720,Active(<30일),Q1_저가,,-0.0023631123390097375,0.039933390081388825
745657280,Active(<30일),Q4_고가,0.0,0.03381942960384876,0.006031143485402679
745677696,Active(<30일),Q3,1.0,0.069459560222361,-0.0005825098066079004
745703680,이탈위험(90일+),Q1_저가,1.0,0.00023797018273130632,0.004691009702115723
745718528,Active(<30일),Q4_고가,1.0,0.021868098071714026,0.021590981993006575
745727808,Active(<30일),Q4_고가,0.0,0.02420450113820205,0.034159209534403656
745751936,Active(<30일),Q1_저가,0.0,0.0350416512474665,-0.0258906940874728
745768640,Active(<30일),Q3,0.0,-0.012449267419788801,0.00323788032050798
745820608,이탈위험(90일+),Q2,0.0,-0.015766702566484103,-0.009131720485332673
745833600,이탈위험(90일+),Q1_저가,0.0,-0.012375688446380345,0.0318149345873264
745854016,관심필요(30~89일),Q1_저가,0.0,-0.0060182160089986975,0.04565942241213572
745894848,이탈위험(90일+),Q1_저가,0.0,-0.006705606761088528,0.023145492676553442
745913408,이탈위험(90일+),Q4_고가,,-0.01434609042977976,0.04413149147938458
745926400,Active(<30일),Q4_고가,0.0,0.014503895421418556,0.03036711281847354
745931968,이탈위험(90일+),Q1_저가,0.0,-0.01228455065944973,0.02857232939675544
745935680,이탈위험(90일+),Q3,,-0.02089806503519219,0.00994808327827372
745959808,관심필요(30~89일),Q3,1.0,-0.02703983400444457,0.014853966215556347
745991360,Active(<30일),Q4_고가,0.0,0.01211272304885258,-0.02164510722055124
746006208,Active(<30일),Q2,0.0,-0.012183151251918573,0.010506681179462962
746019200,이탈위험(90일+),Q3,,-0.012467859498157,0.04164910181308506
746043328,Active(<30일),Q2,0.0,0.008273922618032503,-0.041464753912802466
746102720,관심필요(30~89일),Q2,,-0.02846271204475931,-0.00995999347047094
746108288,이탈위험(90일+),Q1_저가,0.0,-0.010942286239092158,0.028910817652830753
746112000,이탈위험(90일+),Q2,0.0,0.03899185199421534,0.061306527835390895
746143552,이탈위험(90일+),Q4_고가,1.0,-0.013955725931339563,0.005923195147805593
746182528,이탈위험(90일+),Q2,,-0.01282401163522326,0.028342238159464447
746208512,관심필요(30~89일),Q2,,-0.01744482054863497,0.01701264932094361
746210368,관심필요(30~89일),Q1_저가,0.0,0.01885194413360136,0.061553056654850447
746215936,Active(<30일),Q2,1.0,0.014732415035993096,-0.06632362461619445
746219648,Active(<30일),Q3,0.0,-0.006276169510621973,0.012297490054778815
746228928,Active(<30일),Q4_고가,0.0,0.022861050896901713,-0.04939584943337971
746238208,관심필요(30~89일),Q3,0.0,-0.00991877544361107,0.04544865775327392
746243776,Active(<30일),Q4_고가,0.0,0.022215949906418286,0.07308617576689946
746280896,관심필요(30~89일),Q1_저가,0.0,-0.007175754521365166,0.046534868011282135
746284608,Active(<30일),Q4_고가,,0.016040768929466154,-0.015065738106033177
746299456,이탈위험(90일+),Q2,0.0,0.04230283243460076,-0.012094536637868664
746303168,이탈위험(90일+),Q2,0.0,-0.007712671084302292,0.002196425247501632
746310592,Active(<30일),Q4_고가,1.0,0.03670344888941335,0.06300736052446831
746327296,Active(<30일),Q4_고가,0.0,0.015907759656593745,-0.0064800952625387875
746356992,관심필요(30~89일),Q1_저가,0.0,-0.00916505346369098,0.03721946349285081
746379264,Active(<30일),Q2,0.0,0.021235858255380435,0.008308432123869336
746427520,Active(<30일),Q2,0.0,-0.02031864677520462,-0.02985882670591966
746429376,이탈위험(90일+),Q2,0.0,-0.012559667981433105,0.017837728132529165
746459072,이탈위험(90일+),Q2,1.0,-0.032678565788763964,-0.016887346020946825
746470208,Active(<30일),Q2,0.0,-0.013560200622763668,-0.007189101767290318
746477632,이탈위험(90일+),Q1_저가,,-0.008135279875620093,0.03435761828688656
746485056,Active(<30일),Q1_저가,0.0,0.061027257149795955,-0.019174059320941628
746501760,Active(<30일),Q2,0.0,-0.01879622278610038,-0.08122599227793148
746518464,관심필요(30~89일),Q1_저가,0.0,-0.012069539840846438,0.01829535744837335
746524032,Active(<30일),Q2,1.0,0.028462896551336714,0.009847963859708764
746533312,Active(<30일),Q1_저가,0.0,0.006786442581786567,0.06012908456909358
746572288,이탈위험(90일+),Q4_고가,0.0,-0.014359262376749685,0.0012463978681675897
746592704,이탈위험(90일+),Q4_고가,0.0,-0.01415836059254856,0.04063197139568275
746637248,Active(<30일),Q4_고가,0.0,0.012110378362308882,0.021471557702001043
746665088,Active(<30일),Q4_고가,0.0,0.010429572161228529,-0.0069728900774490565
746676224,Active(<30일),Q4_고가,0.0,0.011629623231168063,0.041438006054334064
746689216,Active(<30일),Q4_고가,0.0,0.038537757793395744,0.03991764757903393
746691072,Active(<30일),Q3,1.0,0.02075578634171249,0.049107936667784347
746694784,Active(<30일),Q1_저가,,0.04996830465872648,-0.05919743436616781
746724480,관심필요(30~89일),Q2,0.0,0.0006056763879325744,-0.00444006610790304
746728192,Active(<30일),Q3,0.0,-0.003859971292072717,-0.044201350342898404
746748608,이탈위험(90일+),Q1_저가,1.0,-0.01203633644423472,0.03690385872524457
746754176,관심필요(30~89일),Q3,0.0,-0.01126795724737989,0.06208350678499748
746778304,이탈위험(90일+),Q3,0.0,-0.01359127719294101,0.04107127170452216
746791296,관심필요(30~89일),Q2,0.0,0.006032452926988924,0.027857896111330077
746828416,관심필요(30~89일),Q4_고가,,-0.0010215297224390463,0.03851792886025729
746897088,관심필요(30~89일),Q1_저가,0.0,-0.01952689662991902,-0.040864584874608645
746923072,이탈위험(90일+),Q3,0.0,-0.005774992158619548,0.033436033655038805
746954624,관심필요(30~89일),Q1_저가,0.0,-0.00716320142643688,0.02377582874561611
746986176,Active(<30일),Q3,0.0,0.011286647327866994,-0.003553946683249487
747004736,Active(<30일),Q1_저가,,-0.0009296385480201813,0.04716921687336548
747088256,Active(<30일),Q2,0.0,0.043390771687230933,0.018890544355254946
747104960,Active(<30일),Q2,0.0,0.035859843153202675,0.016905143631555375
747110528,Active(<30일),Q4_고가,0.0,0.017588647538703928,-0.004649294485080002
747116096,이탈위험(90일+),Q1_저가,,-0.03990269375889699,0.0018625187600507243
747153216,Active(<30일),Q3,0.0,0.028403910150448963,0.06406669623135808
747155072,이탈위험(90일+),Q3,0.0,0.01067521599669452,0.05307862855957521
747201472,이탈위험(90일+),Q1_저가,0.0,-0.00970427172339517,0.025871947843026294
747205184,Active(<30일),Q3,0.0,0.014826875812146478,0.002066688623909796
747210752,Active(<30일),Q1_저가,0.0,-0.0015258223387705633,0.07527117250991805
747221888,Active(<30일),Q3,0.0,0.03406098013795389,0.05520920770718152
747242304,Active(<30일),Q4_고가,0.0,0.01854129149330952,0.05518999818888226
747249728,Active(<30일),Q4_고가,0.0,0.023835517206215906,0.0035111617016301278
747253440,Active(<30일),Q3,0.0,0.005894585017649168,-0.03735003343519838
747257152,Active(<30일),Q3,1.0,0.01510749607343731,0.005855631605414469
747264576,Active(<30일),Q4_고가,0.0,0.018146999888449034,0.016069517673290235
747266432,이탈위험(90일+),Q2,0.0,-0.01967761623855556,0.018124490791981862
747279424,Active(<30일),Q3,1.0,0.006678929626373148,0.08706641550149447
747283136,이탈위험(90일+),Q4_고가,1.0,-0.015843250308135326,0.027412332602441733
747294272,이탈위험(90일+),Q2,0.0,-0.019163803026392978,-0.023046525477895763
747305408,Active(<30일),Q4_고가,0.0,0.029607933836062333,0.07692790262810495
747338816,Active(<30일),Q3,1.0,-0.0043856709299076035,-0.03969385413262849
747359232,Active(<30일),Q1_저가,0.0,0.0261151288432262,0.0011751719911293756
747362944,Active(<30일),Q1_저가,0.0,0.018508091429047746,-0.012428689712357555
747381504,Active(<30일),Q4_고가,1.0,0.009481962248032771,-0.0037821795379414658
747385216,Active(<30일),Q4_고가,1.0,0.041808003046651554,-0.00558409720651476
747396352,Active(<30일),Q4_고가,,0.06062777513422207,0.04310241665913822
747413056,관심필요(30~89일),Q3,0.0,0.04491039768153518,0.05789219956085252
747435328,Active(<30일),Q3,1.0,0.0788793856835261,-0.001983992505717791
747453888,이탈위험(90일+),Q4_고가,1.0,0.007336180468401336,0.04228782842514975
747461312,Active(<30일),Q4_고가,0.0,0.012385912437475222,0.07454231860617799
747465024,이탈위험(90일+),Q1_저가,,-0.02311923211204546,-0.016861387256740606
747470592,이탈위험(90일+),Q4_고가,0.0,-0.013869670163074277,0.030124219178509132
747478016,Active(<30일),Q4_고가,0.0,0.05348160630494592,0.03044853671687242
747491008,Active(<30일),Q4_고가,0.0,0.022328053567344908,0.013845146062097635
747496576,이탈위험(90일+),Q1_저가,,-0.024360342861881226,-0.010478498865372332
747505856,이탈위험(90일+),Q2,0.0,-0.013235530374997903,0.036360094359063955
747509568,이탈위험(90일+),Q1_저가,0.0,-0.010640402281830809,0.02694015235354337
747609792,Active(<30일),Q2,0.0,0.026102946905517066,0.017309639605083804
747617216,Active(<30일),Q4_고가,0.0,-0.010334607087312583,0.031940744986604014
747624640,Active(<30일),Q1_저가,0.0,0.0032709176829193165,-0.11147043273101354
747632064,관심필요(30~89일),Q4_고가,0.0,0.0041653836127706345,0.1058675442624386
747669184,관심필요(30~89일),Q4_고가,0.0,-0.0003867283839601998,0.05925039646391528
747676608,Active(<30일),Q2,0.0,0.03444435863980644,0.07558216365873216
747734144,Active(<30일),Q4_고가,0.0,-0.001652998352099297,0.021277819945033305
747748992,이탈위험(90일+),Q2,0.0,-0.00448105726171423,0.02649278027026028
747819520,이탈위험(90일+),Q2,0.0,-0.012498884907781949,0.027679261563301458
747832512,Active(<30일),Q2,0.0,0.052095195213688106,-0.03302549700711921
747867776,관심필요(30~89일),Q1_저가,0.0,-0.021528115499203304,-0.025459204405720637
747899328,Active(<30일),Q3,0.0,0.03981690748201644,-0.07304286677053917
747910464,Active(<30일),Q3,0.0,0.015219176546808932,0.011637799207359079
747917888,관심필요(30~89일),Q1_저가,1.0,-0.016146652775781853,-0.004055445087933124
747919744,이탈위험(90일+),Q1_저가,0.0,-0.011284461396490898,0.0315943960762729
747942016,Active(<30일),Q3,1.0,0.02343256553899875,0.017077346994538334
747962432,이탈위험(90일+),Q1_저가,0.0,-0.002944213086282746,0.04805693646109388
747966144,관심필요(30~89일),Q3,0.0,-0.0011733855267364035,0.022506377896115287
747988416,이탈위험(90일+),Q4_고가,0.0,-0.0066821115325294,0.1658980070920632
747995840,Active(<30일),Q4_고가,0.0,0.016590127030198354,0.016663750842201508
748012544,Active(<30일),Q4_고가,0.0,0.02229717510884255,0.05240939765089048
748027392,이탈위험(90일+),Q1_저가,0.0,-0.008373767784723388,0.03220079910777876
748032960,Active(<30일),Q4_고가,0.0,0.009678511756696984,-0.0104411581148518
748036672,Active(<30일),Q4_고가,,-0.0024927056414020266,0.06639152757350628
748045952,Active(<30일),Q4_고가,1.0,0.03095081824069168,0.036674712533522724
748047808,Active(<30일),Q3,1.0,0.023412123655339512,0.0316810485931589
748057088,Active(<30일),Q3,0.0,0.02996062165688393,0.04401268294538696
748058944,Active(<30일),Q1_저가,0.0,0.032783183759429124,-0.001046205843025283
748068224,Active(<30일),Q3,0.0,0.04395531895552429,-0.006691490552588886
748075648,Active(<30일),Q4_고가,0.0,0.023286032638114573,0.03324024106664558
748077504,Active(<30일),Q3,0.0,0.01033683629859139,-0.009933259012242734
748094208,Active(<30일),Q4_고가,,0.019584750915739746,0.05699136769775204
748116480,이탈위험(90일+),Q1_저가,0.0,-0.010725816195277453,0.0127364320530053
748125760,이탈위험(90일+),Q4_고가,0.0,-0.020554136648902377,0.022947478054878206
748142464,이탈위험(90일+),Q1_저가,0.0,-0.010875334300566655,0.020258022252871946
748177728,관심필요(30~89일),Q4_고가,0.0,-0.03304155804243947,-0.00791529283735401
748185152,Active(<30일),Q4_고가,0.0,0.0598228446196139,0.032573013469410994
748190720,Active(<30일),Q2,,0.01960810656611367,0.006299364271722396
748216704,Active(<30일),Q2,,-0.012974327225845461,-0.03450830373845751
748224128,Active(<30일),Q3,0.0,0.02439460834127738,0.007786214115671486
748246400,Active(<30일),Q4_고가,0.0,0.05163691798426451,-0.0019526765527208
748248256,Active(<30일),Q3,,0.012618523480023125,0.010638405462501055
748276096,이탈위험(90일+),Q3,0.0,0.05713457214025014,0.0170538327789988
748281664,관심필요(30~89일),Q4_고가,,0.010469209725274209,0.08731844808532774
748283520,이탈위험(90일+),Q4_고가,1.0,-0.014507809680744228,0.01182644960677147
748289088,Active(<30일),Q2,0.0,-0.013030505485885718,-0.009666253783074591
748292800,Active(<30일),Q4_고가,1.0,0.01346563243921417,0.0010120780647591143
748294656,Active(<30일),Q4_고가,0.0,0.006877305595300809,0.04454039243003477
748303936,관심필요(30~89일),Q1_저가,0.0,-0.008606535750244046,0.04473833312245212
748309504,이탈위험(90일+),Q4_고가,0.0,-0.013661220062996887,0.02228285776571516
748320640,Active(<30일),Q2,0.0,0.03075622671779965,0.012908260467723864
748326208,Active(<30일),Q2,,0.028926677737448836,-0.00755196951169379
748335488,Active(<30일),Q2,0.0,-0.010817288543735759,-0.0048621561724729034
748341056,Active(<30일),Q3,0.0,0.01681875023640067,0.026662902095655583
748342912,Active(<30일),Q2,0.0,0.007865523726586637,0.024235636017681278
748367040,Active(<30일),Q1_저가,,0.05442760163286636,0.032134005386649234
748381888,Active(<30일),Q3,0.0,0.03298391774192022,0.03445639059086525
748396736,Active(<30일),Q3,,0.05941576348001809,0.07364534260128908
748454272,이탈위험(90일+),Q3,0.0,-0.012529029285628497,0.04710105853153303
748459840,Active(<30일),Q2,,0.021271252376296457,0.06597451716952307
748461696,관심필요(30~89일),Q2,0.0,-0.0016011539729325341,-0.026451471122672654
748470976,Active(<30일),Q4_고가,0.0,0.029015354233602353,0.06382654144422206
748515520,Active(<30일),Q2,1.0,0.07000808072027143,0.04260944456476434
748554496,Active(<30일),Q4_고가,0.0,0.01859041101442971,0.013171850538352126
748556352,Active(<30일),Q2,0.0,0.021588349908407245,-0.005462295217690316
748561920,Active(<30일),Q3,,0.006808363406710538,-0.039343207865285
748582336,Active(<30일),Q4_고가,0.0,0.019300387379314082,0.07158229406128946
748587904,Active(<30일),Q4_고가,0.0,0.042573723289035525,0.0713190060931953
748678848,관심필요(30~89일),Q1_저가,0.0,-0.01582045939484822,-0.03480026764581806
748680704,Active(<30일),Q3,0.0,0.01752579359139972,0.02410333969929057
748684416,관심필요(30~89일),Q4_고가,0.0,-0.02040409206851368,-0.034844066208152225
748708544,Active(<30일),Q4_고가,0.0,-0.012422153419983761,-0.053700860556879504
748710400,Active(<30일),Q4_고가,1.0,0.029201388543314943,0.06597653455306218
748717824,이탈위험(90일+),Q4_고가,0.0,-0.015097473102608991,0.023173897539458088
748762368,이탈위험(90일+),Q4_고가,0.0,-0.01056575816391292,0.047322767526746023
748769792,Active(<30일),Q2,0.0,0.04263999960087872,-0.022473403427475724
748771648,이탈위험(90일+),Q1_저가,0.0,-0.030688304792463844,0.005661450093976755
748777216,이탈위험(90일+),Q2,0.0,-0.012697082476232295,0.023238436317923744
748793920,관심필요(30~89일),Q4_고가,0.0,0.00989615022552498,-0.05098669774408188
748795776,관심필요(30~89일),Q3,0.0,-0.01659881262827745,-0.013726045425157596
748801344,Active(<30일),Q4_고가,,0.013828296995716638,0.007003720256931967
748805056,이탈위험(90일+),Q2,0.0,-0.011462871432956656,0.03642208179296534
748810624,Active(<30일),Q4_고가,1.0,0.03582046524057114,0.10677563063622453
748825472,Active(<30일),Q4_고가,0.0,0.02187984879611371,-0.00589095295816755
748829184,Active(<30일),Q2,0.0,-0.019815745402357865,-0.16253396143988152
748847744,Active(<30일),Q2,0.0,0.025289890469494702,0.007872756716632234
748871872,Active(<30일),Q4_고가,0.0,0.04822588644517889,0.05074615495852819
748873728,이탈위험(90일+),Q4_고가,0.0,-0.013997753260909733,0.004817931548019433
748877440,관심필요(30~89일),Q2,1.0,-0.010806747955669702,0.03789936332860469
748888576,관심필요(30~89일),Q3,1.0,0.013483568009951319,0.0937521909835024
748907136,Active(<30일),Q4_고가,,0.014538857686330342,0.04521418975273728
748910848,Active(<30일),Q2,0.0,0.01377333583452911,0.08223631043141721
748914560,Active(<30일),Q4_고가,0.0,0.02215773171007196,0.06478201691204233
748916416,Active(<30일),Q4_고가,0.0,0.027312740378734435,0.030752582508531745
748927552,Active(<30일),Q2,1.0,0.016894381834683392,0.04650880112640843
748936832,관심필요(30~89일),Q2,0.0,0.012304090811755986,-0.07814182456128466
748940544,Active(<30일),Q2,0.0,0.046020362585771746,0.028747520983621933
748946112,이탈위험(90일+),Q4_고가,0.0,-0.028497647934237633,-0.02961340353754724
748949824,Active(<30일),Q4_고가,0.0,0.03698361295403818,0.05236985486382362
748960960,Active(<30일),Q2,0.0,0.06791621250695912,0.019579059769674834
749016640,이탈위험(90일+),Q4_고가,0.0,-0.014692284782921311,0.019687050515065738
749018496,Active(<30일),Q2,0.0,0.020084248651189185,0.010173533247678668
749031488,Active(<30일),Q3,,0.036658894553482924,0.10366461807231298
749038912,이탈위험(90일+),Q4_고가,,-0.041926500857118604,0.023428706283572603
749044480,Active(<30일),Q1_저가,1.0,0.0833660773564433,0.013249012090652157
749046336,Active(<30일),Q3,0.0,-0.012290877607488065,-0.023349957496983764
749048192,Active(<30일),Q3,0.0,0.02147854075300104,0.026734056364023595
749059328,Active(<30일),Q1_저가,1.0,-0.01096984417962954,-0.04518900243146701
749089024,이탈위험(90일+),Q1_저가,,-0.011630739409922326,0.02727418814457458
749118720,Active(<30일),Q2,0.0,-0.01949196541455339,-0.025866654153866298
749131712,Active(<30일),Q4_고가,0.0,0.03355759420785953,-0.056232433866545306
749133568,이탈위험(90일+),Q3,0.0,-0.011989367121768936,0.03703403846711148
749139136,관심필요(30~89일),Q3,,-0.024033802731883075,0.020139637435526714
749140992,이탈위험(90일+),Q2,0.0,-0.026609820325130276,-0.003045633275346571
749153984,Active(<30일),Q1_저가,0.0,0.002453529989229125,-0.005900817236501155
749207808,Active(<30일),Q2,0.0,0.023447454288293534,0.060290006832903975
749220800,이탈위험(90일+),Q2,1.0,-0.036240593973084684,-0.040263392185321906
749226368,관심필요(30~89일),Q3,0.0,0.005470317501712341,0.08325550860037739
749243072,Active(<30일),Q4_고가,,0.034906928015350225,-0.0037669691713264064
749244928,Active(<30일),Q4_고가,0.0,0.016867059703942644,0.03972162197911211
749252352,이탈위험(90일+),Q3,0.0,-0.03758279858062186,-0.013395051329170182
749254208,관심필요(30~89일),Q3,0.0,0.004426162887278706,-0.019870647683304765
749272768,관심필요(30~89일),Q4_고가,1.0,0.05920101177996151,0.0145377317367833
749280192,Active(<30일),Q4_고가,0.0,0.0197168534128086,0.043806564669324644
749298752,Active(<30일),Q3,1.0,0.01593438109538914,0.006591396211818257
749322880,Active(<30일),Q4_고가,,0.0060781887619622,0.017433131623523335
749328448,이탈위험(90일+),Q4_고가,0.0,-0.014212229256933835,0.026157575266218563
749335872,관심필요(30~89일),Q3,0.0,0.008589943270829958,0.08193785610198401
749343296,이탈위험(90일+),Q3,0.0,-0.013190634411781359,0.029845467411353563
749347008,이탈위험(90일+),Q4_고가,0.0,-0.013894927398731799,0.035158395976523225
749369280,이탈위험(90일+),Q1_저가,1.0,-0.01176681632535527,0.036149141143001676
749374848,Active(<30일),Q1_저가,0.0,-0.00021548730460610455,0.07163460514965453
749385984,Active(<30일),Q4_고가,,0.03413701648525136,0.009249856077401253
749387840,Active(<30일),Q4_고가,1.0,0.020586454802659415,0.07742311478949304
749406400,관심필요(30~89일),Q2,0.0,0.004781657967886904,-0.017154516995584818
749428672,Active(<30일),Q3,0.0,0.0072847198359228815,0.06333603899115148
749430528,Active(<30일),Q4_고가,,0.023513230332097845,0.01415909681679317
749482496,Active(<30일),Q1_저가,0.0,-0.010488976431335062,-0.05993116518714825
749493632,관심필요(30~89일),Q2,0.0,-0.022728353597444018,-0.014484715427226041
749506624,관심필요(30~89일),Q2,0.0,0.005760210762224993,-0.013632553894058042
749517760,이탈위험(90일+),Q3,0.0,-0.013298586357820205,0.049439693408844146
749519616,Active(<30일),Q2,0.0,0.08984665814254855,0.042281233208487645
749556736,관심필요(30~89일),Q4_고가,0.0,0.008637271738998087,0.0870814361942247
749580864,관심필요(30~89일),Q2,0.0,0.01308294807009558,0.0879133368047027
749588288,이탈위험(90일+),Q2,1.0,-0.024655348762503207,-0.0434570581050612
749616128,관심필요(30~89일),Q3,0.0,0.001485975041849441,-0.05164934177098707
749660672,이탈위험(90일+),Q2,0.0,-0.012699386252987117,0.024921035017114415
749679232,Active(<30일),Q3,0.0,0.014131998567639359,0.04855803446400697
749682944,Active(<30일),Q3,0.0,0.029490237691742638,0.13560524751648972
749708928,관심필요(30~89일),Q1_저가,0.0,-0.023530116030532816,-0.010096784039538259
749716352,Active(<30일),Q3,0.0,0.033768178017048234,0.08898772699387181
749729344,Active(<30일),Q3,0.0,-0.00433921504663165,0.0138207490135632
749892672,이탈위험(90일+),Q3,0.0,-0.012664983125194706,0.033401575881543244
750024448,Active(<30일),Q4_고가,0.0,0.02669204070608,0.04608277563621688
750030016,Active(<30일),Q2,0.0,0.02391642382217518,0.008872568095094402
750150656,Active(<30일),Q1_저가,1.0,0.07342617387658312,-0.009297588121896239
750260160,Active(<30일),Q1_저가,0.0,0.03989625558362142,-0.060636289036625435
750403072,Active(<30일),Q3,0.0,0.03002518746766092,-0.019095563381255953
750427200,Active(<30일),Q4_고가,0.0,0.03237526045988098,-0.010304149128417928
750620224,Active(<30일),Q1_저가,0.0,0.027095905503753848,-0.023726297742692526
750904192,관심필요(30~89일),Q1_저가,0.0,0.018413836609597167,-0.04695553216114007
750920896,이탈위험(90일+),Q3,0.0,-0.01219564053374795,0.03233901820999695
751097216,Active(<30일),Q4_고가,0.0,0.02655083979806888,0.029399496299011008
751171456,Active(<30일),Q1_저가,1.0,-0.004265775066548572,-0.004516512765705527
751305088,이탈위험(90일+),Q2,0.0,-0.0402843024204107,-0.04777039805554342
751340352,Active(<30일),Q4_고가,0.0,0.028629870273719993,0.01936041111006659
751384896,Active(<30일),Q2,0.0,0.022269023319865355,0.009682090674284605
751442432,관심필요(30~89일),Q3,1.0,0.007192002755002536,0.14063216588766025
751579776,Active(<30일),Q1_저가,0.0,0.013116367946564983,0.03129197259175215
751605760,Active(<30일),Q2,0.0,0.030746132125811454,0.04966233694282007
751641024,Active(<30일),Q4_고가,0.0,0.03076903230839867,0.029584555086061726
751941696,이탈위험(90일+),Q2,0.0,-0.017562961142360223,0.005726630382661302
752054912,관심필요(30~89일),Q1_저가,0.0,-0.01287256581982063,0.015395058120120736
752064192,관심필요(30~89일),Q2,,-0.02440654432274325,-0.058029318782434114
752149568,관심필요(30~89일),Q4_고가,0.0,-0.007769490472109175,0.12881088309358724
752327744,Active(<30일),Q3,,-0.017601346380395566,-0.035945843457296456
752400128,Active(<30일),Q4_고가,,0.035618282466081785,0.04079440994625749
752431680,이탈위험(90일+),Q4_고가,1.0,-0.014056846294277413,0.033648382268041566
752474368,Active(<30일),Q4_고가,0.0,0.017789423825848694,0.04321097790352624
752513344,이탈위험(90일+),Q1_저가,0.0,-0.0032634122476796756,0.05158699292919178
752567168,관심필요(30~89일),Q2,0.0,-0.023805976205728663,-0.07216722867442743
752622848,Active(<30일),Q4_고가,0.0,0.039409047807640596,0.05314601061706725
752628416,Active(<30일),Q4_고가,0.0,0.011329041375984339,-0.01501634947076802
752697088,Active(<30일),Q1_저가,1.0,0.04556786064905949,-0.046182184445262675
752832576,Active(<30일),Q4_고가,0.0,0.06865735929885408,0.03318333427968656
752891968,관심필요(30~89일),Q3,1.0,-0.023291196077542042,-0.009037882206887615
752960640,관심필요(30~89일),Q2,0.0,0.01691565747087659,-0.06209261602555466
752997760,Active(<30일),Q4_고가,0.0,0.020324797289232532,-0.042958269254626535
752999616,이탈위험(90일+),Q3,0.0,0.01082988212017899,0.048388446769886705
753138816,Active(<30일),Q4_고가,0.0,0.013619752674506436,0.05548885110601265
753368960,Active(<30일),Q4_고가,0.0,0.040849982394495776,0.15669884596671513
753446912,이탈위험(90일+),Q4_고가,0.0,-0.01562479748608614,0.05601365297752667
753519296,이탈위험(90일+),Q4_고가,0.0,-0.011527689749819936,0.06739056499445284
754118784,Active(<30일),Q2,1.0,0.1185639524731612,0.030810103044130677
754187456,Active(<30일),Q3,0.0,-0.016392311998750797,-0.03652274865941013
754220864,관심필요(30~89일),Q2,0.0,-0.031499418818575486,-0.08061138752119135
754322944,Active(<30일),Q2,0.0,0.02019115003625571,0.010080291134765829
754714560,Active(<30일),Q1_저가,0.0,-0.012113245017987606,-0.012891429932091553
754866752,이탈위험(90일+),Q2,0.0,-0.024938650370378346,-0.026698228277807795
754998528,이탈위험(90일+),Q2,0.0,-0.01201512176148728,0.01614166992859639
755230528,관심필요(30~89일),Q4_고가,,-0.007744284000877455,0.005192381931971246
755384576,Active(<30일),Q3,0.0,-0.016414984605464977,0.04025461473546607
755657408,이탈위험(90일+),Q2,1.0,-0.014633020467624075,-0.020382466807840366
755943232,Active(<30일),Q1_저가,0.0,0.03171144246709634,-0.006445090612290594
756013760,Active(<30일),Q2,,0.02650865681070136,0.006465397630218805
756462912,이탈위험(90일+),Q4_고가,0.0,-0.014325578385267955,0.025998376884722174
756533440,관심필요(30~89일),Q1_저가,,0.02058367935211608,-0.02831909330791066
756553856,Active(<30일),Q4_고가,0.0,0.027954745554887972,0.04729791629493785
756720896,관심필요(30~89일),Q3,1.0,0.010778437236828364,0.10869474050336048
756847104,관심필요(30~89일),Q1_저가,0.0,0.007803197086869801,-0.001068326550875881
756854528,관심필요(30~89일),Q4_고가,,-0.0022976279413319256,-0.00503985767560608
757014144,관심필요(30~89일),Q4_고가,0.0,-0.03696899747731175,-0.01196750339055419
757021568,이탈위험(90일+),Q3,0.0,-0.02936395510580253,-0.026454396011519554
757279552,이탈위험(90일+),Q1_저가,1.0,-0.01195494186886871,0.02674636357253489
757307392,관심필요(30~89일),Q2,0.0,0.009789363757540581,0.05048696580842965
757372352,Active(<30일),Q1_저가,1.0,0.021693629905559453,-0.01674083385016356
757437312,관심필요(30~89일),Q3,,0.001977238099251988,0.06884300046327074
757554240,Active(<30일),Q1_저가,1.0,0.004278528111124627,0.03468876359027048
757639616,관심필요(30~89일),Q1_저가,1.0,0.015732984439539854,0.035998477079797975
757671168,관심필요(30~89일),Q3,0.0,-0.02437167727028222,0.021771748572322447
757693440,Active(<30일),Q1_저가,0.0,0.02252208805941562,0.04960753928457676
757699008,Active(<30일),Q3,0.0,0.008635762548949932,-0.042737093032877316
757812224,Active(<30일),Q3,0.0,0.005689673448625698,-0.041977335561045104
757830784,Active(<30일),Q3,0.0,0.03173649379216126,0.03718794002186021
757916160,관심필요(30~89일),Q3,0.0,-0.011635957776697195,0.04896093462570275
758072064,이탈위험(90일+),Q1_저가,0.0,-0.007563749031621686,-0.0408408389041629
758203840,이탈위험(90일+),Q4_고가,0.0,-0.01406546528769758,0.02656199349045342
758330048,Active(<30일),Q2,0.0,0.017558008277774872,0.04108951726010679
758380160,Active(<30일),Q1_저가,0.0,0.007859190071898503,-0.10476624198372719
758684544,Active(<30일),Q1_저가,0.0,0.08301973868763857,0.04212798586252936
758751360,Active(<30일),Q4_고가,,-0.010645301158518417,0.00832200233872965
758833024,이탈위험(90일+),Q2,,-0.0034156093852876213,-0.005609299507130433
758951808,Active(<30일),Q2,,0.03763988705820509,-0.029741263468097356
759059456,Active(<30일),Q3,0.0,0.02719274851861675,-0.006423447012671835
759133696,관심필요(30~89일),Q1_저가,0.0,-0.01214010536286908,0.0038167575888179844
759202368,이탈위험(90일+),Q4_고가,0.0,-0.03450739995163826,0.010077024696949266
759230208,관심필요(30~89일),Q4_고가,0.0,0.007008331667856804,-0.037565556781884335
759593984,관심필요(30~89일),Q2,0.0,-0.01628214979397212,0.029029735673626808
759625536,이탈위험(90일+),Q1_저가,0.0,-0.012080190264809956,0.03258721620587382
759638528,Active(<30일),Q4_고가,0.0,0.018937892836262793,0.018628102276838643
759699776,Active(<30일),Q2,0.0,-0.018620850381172116,-0.0029609909555431413
759770304,Active(<30일),Q2,0.0,0.0373775147347829,-0.0032536523854344024
759785152,이탈위험(90일+),Q3,1.0,-0.003697513885393383,0.01489486932337615
759807424,Active(<30일),Q3,0.0,0.016517581568356143,-0.018083057904238253
759955904,이탈위험(90일+),Q3,0.0,-0.03297810629214051,0.030926148167598894
759994880,Active(<30일),Q2,0.0,-0.015782532833876373,0.005326064735373837
760093248,이탈위험(90일+),Q1_저가,,-0.008113858152227323,0.024684014941638438
760100672,관심필요(30~89일),Q3,0.0,0.014002497565027583,0.09356610714103775
760377216,Active(<30일),Q1_저가,0.0,0.046722221683629495,0.0036948256806697
760393920,Active(<30일),Q3,0.0,0.018284726491930803,0.05188883451892934
760412480,관심필요(30~89일),Q1_저가,0.0,-0.006746642604130118,0.03148372082761855
760419904,이탈위험(90일+),Q4_고가,,-0.027604291576472456,0.02296030269105609
760431040,Active(<30일),Q4_고가,,0.018948945658573024,-0.018393643939451754
760755840,이탈위험(90일+),Q3,,-0.01234407860738454,0.003754828989758624
760796672,Active(<30일),Q2,0.0,-0.010797414732528543,0.05045652468730771
760882048,Active(<30일),Q3,0.0,0.012669063658862223,-0.0477242113138594
760991552,관심필요(30~89일),Q1_저가,0.0,-0.004972099339987282,0.035231757501532
761041664,이탈위험(90일+),Q4_고가,,0.00991690993733857,0.04717310254572092
761049088,Active(<30일),Q3,1.0,0.01827551437713093,-0.003975051912092353
761067648,Active(<30일),Q4_고가,0.0,0.05213302751290949,0.03263299296332456
761075072,Active(<30일),Q3,1.0,0.010514856480851043,-0.0636359170113524
761110336,Active(<30일),Q2,0.0,0.012330763343913698,0.021961725311139935
761114048,Active(<30일),Q4_고가,,0.011210468340185631,-0.0018724302279052307
761147456,Active(<30일),Q3,0.0,-0.008707691229205367,0.052093427819364255
761149312,이탈위험(90일+),Q1_저가,0.0,-0.01656544877061117,0.019023142477468433
761156736,Active(<30일),Q4_고가,0.0,-0.01208187106257691,-0.018311050860702782
761164160,이탈위험(90일+),Q2,0.0,-0.012490015427337409,0.032954071909567145
761169728,Active(<30일),Q3,0.0,0.009027301306469115,-0.03733219792662834
761182720,관심필요(30~89일),Q1_저가,0.0,-0.00926402347201001,0.04206065224381436
761210560,Active(<30일),Q3,,0.012574513842824042,-0.012171884547464651
761242112,Active(<30일),Q3,,0.00554241604056438,-0.040007518879194515
761245824,Active(<30일),Q1_저가,0.0,0.022203555445728163,-0.02764782244860642
761299648,관심필요(30~89일),Q4_고가,0.0,-0.006109131485209751,0.052873848093714315
761314496,이탈위험(90일+),Q3,0.0,-0.05236369246824801,0.06201841888623705
761346048,Active(<30일),Q4_고가,0.0,0.011467509920781382,0.05240405788684099
761366464,Active(<30일),Q3,0.0,0.03338702520469483,0.05008758306894734
761399872,관심필요(30~89일),Q2,1.0,0.011274958144698255,-0.04469654049400468
761403584,이탈위험(90일+),Q3,0.0,-0.004401480764691372,0.04639324099134011
761414720,Active(<30일),Q2,0.0,0.023922956893015823,0.006134817729211983
761505664,관심필요(30~89일),Q2,1.0,-0.028253809284803255,-0.02565945676286191
761533504,Active(<30일),Q1_저가,0.0,0.010747033258279498,0.03262917256298334
761539072,Active(<30일),Q4_고가,0.0,0.013447335843799202,-0.020086503422781732
761596608,Active(<30일),Q4_고가,0.0,0.03851690411896003,0.1119147831660966
761604032,Active(<30일),Q4_고가,,0.01600378071087394,-0.019317484734060586
761615168,Active(<30일),Q4_고가,1.0,0.022869963494962176,0.08158330454598259
761622592,Active(<30일),Q3,0.0,0.029736537104968375,0.0422342999909362
761624448,Active(<30일),Q1_저가,0.0,0.01613552643632782,-0.04194020883655858
761646720,Active(<30일),Q3,1.0,0.020107149800578816,0.0475401889060858
761657856,Active(<30일),Q1_저가,0.0,0.019552347710320328,0.012314032006248643
761680128,이탈위험(90일+),Q2,0.0,-0.01895215817102819,0.03158609700145994
761687552,이탈위험(90일+),Q1_저가,0.0,-0.024277172355495535,0.012928008178196171
761696832,이탈위험(90일+),Q2,0.0,-0.012804937933523282,0.017475287256581262
761702400,관심필요(30~89일),Q4_고가,0.0,-0.013788177898153314,0.0375850301491409
761724672,관심필요(30~89일),Q1_저가,0.0,-0.0017956320064393128,-0.0041239995431913146
761728384,Active(<30일),Q3,,0.01797053046293695,0.014748280226596133
761739520,Active(<30일),Q4_고가,0.0,0.007405062278208141,0.04014058432289436
761767360,Active(<30일),Q3,0.0,0.013656612643970334,0.02168062932264414
761776640,이탈위험(90일+),Q3,0.0,-0.04742281148091829,-0.0025278719709206088
761784064,Active(<30일),Q2,0.0,-0.014958298418818933,-0.018554505615810263
761802624,이탈위험(90일+),Q4_고가,,0.014838343153111583,0.04366057522579195
761815616,Active(<30일),Q4_고가,,0.012040446178509301,0.06263877363857617
761830464,Active(<30일),Q4_고가,0.0,0.02977715022973204,0.024072884956042984
761836032,관심필요(30~89일),Q2,1.0,0.008377311971155987,-0.012144917297783164
761847168,Active(<30일),Q4_고가,0.0,0.03686532216456295,0.02741891132014873
761865728,Active(<30일),Q3,1.0,0.05394446377664375,-0.007729071881885763
761886144,이탈위험(90일+),Q3,0.0,-0.013537301560941774,0.05098696158539368
761899136,Active(<30일),Q4_고가,,0.012792259520519211,0.014394938033172267
761949248,이탈위험(90일+),Q3,1.0,-0.02134783646594611,0.01115851640228073
761952960,Active(<30일),Q4_고가,0.0,0.03683270271935479,0.05647504283483107
762001216,이탈위험(90일+),Q3,,0.013962384893818361,0.07044776901130985
762055040,이탈위험(90일+),Q3,0.0,-0.024057014993632803,-0.03328323809862366
762107008,관심필요(30~89일),Q2,0.0,-0.023610827953032987,0.0008393632736138912
762121856,Active(<30일),Q1_저가,0.0,0.0037213762023254326,0.02073298372450097
762132992,관심필요(30~89일),Q3,0.0,-0.011590575538184267,0.05655648299825439
762140416,Active(<30일),Q1_저가,0.0,0.06920341389083606,0.03184008434135355
762147840,관심필요(30~89일),Q4_고가,0.0,0.0116968252832228,-0.05128224678559751
762153408,Active(<30일),Q1_저가,0.0,0.02296916484048328,-0.05493624656425311
762166400,Active(<30일),Q4_고가,,0.016049817837518132,0.022188268346081008
762173824,관심필요(30~89일),Q1_저가,0.0,-0.012624974205271491,0.02064639961734556
762184960,Active(<30일),Q3,0.0,0.04922714050140353,0.12015713395645289
762209088,이탈위험(90일+),Q4_고가,,0.02003114062208594,0.011623171896525536
762288896,Active(<30일),Q2,0.0,0.03438104013998522,0.009285239977155024
762305600,Active(<30일),Q4_고가,0.0,0.07995592241337268,-0.01826991263170119
762322304,Active(<30일),Q2,,0.008148975735239983,0.08713252535403343
762337152,Active(<30일),Q4_고가,,0.02454916752145453,0.055191536600144975
762342720,Active(<30일),Q1_저가,0.0,0.018023508535766786,0.03351320880956943
762352000,관심필요(30~89일),Q4_고가,0.0,-0.0008726711934657627,0.0029748555613191008
762355712,Active(<30일),Q3,,0.017273813155191498,0.0013632769918061616
762387264,관심필요(30~89일),Q3,0.0,-0.03288818376952274,-0.02944673122678454
762411392,관심필요(30~89일),Q1_저가,1.0,-0.005514593673309781,0.04653014770327632
762413248,관심필요(30~89일),Q3,0.0,-0.03423807794377337,-0.033404182495029855
762442944,Active(<30일),Q4_고가,0.0,0.014889411409506503,-0.0013096762557841535
762468928,Active(<30일),Q1_저가,0.0,0.025222695211531754,-0.1483758263131032
762476352,Active(<30일),Q4_고가,,0.004787055646256255,-0.05053607021624651
762487488,관심필요(30~89일),Q2,0.0,0.016478743328060097,-0.026903338473822258
762496768,이탈위험(90일+),Q2,0.0,-0.019377729010953748,0.01583320042913708
762513472,Active(<30일),Q4_고가,0.0,0.03550051971377777,-0.017435384017074007
762545024,관심필요(30~89일),Q3,0.0,-0.002869795175066414,-0.043468104655074224
762561728,Active(<30일),Q2,0.0,0.04167778045540205,0.03697521714946517
762606272,Active(<30일),Q3,0.0,0.005507209948343417,-0.09287493667144031
762608128,관심필요(30~89일),Q4_고가,0.0,0.008454420922747508,0.12571549107005875
762660096,Active(<30일),Q4_고가,0.0,0.03171205516807696,0.025203737711276042
762682368,Active(<30일),Q2,0.0,0.03721202430458803,0.03108560375376057
762695360,Active(<30일),Q4_고가,0.0,0.06867277855785892,-0.022177868140662305
762717632,Active(<30일),Q3,0.0,0.011356784521324104,0.007079736606758369
762721344,이탈위험(90일+),Q3,1.0,-0.0042651353169798345,0.0571311816122769
762732480,이탈위험(90일+),Q2,0.0,-0.018615557217463344,0.018911457585669658
762745472,관심필요(30~89일),Q4_고가,1.0,0.002493694606788388,0.12002163731748172
762762176,이탈위험(90일+),Q3,0.0,-0.034173470505185155,0.021509826027090034
762804864,Active(<30일),Q3,0.0,0.010229076498997292,-0.0032726825868747422
762823424,Active(<30일),Q3,1.0,0.004308346916240047,-0.06906416747234434
762827136,Active(<30일),Q2,,0.034854171177773674,0.008499909981831227
762882816,Active(<30일),Q2,,0.007894888949749324,0.00641739816839193
762895808,Active(<30일),Q1_저가,,0.011358990492128962,0.015018859107382987
762966336,Active(<30일),Q4_고가,0.0,0.011942249863692411,0.04699498197379259
762988608,Active(<30일),Q4_고가,0.0,0.015744491392833515,-0.05055245978938322
762990464,Active(<30일),Q1_저가,0.0,-0.00909167763055338,0.03168893415042401
763005312,Active(<30일),Q3,,0.03965858373879039,0.04515905095068684
763010880,이탈위험(90일+),Q4_고가,0.0,-0.015376388210068204,0.07066546692992004
763042432,이탈위험(90일+),Q2,0.0,-0.024638537884436568,-0.022134423017715316
763066560,이탈위험(90일+),Q4_고가,0.0,0.017816540299164664,0.060604164517249634
763068416,관심필요(30~89일),Q2,0.0,0.004047368561190756,-0.03253383811658181
763135232,관심필요(30~89일),Q4_고가,0.0,-0.014905643868241988,0.02073784256550551
763137088,이탈위험(90일+),Q3,0.0,-0.011838296293089273,-0.03616687917700756
763142656,이탈위험(90일+),Q2,0.0,-0.004608371648519585,0.03536632757376658
763213184,Active(<30일),Q4_고가,,0.03892277717844195,0.05819000795503493
763215040,Active(<30일),Q1_저가,0.0,-0.004424011772277331,0.03240950160895184
763281856,Active(<30일),Q4_고가,0.0,0.014164357748502554,0.005221035377358407
763285568,이탈위험(90일+),Q4_고가,0.0,0.08577297449595095,0.09820378966575899
763311552,Active(<30일),Q1_저가,,0.024025336951911003,-0.056694816996419206
763322688,Active(<30일),Q3,0.0,0.01787655065914029,-0.05093359394613983
763331968,Active(<30일),Q2,0.0,0.10211746072112116,-0.012779764502994118
763359808,관심필요(30~89일),Q4_고가,0.0,-0.01233232441023445,0.04359472096124589
763363520,Active(<30일),Q3,0.0,0.021479037408550727,0.010843100563136865
763378368,관심필요(30~89일),Q2,0.0,-0.02210501192951858,-0.03196718454795078
763404352,Active(<30일),Q4_고가,1.0,0.01894528391110495,0.058756656034445576
763406208,Active(<30일),Q1_저가,0.0,0.02095513776557756,-0.017995701196366842
763417344,이탈위험(90일+),Q4_고가,,-0.021018910575573674,0.011949191191966205
763452608,Active(<30일),Q2,0.0,0.019674669661160493,-0.030903408221536643
763476736,이탈위험(90일+),Q1_저가,0.0,-0.01939159203591767,0.003712583739928943
763478592,Active(<30일),Q4_고가,0.0,0.04182083349739907,0.019391056806543072
763482304,Active(<30일),Q1_저가,0.0,0.029278875677139826,-0.021195679633710607
763493440,Active(<30일),Q2,0.0,0.006308291505511265,-0.017128267120460894
763499008,관심필요(30~89일),Q2,,-0.014234007990323663,0.02439567852202608
763506432,Active(<30일),Q2,1.0,0.020591013992563245,0.06099994051545754
763515712,Active(<30일),Q4_고가,0.0,0.01703818485212083,0.06983161583298159
763517568,관심필요(30~89일),Q3,0.0,0.10562282068826928,-0.03544154984255021
763549120,Active(<30일),Q3,0.0,0.01734193429220976,-0.0026010627681194443
763569536,Active(<30일),Q2,0.0,-0.00727699880682342,-0.015138352766908364
763595520,관심필요(30~89일),Q2,,-0.02062212586006204,0.005991214903579983
763634496,이탈위험(90일+),Q1_저가,,-0.01170963322586354,0.03326713658829299
763660480,이탈위험(90일+),Q1_저가,0.0,-0.009652711893281235,0.03307281347540259
763679040,관심필요(30~89일),Q4_고가,,-0.029035223508773467,-0.020039080076521776
763682752,이탈위험(90일+),Q2,0.0,-0.039846436147281644,-0.036585038548862775
763723584,Active(<30일),Q2,1.0,0.07589319247285642,-0.05020859420223267
763742144,이탈위험(90일+),Q4_고가,0.0,-0.01324979214302787,0.014159195478684952
763762560,Active(<30일),Q4_고가,0.0,0.039411150175164056,0.05032827435395626
763790400,이탈위험(90일+),Q2,1.0,-0.012078867669072943,0.015484312201892642
763827520,관심필요(30~89일),Q2,1.0,-0.009002642194463104,0.05432474205237374
763844224,Active(<30일),Q1_저가,1.0,-0.0025752891427373026,0.050359514735588126
763875776,관심필요(30~89일),Q4_고가,1.0,-0.014016683923529213,0.042092959519481166
763925888,Active(<30일),Q4_고가,,-0.012580757160869982,0.03431192419382653
763931456,이탈위험(90일+),Q2,0.0,-0.011820422702473472,0.017036038382126778
763955584,이탈위험(90일+),Q1_저가,0.0,-0.007452616317274979,0.0012527346067604528
763964864,Active(<30일),Q4_고가,0.0,0.029796100898145883,0.07224424532531659
763972288,이탈위험(90일+),Q1_저가,0.0,-0.011877031664372172,0.03594323607132667
763974144,이탈위험(90일+),Q3,1.0,-0.01278769363810063,0.037411046240851634
763994560,Active(<30일),Q3,1.0,0.05402737559603005,0.015698657314373504
764076224,관심필요(30~89일),Q1_저가,1.0,-0.010460827956206079,0.012135563858016826
764118912,관심필요(30~89일),Q3,0.0,-0.032052174977042436,-0.04506609700704145
764144896,관심필요(30~89일),Q2,0.0,-0.01652303178345349,0.005837296799969485
764180160,Active(<30일),Q3,0.0,0.05912418018823623,0.03781108571545849
764204288,관심필요(30~89일),Q2,0.0,0.008056251197810227,-0.03940978016676727
764211712,Active(<30일),Q4_고가,0.0,0.043862693937888,-0.0062441408017456235
764232128,Active(<30일),Q4_고가,,-0.008109350832491757,-0.007778494575562234
764263680,이탈위험(90일+),Q3,0.0,-0.013297230587004709,0.040508882676956716
764271104,Active(<30일),Q4_고가,0.0,0.03130347363785968,0.030570861181084652
764284096,Active(<30일),Q3,,0.07157288599064215,-0.04071751516879485
764306368,관심필요(30~89일),Q2,,-0.02421796159620665,-0.043061512932598744
764310080,Active(<30일),Q2,0.0,0.04958911592972015,-0.04257051511198717
764313792,Active(<30일),Q3,1.0,0.06319865584928486,0.0017325503649217033
764315648,관심필요(30~89일),Q1_저가,0.0,-0.008351203147892089,0.00802005518682955
764326784,관심필요(30~89일),Q1_저가,,-0.02363221329253734,-0.038677020689507347
764328640,Active(<30일),Q4_고가,0.0,0.0312391635525352,0.11209508221581965
764330496,이탈위험(90일+),Q1_저가,1.0,-0.011834275289796414,0.030170159563281687
764332352,관심필요(30~89일),Q4_고가,0.0,0.007691319336123992,0.046406523218362694
764345344,이탈위험(90일+),Q2,0.0,-0.023224447985317226,-0.024364930765820275
764352768,Active(<30일),Q4_고가,0.0,0.025721350179344404,0.05833519342288174
764358336,이탈위험(90일+),Q1_저가,0.0,-0.010138970900040581,0.0391031654060362
764365760,이탈위험(90일+),Q1_저가,0.0,-0.008602916567327722,0.03582073852774592
764393600,이탈위험(90일+),Q2,0.0,-0.004787765467919425,-0.051014836954210996
764406592,Active(<30일),Q1_저가,,0.01623546717620583,-0.047842864712672406
764425152,이탈위험(90일+),Q3,,-0.020511066485655705,0.005621080092167732
764428864,Active(<30일),Q1_저가,0.0,0.006373196513033308,0.053562221076223465
764430720,관심필요(30~89일),Q2,1.0,0.004175778385471118,0.026383328767505182
764432576,Active(<30일),Q1_저가,0.0,0.0371454424942812,0.040411879918802684
764438144,이탈위험(90일+),Q3,0.0,-0.013095726571683425,0.024182354766296904
764480832,관심필요(30~89일),Q3,1.0,-0.02427184894928336,-0.049021164067453826
764493824,Active(<30일),Q2,0.0,0.006418049598317266,0.031161902187735402
764562496,이탈위험(90일+),Q2,1.0,-0.01764993117541705,0.002884945316189616
764566208,관심필요(30~89일),Q2,1.0,0.016154229709825718,-0.0340751606449351
764581056,Active(<30일),Q3,1.0,0.018376403221283533,0.0016633519683371123
764592192,Active(<30일),Q4_고가,0.0,0.02826638583389407,0.012555065832697498
764618176,관심필요(30~89일),Q1_저가,1.0,-0.014078776165141416,0.015823583442574757
764625600,Active(<30일),Q3,1.0,0.01570359099533636,0.010409281392982472
764649728,Active(<30일),Q4_고가,0.0,0.026083018397603075,0.01132893502746446
764692416,관심필요(30~89일),Q3,1.0,-0.04043550766225723,0.022222033859698342
764699840,Active(<30일),Q2,1.0,0.015988389379053447,0.02508045659579139
764714688,Active(<30일),Q4_고가,0.0,0.01130177213766459,-0.002783960930844376
764742528,관심필요(30~89일),Q2,0.0,0.013515475991365933,0.10126253488379489
764751808,Active(<30일),Q3,0.0,0.022262593613250115,0.006130492017980216
764762944,관심필요(30~89일),Q1_저가,,-0.01549812466727686,-0.009930284851057486
764774080,이탈위험(90일+),Q3,,-0.0102249496680486,-0.046384949311655904
764801920,이탈위험(90일+),Q1_저가,0.0,-0.017583848788995354,0.02374866110255855
764805632,Active(<30일),Q2,1.0,0.001833138130091727,0.03156517530269476
764811200,Active(<30일),Q2,0.0,0.0653444854004675,0.037253773689381764
764820480,Active(<30일),Q2,1.0,0.013716978223933363,-0.049275455005439395
764842752,Active(<30일),Q1_저가,0.0,0.010788677533998592,-0.1278581395435644
764855744,이탈위험(90일+),Q4_고가,0.0,-0.00646371042639543,0.03281220825423968
764948544,이탈위험(90일+),Q3,1.0,-0.020954167312005265,0.01497211188976387
764981952,Active(<30일),Q2,0.0,0.009527624143852553,-0.03970512851444197
764983808,이탈위험(90일+),Q1_저가,0.0,-0.016901226232798147,0.01597472333559033
765013504,Active(<30일),Q2,1.0,0.04374879436335832,0.046361086918297545
765032064,관심필요(30~89일),Q2,0.0,-0.016171448292397667,0.0238192285053149
765054336,Active(<30일),Q1_저가,0.0,0.02802747255544835,-0.03289687503954608
765076608,관심필요(30~89일),Q3,0.0,0.010829346020983066,-0.1547011366603383
765080320,Active(<30일),Q1_저가,0.0,0.016567714847628312,-0.03168226588396805
765084032,관심필요(30~89일),Q3,,-0.010695319671340894,0.06125381730272937
765106304,이탈위험(90일+),Q2,0.0,-0.0038416816193754255,-0.01120734763095746
765141568,관심필요(30~89일),Q4_고가,,0.0827215420263765,0.15097975238811945
765230656,Active(<30일),Q2,1.0,0.019696724317571135,-0.015596179795627718
765275200,Active(<30일),Q4_고가,0.0,0.029824268000001597,0.0627426650565065
765330880,Active(<30일),Q4_고가,0.0,0.04644523149121149,0.15228298429306641
765342016,관심필요(30~89일),Q1_저가,0.0,-0.008768542922790612,0.05082917771573767
765392128,Active(<30일),Q2,,0.037741138114464,0.009850676096398892
765462656,Active(<30일),Q3,0.0,-0.018780872323903963,-0.03479394666664143
765538752,Active(<30일),Q2,0.0,0.05515494836294277,0.0035602818459923302
765542464,Active(<30일),Q4_고가,0.0,0.005541301921864972,-0.04644375539321077
765555456,이탈위험(90일+),Q1_저가,1.0,-0.011268242725170907,0.016525136233291715
765598144,이탈위험(90일+),Q1_저가,1.0,-0.01112072978351978,0.023711604209357168
765638976,이탈위험(90일+),Q3,0.0,-0.01333156121359906,0.03252880475916314
765644544,Active(<30일),Q2,0.0,0.01664387528630168,-0.0002505099652663767
765661248,관심필요(30~89일),Q1_저가,,-0.00910020762047993,0.0366702278619989
765709504,관심필요(30~89일),Q4_고가,0.0,-0.01608294528102966,0.018002611144245256
765728064,이탈위험(90일+),Q3,0.0,-0.019171725838996137,0.021776696613340765
765752192,이탈위험(90일+),Q4_고가,,-0.013349895045767418,0.03140195985728188
765759616,관심필요(30~89일),Q3,0.0,-0.020572741925450916,0.012322036545816428
765791168,이탈위험(90일+),Q2,1.0,-0.012533560536900648,0.05916763375762944
765846848,이탈위험(90일+),Q4_고가,0.0,-0.014535707189398867,0.01706401573700886
765863552,관심필요(30~89일),Q2,0.0,0.011080882213899912,0.16031272936506552
765930368,Active(<30일),Q2,0.0,0.031212949029236436,0.01679457079118607
765973056,Active(<30일),Q2,1.0,0.05811539586441761,0.014177870785315183
765980480,관심필요(30~89일),Q4_고가,0.0,0.008519882385793931,0.007280842525367426
765986048,이탈위험(90일+),Q3,0.0,-0.030686346053161673,-0.027156475027936833
766015744,이탈위험(90일+),Q3,,-0.01868658643695069,0.013852546465641352
766051008,Active(<30일),Q4_고가,0.0,0.029214241522765638,0.03961103055823456
766076992,이탈위험(90일+),Q4_고가,0.0,-0.03712539930634523,0.06068407218491603
766088128,관심필요(30~89일),Q3,0.0,0.00438792476884764,0.1879427837761809
766091840,Active(<30일),Q1_저가,0.0,-0.01291160716612455,-0.07070565754315933
766115968,Active(<30일),Q2,0.0,0.026363778502185076,0.01855373272262162
766143808,이탈위험(90일+),Q1_저가,0.0,-0.011589831107697617,0.03469491897030101
766149376,이탈위험(90일+),Q2,1.0,-0.012698921701614407,0.03510110475953164
766169792,이탈위험(90일+),Q4_고가,,-0.022945387442038917,0.020113511179723362
766205056,관심필요(30~89일),Q2,1.0,-0.0017508095332925688,0.03832238171096147
766236608,Active(<30일),Q2,0.0,0.023271376035084446,0.018433292658305067
766266304,관심필요(30~89일),Q1_저가,0.0,-0.020132986685099663,0.008966688045409427
766271872,Active(<30일),Q2,1.0,0.04199264245777845,0.07386072242436426
766297856,이탈위험(90일+),Q2,0.0,-0.012660989023087092,0.03382429771398757
766305280,이탈위험(90일+),Q1_저가,1.0,-0.010722767119439987,0.03004981372883765
766422208,이탈위험(90일+),Q1_저가,1.0,-0.011076598168555073,0.03333997600620675
766437056,이탈위험(90일+),Q3,0.0,-0.024420785790261385,-0.07058497099478131
766448192,관심필요(30~89일),Q3,,0.008823360439988714,-0.1085424296685078
766461184,관심필요(30~89일),Q2,1.0,-0.01955485379954522,-0.01644510169939667
766503872,Active(<30일),Q2,1.0,0.053690089616023395,-0.003930160061299093
766505728,Active(<30일),Q3,0.0,0.025252969712187157,0.018886123084496664
766537280,Active(<30일),Q4_고가,0.0,0.018957355292911204,-0.0035255651560635037
766553984,관심필요(30~89일),Q4_고가,0.0,-0.0035482153079271356,0.01963143994528166
766622656,Active(<30일),Q3,1.0,0.05346244740076611,-0.019506511318065467
766644928,관심필요(30~89일),Q2,,-0.03619543307016426,-0.018603951373001637
766652352,이탈위험(90일+),Q4_고가,0.0,-0.021168516924088235,0.020639112177336744
766661632,관심필요(30~89일),Q2,1.0,0.013481630323014693,-0.007138339092282231
766672768,이탈위험(90일+),Q1_저가,0.0,-0.011209665170963619,0.028038566145629953
766685760,Active(<30일),Q2,0.0,0.018326328080992882,0.026556599596970654
766717312,이탈위험(90일+),Q1_저가,1.0,-0.011740854272400257,0.03741908545054373
766730304,Active(<30일),Q1_저가,0.0,0.05901670284520549,-0.03424162882256854
766735872,Active(<30일),Q3,0.0,0.007499891988536289,-0.0398073975243477
766806400,이탈위험(90일+),Q1_저가,,-0.027196589548683786,0.00137726582669577
766823104,이탈위험(90일+),Q1_저가,0.0,-0.011132849007608164,0.031371531536909275
766830528,Active(<30일),Q2,0.0,0.018970443155759242,-0.029677754823663305
766854656,이탈위험(90일+),Q3,1.0,0.00870335844783008,0.05746624116331572
766856512,Active(<30일),Q2,1.0,-0.0055866691920134215,0.010567993984372942
766897344,Active(<30일),Q2,0.0,0.0569692041288421,0.03932813909114874
766902912,이탈위험(90일+),Q3,,-0.0134091713838013,0.037000832169532906
766941888,관심필요(30~89일),Q3,,0.009784696769801815,-0.11356572156172212
766973440,이탈위험(90일+),Q1_저가,0.0,-0.009848454297745092,0.03686633238823235
767032832,관심필요(30~89일),Q2,0.0,-0.00911689569169595,0.05402487121541312
767036544,Active(<30일),Q2,1.0,-0.007407173763968267,0.06516025292372285
767075520,이탈위험(90일+),Q1_저가,0.0,-0.0229371660926109,-0.008541889785885534
767114496,이탈위험(90일+),Q1_저가,0.0,-0.011825941220698556,0.0428827500947496
767121920,관심필요(30~89일),Q3,,-0.009719517409467207,0.057717691503765836
767133056,이탈위험(90일+),Q2,0.0,-0.012545198035098216,0.02006124505672449
767142336,관심필요(30~89일),Q3,0.0,-0.032470534260485795,-0.05119607941634363
767146048,이탈위험(90일+),Q1_저가,0.0,0.023116048424650593,0.046592068193875485
767173888,이탈위험(90일+),Q3,0.0,-0.02656654766317161,-0.01405158288176514
767203584,이탈위험(90일+),Q4_고가,0.0,-0.011149095238785212,0.0433822411209121
767264832,Active(<30일),Q4_고가,1.0,0.021151084430409473,0.12097361269670914
767294528,이탈위험(90일+),Q4_고가,,-0.015918666285375284,0.02992504482287478
767366912,Active(<30일),Q4_고가,1.0,-0.011278833417006764,-0.014746445981332512
767404032,관심필요(30~89일),Q3,,-0.0031678821707376847,-0.011898351776219757
767437440,관심필요(30~89일),Q3,1.0,0.0027030945122354932,0.017041601341102913
767463424,관심필요(30~89일),Q4_고가,1.0,0.10009833525814693,0.063796694793885
767526528,Active(<30일),Q1_저가,0.0,-0.00718632840493183,-0.03768566940563589
767545088,관심필요(30~89일),Q4_고가,0.0,-0.01828457282461994,0.007347094808446267
767572928,Active(<30일),Q2,0.0,0.03695356548292156,-0.02167896962765853
767595200,Active(<30일),Q1_저가,,0.02002987307804338,-0.07311271031527677
767604480,이탈위험(90일+),Q1_저가,0.0,-0.010495377131142139,0.04153295539124123
767645312,이탈위험(90일+),Q3,,-0.013900986348047636,0.046243405033947645
767647168,관심필요(30~89일),Q2,1.0,-0.016965888400762894,0.018893097789083463
767764096,이탈위험(90일+),Q3,1.0,-0.02536525706409873,-0.008294313205851167
767782656,Active(<30일),Q3,0.0,0.027945214280082342,0.13869832921730652
767803072,이탈위험(90일+),Q2,0.0,-0.013122618876946504,0.023922795507390238
767829056,Active(<30일),Q3,0.0,0.024335002926872962,0.03696078275811243
767929280,Active(<30일),Q4_고가,0.0,0.0161013727355116,-0.01148282842980497
767951552,관심필요(30~89일),Q3,1.0,-0.002046425080319325,-0.018335762149433887
767960832,Active(<30일),Q2,,0.028513120999678593,0.05561120793525676
767966400,Active(<30일),Q3,0.0,0.07450024427259794,-0.04106659719570355
767971968,이탈위험(90일+),Q2,1.0,-0.005434617749068789,0.061706135917880905
767988672,이탈위험(90일+),Q1_저가,1.0,-0.023857468197245338,-0.0017533567442249431
768001664,Active(<30일),Q2,0.0,-0.014627754619767785,0.016485797013407938
768033216,Active(<30일),Q2,,0.03553433821676222,0.07668530929993789
768035072,관심필요(30~89일),Q3,0.0,-0.04133781897011607,0.07462446119746186
768042496,Active(<30일),Q4_고가,0.0,0.023352815690668938,0.0628498222384557
768107456,관심필요(30~89일),Q1_저가,0.0,-0.006353395082685967,0.045696448545525264
768118592,이탈위험(90일+),Q1_저가,1.0,0.014289743415391243,0.05399601198759516
768196544,Active(<30일),Q1_저가,,-0.0036074769974494825,0.02292922870433159
768207680,관심필요(30~89일),Q4_고가,1.0,-0.005014494279608428,-0.037656593819158396
768272640,이탈위험(90일+),Q2,0.0,-0.012372360756751404,0.02826036664330346
768293056,Active(<30일),Q4_고가,0.0,0.03848858978641867,-0.0009392943969471768
768307904,Active(<30일),Q4_고가,0.0,0.06467582015257956,0.04960574648651317
768315328,이탈위험(90일+),Q2,,-0.012468149939805308,0.03596162444248724
768319040,Active(<30일),Q3,0.0,0.014781656929434117,-0.0068578814109355735
768322752,관심필요(30~89일),Q4_고가,,-0.0052131837428646965,-0.03197419871507795
768332032,Active(<30일),Q3,0.0,-0.019598285837141627,-0.01876479971948536
768333888,이탈위험(90일+),Q2,1.0,-0.04075090308241158,-0.10547731025348858
768356160,이탈위험(90일+),Q2,0.0,-0.012857192934194003,0.03130421270346209
768371008,이탈위험(90일+),Q4_고가,0.0,0.07196339201443475,0.07526949593048515
768372864,관심필요(30~89일),Q2,0.0,0.013950617558823986,-0.04877918648337093
768406272,Active(<30일),Q1_저가,0.0,0.07535835456678996,0.0031039284347574303
768437824,관심필요(30~89일),Q1_저가,0.0,-0.010390689820391097,0.039371370955519736
768445248,관심필요(30~89일),Q4_고가,,-0.017632858870546275,0.03199851619980096
768458240,이탈위험(90일+),Q3,1.0,-0.012764115409040391,0.03499298352849532
768469376,Active(<30일),Q4_고가,0.0,0.03923322118795647,0.030030751641226483
768478656,Active(<30일),Q2,0.0,0.016629777274722923,0.011564241615764748
768497216,관심필요(30~89일),Q2,0.0,0.013374073624228044,-0.08783693387448849
768502784,관심필요(30~89일),Q4_고가,0.0,-0.014415057703874218,0.0327065266809779
768517632,Active(<30일),Q2,0.0,0.003267681921678256,-0.011684212085725232
768525056,Active(<30일),Q2,0.0,0.02924870445620764,-0.006907153115147113
768526912,Active(<30일),Q1_저가,,0.009566918118088186,-0.04965631286535366
768541760,이탈위험(90일+),Q4_고가,1.0,-0.01397035800431353,0.010561571226521418
768588160,관심필요(30~89일),Q4_고가,,-0.013169351161089735,0.03407625992740243
768606720,Active(<30일),Q1_저가,1.0,0.013194668355585248,-0.10706761639075257
768616000,관심필요(30~89일),Q2,1.0,-0.001823387924814901,-0.050720870961587394
768621568,Active(<30일),Q2,1.0,0.019739756384319462,0.03609256885471224
768625280,Active(<30일),Q4_고가,1.0,0.03844895632771317,0.003832110129998234
768656832,관심필요(30~89일),Q2,0.0,-0.026550159204733914,-0.02955204671813519
768664256,Active(<30일),Q1_저가,1.0,0.04726226943027212,-0.008049498819660661
768667968,관심필요(30~89일),Q4_고가,0.0,0.004453243627400794,-0.008923988766814717
768706944,Active(<30일),Q3,0.0,0.0236371643157354,0.07985490846235149
768740352,이탈위험(90일+),Q4_고가,0.0,-0.023390620518126154,0.06535385085711604
768751488,Active(<30일),Q3,1.0,0.016711147925557612,0.01461771295169667
768770048,관심필요(30~89일),Q2,1.0,-0.011987529974496342,0.022997762719359605
768792320,Active(<30일),Q2,0.0,0.03421582427494707,-0.003930004534756559
768803456,관심필요(30~89일),Q3,1.0,-0.0004455942478162611,-0.072449170877454
768820160,Active(<30일),Q1_저가,0.0,0.05097453058420709,-0.03552053717520143
768835008,이탈위험(90일+),Q1_저가,,-0.009701095001892132,0.029885574819500244
768899968,Active(<30일),Q2,0.0,0.04800466900191824,0.09491854589851689
768903680,이탈위험(90일+),Q2,1.0,-0.012581970479277477,0.023291019650207398
768918528,이탈위험(90일+),Q1_저가,,-0.019103334205471348,0.033905323331505616
768933376,Active(<30일),Q2,1.0,-0.010364184334217263,-0.06786763532621021
768935232,Active(<30일),Q1_저가,0.0,0.035671267905452275,0.02831078739863757
768953792,Active(<30일),Q4_고가,0.0,0.02183069510717711,0.05576909917310269
768974208,Active(<30일),Q3,0.0,0.02330800201840255,0.0752314413147015
768976064,Active(<30일),Q2,1.0,0.03428090805719963,0.014443505980831328
769041024,관심필요(30~89일),Q2,1.0,0.0008687474078083457,-0.018893172904165145
769074432,Active(<30일),Q3,0.0,0.021299852168007227,-0.04650424531070396
769076288,Active(<30일),Q2,1.0,0.029260653913224854,0.03155760726275714
769091136,Active(<30일),Q3,0.0,0.017826396569011638,0.011326410536179332
769206208,관심필요(30~89일),Q4_고가,1.0,-0.03009063703849915,0.00047418276096847234
769211776,Active(<30일),Q3,0.0,0.018793041213975736,-0.01880575734223555
769232192,이탈위험(90일+),Q1_저가,,-0.01187851510963052,0.03922352136499438
769235904,관심필요(30~89일),Q2,0.0,0.016878713984585292,0.0326639643306631
769263744,Active(<30일),Q4_고가,0.0,0.025230190281223863,0.019252139109607658
769276736,이탈위험(90일+),Q1_저가,,0.017660148848694282,0.04607801699859407
769286016,이탈위험(90일+),Q1_저가,0.0,-0.01970210450384287,-0.00014989327445168177
769295296,Active(<30일),Q2,,0.00022905004409456975,0.053484088963258236
769300864,Active(<30일),Q4_고가,1.0,0.0829346695164137,0.03516919080873071
769319424,이탈위험(90일+),Q3,0.0,-0.019683898413247483,-0.003050376398442689
769391808,Active(<30일),Q4_고가,0.0,-0.017472588521579846,-0.04207078575051976
769415936,Active(<30일),Q2,,-0.006849338597771093,-0.02522692696283943
769417792,Active(<30일),Q3,0.0,0.016961102913749193,-0.034442207227308286
769419648,이탈위험(90일+),Q2,0.0,-0.03174639911440366,0.004230172823466938
769460480,Active(<30일),Q2,0.0,0.016585708408224487,0.08708527960818635
769495744,Active(<30일),Q3,1.0,0.06016366931773942,0.10310328100583077
769506880,이탈위험(90일+),Q4_고가,,-0.013995500140077388,0.035577480456812464
769510592,Active(<30일),Q2,0.0,0.01530363994178019,0.04757541743946658
769512448,이탈위험(90일+),Q2,0.0,-0.009828172234711607,0.03662761468155745
769519872,이탈위험(90일+),Q1_저가,0.0,-0.0107744933446497,0.03033300333742192
769521728,이탈위험(90일+),Q4_고가,0.0,0.01957489868031946,0.05093609931586754
769532864,Active(<30일),Q2,0.0,0.02530250954988933,0.07431547947859884
769544000,Active(<30일),Q3,0.0,-0.004071638839072161,0.0681312786755292
769577408,Active(<30일),Q3,0.0,0.02699648375620034,0.020021710784024926
769607104,Active(<30일),Q2,0.0,-0.015259724021047055,-0.020251107081449837
769621952,이탈위험(90일+),Q3,,0.007559844072754451,0.06344241324652633
769638656,이탈위험(90일+),Q3,,-0.005396773331369578,0.06763466789288526
769675776,관심필요(30~89일),Q3,,-0.017731092629552705,0.0534368586630147
769712896,Active(<30일),Q3,0.0,-0.012084642378177524,0.0713786420489898
769727744,관심필요(30~89일),Q3,0.0,0.006498178092764706,-0.043217819271581526
769729600,Active(<30일),Q1_저가,0.0,0.039714238985511185,-0.04351029135812512
769748160,Active(<30일),Q2,,0.034501626284804854,0.04405934051797494
769774144,이탈위험(90일+),Q4_고가,0.0,-0.015185860826698254,0.025192825237849673
769781568,Active(<30일),Q4_고가,1.0,0.011809394984590327,0.009850285198387376
769798272,Active(<30일),Q1_저가,0.0,0.12679338756713388,0.12506644845446346
769833536,Active(<30일),Q3,1.0,0.0182462574195148,0.025980143656016752
769848384,Active(<30일),Q3,,-0.01662135825895117,-0.04137129800615996
769850240,이탈위험(90일+),Q4_고가,0.0,-0.014901307192433391,0.02204051691217504
769857664,이탈위험(90일+),Q4_고가,0.0,-0.0062430088400079395,0.03172922271829183
769865088,Active(<30일),Q1_저가,0.0,0.02212101837457936,-0.008842612491432367
769868800,이탈위험(90일+),Q4_고가,1.0,-0.024190660834785507,0.0171406845586779
769918912,Active(<30일),Q1_저가,1.0,-0.008869781428665374,0.0493312827169026
769948608,Active(<30일),Q4_고가,,0.02075310958473653,-0.011356194482943782
769959744,이탈위험(90일+),Q1_저가,0.0,-0.004038348208849463,0.026618888564023085
769978304,Active(<30일),Q2,0.0,0.02298225471844373,0.010051205883597092
769983872,이탈위험(90일+),Q1_저가,0.0,-0.011639573804773984,0.028907383319145746
770008000,관심필요(30~89일),Q2,1.0,-0.0076420739330974735,0.04153749429250851
770019136,Active(<30일),Q4_고가,,-0.023013034150633493,-0.15250445346495028
770087808,Active(<30일),Q2,1.0,0.040677379736435926,0.05342113186338038
770091520,관심필요(30~89일),Q1_저가,0.0,-0.004192536630841029,0.05400130804571947
770097088,Active(<30일),Q3,,0.025367455107662806,0.031425090715268444
770100800,이탈위험(90일+),Q1_저가,0.0,-0.010180809928589218,0.03727180826028455
770134208,이탈위험(90일+),Q1_저가,1.0,-0.003295288210971359,-0.003197657036419277
770195456,Active(<30일),Q1_저가,,-0.00447252896356061,0.03995568636815244
770262272,Active(<30일),Q3,1.0,0.015395762415862935,0.008230354182192867
770301248,Active(<30일),Q4_고가,0.0,0.011456620196625855,0.03565980463808044
770303104,Active(<30일),Q2,,-0.002707468655697487,-0.020014717607365118
770410752,Active(<30일),Q3,0.0,-0.002145449973796121,-0.003687851200093878
770427456,Active(<30일),Q2,0.0,0.02902140589449753,0.017747981679516855
770490560,Active(<30일),Q1_저가,1.0,0.03234939215163721,0.04323539481288188
770575936,관심필요(30~89일),Q4_고가,0.0,0.0015270801903359277,0.021446837320336032
770700288,Active(<30일),Q1_저가,0.0,-0.010491071368265575,0.0007990101024645813
770876608,관심필요(30~89일),Q3,1.0,-0.006040530086199869,-0.06325447127543943
771051072,관심필요(30~89일),Q1_저가,0.0,-0.021905942043557974,0.0023503032569223425
771093760,Active(<30일),Q2,0.0,0.025767509170834035,0.023711206797968898
771401856,이탈위험(90일+),Q2,0.0,-0.011940900781714475,0.012792952754599421
771448256,Active(<30일),Q4_고가,0.0,0.03986869929160097,0.07785669282222873
771468672,관심필요(30~89일),Q4_고가,0.0,-0.009836597264503227,0.040405120300011865
771477952,이탈위험(90일+),Q2,,-0.012483014195500651,0.021959106246260546
771539200,Active(<30일),Q2,0.0,0.02369720725655544,0.019538672160114734
771869568,Active(<30일),Q4_고가,1.0,0.04789180468489507,-0.00912146263711655
771895552,이탈위험(90일+),Q3,0.0,-0.013509418997171209,0.035132536767546504
772006912,관심필요(30~89일),Q4_고가,,0.01581304037029009,0.03213625954564488
772307584,Active(<30일),Q3,0.0,0.0186064736338446,-0.003076095057469863
772350272,이탈위험(90일+),Q4_고가,1.0,-0.007367592216258691,0.03548545730576026
772359552,Active(<30일),Q4_고가,0.0,0.0107949155486744,-0.00497338289091831
772383680,Active(<30일),Q1_저가,,-0.002541347472300892,0.05630590139432029
772465344,Active(<30일),Q1_저가,,0.028601655140250593,-0.08323499644263732
772851392,Active(<30일),Q2,0.0,0.030215696426698746,0.03561958403566812
772921920,관심필요(30~89일),Q4_고가,0.0,-0.025010847951725812,-0.08994057336326278
772947904,이탈위험(90일+),Q4_고가,0.0,-0.015448935777661849,0.04128566836383274
773051840,관심필요(30~89일),Q1_저가,0.0,-0.007753924112196511,0.04557873332589389
773113088,Active(<30일),Q1_저가,0.0,0.03217124983812003,-0.024834468362696982
773270848,이탈위험(90일+),Q4_고가,0.0,-0.014065403087743525,0.02800422595410723
773623488,Active(<30일),Q3,0.0,0.002736909563921336,-0.02922820356858133
773649472,Active(<30일),Q2,0.0,0.034877949334647496,0.03738929857972517
773939008,관심필요(30~89일),Q2,0.0,-0.019238239080132613,0.006069873472700216
774054080,Active(<30일),Q3,0.0,0.007290037230726534,0.08202475322167468
774326912,이탈위험(90일+),Q1_저가,0.0,-0.011711190153186925,0.039579016110005534
774393728,Active(<30일),Q2,0.0,0.04930671078822968,-0.014307223147505876
774510656,Active(<30일),Q1_저가,1.0,0.07935378125403916,0.08547134439851495
774544064,관심필요(30~89일),Q4_고가,0.0,-0.0007999431590164363,0.01199125110923882
774625728,Active(<30일),Q3,1.0,-0.019047374745856493,-0.015542273433212184
774644288,Active(<30일),Q2,0.0,0.010356108570914735,-0.07195258778541958
774673984,이탈위험(90일+),Q1_저가,0.0,-0.015766218670077103,0.0048815178389846475
774699968,이탈위험(90일+),Q4_고가,0.0,-0.01660202069965422,0.02731563814845378
774789056,이탈위험(90일+),Q3,0.0,-0.020287749563949853,0.019072876551239376
775099008,이탈위험(90일+),Q4_고가,0.0,-0.014234753301455197,0.012910468449190318
775167680,Active(<30일),Q1_저가,0.0,-0.008348270394832213,-0.09986529629324303
775227072,이탈위험(90일+),Q1_저가,0.0,-0.01620529060079401,0.01785969196400765
775321728,Active(<30일),Q2,0.0,0.021097078532169244,-0.0009817266034676253
775336576,Active(<30일),Q1_저가,,0.04951083567737513,-0.05499899621140697
775524032,Active(<30일),Q3,1.0,0.021786830967495452,0.06717961540725748
775542592,Active(<30일),Q4_고가,0.0,0.006221830848543886,0.0887486038231512
775564864,Active(<30일),Q3,0.0,0.03455580885010329,0.07203860689117947
775581568,Active(<30일),Q3,,0.03224566789975736,-0.007989540258304256
775850688,Active(<30일),Q2,0.0,0.0026204476814013222,0.004879300128384612
775887808,관심필요(30~89일),Q3,,-0.02552791817899211,-0.013400680048931635
775962048,Active(<30일),Q3,0.0,0.03300419740122251,0.04775842696085042
775978752,Active(<30일),Q4_고가,0.0,0.01192597349243063,-0.0083232758824211
776698880,Active(<30일),Q2,,0.01933668779776121,-0.004411218294704811
776737856,이탈위험(90일+),Q1_저가,0.0,0.013297104762399606,0.04900666336834071
776745280,이탈위험(90일+),Q3,0.0,-0.012804665513664396,0.03442061758142234
777012544,Active(<30일),Q4_고가,,0.03017521046011773,0.035158657359710466
777045952,Active(<30일),Q3,0.0,0.028971779693231392,-0.005807724718539409
777051520,관심필요(30~89일),Q4_고가,0.0,-0.02097158182845063,-0.00043381777445536396
777073792,관심필요(30~89일),Q4_고가,0.0,-0.011149147632995585,0.011181362876296189
777086784,관심필요(30~89일),Q2,,0.007106990270193125,-1.8546779358863397e-05
777120192,관심필요(30~89일),Q1_저가,0.0,0.01627352849086794,-0.021228820687494765
777127616,이탈위험(90일+),Q2,0.0,-0.01981151917920594,0.032834524916457414
777461696,이탈위험(90일+),Q4_고가,0.0,-0.01359925433508375,0.026691996446174107
777463552,Active(<30일),Q2,0.0,0.03341748831933489,0.02467500433173686
777470976,이탈위험(90일+),Q3,0.0,-0.02561388797956758,-0.033540790665872566
777664000,관심필요(30~89일),Q2,0.0,0.002310515554761028,0.15204878142766343
777808768,Active(<30일),Q3,0.0,0.03952420831029224,0.1250076563153869
777814336,Active(<30일),Q4_고가,1.0,0.036057548820738305,0.008800759458981733
778115008,Active(<30일),Q2,,0.06174338115879274,0.0814551267081296
778116864,이탈위험(90일+),Q1_저가,0.0,-0.007435050164704256,0.027417764691601218
778517760,관심필요(30~89일),Q2,,-0.021853170341584294,-0.005943875534336285
778608704,Active(<30일),Q3,0.0,0.003647705230010345,-0.09561883728956266
778656960,이탈위험(90일+),Q1_저가,0.0,-0.011538403911209902,0.018531819385692344
778790592,관심필요(30~89일),Q4_고가,0.0,0.0013852381356058707,0.009766102591133585
778892672,Active(<30일),Q3,0.0,-0.0012892053901867873,0.021796281603241874
778907520,이탈위험(90일+),Q4_고가,,-0.013452417844438722,0.02969401243380128
778922368,Active(<30일),Q1_저가,,-0.005240825160002224,0.026441247274467672
778965056,Active(<30일),Q3,0.0,0.029145688068811793,0.02779069168528192
779141376,관심필요(30~89일),Q3,1.0,-0.017421448607338103,-0.0020987657708149976
779312128,이탈위험(90일+),Q3,,-0.013746986452688563,0.03489509396766841
779455040,Active(<30일),Q1_저가,1.0,0.019784092607912168,0.0033362493791917747
779505152,Active(<30일),Q2,0.0,0.037578143012220955,-0.021657767339863354
779752000,관심필요(30~89일),Q2,0.0,-0.03558149452366077,-0.012563191736128354
779777984,관심필요(30~89일),Q1_저가,,-0.007081455443127757,0.044906302132730946
779985856,Active(<30일),Q2,,0.002734377882315564,-0.004397957294473842
780054528,이탈위험(90일+),Q4_고가,0.0,-0.014704276848804786,0.02398433881660665
780219712,Active(<30일),Q3,0.0,0.017691230205304498,0.0034052294784555626
780306944,Active(<30일),Q3,0.0,0.08738552073136518,0.058692546429853776
780381184,관심필요(30~89일),Q1_저가,0.0,-0.02130399684161194,0.0290703306566861
780436864,Active(<30일),Q2,0.0,0.04303716508972977,-0.0003326868482474987
780735680,이탈위험(90일+),Q4_고가,,-0.01328155652682119,0.01490753580812959
780793216,Active(<30일),Q4_고가,0.0,0.029664461985439317,0.003822453106387236
780854464,이탈위험(90일+),Q4_고가,0.0,-0.022182714401349196,-0.0067432895530791515
780886016,Active(<30일),Q4_고가,,0.040297720843862406,0.015093622217297487
780980672,관심필요(30~89일),Q3,,-0.004966387316724941,-0.04451224081788224
780999232,Active(<30일),Q4_고가,,0.02384803474853181,0.02509621441128662
781010368,이탈위험(90일+),Q1_저가,0.0,-0.011123262753617712,0.02189336493935083
781019648,Active(<30일),Q3,0.0,0.03681222134497397,0.07909527720616838
781066048,Active(<30일),Q3,,0.022577940459743817,0.04726274240397055
781190400,Active(<30일),Q4_고가,0.0,0.021583428255777193,-0.0025422937589770767
781348160,Active(<30일),Q3,1.0,0.03320708857867616,0.047573055346223914
781359296,Active(<30일),Q4_고가,0.0,0.015634332603368883,0.04002553640323914
781710080,이탈위험(90일+),Q4_고가,1.0,-0.013977087576369153,0.007223414319316626
781786176,이탈위험(90일+),Q3,0.0,-0.012900211190479328,0.03534313691089138
781947648,Active(<30일),Q4_고가,,-0.002118637256919298,-0.03425539517796694
782047872,이탈위험(90일+),Q1_저가,,-0.009375646972025947,0.031518547193195905
782075712,관심필요(30~89일),Q4_고가,0.0,0.07611457466570892,0.1447994309248073
782235328,관심필요(30~89일),Q3,1.0,-0.028400844963409333,-0.07155301821357551
782634368,이탈위험(90일+),Q3,,-0.009615186518589613,0.007710195450781665
783079808,Active(<30일),Q4_고가,0.0,0.015821998576850405,0.026570850903974375
783089088,Active(<30일),Q2,1.0,0.039133516006889635,0.001969923567625931
783380480,관심필요(30~89일),Q4_고가,1.0,-0.014365164515539985,0.032805852870416555
783480704,관심필요(30~89일),Q3,0.0,0.01331166758120006,0.014550464173218258
783540096,관심필요(30~89일),Q4_고가,0.0,-0.0032811784028360796,0.06539465347235893
783556800,이탈위험(90일+),Q4_고가,,-0.0333023894367141,0.004737191410333075
783924288,이탈위험(90일+),Q3,,-0.027462957229909837,-0.02161429201760265
784015232,이탈위험(90일+),Q1_저가,,-0.009622131769802728,0.03297657859087495
784052352,Active(<30일),Q1_저가,,0.04652632586888561,0.0071272266710260546
784091328,관심필요(30~89일),Q3,0.0,0.008968227041424748,-0.023866422588524006
784104320,Active(<30일),Q4_고가,0.0,0.01287215861731239,0.0016109639175677648
784284352,이탈위험(90일+),Q1_저가,0.0,-0.011191940679519764,0.03683260964472311
784688960,Active(<30일),Q1_저가,0.0,0.02325486361500473,-0.11687479521986632
784722368,관심필요(30~89일),Q2,0.0,-0.03347649402367653,-0.039350539821788044
784802176,이탈위험(90일+),Q1_저가,0.0,-0.00963421367252646,0.030005720233279992
784911680,Active(<30일),Q3,0.0,0.017622602276194388,0.010424021634294567
784924672,관심필요(30~89일),Q1_저가,0.0,-0.01892490708104355,-0.021074719333279646
785034176,이탈위험(90일+),Q4_고가,,-0.014059457931246667,0.030743829172234366
785043456,Active(<30일),Q3,,0.0656551762887313,0.028592373544944705
785067584,이탈위험(90일+),Q1_저가,0.0,-0.01115410625059323,0.02626091401393696
785117696,Active(<30일),Q1_저가,0.0,0.052111090285917316,-0.05470724898981827
785390528,이탈위험(90일+),Q2,,-0.013023283191838916,0.03913597679330493
785600256,Active(<30일),Q1_저가,0.0,0.0008350398529633485,-0.022626908578572746
786036416,이탈위험(90일+),Q1_저가,1.0,-0.026693562742465454,0.0024473527576079623
786108800,Active(<30일),Q4_고가,,0.032468604543289925,0.049741988518610114
786110656,Active(<30일),Q1_저가,0.0,0.049455751130692005,-0.014262649924531856
786357504,Active(<30일),Q1_저가,0.0,-0.006416343148974185,0.060740562648657154
786392768,Active(<30일),Q4_고가,0.0,0.01849159896488417,0.01819076193186331
786409472,Active(<30일),Q1_저가,0.0,0.04047995776275237,0.06784893718300511
786530112,Active(<30일),Q4_고가,0.0,0.012108506202190505,-0.04626208414906263
786634048,이탈위험(90일+),Q3,0.0,-0.027736416075139006,-0.002181939770833599
786981120,이탈위험(90일+),Q3,0.0,-0.0134609866397526,0.04072063562652777
786990400,Active(<30일),Q3,0.0,-0.020176972767976753,-0.027793658926034026
787320768,Active(<30일),Q3,0.0,0.01583293204559133,-0.016173472045034165
787385728,이탈위험(90일+),Q1_저가,0.0,-0.020430217013043844,0.021244424836854306
787742080,Active(<30일),Q2,,0.02803215898340894,0.041182803656316436
787743936,관심필요(30~89일),Q2,0.0,0.1182645642858447,-0.06447688443732796
787901696,이탈위험(90일+),Q1_저가,0.0,-0.011035204119035594,0.03426263320608495
787903552,관심필요(30~89일),Q2,,0.09868459030571869,0.09435787801812875
787949952,Active(<30일),Q1_저가,,0.12341382253516309,0.049360839627758835
788155968,관심필요(30~89일),Q3,0.0,0.013057204387455501,0.10409580405819963
788339712,관심필요(30~89일),Q3,0.0,-0.024731362599897,-0.03645898093327765
788345280,Active(<30일),Q1_저가,1.0,0.018446607773014545,0.021935510635141264
788519744,Active(<30일),Q2,1.0,0.02482654840469778,0.006727668157352817
788543872,관심필요(30~89일),Q2,0.0,0.01843889524748836,0.062275442726296135
788757312,Active(<30일),Q2,0.0,0.018177420868591865,0.04392172745751888
788779584,Active(<30일),Q3,1.0,0.020936126865412574,-0.04404020757219307
788809280,이탈위험(90일+),Q2,0.0,-0.01791761481686452,-0.005616932723332468
789030144,관심필요(30~89일),Q1_저가,0.0,-0.00993757690477974,0.04507610331701725
789108096,관심필요(30~89일),Q1_저가,0.0,0.00040978021299978296,-0.03593098704358508
789145216,이탈위험(90일+),Q3,0.0,-0.031933116820120344,0.017689775726568574
789208320,관심필요(30~89일),Q3,0.0,-0.008778447819716734,0.05196286436604089
789271424,Active(<30일),Q3,0.0,0.012458627535463118,0.1032923931630805
789843072,관심필요(30~89일),Q1_저가,0.0,-0.011389794049941157,0.022938283243716107
790145600,Active(<30일),Q3,1.0,0.024885297034408227,0.020953853841751857
790182720,Active(<30일),Q2,,0.022493149053992467,-0.023391907537432366
790255104,이탈위험(90일+),Q3,0.0,-0.021185692849174,0.02235746049407436
790351616,관심필요(30~89일),Q1_저가,0.0,0.013500823366367626,-0.07499891509696877
790670848,관심필요(30~89일),Q1_저가,0.0,-0.00866026747169335,0.03449853380347
790704256,Active(<30일),Q4_고가,0.0,0.024769329357730685,0.0021588839291002415
790728384,이탈위험(90일+),Q4_고가,0.0,-0.008142384144159166,0.04386235303423913
791506048,Active(<30일),Q1_저가,0.0,-0.0063127954615347925,-0.03876989622930613
791550592,관심필요(30~89일),Q4_고가,0.0,-0.003971219027570305,0.03238573948583723
791693504,Active(<30일),Q2,0.0,0.0024285347954874914,-0.07587542358850641
791741760,이탈위험(90일+),Q1_저가,1.0,-0.0115165664037329,0.030421700106839908
791756608,Active(<30일),Q2,0.0,0.038390471095605117,0.010707177722363959
791949632,Active(<30일),Q2,0.0,0.022880585104488316,-0.09273670873334439
791951488,이탈위험(90일+),Q1_저가,,-0.010719702007592556,0.04436921137059756
792053568,관심필요(30~89일),Q3,0.0,-0.003723953864851637,-0.007524541319397893
792073984,Active(<30일),Q2,,0.014613553363142628,-0.04259897474844149
792168640,이탈위험(90일+),Q1_저가,0.0,-0.027372110038299063,-0.0007051703622061034
792202048,Active(<30일),Q1_저가,1.0,-0.003366735890821551,0.02676657853422104
792363520,관심필요(30~89일),Q2,0.0,-0.01524390816172412,0.015102144966176151
792573248,Active(<30일),Q2,0.0,0.041213725404660284,-0.10858333775072093
792615936,이탈위험(90일+),Q1_저가,0.0,-0.0051887180427495905,0.014025978380533599
792851648,Active(<30일),Q1_저가,0.0,-0.01319369199418513,-0.007012914217705057
793319360,관심필요(30~89일),Q2,0.0,0.004325184015259942,0.02438639376445051
793462272,관심필요(30~89일),Q1_저가,1.0,-0.010316144109997927,0.03010828689563043
793675712,Active(<30일),Q3,,0.015835983774781626,-0.0473264362236428
793859456,이탈위험(90일+),Q3,,-0.013257278303799767,0.045831489777607655
793959680,Active(<30일),Q2,,-0.017245477605521586,0.00320689528458451
793989376,이탈위험(90일+),Q4_고가,0.0,-0.008388770992216375,0.034512114249191636
794243648,Active(<30일),Q3,,0.02706326392996905,0.05834149062504179
794316032,이탈위험(90일+),Q4_고가,0.0,-0.014649230407982737,0.024330148753658673
794683520,Active(<30일),Q4_고가,,0.039830678595360935,0.12520367806025878
794755904,Active(<30일),Q4_고가,0.0,0.016512314338677503,-0.04225774367698232
794800448,Active(<30일),Q4_고가,1.0,0.016006635382255996,0.04195828997771245
795051008,이탈위험(90일+),Q4_고가,0.0,0.0285404740191344,0.014614727071270928
795149376,Active(<30일),Q2,0.0,0.032178774701684065,-0.10328476915131568
795240320,이탈위험(90일+),Q2,0.0,-0.0060523545003004775,0.025335909512823884
795346112,이탈위험(90일+),Q3,0.0,-0.013251866355015962,0.03874035424987649
795366528,이탈위험(90일+),Q2,0.0,-0.013195472207781202,0.035199665635383307
795685760,관심필요(30~89일),Q2,,-0.016035607448902464,0.02524239577318399
795732160,Active(<30일),Q4_고가,0.0,0.011456683380181354,0.048440236417793325
795778560,이탈위험(90일+),Q1_저가,0.0,-0.03955029181516534,0.039125426460602686
796003136,Active(<30일),Q4_고가,0.0,0.03586656372283037,0.005084359185837606
796034688,이탈위험(90일+),Q2,0.0,-0.012246163678838198,0.03952165995542923
796133056,Active(<30일),Q3,0.0,0.051430508320170154,0.03760938420036897
796236992,Active(<30일),Q2,0.0,0.013521778046497984,0.05440666378923545
796300096,이탈위험(90일+),Q2,,-0.011758388020593563,0.033008002599665534
796446720,이탈위험(90일+),Q3,0.0,-0.03989010332551482,-0.022090971026932416
796491264,이탈위험(90일+),Q4_고가,0.0,-0.013988980081664722,0.03006694538202416
796584064,Active(<30일),Q2,0.0,-0.010718963468820758,0.03701704902420219
796658304,Active(<30일),Q2,0.0,-0.008390035189975553,-0.0558511070574822
796990528,Active(<30일),Q2,,0.025536579365042833,0.027512465483449544
797296768,Active(<30일),Q2,0.0,0.012441444600943985,-0.0051691604355404985
797309760,Active(<30일),Q4_고가,0.0,0.0047076721687273615,0.022704217804503102
797367296,Active(<30일),Q4_고가,0.0,0.0368549525994013,0.0533065096445382
797523200,이탈위험(90일+),Q1_저가,,-0.007335316204341413,0.03851333164341955
797539904,Active(<30일),Q1_저가,0.0,0.05134232521484494,-0.03734093638210484
797872128,이탈위험(90일+),Q3,0.0,-0.013495833531885083,0.034387042059592116
797899968,Active(<30일),Q3,0.0,0.023881733052579346,0.02082733632168654
798299008,Active(<30일),Q3,0.0,0.034261529136297764,0.0714318064887205
798310144,관심필요(30~89일),Q4_고가,0.0,-0.013378233393834232,0.019225852577876096
798317568,Active(<30일),Q3,0.0,0.07961190980715532,0.03365916352038223
798365824,관심필요(30~89일),Q2,0.0,-0.010354576315943678,0.024636893716284705
798490176,Active(<30일),Q1_저가,0.0,0.02719037989396189,-0.031591006940393296
798510592,관심필요(30~89일),Q4_고가,0.0,0.0029074232570123204,0.0034242446446014485
798518016,이탈위험(90일+),Q1_저가,0.0,-0.009255418051088052,0.03473867704487593
798757440,Active(<30일),Q1_저가,,-0.0054413883124351525,0.04185921719558164
798943040,이탈위험(90일+),Q1_저가,0.0,-0.01595139522404443,0.012464208741371455
799085952,관심필요(30~89일),Q4_고가,1.0,-0.028988175804743666,0.03976319238196413
799089664,Active(<30일),Q4_고가,0.0,0.022798824566534814,-0.00416242051754534
799366208,Active(<30일),Q1_저가,0.0,0.05058781582182882,0.06656966223500269
799429312,이탈위험(90일+),Q1_저가,0.0,-0.027381318461696308,0.007583251186206036
799505408,관심필요(30~89일),Q2,,0.0019641347823466104,-0.00975072221042339
799583360,이탈위험(90일+),Q1_저가,0.0,-0.011377703234002952,0.02327233803274277
799611200,관심필요(30~89일),Q3,,-0.020823104590945052,-0.021500739224010135
799770816,Active(<30일),Q4_고가,,0.04493350126632567,0.03316007273152277
799776384,관심필요(30~89일),Q1_저가,,-0.00825353666547507,0.048727618149573715
799950848,이탈위험(90일+),Q1_저가,1.0,-0.011405279214597643,0.034514613901779595
800143872,이탈위험(90일+),Q2,,-0.012324669302250749,0.033124089731697864
800182848,이탈위험(90일+),Q4_고가,0.0,-0.014462201312937031,0.03403338892399933
800219968,Active(<30일),Q4_고가,0.0,0.017787646979338212,0.07832512485586274
800492800,이탈위험(90일+),Q4_고가,,-0.01466717293013188,0.0009200698176388966
800633856,이탈위험(90일+),Q2,0.0,-0.013201782881534507,0.03728417481005418
800826880,Active(<30일),Q2,1.0,0.016326264880052177,0.05214375494062584
800934528,이탈위험(90일+),Q3,,0.0316504734183147,0.0432299510915133
800992064,Active(<30일),Q1_저가,0.0,0.034729170360332184,0.025563668309632637
801090432,관심필요(30~89일),Q3,1.0,-0.009824999427573103,0.050328676628029326
801242624,관심필요(30~89일),Q3,0.0,-0.003867376964198005,0.0044286765368208025
801422656,Active(<30일),Q2,0.0,0.0456454286628043,0.021095803752750553
801469056,Active(<30일),Q2,0.0,0.045906474444462164,0.049741397983407265
801604544,Active(<30일),Q3,,0.024396399230054433,0.04659228551927441
801699200,이탈위험(90일+),Q3,0.0,-0.03194384070888226,-0.0007158689523574513
801701056,Active(<30일),Q4_고가,0.0,0.025502669976604997,0.043433917092307706
801936768,Active(<30일),Q2,0.0,0.037802246728615096,0.04494619011751799
802194752,Active(<30일),Q1_저가,0.0,-0.01395088931488117,-0.02329682002642572
802209600,Active(<30일),Q2,0.0,-0.011369069402110243,-0.12448398463731086
802218880,Active(<30일),Q2,0.0,-0.012498696952019217,-0.05615418440449771
802352512,이탈위험(90일+),Q1_저가,0.0,-0.011303034183163217,0.025476600708386588
802393344,Active(<30일),Q3,0.0,0.013779894369562173,-0.08687140604940019
802591936,Active(<30일),Q2,1.0,0.024682127193711212,-0.021712748924158642
802658752,이탈위험(90일+),Q2,,-0.037035280155567285,-0.08570217643057501
802723712,이탈위험(90일+),Q1_저가,,-0.011042979614747053,0.04434881943426881
802987264,Active(<30일),Q1_저가,0.0,-0.0022532119913254434,-0.01752214548056799
803117184,이탈위험(90일+),Q2,0.0,-0.01859515804761744,0.01706539063041987
803143168,Active(<30일),Q3,0.0,0.014207742715078853,-0.001813347452330416
803184000,이탈위험(90일+),Q2,0.0,-0.012539939686243284,0.02788273656755
803364032,이탈위험(90일+),Q4_고가,0.0,-0.0150589916973587,0.029136724645144926
803388160,관심필요(30~89일),Q2,,-0.009122108005040375,0.03344771420536623
803846592,이탈위험(90일+),Q2,0.0,-0.03348995069578864,-0.012245547670881735
804067456,이탈위험(90일+),Q3,1.0,-0.01938372923461895,-2.6149117587942472e-05
804071168,Active(<30일),Q2,1.0,0.10551903563982012,-0.05086376734436204
804375552,이탈위험(90일+),Q2,0.0,-0.023516378434538493,0.009855705297016404
804535168,Active(<30일),Q3,0.0,0.026737151130230674,-0.016439065432522548
804588992,관심필요(30~89일),Q3,,0.002316794909818287,0.15123318248854445
804613120,Active(<30일),Q3,0.0,-0.008356995950930202,0.03765516769459794
804614976,이탈위험(90일+),Q1_저가,1.0,0.05786944715606049,0.01781355345358565
804759744,Active(<30일),Q4_고가,0.0,0.021803559563817854,0.032139980581695315
804808000,Active(<30일),Q4_고가,0.0,0.015282050642140055,0.034525291495779875
804811712,Active(<30일),Q3,0.0,0.01001699607885298,-0.05643119601616292
804884096,이탈위험(90일+),Q1_저가,0.0,-0.011443089070421325,0.03729865585878336
805038144,Active(<30일),Q1_저가,0.0,0.027633172053109334,0.03641835023282147
805067840,Active(<30일),Q3,0.0,0.024672886236601466,0.03006142263424505
805362944,Active(<30일),Q4_고가,,0.012601735129940672,0.0065876223803704725
805400064,Active(<30일),Q3,1.0,0.031238001560994544,0.06731328458299701
805472448,관심필요(30~89일),Q1_저가,0.0,0.04628543034451951,0.04674144369016045
805600512,Active(<30일),Q3,,0.04556477793594699,-0.06649523560465787
805799104,Active(<30일),Q3,0.0,0.014055236381856684,0.00903974031463295
805867776,Active(<30일),Q2,0.0,0.053608124741203134,0.011940830657902635
805895616,이탈위험(90일+),Q4_고가,0.0,-0.014711763765329115,0.025567060582083065
805934592,관심필요(30~89일),Q2,0.0,-0.025327270493252924,0.03576432426539089
805990272,이탈위험(90일+),Q3,0.0,-0.008727510850327969,-0.04580554843714807
806420864,Active(<30일),Q2,0.0,0.026762044609747238,-0.004113191915435133
806428288,Active(<30일),Q4_고가,0.0,0.020505328606117312,0.018829746701703454
806437568,이탈위험(90일+),Q1_저가,0.0,-0.0042806681560140225,0.036150558924625556
806439424,이탈위험(90일+),Q1_저가,,-0.010300213461794591,0.039686210027848105
806547072,관심필요(30~89일),Q2,0.0,-0.02057780551998356,-0.018291132477205513
806617600,Active(<30일),Q4_고가,0.0,0.022550173215108216,0.007484635138300222
806708544,Active(<30일),Q4_고가,0.0,0.02848417447684426,0.047866320429799325
806803200,이탈위험(90일+),Q2,,-0.023020749261793316,-0.03647783468894222
806938688,Active(<30일),Q1_저가,0.0,0.04253332218527739,-0.060865232854828366
807532608,이탈위험(90일+),Q4_고가,,-0.0365962700584741,-0.015726350028363423
807569728,Active(<30일),Q2,0.0,0.02262703826087098,-0.03050767838661672
807901952,관심필요(30~89일),Q1_저가,0.0,0.0009913870156139093,0.02252832028035137
807905664,Active(<30일),Q1_저가,0.0,-0.007878461851310858,-0.035665995081438556
808117248,Active(<30일),Q4_고가,0.0,0.009323897967506073,0.025939571571307052
808258304,Active(<30일),Q3,0.0,0.019300187335694052,-0.053018090670940654
808278720,관심필요(30~89일),Q2,0.0,0.010519619344293907,0.09641881203663777
808295424,이탈위험(90일+),Q2,1.0,0.015531577287526202,0.042890913494519206
808456896,Active(<30일),Q3,0.0,0.026356619527087122,0.010184053935317516
808649920,Active(<30일),Q4_고가,0.0,0.02875874651241561,0.007067165831128541
809024832,이탈위험(90일+),Q4_고가,0.0,-0.029674585987716787,0.039901912714202306
809355200,Active(<30일),Q4_고가,0.0,0.022313322571376637,0.009528536899477968
809433152,관심필요(30~89일),Q2,,-0.009878165507419948,0.07514069217938343
809514816,Active(<30일),Q2,1.0,0.019616415683535893,-0.04320952514457066
809568640,Active(<30일),Q3,0.0,0.027586635058657993,0.053496194481215564
809587200,이탈위험(90일+),Q3,1.0,-0.0130404753507,0.033568469508566706
809963968,관심필요(30~89일),Q3,0.0,0.014475840742788293,0.10913859270306114
810008512,Active(<30일),Q3,1.0,0.049513085941466306,0.10499144100852653
810194112,관심필요(30~89일),Q1_저가,,-0.01390928140196851,0.02172910138575712
810348160,관심필요(30~89일),Q4_고가,,-0.012517576128662736,0.015184555032824579
810461376,Active(<30일),Q3,,0.009122758821941024,0.031677614587680036
810491072,Active(<30일),Q3,1.0,0.02505471650340718,0.02500107527377493
810763904,Active(<30일),Q4_고가,0.0,0.044374626148985796,0.05221624255150503
810992192,Active(<30일),Q2,,0.030631507797716506,0.023862537140168394
811311424,이탈위험(90일+),Q1_저가,0.0,-0.010951221352687765,0.04121116995970095
811313280,Active(<30일),Q4_고가,0.0,0.015510514727198166,0.010147033475011835
811441344,관심필요(30~89일),Q4_고가,0.0,0.0002687892206438558,-0.03692519970605809
811493312,관심필요(30~89일),Q2,0.0,-0.02342310804888814,-0.030645453802355338
811582400,이탈위험(90일+),Q4_고가,0.0,-0.015573189307547211,0.03786452471705039
811641792,Active(<30일),Q2,0.0,0.0434416013996487,0.015528215589564742
811690048,관심필요(30~89일),Q2,0.0,0.016026569818356817,0.009136976215343817
811845952,이탈위험(90일+),Q4_고가,0.0,-0.02213534087051232,0.022387033193969508
811940608,Active(<30일),Q2,0.0,0.041031923128816095,0.053304662952630366
812048256,Active(<30일),Q1_저가,,0.0072449446497853676,0.02890873255018417
812204160,관심필요(30~89일),Q4_고가,,-0.018277687032914464,0.03829708614678523
812378624,관심필요(30~89일),Q1_저가,0.0,-0.018473486375466586,-0.09393041613463449
812484416,이탈위험(90일+),Q2,0.0,-0.03287673551286038,-0.02143448076517282
812861184,관심필요(30~89일),Q3,,-0.03133044895640946,-0.06094170506375052
813007808,Active(<30일),Q1_저가,0.0,-0.006827797381023265,-0.04798149349395553
813150720,이탈위험(90일+),Q4_고가,0.0,-0.011185691600633915,0.02877258742522834
813219392,Active(<30일),Q2,0.0,-0.017471701215783397,-0.037154856067129705
813243520,Active(<30일),Q3,,0.014596608040347236,0.013142367069502559
813328896,이탈위험(90일+),Q1_저가,0.0,-0.01850994241140347,0.04003135890072951
813581312,Active(<30일),Q3,0.0,0.03184082164187052,0.08233425425990315
813911680,이탈위험(90일+),Q3,0.0,-0.008316787410876325,-0.09673412028242212
814193792,관심필요(30~89일),Q3,0.0,-0.01059420374042104,0.055411384210861295
814427648,Active(<30일),Q2,0.0,0.013848974186337126,-0.04038647433636089
814581696,관심필요(30~89일),Q2,,-0.02670847985565139,-0.04365302496842624
814895360,관심필요(30~89일),Q1_저가,0.0,0.0011696910899120505,-0.024408743334877303
815058688,Active(<30일),Q3,0.0,0.0067432884038505225,-0.02472091049227787
815138496,Active(<30일),Q3,0.0,0.0007378152736265964,-0.10236216411885607
815162624,관심필요(30~89일),Q1_저가,0.0,-0.009651517820838632,0.044040767764437855
815353792,이탈위험(90일+),Q2,0.0,-0.01807353937012185,0.012307311551965794
815374208,이탈위험(90일+),Q2,0.0,-0.012521458801925331,0.04330562524146049
815463296,Active(<30일),Q2,0.0,0.024873977604676467,0.004745298368238449
815606208,Active(<30일),Q3,0.0,-0.023231993680353447,-0.07295313241330575
815689728,관심필요(30~89일),Q4_고가,0.0,-0.0315451824704959,0.027882548870324486
815776960,Active(<30일),Q1_저가,0.0,-0.004679295854796206,0.02602875246031433
815797376,관심필요(30~89일),Q2,,-0.02398501763657912,0.05289771802899196
816012672,Active(<30일),Q1_저가,,0.00819772477454428,-0.05271868793972201
816127744,이탈위험(90일+),Q3,0.0,-0.012360683461970189,0.03503981871281453
816157440,관심필요(30~89일),Q3,,-0.0016056903128681688,-0.04860615918219857
816370880,이탈위험(90일+),Q2,0.0,-0.012916037348500442,0.014259478027213696
816660416,관심필요(30~89일),Q1_저가,1.0,-0.0012541140789654737,-0.005939457697591799
816725376,이탈위험(90일+),Q3,,-0.01953826985853724,0.010286487157709884
816807040,이탈위험(90일+),Q2,1.0,-0.043263117987350996,-0.06673266915648166
816831168,이탈위험(90일+),Q2,1.0,-0.009416765564990104,-0.04394698922564125
816922112,관심필요(30~89일),Q4_고가,0.0,-0.027470310167947543,0.023065315220596017
817065024,Active(<30일),Q4_고가,0.0,0.020753616763145688,0.056082082514113285
817139264,관심필요(30~89일),Q1_저가,1.0,-0.02070529133463539,-0.015257839929035844
817144832,Active(<30일),Q2,0.0,0.018108746301719547,0.008306625383198818
817517888,이탈위험(90일+),Q3,0.0,-0.007111232848063365,0.002870750509599368
817616256,관심필요(30~89일),Q3,,0.043214793444922295,0.04877791562208278
817779584,관심필요(30~89일),Q3,0.0,-0.011769141857348953,0.03572146448340181
817787008,Active(<30일),Q4_고가,0.0,0.08435626396016527,0.08772182724072874
817916928,Active(<30일),Q2,,0.029678856178254942,0.029184111693811077
817931776,Active(<30일),Q2,0.0,0.06084811591725292,0.03385537965662927
818373504,관심필요(30~89일),Q4_고가,1.0,-0.019731268540126856,0.024935216937247234
818397632,관심필요(30~89일),Q3,0.0,0.007719964518664579,-0.03523851430753033
818466304,관심필요(30~89일),Q1_저가,0.0,0.017907384569853302,0.0912255093065375
818666752,이탈위험(90일+),Q1_저가,0.0,-0.01125791622399231,0.026962916062114525
818813376,Active(<30일),Q2,0.0,0.03417758429377116,-0.07799710524324976
818870912,관심필요(30~89일),Q4_고가,0.0,-0.02635351890541071,0.05839998151812853
818928448,Active(<30일),Q2,0.0,-0.014070082287563346,-0.06354186437258125
818976704,Active(<30일),Q1_저가,0.0,0.0025488830187688216,-0.017752979150734066
818987840,이탈위험(90일+),Q4_고가,0.0,-0.012496590332677082,0.06918155900988304
819034240,관심필요(30~89일),Q2,,0.00989775825665995,-0.017171599986531505
819073216,Active(<30일),Q2,0.0,0.011053496515022077,-0.058100969653871126
819238400,Active(<30일),Q4_고가,0.0,0.02181989989657318,0.05906239889066711
819327488,이탈위험(90일+),Q1_저가,1.0,-0.011379637183826292,0.02481769797423347
819336768,관심필요(30~89일),Q1_저가,0.0,-0.021682071939092717,-0.008652728658586017
819349760,Active(<30일),Q4_고가,1.0,0.0209679296418126,0.01870387716564914
819355328,Active(<30일),Q2,,0.03827148194890839,0.04584658004710257
819398016,관심필요(30~89일),Q2,1.0,0.007730965998700379,-0.06335311199651245
819733952,Active(<30일),Q1_저가,0.0,0.01817566246497959,-0.01862628801358679
819769216,Active(<30일),Q3,0.0,0.01767318080891589,0.01276127960423512
819804480,관심필요(30~89일),Q4_고가,0.0,-0.012719632503450914,0.03605875660095542
819834176,Active(<30일),Q3,0.0,0.024391810133658542,0.03786725120912626
819869440,Active(<30일),Q3,0.0,0.032587293078113144,0.12124919127060041
819871296,Active(<30일),Q3,0.0,0.014355155940860787,-0.09939089295500825
820179392,Active(<30일),Q1_저가,0.0,0.052149711472281535,0.03970771378581056
820335296,이탈위험(90일+),Q3,0.0,-0.020362123429834456,0.017944485043506
820856832,Active(<30일),Q1_저가,0.0,-0.013361763205699595,-0.11785601559255598
821036864,이탈위험(90일+),Q2,0.0,-0.019266907846682835,0.0164614818677854
821305984,Active(<30일),Q2,0.0,0.05072431280856504,0.0527252043403198
821328256,Active(<30일),Q4_고가,0.0,0.05637464805805892,0.03212551287984222
821357952,이탈위험(90일+),Q1_저가,1.0,-0.01151656525613129,0.035677636600358054
821395072,Active(<30일),Q3,0.0,0.04643711757618224,0.01740231806781578
821402496,Active(<30일),Q3,,0.002503618827705112,-0.010361573897301607
821573248,이탈위험(90일+),Q1_저가,0.0,-0.013255529126825039,0.10108637222040351
821744000,이탈위험(90일+),Q3,0.0,-0.01958676632854195,0.008311102885089863
821885056,Active(<30일),Q4_고가,1.0,0.007541398856845127,-0.027879259375633847
822026112,Active(<30일),Q4_고가,0.0,0.024171756200994876,0.009502061103132009
822070656,Active(<30일),Q2,0.0,0.05316603635626127,0.00622563405187182
822679424,관심필요(30~89일),Q2,0.0,0.00739404589403303,-0.023914537212938958
822770368,Active(<30일),Q1_저가,1.0,0.016263866225658785,0.012543048056306683
823095168,이탈위험(90일+),Q1_저가,0.0,-0.011811417915974926,0.030714903015432074
823228800,Active(<30일),Q2,0.0,0.04257042162666036,-0.08958810299766762
823234368,Active(<30일),Q4_고가,,0.0296902629833512,0.03858238053887797
823793024,관심필요(30~89일),Q3,0.0,-0.03760135806952691,0.0030327157863285215
823826432,관심필요(30~89일),Q2,,-0.025236207912979258,-0.004512763575445111
824340544,Active(<30일),Q4_고가,0.0,0.013833020208809166,0.04224650151472281
824466752,Active(<30일),Q4_고가,0.0,0.005332567404261579,-0.058541535324086236
824622656,Active(<30일),Q1_저가,0.0,0.00934267300280961,0.004911679054871665
824672768,Active(<30일),Q2,0.0,0.0336154433036262,0.014195089764693525
824765568,Active(<30일),Q3,1.0,0.026893143569250655,0.053303267100790364
824782272,Active(<30일),Q3,0.0,0.017958854593750295,-0.04373386001878066
824819392,Active(<30일),Q2,,0.04414100044923386,0.047560548440417794
824865792,이탈위험(90일+),Q1_저가,0.0,-0.01133379582381979,0.04129259273121478
824899200,관심필요(30~89일),Q3,1.0,-0.03411820515497155,-0.03523662242962444
825376192,이탈위험(90일+),Q2,0.0,-0.025831254253663602,-0.020739348760782733
825480128,Active(<30일),Q2,0.0,0.0025625841338679234,-0.012246707964754217
825691712,Active(<30일),Q1_저가,0.0,0.019747625424768933,-0.03643410819650461
825775232,Active(<30일),Q4_고가,,0.02354413043710235,-0.02287213714647718
825804928,관심필요(30~89일),Q1_저가,0.0,0.01411189089708853,-0.04696427387877314
825840192,Active(<30일),Q4_고가,0.0,0.007934493480719618,-0.03531381620710139
825895872,Active(<30일),Q2,0.0,0.028866323274143124,0.009150045891006153
825908864,이탈위험(90일+),Q4_고가,0.0,-0.02347169567520621,0.039021872072156544
825964544,이탈위험(90일+),Q4_고가,0.0,-0.013928287207142495,0.026114154886453633
826055488,이탈위험(90일+),Q4_고가,0.0,-0.014006271438451005,0.03350460878540826
826072192,관심필요(30~89일),Q1_저가,1.0,-0.019101071614393395,-0.08981225826394623
826075904,Active(<30일),Q2,0.0,0.0220047377809518,0.011704653982815949
826116736,Active(<30일),Q4_고가,1.0,0.019793154822180692,0.04677184439575732
826146432,이탈위험(90일+),Q2,0.0,-0.022995232516049707,-0.0143988520092114
826194688,이탈위험(90일+),Q1_저가,1.0,7.118121926985577e-05,-0.008235713503853298
826261504,관심필요(30~89일),Q1_저가,1.0,-0.023710473269395183,-0.0645459361001203
826315328,관심필요(30~89일),Q4_고가,0.0,0.0055110493411058,0.16168207444487842
826335744,관심필요(30~89일),Q2,0.0,0.005481862207577015,-0.016890532654608548
826354304,Active(<30일),Q1_저가,0.0,0.05373151401375653,-0.00890207771535556
826419264,이탈위험(90일+),Q3,0.0,-0.02440153202820719,-0.04757599752608921
826523200,이탈위험(90일+),Q2,0.0,-0.03490580996327164,0.017308500155412077
826706944,이탈위험(90일+),Q1_저가,0.0,-0.007532541058934222,0.03278823252208124
826749632,Active(<30일),Q3,0.0,-0.008675848966971933,0.03654972414442065
826922240,관심필요(30~89일),Q3,0.0,-0.041508534708015465,-0.0076123502701133106
826931520,이탈위험(90일+),Q4_고가,0.0,-0.01416234449895231,0.02691966404486372
826938944,Active(<30일),Q3,,0.016235197191620365,0.022975276124560406
827076288,관심필요(30~89일),Q2,0.0,0.009689082988232733,0.00014751498813345143
827170944,이탈위험(90일+),Q3,0.0,-0.021306695442049342,0.01866335747965016
827211776,관심필요(30~89일),Q1_저가,,0.012794698934529058,-0.04350182062153987
827354688,Active(<30일),Q2,1.0,0.08265207516754636,0.011186696631942328
827356544,Active(<30일),Q3,1.0,-0.0036121514937630383,0.04410331415326721
827401088,관심필요(30~89일),Q4_고가,0.0,0.004204065025757098,0.09406181144671877
827486464,Active(<30일),Q4_고가,0.0,0.014634950114204848,0.04450445585242946
827564416,Active(<30일),Q2,0.0,0.012966236969801148,-0.004961704935882549
827597824,Active(<30일),Q1_저가,0.0,0.0003333327737319036,0.04260042416658111
827603392,Active(<30일),Q2,0.0,0.03146973808595843,-0.04387823088360898
827644224,관심필요(30~89일),Q4_고가,0.0,-0.0010409734795896464,-0.045035091954562734
827937472,관심필요(30~89일),Q4_고가,1.0,-0.016662124954260116,0.04183651750727255
827989440,이탈위험(90일+),Q4_고가,0.0,-0.014210437121763987,0.02209230324310725
828052544,이탈위험(90일+),Q4_고가,0.0,-0.013597836247131116,0.016544680567765438
828293824,관심필요(30~89일),Q2,0.0,-0.00960983954292717,0.04532773216649842
828761536,이탈위험(90일+),Q1_저가,0.0,-0.005305162351683962,0.03795370087000098
828815360,이탈위험(90일+),Q1_저가,1.0,-0.0039722973460249444,-0.045353139011263116
828859904,Active(<30일),Q3,0.0,0.01580177107499836,-0.02677721959778584
829197696,관심필요(30~89일),Q2,,-0.013533642760397854,0.013199561956917627
829208832,관심필요(30~89일),Q3,0.0,-0.020117769394008528,0.011088237383894334
829535488,Active(<30일),Q3,1.0,0.03184683483409734,0.04001830577378329
829598592,관심필요(30~89일),Q4_고가,,-0.018072377000261833,0.024220194135624776
829678400,이탈위험(90일+),Q4_고가,0.0,-0.014351486280818643,0.012599614425679417
829778624,이탈위험(90일+),Q3,0.0,-0.013413805296705078,0.038445443078148574
829795328,Active(<30일),Q3,0.0,0.012251538151549252,-0.0019144443588042237
829871424,이탈위험(90일+),Q1_저가,0.0,-0.024667911272838378,0.007580693005735495
830101568,Active(<30일),Q3,0.0,0.037635520956059154,0.019293711030991312
830457920,Active(<30일),Q4_고가,0.0,-0.0037976295571799518,0.09488318437930937
830576704,관심필요(30~89일),Q2,,-0.0162920613454645,0.011563693993664664
830780864,Active(<30일),Q1_저가,,0.019219866586595025,-0.0805552823036102
830860672,Active(<30일),Q3,0.0,0.02482473510532235,0.079623088349704
830866240,이탈위험(90일+),Q2,0.0,-0.012885557555242712,0.035290267410156895
831057408,Active(<30일),Q2,0.0,0.022826900162960406,0.07899503784472334
831281984,Active(<30일),Q1_저가,0.0,0.04572489095094845,-0.009412204766949483
831345088,관심필요(30~89일),Q4_고가,0.0,-0.0066473383781069095,-0.00045165114290174335
831346944,이탈위험(90일+),Q4_고가,0.0,-0.009196301490340564,0.1907447381989844
831358080,Active(<30일),Q2,1.0,0.1070564943660231,0.025029049998526953
831454592,Active(<30일),Q3,1.0,0.02316373152759943,0.008077199004883018
831777536,Active(<30일),Q1_저가,0.0,0.03227994706183257,0.011870855228857391
831859200,Active(<30일),Q4_고가,0.0,0.004064905872746494,-0.04255087561704157
831862912,관심필요(30~89일),Q3,0.0,0.003797849465066949,-0.006551184431262874
832028096,이탈위험(90일+),Q4_고가,0.0,-0.014412386725011557,0.0313356903610294
832093056,이탈위험(90일+),Q1_저가,,-0.00919197093381409,0.03353202142124129
832482816,Active(<30일),Q4_고가,0.0,-0.00022437325805774178,-0.004296353145650134
832542208,Active(<30일),Q3,0.0,0.0234352104780593,0.08721774970905805
832562624,이탈위험(90일+),Q3,,-0.012270155684180405,0.0376349223288384
832722240,Active(<30일),Q3,0.0,0.03994138947246739,0.03263187053565886
833071168,이탈위험(90일+),Q4_고가,0.0,-0.016986937084383986,0.007190403507829943
833232640,Active(<30일),Q2,,0.01624966320830057,-0.05721377688248952
833292032,Active(<30일),Q2,0.0,0.132972435050854,-0.02859602940985362
833407104,관심필요(30~89일),Q4_고가,1.0,-0.0015278190806638503,-0.0024560363565429566
833479488,이탈위험(90일+),Q2,0.0,-0.027474186316985033,-0.048490747189775085
833518464,관심필요(30~89일),Q1_저가,0.0,-0.009517420479608449,0.02800548811914913
833583424,Active(<30일),Q1_저가,,-0.004302256151797246,-0.0015436136853814453
833594560,Active(<30일),Q3,0.0,0.019473481739885168,-0.03724222611335515
833644672,관심필요(30~89일),Q3,0.0,0.013630787780513576,-0.043986882135088
833691072,Active(<30일),Q2,0.0,0.04503289271767463,-0.0023499650555285356
833843264,관심필요(30~89일),Q2,0.0,0.011768917864058204,-0.10502854112412652
833904512,Active(<30일),Q3,0.0,0.018020155266053328,0.035905911399138624
834468736,Active(<30일),Q3,,-0.008164280263088242,-0.0064481067443472595
834492864,이탈위험(90일+),Q1_저가,,-0.008958297912481518,0.04540276797649665
834808384,Active(<30일),Q1_저가,0.0,0.017025488368004882,0.06221520173399486
834821376,이탈위험(90일+),Q4_고가,,-0.014189581693722836,0.035824387338172226
835097920,Active(<30일),Q2,0.0,0.023722990814148193,0.025982546134433293
835105344,이탈위험(90일+),Q1_저가,0.0,-0.035414760301493015,-0.005352958274987746
835136896,Active(<30일),Q3,,0.04481200919928685,-0.024975694666409476
835142464,관심필요(30~89일),Q3,1.0,0.001333102371189443,0.006025516363838079
835313216,관심필요(30~89일),Q2,0.0,0.007049453678372286,0.1579199603587053
836337728,이탈위험(90일+),Q1_저가,1.0,-0.010947975871875529,0.036967723396673244
836348864,Active(<30일),Q4_고가,0.0,0.03640945857457534,0.056676081869474815
836356288,관심필요(30~89일),Q2,0.0,-0.021016470112569463,0.0020894475697336157
836363712,Active(<30일),Q3,0.0,0.018556900540714683,0.03850658414054242
836402688,Active(<30일),Q3,,0.016735803625347434,-0.001174985464891698
836445376,이탈위험(90일+),Q4_고가,0.0,-0.015586624732318373,-0.004311260696728089
836462080,Active(<30일),Q2,0.0,0.0362655810680248,0.03533964879461238
836471360,관심필요(30~89일),Q1_저가,0.0,-0.03084227368575143,-7.888478730860848e-05
836541888,Active(<30일),Q1_저가,1.0,0.03238376491990136,0.059141900363264555
836573440,Active(<30일),Q1_저가,,0.03495656580055395,0.029753725484620352
836584576,이탈위험(90일+),Q4_고가,0.0,-0.006167946115153845,0.041235595506871836
836621696,이탈위험(90일+),Q1_저가,0.0,-0.011913144950793826,0.02506966553165682
836642112,관심필요(30~89일),Q3,0.0,-0.0034823969617802375,0.01080416922300692
836668096,Active(<30일),Q3,0.0,0.02744753332019423,0.020128430359614202
836712640,Active(<30일),Q3,0.0,0.022129072483606294,0.030784746274276964
836720064,이탈위험(90일+),Q4_고가,0.0,-0.03563741922470004,0.004068344914085087
836749760,이탈위험(90일+),Q2,0.0,-0.0030968521496304857,0.03422858588302102
836788736,이탈위험(90일+),Q2,0.0,-0.01803982419957731,-0.0009153960289182278
836801728,Active(<30일),Q2,0.0,0.017534880587125046,-0.09628263891451994
836827712,Active(<30일),Q3,1.0,0.011620706562884164,0.0017396442626861353
836890816,Active(<30일),Q2,0.0,0.040296326925829296,-0.06700231135134582
836905664,관심필요(30~89일),Q3,0.0,-0.03712023217116661,-0.03285310718870821
837009600,관심필요(30~89일),Q2,1.0,0.005179214477022853,0.09266414934896111
837081984,관심필요(30~89일),Q3,0.0,-0.003534296394455877,-0.0689601336518032
837089408,Active(<30일),Q1_저가,,0.01242899448861523,-0.006175842916104957
837100544,Active(<30일),Q1_저가,,0.02101595136015677,-0.019998456773859252
837113536,Active(<30일),Q2,,0.018238104509160413,0.0158195133052067
837128384,Active(<30일),Q3,0.0,0.04267810383123283,0.007436883321276566
837143232,Active(<30일),Q4_고가,0.0,0.020570936695312847,0.06026647326372225
837150656,Active(<30일),Q3,,0.012022802188688786,0.11492587447659175
837158080,Active(<30일),Q3,0.0,0.043891793269225876,-0.004439553018148357
837161792,이탈위험(90일+),Q2,0.0,-0.012741246731536884,0.024902345892820338
837276864,Active(<30일),Q1_저가,,-0.005562673079280767,-0.0033235539901323996
837382656,관심필요(30~89일),Q2,,0.0007789144991884045,0.07001189145920744
837388224,Active(<30일),Q2,0.0,0.03192936893412224,0.01812992510779099
837410496,관심필요(30~89일),Q2,1.0,0.004539511302436905,0.08529013329182672
837564544,관심필요(30~89일),Q3,,-0.023094720278397207,0.01980597547472046
837575680,이탈위험(90일+),Q3,,-0.013689950365977241,0.026514163603513163
837597952,Active(<30일),Q1_저가,,0.03032497329857997,-0.031835471876524024
837713024,Active(<30일),Q2,0.0,0.014492915624029545,-0.01820992131290844
837737152,이탈위험(90일+),Q1_저가,0.0,-0.00886235029213319,0.02950962529866577
837777984,Active(<30일),Q2,0.0,0.017552232056319172,0.012212370859282395
837796544,Active(<30일),Q3,0.0,0.01749690302175877,-4.657079936021269e-05
837887488,Active(<30일),Q3,0.0,0.017888778910800984,0.04630691560330347
837893056,Active(<30일),Q4_고가,0.0,0.03377395832430008,0.17303659231132917
837909760,Active(<30일),Q4_고가,0.0,0.04057029222736652,0.023816681550381746
838058240,Active(<30일),Q3,0.0,0.01575113286276686,0.01779050006447702
838087936,Active(<30일),Q1_저가,0.0,-0.008344130281130624,-0.032022481478610254
838089792,이탈위험(90일+),Q4_고가,0.0,-0.014172929030133466,0.023808897394701406
838110208,Active(<30일),Q1_저가,0.0,0.009535396465462087,0.01347386968883968
838199296,관심필요(30~89일),Q2,0.0,0.0009125106400593441,0.08895351005622733
838329216,Active(<30일),Q4_고가,0.0,0.030253235115457744,0.04453712599459414
838332928,Active(<30일),Q1_저가,0.0,0.036720841850636954,-0.014028842845422163
838366336,Active(<30일),Q1_저가,0.0,0.029381996958369738,0.013593038506300226
838429440,이탈위험(90일+),Q1_저가,0.0,-0.009156953965491849,0.0352900274974661
838435008,Active(<30일),Q2,,0.013837796099727573,-0.010129801970792496
838507392,Active(<30일),Q3,1.0,-0.020398401641856856,-0.1329699528383108
838525952,이탈위험(90일+),Q3,0.0,-0.020307597606105995,0.024104758010723468
838592768,이탈위험(90일+),Q1_저가,0.0,-0.00600282835862416,0.029587262996659397
838594624,Active(<30일),Q1_저가,0.0,-0.00155488608466553,0.051897558802725396
838605760,이탈위험(90일+),Q2,0.0,-0.01190193930501178,0.017348329080897118
838607616,Active(<30일),Q3,,0.009740017899253939,-0.00648167695470836
838620608,이탈위험(90일+),Q1_저가,0.0,-0.0049310362823464515,-0.0069523001559386455
838631744,Active(<30일),Q1_저가,1.0,0.022957041090226005,-0.03900282389730958
838670720,Active(<30일),Q1_저가,0.0,-0.009404213133812067,0.031061696884714468
838676288,Active(<30일),Q4_고가,0.0,0.01679183485407365,0.0011327133118201882
838680000,이탈위험(90일+),Q4_고가,0.0,-0.016121652134753292,0.03908027857068408
838744960,Active(<30일),Q1_저가,1.0,0.08306889097865455,0.01806386121662701
838770944,Active(<30일),Q1_저가,0.0,0.02427807635641943,-0.1898538320372819
838893440,Active(<30일),Q1_저가,0.0,-0.015385035251500923,-0.05039723955569653
838943552,Active(<30일),Q1_저가,0.0,0.010902417975141188,-0.042780884904337735
838950976,Active(<30일),Q2,0.0,-0.0024954002076375548,0.05371862005752373
838960256,Active(<30일),Q3,0.0,0.025059477991769996,0.06828533514439417
839106880,관심필요(30~89일),Q1_저가,0.0,-0.0240445728371404,-0.010693525221829814
839156992,이탈위험(90일+),Q2,0.0,-0.012572622554199199,0.029097371912640002
839166272,Active(<30일),Q1_저가,0.0,0.020462738438113637,-0.045251339545062164
839179264,관심필요(30~89일),Q3,0.0,-0.030359346779428642,-0.01302188556628986
839186688,Active(<30일),Q4_고가,,0.005226533402049871,0.037557795692378604
839357440,Active(<30일),Q4_고가,0.0,0.009323805114277772,0.001219114627553003
839398272,관심필요(30~89일),Q4_고가,0.0,0.0035545884834545793,-0.006793563248637224
839557888,이탈위험(90일+),Q2,0.0,-0.02027580683427954,0.00978517105336757
839611712,관심필요(30~89일),Q1_저가,0.0,0.013434074309756905,-0.0867452155918243
839641408,관심필요(30~89일),Q1_저가,0.0,-0.006706085789531205,0.04565422814954315
839691520,Active(<30일),Q1_저가,,0.03924059628167681,0.04958224068029174
839717504,Active(<30일),Q1_저가,1.0,0.02376326252122163,0.022652883229245968
839776896,Active(<30일),Q3,0.0,0.017700758043179388,0.02511172029972364
839847424,Active(<30일),Q2,,0.02370939901196767,0.01067066320569754
839856704,Active(<30일),Q4_고가,1.0,0.016124482148083374,-0.007465397111870775
840047872,Active(<30일),Q3,0.0,0.03673749867969878,0.04094772691330273
840075712,Active(<30일),Q1_저가,,0.02873468238857879,-0.002454198462865098
840101696,이탈위험(90일+),Q4_고가,0.0,-0.01489901829185359,0.022181503029426855
840159232,이탈위험(90일+),Q1_저가,,-0.009697395714644001,0.027612041449252056
840252032,Active(<30일),Q2,0.0,0.015112190205935239,0.08309942391209602
840255744,Active(<30일),Q2,0.0,0.0221543870468075,0.030598840320000598
840257600,Active(<30일),Q3,0.0,0.02512623147463866,0.04073983755502342
840296576,Active(<30일),Q1_저가,,0.035080746728157974,0.035366353210056656
840328128,관심필요(30~89일),Q1_저가,0.0,-0.009459312210834042,0.030433318322110547
840381952,Active(<30일),Q3,0.0,0.04187779492916516,0.039076055930545195
840441344,관심필요(30~89일),Q3,0.0,0.005339245310129859,0.14955198997412544
840469184,관심필요(30~89일),Q2,,-0.014753479263010877,-0.021532802422980557
840476608,Active(<30일),Q2,0.0,0.030828620494599113,0.025890101264788523
840539712,이탈위험(90일+),Q1_저가,1.0,-0.019096290149613962,0.007794409184245316
840584256,Active(<30일),Q2,0.0,0.01583547263364271,-0.009302402713647795
840630656,이탈위험(90일+),Q4_고가,0.0,-0.014591756775172486,0.021481310874372814
840704896,관심필요(30~89일),Q1_저가,,-0.006577739629246029,0.043128020363057726
840803264,Active(<30일),Q1_저가,0.0,0.0002643582627079588,0.04737474643131789
840814400,관심필요(30~89일),Q2,0.0,0.0812805277732338,-0.07594410067379914
840857088,Active(<30일),Q2,0.0,0.022929664225682322,0.009676862440169853
840892352,Active(<30일),Q2,0.0,0.006786571379585105,0.027409869398029085
841267264,이탈위험(90일+),Q1_저가,0.0,-0.011014922865847515,0.030597642384832646
841447296,Active(<30일),Q1_저가,0.0,-0.016212580913264885,-0.10315351631495573
841460288,Active(<30일),Q4_고가,0.0,0.01498901048549417,-0.01073083691494292
841595776,이탈위험(90일+),Q2,0.0,-0.013034066231221643,0.03339675229468138
841640320,이탈위험(90일+),Q1_저가,0.0,-0.01793269309008054,0.018719740803201393
841683008,Active(<30일),Q2,,0.05636930475146834,0.02297476891978878
841720128,Active(<30일),Q1_저가,0.0,0.004807808848588113,-0.10666847069169383
841779520,Active(<30일),Q4_고가,0.0,0.012060402954904181,0.013558100393476602
842150720,관심필요(30~89일),Q1_저가,,0.020672706048748518,0.060905872296619847
842187840,Active(<30일),Q4_고가,0.0,0.11593528740218106,0.14844276326585837
842364160,Active(<30일),Q4_고가,0.0,0.021689919508419586,-0.0194632799751544
842445824,관심필요(30~89일),Q2,1.0,-0.025403499812740316,-0.07276554328470636
842542336,Active(<30일),Q2,1.0,0.02182332633997619,-0.06629778302506384
842627712,Active(<30일),Q3,,-0.002070245705251994,0.046755768394288605
842636992,Active(<30일),Q3,0.0,0.03179795262876206,0.019255477187686276
842681536,Active(<30일),Q3,0.0,0.049201015502847945,0.057870035102308925
842776192,관심필요(30~89일),Q3,,-0.019579596701367802,-2.8216861303193008e-05
842902400,Active(<30일),Q2,0.0,0.013931442835031005,-0.08301991057367064
842954368,관심필요(30~89일),Q4_고가,1.0,-0.012300668732761408,0.04461398148844768
842958080,관심필요(30~89일),Q2,0.0,-0.01874332355594846,0.01872579008358019
843047168,관심필요(30~89일),Q4_고가,0.0,-0.014480161474063405,0.01717398674181836
843050880,Active(<30일),Q4_고가,,0.04251395585653561,0.03873971855818881
843054592,Active(<30일),Q2,0.0,0.03300597131796279,0.008884876269595887
843216064,Active(<30일),Q3,,0.0213325215686212,0.07736106673612697
843273600,Active(<30일),Q3,0.0,0.02260494940683755,0.0375311515341038
843290304,Active(<30일),Q4_고가,0.0,0.01473778268971504,0.02852939505871832
843307008,이탈위험(90일+),Q1_저가,0.0,-0.01008677729940672,0.024815184917648878
843381248,이탈위험(90일+),Q3,0.0,-0.02596216234579196,-0.010582683817611599
843409088,이탈위험(90일+),Q4_고가,0.0,-0.013332275255504018,0.03496881796762316
843498176,Active(<30일),Q2,0.0,0.021490426711321398,0.06207330984176129
843509312,관심필요(30~89일),Q4_고가,,-0.00532813293657014,0.008500734313056812
843581696,이탈위험(90일+),Q4_고가,0.0,-0.013404473548110286,0.0346940435961533
843678208,이탈위험(90일+),Q1_저가,0.0,-0.016365682482288507,-0.01711427816498147
843702336,이탈위험(90일+),Q3,1.0,-0.013269548207516378,0.051561416079981166
843719040,Active(<30일),Q2,0.0,0.0458022330737794,-0.0005051210631885628
843780288,Active(<30일),Q1_저가,0.0,0.02835255146180604,0.010789808818214452
843893504,이탈위험(90일+),Q1_저가,0.0,-0.012176484988789753,0.04868265183690409
844014144,Active(<30일),Q2,0.0,0.03804443069765184,-0.006810095652897585
844283264,관심필요(30~89일),Q4_고가,1.0,0.0039722408277328425,0.10122919134523733
844461440,Active(<30일),Q4_고가,0.0,0.024017727253245913,0.01836903518572619
844600640,관심필요(30~89일),Q1_저가,1.0,-0.013441643937728898,0.024629276119903065
844940288,이탈위험(90일+),Q4_고가,0.0,-0.01395690776795603,0.02819017022716358
844973696,Active(<30일),Q3,,0.008249169772634346,-0.050169092126121306
845059072,이탈위험(90일+),Q2,,0.029866266166941935,-0.004223921155409122
845096192,Active(<30일),Q3,0.0,0.029875460920479213,0.03726499837305386
845187136,Active(<30일),Q3,0.0,0.021463815216446025,-0.014903293789310323
845318912,관심필요(30~89일),Q3,0.0,-0.016736979002656596,0.01835925041274282
845396864,Active(<30일),Q2,1.0,0.03504465304983717,0.025632327046846926
845575040,관심필요(30~89일),Q4_고가,0.0,-0.00012003848878500145,0.006796493229001166
845617728,Active(<30일),Q1_저가,,0.017350116464311782,-0.02929690763313031
845665984,Active(<30일),Q3,0.0,0.006966381935582855,-0.0900585545946545
845970368,Active(<30일),Q4_고가,0.0,0.018827917993857413,-0.050548702996264905
846052032,관심필요(30~89일),Q3,0.0,-0.017169271057999286,0.027087899429276835
846213504,Active(<30일),Q2,0.0,0.03346695030125202,-0.03050529849413719
846371264,이탈위험(90일+),Q1_저가,,-0.01202095839730196,0.02398448119325776
846484480,관심필요(30~89일),Q2,0.0,0.01132580380236664,-0.034104662009284636
846542016,이탈위험(90일+),Q3,,-0.005195317260566566,0.04364144545997849
846870528,관심필요(30~89일),Q2,0.0,0.007348105043497449,-0.0012699751389733671
846905792,이탈위험(90일+),Q1_저가,0.0,-0.003487559154439615,0.03356054763586279
846907648,이탈위험(90일+),Q1_저가,1.0,-0.010871650695582546,0.030431604385963665
846918784,관심필요(30~89일),Q1_저가,1.0,-0.01483591407103299,0.031832535526635855
846924352,관심필요(30~89일),Q4_고가,1.0,0.004822311583916661,0.06439710506443341
846942912,이탈위험(90일+),Q1_저가,,-0.011356817810381635,0.03531416669309376
846954048,이탈위험(90일+),Q1_저가,0.0,-0.011861877937922233,0.0382983814494246
847067264,Active(<30일),Q2,0.0,0.020703974351124255,0.0669698616071609
847082112,이탈위험(90일+),Q1_저가,0.0,-0.031320111063354444,0.019387464378852803
847126656,Active(<30일),Q2,0.0,0.016838216200348533,-0.0913103445791057
847332672,Active(<30일),Q2,,0.030294068441829247,0.023940768253708833
847479296,관심필요(30~89일),Q2,0.0,0.025214264915128945,0.07748523441101458
847483008,Active(<30일),Q2,,0.050190001907538306,0.019085980727222895
847612928,Active(<30일),Q3,0.0,0.03607074535253185,0.02344925391414776
847624064,관심필요(30~89일),Q4_고가,0.0,-0.020333583232690522,-0.021394347309974943
847677888,이탈위험(90일+),Q3,0.0,-0.020917456636277434,0.010442982636147943
847926592,이탈위험(90일+),Q1_저가,0.0,-0.011320498725828528,0.04005789589766543
848039808,이탈위험(90일+),Q2,0.0,-0.01242941522988588,0.021587616010746838
848114048,Active(<30일),Q4_고가,0.0,0.03579895108535219,-0.0004502622898870934
848264384,Active(<30일),Q4_고가,0.0,0.017564105609907288,-0.0017329693277216007
848529792,관심필요(30~89일),Q4_고가,1.0,0.0013729280043891512,0.12258795191336253
848579904,Active(<30일),Q4_고가,0.0,0.022380314529554524,0.03461288802352391
848802624,이탈위험(90일+),Q4_고가,,-0.014035345340543598,0.01661170545890206
848888000,Active(<30일),Q3,0.0,0.01355643595681777,-0.01816165280591353
848945536,이탈위험(90일+),Q4_고가,1.0,-0.02349982006648474,0.025674468841712275
848947392,이탈위험(90일+),Q2,0.0,-0.011983201257950271,0.1685824238934872
848958528,Active(<30일),Q1_저가,0.0,-0.002961037217825674,0.033928722761764035
848964096,Active(<30일),Q3,,0.008460850747552873,0.0343560753226817
849060608,Active(<30일),Q1_저가,0.0,0.030844626134421294,0.014868012431960453
849125568,관심필요(30~89일),Q1_저가,0.0,-0.019988830969940224,0.029954990145993454
849157120,Active(<30일),Q1_저가,1.0,0.03669752287896477,-0.03298605695125345
849222080,관심필요(30~89일),Q3,0.0,-0.00196094133890673,-0.04208964524607678
849415104,Active(<30일),Q3,,-0.01989197351005889,0.001743609533394086
849420672,이탈위험(90일+),Q3,1.0,-0.01661872664342104,-0.03434169336900594
849448512,Active(<30일),Q4_고가,0.0,0.009418191795598885,0.060030494517031074
849474496,Active(<30일),Q3,0.0,0.12678233965962732,0.01637902809796682
849596992,Active(<30일),Q3,0.0,0.0789572973868915,0.02025824211274363
849634112,이탈위험(90일+),Q1_저가,0.0,-0.030842109690592645,-0.008136850585860084
850120384,이탈위험(90일+),Q2,0.0,-0.05661083892246804,0.09121485209526042
850235456,Active(<30일),Q3,0.0,0.03672839978771825,-0.007438142768194211
850339392,이탈위험(90일+),Q2,0.0,-0.012253639613750401,0.01173994807975684
850383936,이탈위험(90일+),Q3,0.0,-0.013298413809589953,0.018584143694195088
850524992,Active(<30일),Q4_고가,0.0,0.04554765647999093,0.12934371322544702
850526848,Active(<30일),Q2,0.0,0.01639736573253847,-0.015849315131220065
850528704,Active(<30일),Q1_저가,0.0,0.004667592290695355,-0.08113520804370489
850532416,Active(<30일),Q4_고가,0.0,-0.01992967262540063,-0.006934732343923611
850970432,Active(<30일),Q4_고가,1.0,0.07335018804030602,0.03578340842085115
851154176,관심필요(30~89일),Q4_고가,1.0,-0.025545203032362768,0.030756410325964184
851415872,이탈위험(90일+),Q3,1.0,-0.013414526076135802,-0.007382295359010471
851811200,이탈위험(90일+),Q2,0.0,-0.03234684995302972,0.005068503880343855
851857600,이탈위험(90일+),Q1_저가,1.0,-0.009969844118478975,0.03901098397756041
851961536,Active(<30일),Q1_저가,1.0,0.0551946761991694,0.123578924510922
851976384,이탈위험(90일+),Q1_저가,0.0,-0.004590120593202254,0.03819417253374065
852063616,관심필요(30~89일),Q1_저가,1.0,-0.016584928936709403,-0.021126775158899408
852148992,관심필요(30~89일),Q1_저가,0.0,0.017031088191773514,0.006669017968158775
852161984,Active(<30일),Q2,1.0,0.025211482815430397,0.0009143662714712342
852163840,Active(<30일),Q4_고가,,0.023175786936280307,0.032388960360442476
852173120,Active(<30일),Q3,0.0,0.005233356372707498,0.021688502882728167
852278912,관심필요(30~89일),Q3,0.0,-0.015251103123517795,0.04023974847526851
852427392,Active(<30일),Q1_저가,0.0,0.036212883417057196,0.06782399188212063
852484928,이탈위험(90일+),Q2,1.0,-0.011794098662509259,0.024884991690334285
852499776,Active(<30일),Q3,0.0,0.02293846966691271,0.01859973628218292
852575872,Active(<30일),Q1_저가,1.0,0.031369674131323966,-0.03559054843827958
852752192,Active(<30일),Q1_저가,,0.10912691209985548,0.050336080991669085
853026880,Active(<30일),Q4_고가,0.0,0.018775602187704465,0.03370276316755916
853032448,이탈위험(90일+),Q4_고가,1.0,-0.014039462329480792,0.031838501756329914
853101120,Active(<30일),Q3,0.0,0.022559648610900984,0.05041648985229019
853117824,이탈위험(90일+),Q2,0.0,-0.011702300202966733,0.03226248370849248
853205056,관심필요(30~89일),Q1_저가,0.0,0.0015442282846070965,-0.05210895639447133
853548416,이탈위험(90일+),Q4_고가,0.0,-0.015711766683979937,0.0392225727258461
853553984,Active(<30일),Q1_저가,0.0,-0.013834813085408681,-0.15296303510441428
853758144,관심필요(30~89일),Q1_저가,0.0,-0.022321161624098806,-0.060670188326538865
854173888,Active(<30일),Q2,0.0,0.12669462807267928,0.08232537562516762
854185024,Active(<30일),Q2,0.0,0.050351242104572425,-0.006616053378345477
854292672,Active(<30일),Q2,1.0,0.04187450578588969,0.04738259448569482
854303808,Active(<30일),Q4_고가,0.0,0.004651204721435653,-0.029764883975954115
854548800,Active(<30일),Q3,0.0,0.011868902118816638,0.00907511390662627
854604480,Active(<30일),Q4_고가,1.0,0.014495808094191376,0.014611252549611264
854745536,Active(<30일),Q1_저가,0.0,0.07490860957774004,-0.00765206285178055
854890304,관심필요(30~89일),Q1_저가,0.0,-0.007821174831860192,0.05109614518133461
854925568,Active(<30일),Q1_저가,0.0,0.10676878131198264,0.08822773829323821
855057344,관심필요(30~89일),Q4_고가,0.0,-0.017374754690603178,0.0191734209160509
855176128,이탈위험(90일+),Q2,0.0,-0.0035258898416831996,0.03801404985360077
855452672,Active(<30일),Q4_고가,0.0,0.03811647643139082,0.13028241809612295
855539904,Active(<30일),Q2,1.0,0.024347095918218042,-0.005414184867486127
855547328,이탈위험(90일+),Q2,1.0,-0.012151985552491258,0.036503591612188024
855810880,Active(<30일),Q2,0.0,0.01896929462129404,0.03723944783388611
855835008,관심필요(30~89일),Q2,0.0,-0.019010680617320558,-0.010438040588414549
855898112,이탈위험(90일+),Q4_고가,0.0,-0.01594785753907331,0.03697916728167602
855927808,Active(<30일),Q2,1.0,0.02191426998978041,0.08268684036616658
856002048,Active(<30일),Q3,1.0,0.012884889793018495,-0.0026414689110314526
856041024,Active(<30일),Q1_저가,0.0,0.006490296332444689,0.03288761961116515
856118976,관심필요(30~89일),Q4_고가,,-0.0023848618880183137,0.013595470639985924
856215488,관심필요(30~89일),Q3,0.0,-0.024425235816969537,-0.011070171957591468
856341696,Active(<30일),Q3,0.0,0.01664025600552832,0.006953753600376089
856518016,이탈위험(90일+),Q3,0.0,-0.010273981234014865,0.026475130692685228
856863232,Active(<30일),Q1_저가,1.0,0.027812761972899724,-0.007997038596991635
856935616,이탈위험(90일+),Q1_저가,0.0,-0.009583820172012897,0.03541895775089948
856943040,Active(<30일),Q2,0.0,0.017804264038815965,-0.024353331201824036
857195456,이탈위험(90일+),Q4_고가,0.0,-0.006918914410394203,0.059899806801843064
857202880,이탈위험(90일+),Q2,0.0,-0.012825783299368253,0.026856167261424993
857214016,Active(<30일),Q3,0.0,-0.020761752835600722,-0.02156498159436976
857303104,이탈위험(90일+),Q1_저가,0.0,-0.004720973943806252,0.03509481093898634
857483136,Active(<30일),Q3,0.0,0.02748260244177103,0.015716610680451604
857644608,Active(<30일),Q2,0.0,0.11680152911748143,-0.025592222150153665
857648320,Active(<30일),Q2,,0.030694145141129447,-0.09203627848093865
857678016,Active(<30일),Q1_저가,0.0,0.024276274874017068,-0.05902951588193861
857774528,이탈위험(90일+),Q4_고가,0.0,-0.014050353110855986,0.013469284917712376
857809792,Active(<30일),Q3,0.0,0.027188943816555677,0.013299403234463214
857813504,Active(<30일),Q3,0.0,0.01670126674835154,0.02429246570206539
857819072,관심필요(30~89일),Q2,0.0,0.014381285099082541,0.020572540619326285
857835776,Active(<30일),Q3,0.0,0.031970044564717526,0.038338230298299525
858091904,관심필요(30~89일),Q2,0.0,0.01430590712923241,-0.03579914182838617
858182848,Active(<30일),Q3,0.0,-0.0021842879405700177,-0.04079238130773166
858297920,Active(<30일),Q3,,0.007252770254142893,0.044916871313392004
858526208,이탈위험(90일+),Q2,0.0,-0.012370402487657306,0.02721186188780532
858606016,Active(<30일),Q4_고가,1.0,0.07797859074868418,0.05894975221983445
858722944,Active(<30일),Q4_고가,1.0,0.033351248155552016,0.12701845161846737
858774912,Active(<30일),Q3,0.0,0.022568970086262685,0.051820402150783845
858808320,관심필요(30~89일),Q1_저가,0.0,-0.012137983606044275,0.02777734947405279
858847296,이탈위험(90일+),Q1_저가,0.0,-0.011745154976484068,0.029556071051664676
858882560,Active(<30일),Q2,0.0,0.007623864785669787,0.0029164044679819423
858923392,Active(<30일),Q4_고가,,0.022980425336747323,0.055706380238018105
859044032,관심필요(30~89일),Q4_고가,0.0,0.09641387037629157,0.08459905875508406
859290880,관심필요(30~89일),Q3,0.0,0.0046636164458035145,0.008590686510217493
859294592,이탈위험(90일+),Q4_고가,0.0,-0.011125984551627027,0.04533565056731076
859296448,관심필요(30~89일),Q3,0.0,0.09759647879543148,-0.022453644166332887
859422656,이탈위험(90일+),Q2,0.0,-0.012977499886088761,0.03502626243879063
859461632,Active(<30일),Q3,0.0,0.032342398421227325,0.03780382076279243
859467200,Active(<30일),Q2,0.0,0.021340123040538395,0.04701805487792626
859521024,관심필요(30~89일),Q4_고가,0.0,0.00300075071585737,-0.033467693956935024
859983168,Active(<30일),Q4_고가,,-0.0003297525280817337,-0.01648591565352625
860187328,Active(<30일),Q1_저가,,0.02307885440891788,-0.009498359156830949
860326528,이탈위험(90일+),Q3,,-0.03621973516832719,-0.039412688542155266
860441600,Active(<30일),Q1_저가,0.0,0.03094135029064704,0.016516796095663366
860521408,관심필요(30~89일),Q1_저가,,0.00457657161019287,0.08506691340208072
860549248,이탈위험(90일+),Q3,0.0,-0.007919622328969478,0.005552369154057768
860638336,Active(<30일),Q3,0.0,0.02752341425569449,0.0016006353055353362
860909312,관심필요(30~89일),Q1_저가,,0.004465327097501137,0.033240377661138465
860992832,Active(<30일),Q1_저가,0.0,0.014956870740238548,-0.10307403963061246
861150592,관심필요(30~89일),Q2,0.0,-0.023869818599932285,0.050246503695143246
861169152,Active(<30일),Q3,0.0,0.01384708883583885,-0.00834182050339971
861406720,관심필요(30~89일),Q4_고가,0.0,-0.030944511532256525,-0.0024739422955126766
861454976,Active(<30일),Q2,,0.02159664800832295,0.01982550521772808
861698112,관심필요(30~89일),Q3,,-0.0033434324317067055,0.02109708994846357
861707392,관심필요(30~89일),Q1_저가,0.0,-0.008904078260750695,0.04672714326218763
861712960,Active(<30일),Q3,0.0,0.03739939092648836,0.1150662000335757
861798336,Active(<30일),Q4_고가,0.0,0.04130816102321444,0.03552580853281323
861985792,Active(<30일),Q3,0.0,0.03805626880710511,0.04841636458883247
862017344,이탈위험(90일+),Q1_저가,0.0,-0.011369721784266575,0.03356904284664199
862112000,Active(<30일),Q1_저가,0.0,-0.0030519893084164362,-0.04945424780457264
862334720,Active(<30일),Q4_고가,0.0,0.015475205219349641,0.08507556246078524
862494336,관심필요(30~89일),Q3,0.0,0.009637771197972544,-0.10133622389005492
862642816,Active(<30일),Q3,0.0,0.048742300992851706,-0.06036780231089989
862754176,Active(<30일),Q3,0.0,-0.006932324801822737,0.016578531088766835
862820992,Active(<30일),Q4_고가,0.0,0.05917356057292933,0.003947908213202567
862891520,이탈위험(90일+),Q3,0.0,-0.033435225012287656,-0.02873852905584745
862984320,관심필요(30~89일),Q1_저가,0.0,0.00565630788111815,0.011818291997160446
862997312,이탈위험(90일+),Q3,1.0,-0.03525378061210352,0.012779995465482696
863040000,이탈위험(90일+),Q1_저가,1.0,-0.015654808118539643,-0.000887826115465104
863080832,이탈위험(90일+),Q1_저가,0.0,-0.011351859040800591,0.04199641891965728
863108672,이탈위험(90일+),Q1_저가,0.0,-0.010414380407835898,0.035648643759194354
863155072,Active(<30일),Q2,,0.0843350613089936,0.01763306692401745
863394496,관심필요(30~89일),Q4_고가,0.0,-0.011997572193991862,0.03250988901651951
863715584,이탈위험(90일+),Q1_저가,0.0,-0.011868466417591282,0.02628410338164655
863934592,관심필요(30~89일),Q1_저가,0.0,0.08178078106238051,-0.06676222663977027
864114624,이탈위험(90일+),Q4_고가,0.0,-0.014046008522079288,0.02565776038352137
864222272,Active(<30일),Q4_고가,0.0,0.023449111940213707,0.13923795752332913
864391168,Active(<30일),Q1_저가,0.0,0.021887380209142826,-0.04640547277506685
864432000,이탈위험(90일+),Q3,0.0,-0.013616434999053809,0.041805130071494154
864515520,Active(<30일),Q2,0.0,0.04393881565931934,0.02060901515527991
864521088,Active(<30일),Q2,,0.02819983028456785,0.020656684627457955
864589760,이탈위험(90일+),Q3,0.0,-0.013175132866962772,0.034655379035039735
864940544,이탈위험(90일+),Q2,0.0,-0.03104793129623884,-0.025473424332810024
865033344,이탈위험(90일+),Q2,0.0,-0.012794294548283701,0.04247641850604059
865109440,이탈위험(90일+),Q4_고가,1.0,-0.020787836308860552,0.003980001946496517
865603136,관심필요(30~89일),Q1_저가,0.0,-0.014485231873951315,0.02953118432357099
865742336,Active(<30일),Q2,0.0,0.031862498876613965,0.06501217532883463
865777600,이탈위험(90일+),Q4_고가,0.0,-0.014465518429802322,0.026981012216457836
865801728,Active(<30일),Q4_고가,0.0,0.021707119033164246,0.06241302147219574
865820288,Active(<30일),Q1_저가,0.0,0.009423790292433454,-0.014044145620721649
865940928,Active(<30일),Q3,0.0,0.11001457854702701,0.022802485631033043
866059712,Active(<30일),Q3,0.0,0.019851618251852554,0.008587540679390937
866262016,Active(<30일),Q2,0.0,0.017873844153245222,0.011589807380589012
866364096,관심필요(30~89일),Q2,1.0,0.011440726354772668,0.15391109779232337
866497728,이탈위험(90일+),Q1_저가,1.0,-0.008873352006305846,0.027801188778987018
866510720,관심필요(30~89일),Q3,0.0,-0.01922716899640864,0.00866757609273311
866579392,관심필요(30~89일),Q4_고가,,-0.002499751656546756,-0.014150651711152873
866599808,관심필요(30~89일),Q1_저가,0.0,-0.019827376235823035,-0.0061261561138677145
866636928,이탈위험(90일+),Q1_저가,0.0,-0.009422635831117847,0.039099884737677754
866648064,관심필요(30~89일),Q1_저가,,-0.016514697562646924,0.011891429115910374
866679616,Active(<30일),Q1_저가,,0.03638270508276886,-0.08994560850651379
866783552,관심필요(30~89일),Q4_고가,0.0,-0.0024963044784630517,0.014223004303309583
866802112,이탈위험(90일+),Q2,,-0.013102303587112861,0.03590563574266972
867037824,관심필요(30~89일),Q2,0.0,-0.0016988139556457782,-0.02855123137908333
867043392,이탈위험(90일+),Q1_저가,0.0,-0.01146297448452381,0.03519512179633835
867112064,Active(<30일),Q2,0.0,0.012036660247926712,0.016757787451262995
867143616,Active(<30일),Q3,1.0,0.01921006998139685,-0.005271586902436232
867332928,Active(<30일),Q2,0.0,0.022321693298339107,-0.03173182037418165
867464704,Active(<30일),Q1_저가,0.0,0.0539206713607156,0.01641778397198146
867856320,Active(<30일),Q3,0.0,0.048557842247361926,0.022644961704736066
867976960,Active(<30일),Q2,,0.022025036459526443,0.012888937678507129
868028928,관심필요(30~89일),Q4_고가,1.0,-0.019316652012925165,-0.01920734245886313
868435392,Active(<30일),Q3,0.0,0.03941102547029296,0.036059375297936236
868461376,이탈위험(90일+),Q1_저가,1.0,-0.011035012446970763,0.03251507956106818
868513344,이탈위험(90일+),Q1_저가,0.0,-0.010854986390546661,0.026820173153821097
868593152,이탈위험(90일+),Q1_저가,,-0.0053986696939689605,-0.058107710007844704
869023744,관심필요(30~89일),Q3,0.0,-0.03563861814069563,0.06340981082235975
869073856,Active(<30일),Q1_저가,0.0,0.01961476920997607,-0.035648972297454895
869081280,관심필요(30~89일),Q1_저가,0.0,-0.008617480782729156,0.031113279862223342
869172224,Active(<30일),Q4_고가,0.0,0.014354729474860273,0.08791908266960324
869272448,이탈위험(90일+),Q2,0.0,-0.003953437062172882,0.01827488776421482
869331840,Active(<30일),Q2,0.0,0.03448427149005884,0.0023526906118468416
869471040,Active(<30일),Q2,0.0,0.029483378431186535,0.023713704219194498
869563840,Active(<30일),Q3,0.0,-0.011454347752235916,-0.0010197452162502008
869717888,관심필요(30~89일),Q2,0.0,-0.02252937726150256,-0.05465167249072006
869799552,Active(<30일),Q2,0.0,0.024311811052252885,0.013369715425205597
869862656,관심필요(30~89일),Q1_저가,0.0,0.0021705209219222144,-0.015052203986502172
869925760,Active(<30일),Q2,,0.004902867896648622,-0.03599547204775133
869938752,Active(<30일),Q2,0.0,0.02773044131016611,0.007936306443246388
869966592,이탈위험(90일+),Q4_고가,,-0.014826075570416382,0.025074507437555293
869979584,Active(<30일),Q4_고가,0.0,0.020684009252045166,-0.014351002217088404
869987008,Active(<30일),Q2,0.0,-0.006918788554650973,0.014378970305591598
870144768,Active(<30일),Q3,0.0,0.056165367954740586,0.10533124781103365
870586496,이탈위험(90일+),Q4_고가,,0.011989471325096548,0.03274231258097404
870655168,이탈위험(90일+),Q3,0.0,-0.033263355743722356,0.027252987037044207
870838912,관심필요(30~89일),Q3,,0.0009281824890861601,-0.05024792085899671
870877888,이탈위험(90일+),Q1_저가,0.0,-0.0113660657876134,0.02565684005392757
870998528,Active(<30일),Q3,0.0,0.024930313460167774,0.07757046625252734
871076480,관심필요(30~89일),Q4_고가,0.0,-0.009816384769658501,0.02769714726265174
871362304,관심필요(30~89일),Q3,0.0,-0.021841037521345363,-0.005557278826858247
871423552,Active(<30일),Q4_고가,,-0.003103717053127286,-0.017050361911267464
871622144,Active(<30일),Q3,0.0,0.02215045277960559,0.032229119406256945
871648128,Active(<30일),Q3,0.0,0.017845332143569537,0.020792943851822288
871770624,관심필요(30~89일),Q3,0.0,0.0016100986806099893,-0.008620047379167911
871859712,관심필요(30~89일),Q2,0.0,-0.023985801108994176,-0.048119310001753235
871863424,관심필요(30~89일),Q3,0.0,-0.01866437983252925,0.001880866937474135
872052736,관심필요(30~89일),Q1_저가,0.0,0.009333653491143401,0.014471561486101153
872260608,Active(<30일),Q4_고가,0.0,0.014345763501378839,0.018212502707264377
872268032,이탈위험(90일+),Q1_저가,0.0,-0.012089106052604867,0.02723856507419338
872301440,이탈위험(90일+),Q3,,-0.013703783548125667,0.041307167660953326
872384960,Active(<30일),Q2,0.0,0.04426198824720318,-0.027677844951224717
872396096,Active(<30일),Q4_고가,0.0,0.0296341776804665,0.04011811341758431
872618816,이탈위험(90일+),Q1_저가,0.0,-0.0027476359688071994,0.0397324362129714
872633664,Active(<30일),Q2,0.0,0.005576325863642206,0.043772605056539016
872672640,이탈위험(90일+),Q4_고가,0.0,-0.020296351664222723,0.006656165981684711
872680064,Active(<30일),Q1_저가,0.0,-0.0017619219417435716,0.05296468562701645
872769152,Active(<30일),Q1_저가,0.0,0.10746972030049673,0.012515592720907964
872839680,Active(<30일),Q3,,-0.02113665197131598,-0.07267343443957724
872900928,이탈위험(90일+),Q1_저가,0.0,-0.01760627649089601,0.018558363738264916
873132928,관심필요(30~89일),Q2,,0.022201285479911848,0.07484623871785315
873157056,Active(<30일),Q3,0.0,0.022756470638672144,0.005107591473053064
873170048,Active(<30일),Q1_저가,0.0,0.026924069448436172,-0.03066969827774324
873409472,이탈위험(90일+),Q1_저가,0.0,-0.05204476416897352,-0.04824757438812577
873481856,Active(<30일),Q4_고가,0.0,0.026289336901076266,0.05095532535465286
873494848,Active(<30일),Q3,1.0,-0.021490947080278766,-0.015334334518086301
873531968,Active(<30일),Q4_고가,0.0,0.10197128159098612,0.06573219133190744
873554240,Active(<30일),Q2,0.0,0.009578485807484771,-0.1015088208478474
873687872,관심필요(30~89일),Q2,0.0,0.008460109025842932,0.006526478907713296
874049792,Active(<30일),Q2,0.0,0.043483368885046336,0.0401391945489582
874122176,이탈위험(90일+),Q4_고가,0.0,-0.01038031450567456,0.014757487059174679
874146304,Active(<30일),Q2,0.0,0.0072104476773965365,-0.04458905399099533
874214976,Active(<30일),Q3,,0.015587407904890216,0.039166937996829576
874242816,Active(<30일),Q2,0.0,0.0441069904871384,0.0069063940524064504
874261376,이탈위험(90일+),Q3,0.0,-0.03528257209759059,-0.02278009410501411
874283648,관심필요(30~89일),Q3,,-0.011360931320085421,0.05508768545241642
874309632,이탈위험(90일+),Q1_저가,0.0,-0.017217362352043616,0.012896378159597169
874517504,Active(<30일),Q2,0.0,0.028002914889113384,-0.04391425153281453
874665984,Active(<30일),Q2,0.0,0.014638255392318333,-0.0025056389524140688
874834880,Active(<30일),Q3,1.0,-0.006295968813724323,0.0640555841636381
874953664,Active(<30일),Q2,,0.0032404601344424022,-0.0365029875484498
875011200,Active(<30일),Q3,0.0,0.04604624439089522,0.09026708517046655
875059456,Active(<30일),Q4_고가,1.0,0.02338378029642174,-0.022732349817133568
875141120,이탈위험(90일+),Q1_저가,0.0,-0.011593343292232064,0.03827053025112904
875501184,이탈위험(90일+),Q4_고가,0.0,-0.009397824541878638,0.028774276275579935
875621824,이탈위험(90일+),Q2,0.0,-0.019641486650868942,0.02167649942727698
875644096,이탈위험(90일+),Q1_저가,1.0,0.09988983161711151,0.043740845576508425
875807424,Active(<30일),Q2,0.0,0.054472500282552294,0.032059254150062555
875942912,Active(<30일),Q1_저가,,0.10647874538244473,-0.11500664002302041
875970752,이탈위험(90일+),Q3,0.0,-0.01299654647851358,0.025911227124383
876158208,Active(<30일),Q3,0.0,0.03728141833263998,-0.054022853756358846
876312256,이탈위험(90일+),Q4_고가,0.0,-0.022607184801436433,0.026654078998871705
876408768,Active(<30일),Q3,0.0,0.013108137851718604,0.036992742337403905
876564672,관심필요(30~89일),Q2,0.0,-0.019625020603076027,-0.04066017029478908
876648192,이탈위험(90일+),Q2,0.0,-0.012905952456083343,0.03373804990108
876694592,Active(<30일),Q3,0.0,0.013156788829504495,0.028521120382990706
876865344,이탈위험(90일+),Q3,0.0,-0.013118021826777536,0.028081130810167193
877013824,관심필요(30~89일),Q1_저가,0.0,-0.018021749424390998,-0.05390065408235353
877032384,Active(<30일),Q4_고가,,0.017146721745962212,0.06810052966727143
877288512,Active(<30일),Q3,0.0,0.026539248271213234,-0.052840022672971165
877346048,이탈위험(90일+),Q1_저가,0.0,-0.03164023310619696,0.00255519377493027
877442560,이탈위험(90일+),Q1_저가,,-0.010860329763147228,0.027860505838009704
877457408,이탈위험(90일+),Q2,0.0,-0.012187670264267099,0.027588606121671452
877566912,이탈위험(90일+),Q2,0.0,-0.011813332609328778,0.023415655068756924
877772928,관심필요(30~89일),Q1_저가,,-0.01791209901800614,0.039325408057561295
877915840,Active(<30일),Q4_고가,,-0.008990414131057209,0.0437182114545219
877947392,이탈위험(90일+),Q3,0.0,-0.013020833746069195,0.03996682354468501
878023488,이탈위험(90일+),Q1_저가,1.0,-0.00984653108981514,0.031058356717953414
878029056,이탈위험(90일+),Q4_고가,0.0,0.008226204715904531,0.0385306833554724
878194240,Active(<30일),Q2,,0.023852977508856954,-0.010478213191988717
878266624,Active(<30일),Q4_고가,0.0,0.03931542362971863,0.06724457514420978
878318592,관심필요(30~89일),Q3,0.0,-0.020098855238740276,0.018560376880303514
878352000,Active(<30일),Q3,,0.026978433026474513,0.05592886670367514
878415104,Active(<30일),Q4_고가,0.0,0.013642690910150357,0.020905444704634513
878884672,관심필요(30~89일),Q3,0.0,0.004422053619325794,0.04481995701307301
878940352,Active(<30일),Q3,1.0,-0.015267318689793224,0.017252227668424297
879031296,Active(<30일),Q4_고가,0.0,0.011994118650933583,0.025583895821585267
879426624,Active(<30일),Q4_고가,0.0,0.017428106203411786,0.06390209410989145
879476736,이탈위험(90일+),Q3,0.0,-0.01326279338820431,0.033785479652037584
879510144,관심필요(30~89일),Q2,0.0,0.025980846995629345,0.08648327635036042
879524992,관심필요(30~89일),Q3,0.0,-0.017117844071861982,0.014062330053803224
879530560,이탈위험(90일+),Q3,0.0,-0.026628583620549637,-0.01092436060888266
880105920,Active(<30일),Q3,0.0,-0.015348839540837156,-0.05607168028188447
880200576,이탈위험(90일+),Q2,,-0.040696389061873534,-0.005027274979785501
880545792,Active(<30일),Q3,,0.04312140938911391,0.023892117944461222
880668288,이탈위험(90일+),Q1_저가,0.0,-0.020559857007889593,-0.02438868623838522
880770368,관심필요(30~89일),Q1_저가,0.0,0.004582445407779245,-0.026238549838139724
880807488,Active(<30일),Q3,,0.011525067919717413,-0.006903858891887049
880889152,이탈위험(90일+),Q2,0.0,-0.004987139135308613,0.015442965134555911
880991232,이탈위험(90일+),Q1_저가,0.0,-0.011368628183797108,0.03096581159080118
881171264,관심필요(30~89일),Q4_고가,0.0,-0.034361320249886335,0.025294003101176216
881174976,이탈위험(90일+),Q2,0.0,-0.03144897936734781,-0.0354455897955932
881176832,관심필요(30~89일),Q2,0.0,-0.0239529194582756,-0.09456629335669048
881228800,Active(<30일),Q1_저가,0.0,0.124253285820629,0.10079627809856223
881299328,Active(<30일),Q4_고가,0.0,0.027413061290793128,0.045793255747305195
881304896,이탈위험(90일+),Q3,,-0.012081434849903087,0.03787964428563509
881535040,이탈위험(90일+),Q2,0.0,-0.026287029594305206,-0.025811652014123637
881679808,Active(<30일),Q2,0.0,-0.007697573103015859,0.010119702129528313
881694656,이탈위험(90일+),Q3,0.0,-0.013154173291600867,0.05284845182000078
882045440,이탈위험(90일+),Q1_저가,,-0.013718966136765404,0.00012564611245990953
882292288,Active(<30일),Q4_고가,0.0,0.021623418833425445,0.05475434641224197
882485312,Active(<30일),Q1_저가,0.0,0.040798492434611755,0.053344557152396055
882592960,Active(<30일),Q2,0.0,-0.000195891835915174,-0.03762036318772388
883259264,Active(<30일),Q4_고가,0.0,0.023948907367143724,0.0754670161665617
883303808,관심필요(30~89일),Q3,0.0,-0.012480149829122336,0.0361403815622854
883307520,이탈위험(90일+),Q4_고가,0.0,-0.014127264336954014,0.03698016025723275
883387328,이탈위험(90일+),Q3,0.0,-0.024612080748792564,-0.0003593115142557224
883400320,Active(<30일),Q3,,0.0260531085284339,0.02642359603489486
883454144,Active(<30일),Q4_고가,0.0,0.0353294433637894,0.0473998690638503
883537664,이탈위험(90일+),Q3,0.0,-0.011979251306787349,0.04707453691849689
883584064,Active(<30일),Q4_고가,0.0,-0.0054493816463079825,0.005730402085633357
883593344,Active(<30일),Q2,0.0,-0.008107777034759345,-0.032535925784736575
883658304,Active(<30일),Q1_저가,0.0,0.015109401171361642,0.012707093768323713
883715840,Active(<30일),Q4_고가,0.0,0.05199155947963183,0.053177672354190325
883751104,Active(<30일),Q1_저가,0.0,0.06187631359747903,0.08403771603043875
883756672,Active(<30일),Q4_고가,,-0.020862812706811895,-0.011107469623018118
883773376,Active(<30일),Q2,0.0,0.05007002954228523,-0.01203099081895187
883817920,이탈위험(90일+),Q2,0.0,-0.011821134289687701,0.015333552304210324
883897728,Active(<30일),Q1_저가,,0.02744598405650589,-0.0364095107839284
883927424,Active(<30일),Q2,,-0.014774827488480524,0.029436141689612783
884122304,이탈위험(90일+),Q4_고가,,-0.01310289925805852,0.18559298954238268
884139008,이탈위험(90일+),Q1_저가,0.0,-0.011712786264199158,0.038741377150987286
884163136,Active(<30일),Q3,0.0,0.031217287261093962,0.04838504004376132
884170560,이탈위험(90일+),Q1_저가,0.0,-0.01165843446231711,0.044280480283127796
884352448,Active(<30일),Q3,0.0,0.0041990505443506715,0.03497228861929966
884590016,Active(<30일),Q1_저가,0.0,-0.008177133352504917,-0.06076147993418832
884606720,이탈위험(90일+),Q2,0.0,-0.03611077486712291,-0.042961064485900924
884747776,이탈위험(90일+),Q2,,-0.010302227810645326,-0.029360323540906397
884860992,관심필요(30~89일),Q1_저가,1.0,-0.01781224258456049,0.01611344279511248
884886976,이탈위험(90일+),Q1_저가,,-0.026141879732621276,0.019244682428636195
884914816,관심필요(30~89일),Q2,0.0,-0.013763272663563586,0.005215018612101524
885345408,이탈위험(90일+),Q3,0.0,-0.01213483436614151,0.03417379020405144
885347264,이탈위험(90일+),Q1_저가,0.0,-0.012138517211400766,0.04059708809059411
885653504,Active(<30일),Q3,,0.029165538622983767,0.0012133759340112737
885985728,이탈위험(90일+),Q3,,-0.013621796496205783,0.03472320692841774
885995008,Active(<30일),Q1_저가,0.0,0.03431896967603465,-0.09031765223789034
886054400,Active(<30일),Q3,0.0,-0.00034332723707147794,-0.0937240654797537
886169472,Active(<30일),Q4_고가,0.0,0.01283543628795758,0.05690439368043465
886280832,Active(<30일),Q1_저가,0.0,0.019603531002932884,-0.034593074327393225
886301248,이탈위험(90일+),Q2,,-0.012420294828579509,0.028217933874628967
886321664,Active(<30일),Q3,0.0,0.025080022382122924,0.03361138851632217
886323520,관심필요(30~89일),Q4_고가,0.0,0.05764417184456594,0.053418962910974255
886334656,관심필요(30~89일),Q1_저가,0.0,-0.027326001214011852,-0.03921472052153707
886440448,이탈위험(90일+),Q4_고가,0.0,-0.013617237115986634,0.029031954714699403
886472000,Active(<30일),Q4_고가,0.0,0.01414856642348472,0.06437569819772504
886549952,관심필요(30~89일),Q4_고가,0.0,-4.266124590410203e-05,0.06486025184242616
886566656,Active(<30일),Q4_고가,0.0,-0.0035127491834310853,-0.00041783952653279277
886579648,Active(<30일),Q4_고가,0.0,0.02597121197149077,0.026263892687039214
886672448,Active(<30일),Q2,0.0,0.014817449049235543,0.027594126739268088
887201408,이탈위험(90일+),Q2,0.0,-0.011497184506834582,0.017228451599308636
887451968,관심필요(30~89일),Q3,0.0,0.013745682726350017,0.13362598054747654
887715520,Active(<30일),Q1_저가,0.0,-0.0027045922471082284,-0.08551115404656179
887912256,Active(<30일),Q2,0.0,0.03123206539317891,0.04787386621943768
887960512,이탈위험(90일+),Q1_저가,,-0.008328813369384937,0.019376417253418543
888040320,이탈위험(90일+),Q1_저가,0.0,-0.019384621234760063,0.007227687147884687
888363264,이탈위험(90일+),Q2,1.0,-0.012824611995181652,0.03754111293347655
888381824,Active(<30일),Q4_고가,0.0,0.0032324167404973736,0.02695402661522925
888398528,관심필요(30~89일),Q2,0.0,0.011879914116820767,0.07219397263588545
888530304,Active(<30일),Q2,0.0,0.019679518825512665,-0.02613860287773595
888580416,Active(<30일),Q4_고가,0.0,0.03383701331422061,0.011856165005172531
888654656,Active(<30일),Q4_고가,1.0,0.050800652874619434,-0.002302713546767643
888775296,Active(<30일),Q4_고가,0.0,0.018978618668531677,0.02687126781100646
888866240,Active(<30일),Q4_고가,0.0,0.05201911426297545,0.04558511013094624
888910784,이탈위험(90일+),Q2,0.0,-0.012984189441188357,0.03660920079557312
888914496,Active(<30일),Q4_고가,0.0,-0.009746227884907144,0.02761281559560763
889202176,Active(<30일),Q2,0.0,0.129112463375268,-0.0022408248239666473
889220736,Active(<30일),Q3,0.0,0.02862965160900477,-0.1060523258974796
889337664,이탈위험(90일+),Q2,0.0,-0.009522856561267001,-0.03540414877937781
889410048,관심필요(30~89일),Q4_고가,0.0,0.03215539641392423,0.07057966759308021
889465728,관심필요(30~89일),Q2,0.0,-0.008771604106741368,0.05490117385715078
889491712,이탈위험(90일+),Q1_저가,0.0,-0.017879791264307582,-0.0030207771723531757
889534400,Active(<30일),Q4_고가,0.0,0.028699212186677592,0.06096485132493479
889547392,관심필요(30~89일),Q4_고가,0.0,-0.011746007454701293,0.036182736624930906
889745984,Active(<30일),Q2,,0.0009159479554499139,-0.08824066884327653
889822080,Active(<30일),Q4_고가,0.0,0.01997935412579288,0.010419510327443593
889851776,이탈위험(90일+),Q1_저가,0.0,-0.003653052349705019,0.015085830875256043
889866624,이탈위험(90일+),Q2,0.0,-0.012486782094943444,0.03550945257958965
889874048,이탈위험(90일+),Q1_저가,0.0,-0.011635310346502059,0.030443668376640587
889881472,이탈위험(90일+),Q1_저가,0.0,-0.009889216176193129,0.03361478449709615
890365888,관심필요(30~89일),Q4_고가,0.0,-0.005200604893805694,0.012977939961803908
890501376,이탈위험(90일+),Q2,0.0,-0.011210631853874789,-0.01714863104393699
890724096,Active(<30일),Q3,0.0,0.0118603548996985,0.0038602430781216057
890731520,Active(<30일),Q2,0.0,0.025110355846059806,0.057315782095150314
890738944,Active(<30일),Q3,0.0,0.024086063300573834,0.034338854751919445
890826176,Active(<30일),Q2,0.0,0.023149239603342586,0.03863779498618669
893192576,Active(<30일),Q1_저가,,0.022520343818743238,-0.04628553934878177
893227840,관심필요(30~89일),Q2,0.0,2.7953401549041246e-07,0.03229723795936218
893452416,관심필요(30~89일),Q3,1.0,-0.021346933902205212,-0.014976091671539848
893491392,관심필요(30~89일),Q3,0.0,-0.037506580099518405,-0.04033328836823555
893806912,이탈위험(90일+),Q1_저가,0.0,-0.011927879527991826,0.030497607005008198
893808768,관심필요(30~89일),Q2,,-0.017011910519374854,0.021728047167748704
893858880,이탈위험(90일+),Q4_고가,0.0,-0.017746524372964846,0.08541489964077623
893912704,이탈위험(90일+),Q1_저가,0.0,-0.011406529102422062,0.03351249989452422
893944256,이탈위험(90일+),Q3,0.0,-0.007038186624756651,0.03138679675649243
893953536,이탈위험(90일+),Q4_고가,,-0.031111110601892603,0.0630724277671029
894140992,이탈위험(90일+),Q1_저가,1.0,0.027375598841280546,0.01597936977821754
894205952,관심필요(30~89일),Q2,0.0,-0.014336945222234276,0.03289031300396249
894218944,Active(<30일),Q1_저가,0.0,0.0071425674636022285,0.04594187810534914
894311744,Active(<30일),Q4_고가,0.0,0.027988402509635968,0.08100396537026999
894525184,Active(<30일),Q3,,0.02622403356055336,-0.013374686341497521
894541888,이탈위험(90일+),Q1_저가,0.0,-0.010676569796227817,0.018576699569964647
894560448,Active(<30일),Q3,0.0,0.03378667313551331,-0.008769664224291263
894577152,Active(<30일),Q2,,0.0358752702918268,0.011784135220502479
894643968,관심필요(30~89일),Q4_고가,,0.018438792640802948,0.052603934475930994
894662528,Active(<30일),Q4_고가,0.0,0.01553327197240817,0.017716515838970825
894679232,관심필요(30~89일),Q1_저가,1.0,0.01902622440990026,0.0681846154640664
894729344,Active(<30일),Q3,0.0,0.017666930599645914,-0.053916447792018596
894788736,이탈위험(90일+),Q2,1.0,-0.008168880372867227,0.0048384530907901735
894859264,관심필요(30~89일),Q2,0.0,-0.02786355609607999,-0.04319595816785604
894905664,관심필요(30~89일),Q1_저가,0.0,0.01828462006011783,0.024883139583139813
895126528,관심필요(30~89일),Q4_고가,0.0,-0.0012885077662626587,0.1910755955661636
895241600,이탈위험(90일+),Q1_저가,0.0,-0.012064350142227974,0.030898230315841546
895286144,이탈위험(90일+),Q3,0.0,-0.021526003368420712,0.012278760341293743
895447616,Active(<30일),Q1_저가,0.0,-0.00692847973133684,0.019242246638047994
895477312,관심필요(30~89일),Q3,,-0.036050270864951606,-0.09343985343431205
895614656,Active(<30일),Q2,,0.03665402136498008,0.015093388349536219
895620224,Active(<30일),Q2,,0.0014606072960628436,0.0031702729285665865
895642496,Active(<30일),Q3,0.0,0.03297075413196737,0.043591855318351413
895796544,이탈위험(90일+),Q3,0.0,-0.013205629185451269,0.015515453714067748
895985856,Active(<30일),Q2,0.0,0.015118531578987349,-0.010199435964776432
895987712,관심필요(30~89일),Q4_고가,,0.04498260056895506,-0.05082166809865238
896089792,Active(<30일),Q2,1.0,0.01047333046485388,-0.004664794395384475
896332928,이탈위험(90일+),Q3,,-0.021172782335174473,0.006318794301934244
896412736,관심필요(30~89일),Q1_저가,,-0.008561274570983046,0.04873939768038235
896791360,이탈위험(90일+),Q3,0.0,-0.013545771371908197,0.042704309325252404
896869312,Active(<30일),Q4_고가,,0.01412870689676804,0.007213042670213166
896926848,Active(<30일),Q3,0.0,0.01875929257471587,-0.00023376204946268242
896936128,이탈위험(90일+),Q3,0.0,-0.01959136299651587,0.010547981686797936
897207104,관심필요(30~89일),Q1_저가,0.0,-0.018769195871978672,-0.08769684201195377
897335168,관심필요(30~89일),Q3,1.0,-0.02670899682425948,-0.03295703490016688
897337024,이탈위험(90일+),Q4_고가,0.0,-0.02263754143028357,0.02063147821312354
897388992,Active(<30일),Q4_고가,0.0,0.011379452411441449,-0.0026545211228737875
897682240,이탈위험(90일+),Q4_고가,0.0,-0.021734141178028896,0.007605334030316532
897780608,Active(<30일),Q4_고가,0.0,0.01085925789753639,0.0294043956579908
897929088,관심필요(30~89일),Q1_저가,1.0,-0.014830162804672392,0.04127666691581444
897958784,관심필요(30~89일),Q4_고가,0.0,-0.01658516155438447,0.012844687343703629
897995904,Active(<30일),Q3,0.0,0.03155435620228375,0.03900878119983431
898005184,관심필요(30~89일),Q1_저가,1.0,0.01984391171900779,0.0032992292610573015
898062720,Active(<30일),Q2,0.0,0.0017007054901197471,-0.051972603849749055
898168512,Active(<30일),Q2,0.0,0.021826786172927548,0.013604748466362837
898237184,관심필요(30~89일),Q4_고가,0.0,-0.02973212073481657,-0.01618928742965181
898534144,이탈위험(90일+),Q2,0.0,-0.019682907341756997,0.0021588133406104104
898628800,Active(<30일),Q4_고가,0.0,0.008718580485484906,-0.01638211826295599
898649216,이탈위험(90일+),Q3,0.0,-0.0278831856785947,-0.001614644231025253
898693760,Active(<30일),Q1_저가,0.0,0.005039057373099232,0.004864108421336888
898883072,Active(<30일),Q3,,0.01698653277428691,-0.09175172255126218
899083520,관심필요(30~89일),Q1_저가,0.0,0.009881069066635106,-0.005503405265084915
899168896,이탈위험(90일+),Q2,1.0,-0.01950344265306425,0.018985604540715684
899515968,이탈위험(90일+),Q4_고가,0.0,-0.022181313250273102,0.022849771348575854
899755392,관심필요(30~89일),Q2,,-0.003097474634590369,-0.03278849845970791
899764672,관심필요(30~89일),Q4_고가,0.0,-0.02588190650759345,-0.010062885902167473
899768384,Active(<30일),Q1_저가,1.0,0.02580493629016134,-0.043510292553368135
899788800,Active(<30일),Q1_저가,0.0,0.005675895871004644,0.06523728931262049
899824064,관심필요(30~89일),Q2,,-0.016151321015908035,0.0385776293959694
899866752,Active(<30일),Q3,0.0,0.012150948618750435,0.05526468251614047
900113600,Active(<30일),Q3,,0.034913004760794064,0.02439718774213384
900275072,이탈위험(90일+),Q3,0.0,-0.033846137874019994,0.01902681416839372
900429120,관심필요(30~89일),Q4_고가,0.0,-0.015220085641535597,0.014387490563506758
900857856,관심필요(30~89일),Q4_고가,0.0,-0.002209375470827224,0.12749203806027887
900891264,이탈위험(90일+),Q2,0.0,-0.017850266794365563,0.022373847511385034
900978496,Active(<30일),Q3,0.0,0.01964277103381773,-0.005325659273608507
901234624,Active(<30일),Q3,0.0,0.012371386520213468,-0.08197954954436759
901238336,Active(<30일),Q4_고가,0.0,0.013386985715809374,0.005943523199627265
901475904,Active(<30일),Q3,,0.03655643071146508,-0.036418972019999774
901539008,이탈위험(90일+),Q1_저가,,-0.012131858912341968,0.029152344355938956
901796992,이탈위험(90일+),Q1_저가,0.0,-0.017244147646211044,-0.0014254127563409213
901828544,관심필요(30~89일),Q1_저가,0.0,-0.009644598216205127,0.03841783416946705
902051264,Active(<30일),Q2,,-0.0068654284482977945,0.037340406570901916
902064256,Active(<30일),Q3,0.0,0.033686942465940284,-0.009077746775310702
902201600,Active(<30일),Q2,0.0,0.054916366092291724,0.01985909312845907
902491136,이탈위험(90일+),Q1_저가,0.0,-0.010088071892896913,0.0555170687842846
902758400,관심필요(30~89일),Q4_고가,0.0,0.0035070590383756706,0.170545970946956
902854912,이탈위험(90일+),Q2,0.0,-0.011287095541593017,0.032432064400554586
902938432,Active(<30일),Q1_저가,0.0,0.03791598197803692,0.0005855796947016323
903081344,관심필요(30~89일),Q4_고가,0.0,0.0028389357850842067,-0.01074576357273549
903330048,Active(<30일),Q4_고가,0.0,0.02028041326930463,0.014141210717831143
903378304,Active(<30일),Q2,0.0,0.010654892971259655,-0.06193376046569021
903580608,관심필요(30~89일),Q3,0.0,-0.018026722766087494,-0.0037965403582685547
903677120,Active(<30일),Q4_고가,,0.0241026241785115,0.01861617694107809
903816320,Active(<30일),Q3,0.0,0.030404577308348224,0.020518060604107546
903890560,Active(<30일),Q4_고가,1.0,-0.00275268408411454,0.05810001091336886
903916544,Active(<30일),Q4_고가,0.0,-0.0003314283661377815,0.03972042892767663
903920256,이탈위험(90일+),Q2,0.0,-0.017686945025372006,0.014945432474278972
903944384,Active(<30일),Q3,0.0,0.02485656949874837,0.0234555790176616
904020480,이탈위험(90일+),Q4_고가,,-0.021060036976259355,0.018913710177951848
904189376,Active(<30일),Q2,0.0,0.033173374057564486,-0.03227464903714905
904239488,관심필요(30~89일),Q2,1.0,-0.031096683145231674,-0.015564039600730661
904282176,Active(<30일),Q3,0.0,-0.008432018782473585,0.049078048732961885
904517888,관심필요(30~89일),Q1_저가,0.0,-0.007841680518614336,0.047732517335031546
904679360,Active(<30일),Q1_저가,0.0,-0.012423755409323861,-0.012041209864593505
904974464,Active(<30일),Q4_고가,0.0,0.031059962737758795,0.011132104158322442
905039424,이탈위험(90일+),Q3,0.0,-0.01342247121533454,0.03662539384943049
905057984,관심필요(30~89일),Q3,,0.004581541490934815,0.0027143410190705874
905080256,Active(<30일),Q1_저가,0.0,0.015587206356560218,0.005039977259503364
905280704,Active(<30일),Q3,0.0,0.00767318438426344,0.07844420398233659
905499712,이탈위험(90일+),Q3,0.0,-0.007075386221340685,-0.03231109327658033
905605504,관심필요(30~89일),Q3,1.0,-0.025783303527438628,0.004082603607923646
906036096,관심필요(30~89일),Q1_저가,0.0,-0.023492907795436196,-0.029471107594879448
906140032,관심필요(30~89일),Q1_저가,0.0,-0.027194749205697477,0.01725307879051352
906368320,관심필요(30~89일),Q2,0.0,-0.02488482679219564,-0.01173920495960834
906403584,관심필요(30~89일),Q3,0.0,0.011756925736319701,0.09998826379318432
906436992,이탈위험(90일+),Q2,0.0,-0.019583557817950237,0.017484650109134442
906505664,이탈위험(90일+),Q2,0.0,-0.011207366233649652,0.03149655068900736
906826752,관심필요(30~89일),Q4_고가,0.0,-0.02063756333383754,-0.04370383998305763
906952960,Active(<30일),Q1_저가,0.0,0.010293462584215263,0.011297355812779686
906973376,Active(<30일),Q2,,0.02270934507896849,-0.09131766039404138
907006784,Active(<30일),Q3,0.0,0.026732812812099882,0.011932437456224854
907025344,관심필요(30~89일),Q1_저가,0.0,-0.015956654403852272,0.0331492427989655
907077312,이탈위험(90일+),Q3,0.0,-0.012663504306257796,0.03625985700479825
907179392,관심필요(30~89일),Q3,0.0,0.012685329920928745,0.06683616552783711
907203520,이탈위험(90일+),Q4_고가,0.0,-0.014647261291623637,0.033519783479781115
907352000,Active(<30일),Q1_저가,0.0,-0.013199118163058188,0.006134256071337135
907381696,관심필요(30~89일),Q4_고가,0.0,-0.010656773854507917,0.07460974604659693
907494912,Active(<30일),Q3,0.0,0.0075761089828984,-0.027393450284525778
907630400,관심필요(30~89일),Q4_고가,0.0,-0.00270930551505906,0.038930485553204816
907687936,이탈위험(90일+),Q4_고가,0.0,-0.014192396135602178,0.025373660366844075
907977472,관심필요(30~89일),Q3,0.0,0.01195019385320717,0.0688683409726446
908131520,Active(<30일),Q1_저가,0.0,0.00780789097167614,0.05663592260348285
908183488,이탈위험(90일+),Q3,0.0,0.016307100258211207,0.051234588301710696
908617792,Active(<30일),Q4_고가,,0.031176255097382644,0.009119425836290773
908794112,이탈위험(90일+),Q4_고가,,-0.014375396354726344,0.03249053025109208
908940736,Active(<30일),Q2,1.0,0.1553426873299502,-0.0010203458454741687
909024256,Active(<30일),Q4_고가,,0.021953374471884612,0.019574158432725475
909026112,Active(<30일),Q2,0.0,0.006763526441526224,-0.031158758792055763
909094784,이탈위험(90일+),Q3,0.0,-0.01345113906867531,0.030617609990116063
909195008,관심필요(30~89일),Q2,0.0,0.007487116695574447,-0.04180053356288582
909228416,이탈위험(90일+),Q1_저가,0.0,-0.00558973296208104,0.04648039923488201
909493824,관심필요(30~89일),Q3,0.0,-0.0027390228103962855,0.06343498438121115
910304896,이탈위험(90일+),Q2,0.0,-0.004626036460303629,-0.03179964415923672
910826432,관심필요(30~89일),Q2,0.0,0.0020565370262695115,0.041182876148001396
911542848,관심필요(30~89일),Q2,1.0,-0.009567505427691733,0.04707199640709622
912769664,Active(<30일),Q1_저가,0.0,0.03897665098355296,-0.010829348746962064
913257792,이탈위험(90일+),Q2,,-0.012802276145381236,0.010263777083290057
913283776,Active(<30일),Q3,0.0,0.0455615121281997,0.03325348776324355
913476800,이탈위험(90일+),Q4_고가,0.0,-0.01281620384569785,0.02084233124587742
913825728,Active(<30일),Q2,,0.023107649923914564,0.01321887253683951
914662784,관심필요(30~89일),Q2,0.0,0.03938517745430087,0.04471714858416451
916555904,이탈위험(90일+),Q1_저가,0.0,-0.011733852023058489,0.023221667176928112
916576320,Active(<30일),Q3,,-0.005347398059338593,0.02984364015376012
916780480,Active(<30일),Q4_고가,0.0,0.09731946613265507,-0.0009388799003131609
916825024,이탈위험(90일+),Q2,,-0.01130409045396142,0.038843614319279796
916979072,Active(<30일),Q1_저가,0.0,-0.008671491836143297,0.027400585281034034
916984640,이탈위험(90일+),Q3,0.0,-0.006869792980878975,0.0312679873667491
917003200,Active(<30일),Q2,0.0,0.00375716772529755,-0.08127476666612587
917038464,이탈위험(90일+),Q1_저가,,-0.011951303658144771,0.038074868769999014
917133120,이탈위험(90일+),Q3,0.0,-0.013179973770561765,0.019613460436514393
917177664,이탈위험(90일+),Q4_고가,0.0,-0.013695478672580377,0.02838776710082201
917324288,Active(<30일),Q3,,0.030870469191130567,0.047441112833469995
917400384,Active(<30일),Q4_고가,0.0,0.038539773797334476,-0.020909035289321032
917404096,Active(<30일),Q3,0.0,0.022958594206227034,0.06256772129992721
917457920,Active(<30일),Q3,0.0,0.011313425990944731,0.020867346786838603
917463488,Active(<30일),Q4_고가,,0.001784362532961048,0.061601290422555716
917517312,관심필요(30~89일),Q1_저가,0.0,-0.02385589492574347,0.01846643002966003
917571136,관심필요(30~89일),Q1_저가,0.0,-0.006389888261488091,0.03787855728967579
917684352,이탈위험(90일+),Q2,0.0,-0.01700492628008847,0.011198336221253324
917788288,관심필요(30~89일),Q2,0.0,0.011208655100789833,0.037955364400869995
917925632,이탈위험(90일+),Q3,0.0,-0.012628262580496957,0.03755578990818053
918088960,관심필요(30~89일),Q2,1.0,0.010361201417040333,-0.030429010179236493
918107520,이탈위험(90일+),Q2,0.0,-0.01123669441184405,0.04329031490899843
918220736,관심필요(30~89일),Q4_고가,0.0,0.001848802046874931,-0.0435703666734964
918261568,Active(<30일),Q2,0.0,0.009204556882079995,-0.04666915622306658
918263424,이탈위험(90일+),Q4_고가,0.0,0.017431558773142036,0.03805295329812396
918304256,이탈위험(90일+),Q4_고가,0.0,-0.02169006507444214,0.002353902815101616
918408192,이탈위험(90일+),Q2,0.0,-0.01899403345290844,0.016266818519098128
918452736,이탈위험(90일+),Q1_저가,0.0,-0.009911188257068652,0.04547133746518036
918586368,Active(<30일),Q2,0.0,0.00906240411184811,0.05600617643785921
918944576,Active(<30일),Q4_고가,0.0,0.012374164324850057,-0.01770033456906428
919204416,Active(<30일),Q1_저가,0.0,0.008988094793563328,-0.05853846343669289
919222976,Active(<30일),Q2,0.0,0.022782012315855193,0.03492165476713893
919351040,Active(<30일),Q4_고가,0.0,0.03263652887034296,0.050827228986724204
919404864,이탈위험(90일+),Q1_저가,0.0,0.010207423533468131,0.04922014951063165
919553344,Active(<30일),Q2,1.0,-0.0013460964701349498,-0.02607750916746948
919596032,Active(<30일),Q1_저가,1.0,0.03025270187325224,0.06232884125273222
919835456,관심필요(30~89일),Q2,0.0,-0.01486199192017805,0.03916755357071794
919976512,이탈위험(90일+),Q4_고가,0.0,-0.00605824657556938,0.02468054631181918
919996928,이탈위험(90일+),Q2,0.0,-0.012581244800783972,0.0404837099291493
920115712,이탈위험(90일+),Q2,0.0,-0.011507673773667557,0.026673705640730433
920364416,Active(<30일),Q4_고가,,0.0008081003997348069,0.04958621354015652
920423808,Active(<30일),Q4_고가,1.0,0.01492416285918663,0.014900430445248136
920754176,Active(<30일),Q3,,0.018963226390374843,0.04459622438762956
920802432,관심필요(30~89일),Q2,0.0,0.004148964554405665,-0.04256094095923796
921041856,Active(<30일),Q1_저가,1.0,0.009093259018856298,0.007847946040030113
921108672,Active(<30일),Q4_고가,0.0,0.020387487208666344,0.011436934341047311
921333248,Active(<30일),Q1_저가,0.0,0.038689246494393426,0.05818385223411626
921730432,이탈위험(90일+),Q1_저가,0.0,-0.011069075045899927,0.0435417773260567
921741568,Active(<30일),Q2,,-0.012466630276298407,0.051787908253501824
921745280,Active(<30일),Q3,0.0,0.06513556821343436,0.042077602010966775
921919744,관심필요(30~89일),Q1_저가,0.0,0.010556218099384673,-0.010363768530844364
921951296,이탈위험(90일+),Q4_고가,1.0,-0.022041461919444227,0.030434707974220418
922081216,이탈위험(90일+),Q4_고가,1.0,-0.016507768976633537,0.03436093916943747
922094208,이탈위험(90일+),Q4_고가,,-0.023344442229081053,0.14581530304741375
922433856,이탈위험(90일+),Q4_고가,0.0,-0.013708315641263673,0.028908934354544044
922495104,이탈위험(90일+),Q1_저가,0.0,-0.033531656997954434,-0.03861197511192577
922706688,Active(<30일),Q2,0.0,0.04291887652369397,0.05328655922683312
922827328,Active(<30일),Q4_고가,0.0,0.013088660402334917,0.04804747888875982
922844032,이탈위험(90일+),Q3,,-0.004196488078838101,0.01942678342078563
922884864,관심필요(30~89일),Q4_고가,0.0,-0.025767696121222622,0.016562676411519456
922886720,이탈위험(90일+),Q4_고가,,-0.011121188864299747,0.01923925411704097
923196672,이탈위험(90일+),Q2,0.0,-0.012532073585360522,0.03334424361741019
923406400,Active(<30일),Q2,0.0,0.04370900353389351,-0.05182704502657198
923534464,Active(<30일),Q1_저가,0.0,0.011090368998043831,0.0121080200217914
923773888,Active(<30일),Q4_고가,0.0,0.03623302275020568,0.055623091623419496
923814720,관심필요(30~89일),Q1_저가,0.0,-0.01132553111524981,0.025676482236034748
923864832,관심필요(30~89일),Q4_고가,1.0,0.05364200381559586,0.053065229882277076
924343680,Active(<30일),Q3,0.0,0.016226541826301233,0.008660766892266802
924364096,Active(<30일),Q2,0.0,0.08061498817400503,0.024064123818590133
924605376,이탈위험(90일+),Q3,0.0,-0.013288630076178573,0.03970531841880354
924935744,관심필요(30~89일),Q1_저가,0.0,0.01493316190602706,0.0598193304022922
924980288,이탈위험(90일+),Q1_저가,0.0,-0.008696309143339576,0.008573500725919891
925028544,이탈위험(90일+),Q1_저가,0.0,-0.009278086728383025,0.008628824018760639
925305088,관심필요(30~89일),Q3,0.0,-0.016542935975811995,0.010881418971622245
925509248,Active(<30일),Q4_고가,0.0,0.006883437564667361,0.03428684856270825
925522240,Active(<30일),Q3,0.0,0.07873733643948999,0.007224755979088199
925559360,이탈위험(90일+),Q4_고가,0.0,-0.012780471202137642,0.03198409077282194
925639168,Active(<30일),Q4_고가,0.0,0.018256714357051784,-0.0056945798643829315
925793216,Active(<30일),Q1_저가,0.0,0.036841868613134654,-0.019478736007420894
925822912,Active(<30일),Q4_고가,0.0,0.01960063574147408,0.007803998360913167
925854464,관심필요(30~89일),Q1_저가,0.0,-0.014335408442761946,0.04195564599443752
925893440,Active(<30일),Q3,,0.021368643398144205,0.02517019048147312
925917568,Active(<30일),Q4_고가,,0.02260470778549295,0.008495178216220867
926006656,이탈위험(90일+),Q4_고가,0.0,-0.022228719587851928,0.007637429632978324
926114304,Active(<30일),Q2,0.0,0.01474977159575086,-0.004481973118549032
926136576,Active(<30일),Q1_저가,,0.035549480536699596,-0.05669194816446371
926205248,Active(<30일),Q2,0.0,0.01833592605353862,0.02188160022930863
926407552,관심필요(30~89일),Q2,0.0,0.007914011528382892,0.04879419629859083
926650688,관심필요(30~89일),Q2,0.0,-0.022946412868144084,0.012053676076035053
926706368,이탈위험(90일+),Q4_고가,0.0,-0.010472801932560366,0.0323438630580901
927049728,이탈위험(90일+),Q1_저가,0.0,-0.012110559725863279,0.035141434720491194
927433920,Active(<30일),Q1_저가,0.0,-0.006751510697623864,0.012153949005234643
927504448,관심필요(30~89일),Q1_저가,0.0,-0.006173147610675736,0.04582029235036955
927678912,Active(<30일),Q3,,0.02753353772759759,-0.0013464144705966907
927847808,Active(<30일),Q1_저가,0.0,0.008401192841040628,0.04662080970959412
928035264,Active(<30일),Q1_저가,,-0.00951488101497569,0.004673907454171067
928111360,Active(<30일),Q1_저가,0.0,0.011023086619734501,-0.011263838100466494
928198592,Active(<30일),Q1_저가,0.0,0.014447492676449042,0.04458308200642183
928317376,Active(<30일),Q3,0.0,0.02992346639777388,0.07547539038883389
928322944,이탈위험(90일+),Q3,0.0,-0.008540624680409198,0.018763686231339366
928476992,관심필요(30~89일),Q1_저가,0.0,-0.015644624296389076,-0.0014009478744552717
928502976,Active(<30일),Q1_저가,,0.022958766984445544,0.014461742086716911
928820352,Active(<30일),Q2,0.0,0.02034141496057984,-0.05228005681692671
928896448,Active(<30일),Q3,0.0,0.028691898925341963,0.011076564915993736
929013376,Active(<30일),Q3,0.0,0.04249981910431411,0.04988755461333083
929425408,관심필요(30~89일),Q3,0.0,-0.022980452274611568,0.015063131180697187
929698240,관심필요(30~89일),Q2,0.0,-0.02048096060867763,-0.0020937103099982757
929766912,Active(<30일),Q4_고가,1.0,0.10487294938106484,-0.006349339133828902
929846720,Active(<30일),Q2,0.0,0.034404735442442824,0.0338853024656115
929941376,Active(<30일),Q3,,0.021439865206881237,0.04539311589148598
930086144,관심필요(30~89일),Q2,0.0,-0.030347292030794892,-0.04462697464312987
930383104,Active(<30일),Q4_고가,1.0,0.012212223973821823,-0.01647230012940759
930518592,Active(<30일),Q2,0.0,0.016576457038037562,0.0033456935073341576
930546432,이탈위험(90일+),Q1_저가,,-0.025557374050207332,-0.0048458260866623415
930611392,관심필요(30~89일),Q3,0.0,-0.0033227361824796353,-0.024819746972006285
930635520,이탈위험(90일+),Q2,0.0,-0.03134786967071285,-0.009729872714329652
930791424,이탈위험(90일+),Q4_고가,,-0.014603166260580364,0.02345858206656723
930900928,이탈위험(90일+),Q2,0.0,-0.012773097667717108,0.025501327209456012
930952896,Active(<30일),Q4_고가,0.0,0.02064069845019223,0.0614506608900065
931021568,이탈위험(90일+),Q3,0.0,-0.013040259771540698,0.03295439940990569
931067968,Active(<30일),Q4_고가,,0.01189000919239791,0.019696831631571543
931273984,Active(<30일),Q1_저가,,0.02403267168857237,-0.0052579465117547075
931329664,이탈위험(90일+),Q1_저가,1.0,0.014100285232416576,0.05274196547521901
931615488,Active(<30일),Q2,,0.01020944787390582,0.010288122184102438
931810368,이탈위험(90일+),Q1_저가,0.0,-0.020259103222687758,-0.029852916929461293
931838208,Active(<30일),Q2,0.0,0.04653322844656127,0.028947821991328504
931923584,Active(<30일),Q2,0.0,-0.019885953817447122,-0.03926646953543217
932047936,이탈위험(90일+),Q1_저가,0.0,-0.027851262125480225,0.016578812057285924
932073920,이탈위험(90일+),Q1_저가,0.0,-0.009724351644790304,0.035174506343020745
932214976,Active(<30일),Q3,0.0,0.10641299072516336,0.027494202537717227
932517504,Active(<30일),Q3,0.0,-0.018901401427328324,-0.008605441412673498
932562048,이탈위험(90일+),Q4_고가,0.0,-0.012032652676887232,0.01973349198746012
932571328,관심필요(30~89일),Q2,0.0,-0.01098961632970595,0.0411053928743175
932680832,Active(<30일),Q3,,0.027901811585025693,0.06193216260732459
932734656,이탈위험(90일+),Q3,0.0,-0.012713487187367575,0.03654162873765644
932768064,관심필요(30~89일),Q4_고가,0.0,0.09875830032916244,0.07673627033477914
932836736,관심필요(30~89일),Q4_고가,0.0,-0.002196876815653004,0.04747631777663347
932857152,관심필요(30~89일),Q3,,0.002345221763883326,-0.03944785752577529
932968512,이탈위험(90일+),Q4_고가,0.0,-0.014094082463759962,0.01944766499423311
933089152,관심필요(30~89일),Q3,1.0,0.009518615928588603,0.1368365430076584
933094720,Active(<30일),Q3,0.0,0.012851744741639748,-0.014983989672990305
933269184,이탈위험(90일+),Q4_고가,0.0,-0.014253889755564797,0.02996568933859667
933933632,Active(<30일),Q2,,0.042871287550319104,-0.009475658625572425
934000448,Active(<30일),Q3,0.0,0.016823016361193766,0.006996773049558702
934037568,Active(<30일),Q3,1.0,0.0368409695125157,0.020132376874934077
934408768,관심필요(30~89일),Q3,0.0,-0.0231416494066235,-0.04133905051359074
934804096,Active(<30일),Q1_저가,0.0,0.02890403111449724,-0.07850292200342723
934805952,이탈위험(90일+),Q4_고가,,-0.01490873920664456,0.012784280311209331
934919168,Active(<30일),Q4_고가,0.0,0.007594659864522901,-0.037408522413415635
934926592,이탈위험(90일+),Q1_저가,,-0.011325525272357875,0.03257505538041177
934982272,이탈위험(90일+),Q4_고가,,-0.014360620080921545,0.014323091928038281
935006400,Active(<30일),Q2,1.0,0.03211712813744372,0.03299795310591347
935431424,Active(<30일),Q1_저가,0.0,0.02601291274582407,-0.0726045854059928
935661568,Active(<30일),Q3,,0.01838695794266909,0.00016780501797653002
935889856,Active(<30일),Q2,,-0.010955814111259649,-0.024597139425687115
935991936,관심필요(30~89일),Q1_저가,0.0,-0.008113871833481182,0.048638115234557494
935999360,Active(<30일),Q3,0.0,0.015413772233836665,0.04102661863329882
936042048,Active(<30일),Q3,0.0,0.006255650396780332,-0.038028229717703255
936145984,Active(<30일),Q4_고가,0.0,0.047617369917082875,0.07041973680610358
936196096,Active(<30일),Q3,,0.02613140795043345,0.04626770385102408
936205376,Active(<30일),Q2,0.0,0.014453001509533658,-0.04467622340419958
936376128,관심필요(30~89일),Q1_저가,0.0,0.01826861061655366,0.04199736008151589
936411392,Active(<30일),Q4_고가,0.0,0.023614916466975222,-0.01720262571349218
936416960,Active(<30일),Q2,0.0,0.03490452150060441,0.038390813539105784
936506048,Active(<30일),Q1_저가,0.0,-0.008219840779676302,-0.03521524524759684
936530176,이탈위험(90일+),Q3,0.0,-0.013446487312945864,0.04707773808521395
936539456,이탈위험(90일+),Q4_고가,,-0.019894690796206704,0.004370343205856025
936611840,관심필요(30~89일),Q3,,0.011197950582146843,-0.08522306182501793
936641536,이탈위험(90일+),Q3,,-0.012913284233893395,0.03538758027191478
936658240,Active(<30일),Q3,0.0,0.05115401553508836,0.012131615212497948
936693504,이탈위험(90일+),Q2,,-0.04360009502342754,-0.05024915354210552
936723200,Active(<30일),Q4_고가,0.0,0.021074225416294445,-0.0002606004432614828
936801152,Active(<30일),Q2,0.0,0.04449915860182574,-0.10212418140906077
937038720,Active(<30일),Q2,,-0.0006564133512998449,-0.08585947718230147
937092544,Active(<30일),Q2,0.0,0.019150609152665976,-0.04964647838306252
937107392,Active(<30일),Q3,1.0,0.01861864867667662,0.033585553032536075
937376512,Active(<30일),Q2,0.0,-0.004103921672466787,0.014034909400734652
937963008,이탈위험(90일+),Q1_저가,0.0,-0.011405057002393748,0.0376271657883878
938016832,이탈위험(90일+),Q4_고가,0.0,-0.014456777019773014,0.022164042109116794
938154176,관심필요(30~89일),Q4_고가,,0.007172361419597095,-0.015309831630383797
938280384,이탈위험(90일+),Q1_저가,,-0.009072863290494455,0.033383991007205016
938553216,관심필요(30~89일),Q3,,-0.029147805963438245,-0.03190034020924515
938560640,Active(<30일),Q4_고가,0.0,0.054911710586051266,0.033664604859373504
938686848,이탈위험(90일+),Q4_고가,0.0,-0.014746731804916015,0.02508822275219655
938811200,관심필요(30~89일),Q4_고가,0.0,-0.00827640515920891,0.09916425242746862
938963392,Active(<30일),Q4_고가,0.0,0.01882562126481624,0.03847364437327794
939167552,이탈위험(90일+),Q4_고가,0.0,-0.014206808447978336,0.01520376156255579
939178688,Active(<30일),Q4_고가,0.0,0.022196431149934748,-0.012885816962787788
939239936,관심필요(30~89일),Q2,0.0,0.006884085517848693,0.20136493396750627
939548032,Active(<30일),Q2,,0.05079373283573352,0.026626034077748217
939564736,이탈위험(90일+),Q1_저가,0.0,-0.009775101451489347,0.037263078037153605
939915520,이탈위험(90일+),Q4_고가,0.0,-0.01605679257213352,0.02504644749851058
939939648,이탈위험(90일+),Q3,0.0,-0.020175425162837685,0.0029574330657818476
940231040,Active(<30일),Q1_저가,0.0,-0.003922855005691214,0.004505796407155843
940232896,관심필요(30~89일),Q4_고가,,0.008177955998728836,0.16086192693830326
940321984,이탈위험(90일+),Q1_저가,0.0,-0.011752406237130614,0.032261787422005084
940344256,관심필요(30~89일),Q2,0.0,0.0016898277685267749,-0.018141166915918994
940375808,Active(<30일),Q4_고가,0.0,0.016313497839860802,0.02545165723297882
940438912,이탈위험(90일+),Q2,0.0,-0.012691281893350934,0.019323213005985232
940515008,관심필요(30~89일),Q1_저가,,-0.035108492522748225,-0.044192894792549064
940927040,이탈위험(90일+),Q1_저가,0.0,-0.022109235573550587,-0.0033988750861144723
941003136,이탈위험(90일+),Q2,0.0,-0.012274299914030867,0.03201070357271339
941201728,이탈위험(90일+),Q3,0.0,0.012324606176477473,0.04438101709081679
941314944,이탈위험(90일+),Q1_저가,,-0.0399503406831781,-0.08143830130687196
941461568,이탈위험(90일+),Q2,0.0,-0.03185614049719235,-0.013413765492002155
941663872,Active(<30일),Q1_저가,0.0,0.019894972384151388,0.004183856825956789
941675008,Active(<30일),Q1_저가,0.0,0.024908695833376293,-0.04639361083698723
941728832,Active(<30일),Q1_저가,0.0,-0.004668450075972316,0.027014185794663442
941793792,Active(<30일),Q4_고가,0.0,0.032564195853036826,0.05803578137832921
941799360,이탈위험(90일+),Q4_고가,0.0,-0.012816993001318666,-0.0026123349174659305
941879168,Active(<30일),Q1_저가,0.0,0.05199771907027484,-0.0394483644093262
942005376,Active(<30일),Q2,1.0,0.0065574360692041145,-0.0809444807466233
942144576,관심필요(30~89일),Q1_저가,0.0,-0.008761276480901178,0.05705849255442336
942591872,Active(<30일),Q2,0.0,0.006001911846415964,-0.07235522630882119
942732928,이탈위험(90일+),Q4_고가,1.0,-0.027454703755737317,-0.018131554494989183
942825728,이탈위험(90일+),Q4_고가,0.0,-0.0089875710416083,0.02056206746193573
942842432,이탈위험(90일+),Q1_저가,0.0,-0.011907339265737268,0.04135218473414257
943068864,이탈위험(90일+),Q2,0.0,-0.012513002910540472,0.02065268664053592
943146816,이탈위험(90일+),Q3,0.0,-0.012828021194685423,0.034927500655232285
943250752,이탈위험(90일+),Q2,0.0,-0.019522261705019375,-0.002622619064552273
943330560,Active(<30일),Q4_고가,,0.015103769169547476,-0.07731761780957425
943427072,Active(<30일),Q2,0.0,0.02956194109667687,4.564673043661038e-06
943434496,Active(<30일),Q4_고가,0.0,0.016556597097835413,0.05283245988730334
943542144,Active(<30일),Q2,0.0,0.02555294249083795,0.009079598609941786
943729600,Active(<30일),Q1_저가,0.0,0.025766330615396682,-0.03615935045330809
943805696,관심필요(30~89일),Q2,0.0,-0.016032753237945008,0.03253488077374539
943956032,Active(<30일),Q2,0.0,0.02409245593712639,-0.02536659526100582
944258560,Active(<30일),Q1_저가,0.0,0.017229122322490076,-0.005606859879434989
944381056,Active(<30일),Q2,0.0,0.009206235733814072,-0.10373231562264695
944394048,이탈위험(90일+),Q2,0.0,-0.007322637442446767,-0.01268309109504423
944433024,이탈위험(90일+),Q4_고가,0.0,-0.006619338038480374,0.04598886870429324
944858048,이탈위험(90일+),Q1_저가,,-0.02208574531522603,-0.02688955722393227
945023232,이탈위험(90일+),Q3,,-0.013651280988814692,0.03680160615820198
945043648,관심필요(30~89일),Q1_저가,0.0,-0.01523497714986155,0.025332268916238604
945292352,Active(<30일),Q2,0.0,-0.011848936503927932,-0.10007037930740514
945368448,Active(<30일),Q3,1.0,0.025060145247803867,0.013154416449701722
945533632,이탈위험(90일+),Q1_저가,0.0,-0.004238734339354844,0.037063449584298136
945567040,Active(<30일),Q3,0.0,0.04804711775091752,0.018579272927102042
945685824,Active(<30일),Q3,1.0,0.017574219553900927,0.0711144938264135
945704384,이탈위험(90일+),Q1_저가,0.0,-0.012072630184553512,0.03963579659550805
945771200,관심필요(30~89일),Q4_고가,,-0.027043521211055632,-0.0006169757042867874
945851008,관심필요(30~89일),Q2,0.0,-0.011872366904507797,0.018720035680402952
945949376,Active(<30일),Q2,,0.04608581425006941,-0.007839957128194408
946088576,Active(<30일),Q2,,0.04929431816499641,0.04013337063575462
946090432,이탈위험(90일+),Q4_고가,0.0,-0.02984386713556142,0.003108229741477453
946170240,Active(<30일),Q2,,0.020616133256726288,0.02547028535049989
946248192,이탈위험(90일+),Q1_저가,0.0,-0.010389467611785934,0.0347378230727579
946303872,관심필요(30~89일),Q4_고가,0.0,-0.0017754799008015132,0.04536157431450666
946344704,이탈위험(90일+),Q1_저가,,0.02798477305091847,0.03733035611525197
946541440,관심필요(30~89일),Q4_고가,1.0,-0.0007693226201277159,-0.0028519071525194006
946571136,이탈위험(90일+),Q3,0.0,-0.019991784072189947,0.008335863137915248
946808704,Active(<30일),Q2,,0.022113681016459497,-0.10597856733326216
946959040,Active(<30일),Q4_고가,0.0,0.02631571943776906,0.061845113168937926
947029568,이탈위험(90일+),Q1_저가,0.0,-0.023421914064291255,0.022508826522781578
947213312,Active(<30일),Q2,0.0,0.043273165572648264,-0.02037353711688894
947220736,관심필요(30~89일),Q2,0.0,0.005527777639814019,-0.0006562451001594638
947500992,Active(<30일),Q4_고가,0.0,0.030282920404284264,0.036050432917869135
947525120,관심필요(30~89일),Q2,0.0,-0.025733909896517748,-0.004483362737440211
947539968,Active(<30일),Q3,0.0,0.021357019477811878,-0.04507391511348327
947562240,이탈위험(90일+),Q3,0.0,-0.010230475471075515,0.034070322078603166
947577088,이탈위험(90일+),Q4_고가,0.0,-0.014243033565727363,0.02704913468990277
947688448,관심필요(30~89일),Q3,0.0,0.01098424792067243,-0.016158625856924957
947692160,Active(<30일),Q3,0.0,0.00637253268825741,0.0136846817707863
947755264,Active(<30일),Q3,0.0,0.03319736994789002,0.05611224945840787
947803520,관심필요(30~89일),Q4_고가,0.0,-0.024850466442479263,-0.03467823016883384
948046656,이탈위험(90일+),Q3,0.0,-0.013460618706184264,0.03572229464724767
948055936,Active(<30일),Q2,0.0,0.04797561228881164,-0.042528553223522614
948067072,이탈위험(90일+),Q4_고가,0.0,-0.021251459413595714,0.015226555560725108
948143168,관심필요(30~89일),Q3,0.0,-0.010920321062410449,0.0480054856965646
948158016,이탈위험(90일+),Q1_저가,0.0,-0.011764565988005085,0.027768201068848142
948193280,Active(<30일),Q2,0.0,0.017065481390187265,0.009848088895328844
948234112,이탈위험(90일+),Q4_고가,,-0.013964319484398587,0.03038039704494458
948419712,관심필요(30~89일),Q2,0.0,0.006629331060605925,-0.004472694138853595
948492096,Active(<30일),Q2,1.0,0.08552436780039518,0.01697545805137768
948614592,Active(<30일),Q4_고가,,0.045340294840277684,-0.010824752677323524
950542976,Active(<30일),Q3,0.0,0.03358762511935687,0.040759574460563
950565248,이탈위험(90일+),Q4_고가,0.0,-0.014097952063229557,0.03153057319619859
950787968,Active(<30일),Q4_고가,0.0,0.025574349889424974,0.00732814653250391
950865920,Active(<30일),Q2,0.0,0.049164038574465274,-0.006021160363959832
950971712,Active(<30일),Q3,0.0,0.06427841658072586,0.05612292914300232
951036672,이탈위험(90일+),Q3,0.0,-0.013444413164894226,-0.015819804858029918
951116480,이탈위험(90일+),Q2,,-0.011988881733390307,0.022195370094159048
951175872,Active(<30일),Q4_고가,,0.03292151148204214,0.06654213220899596
951190720,Active(<30일),Q3,0.0,0.036736135636993295,0.0468292968692563
951196288,이탈위험(90일+),Q4_고가,0.0,-0.006865906730205082,0.03665187073795097
951717824,이탈위험(90일+),Q2,0.0,-0.0127774823792325,0.02292725171057331
951836608,Active(<30일),Q2,0.0,-0.01112554136739144,0.0006582353018285969
952087168,Active(<30일),Q2,0.0,0.03921353970939079,0.006732230245122817
952237504,관심필요(30~89일),Q1_저가,0.0,-0.0217035503222828,-0.02068932432310916
952274624,Active(<30일),Q2,0.0,0.016184856210403442,0.0027991690296854665
952918656,관심필요(30~89일),Q1_저가,0.0,-0.00943132237257678,0.04062977322878457
954633600,관심필요(30~89일),Q3,0.0,0.006683371317401043,0.16061557871951787
954815488,이탈위험(90일+),Q2,,-0.012236406561547182,0.035116393235511884
955223808,관심필요(30~89일),Q1_저가,0.0,-0.00943313259641168,0.03457057247296294
955381568,이탈위험(90일+),Q4_고가,0.0,-0.016450992823764388,0.038061712357380345
955431680,이탈위험(90일+),Q4_고가,0.0,-0.0145750535578422,0.02323286367994748
955498496,이탈위험(90일+),Q4_고가,0.0,0.02813543793093254,0.09636455702943265
956599104,이탈위험(90일+),Q4_고가,,0.016671685957484236,0.028531171850591314
957523392,이탈위험(90일+),Q3,0.0,-0.012736089520519286,0.033193526953913005
957584640,이탈위험(90일+),Q4_고가,0.0,-0.007052625239548027,0.07252481913332653
958089472,Active(<30일),Q1_저가,,0.03306104573985885,-0.003438963168531317
958538624,이탈위험(90일+),Q1_저가,0.0,-0.01016327888294346,0.030024527295134038
958657408,Active(<30일),Q3,0.0,0.02476850035273681,0.032059383352915694
959028608,이탈위험(90일+),Q4_고가,0.0,-0.014462993759598329,0.027218472508000163
959130688,이탈위험(90일+),Q4_고가,0.0,-0.01370601895530111,0.02665347043610105
959243904,Active(<30일),Q4_고가,0.0,0.037338965447748174,-0.05057893077457132
959433216,Active(<30일),Q4_고가,0.0,0.0020150123022681238,0.01770356586345226
961536064,관심필요(30~89일),Q4_고가,0.0,0.000988641552926911,-0.01210756814210956
962295168,이탈위험(90일+),Q4_고가,0.0,-0.014743263949560749,0.017164495296314516
962297024,Active(<30일),Q3,0.0,0.02392325859058042,0.03434951639895689
962955904,Active(<30일),Q2,,0.030988933090222104,0.02253183632285971
963050560,Active(<30일),Q3,0.0,0.03972615692560766,0.09600557774390162
963119232,Active(<30일),Q2,0.0,0.009008327432605268,0.0013729526255243096
963122944,Active(<30일),Q3,0.0,0.05614307113352024,0.10306732148203146
963592512,Active(<30일),Q3,0.0,0.01768835458161111,0.06557497743273832
963776256,이탈위험(90일+),Q4_고가,1.0,-0.007262818135055929,0.025844118959189782
964186432,이탈위험(90일+),Q4_고가,0.0,-0.014564119252859005,0.014856133413433573
964572480,Active(<30일),Q2,,-0.01129917066884123,0.026225367269971378
964880576,관심필요(30~89일),Q1_저가,0.0,0.022801017879973864,0.06261482823290383
964949248,Active(<30일),Q2,0.0,0.03869900142174343,0.025142904801704224
964973376,이탈위험(90일+),Q2,0.0,-0.012542275169475384,0.052990126696791234
965294464,Active(<30일),Q4_고가,,0.04254451245149926,0.021732601182301692
965337152,관심필요(30~89일),Q4_고가,0.0,0.0008973072854017161,-0.010917191989439023
965455936,Active(<30일),Q1_저가,0.0,0.0271473696500667,-0.03241433376825886
965598848,Active(<30일),Q2,0.0,0.03182372200095518,0.12836333515139464
965867968,Active(<30일),Q4_고가,0.0,0.023667924119910005,0.04009484344581671
965932928,관심필요(30~89일),Q1_저가,0.0,-0.009433409101558168,0.03900430307126687
965958912,관심필요(30~89일),Q3,0.0,-0.008745016878649883,0.05474998704358969
966437760,이탈위험(90일+),Q4_고가,1.0,0.018109348929502694,0.05500152371038815
966473024,이탈위험(90일+),Q1_저가,0.0,-0.0026241137283885274,0.00014162006142176553
966745856,이탈위험(90일+),Q3,0.0,-0.0069146246779679815,0.03559883590293453
966833088,이탈위험(90일+),Q1_저가,0.0,-0.011061238107011602,0.028307543475353192
966907328,관심필요(30~89일),Q1_저가,0.0,0.022800305052880304,0.06395825494287453
967046528,Active(<30일),Q3,0.0,0.02553712833193711,0.05252230767129007
967222848,이탈위험(90일+),Q1_저가,0.0,-0.011277022589660672,0.049163554091186716
967313792,이탈위험(90일+),Q2,0.0,-0.005264521690070134,0.04563304693143612
967358336,Active(<30일),Q3,0.0,-0.01598792198167498,-0.010735831107845317
967800064,관심필요(30~89일),Q1_저가,,-0.007152472430168005,0.048260057087949476
968252928,이탈위험(90일+),Q3,0.0,-0.021045397526306353,0.02362987027351489
968405120,이탈위험(90일+),Q3,0.0,-0.013210035525350126,0.03989078175725555
968505344,이탈위험(90일+),Q2,1.0,-0.01281377237984404,0.03526058214880766
968551744,Active(<30일),Q2,0.0,0.0598572817860521,-0.05074050329088747
968948928,Active(<30일),Q3,0.0,0.02810097133367795,0.018336473521214813
968950784,관심필요(30~89일),Q1_저가,,-0.025640317396793066,-0.054869605843951785
969013888,Active(<30일),Q4_고가,1.0,0.07398837428536087,0.04640689816808974
969091840,관심필요(30~89일),Q4_고가,,-0.020243219171860075,0.012200798418142103
969208768,관심필요(30~89일),Q3,1.0,-0.009805746277378805,0.03858567796328963
969219904,관심필요(30~89일),Q1_저가,0.0,0.0033553938617696955,0.01845310962922575
969303424,관심필요(30~89일),Q3,,-0.002266197918770363,0.17529294289376984
969451904,Active(<30일),Q3,0.0,0.03762963792832741,0.03593544689887507
969568832,Active(<30일),Q3,0.0,0.04035079736323033,0.057037364478650265
969813824,Active(<30일),Q1_저가,0.0,-0.015851375912553367,-0.12738653460806182
969849088,Active(<30일),Q3,,-0.017199123026889696,-0.0019281786399702738
969880640,이탈위험(90일+),Q1_저가,0.0,-0.022301436586346854,-0.015016673021197802
970164608,이탈위험(90일+),Q4_고가,0.0,-0.03625542802416051,0.03520102350768392
970530240,관심필요(30~89일),Q1_저가,1.0,-0.006972392675861805,0.05604903722533808
970571072,관심필요(30~89일),Q3,0.0,-0.027332220333948554,-0.035707089510964574
970582208,이탈위험(90일+),Q3,0.0,-0.01304432631931804,0.04446240482337642
970732544,Active(<30일),Q2,0.0,0.0384358084506381,-0.07933727911532107
971081472,Active(<30일),Q4_고가,0.0,0.004842028320516667,0.03727254528683496
971226240,Active(<30일),Q2,0.0,0.02537769707871229,-0.12612714943712666
971350592,이탈위험(90일+),Q1_저가,,-0.009047302580501938,0.026709549949238368
971480512,Active(<30일),Q3,1.0,0.03140879489532988,0.022613845072845806
971508352,Active(<30일),Q4_고가,0.0,0.05106022377221431,0.03008218769719706
971582592,이탈위험(90일+),Q4_고가,,-0.013350060211213502,0.03254959314893362
971601152,Active(<30일),Q4_고가,0.0,0.0066891054637368,-0.04555631694905249
971673536,Active(<30일),Q3,0.0,0.01692725688233221,0.0029574138474343092
971692096,Active(<30일),Q1_저가,0.0,-0.00435150428753317,0.04465402977851737
971803456,이탈위험(90일+),Q3,0.0,-0.011159857199973089,0.05881900840751045
972091136,Active(<30일),Q3,,0.025446245701813308,0.03784339341235521
972104128,Active(<30일),Q3,,0.030491526108438527,0.02959910289721357
972115264,Active(<30일),Q3,1.0,0.028427921483394902,0.02354447332500731
972178368,관심필요(30~89일),Q4_고가,,-0.005272768269459105,-0.011372732580170353
972189504,관심필요(30~89일),Q1_저가,0.0,-0.017342575265077764,-0.009758721792344022
972367680,Active(<30일),Q4_고가,0.0,0.012767670264042907,0.0174892483685104
972547712,이탈위험(90일+),Q4_고가,0.0,-0.014477326090311354,0.028550069553595153
972842816,Active(<30일),Q2,0.0,0.02834655486971782,0.020962282530302745
973106368,Active(<30일),Q4_고가,0.0,0.028040768369802738,0.03195516461667891
973167616,이탈위험(90일+),Q1_저가,0.0,-0.015915075506912887,-0.0009415580385587763
973484992,이탈위험(90일+),Q1_저가,0.0,-0.011815934932537936,0.04081142807976956
973535104,Active(<30일),Q2,,0.02076778591427836,0.006078647896843314
973544384,이탈위험(90일+),Q1_저가,0.0,-0.010989158775428526,0.043526482454798406
974136448,관심필요(30~89일),Q2,0.0,-0.027441907982499514,-0.05175776270283827
974221824,이탈위험(90일+),Q1_저가,0.0,-0.012116120084868391,0.03167903370382929
974459392,관심필요(30~89일),Q1_저가,,-0.015519675663434485,0.0028587287152555263
974683968,Active(<30일),Q4_고가,0.0,0.028382700869818867,0.04833212922959629
974709952,관심필요(30~89일),Q2,0.0,0.004992862710913995,0.0646579202114109
974760064,관심필요(30~89일),Q4_고가,0.0,0.0021168830833819263,0.0936785948369267
974917824,Active(<30일),Q2,0.0,-0.010154667193603722,0.006668153872821825
975008768,Active(<30일),Q4_고가,0.0,0.010203273197044171,0.05957828798509357
975105280,이탈위험(90일+),Q1_저가,0.0,0.010923032920541545,0.047193087442519224
975155392,관심필요(30~89일),Q2,0.0,0.013841306434306144,0.09802863698547604
975248192,Active(<30일),Q1_저가,0.0,0.0938467684687333,-0.06653731800944368
975300160,Active(<30일),Q1_저가,0.0,0.037332957881770046,-0.0644851777328076
975337280,관심필요(30~89일),Q1_저가,1.0,-0.02131562570376999,-0.022466501180923748
975691776,Active(<30일),Q4_고가,0.0,-0.030165335397390358,-0.032031532716324806
975714048,관심필요(30~89일),Q4_고가,1.0,0.009051258084773584,0.1455421371647141
975901504,이탈위험(90일+),Q2,0.0,-0.012871949829433904,0.030766300298704148
975988736,이탈위험(90일+),Q2,0.0,-0.01237965279377884,0.024231379528722882
976033280,Active(<30일),Q3,0.0,-0.013307084995415386,0.008622876993706174
976122368,Active(<30일),Q4_고가,0.0,0.017875163184723486,0.019848921584679213
976337664,Active(<30일),Q2,0.0,-0.00918313126233214,0.0032978646416188806
976736704,Active(<30일),Q1_저가,0.0,0.03758015026267969,0.018533807983425077
976757120,Active(<30일),Q4_고가,0.0,0.02405649311157143,0.0046275861672449015
976786816,관심필요(30~89일),Q2,1.0,0.005985644339325469,-0.044442651377332665
977063360,Active(<30일),Q1_저가,0.0,-0.0037506103644715516,0.010881786636930707
977213696,Active(<30일),Q1_저가,0.0,0.04831611011955217,0.06763322892765644
977274944,Active(<30일),Q2,,-0.001393570232592456,-0.01774138003960507
977341760,이탈위험(90일+),Q1_저가,0.0,-0.012402780785630126,0.031115403324889768
977354752,이탈위험(90일+),Q1_저가,0.0,-0.012349782554948771,0.043379936252700105
977414144,관심필요(30~89일),Q2,0.0,-0.025005799255284955,-0.011834630241397609
977614592,관심필요(30~89일),Q2,0.0,-0.028797756187509738,0.004425392549963103
977646144,Active(<30일),Q3,0.0,0.02274746590691723,0.022821388813088983
977670272,Active(<30일),Q1_저가,0.0,0.02131541091861988,-0.09687435273143286
977733376,관심필요(30~89일),Q2,0.0,-0.01699402388316859,0.0013132291855465772
977735232,Active(<30일),Q2,0.0,0.026062999382355012,-0.06316901425432297
977828032,Active(<30일),Q2,0.0,0.027943516844634142,0.012583571961417683
978004352,Active(<30일),Q4_고가,0.0,0.0591715888922173,-0.018773244631049013
978197376,Active(<30일),Q1_저가,0.0,0.006379038980471985,-0.08465719200792121
978221504,Active(<30일),Q4_고가,0.0,0.014576664689862184,-0.030536861895188783
978264192,이탈위험(90일+),Q3,0.0,-0.013148157541182585,0.0386906994280473
978273472,이탈위험(90일+),Q1_저가,0.0,-0.006400745856840417,0.03298587407839251
978408960,Active(<30일),Q2,0.0,-0.014561310550407325,-0.12743461476367457
978514752,이탈위험(90일+),Q1_저가,1.0,-0.0038317217970298897,0.0465158088198392
978789440,관심필요(30~89일),Q3,0.0,-0.03375537517466054,0.07418121393703953
978839552,Active(<30일),Q4_고가,,0.012191878458495231,-0.0031083085152892043
978878528,관심필요(30~89일),Q2,,-0.009622502744629266,0.041526080686831154
978947200,이탈위험(90일+),Q2,,-0.032221758422531444,0.012976289940752311
979025152,Active(<30일),Q3,,0.005908796035713926,-0.03167989073660127
979283136,이탈위험(90일+),Q4_고가,,-0.024452084253349132,0.04852081776147574
979374080,관심필요(30~89일),Q2,1.0,0.009643972255314215,-0.019520366320601723
979669184,Active(<30일),Q4_고가,0.0,0.007468028106774105,0.02894901590736154
979800960,이탈위험(90일+),Q1_저가,0.0,-0.010418236835310964,0.021768410560461388
979867776,Active(<30일),Q4_고가,,0.016255416593467076,0.02485405271399055
980211136,이탈위험(90일+),Q3,0.0,-0.013533125389757511,0.027705695124709932
980225984,Active(<30일),Q3,0.0,0.007468049817183742,-0.032213850345246486
980391168,Active(<30일),Q2,0.0,0.012300578843194021,-0.02175035116288604
980513664,Active(<30일),Q3,,0.03151054112732121,0.018329311062753706
980675136,관심필요(30~89일),Q1_저가,0.0,-0.017807133317106233,-0.02755728671548295
980734528,Active(<30일),Q3,0.0,0.03232784696341484,0.0016679823371311686
980821760,관심필요(30~89일),Q3,0.0,-0.017118822576697765,0.04048130700819248
981048192,관심필요(30~89일),Q3,0.0,-0.009854454946112506,0.06313888765427747
981202240,Active(<30일),Q3,0.0,0.01896483836887375,0.009105889067162809
981263488,이탈위험(90일+),Q1_저가,0.0,-0.03267741597784507,-0.023965536494575473
981309888,이탈위험(90일+),Q1_저가,0.0,-0.009818929118530849,0.03722773240392985
981603136,관심필요(30~89일),Q4_고가,0.0,-0.012793708793339978,0.03265522370109633
981638400,Active(<30일),Q3,0.0,0.00016982579785262963,-0.017979460793579927
981779456,이탈위험(90일+),Q2,0.0,-0.05476764650228216,0.0494799505541873
982122816,Active(<30일),Q3,0.0,0.015179955603357942,-0.03685278442172868
982226752,Active(<30일),Q4_고가,0.0,0.04959753700024361,0.051778425548087315
982299136,이탈위험(90일+),Q2,,-0.0127877880140028,0.032890149064180904
982427200,관심필요(30~89일),Q1_저가,0.0,-0.018583495470982897,-0.001973679287866792
982462464,Active(<30일),Q1_저가,0.0,0.06735369855131307,0.017812127903968578
982486592,Active(<30일),Q4_고가,,0.03658169557730284,0.02876931184259951
982698176,Active(<30일),Q3,0.0,0.017039432504857288,0.011062364335339914
982887488,이탈위험(90일+),Q1_저가,0.0,-0.01133038934326349,0.0360337189531916
982896768,이탈위험(90일+),Q2,0.0,-0.013211764851903965,0.02581947054024214
983024832,관심필요(30~89일),Q4_고가,0.0,-0.03405750581722605,-0.02945725899507029
983355200,이탈위험(90일+),Q1_저가,0.0,-0.010088006282112823,0.031404416494590845
983555648,이탈위험(90일+),Q2,,0.02257067334259849,0.013343750273985516
985161088,Active(<30일),Q3,0.0,0.03708872654361828,0.039013720427959586
985469184,이탈위험(90일+),Q1_저가,0.0,0.011658589270863828,0.045357592742390214
986089088,관심필요(30~89일),Q2,0.0,0.026716094358925246,0.07641396108511334
986738688,이탈위험(90일+),Q1_저가,0.0,-0.018048412403528016,0.028939515898913956
989285120,이탈위험(90일+),Q1_저가,0.0,-0.010350098098485604,0.024492608055811313
989578368,Active(<30일),Q1_저가,0.0,0.03130110688668297,-0.09495150007482522
990107328,이탈위험(90일+),Q1_저가,0.0,-0.010118722930191934,0.016397458614630378
990413568,관심필요(30~89일),Q4_고가,,-0.022575150745402187,0.0586110767991794
990896128,Active(<30일),Q2,0.0,0.019832084943996797,-0.05876138158640931
991536448,Active(<30일),Q3,0.0,0.02890001323040009,0.08214899513711993
991614400,관심필요(30~89일),Q2,0.0,-0.0005917874206859963,0.032422519041109155
992011584,Active(<30일),Q3,1.0,0.01572945388527347,0.07844915003039366
992468160,관심필요(30~89일),Q4_고가,0.0,-0.0023550134019138524,0.00016373716472173339
992614784,관심필요(30~89일),Q3,0.0,-0.03207879797270782,-0.024470308331907553
992776256,Active(<30일),Q4_고가,0.0,0.02462968505271179,-0.07776043819540368
992792960,Active(<30일),Q4_고가,0.0,0.015486212817324874,-0.01610753429684708
993041664,관심필요(30~89일),Q4_고가,0.0,0.003785400867706623,0.1218407036562234
993199424,이탈위험(90일+),Q1_저가,,-0.009014820828579462,0.014642033522181797
993281088,이탈위험(90일+),Q1_저가,0.0,-0.011982659226572136,0.030507430795718715
993938112,Active(<30일),Q4_고가,0.0,0.007807629516711212,-0.07167049897780897
994142272,Active(<30일),Q4_고가,0.0,0.01480029185062448,0.017624226182309743
994348288,Active(<30일),Q3,0.0,0.006059941892936127,-0.057973809538165
994387264,이탈위험(90일+),Q1_저가,0.0,-0.011963546985119491,0.03453870066648787
994723200,이탈위험(90일+),Q1_저가,0.0,-0.011570762828087049,0.04254189798559288
994732480,Active(<30일),Q3,0.0,0.01916897916189042,0.08490628365246333
995684608,관심필요(30~89일),Q3,0.0,-0.0046216054128239425,0.02285329361803473
995727296,Active(<30일),Q1_저가,0.0,0.03734827569420418,-0.0162196494487451
995918464,관심필요(30~89일),Q1_저가,,-0.020226930590855702,0.021983102170827606
996052096,Active(<30일),Q2,0.0,0.03530306043079989,0.048798976566839014
996349056,관심필요(30~89일),Q2,1.0,0.012424204576738651,0.09202022090045875
996452992,이탈위험(90일+),Q1_저가,,-0.008287619374692475,0.022531086321556593
996564352,이탈위험(90일+),Q3,,-0.02518032088046543,0.005832544646707266
996863168,Active(<30일),Q1_저가,0.0,0.020287495302250713,0.01694687073227541
997100736,Active(<30일),Q4_고가,0.0,0.03360202169388832,-0.026274321003452616
997104448,관심필요(30~89일),Q3,,-0.0008860946280654647,0.1095116111364239
997115584,관심필요(30~89일),Q1_저가,0.0,-0.014164831608728556,0.013129095230056759
997148992,Active(<30일),Q1_저가,,-0.011957514111645806,-0.008734435904568183
997256640,Active(<30일),Q3,1.0,-0.01769276740485609,0.02125584770470984
997321600,Active(<30일),Q3,1.0,0.025631907672926446,0.011922989084860114
997406976,Active(<30일),Q2,0.0,0.007945920518346639,-0.027847509780885904
997542464,Active(<30일),Q4_고가,0.0,-0.020052682611343853,-0.02833782988865169
997601856,이탈위험(90일+),Q4_고가,0.0,-0.013936858280334828,0.02621409660474177
997909952,Active(<30일),Q2,0.0,0.04107483356984165,0.036316156835914715
997928512,Active(<30일),Q2,0.0,0.024582789962013907,-0.0048942305949593035
998223616,이탈위험(90일+),Q4_고가,0.0,-0.021984093598962695,0.18080400441306582
998286720,Active(<30일),Q2,1.0,0.02759716760369013,-0.009767644020526212
998360960,Active(<30일),Q3,0.0,0.03338294416636656,-0.004521063044492124
998444480,Active(<30일),Q1_저가,0.0,0.050394473180450206,-0.007526724101180382
998470464,이탈위험(90일+),Q1_저가,0.0,-0.009540777606622877,0.025725301934238443
998477888,관심필요(30~89일),Q2,0.0,-0.02220769205327089,-0.08920461462421386
998498304,Active(<30일),Q1_저가,0.0,0.049538546338279144,-0.03037413450627191
998526144,Active(<30일),Q2,,0.03854138543886465,0.0012135884016938325
998576256,이탈위험(90일+),Q1_저가,,-0.014990914117326712,0.00024284049260893392
998583680,이탈위험(90일+),Q3,0.0,-0.019045891502495915,0.015134887896485011
998628224,관심필요(30~89일),Q4_고가,1.0,-0.013974788027800555,0.01778065515461691
998728448,이탈위험(90일+),Q1_저가,0.0,-0.011433101497845856,0.03531416669309376
998772992,Active(<30일),Q1_저가,0.0,0.007863156539540284,-0.06673668729215809
998784128,Active(<30일),Q2,0.0,0.022074490699389715,0.017241281154712795
998871360,Active(<30일),Q2,0.0,0.013826208812312224,0.008605766369458978
998990144,Active(<30일),Q1_저가,0.0,-0.001273515273261222,0.018931652745417027
999029120,관심필요(30~89일),Q2,0.0,0.009511808012176715,-0.04898699631273634
999068096,관심필요(30~89일),Q4_고가,1.0,-0.012774403525116274,0.044412823422716324
999168320,이탈위험(90일+),Q3,1.0,-0.013133281983947205,0.03527630796036138
999179456,이탈위험(90일+),Q2,0.0,-0.004993947526971562,0.03206489080932243
999227712,Active(<30일),Q3,,0.00905660664710306,-0.04307262104569409
999240704,이탈위험(90일+),Q1_저가,,-0.010393793302564396,0.046679057231714186
999261120,이탈위험(90일+),Q1_저가,1.0,-0.011663167123832627,0.025507872103906953
999264832,Active(<30일),Q2,0.0,-0.0033401345586214215,-0.00024239380248985976
999398464,Active(<30일),Q2,0.0,0.034326035103269925,-0.0006928963558681112
999474560,이탈위험(90일+),Q2,1.0,-0.0117999754049165,0.026134522814535113
999513536,Active(<30일),Q3,,-0.005208482532704728,0.047692827212142075
999569216,관심필요(30~89일),Q2,0.0,-0.02170805960794897,-0.030586082720915175
999574784,Active(<30일),Q4_고가,,0.018800020083705626,0.09500182610920838
999580352,Active(<30일),Q2,,0.017550633122291104,0.011983868637142403
999582208,이탈위험(90일+),Q1_저가,,-0.01666410755662931,0.009328531274959806
999593344,이탈위험(90일+),Q1_저가,0.0,-0.011485233949917385,0.032269426514161176
999615616,이탈위험(90일+),Q1_저가,0.0,-0.012045653552855085,0.038666416494977734
999624896,이탈위험(90일+),Q1_저가,1.0,-0.017711412889271666,0.0147678129846327
999641600,이탈위험(90일+),Q2,0.0,-0.01258243444514695,0.03510110475953164
999654592,이탈위험(90일+),Q4_고가,0.0,-0.014117878195916596,0.032435134871055024
999682432,이탈위험(90일+),Q3,0.0,-0.013374418843211403,0.047797522774923315
999721408,이탈위험(90일+),Q3,0.0,-0.018254531503618082,0.019650184061095588
999738112,Active(<30일),Q3,0.0,0.04538919644906969,-0.049096965908075996
999739968,이탈위험(90일+),Q1_저가,1.0,-0.012193990566782588,0.02343014788936884
999754816,Active(<30일),Q4_고가,,0.030901468248886177,0.052369623874114035
999986816,관심필요(30~89일),Q1_저가,0.0,-0.006736127059720223,0.04704680020850792
1000012800,이탈위험(90일+),Q1_저가,1.0,-0.0104321946781653,0.02122330324781925
1000103744,Active(<30일),Q3,0.0,0.005147822031436183,0.010499866101494726
1000122304,Active(<30일),Q2,0.0,0.05599659733627549,-0.04758021898509912
1000163136,Active(<30일),Q4_고가,0.0,0.021608848157881916,0.023669882575850287
1000281920,Active(<30일),Q3,0.0,0.028144648696203367,0.04045353075137903
1000330176,Active(<30일),Q1_저가,1.0,0.03059035372763874,-0.029280239274344533
1000491648,Active(<30일),Q3,0.0,0.018028995930163494,0.03374780441940006
1000565888,관심필요(30~89일),Q1_저가,0.0,-0.022606692251287752,0.03738718473464467
1000577024,이탈위험(90일+),Q4_고가,0.0,-0.012958799905787938,0.018438784653818763
1000796032,Active(<30일),Q2,0.0,-0.01489039805753034,0.0068227959463650345
1000807168,Active(<30일),Q1_저가,0.0,0.02023455176130451,-0.008786779040031778
1000925952,Active(<30일),Q1_저가,0.0,0.0007217642909835287,0.06290455574933809
1001042880,이탈위험(90일+),Q1_저가,0.0,-0.006550310911057261,0.02493179308425958
1001111552,Active(<30일),Q3,0.0,0.025541853751221533,0.020701506076082232
1001146816,이탈위험(90일+),Q1_저가,0.0,-0.011299002047317597,0.02491856005229759
1001440064,Active(<30일),Q1_저가,0.0,0.031411993580027775,0.0014243029077554148
1001492032,이탈위험(90일+),Q3,0.0,-0.01375399974272342,0.03924727162545099
1001592256,이탈위험(90일+),Q3,0.0,-0.004970703019240838,0.04587296033996342
1001595968,관심필요(30~89일),Q2,0.0,0.0007080463860802133,-0.006434670442943491
1001612672,관심필요(30~89일),Q3,0.0,-0.0018675223248588585,0.04769553724273998
1001677632,Active(<30일),Q3,0.0,-0.014678260171209545,-0.0429569214618396
1001707328,Active(<30일),Q3,0.0,-0.0149320069294763,-0.029438159364372884
1001712896,관심필요(30~89일),Q1_저가,0.0,-0.01391275334366121,0.0276064420186746
1001714752,이탈위험(90일+),Q4_고가,0.0,-0.011798921954698421,0.009807564413765457
1001744448,이탈위험(90일+),Q3,0.0,-0.020973685736437542,0.03315286638723641
1001776000,관심필요(30~89일),Q3,0.0,0.09049011185986955,-0.009116022203453089
1001982016,관심필요(30~89일),Q2,0.0,0.0006794910577095359,-0.019229449058888126
1002102656,Active(<30일),Q3,0.0,0.02419515252691551,0.004650433285250055
1002106368,Active(<30일),Q3,0.0,0.02998765993553376,0.04527395973638293
1002115648,이탈위험(90일+),Q2,0.0,-0.007539903541277815,-0.01043982130668733
1002182464,Active(<30일),Q1_저가,0.0,0.015399380281302721,0.0025700148166303283
1003019520,관심필요(30~89일),Q2,,-0.02552252266265989,-0.02129098894209991
1003088192,관심필요(30~89일),Q1_저가,,-0.005767482273964342,0.04715400183699053
1004585984,Active(<30일),Q2,1.0,0.028367650418446466,-0.08429270317662807
1004617536,이탈위험(90일+),Q2,0.0,-0.01225462550695075,0.032238568042437105
1004699200,이탈위험(90일+),Q1_저가,,-0.022194991947338746,0.013932270164380506
1004825408,Active(<30일),Q4_고가,0.0,0.012930731702420317,0.0740162114459555
1004836544,Active(<30일),Q2,1.0,0.019081371080520437,-0.03924009494507508
1005029568,Active(<30일),Q4_고가,1.0,0.00894061766470683,0.044713429327138066
1005059264,Active(<30일),Q4_고가,0.0,0.01749080076121967,-0.01289239638762174
1005142784,Active(<30일),Q2,0.0,0.02669058673507485,0.00874594547069485
1005174336,관심필요(30~89일),Q4_고가,0.0,-0.019789819842024117,0.008510868288935325
1005230016,이탈위험(90일+),Q4_고가,0.0,-0.020508972779932827,0.053060676368748894
1005389632,Active(<30일),Q4_고가,0.0,0.019112133376214646,0.04562645773811025
1005393344,이탈위험(90일+),Q4_고가,0.0,-0.028507279412772743,0.0035701645558222916
1005430464,이탈위험(90일+),Q1_저가,0.0,-0.0160156977010541,-0.0033455466420903995
1005475008,이탈위험(90일+),Q1_저가,0.0,-0.010365707850423761,0.032478541479938276
1005500992,관심필요(30~89일),Q4_고가,1.0,-0.02575594695496361,-0.024377018068542117
1005616064,Active(<30일),Q1_저가,0.0,-0.011134751544987664,-0.12966625536940962
1005729280,관심필요(30~89일),Q1_저가,1.0,0.06549706350066992,-0.012564759567022826
1005732992,관심필요(30~89일),Q1_저가,0.0,-0.026054463722363502,-0.03850406175166038
1005924160,Active(<30일),Q2,0.0,0.020953206451121087,0.03595161311410122
1005942720,관심필요(30~89일),Q2,0.0,-0.009369498388216033,0.0520289753022115
1005976128,Active(<30일),Q2,0.0,0.017071030236429474,0.014630738603730375
1005983552,이탈위험(90일+),Q1_저가,,-0.006998816320507147,0.021143472265242158
1006050368,이탈위험(90일+),Q3,0.0,-0.032705092732690816,-0.02106285563593066
1006132032,Active(<30일),Q1_저가,0.0,0.03039158472805864,-0.011288679597478923
1006167296,Active(<30일),Q2,0.0,0.01861066850212767,0.04330602089110158
1006213696,Active(<30일),Q3,0.0,-0.013801212544632513,0.016118660666925466
1006302784,관심필요(30~89일),Q2,0.0,-0.01989954080802625,-0.06814571519726753
1006313920,이탈위험(90일+),Q1_저가,0.0,-0.011065761301433538,0.03197753449539491
1006319488,Active(<30일),Q3,0.0,0.0244782882104031,0.015311201534670471
1006334336,Active(<30일),Q1_저가,0.0,0.02716013780934634,-0.06750765155634642
1006349184,Active(<30일),Q1_저가,,0.03350620345195021,-0.043777690841368844
1006436416,이탈위험(90일+),Q1_저가,0.0,-0.011396382048934568,0.03969630424974539
1006532928,이탈위험(90일+),Q2,0.0,-0.011394371325045054,0.012990132248192912
1006568192,이탈위험(90일+),Q3,0.0,-0.0133465557717583,0.03129195100755742
1006614592,Active(<30일),Q3,0.0,0.021763085945617044,0.08018413715504935
1006670272,Active(<30일),Q3,0.0,0.025735971779856648,0.09745903812751566
1006712960,Active(<30일),Q2,0.0,0.07318335706983636,0.03821671221211609
1006891136,관심필요(30~89일),Q3,0.0,0.0017005773522688061,0.14359172531182773
1006917120,Active(<30일),Q2,0.0,0.023749219750010098,0.024926383739273583
1006998784,Active(<30일),Q1_저가,0.0,0.0489413803118508,-0.04751247355113375
1007015488,Active(<30일),Q4_고가,1.0,0.022421068875286054,0.06907209910750489
1007212224,Active(<30일),Q3,0.0,0.02239184873975253,-0.047546835370764984
1007219648,Active(<30일),Q4_고가,0.0,-0.009082276449589394,0.021240749030987965
1007247488,Active(<30일),Q2,,-0.014525971250986813,-0.037055320307809836
1007314304,Active(<30일),Q3,,0.018227870015868897,0.05890181352746815
1007576000,관심필요(30~89일),Q1_저가,,-0.016764440579917994,0.0012925825648790745
1007635392,이탈위험(90일+),Q2,0.0,-0.007082422167580135,0.025282314121317692
1007739328,관심필요(30~89일),Q2,0.0,-0.020030105943625448,-0.00559041874398819
1007817280,Active(<30일),Q4_고가,0.0,0.01505361987191467,0.010261846897606786
1007820992,Active(<30일),Q2,0.0,0.01414058024862963,0.02700869618755064
1007830272,Active(<30일),Q1_저가,0.0,0.055555374804761026,0.10575936589375645
1007880384,관심필요(30~89일),Q4_고가,0.0,-0.002587765800746711,0.005069840677747517
1008056704,이탈위험(90일+),Q3,0.0,-0.021532021334685417,0.011992214142993715
1008080832,이탈위험(90일+),Q3,1.0,-0.013007255583817837,0.026014033780940096
1008082688,관심필요(30~89일),Q4_고가,,-0.014257534593954652,0.03761499048315323
1008116096,Active(<30일),Q2,0.0,0.05656917303431919,0.03961352019649811
1008201472,이탈위험(90일+),Q1_저가,,-0.015161597437136368,0.005120670603109945
1008335104,관심필요(30~89일),Q3,0.0,-0.023055779189920078,0.018303722483855256
1008370368,Active(<30일),Q1_저가,0.0,0.031068595656990827,-0.013466361964338036
1008511424,Active(<30일),Q3,0.0,0.017191301449908214,0.02723706499743095
1008613504,이탈위험(90일+),Q4_고가,0.0,-0.013476190387015738,0.016083902164572145
1008698880,관심필요(30~89일),Q2,,-0.01840195244203635,0.010378048585899025
1008748992,이탈위험(90일+),Q1_저가,,-0.017664812905341054,0.013973180056880793
1008800960,이탈위험(90일+),Q2,0.0,-0.02576771054462744,0.024223222294805696
1008955008,Active(<30일),Q3,0.0,0.03026318383089366,0.0012030885828522297
1009040384,Active(<30일),Q4_고가,0.0,0.016255628705707736,-0.02803922337068282
1009066368,관심필요(30~89일),Q3,0.0,0.01090677039307908,-0.041928064905719875
1009355904,Active(<30일),Q3,,0.014751261691593909,0.04698340052252328
1009381888,Active(<30일),Q3,1.0,0.001267787070054538,0.01881453479584863
1009406016,Active(<30일),Q4_고가,,0.07875174962293041,0.05676490474137863
1009480256,Active(<30일),Q2,0.0,-0.01839522844588415,-0.10139974165903753
1009495104,Active(<30일),Q1_저가,0.0,0.024756572509345265,0.04131118883478735
1009508096,Active(<30일),Q1_저가,0.0,-0.009702753971516986,-0.024701230306391153
1009565632,Active(<30일),Q4_고가,,0.055462890547778976,-0.04193989823432459
1009641728,관심필요(30~89일),Q2,0.0,0.006336350373250144,0.02185804731880714
1009671424,이탈위험(90일+),Q1_저가,0.0,-0.011624724074941604,0.02778230689497277
1009894144,이탈위험(90일+),Q4_고가,0.0,0.01656503745778616,0.057560410433899326
1009959104,Active(<30일),Q3,,0.0293807182797291,-0.03772241937643517
1010090880,Active(<30일),Q2,1.0,0.016462601524925846,0.029909418499451723
1010144704,관심필요(30~89일),Q2,0.0,0.04878778079797208,0.13147767560680967
1010204096,이탈위험(90일+),Q2,0.0,-0.012319476542844779,0.03296880042168086
1010334016,Active(<30일),Q2,0.0,0.03353023570237995,0.02366455786811794
1010391552,Active(<30일),Q4_고가,0.0,0.011212052212429047,0.028217509881349412
1010404544,이탈위험(90일+),Q1_저가,0.0,-0.010806280790158801,0.0342966839298378
1010430528,이탈위험(90일+),Q1_저가,,-0.042794775034262544,-0.06581173928851317
1010465792,이탈위험(90일+),Q4_고가,0.0,-0.014425024017814037,0.025321045178922932
1010515904,이탈위험(90일+),Q2,0.0,0.07585196578775327,0.047826309800454936
1010573440,Active(<30일),Q1_저가,0.0,0.004349806728834976,-0.009901584394145152
1010803584,이탈위험(90일+),Q4_고가,,-0.021921115543804076,0.016575269376380847
1010820288,관심필요(30~89일),Q2,,-0.021825922329037573,-0.02620468858093905
1010955776,관심필요(30~89일),Q4_고가,,-0.03804423497899492,-0.0011505781895825296
1010970624,Active(<30일),Q2,0.0,0.015633430761680556,0.011154078918309884
1011000320,Active(<30일),Q4_고가,0.0,0.014813847703326832,-0.016241067198940473
1011035584,Active(<30일),Q1_저가,1.0,-0.011578436251813817,-0.0414499305116815
1011100544,이탈위험(90일+),Q2,0.0,-0.005285707725079913,0.014389131811314848
1011139520,관심필요(30~89일),Q3,0.0,0.0079632362483123,0.0655800617308151
1011145088,Active(<30일),Q2,0.0,0.02672422818089948,-0.0042383484299403085
1011343680,Active(<30일),Q2,1.0,0.0051322013809563805,-0.08068716632525541
1011488448,Active(<30일),Q2,,0.04177708415175535,-0.035449335486919115
1011540416,Active(<30일),Q3,1.0,0.05929392022019342,0.05574731963550561
1011553408,Active(<30일),Q2,,0.03626281380121643,0.015150467449041582
1011625792,이탈위험(90일+),Q2,0.0,-0.012300326811258894,0.03002813516533806
1011982144,관심필요(30~89일),Q2,0.0,-0.020933313763677575,-0.003929065382753089
1012026688,Active(<30일),Q2,0.0,0.03814214613218114,-0.009209566405262382
1012093504,Active(<30일),Q2,0.0,0.023946229725643198,-0.009645275088063343
1012191872,이탈위험(90일+),Q2,0.0,-0.007575871703825565,0.061874478947279085
1012531520,Active(<30일),Q1_저가,1.0,0.022958565158043842,-0.0347876024683329
1012615040,관심필요(30~89일),Q1_저가,,-0.01431731125605451,-0.039451747228980816
1012685568,이탈위험(90일+),Q2,1.0,-0.006260982458100847,0.03107461418697212
1012713408,관심필요(30~89일),Q2,0.0,-0.008443796501074782,0.06656953104223023
1012731968,이탈위험(90일+),Q3,0.0,-0.01298944627822287,0.04041354165346552
1012778368,이탈위험(90일+),Q2,0.0,-0.019595205224779103,0.012048720035577096
1012837760,이탈위험(90일+),Q1_저가,1.0,-0.02724640023011521,0.018921150502664408
1012941696,관심필요(30~89일),Q4_고가,0.0,-0.03808082326509393,0.08036122994054712
1013004800,이탈위험(90일+),Q1_저가,0.0,-0.018174544444201204,0.014423585245346482
1013056768,관심필요(30~89일),Q3,0.0,0.011975583340393725,0.08863468924746298
1013136576,Active(<30일),Q1_저가,0.0,0.028327422711154404,0.043460937251279974
1013156992,이탈위험(90일+),Q3,0.0,-0.021115127636537778,0.026405125065398202
1013168128,Active(<30일),Q2,0.0,0.02165708582714443,0.03647098915433755
1013446528,Active(<30일),Q2,0.0,0.04152983036034763,0.035615489572828785
1013457664,관심필요(30~89일),Q1_저가,,-0.027057886520555546,-0.007642930070773241
1013507776,이탈위험(90일+),Q1_저가,0.0,0.02093524761263363,0.05034580053548911
1013530048,이탈위험(90일+),Q1_저가,0.0,-0.009550592786905489,0.020199000971404063
1013658112,Active(<30일),Q2,0.0,-0.018727380110273084,-0.06914376857776011
1013669248,Active(<30일),Q3,,0.03982207277773053,0.050007438964821516
1013685952,이탈위험(90일+),Q2,0.0,-0.009366137963050303,-0.004585688890163808
1013791744,관심필요(30~89일),Q3,,-0.02645676914794748,-0.09007596251251196
1013851136,이탈위험(90일+),Q3,1.0,-0.013489576366595271,0.04109749467815355
1013999616,관심필요(30~89일),Q3,,-0.014157703659926135,0.015620712842166096
1014086848,Active(<30일),Q3,0.0,-0.0026501817253458126,0.04627274525184444
1014120256,관심필요(30~89일),Q3,0.0,0.005660215819474734,0.17909245105388888
1014159232,관심필요(30~89일),Q1_저가,0.0,-0.007576085593423876,0.03741321057536491
1014198208,관심필요(30~89일),Q3,0.0,-0.01745091883240371,0.019398635311812962
1014279872,Active(<30일),Q2,,0.01100686297566994,0.06567132706793169
1014539712,Active(<30일),Q1_저가,0.0,0.010302335469281942,-0.0038291537139394927
1014729024,Active(<30일),Q1_저가,0.0,0.0348601714959641,-0.047134569332269116
1014857088,관심필요(30~89일),Q1_저가,,0.017546518693878244,-0.015186050692816533
1014864512,이탈위험(90일+),Q4_고가,0.0,-0.007290493933272302,-0.034842426339129984
1014870080,이탈위험(90일+),Q2,,-0.0107821432812856,-0.010345632236187563
1014884928,이탈위험(90일+),Q2,0.0,-0.036941434510658344,-0.0056856035763757085
1014920192,Active(<30일),Q1_저가,0.0,0.03577742420259833,0.07736608923497934
1014948032,Active(<30일),Q3,,-0.014928436190084299,-0.011026550444182048
1014981440,Active(<30일),Q1_저가,1.0,0.0387914016613945,-0.02173650351681844
1015011136,Active(<30일),Q3,0.0,0.02530669341363556,-0.0003814256859933085
1015194880,Active(<30일),Q2,0.0,0.011433974154059223,0.015907009503709157
1015235712,이탈위험(90일+),Q2,1.0,-0.005767034349440314,-0.0038093230233653963
1015246848,Active(<30일),Q3,0.0,0.024222458729986185,-0.0333432809528037
1015321088,Active(<30일),Q2,0.0,-0.016854571038417532,0.018055905201439904
1015356352,이탈위험(90일+),Q1_저가,,-0.010736081117905957,0.03042064466545688
1015358208,Active(<30일),Q3,,0.025059650307495462,0.01056319419919094
1015449152,Active(<30일),Q2,0.0,0.04754495525897606,0.04332672685968719
1015495552,Active(<30일),Q3,,0.021314579116890386,0.035231922046713104
1015502976,Active(<30일),Q2,1.0,0.023333365548813823,-0.02873919912183409
1015517824,이탈위험(90일+),Q2,0.0,0.013584613966206735,0.04357678364816471
1015525248,이탈위험(90일+),Q1_저가,0.0,-0.016453170088770813,0.0034608834552040113
1015562368,이탈위험(90일+),Q2,0.0,-0.012697621257563817,0.019261659219476188
1015614336,Active(<30일),Q4_고가,0.0,-0.009450819199947974,-0.02927322451819339
1015683008,관심필요(30~89일),Q3,,-0.0041640937721103,0.022599562476074697
1015762816,Active(<30일),Q4_고가,0.0,0.012952591554507897,0.03296148645103275
1015902016,관심필요(30~89일),Q1_저가,0.0,-0.01970590178471307,-0.00921930188354872
1015935424,관심필요(30~89일),Q4_고가,0.0,-0.001792284226185381,0.0578297776681643
1015959552,관심필요(30~89일),Q1_저가,1.0,-0.014762600787822128,0.00538779146325824
1015985536,Active(<30일),Q1_저가,,0.06159141253117306,0.12675141640436982
1016044928,Active(<30일),Q2,,-0.007853181446122875,0.014373121535068284
1016210112,관심필요(30~89일),Q3,0.0,-0.03263553552900217,0.03328884595508835
1016492224,Active(<30일),Q1_저가,0.0,0.020546294766312867,-0.09805551707523563
1016655552,Active(<30일),Q2,,0.01790881764247665,0.0264801982114532
1016726080,Active(<30일),Q2,1.0,0.020732668119747055,0.008791368751843609
1016844864,이탈위험(90일+),Q1_저가,0.0,-0.017156878345022178,0.0060705319741943264
1016874560,이탈위험(90일+),Q1_저가,0.0,-0.011116906285889572,0.023746331942775326
1017073152,이탈위험(90일+),Q3,,-0.008564356473491963,-0.06394903053443307
1017086144,Active(<30일),Q4_고가,,0.019764964752200465,-0.041994328310789086
1017423936,Active(<30일),Q4_고가,1.0,-0.01391034570859101,0.0011108135379298278
1017498176,이탈위험(90일+),Q2,0.0,-0.012653695174073741,0.02981413050670581
1017553856,이탈위험(90일+),Q3,0.0,-0.032287211597267745,0.002755187025909739
1017592832,이탈위험(90일+),Q1_저가,0.0,-0.016443207929117715,-0.011739575207281042
1017620672,관심필요(30~89일),Q3,0.0,-0.02341987992829453,-0.013553424434236905
1017633664,관심필요(30~89일),Q2,0.0,0.013692797256298184,0.017250330685818216
1017680064,이탈위험(90일+),Q1_저가,,-0.009840161923020778,0.04041236886031857
1017685632,이탈위험(90일+),Q4_고가,,-0.00943794056126554,-0.003680705805107237
1017912064,Active(<30일),Q3,0.0,0.02261900513724413,0.01750234965080566
1017975168,이탈위험(90일+),Q1_저가,0.0,-0.018592645953835224,0.02274891094498399
1018008576,관심필요(30~89일),Q2,0.0,0.07852613322316529,0.03322551149581296
1018218304,Active(<30일),Q4_고가,,0.01305358863927425,-0.04225280399232206
1018381632,Active(<30일),Q4_고가,0.0,0.0006645216551433575,-0.019277553720650153
1018557952,이탈위험(90일+),Q1_저가,,-0.010744551935132608,0.03302851316799327
1018583936,Active(<30일),Q2,,0.06742079929384412,0.019028064426190844
1018615488,이탈위험(90일+),Q4_고가,0.0,-0.03043401634536258,0.17842922810527695
1018630336,이탈위험(90일+),Q2,0.0,-0.003317755074395523,0.0023919407909162582
1018734272,이탈위험(90일+),Q1_저가,0.0,-0.0111127148207055,0.00470280125393141
1018997824,Active(<30일),Q2,,-0.016851041678959455,-0.005480948560070031
1019151872,Active(<30일),Q4_고가,0.0,0.011470452167065659,0.009629074773739754
1019185280,Active(<30일),Q4_고가,,0.061723247894841404,0.0416575706697796
1019259520,Active(<30일),Q2,0.0,1.2042417419311224e-05,0.009247097637679752
1019318912,Active(<30일),Q2,,0.02318354253922361,0.031117633964354074
1019346752,이탈위험(90일+),Q2,0.0,-0.012132502689865425,0.02851792933466621
1019435840,Active(<30일),Q2,0.0,0.030894936084471802,0.025400264558568586
1019446976,Active(<30일),Q2,,0.004407170955388451,-0.046800868547627106
1019597312,Active(<30일),Q2,0.0,0.024654250871623096,0.018339027399835395
1019647424,Active(<30일),Q4_고가,0.0,0.005634762018355555,-0.0438905794421276
1019649280,이탈위험(90일+),Q1_저가,0.0,-0.012041997445132985,0.030393415208126023
1019866432,이탈위험(90일+),Q3,0.0,0.011311573334808894,0.058725395596581645
1019884992,이탈위험(90일+),Q3,1.0,-0.010094446127973583,0.009645346495902485
1019894272,Active(<30일),Q3,0.0,0.04460970104136486,0.03361511733053124
1020024192,Active(<30일),Q3,,0.02618979154040002,0.028741922744415005
1020070592,Active(<30일),Q2,0.0,0.025656475964912606,0.01667379843407596
1020113280,이탈위험(90일+),Q2,,-0.012229840029715042,0.022137650704040154
1020172672,Active(<30일),Q2,0.0,0.031295936454535656,0.05255929443405738
1020189376,Active(<30일),Q2,1.0,0.010198316463772839,0.026549832481913754
1020361984,Active(<30일),Q2,,0.029256721963091148,0.02896543464033452
1020373120,관심필요(30~89일),Q3,1.0,0.011225728905353338,0.06253495830589628
1020384256,Active(<30일),Q2,,0.03753794965514967,0.024320987233465874
1020462208,Active(<30일),Q2,0.0,-0.014426860727766222,-0.009573762586689516
1021475584,이탈위험(90일+),Q4_고가,0.0,-0.013666251173593942,0.0316363691542627
1021718720,이탈위험(90일+),Q1_저가,,-0.011969780707114602,0.03821375698386538
1022654144,이탈위험(90일+),Q4_고가,0.0,-0.014226475587726585,0.02991884569764533
1022813760,이탈위험(90일+),Q1_저가,0.0,-0.010969627821513554,0.030907694157294496
1023006784,이탈위험(90일+),Q3,0.0,-0.013470581486188911,0.04046478648935232
1023025344,이탈위험(90일+),Q1_저가,0.0,-0.038881214628926186,-0.06907198646965013
1023027200,Active(<30일),Q1_저가,1.0,0.023061342853987254,-0.007282379220945268
1023108864,Active(<30일),Q2,,0.013776625637695106,-0.029402882089753835
1023140416,Active(<30일),Q1_저가,1.0,-0.00032780057830242293,0.03236159138794009
1023218368,이탈위험(90일+),Q4_고가,0.0,-0.020737802229222224,0.02199087049374311
1023609984,이탈위험(90일+),Q1_저가,0.0,-0.00902521432052833,0.03423947046595109
1023613696,관심필요(30~89일),Q3,0.0,0.003427832825006083,-0.04392546452587437
1023877248,이탈위험(90일+),Q3,,-0.0132141654409543,0.026457160405548602
1024036864,Active(<30일),Q3,0.0,0.03481453156818831,0.038259555829815495
1024111104,관심필요(30~89일),Q3,,-0.008465683637656554,0.07029236463767452
1024185344,관심필요(30~89일),Q3,,-0.011482590936974929,0.038590334830674713
1024207616,Active(<30일),Q2,,0.024831973662719498,0.0010189042946099347
1024281856,Active(<30일),Q3,,0.027060992587025212,0.020040138440064248
1024437760,Active(<30일),Q2,,0.022908056017724554,-0.015051827172206489
1024471168,이탈위험(90일+),Q3,0.0,-0.020617735141652355,0.010777854019366317
1024500864,Active(<30일),Q3,,0.010284794064336578,-0.00818803056629347
1024532416,관심필요(30~89일),Q4_고가,0.0,-0.0011581762968516096,-0.019210229884996655
1024695744,Active(<30일),Q2,0.0,0.01913393100251165,-0.0004134644898756701
1024703168,관심필요(30~89일),Q1_저가,,0.014190048192447069,0.07989176904125006
1024706880,Active(<30일),Q2,0.0,0.012199841958172697,0.017597555616792437
1024710592,이탈위험(90일+),Q1_저가,0.0,-0.010632642273097945,0.029408310695354684
1024729152,Active(<30일),Q3,0.0,0.02639616512448828,0.07144567704805316
1024762560,이탈위험(90일+),Q1_저가,1.0,-0.009765768541601667,0.044426461863090023
1025014976,이탈위험(90일+),Q2,0.0,-0.011669482514191393,0.0240365373211487
1025100352,Active(<30일),Q1_저가,0.0,0.009199977924321368,0.026670554803898322
1025131904,이탈위험(90일+),Q1_저가,0.0,-0.008126937042142512,0.0300566049163781
1025156032,이탈위험(90일+),Q3,0.0,-0.012698266234340963,0.04063257647012487
1025189440,관심필요(30~89일),Q4_고가,0.0,-0.028857665087836742,-0.007232914904442944
1025295232,Active(<30일),Q1_저가,0.0,0.012161909812488492,0.009228837355280517
1025464128,Active(<30일),Q2,,0.02588505727891488,0.013813189966837114
1025506816,이탈위험(90일+),Q4_고가,0.0,-0.04075173051731501,-0.00885940207211064
1025699840,Active(<30일),Q1_저가,0.0,-0.009121163253404063,0.02505412886268027
1025809344,이탈위험(90일+),Q3,0.0,-0.00809591519509073,0.018833197170580435
1025852032,이탈위험(90일+),Q1_저가,0.0,-0.010573621995890271,0.028054867183854096
1025878016,관심필요(30~89일),Q1_저가,,-0.019022299845743662,0.008614792826924123
1026117440,Active(<30일),Q2,0.0,-0.01117256573643527,-0.03578689090364656
1026139712,이탈위험(90일+),Q3,0.0,-0.020348759570689906,0.016454278657479157
1026202816,관심필요(30~89일),Q4_고가,1.0,0.00636578868260973,0.14296650185554188
1026275200,Active(<30일),Q2,0.0,0.02124681752596186,0.03229504102037223
1026351296,관심필요(30~89일),Q1_저가,0.0,0.0069256779316280714,0.018204405409322777
1026403264,Active(<30일),Q2,0.0,0.02048781642723274,-0.0418999800663028
1026546176,Active(<30일),Q3,0.0,0.036392419178865265,0.045704289299897005
1026590720,이탈위험(90일+),Q4_고가,,-0.010353984244106954,0.023867807466390584
1026698368,이탈위험(90일+),Q3,0.0,-0.02088238064308061,0.017611776535310153
1026819008,이탈위험(90일+),Q3,0.0,-0.025737118047986215,0.0023541223060339622
1026846848,Active(<30일),Q4_고가,0.0,-0.01853672582860133,-0.0027275748181345705
1026960064,이탈위험(90일+),Q2,0.0,-0.011645303219817847,0.02394125779546541
1027136384,관심필요(30~89일),Q1_저가,0.0,0.01746256846483385,0.08648636755455685
1027277440,이탈위험(90일+),Q3,0.0,-0.006099734408540933,0.013893448973099964
1027535424,Active(<30일),Q2,0.0,0.016222724343592232,0.0002413941343720749
1027546560,이탈위험(90일+),Q1_저가,0.0,-0.009480922368926822,0.04016144187041061
1027607808,이탈위험(90일+),Q1_저가,,-0.03436354361872118,-0.059904443384768136
1027657920,Active(<30일),Q4_고가,0.0,0.07343195578419265,-0.04692819455572056
1027696896,이탈위험(90일+),Q2,0.0,-0.008917169381722934,-0.014903718708149077
1027758144,Active(<30일),Q3,0.0,0.014592163255622903,0.007743257799736725
1027806400,관심필요(30~89일),Q1_저가,0.0,0.007219156583496117,0.029245041121187143
1027817536,Active(<30일),Q1_저가,0.0,0.020278973802689004,-0.06557140866011657
1027990144,관심필요(30~89일),Q3,1.0,0.004832214211648755,-0.053550308092805365
1027992000,Active(<30일),Q4_고가,0.0,-0.004183063295763623,-0.07044870158061411
1028053248,이탈위험(90일+),Q3,0.0,-0.025770887272703005,-0.0015861549036682021
1028092224,Active(<30일),Q4_고가,1.0,0.013690920156000042,-0.007140251089749028
1028131200,관심필요(30~89일),Q3,,-0.03865242694334314,0.029030393612596683
1028144192,Active(<30일),Q1_저가,1.0,0.04258607386310409,0.06665262828185198
1028175744,Active(<30일),Q2,,0.012588454121061465,-0.006276842247280423
1028244416,Active(<30일),Q4_고가,0.0,0.008116655071624734,-0.033502106483975114
1028268544,Active(<30일),Q3,,0.035519245235679286,0.1392509049204972
1028272256,이탈위험(90일+),Q4_고가,0.0,0.022032301231413698,0.019251051291139118
1028298240,이탈위험(90일+),Q1_저가,1.0,-0.008834852841783161,0.03653449402113758
1028376192,이탈위험(90일+),Q2,0.0,-0.019458931732694876,0.01676166652438635
1028496832,이탈위험(90일+),Q4_고가,1.0,-0.015035917164947572,0.024885353878208824
1028782656,Active(<30일),Q4_고가,0.0,0.12401260625047039,0.09431789420128933
1028825344,Active(<30일),Q4_고가,1.0,-0.022493656505842452,-0.029843324452946518
1028957120,Active(<30일),Q2,,0.0179893292381198,0.0350850994135159
1028960832,관심필요(30~89일),Q1_저가,0.0,0.004869012178667476,-0.02020676912643099
1029005376,관심필요(30~89일),Q3,1.0,0.013309518594238456,0.058316730693148466
1029083328,관심필요(30~89일),Q1_저가,0.0,-0.00942312514438877,0.0378209669518257
1029179840,Active(<30일),Q4_고가,1.0,0.019231383243809463,-0.0006571411538799365
1029203968,이탈위험(90일+),Q3,,-0.021382945711305737,0.003774525269908166
1029320896,이탈위험(90일+),Q1_저가,0.0,-0.01568875902047906,-0.0005914487061885326
1029415552,이탈위험(90일+),Q2,1.0,-0.012881888121572822,0.03768180130906704
1029848000,관심필요(30~89일),Q3,1.0,-0.017920014973037232,0.00617423501711542
1029894400,이탈위험(90일+),Q1_저가,0.0,-0.011224999878802024,0.035957873515699866
1030087424,관심필요(30~89일),Q2,0.0,-0.01951366803051993,-0.0027198764227259475
1030271168,관심필요(30~89일),Q1_저가,0.0,-0.023265669681845957,-0.007642798490848146
1030273024,관심필요(30~89일),Q4_고가,0.0,-0.012576983251479434,0.03866635617758943
1030382528,Active(<30일),Q2,0.0,-0.012471282267765338,-0.00373856371588574
1030503168,Active(<30일),Q3,0.0,0.01771568299559123,0.010784724931496847
1030573696,관심필요(30~89일),Q1_저가,0.0,-0.0075626048177956234,0.017123276854955446
1030716608,Active(<30일),Q3,0.0,0.10049043600850138,0.07664054507241669
1030729600,Active(<30일),Q3,0.0,0.01831746995993433,0.0641342035907353
1030818688,관심필요(30~89일),Q3,0.0,0.005399596859793965,-0.04298366425083827
1030965312,Active(<30일),Q3,1.0,0.022103007228581162,0.04896570293313163
1031186176,관심필요(30~89일),Q4_고가,1.0,0.006063879680827444,0.08403598489435504
1031195456,이탈위험(90일+),Q4_고가,0.0,-0.008296526980044065,0.03677102062343937
1031245568,관심필요(30~89일),Q3,0.0,0.054497299247095066,-0.09156178081168065
1031767104,관심필요(30~89일),Q3,0.0,0.012139867772083701,-0.039460380665992834
1031806080,Active(<30일),Q1_저가,1.0,0.006709461037262998,0.048998295746176396
1031863616,관심필요(30~89일),Q1_저가,0.0,-0.009977046203798787,0.036584636808579846
1031948992,이탈위험(90일+),Q2,0.0,-0.03466102312047559,-0.018743902614541202
1031954560,이탈위험(90일+),Q2,0.0,-0.013122170440621993,0.05706335130161934
1032097472,Active(<30일),Q2,,0.032288852603303275,0.05281470989962933
1032179136,Active(<30일),Q4_고가,0.0,0.02991756783499855,0.015881545959940402
1032255232,관심필요(30~89일),Q3,0.0,-0.017755364372073756,-0.0013164626419959746
1032281216,이탈위험(90일+),Q3,0.0,-0.021074940158038014,0.022831806284923817
1032466816,관심필요(30~89일),Q3,0.0,-0.021071592688793606,-0.0023141641588751982
1032552192,Active(<30일),Q4_고가,1.0,0.022598078575403746,0.0005839434684634659
1032606016,관심필요(30~89일),Q2,,0.004300592811641635,-0.02051583752907682
1032641280,이탈위험(90일+),Q1_저가,0.0,-0.016876019908809367,-0.004062165833607245
1032734080,관심필요(30~89일),Q2,0.0,-0.019372218069659386,-0.0396000237501396
1033040320,관심필요(30~89일),Q4_고가,0.0,0.08580665429443785,0.08996608751514246
1033086720,이탈위험(90일+),Q3,1.0,-0.007227697296254665,0.09097316654062892
1033149824,Active(<30일),Q3,0.0,0.02705081916489871,0.018378217733037383
1033227776,Active(<30일),Q1_저가,0.0,-0.0058292658039418715,0.031321954891968
1033379968,Active(<30일),Q4_고가,0.0,0.01263830917001657,-0.041661431057193554
1033548864,관심필요(30~89일),Q3,0.0,0.007496194446270477,-0.11263638285198807
1033853248,Active(<30일),Q3,0.0,0.0038194825091109053,0.016486241616662844
1033962752,관심필요(30~89일),Q3,0.0,0.004059477952038926,-0.001704262912655713
1033999872,관심필요(30~89일),Q3,1.0,-0.0025642475690703936,0.016275348447964355
1034508416,이탈위험(90일+),Q1_저가,0.0,-0.017776324645466537,0.022039859711034226
1034569664,관심필요(30~89일),Q2,0.0,-0.022687597610278,-0.10329362258082114
1034619776,Active(<30일),Q3,1.0,0.0315297725840038,0.000987827026798338
1034623488,Active(<30일),Q3,0.0,0.03974316328026695,0.044748823591509224
1034656896,Active(<30일),Q1_저가,0.0,0.03320122433214223,-0.07935698518351941
1034675456,Active(<30일),Q3,0.0,0.03303904799699553,-0.012326365452462129
1034790528,이탈위험(90일+),Q1_저가,1.0,-0.009736504316074243,0.006315848405818059
1034840640,Active(<30일),Q3,0.0,-0.015676923384184555,-0.025993596697875376
1035028096,관심필요(30~89일),Q4_고가,0.0,-0.0100148700995355,0.030553219064095805
1035141312,이탈위험(90일+),Q1_저가,,-0.0089284580046484,0.03992493501384396
1035380736,Active(<30일),Q2,0.0,-0.010726848304496828,-0.004134145188747884
1035466112,Active(<30일),Q3,1.0,0.009759012564116931,-0.005012106619599943
1035627584,관심필요(30~89일),Q4_고가,0.0,-0.029647415983386993,-0.043099548896071094
1035751936,Active(<30일),Q3,0.0,0.01467695508855138,-0.04145152223209059
1035777920,이탈위험(90일+),Q1_저가,0.0,-0.018769809779579358,0.03543920726865876
1036134272,관심필요(30~89일),Q2,0.0,-0.023783593626986843,-0.060706203920532054
1036163968,Active(<30일),Q2,,0.02484991937652692,0.016282797747457833
1036201088,Active(<30일),Q2,1.0,0.018595987113843915,-0.0017337574401439237
1036336576,Active(<30일),Q4_고가,0.0,0.030823052993116717,0.04631983677888962
1036403392,Active(<30일),Q2,0.0,0.05265898822123871,0.05763320622924806
1036434944,이탈위험(90일+),Q4_고가,0.0,-0.014077500676368725,0.02229456224758504
1036759744,관심필요(30~89일),Q2,0.0,0.01581935629997233,0.07097761344015474
1036906368,Active(<30일),Q1_저가,0.0,0.05374608666384273,-0.07660274721152571
1037078976,이탈위험(90일+),Q2,,-0.026896804504172006,0.01679590516350296
1037275712,이탈위험(90일+),Q3,,0.019898604154870783,0.04495661641575395
1037502144,관심필요(30~89일),Q3,0.0,0.0018793063603952387,-0.045236683229996355
1037607936,Active(<30일),Q1_저가,0.0,0.026018517580892686,-0.02371287042869563
1037708160,Active(<30일),Q2,0.0,0.023943876115936208,0.005776729443541906
1037819520,이탈위험(90일+),Q3,,-0.03318611287319323,0.009749480326494364
1037945728,Active(<30일),Q3,0.0,0.029363075747897982,0.051505711141047295
1037997696,이탈위험(90일+),Q3,,-0.003674388101391146,0.01817100356498623
1038044096,Active(<30일),Q3,0.0,0.028075699309960067,0.04381281948960536
1038073792,Active(<30일),Q2,0.0,0.02984502022124491,0.04881781971645971
1038135040,Active(<30일),Q2,,0.027891495450286463,0.048811565222168785
1038166592,관심필요(30~89일),Q3,0.0,-0.0005157483836633059,-0.027711920299196946
1038391168,Active(<30일),Q3,,-0.012953406241811516,0.016287339227600284
1038448704,관심필요(30~89일),Q2,1.0,-0.024948679229924553,-0.10003476904338593
1038548928,관심필요(30~89일),Q2,1.0,0.013169300277083906,0.016630052914579807
1038571200,이탈위험(90일+),Q1_저가,0.0,-0.017655921726503904,0.0035177750753760673
1038591616,Active(<30일),Q2,,0.04857311642227402,-0.007543372987096952
1038686272,Active(<30일),Q4_고가,0.0,-0.009464074916805301,0.03553393019175656
1038955392,이탈위험(90일+),Q2,0.0,-0.01225689790735996,0.005231747337821335
1039222656,Active(<30일),Q2,0.0,0.021609272503967936,0.03975321987316083
1039235648,이탈위험(90일+),Q3,0.0,-0.027377451775335057,0.01190685607526576
1039248640,이탈위험(90일+),Q1_저가,0.0,-0.009692762773947441,0.036509798341549306
1039376704,관심필요(30~89일),Q1_저가,0.0,-0.015383366013126523,0.03686852901401645
1039577152,Active(<30일),Q3,0.0,0.029391492732611324,-0.04539000308652452
1039597568,Active(<30일),Q4_고가,0.0,0.045582597753850984,-0.011013929247185472
1039623552,Active(<30일),Q4_고가,,0.029301452350958934,-0.011510885348328337
1039677376,이탈위험(90일+),Q2,,-0.011767340717911454,0.00964751519180436
1039751616,관심필요(30~89일),Q2,0.0,-0.024331322192689908,-0.09126285110502569
1039816576,Active(<30일),Q2,0.0,0.02241453373865765,0.039763008902079955
1039853696,Active(<30일),Q3,,0.023585710646016778,0.04269929061368938
1039965056,관심필요(30~89일),Q1_저가,0.0,-0.009739961695592228,0.03278166412825442
1039972480,Active(<30일),Q2,,0.008707512670489637,-0.038345497404267515
1040081984,Active(<30일),Q3,0.0,0.011111433059584286,0.0013520590518993902
1040111680,Active(<30일),Q1_저가,1.0,-0.015544077032440873,0.015592320521264497
1040210048,Active(<30일),Q4_고가,0.0,0.010470015300921065,-0.010803584181614867
1040260160,Active(<30일),Q2,0.0,-0.006133475173638325,-0.010930029570485444
1040393792,Active(<30일),Q3,0.0,0.012579355640037315,0.03310566518897207
1040436480,Active(<30일),Q3,0.0,0.014335671414376305,0.022618681773082128
1040722304,이탈위험(90일+),Q3,0.0,-0.012133074333046875,0.011713176707642742
1040746432,관심필요(30~89일),Q1_저가,0.0,-0.007287827599123192,0.04801789820899907
1040785408,이탈위험(90일+),Q4_고가,0.0,0.00722225991941592,0.05380248389834388
1040816960,이탈위험(90일+),Q1_저가,0.0,-0.011696846348202887,0.03193955172553374
1040880064,이탈위험(90일+),Q1_저가,1.0,-0.011281588456899125,0.026732469670557146
1041203008,관심필요(30~89일),Q2,0.0,-0.016564733162797246,0.01828338482728567
1041319936,Active(<30일),Q4_고가,0.0,0.03700810735111437,0.0051465406004223
1041633600,관심필요(30~89일),Q1_저가,,-0.030126500861230032,-0.02203391611204855
1041722688,Active(<30일),Q1_저가,0.0,0.0162252922833922,-0.013283719478428768
1041770944,이탈위험(90일+),Q2,0.0,-0.022464705120413264,-0.018215119151933884
1041837760,관심필요(30~89일),Q1_저가,0.0,0.012205861857208733,0.0658207787484208
1041843328,이탈위험(90일+),Q4_고가,,0.0065195876046812914,0.027970007565348162
1041917568,이탈위험(90일+),Q1_저가,0.0,0.01944394335831591,0.04512836508475733
1041958400,Active(<30일),Q4_고가,0.0,0.023313739300545366,0.04052447498400147
1042366720,Active(<30일),Q2,,0.018761501424782945,-0.07717819063243253
1042452096,이탈위험(90일+),Q4_고가,0.0,-0.022334316408570087,0.018565670162076595
1042752768,Active(<30일),Q2,0.0,0.025897708421042998,0.031060383740800557
1042767616,Active(<30일),Q4_고가,0.0,0.01607850414296841,-0.006778831832455756
1042869696,Active(<30일),Q3,0.0,0.014517411229696409,0.013291467800418344
1043070144,Active(<30일),Q4_고가,0.0,0.02156349243023048,0.06091692834645579
1043079424,Active(<30일),Q3,0.0,0.01334881881140526,-0.0016975177808514763
1043565696,관심필요(30~89일),Q2,1.0,0.007523786991059461,0.011261609217832952
1043571264,이탈위험(90일+),Q3,,-0.013460642906514907,0.04244297874644506
1043647360,Active(<30일),Q3,0.0,0.025319499067716467,-0.0012675919156638904
1043766144,이탈위험(90일+),Q3,,-0.006532401554501355,0.026505793216247436
1043857088,이탈위험(90일+),Q1_저가,0.0,-0.012200225743013222,0.033996280482830696
1043873792,Active(<30일),Q2,,-0.01841854413206745,-0.024157206517253282
1043914624,Active(<30일),Q4_고가,0.0,0.009363338952267153,-0.015113025102955646
1044241280,관심필요(30~89일),Q1_저가,0.0,0.004234413207695853,0.06088395016735976
1044365632,관심필요(30~89일),Q1_저가,0.0,-0.014308771166267359,0.017516720922638035
1044441728,이탈위험(90일+),Q1_저가,0.0,-0.010505533616602288,0.041146460116753096
1044606912,관심필요(30~89일),Q1_저가,0.0,-0.010849124094202245,0.020123719136467627
1044818496,Active(<30일),Q2,0.0,0.02046804626271792,-0.0503534313281474
1044846336,Active(<30일),Q4_고가,0.0,0.01796765917462001,0.02278479880941653
1044946560,Active(<30일),Q4_고가,,-0.004642572956529492,0.06359781920559188
1044965120,Active(<30일),Q1_저가,0.0,0.040237088181198866,-0.03131797666661085
1045137728,Active(<30일),Q4_고가,0.0,0.0029502105981666082,0.05932708533318015
1045172992,이탈위험(90일+),Q2,,0.015483537508716894,0.042581510469798606
1045185984,Active(<30일),Q1_저가,0.0,0.03161765526532556,-0.01435984816435365
1045401280,이탈위험(90일+),Q3,,-0.009860391426719295,0.07616435022707069
1045820736,관심필요(30~89일),Q3,0.0,-0.003068286786653357,-0.018443448568903814
1045945088,Active(<30일),Q2,0.0,-0.011810476856135843,-0.032409598830037356
1046088000,Active(<30일),Q3,0.0,0.02998206226568967,-0.03405479362923158
1046097280,관심필요(30~89일),Q1_저가,,-0.020331033117651387,-0.04083075086013388
1046156672,Active(<30일),Q1_저가,0.0,-0.007973195786899284,-0.08023743417311657
1046219776,Active(<30일),Q1_저가,0.0,0.0008086383066313041,-0.01012797424833134
1046702336,Active(<30일),Q4_고가,,0.01784138278186248,0.056070381163498884
1046735744,Active(<30일),Q2,,0.022148337803360785,-0.0028309757847295725
1046748736,이탈위험(90일+),Q3,0.0,-0.020364398998354294,0.015508282428231018
1046763584,이탈위험(90일+),Q2,,-0.025911668410522753,-0.022866893280925837
1046871232,이탈위험(90일+),Q3,0.0,0.016246752610327347,0.04400662354724812
1047168192,Active(<30일),Q4_고가,0.0,0.02061928819693748,0.01743541029939888
1047184896,Active(<30일),Q2,0.0,0.02039750228361592,-0.08044050786786594
1047253568,Active(<30일),Q2,,0.03625057000218068,-0.038040568602972336
1047255424,이탈위험(90일+),Q2,,-0.012263463273088061,0.03331049165243272
1047351936,Active(<30일),Q1_저가,0.0,0.01812343478979253,-0.003202606776526201
1047426176,Active(<30일),Q3,0.0,0.04906495226160135,0.04040192168363155
1047496704,Active(<30일),Q1_저가,0.0,0.12193852636381841,0.012183984996885222
1047680448,이탈위험(90일+),Q1_저가,0.0,-0.02903715608414456,0.029684390090027102
1047836352,이탈위험(90일+),Q1_저가,0.0,-0.009931793727067088,0.03339485632088736
1047977408,Active(<30일),Q2,,0.022622636067661017,-0.016270367213233605
1048112896,이탈위험(90일+),Q1_저가,0.0,-0.022177408769823492,-0.0058711982747087915
1048124032,이탈위험(90일+),Q1_저가,,-0.012225240264162385,0.035741773847709844
1048164864,Active(<30일),Q3,1.0,0.029572053753176286,0.012022469161336868
1048363456,Active(<30일),Q4_고가,,0.010490514563915782,0.0907906943412154
1048925824,이탈위험(90일+),Q3,0.0,-0.00625442918504035,-0.002052301720539551
1049102144,Active(<30일),Q4_고가,,-0.0062808636334201196,0.015564413086359224
1049232064,관심필요(30~89일),Q4_고가,,-0.02897759983903825,0.010695052951529282
1049465920,Active(<30일),Q1_저가,0.0,0.031881522634117365,-0.048352513382701856
1049686784,Active(<30일),Q3,0.0,0.015812061372717512,0.0034756747025831425
1049727616,Active(<30일),Q1_저가,,0.14554111489881727,0.00102236447729942
1049946624,Active(<30일),Q3,1.0,0.02280419366738029,0.06796967430982903
1050169344,이탈위험(90일+),Q1_저가,0.0,-0.02675754969216343,-0.006675851072556749
1050212032,Active(<30일),Q3,1.0,0.029190700842918083,0.042748313451548836
1050228736,이탈위험(90일+),Q2,0.0,-0.02810642951812861,-0.02899448755205561
1050286272,관심필요(30~89일),Q3,0.0,-0.013074625027064302,0.035200090112534055
1050419904,관심필요(30~89일),Q3,0.0,0.01002462410532412,-0.04803079285612427
1050664896,이탈위험(90일+),Q3,0.0,-0.00537708713318423,0.01989081337565779
1050668608,Active(<30일),Q3,,0.015852099461271307,0.07068357430063776
1050711296,관심필요(30~89일),Q1_저가,,-0.009749494497301517,0.059486501125957575
1050737280,Active(<30일),Q2,1.0,0.034576034525903854,0.005061174658850143
1050750272,관심필요(30~89일),Q2,0.0,0.007811640927215646,0.02555335576187867
1051099200,Active(<30일),Q3,0.0,0.011498661781509267,0.015216939459483103
1051138176,Active(<30일),Q2,0.0,0.03677755410797401,0.0022362483289158908
1051308928,이탈위험(90일+),Q1_저가,0.0,-0.012100998290836891,0.03495308128111754
1051694976,관심필요(30~89일),Q1_저가,0.0,-0.025771339815191363,-0.03758208512529021
1051836032,Active(<30일),Q1_저가,0.0,0.029370018595671232,-0.007860142577735707
1051939968,Active(<30일),Q3,0.0,0.005350305562821012,-0.033947659614853465
1052012352,관심필요(30~89일),Q2,0.0,0.011197636454218257,-0.03311004190480804
1052060608,Active(<30일),Q2,0.0,0.021705191458595507,-0.02984827514797672
1052064320,Active(<30일),Q3,,0.01773602937322727,0.014343195580545975
1052101440,Active(<30일),Q4_고가,0.0,0.02517800530404446,0.04005661837619612
1052526464,이탈위험(90일+),Q1_저가,0.0,0.0831109608465701,0.01864676712589139
1052641536,이탈위험(90일+),Q1_저가,1.0,-0.04366477210616626,0.0320455444501902
1052858688,Active(<30일),Q1_저가,0.0,0.003686885392061523,-0.046154762447046305
1053400640,Active(<30일),Q4_고가,0.0,-0.014520205149565008,0.0034364227049974716
1053473024,관심필요(30~89일),Q1_저가,0.0,-0.010712770987568038,0.028179485727074016
1053499008,이탈위험(90일+),Q4_고가,,-0.032079595453375284,0.042053667425165475
1053627072,이탈위험(90일+),Q3,,0.02824878102421785,0.08284446448713997
1053834944,Active(<30일),Q1_저가,0.0,0.0754045078201645,-0.014531447255227647
1054053952,관심필요(30~89일),Q2,0.0,0.0050382032595827075,0.02815023143228304
1054148608,Active(<30일),Q2,0.0,-0.0009276148147982499,0.0394402404611639
1054163456,이탈위험(90일+),Q3,0.0,-0.03567122124556654,0.001294610140573721
1054293376,관심필요(30~89일),Q4_고가,0.0,-0.041754872222565576,0.014491399962321072
1054317504,Active(<30일),Q3,,0.017353198801693615,0.05306158429674035
1054410304,Active(<30일),Q2,,-0.019029459329119647,-0.05528974815101101
1054595904,Active(<30일),Q3,0.0,-0.0008105806568355356,0.026386803859740293
1054803776,관심필요(30~89일),Q3,,-0.0063496437836141895,-0.07159096757593847
1054805632,Active(<30일),Q3,,0.042663777395812064,0.04267732135465396
1054961536,Active(<30일),Q3,0.0,0.10830160531915711,-0.06535840648300884
1055243648,이탈위험(90일+),Q3,,-0.02998466996557314,-0.07380656293797278
1055312320,이탈위험(90일+),Q3,,0.05178061730034397,0.02769100239733535
1055369856,이탈위험(90일+),Q4_고가,0.0,-0.021361722935279312,0.0032415622844278735
1055588864,Active(<30일),Q3,0.0,0.011490905402094964,0.006085548566716947
1055971200,Active(<30일),Q1_저가,0.0,0.01951828482139284,-0.044292604349498665
1055976768,이탈위험(90일+),Q1_저가,0.0,-0.005617514576220783,-0.03188153235013308
1056008320,이탈위험(90일+),Q1_저가,1.0,-0.01152993265785484,0.024879208341784947
1056167936,Active(<30일),Q4_고가,0.0,0.015758034318484437,-0.01906555533121579
1056193920,이탈위험(90일+),Q2,0.0,-0.012881195756466887,0.030762985927506828
1056297856,Active(<30일),Q2,0.0,0.005548104927621478,0.03610407875784866
1056303424,Active(<30일),Q4_고가,,0.02082801473720086,0.03566393442384763
1056314560,Active(<30일),Q3,0.0,0.033193216100544876,-0.015761733762806956
1056318272,Active(<30일),Q2,,0.02691425967154293,-0.0037111294458946897
1056394368,Active(<30일),Q3,0.0,0.012486196906174585,-0.005172777644304127
1056489024,이탈위험(90일+),Q2,0.0,-0.007081050089761898,-0.017240773457081998
1056596672,관심필요(30~89일),Q1_저가,0.0,-0.018105746110373633,-0.056550311496988415
1056819392,이탈위험(90일+),Q3,,-0.005729971588294379,0.02541764716138438
1056847232,이탈위험(90일+),Q1_저가,0.0,0.06128991602461398,0.028636872661119417
1057114496,이탈위험(90일+),Q2,0.0,-0.013180842114035855,0.036360094359063955
1057253696,관심필요(30~89일),Q1_저가,0.0,-0.014625353886361436,0.030115813174904416
1057430016,이탈위험(90일+),Q1_저가,0.0,-0.011714078254497474,0.03782340181187023
1057454144,관심필요(30~89일),Q1_저가,0.0,-0.015057497271810716,-0.07956418294752537
1057554368,관심필요(30~89일),Q4_고가,0.0,-0.0056089184673771,0.13653694812879186
1057615616,이탈위험(90일+),Q4_고가,,-0.022982340709492136,0.0014024323871046074
1057619328,Active(<30일),Q4_고가,0.0,0.014684942123540434,-0.0020020767667122685
1057712128,Active(<30일),Q3,0.0,0.03645130042081246,0.11187889743437829
1057814208,Active(<30일),Q2,0.0,0.03330998377785632,-0.08143323364193766
1057838336,Active(<30일),Q1_저가,,-0.0038209442973278634,0.023539673286970986
1058061056,이탈위험(90일+),Q1_저가,,-0.01554906427109666,0.0024708007227763756
1058291200,Active(<30일),Q4_고가,0.0,0.011534474531541772,0.11117871070713747
1058311616,관심필요(30~89일),Q2,,-0.012028403396825843,0.01642909957395841
1058319040,Active(<30일),Q1_저가,0.0,0.02366509101266978,-0.019489809783343692
1058345024,Active(<30일),Q1_저가,0.0,0.04481882499522838,-0.06008867689965125
1058411840,이탈위험(90일+),Q4_고가,0.0,-0.03066495374137654,-0.02528115713544632
1058582592,이탈위험(90일+),Q2,,-0.012657606567694255,0.043178554505276454
1058584448,관심필요(30~89일),Q2,0.0,-0.02702498165009737,-0.02560146663911289
1058875840,이탈위험(90일+),Q1_저가,0.0,-0.009428711254684863,0.036171610515003824
1058985344,Active(<30일),Q2,0.0,0.019486843135533116,0.048796937350979896
1059365824,Active(<30일),Q2,0.0,0.0020164583307175077,-0.028308555105899025
1059376960,Active(<30일),Q2,0.0,0.02215168360410169,0.02336510308353079
1059538432,관심필요(30~89일),Q1_저가,0.0,-0.008787498911103031,0.03981594529025727
1059544000,Active(<30일),Q1_저가,,0.010243731108977805,-0.0032929127145597814
1059790848,Active(<30일),Q2,1.0,0.02700842345764909,0.005721342444423461
1059900352,관심필요(30~89일),Q2,,0.00841079229918451,0.051523410022157046
1060098944,Active(<30일),Q3,0.0,0.04675613832512504,0.02278293418287991
1060110080,Active(<30일),Q2,0.0,0.10962196713545669,0.012280014504391201
1060381056,Active(<30일),Q2,0.0,-0.002338930930537414,0.03912697636240753
1060499840,Active(<30일),Q3,1.0,0.016233464290268118,0.007254086593962039
1060692864,Active(<30일),Q3,0.0,0.007667109507752179,0.004978066691698396
1060880320,관심필요(30~89일),Q1_저가,,-0.009211925175225524,0.0377087440589155
1061238528,Active(<30일),Q2,1.0,0.030926947749871814,-0.0021253212985333225
1061331328,Active(<30일),Q2,0.0,0.01489110953041392,0.0094674290463167
1061342464,이탈위험(90일+),Q4_고가,0.0,-0.013872365935620024,0.15066846115519839
1061400000,이탈위험(90일+),Q1_저가,0.0,-0.01050587599776906,0.042852644610791135
1061643136,Active(<30일),Q2,0.0,0.029303822656275513,-0.045697333689645125
1061741504,관심필요(30~89일),Q2,,-0.031898071332302796,-0.03344059043305955
1061958656,이탈위험(90일+),Q4_고가,0.0,-0.04567045795879818,0.05451978532459148
1062120128,이탈위험(90일+),Q3,1.0,-0.035278416719576655,-0.05128996255958532
1062521024,이탈위험(90일+),Q3,0.0,-0.039629598314660286,0.01498632602080438
1062719616,관심필요(30~89일),Q1_저가,0.0,0.0035526671347944627,-0.011585038132586184
1062873664,Active(<30일),Q1_저가,,0.01811734045218838,-0.032975805014054616
1062925632,관심필요(30~89일),Q2,1.0,0.01602207189048721,0.05725269949371892
1063077824,Active(<30일),Q2,1.0,0.037036762396616796,0.04384147849830111
1063120512,Active(<30일),Q3,1.0,0.015198452505302606,-0.005814003835359904
1063224448,관심필요(30~89일),Q3,1.0,-0.003712845929552233,0.08461064547776959
1063259712,이탈위험(90일+),Q4_고가,,-0.03288323747910957,0.005485086834023711
1063447168,이탈위험(90일+),Q3,0.0,-0.006417756860717508,0.009767848648945573
1063499136,관심필요(30~89일),Q1_저가,,-0.012989398144439626,0.04401073458079148
1063512128,Active(<30일),Q4_고가,,0.02108020800086141,0.03706472008531003
1063656896,Active(<30일),Q1_저가,0.0,0.06353472737413046,0.1393748206182983
1064106048,관심필요(30~89일),Q2,0.0,0.0031774768384139063,-0.008768489129346024
1064364032,이탈위험(90일+),Q1_저가,0.0,-0.009403169976195135,0.035826253366185806
1064518080,관심필요(30~89일),Q4_고가,0.0,0.004465652478722437,-0.059367733141455215
1064549632,Active(<30일),Q3,0.0,0.04097232281217045,-0.005258436817726642
1064785344,Active(<30일),Q2,,0.03314762257808768,0.01805818087045874
1064867008,Active(<30일),Q2,1.0,-0.016837859054586263,0.01674533906629508
1065147264,관심필요(30~89일),Q1_저가,0.0,-0.006730536533629261,0.053403986319165736
1065314304,이탈위험(90일+),Q1_저가,,0.01171136176101819,0.058456420756095216
1065769024,관심필요(30~89일),Q1_저가,0.0,0.015115048528188402,0.008761729082101682
1065780160,이탈위험(90일+),Q3,0.0,-0.013437190831608999,0.037499751786630856
1065796864,이탈위험(90일+),Q3,1.0,-0.012730871247403033,0.039073495165920846
1065995456,관심필요(30~89일),Q2,0.0,-0.021057634216385734,0.00040292394061586245
1066054848,Active(<30일),Q2,0.0,0.040601672440992886,0.038764603705852996
1066088256,관심필요(30~89일),Q4_고가,1.0,-0.021087565660800056,-0.012506522123007513
1066121664,관심필요(30~89일),Q3,,0.00905085244530801,-0.015623871381692078
1066225600,Active(<30일),Q3,0.0,0.03798106736143603,0.1268970707272501
1066292416,Active(<30일),Q3,,0.022337655935607215,0.0015524385364357185
1066414912,관심필요(30~89일),Q4_고가,0.0,-0.012856441239864042,0.028609664675108934
1066431616,이탈위험(90일+),Q3,0.0,-0.01272726107601447,0.023404930838740498
1066531840,관심필요(30~89일),Q4_고가,0.0,0.09831888703744973,0.16538854340893383
1066732288,이탈위험(90일+),Q1_저가,,0.022442784729403142,0.014211013978644424
1067003264,이탈위험(90일+),Q4_고가,0.0,-0.014123624643819194,0.03261516820270868
1067368896,이탈위험(90일+),Q2,0.0,-0.012157170011445735,0.020518796258072042
1067417152,이탈위험(90일+),Q2,0.0,-0.023487910135274098,-0.012329688649150794
1067472832,관심필요(30~89일),Q3,0.0,-0.03431449135725401,-0.06601492189761216
1067673280,Active(<30일),Q3,0.0,0.11008044304653508,0.00454776870661977
1068037056,이탈위험(90일+),Q1_저가,0.0,-0.008246996546642592,0.03197531165102453
1068063040,Active(<30일),Q3,0.0,0.01777964518343289,-0.08685715138542505
1068207808,관심필요(30~89일),Q2,,-0.00898270928491135,0.05249679575901468
1068428672,Active(<30일),Q1_저가,0.0,-0.009820614395622318,-0.049083590879822336
1068488064,Active(<30일),Q2,1.0,0.021072063821854115,0.02882126837783139
1068701504,Active(<30일),Q2,0.0,0.027019969384917242,0.07625069211413149
1068775744,Active(<30일),Q3,,0.014111740888612223,0.006186904637052404
1068781312,Active(<30일),Q2,1.0,-0.017022662095612318,0.051597632065252585
1068985472,이탈위험(90일+),Q2,0.0,-0.03715003626222671,-0.01166460477085754
1069098688,Active(<30일),Q3,0.0,0.01940067925255673,0.017818571826273777
1069239744,Active(<30일),Q1_저가,0.0,0.033895444798763386,0.025294283808241946
1069429056,관심필요(30~89일),Q3,0.0,-0.00028800958171237845,-0.0034457996203997032
1069692608,Active(<30일),Q3,0.0,0.019960457823796962,0.011109575074065403
1069850368,이탈위험(90일+),Q1_저가,0.0,-0.011259057367661272,0.0264489590905648
1069922752,Active(<30일),Q3,1.0,0.023302523208346804,0.03357697688993122
1069976576,Active(<30일),Q4_고가,0.0,0.017112845295823798,0.021219723250716527
1069984000,Active(<30일),Q4_고가,0.0,-0.004335775077589449,0.03506113399753888
1070063808,관심필요(30~89일),Q2,0.0,0.10501246334599984,0.008045940579056388
1070388608,관심필요(30~89일),Q4_고가,0.0,0.0024747657781275523,-0.03392567987580647
1070399744,Active(<30일),Q2,,0.02920447462343856,-0.05182076712615269
1070750528,Active(<30일),Q3,0.0,0.02397691543999214,0.020405880042623115
1070945408,Active(<30일),Q3,0.0,0.017333650446222038,0.021850547345203752
1070986240,관심필요(30~89일),Q4_고가,,-0.0036694860617312725,0.0264692956743455
1071210816,관심필요(30~89일),Q2,1.0,0.002629931689657139,-0.05622300132668623
1071268352,Active(<30일),Q3,0.0,0.02208168295567503,0.005779289698768175
1071552320,관심필요(30~89일),Q1_저가,0.0,-0.006671363318812892,0.040008987242725835
1071780608,Active(<30일),Q1_저가,1.0,-0.011778712568231431,-0.00028049714379413393
1071795456,이탈위험(90일+),Q3,0.0,-0.00800979657229925,0.01690071008584698
1071878976,Active(<30일),Q2,0.0,0.05046923516831048,-0.0450002571359448
1072110976,관심필요(30~89일),Q2,1.0,-0.016440996879954706,-0.015941126973364667
1072283584,Active(<30일),Q3,0.0,0.021528365348184697,-0.00492425422441678
1072578688,Active(<30일),Q3,0.0,0.035305368851440866,0.059673335998551624
1072756864,Active(<30일),Q2,0.0,0.042793990289580086,0.05767523113778761
1072922048,관심필요(30~89일),Q2,,0.005726468874980434,-0.029327825202184465
1072944320,Active(<30일),Q4_고가,0.0,0.013043541142838011,-0.0062565180567857315
1073131776,이탈위험(90일+),Q4_고가,1.0,-0.0116791106657229,0.019822086906933295
1073168896,Active(<30일),Q4_고가,0.0,0.026537875032671687,-0.014168328829860743
1073183744,Active(<30일),Q4_고가,0.0,0.01367624823829272,0.07875443407248506
1073417600,관심필요(30~89일),Q3,0.0,0.019427974982751298,0.06884366456193129
1073425024,관심필요(30~89일),Q3,0.0,-0.02823604639674776,-0.00613845613424005
1073438016,Active(<30일),Q4_고가,0.0,0.0376516107268291,0.03730906660869904
1073586496,이탈위험(90일+),Q1_저가,0.0,-0.01757239827416468,-0.009337250920213772
1073753536,이탈위험(90일+),Q1_저가,0.0,-0.002736884153201752,0.049834431137509044
1073777664,이탈위험(90일+),Q1_저가,0.0,-0.019973492712176882,-0.009014096510671143
1073976256,관심필요(30~89일),Q3,0.0,-0.030257902584179625,-0.034576060983668805
1074546048,이탈위험(90일+),Q1_저가,0.0,-0.021726259868590572,-0.001570071602014958
1074564608,이탈위험(90일+),Q4_고가,,-0.021763266299084982,0.02019493977581016
1074594304,이탈위험(90일+),Q1_저가,0.0,0.026504874753994212,0.01549263988895086
1074917248,이탈위험(90일+),Q4_고가,0.0,-0.013817459913234437,0.041820646609746825
1075015616,Active(<30일),Q1_저가,0.0,0.01374056188636033,0.0225968612082732
1075386816,Active(<30일),Q3,0.0,0.03952642741570811,-0.06925451765605073
1075429504,관심필요(30~89일),Q4_고가,0.0,-0.010332524014431507,0.034889421035563375
1075568704,관심필요(30~89일),Q4_고가,1.0,-0.002453980508927728,0.005738412098458601
1075704192,이탈위험(90일+),Q2,0.0,-0.012823760181506397,0.05566979029762654
1075706048,Active(<30일),Q2,0.0,0.0397878215568368,0.005955851544359764
1075785856,이탈위험(90일+),Q1_저가,0.0,-0.010363100899383977,0.030442968261190084
1075791424,이탈위험(90일+),Q1_저가,0.0,2.0749865034752624e-05,0.005646544295611289
1075878656,관심필요(30~89일),Q1_저가,0.0,-0.006610159665999274,0.042746622580484006
1075921344,관심필요(30~89일),Q4_고가,0.0,-0.017301661528328266,0.0241723203198225
1075938048,이탈위험(90일+),Q1_저가,0.0,-0.011054512712414644,0.015577580308908268
1076056832,Active(<30일),Q1_저가,0.0,0.014443044821550677,-0.1436080232420811
1076114368,이탈위험(90일+),Q2,,-0.011277780500068724,-0.002997104030037223
1076121792,이탈위험(90일+),Q1_저가,,-0.015797656736818114,0.0067874096163450665
1076147776,Active(<30일),Q1_저가,0.0,0.010333735009438655,0.015178113211518907
1076242432,이탈위험(90일+),Q4_고가,,-0.04044033888954596,0.06242759268517645
1076262848,Active(<30일),Q1_저가,,-0.006942768850403097,-0.035296364949192915
1076428032,Active(<30일),Q3,0.0,0.03427140483922786,0.04515869680214324
1076680448,Active(<30일),Q3,0.0,0.018176712258048178,0.015441411552306716
1077922112,Active(<30일),Q3,0.0,-0.01478241877954617,-0.04255516196691972
1078363840,관심필요(30~89일),Q1_저가,0.0,0.007519694430232704,0.0939312560908821
1080646720,이탈위험(90일+),Q1_저가,1.0,-0.02562247276936236,0.0035379704210428686
1082369088,관심필요(30~89일),Q4_고가,0.0,-0.013175107062058988,0.030866375683971464
1083013120,이탈위험(90일+),Q1_저가,0.0,-0.016942743329417406,0.02063095426276526
1083350912,관심필요(30~89일),Q3,0.0,-0.010488010908646567,0.04223314561195589
1083620032,Active(<30일),Q1_저가,0.0,0.02298103464189144,-0.012860519028275563
1083718400,이탈위험(90일+),Q3,0.0,-0.035318636339660925,0.012938999018008712
1083772224,Active(<30일),Q4_고가,0.0,0.01419973417329251,-0.009236312529101176
1083872448,이탈위험(90일+),Q3,,-0.013366637756323747,0.036681533855214145
1083913280,관심필요(30~89일),Q3,0.0,-0.017048033091108486,0.019054312683530333
1083950400,관심필요(30~89일),Q1_저가,0.0,-0.007310034655815895,0.03547520165187373
1084002368,이탈위험(90일+),Q3,0.0,-0.019405940013351358,0.014174133566802749
1084557312,이탈위험(90일+),Q1_저가,1.0,-0.011834435739257548,0.033148201340123355
1084566592,이탈위험(90일+),Q3,,-0.005765980992205821,0.1029101670065079
1084598144,Active(<30일),Q4_고가,0.0,-0.00903755657910936,0.020610690015507166
1084687232,이탈위험(90일+),Q2,0.0,-0.011859466065377473,0.013488677576006039
1084774464,관심필요(30~89일),Q3,1.0,-0.015842624618225512,0.029123553546539546
1084839424,Active(<30일),Q3,0.0,-0.015542806623947747,0.0009087725104421351
1085078848,이탈위험(90일+),Q4_고가,1.0,0.01750210931302637,0.03729055743610862
1085232896,이탈위험(90일+),Q2,0.0,-0.017177094687572295,-0.006507309983455681
1085234752,Active(<30일),Q3,0.0,0.019616388707271448,-0.13930051692460865
1085498304,Active(<30일),Q4_고가,,-0.02103378178176335,-0.04594848815696134
1085702464,관심필요(30~89일),Q1_저가,,-0.024330125225955596,-0.00664904175999953
1085717312,이탈위험(90일+),Q4_고가,0.0,-0.021466366251366248,0.0026762703897462436
1085776704,이탈위험(90일+),Q3,0.0,-0.025432004894450938,0.01041530831105042
1085806400,Active(<30일),Q4_고가,0.0,0.01030443986032592,-0.011742558651634316
1085856512,Active(<30일),Q4_고가,0.0,0.043420496378062445,0.0397162837612729
1085908480,Active(<30일),Q2,0.0,0.019311729325042992,-0.012843530791979307
1086095936,이탈위험(90일+),Q1_저가,0.0,-0.03922912067827314,-0.023654569863291647
1086127488,Active(<30일),Q3,0.0,0.028536946077553305,-0.03997134503014543
1086220288,이탈위험(90일+),Q1_저가,1.0,-0.010541679252857372,0.038226127123021716
1086275968,Active(<30일),Q4_고가,,0.010989233323248693,0.03547338784936349
1086296384,Active(<30일),Q3,0.0,-0.017486018779331702,-0.046782961337770934
1086478272,Active(<30일),Q2,0.0,0.012700449287656346,0.027631405757715277
1086680576,관심필요(30~89일),Q1_저가,0.0,-0.020965033129932364,-0.08194294060223206
1086693568,이탈위험(90일+),Q1_저가,0.0,-0.004834631780059051,0.013711182088771062
1087244800,Active(<30일),Q3,0.0,0.02711055754982694,0.047727688802010726
1087500928,관심필요(30~89일),Q3,0.0,0.1092252956341001,0.10271029708016777
1087539904,이탈위험(90일+),Q4_고가,0.0,-0.012951972527549316,0.03128175109641071
1087959360,관심필요(30~89일),Q4_고가,0.0,0.0013990166270845678,0.07518169769199111
1087979776,이탈위험(90일+),Q2,0.0,-0.01293940101454856,0.03380582809868404
1088018752,Active(<30일),Q2,0.0,0.029039536468472904,-0.0021887062549426073
1088152384,관심필요(30~89일),Q3,,-0.03010435934472322,-0.0596627603578368
1088286016,Active(<30일),Q1_저가,0.0,0.0443500579840066,0.006475453339895854
1088373248,이탈위험(90일+),Q1_저가,,-0.01072018224067544,0.022124625178692403
1088690624,관심필요(30~89일),Q1_저가,,0.021378748738136888,0.028236857162398543
1088874368,이탈위험(90일+),Q1_저가,0.0,0.05325903689029002,0.003006495718803348
1088902208,관심필요(30~89일),Q2,,-0.027230303890132423,-0.035810602797181595
1088904064,Active(<30일),Q4_고가,0.0,0.010193511747475847,-0.0009286985768098832
1089189888,이탈위험(90일+),Q3,,-0.017808622828527687,-0.054145706117439935
1089199168,Active(<30일),Q1_저가,0.0,0.009192697850065185,0.04085085685387921
1089214016,Active(<30일),Q3,0.0,0.018114737507343603,-0.0525046161135142
1089241856,Active(<30일),Q3,0.0,-0.002194233305930382,0.009250587888643191
1089251136,Active(<30일),Q2,1.0,0.017273389418005436,0.04702747723422951
1089254848,Active(<30일),Q3,0.0,0.025047521532451933,0.08395487420616687
1089353216,이탈위험(90일+),Q4_고가,,-0.008936114436249296,0.04023852005778834
1089369920,이탈위험(90일+),Q3,1.0,-0.01304557294418926,0.0215026348859704
1089819072,이탈위험(90일+),Q3,1.0,-0.01308499895264209,0.03589595105529502
1090030656,Active(<30일),Q1_저가,0.0,-0.011426234747054065,-0.11586277842602122
1090117888,이탈위험(90일+),Q2,,-0.03165859147070724,0.023437497180267358
1090266368,이탈위험(90일+),Q2,0.0,-0.01189963873281999,0.024561640295997722
1090457536,Active(<30일),Q4_고가,1.0,0.016964178702503774,0.011581441195612108
1090509504,Active(<30일),Q2,0.0,0.01740827209154805,0.06887383994193072
1090537344,이탈위험(90일+),Q4_고가,0.0,-0.013955360085755951,0.041300707907605996
1090633856,관심필요(30~89일),Q4_고가,1.0,0.03015629493981309,0.1408471121855982
1090858432,Active(<30일),Q2,0.0,0.035385044461356485,0.08515350598185856
1090960512,Active(<30일),Q2,0.0,0.026127604826597484,0.009183144424058765
1091580416,이탈위험(90일+),Q1_저가,1.0,-0.01766368127426239,0.022373394657959636
1091777152,Active(<30일),Q2,0.0,-0.013529559322988716,0.058797382528567144
1092191040,Active(<30일),Q1_저가,0.0,0.019388858510292817,-0.005587368799104264
1092582656,Active(<30일),Q4_고가,,0.008115433076821,0.02568661546146428
1092616064,관심필요(30~89일),Q3,0.0,-0.013784897720596212,0.01465669391050392
1092747840,Active(<30일),Q4_고가,0.0,0.021015312276627007,0.005622327195225152
1092883328,관심필요(30~89일),Q2,0.0,0.015442850384406959,0.02642514199736251
1093024384,관심필요(30~89일),Q1_저가,0.0,-0.014644924188200709,0.01831676181278924
1093089344,관심필요(30~89일),Q2,0.0,0.011174651995390084,-0.011212875346035656
1093276800,관심필요(30~89일),Q1_저가,1.0,-0.005718232066276724,-0.0063162771335116275
1093557056,이탈위험(90일+),Q1_저가,0.0,0.025622156803569718,0.05745386432845344
1093703680,Active(<30일),Q1_저가,,-0.009957727194301935,-0.022303882633255584
1093757504,이탈위험(90일+),Q4_고가,0.0,-0.007191361537356458,0.038659331194157875
1094013632,Active(<30일),Q4_고가,,-0.012281642651374006,-0.0007862832925120966
1094425664,이탈위험(90일+),Q4_고가,0.0,-0.006396545058845515,0.024645074541698758
1094472064,Active(<30일),Q1_저가,1.0,0.04456826179973794,0.08952435285563975
1094546304,관심필요(30~89일),Q2,0.0,0.07865642768787046,-0.061067094129537536
1094655808,이탈위험(90일+),Q1_저가,0.0,-0.011401785290968046,0.031556685186982555
1094793152,관심필요(30~89일),Q2,0.0,0.015263989841663883,-0.07869398592729338
1094804288,Active(<30일),Q3,0.0,0.022244666715239725,-0.08788213908738074
1094980608,이탈위험(90일+),Q1_저가,0.0,-0.012152864806757022,0.03587783183709911
1095014016,이탈위험(90일+),Q1_저가,1.0,-0.011468115116795637,0.03169656579028919
1095223744,이탈위험(90일+),Q4_고가,,-0.020207191930672316,-0.008748052848031637
1095400064,관심필요(30~89일),Q4_고가,,-0.02684741155951581,-0.0005903970711377271
1095437184,Active(<30일),Q2,0.0,-0.01046281661715645,0.02461430403169368
1095498432,이탈위험(90일+),Q1_저가,0.0,-0.020603185663788492,0.0016124807873690583
1095650624,이탈위험(90일+),Q2,1.0,-0.012862983249604623,0.031152013611361003
1095769408,이탈위험(90일+),Q4_고가,0.0,-0.014911323362887079,0.01621466380533995
1095884480,이탈위험(90일+),Q1_저가,0.0,-0.012121193960387418,0.03233522082614903
1095919744,Active(<30일),Q4_고가,,0.006555990199691414,0.03351492902641487
1095977280,Active(<30일),Q4_고가,,0.010800603090824312,0.018003024109560783
1096079360,관심필요(30~89일),Q2,0.0,-0.012220074899125716,0.03423444222469335
1096129472,Active(<30일),Q4_고가,0.0,0.017024926426426334,0.04422368920287234
1096153600,Active(<30일),Q4_고가,1.0,0.02190003418862646,0.006170949020283145
1096524800,이탈위험(90일+),Q3,0.0,0.019279009150581145,0.024285145235104152
1096727104,이탈위험(90일+),Q1_저가,0.0,-0.008476440399513403,0.02410571703577355
1096920128,Active(<30일),Q3,0.0,0.0353307422084122,-0.05350749047762826
1097150272,관심필요(30~89일),Q2,0.0,0.007406375915254504,0.12877209805732026
1097308032,이탈위험(90일+),Q1_저가,1.0,-0.010457657957177867,0.013300492349351864
1097582720,이탈위험(90일+),Q1_저가,0.0,-0.009465417432600418,0.020153928753483083
1097616128,이탈위험(90일+),Q3,0.0,-0.004366452406515314,0.07327413176514289
1097694080,Active(<30일),Q3,1.0,0.02721888162660424,0.0787718401927654
1098020736,관심필요(30~89일),Q4_고가,0.0,-0.02335131514963215,-0.01925107580048091
1098035584,이탈위험(90일+),Q1_저가,0.0,-0.010872509603248086,0.03638187818039251
1098211904,Active(<30일),Q4_고가,0.0,0.025878585719824376,0.03066691409525868
1098360384,이탈위험(90일+),Q3,0.0,-0.013394647312370667,0.031306150088367964
1098575680,Active(<30일),Q2,0.0,0.011534598646572108,0.010502953560158068
1098757568,관심필요(30~89일),Q1_저가,0.0,0.018399658652789252,-0.042174607052825164
1099017408,이탈위험(90일+),Q1_저가,0.0,-0.010036207438807461,0.029470211774849472
1099102784,관심필요(30~89일),Q2,,0.007458851063278815,0.030857162441389252
1099234560,이탈위험(90일+),Q1_저가,1.0,-0.0008299667138512157,0.02058919101266643
1099241984,Active(<30일),Q2,0.0,0.05322699439900602,0.0184575370475909
1099243840,Active(<30일),Q2,1.0,0.006124807410754107,0.009913919219721123
1099288384,관심필요(30~89일),Q4_고가,0.0,0.011643500945684782,0.05088700472587926
1099336640,Active(<30일),Q3,,0.007401609911255047,0.014538199972146115
1099349632,Active(<30일),Q4_고가,0.0,0.01045917945898267,0.012914019357530782
1099425728,Active(<30일),Q2,,0.036624093721754125,0.006645539107113518
1099795072,관심필요(30~89일),Q2,,0.013969738472944415,-0.02952594964181121
1099845184,이탈위험(90일+),Q4_고가,0.0,0.004902694923465775,0.08893321654240308
1100086464,Active(<30일),Q4_고가,0.0,0.028392691443362206,-0.030135532207741345
1100301760,이탈위험(90일+),Q3,0.0,-0.00673794178385051,0.059775827792496974
1100801024,관심필요(30~89일),Q1_저가,,-0.01682204973461579,-0.00044064614230734933
1100958784,Active(<30일),Q2,0.0,0.028567783632247545,0.09650694433206597
1101474752,이탈위험(90일+),Q3,0.0,-0.016229338059867232,0.007361029301985095
1101487744,관심필요(30~89일),Q4_고가,1.0,-0.022017082038686686,-0.02010958213769412
1101615808,관심필요(30~89일),Q4_고가,,-0.032336831061586746,0.012219080880829514
1101639936,Active(<30일),Q2,,0.06095326286793967,0.04881852942260079
1101684480,이탈위험(90일+),Q3,1.0,-0.0133192203430312,0.03319186387037854
1101805120,관심필요(30~89일),Q2,0.0,0.004768569029590275,0.014436967119992344
1101923904,이탈위험(90일+),Q4_고가,,-0.010206017908254122,0.03128382030776966
1102250560,이탈위험(90일+),Q2,,-0.019023885614566027,0.006777737654254629
1102261696,이탈위험(90일+),Q3,0.0,-0.030532278685466485,0.013042354057005878
1102514112,이탈위험(90일+),Q4_고가,0.0,-0.013517230863333375,0.029509926191883834
1102644032,Active(<30일),Q4_고가,,-0.02725898009825234,-0.15613511779288047
1102690432,Active(<30일),Q4_고가,,0.03036552223350686,0.08203405540122477
1102707136,이탈위험(90일+),Q3,,-0.009662036891660425,0.011567848814821369
1102723840,이탈위험(90일+),Q3,,0.00853365913739184,0.06132957201690437
1103161856,Active(<30일),Q3,,0.023898975865674355,0.007552278712875116
1103393856,이탈위험(90일+),Q4_고가,1.0,-0.012537634175459056,0.06586801314795815
1103484800,Active(<30일),Q2,0.0,0.09389110126083744,-0.07462674086462939
1103521920,관심필요(30~89일),Q1_저가,,0.005721136548353267,0.03649959182857804
1103627712,Active(<30일),Q4_고가,0.0,0.036273180027041385,0.027790894925318166
1103772480,Active(<30일),Q2,1.0,-0.011279185742166686,-0.04530640849765491
1103898688,Active(<30일),Q3,0.0,0.02720803472050068,0.04676419240892715
1104368256,관심필요(30~89일),Q2,0.0,-0.01081061704962362,0.025944768110593777
1104401664,이탈위험(90일+),Q2,,-0.03325180552734078,-0.045497595482005965
1104553856,이탈위험(90일+),Q1_저가,1.0,-0.01685681512472334,0.012045978217482572
1104559424,이탈위험(90일+),Q2,0.0,-0.012328862233063828,0.01904520740773244
1104743168,Active(<30일),Q3,0.0,0.021391527179707825,0.04617299555184129
1104850816,관심필요(30~89일),Q2,0.0,-0.009211049597689522,0.03139632153269577
1104952896,이탈위험(90일+),Q4_고가,0.0,-0.04407900379091234,0.044683009274741586
1105229440,이탈위험(90일+),Q3,1.0,-0.020624921634365773,0.0033217227790743598
1105342656,이탈위험(90일+),Q1_저가,0.0,-0.011070120700509015,0.013320895470635585
1105439168,Active(<30일),Q1_저가,0.0,0.0073577958400928845,-0.06323887406826462
1105450304,Active(<30일),Q4_고가,1.0,0.018464106912335243,5.632001517519303e-05
1105455872,Active(<30일),Q3,,0.02413938813714156,0.11290268703034378
1105600640,관심필요(30~89일),Q4_고가,0.0,-0.011722980255826868,0.042336115533014376
1105606208,Active(<30일),Q4_고가,,-0.008469965672009985,0.04767811463606521
1105635904,Active(<30일),Q2,0.0,0.11317629588267586,-0.0829325589215194
1105661888,관심필요(30~89일),Q1_저가,0.0,-0.013648155982235899,0.011471921629237047
1106101760,이탈위험(90일+),Q3,,-0.01314831625583697,0.04314595871072875
1106125888,이탈위험(90일+),Q4_고가,1.0,-0.030113856326053415,0.02561205047451867
1106127744,Active(<30일),Q3,0.0,0.027222248869673615,-0.04231022992183142
1106398720,이탈위험(90일+),Q3,0.0,-0.009772006647914389,-0.010277076312793426
1106484096,Active(<30일),Q1_저가,0.0,0.04447583011704126,-0.05077403720691359
1106515648,이탈위험(90일+),Q1_저가,,-0.011185589201669496,0.03256901714206045
1106563904,관심필요(30~89일),Q2,1.0,-0.02858315895718691,-0.01447333445465554
1106675264,Active(<30일),Q1_저가,0.0,0.02261165402397758,0.015988777833001122
1107079872,Active(<30일),Q3,0.0,0.051190003472657564,-0.010720724965354811
1107339712,이탈위험(90일+),Q4_고가,0.0,-0.005413021964287015,0.03726028546402864
1107683072,이탈위험(90일+),Q1_저가,0.0,-0.009484857120884274,0.031860290133991706
1107735040,Active(<30일),Q3,0.0,0.03207315378859693,0.009515170995592959
1107772160,Active(<30일),Q4_고가,0.0,0.04374526420400937,0.09095360867494617
1108080256,Active(<30일),Q4_고가,0.0,0.03286644242261305,0.03799331737683653
1108369792,관심필요(30~89일),Q4_고가,0.0,-0.03437541810307959,0.02130026357811282
1108440320,Active(<30일),Q4_고가,,0.030002034022823754,0.04099174102898451
1108447744,이탈위험(90일+),Q2,0.0,-0.007422774553441466,0.028200992486552875
1108770688,이탈위험(90일+),Q4_고가,0.0,0.008633341163598714,0.04246299260314168
1108913600,관심필요(30~89일),Q4_고가,0.0,-0.00435468547679993,0.05616072243934525
1108947008,이탈위험(90일+),Q4_고가,0.0,-0.007283094215979002,0.034386142872412
1109054656,Active(<30일),Q3,0.0,-0.0023344763457346374,0.012910905808366568
1109063936,관심필요(30~89일),Q2,0.0,0.002499160757534591,0.03457510588765078
1109275520,이탈위험(90일+),Q2,,0.01622823936330217,0.04152509463751516
1109459264,Active(<30일),Q4_고가,0.0,0.02604778947317743,0.012079923792953529
1109704256,Active(<30일),Q2,0.0,0.020687419347593217,-0.007773538991009521
1109815616,이탈위험(90일+),Q2,,-0.012826245852524287,0.03446384782315992
1109939968,관심필요(30~89일),Q2,1.0,0.06361210050849564,0.03349845735770257
1109954816,이탈위험(90일+),Q4_고가,1.0,-0.0032835512600624117,0.153231637800182
1110092160,Active(<30일),Q4_고가,0.0,0.01673066120549016,0.0256832844388587
1110127424,이탈위험(90일+),Q1_저가,0.0,-0.020778176735076953,0.006734455015006746
1110170112,Active(<30일),Q1_저가,0.0,0.019348871957949126,-0.011627528818958788
1110545024,이탈위험(90일+),Q1_저가,0.0,-0.011029697961700419,0.02834069750686547
1110613696,관심필요(30~89일),Q2,0.0,-0.002844914846394181,0.03728063646556737
1110819712,Active(<30일),Q3,0.0,0.0165666268093283,-0.0027218765278707036
1110823424,이탈위험(90일+),Q1_저가,0.0,-0.011145665521949462,0.018509229144847178
1110867968,관심필요(30~89일),Q3,0.0,0.003613298191979808,0.013848332364308436
1110992320,관심필요(30~89일),Q2,0.0,0.012302844393755064,-0.0018961851267943475
1111137088,이탈위험(90일+),Q4_고가,1.0,-0.005449827735720281,0.03723439721767213
1111161216,이탈위험(90일+),Q4_고가,0.0,-0.014003379892042742,0.026045026398412066
1111404352,Active(<30일),Q4_고가,0.0,0.0629140624944774,0.03192240087513287
1111565824,Active(<30일),Q2,0.0,-0.012659946142034695,0.024284273221762853
1111994560,이탈위험(90일+),Q4_고가,0.0,-0.023010405265077097,0.0246056288388512
1112291520,관심필요(30~89일),Q3,,-0.0036769756011785365,0.04455616641365863
1112306368,이탈위험(90일+),Q2,0.0,-0.012815676612195105,0.05876259249205192
1112347200,관심필요(30~89일),Q3,0.0,-0.016109981578518562,0.025434273090566756
1112501248,Active(<30일),Q1_저가,0.0,0.021540770168297918,-0.050405376754548925
1112573632,Active(<30일),Q3,0.0,-0.0005255255100445333,-0.014529660381433024
1112881728,Active(<30일),Q3,0.0,0.03026334486799842,-0.054504866356210435
1112913280,Active(<30일),Q2,0.0,0.01519640138013123,0.031619388159654704
1112987520,Active(<30일),Q3,1.0,0.01996491559765201,0.03473405198858992
1113028352,Active(<30일),Q1_저가,1.0,0.01673388035268475,-0.1453402186439552
1113058048,관심필요(30~89일),Q4_고가,,0.010714800812020975,0.0833658070280831
1113180544,Active(<30일),Q2,0.0,0.025646004584446325,0.012410341748489762
1113182400,Active(<30일),Q2,0.0,0.029933899303179134,0.04774675529428163
1113267776,관심필요(30~89일),Q1_저가,0.0,0.02476102140439025,0.07857607634484902
1113384704,이탈위험(90일+),Q4_고가,0.0,-0.006467438444650753,0.06477708171632364
1113473792,이탈위험(90일+),Q1_저가,1.0,-0.010501162888082803,0.023785762977967043
1113553600,이탈위험(90일+),Q4_고가,1.0,-0.005329647487948522,0.026133609053198087
1113590720,Active(<30일),Q3,,0.03625864173733051,0.028434755292534697
1113672384,이탈위험(90일+),Q1_저가,0.0,-0.010612889798102342,0.03835169569010709
1113807872,관심필요(30~89일),Q2,,-0.010472993704270225,0.02784957720910869
1113848704,Active(<30일),Q3,0.0,-0.01713714265633348,-0.010161984511415423
1113961920,관심필요(30~89일),Q1_저가,,-0.010863706280447721,-0.0034945228198161316
1114108544,Active(<30일),Q3,0.0,0.030417178374894216,0.040941054638800156
1114123392,이탈위험(90일+),Q1_저가,0.0,-0.012183189589922809,0.04049810717897258
1115216576,Active(<30일),Q2,0.0,0.047915108928215766,-0.013485833714439899
1115225856,이탈위험(90일+),Q3,0.0,-0.027433958714714338,0.02151882628120247
1115318656,이탈위험(90일+),Q2,0.0,-0.03282836202663533,-0.017577390347386007
1115803072,Active(<30일),Q4_고가,0.0,0.0698461857447884,0.041319292867773805
1115842048,Active(<30일),Q2,0.0,-0.008785048689046948,0.020933058140324312
1115897728,관심필요(30~89일),Q2,,0.0823628076046583,0.14832128902324293
1116202112,이탈위험(90일+),Q3,0.0,-0.012569501810146384,0.01773398078108189
1116226240,Active(<30일),Q4_고가,1.0,0.02466044965136427,0.057742996134922286
1116408128,관심필요(30~89일),Q1_저가,0.0,-0.02392797431268784,-0.08766274686693729
1116614144,Active(<30일),Q1_저가,0.0,0.009441674071682837,-0.04647516373645455
1116666112,Active(<30일),Q3,0.0,0.017938653594112508,-0.0010954779115027735
1116751488,Active(<30일),Q4_고가,0.0,0.007870317080074296,0.003608324315707123
1116989056,Active(<30일),Q3,,0.03412579964981488,-0.02336186705433574
1117599680,Active(<30일),Q2,0.0,0.042318063995821775,0.005276396744253897
1117653504,Active(<30일),Q3,0.0,0.03886794714235686,0.018630530992087335
1118052544,이탈위험(90일+),Q3,0.0,-0.006336788029407542,0.01943952249973052
1118961984,이탈위험(90일+),Q4_고가,,-0.01465152158553542,0.027230338749439587
1119368448,이탈위험(90일+),Q1_저가,0.0,-0.032013845137905755,-0.042659881473317895
1119466816,Active(<30일),Q1_저가,0.0,0.029514139627546454,-0.036089507577913515
1119552192,Active(<30일),Q1_저가,,0.08753755053512491,-0.0023225323445316137
1119624576,Active(<30일),Q2,0.0,0.025576414011200477,0.040867422072599024
1119650560,이탈위험(90일+),Q1_저가,0.0,-0.012382985158861076,0.03108727473044414
1119919680,관심필요(30~89일),Q1_저가,0.0,-0.006914168591634323,0.04288769622616703
1120068160,관심필요(30~89일),Q2,0.0,-0.018459052004260373,-0.03556726240297867
1120112704,Active(<30일),Q1_저가,0.0,0.02827621035969974,-0.024698217395705768
1120199936,이탈위험(90일+),Q2,0.0,-0.012823425501855126,0.035509481648259164
1120257472,Active(<30일),Q1_저가,,0.047571879358181635,-0.06422438546751863
1120387392,Active(<30일),Q1_저가,0.0,-0.0018115945464172722,-0.09933294031597761
1120404096,이탈위험(90일+),Q2,0.0,-0.01774018690284125,0.009033510658356364
1120450496,관심필요(30~89일),Q2,1.0,-0.01924385261195194,-0.05130134861291624
1120825408,이탈위험(90일+),Q1_저가,0.0,-0.01004550143839529,0.044412898542709266
1120866240,Active(<30일),Q4_고가,0.0,0.0537121936567686,0.06444506754695445
1120942336,이탈위험(90일+),Q3,0.0,-0.013677946472134286,0.058498153067295965
1120996160,Active(<30일),Q3,0.0,0.01800274552965564,-0.0012179107345234863
1121018432,관심필요(30~89일),Q2,,0.015120121387878771,0.03749280540155109
1121150208,Active(<30일),Q1_저가,0.0,0.019915402724531725,0.044180315803929116
1121217024,이탈위험(90일+),Q4_고가,0.0,-0.01393868103934176,0.044085233903340654
1121268992,이탈위험(90일+),Q4_고가,,-0.015572403056973924,0.042471597533889766
1121337664,이탈위험(90일+),Q3,,-0.005951217845051919,0.03481196642783234
1121439744,이탈위험(90일+),Q3,,-0.0030178478813825127,0.06259153629994178
1121547392,관심필요(30~89일),Q1_저가,0.0,-0.022377624716576894,-0.03925456755102269
1121551104,이탈위험(90일+),Q3,0.0,-0.01946174835511824,0.011408991089908935
1121560384,이탈위험(90일+),Q4_고가,0.0,-0.012821411389874311,0.028497485097555175
1121616064,Active(<30일),Q2,0.0,0.05514331152616536,0.029710648251422556
1121718144,Active(<30일),Q3,0.0,-0.014706353925917931,0.00102356944161075
1122454976,Active(<30일),Q1_저가,0.0,0.031925329057119256,0.04655324192979057
1122514368,Active(<30일),Q1_저가,,0.018903710808719665,-0.020117703948213217
1122709248,Active(<30일),Q3,,0.02316009685960352,0.07156147444456296
1122725952,Active(<30일),Q4_고가,0.0,0.02299049178740109,-0.03289452388763159
1122742656,이탈위험(90일+),Q4_고가,,0.02959041575887389,0.032111121817306354
1122885568,Active(<30일),Q4_고가,0.0,0.013150424473607814,0.02249587001688952
1122918976,관심필요(30~89일),Q4_고가,,0.007049478527321296,0.11968050539722441
1122982080,Active(<30일),Q1_저가,0.0,0.011778413045235858,0.03589680778566434
1123097152,Active(<30일),Q4_고가,0.0,-0.02223395419668428,0.04137684997769775
1123199232,이탈위험(90일+),Q3,0.0,-0.021053166210967145,0.007039640734598174
1123236352,이탈위험(90일+),Q1_저가,0.0,-0.009058290143390269,0.04811630925802746
1123767168,Active(<30일),Q4_고가,0.0,0.027643675585312777,0.05689491891317455
1123787584,이탈위험(90일+),Q1_저가,0.0,-0.020917359459920945,-0.011301902048611437
1123789440,이탈위험(90일+),Q3,0.0,-0.013224594521428414,0.03504028855679245
1123876672,Active(<30일),Q3,0.0,0.05095671704890614,0.07900932097861812
1123993600,Active(<30일),Q1_저가,,0.014921039266928116,0.008294840436169681
1124082688,Active(<30일),Q3,0.0,0.015236001078787087,-0.002830342528196028
1124153216,Active(<30일),Q3,0.0,0.03989600425718359,0.025006346409076396
1124205184,이탈위험(90일+),Q2,0.0,-0.01310432409429111,0.037908355180045476
1124212608,Active(<30일),Q1_저가,0.0,-0.013446969211565796,-0.034774714392635686
1124379648,이탈위험(90일+),Q1_저가,0.0,0.009309381097985014,0.05261941422001009
1124465024,Active(<30일),Q1_저가,1.0,0.035376907646811895,-0.05258004437257369
1124730432,이탈위험(90일+),Q1_저가,0.0,0.021555899220837893,0.03787279148379481
1124763840,Active(<30일),Q3,1.0,0.01881972945105037,-0.014657830494475776
1124784256,Active(<30일),Q2,0.0,-0.009511141257123795,-0.01664604433920086
1124821376,Active(<30일),Q3,,0.028253021365572728,0.04047933903655454
1124940160,관심필요(30~89일),Q3,0.0,-0.023651801994097277,0.0026370592206736154
1124975424,이탈위험(90일+),Q1_저가,1.0,-0.00922085901362319,0.03025091489187226
1125190720,Active(<30일),Q3,0.0,0.037183685584054604,0.023039093287599233
1126089024,관심필요(30~89일),Q1_저가,1.0,-0.010573470396966211,0.02124848394704519
1126122432,이탈위험(90일+),Q1_저가,0.0,-0.02465729842246435,0.0026229795585191312
1126250496,관심필요(30~89일),Q2,0.0,0.016091239902373156,0.04876496656314688
1126287616,Active(<30일),Q3,0.0,0.015879231576647834,0.05450648834239069
1126376704,Active(<30일),Q1_저가,0.0,0.02593475280149571,-0.09807554799084783
1126443520,Active(<30일),Q3,0.0,0.004809451028846556,-0.04757166043051253
1126586432,이탈위험(90일+),Q2,,-0.025273158367987394,-0.003026094379053379
1126779456,이탈위험(90일+),Q2,0.0,-0.018099354084495797,0.007232754074594852
1126959488,관심필요(30~89일),Q3,0.0,-0.0028926991805945795,0.041295309706482985
1127217472,Active(<30일),Q2,,-0.011742728450472861,0.013374296144990694
1127781696,Active(<30일),Q1_저가,0.0,0.04394759316103791,0.0126960799327005
1127956160,이탈위험(90일+),Q1_저가,0.0,-0.01436401588274823,-0.002675725375997265
1127993280,Active(<30일),Q1_저가,,-0.010593926692064798,0.02078415851877302
1128279104,Active(<30일),Q3,1.0,0.019914203996566182,0.008107663193452352
1128371904,Active(<30일),Q4_고가,0.0,0.004209877617682406,0.05877578725619956
1128392320,이탈위험(90일+),Q3,0.0,-0.012907180814125667,0.04531004113301648
1128435008,이탈위험(90일+),Q1_저가,,-0.010820712031716896,0.02626549940944685
1128472128,Active(<30일),Q3,0.0,0.014316890245075653,-0.08960088600231142
1128473984,이탈위험(90일+),Q4_고가,0.0,-0.01379367453418754,0.015351767777735975
1128498112,Active(<30일),Q2,0.0,0.018567728835470088,0.05581239019060502
1128752384,Active(<30일),Q2,,0.03598133044560836,0.02808321336596664
1128772800,이탈위험(90일+),Q1_저가,0.0,-0.011310264288917612,0.038266877523018605
1128973248,이탈위험(90일+),Q2,0.0,-0.01793923577378663,-0.005595692561471299
1129273920,이탈위험(90일+),Q4_고가,0.0,-0.02869658549870116,-0.006412031161537574
1129374144,이탈위험(90일+),Q1_저가,1.0,-0.010328170281277249,0.013681411992194095
1129719360,이탈위험(90일+),Q4_고가,0.0,-0.014443633666920863,0.053275402201013344
1129739776,이탈위험(90일+),Q3,0.0,-0.012467203987667985,0.04528806701531633
1130359680,Active(<30일),Q1_저가,0.0,0.020891805553720166,0.04657728728389479
1130368960,Active(<30일),Q2,0.0,0.015456577174695896,-0.014507549312273327
1130665920,이탈위험(90일+),Q1_저가,0.0,-0.018346974895702584,0.018493430003835937
1130929472,Active(<30일),Q1_저가,0.0,0.07179479131064259,-0.11920767712641722
1131189312,이탈위험(90일+),Q2,,-0.006865128410812993,-0.03642649307649193
1131391616,Active(<30일),Q3,1.0,0.02513518513362134,0.008590897170946188
1131499264,관심필요(30~89일),Q1_저가,1.0,-0.009675799878338331,0.035385524566524426
1131965120,관심필요(30~89일),Q2,1.0,-0.015751521807697066,0.031013041498297825
1131979968,이탈위험(90일+),Q4_고가,,-0.013249939750433197,0.027088142307728463
1132041216,Active(<30일),Q2,0.0,0.015481522819714988,0.02564152773151468
1132065344,Active(<30일),Q4_고가,0.0,0.007184224417238594,0.0480820517920551
1132215680,이탈위험(90일+),Q4_고가,,-0.013272781642826526,0.033709784672213236
1132260224,관심필요(30~89일),Q3,0.0,-0.0036888386286076935,-0.09131528306376152
1132325184,이탈위험(90일+),Q3,0.0,-0.013207739172306554,0.030612535704596038
1132607296,Active(<30일),Q1_저가,0.0,-0.005470461946308736,-0.013566660198391534
1132765056,Active(<30일),Q2,0.0,-0.01053792518749641,0.036671724533250016
1132932096,이탈위험(90일+),Q2,0.0,-0.012408433021242872,0.054793935047290035
1132982208,Active(<30일),Q1_저가,,0.027429949773523865,-0.03269470747806835
1132995200,Active(<30일),Q3,0.0,-0.0027216005950841254,0.005194176429248576
1133136256,이탈위험(90일+),Q1_저가,0.0,-0.0183032675839489,0.001962343682771761
1133327424,관심필요(30~89일),Q3,0.0,-0.03398765375941465,-0.02664107130633886
1133464768,Active(<30일),Q1_저가,1.0,0.003840130371054684,-0.0631704147342097
1133496320,관심필요(30~89일),Q1_저가,0.0,0.01777690530378484,0.07297021909886964
1133886080,관심필요(30~89일),Q3,0.0,-0.03229555021064018,-0.017486643113235917
1134450304,관심필요(30~89일),Q4_고가,,0.003847460155440685,0.09682186650961794
1134452160,Active(<30일),Q3,0.0,0.024538071815331575,0.020340750739066715
1134465152,Active(<30일),Q4_고가,0.0,0.027483451253068947,0.01238235600253601
1134515264,Active(<30일),Q1_저가,0.0,0.03156050028579993,-0.04272424539447306
1134673024,이탈위험(90일+),Q2,0.0,-0.03711103075957928,-0.04511752668799518
1134788096,관심필요(30~89일),Q3,,-0.008772935882420355,0.030554784344042893
1134860480,이탈위험(90일+),Q3,1.0,-0.020652704597765414,0.014669483499763963
1135018240,관심필요(30~89일),Q2,0.0,-0.013801453389918658,0.023168906931413463
1135096192,Active(<30일),Q1_저가,0.0,0.02230057811930697,-0.01722945703347989
1135294784,Active(<30일),Q1_저가,0.0,-0.0037565051578747344,0.034842214096312746
1135484096,관심필요(30~89일),Q4_고가,0.0,-0.014728196497076324,0.02382733568783646
1135899840,Active(<30일),Q3,0.0,0.03989780291751388,0.06786067713817812
1135909120,Active(<30일),Q4_고가,0.0,0.009276564987439118,-0.016922761259986374
1135940672,이탈위험(90일+),Q2,1.0,-0.011787022555431376,0.018752302856675798
1135949952,관심필요(30~89일),Q2,0.0,-0.009402189394806734,0.043640607819368626
1136024192,Active(<30일),Q2,1.0,0.03337587571952372,0.04334583183152585
1136026048,Active(<30일),Q2,1.0,0.05688148060522391,0.06965780736772764
1136200512,Active(<30일),Q4_고가,0.0,0.01608476181977947,-0.02330070392513961
1136219072,Active(<30일),Q1_저가,1.0,0.011943112013066526,-0.10630986035387946
1136228352,이탈위험(90일+),Q1_저가,0.0,-0.012402173141213543,0.04202328159019383
1136232064,Active(<30일),Q4_고가,0.0,0.10615189321080765,0.07126716738245154
1136271040,이탈위험(90일+),Q1_저가,0.0,-0.011021508999112313,0.03362056656515634
1136334144,이탈위험(90일+),Q2,0.0,-0.018039360940562174,0.019931763849806314
1136566144,Active(<30일),Q2,1.0,0.13078093011808234,-0.024121293632371477
1136605120,Active(<30일),Q3,0.0,0.015267188201458781,-0.009686029766014737
1136625536,이탈위험(90일+),Q3,,-0.01309257627131176,0.027301448488672074
1136662656,이탈위험(90일+),Q4_고가,1.0,-0.0057334143023011624,0.030864954079906623
1136673792,Active(<30일),Q2,0.0,0.0004972363233960442,0.03977710577766924
1136709056,관심필요(30~89일),Q4_고가,0.0,0.036295763978429096,-0.0005026212758788562
1136896512,Active(<30일),Q3,,0.03470014204654781,0.08092596106246741
1137418048,이탈위험(90일+),Q4_고가,0.0,-0.010408181888089216,0.0466928450311012
1137551680,Active(<30일),Q3,0.0,-0.003131935991146806,-0.020714112580916155
1137746560,관심필요(30~89일),Q2,1.0,-0.0025414749769218647,0.012049945923022165
1137939584,Active(<30일),Q1_저가,1.0,0.04124105876903961,-0.012608385948040396
1138036096,관심필요(30~89일),Q2,0.0,0.01848603718973696,0.056064455927015505
1138063936,관심필요(30~89일),Q2,1.0,-0.030610928824397032,-0.029607178412536572
1138373888,이탈위험(90일+),Q1_저가,0.0,-0.010134363253266311,0.03931931039773044
1138379456,Active(<30일),Q2,0.0,0.008928568364308248,0.09390676359818398
1138398016,Active(<30일),Q2,,0.02732424821469326,-0.01445222732348006
1138574336,Active(<30일),Q1_저가,,0.03502971141984301,0.035973708569410734
1138687552,관심필요(30~89일),Q4_고가,0.0,0.11042378415255916,0.04113257720724678
1138724672,이탈위험(90일+),Q3,0.0,-0.006068524007153617,0.021565819885410897
1139507904,Active(<30일),Q4_고가,0.0,0.12297828183453857,0.02732337785265282
1139619264,Active(<30일),Q3,0.0,0.09495146083453432,-0.002245663967218925
1139673088,Active(<30일),Q1_저가,,0.01924123166105235,0.0168434233371626
1139758464,Active(<30일),Q2,0.0,0.025436967022274493,0.0019577145491466164
1139817856,Active(<30일),Q1_저가,0.0,0.035527801718536756,-0.053423162658960854
1140150080,이탈위험(90일+),Q4_고가,0.0,-0.03458695435356987,0.017097526827480614
1140203904,관심필요(30~89일),Q1_저가,0.0,0.015260972111802551,-0.023146203411982036
1140215040,관심필요(30~89일),Q2,1.0,-0.008923400784884683,0.04574879914984907
1140367232,이탈위험(90일+),Q2,0.0,-0.02010741292220497,0.002985272184224605
1140703168,관심필요(30~89일),Q4_고가,0.0,-0.017116823740204706,0.01586732840693869
1140786688,관심필요(30~89일),Q1_저가,0.0,-0.01600715861810667,0.027681017411319064
1140790400,Active(<30일),Q4_고가,0.0,0.016145490647988314,0.062315596220575586
1140862784,이탈위험(90일+),Q1_저가,0.0,-0.010111507702771402,0.027613246436362163
1141189440,이탈위험(90일+),Q3,,-0.027305576545770288,0.021868529484516896
1142059904,이탈위험(90일+),Q1_저가,0.0,0.010307643740010877,0.0465463359378571
1142204672,Active(<30일),Q1_저가,1.0,0.046439123501752944,-0.07005313768294597
1143268160,관심필요(30~89일),Q4_고가,0.0,0.0065182073154869125,0.09409306054848876
1143416640,Active(<30일),Q1_저가,0.0,0.02959722101734452,-0.12977285444051567
1143461184,Active(<30일),Q3,1.0,0.016845948276012268,-0.006397089092657127
1143882496,이탈위험(90일+),Q4_고가,,0.012597349483752573,0.03803060140586839
1143921472,Active(<30일),Q1_저가,,0.01605987095737882,-0.015575821512349264
1144381760,Active(<30일),Q1_저가,0.0,0.04669442135528912,-0.0478005125184528
1144430016,이탈위험(90일+),Q2,0.0,-0.019058583823851533,0.017339902485361297
1144513536,Active(<30일),Q1_저가,0.0,0.02590459096236719,0.020223107243117044
1144533952,이탈위험(90일+),Q4_고가,1.0,-0.013620448058417216,0.015410530347416254
1144535808,관심필요(30~89일),Q2,0.0,-0.01143238783351172,0.03930306894256687
1144732544,이탈위험(90일+),Q2,0.0,-0.012943418008802839,0.02477870506529395
1144782656,Active(<30일),Q3,0.0,0.027864399598541367,0.016318765492674747
1144947840,Active(<30일),Q2,0.0,0.020060746793712503,0.027272567195566866
1145068480,Active(<30일),Q4_고가,0.0,0.10891391175693999,0.07337206746264613
1145111168,Active(<30일),Q2,,-0.012362849880983295,0.0355322434057016
1145337600,Active(<30일),Q4_고가,0.0,0.0008285109137633473,0.08532720833462049
1145354304,이탈위험(90일+),Q2,,-0.00497079126147662,0.006426151627012669
1145528768,이탈위험(90일+),Q3,0.0,-0.02055152475955245,0.019951055493588443
1145660544,Active(<30일),Q3,0.0,0.01849102415240167,-0.055907424187566
1145666112,Active(<30일),Q2,1.0,0.013012069279433325,-0.009001715513623276
1145758912,Active(<30일),Q3,0.0,0.014116618607532994,-0.02833161692983399
1145862848,Active(<30일),Q2,,0.05015943163278802,0.03415376884053073
1146185792,Active(<30일),Q4_고가,,0.010273327324009152,0.00018728797306066802
1146334272,이탈위험(90일+),Q3,1.0,0.06728461412903677,0.002473878312468286
1146603392,이탈위험(90일+),Q4_고가,0.0,-0.014004665719926097,0.014999385216092176
1146614528,Active(<30일),Q3,0.0,-0.00591074193227227,0.013142161783639944
1146666496,이탈위험(90일+),Q2,0.0,-0.01859726030996396,0.014598541385473562
1146957888,관심필요(30~89일),Q2,0.0,-0.010927368991741293,0.04393062418336641
1147145344,Active(<30일),Q1_저가,1.0,0.021332196946039494,-0.006871319208379134
1147421888,Active(<30일),Q2,0.0,0.06625326866363757,0.02771675988151512
1147481280,관심필요(30~89일),Q1_저가,1.0,-0.013384234724049732,-0.0030852753290910584
1147488704,이탈위험(90일+),Q1_저가,0.0,-0.011427507756266643,0.03433676995612009
1147585216,이탈위험(90일+),Q3,0.0,-0.03168151853362894,-5.004077381748351e-05
1147614912,관심필요(30~89일),Q1_저가,0.0,-0.019647888378313993,0.0036844839161501164
1147635328,이탈위험(90일+),Q2,0.0,-0.01776840443656702,-0.009260481062766071
1147685440,Active(<30일),Q3,1.0,-0.019725065742287995,-0.023416347696629203
1147794944,이탈위험(90일+),Q3,0.0,-0.027278548549195855,-0.004260011614439757
1148593024,관심필요(30~89일),Q1_저가,0.0,-0.01408991965012446,0.009504499370761865
1148613440,이탈위험(90일+),Q2,0.0,0.01244359037662654,0.04628724434192475
1148654272,Active(<30일),Q2,,0.044102069961854395,-0.0806630733362968
1148787904,Active(<30일),Q2,1.0,0.008690616222399972,-0.10358905044326872
1149012480,Active(<30일),Q4_고가,0.0,-0.008464179660646304,0.046251518739075514
1149018048,Active(<30일),Q3,0.0,0.005513385803374127,-0.03028354121108512
1149179520,관심필요(30~89일),Q2,,0.0019269170271783986,-0.03364005264958797
1149504320,이탈위험(90일+),Q4_고가,0.0,-0.011927017167736809,0.014730726061742777
1149506176,관심필요(30~89일),Q4_고가,0.0,-0.013830041681516234,0.02717739904236806
1149550720,Active(<30일),Q3,0.0,0.03545677884014753,0.01287956024941983
1149558144,Active(<30일),Q3,0.0,0.016572237032304704,-0.02994903057816012
1149699200,이탈위험(90일+),Q4_고가,0.0,-0.021876029570872313,0.17903352484092794
1149808704,이탈위험(90일+),Q1_저가,0.0,-0.011039576728020917,0.04255336590977325
1149881088,Active(<30일),Q3,0.0,0.024645233331918925,0.0032120529882854187
1150079680,이탈위험(90일+),Q3,0.0,-0.02056621435673997,0.02457887947004793
1150228160,Active(<30일),Q1_저가,0.0,0.0205745975406203,-0.0357430582942605
1150289408,관심필요(30~89일),Q3,0.0,-0.009735953498373612,0.039408791589470374
1150423040,이탈위험(90일+),Q4_고가,0.0,-0.014292587263245699,0.0374041328800025
1150508416,관심필요(30~89일),Q3,,0.011717089768684685,0.06057136169555599
1150517696,Active(<30일),Q3,0.0,0.017747653382174433,0.02399665593143474
1150571520,이탈위험(90일+),Q1_저가,0.0,-0.010337089444694435,0.03987717070174611
1150716288,이탈위험(90일+),Q1_저가,,-0.01779969247919856,0.014788922801077381
1150731136,이탈위험(90일+),Q4_고가,0.0,-0.015733113325147853,0.034168188648010175
1151401152,이탈위험(90일+),Q4_고가,0.0,0.007713878809862754,0.03178431707588257
1151627584,Active(<30일),Q4_고가,0.0,0.03492291437610562,0.1424830739810483
1152711488,이탈위험(90일+),Q4_고가,0.0,-0.014482236124835617,0.02531482828974488
1153522560,이탈위험(90일+),Q4_고가,0.0,-0.021092950105763106,0.025879317838551547
1153728576,Active(<30일),Q2,0.0,-0.006121900269776881,-0.003989201666503628
1153979136,이탈위험(90일+),Q4_고가,0.0,0.010228224348168002,0.03843310575287798
1156911616,이탈위험(90일+),Q1_저가,,-0.010411796928307161,0.04011336620617378
1157813632,Active(<30일),Q3,0.0,0.018469341982397802,0.05276662190351
1157828480,Active(<30일),Q2,0.0,0.011029881977715372,0.04226713844056729
1158045632,이탈위험(90일+),Q2,0.0,-0.019670179185136832,0.016380450541905886
1158054912,Active(<30일),Q2,0.0,0.04380851697324817,0.029218855069279348
1158056768,이탈위험(90일+),Q4_고가,0.0,-0.014561514902724448,0.050771463142262496
1158131008,Active(<30일),Q2,1.0,0.032387241879902384,0.013579136572647088
1158171840,Active(<30일),Q1_저가,0.0,-0.008760794528436922,-0.03444707548473999
1158294336,이탈위험(90일+),Q3,0.0,-0.03238415844307599,0.04281559669328046
1158385280,관심필요(30~89일),Q4_고가,0.0,0.006648580858077402,0.030393780970850492
1158446528,이탈위험(90일+),Q3,0.0,-0.02166373869763956,0.011770515229937203
1158505920,이탈위험(90일+),Q4_고가,,-0.01399448465845065,0.036500895732035264
1158802880,Active(<30일),Q4_고가,0.0,0.06159166437694685,-0.026183059431728883
1159031168,Active(<30일),Q4_고가,0.0,0.0422908285861604,0.05953907847030465
1159164800,관심필요(30~89일),Q4_고가,0.0,-0.011812852056041281,0.05226934163147473
1159517440,이탈위험(90일+),Q3,0.0,-0.013502977777797229,0.03474223787306217
1159749440,이탈위험(90일+),Q2,0.0,-0.009475877896823443,-0.003980144883223152
1159842240,Active(<30일),Q2,0.0,0.012977840105955263,-0.004847564266510784
1159860800,이탈위험(90일+),Q1_저가,0.0,-0.009109836948399938,0.025662169436936888
1160157760,Active(<30일),Q2,1.0,0.02059541030525114,-0.013755131157669909
1160170752,관심필요(30~89일),Q1_저가,0.0,-0.021820672606432334,0.013476753680320974
1160226432,Active(<30일),Q1_저가,1.0,-0.002682919048243651,0.03710448942507266
1160230144,관심필요(30~89일),Q1_저가,0.0,0.001479274009184628,-0.00883179636057796
1160361920,Active(<30일),Q1_저가,0.0,0.12436135810632282,0.051537861747234015
1160536384,이탈위험(90일+),Q4_고가,0.0,-0.014278464031194094,0.025390360602430245
1160647744,Active(<30일),Q1_저가,0.0,0.01426716387590865,-0.09696825485050253
1160657024,Active(<30일),Q4_고가,0.0,0.025961240122856832,0.064756381831646
1160846336,관심필요(30~89일),Q3,1.0,-0.011837041254417854,0.042147083328923154
1161349312,이탈위험(90일+),Q1_저가,0.0,-0.009779304905578927,0.04132981045759321
1161434688,이탈위험(90일+),Q2,0.0,-0.02617794214381579,-0.03784422630908288
1161542336,Active(<30일),Q2,,0.013104585355977472,0.011872033953604255
1161568320,이탈위험(90일+),Q4_고가,0.0,-0.00925828143284016,0.03544682547236873
1161720512,Active(<30일),Q3,0.0,0.04984818372332189,-0.07363085505415123
1161798464,관심필요(30~89일),Q4_고가,0.0,0.005756618022571991,0.006960110221588212
1162100992,이탈위험(90일+),Q1_저가,0.0,-0.01029441951631889,0.0380284387039832
1162167808,이탈위험(90일+),Q4_고가,1.0,-0.014457744724091587,0.07799248227399888
1162177088,이탈위험(90일+),Q2,0.0,-0.01268743940574131,0.03969158949517101
1162659648,이탈위험(90일+),Q4_고가,0.0,-0.014629557652921878,0.028194907057101107
1163118080,Active(<30일),Q2,1.0,0.009450939230697286,-0.029134658340734032
1163136640,Active(<30일),Q1_저가,1.0,-0.013437038751818065,-0.01312210761196772
1163403904,Active(<30일),Q4_고가,0.0,0.06384611507628069,-0.0003034763584229827
1163704576,관심필요(30~89일),Q1_저가,0.0,-0.008485829747299903,0.0388595589132843
1164066496,Active(<30일),Q2,0.0,0.026693962497573942,0.048584097416354166
1164085056,관심필요(30~89일),Q3,1.0,0.006151676923367155,0.10095491703989934
1164237248,Active(<30일),Q3,0.0,0.01974582753612608,-0.0049018668016841405
1164383872,Active(<30일),Q2,0.0,0.0817886877169618,0.027434418123470028
1164571328,Active(<30일),Q4_고가,0.0,0.02667219967924528,0.013504600859864602
1164588032,이탈위험(90일+),Q1_저가,0.0,-0.01195116695878215,0.025573494801032978
1164593600,관심필요(30~89일),Q1_저가,0.0,-0.015456084281309845,0.023720554450980674
1164656704,관심필요(30~89일),Q3,0.0,0.007043477168693801,0.1191222184272357
1164719808,Active(<30일),Q2,0.0,-0.0013346603477897845,-0.002412441376245633
1164751360,이탈위험(90일+),Q2,0.0,-0.012488827287074566,-4.589164859650219e-05
1164872000,관심필요(30~89일),Q3,0.0,0.007225230533089433,0.17422381610692994
1164962944,Active(<30일),Q2,0.0,0.01721606227834216,-0.007148682286185926
1165005632,이탈위험(90일+),Q1_저가,0.0,-0.0028959839567411216,-0.016784242974150765
1165146688,Active(<30일),Q2,0.0,-0.009981674470189522,-0.004630310856928221
1165239488,Active(<30일),Q1_저가,0.0,0.008772763308118381,-0.00397575176183107
1165452928,Active(<30일),Q4_고가,,-0.0096386431775181,0.008874575177285404
1165467776,Active(<30일),Q3,,0.01719787572361453,0.004413974998020986
1165714624,Active(<30일),Q4_고가,0.0,0.048412106633803464,0.023297451613832676
1165885376,Active(<30일),Q3,0.0,0.02343738235343451,-0.045842034838207146
1166009728,Active(<30일),Q2,1.0,0.039056634103868504,-0.07072280739369025
1166147072,Active(<30일),Q3,0.0,0.025056307003908485,0.04627695792034725
1166210176,Active(<30일),Q3,0.0,0.01853655266167631,-0.017825589856643564
1166412480,Active(<30일),Q1_저가,0.0,0.04156658983454753,-0.03175470831269578
1166473728,Active(<30일),Q1_저가,,0.001740894842569063,-0.03281726796467005
1166549824,관심필요(30~89일),Q3,0.0,-0.00926633790718312,0.06146051072441683
1166622208,Active(<30일),Q2,,0.02095323864688131,0.04761862073710699
1166635200,Active(<30일),Q3,,0.009069771139444516,-0.07095906823949027
1166640768,관심필요(30~89일),Q2,,-0.013425091912692075,0.0325876756025438
1166798528,Active(<30일),Q2,0.0,-0.012398025220597297,-0.03527222661550067
1166826368,관심필요(30~89일),Q3,0.0,0.01026808748482777,0.1319756167936872
1166969280,Active(<30일),Q3,0.0,0.014020182675985038,0.012605863147447827
1167171584,관심필요(30~89일),Q4_고가,,0.010576951072421736,-0.01609525998244893
1167223552,Active(<30일),Q2,,0.04005326776023843,0.0077290347569543005
1167381312,Active(<30일),Q3,0.0,0.02389395041979603,-0.010296374483952486
1167555776,Active(<30일),Q1_저가,0.0,0.03334607635673148,-0.11318231260890443
1167604032,이탈위험(90일+),Q3,0.0,-0.013301514847957246,0.037481439317207675
1167720960,관심필요(30~89일),Q1_저가,,-0.01956178567946476,-0.07402404843686011
1167743232,Active(<30일),Q3,0.0,0.04260088837286291,0.06502323462170989
1167780352,이탈위험(90일+),Q1_저가,0.0,-0.011455051082157629,0.04495018579064396
1167869440,Active(<30일),Q4_고가,,-0.017850097194682113,0.0040492649527578695
1167982656,이탈위험(90일+),Q4_고가,0.0,-0.014360261847282639,0.034145441076002606
1168194240,Active(<30일),Q3,0.0,0.022341273276298756,-0.04050072574045016
1168363136,Active(<30일),Q4_고가,0.0,0.02439765271914307,0.0011839477665783749
1168379840,관심필요(30~89일),Q1_저가,0.0,-0.006910283464853756,0.04957647546197212
1168387264,이탈위험(90일+),Q3,0.0,-0.013171022613382287,0.04994269332659995
1168433664,이탈위험(90일+),Q1_저가,0.0,-0.008992566513608712,0.04000079350332389
1168545024,Active(<30일),Q2,1.0,0.020422776869492565,0.04857191475302819
1168624832,이탈위험(90일+),Q2,0.0,-0.002469668186285634,0.026021375319905074
1168674944,Active(<30일),Q2,,0.014154452577574528,0.03899908123494622
1168760320,Active(<30일),Q4_고가,0.0,0.024242742055060273,0.01900344067941684
1168804864,Active(<30일),Q1_저가,0.0,0.07273403765561626,0.008448128684395428
1168862400,이탈위험(90일+),Q3,,-0.026362482503635445,-0.039150662001619096
1168960768,관심필요(30~89일),Q2,,0.0009058070672191554,0.08002443576533741
1169098112,이탈위험(90일+),Q4_고가,0.0,-0.02238734005693524,0.014709923560565524
1169159360,Active(<30일),Q4_고가,0.0,0.03925846664331367,0.05616224595515462
1169166784,관심필요(30~89일),Q2,0.0,0.00018856283094394188,0.03562183292254155
1169335680,Active(<30일),Q3,0.0,0.018441282351118637,-0.007744372319687054
1169359808,Active(<30일),Q3,0.0,0.0056922673404719015,-0.07223534821073074
1169443328,관심필요(30~89일),Q1_저가,0.0,0.004560677747676017,0.02343700996951792
1169612224,Active(<30일),Q3,,0.03268673383368803,-0.0018332422327913545
1169805248,이탈위험(90일+),Q1_저가,0.0,-0.01011236431357572,0.028522535981534244
1170282240,Active(<30일),Q3,1.0,0.03496715325315902,0.047107114268218675
1170516096,관심필요(30~89일),Q2,0.0,-0.030883852426801472,0.02112947099855572
1170579200,이탈위험(90일+),Q3,0.0,-0.01303605523246168,0.02661365842237609
1170614464,이탈위험(90일+),Q2,,0.019713276491605952,0.013718599738744203
1170707264,이탈위험(90일+),Q1_저가,0.0,-0.03697849341603576,-0.024963024426421565
1171297472,이탈위험(90일+),Q2,0.0,-0.01831208464629787,0.0020736469696263776
1171527616,이탈위험(90일+),Q1_저가,0.0,-0.011045524915556132,0.041051061391582766
1171574016,이탈위험(90일+),Q3,0.0,-0.006876465671015297,0.02980041037550661
1171579584,Active(<30일),Q4_고가,0.0,-0.006665733568369969,0.02635379414799277
1171624128,이탈위험(90일+),Q4_고가,0.0,-0.01360501407223251,0.025946165028381513
1171804160,Active(<30일),Q2,,0.04239207573622272,0.04503590970127935
1171817152,관심필요(30~89일),Q1_저가,1.0,-0.015471231345946607,-0.031804764628969334
1171870976,Active(<30일),Q1_저가,1.0,-0.011860416945181307,-0.13645097095948472
1172130816,Active(<30일),Q3,1.0,0.047069694091660785,-0.01171191322083609
1172359104,이탈위험(90일+),Q4_고가,,-0.014205237007059675,0.026281454867860023
1172383232,이탈위험(90일+),Q1_저가,0.0,-0.013756881022132045,-0.013217507533047665
1172440768,관심필요(30~89일),Q1_저가,0.0,-0.008242207565029719,0.025820223504724682
1172448192,Active(<30일),Q2,0.0,0.03388717960016063,-0.04721677177369665
1172559552,관심필요(30~89일),Q1_저가,0.0,-0.019033331279017907,0.017855520422662474
1172589248,Active(<30일),Q1_저가,0.0,-0.002700160437930546,0.04945138070941563
1172615232,Active(<30일),Q2,1.0,0.021754011817861962,-0.00011628637781224693
1172661632,Active(<30일),Q2,0.0,0.04908061526446228,0.08070664769184865
1172745152,Active(<30일),Q1_저가,0.0,0.0721976909763794,-0.021327450544493476
1172782272,Active(<30일),Q2,0.0,0.01425998289979491,-0.029176945535486665
1172897344,관심필요(30~89일),Q1_저가,0.0,-0.025463734114892028,0.020535202607380204
1173123776,Active(<30일),Q3,,0.024903729759292337,-0.028850598444076503
1173149760,관심필요(30~89일),Q2,0.0,-0.013100232357292171,0.02541816138267755
1173450432,이탈위험(90일+),Q2,0.0,-0.019786979907744556,0.019955629454146792
1173552512,관심필요(30~89일),Q2,,0.017170392878033347,0.054810221536157666
1173598912,Active(<30일),Q3,0.0,-0.000745283168282096,-0.01713683496830032
1173923712,Active(<30일),Q3,0.0,0.018878715164139304,0.005234767309585386
1174239232,Active(<30일),Q2,1.0,0.03305276429957349,0.09994931987472455
1174268928,Active(<30일),Q1_저가,0.0,0.05596522916916369,0.04381711476071232
1174404416,이탈위험(90일+),Q2,1.0,-0.02493369429009397,-0.029108326119225314
1174463808,Active(<30일),Q3,,0.015420356434906801,0.005713787029590134
1174656832,Active(<30일),Q2,0.0,0.0206550003565541,-0.08820746875711194
1174940800,Active(<30일),Q1_저가,0.0,0.014089486006795715,0.013373792936376971
1174979776,관심필요(30~89일),Q4_고가,0.0,-0.029419280800344366,0.007438617919777901
1175020608,Active(<30일),Q4_고가,,0.030308054162862696,0.01194290100508183
1175041024,관심필요(30~89일),Q1_저가,0.0,-0.011793494574640406,0.017600823355344075
1175475328,관심필요(30~89일),Q4_고가,0.0,0.0008895300300097164,0.02135164026180536
1175681344,Active(<30일),Q1_저가,0.0,0.023523083582520754,-0.0824847508104739
1176241856,Active(<30일),Q4_고가,0.0,0.02369190109956343,0.12594469110404705
1176548096,Active(<30일),Q4_고가,,0.018942481987494597,0.010669394066746163
1176609344,이탈위험(90일+),Q2,0.0,-0.012566931810155953,0.021187174144624912
1176692864,이탈위험(90일+),Q3,,-0.007047176045038017,0.15975524315195772
1176716992,Active(<30일),Q1_저가,0.0,0.021482187099747918,-0.004774511487145805
1176791232,Active(<30일),Q2,0.0,0.029226031553488685,0.021699917947670788
1176974976,관심필요(30~89일),Q4_고가,,0.003044392000440266,-0.01479521188224786
1176991680,Active(<30일),Q4_고가,,0.03425594063448889,0.011476998575701725
1177143872,Active(<30일),Q1_저가,0.0,0.013615073550137358,0.04886392595715211
1177216256,Active(<30일),Q1_저가,0.0,0.013969819992643906,-0.036583463195683175
1177372160,Active(<30일),Q3,,0.0316290718936163,0.03007139878804599
1177392576,관심필요(30~89일),Q1_저가,0.0,-0.008289384477608505,0.05377433233372332
1177580032,Active(<30일),Q2,0.0,0.013940549019702986,0.00023667601108157132
1177843584,이탈위험(90일+),Q4_고가,,-0.01469428259851354,0.021710449106743968
1177875136,관심필요(30~89일),Q1_저가,,0.010818231096866526,0.07118019205581083
1177938240,Active(<30일),Q1_저가,0.0,0.02302942235501415,-0.020513523960927427
1177966080,이탈위험(90일+),Q4_고가,,-0.014507977038004785,0.026134932667657
1178110848,관심필요(30~89일),Q1_저가,0.0,0.07381809868839084,0.02880069125482068
1178146112,Active(<30일),Q4_고가,0.0,0.12318084995651296,0.0750467483610539
1178606400,Active(<30일),Q2,,-0.004935237361952588,0.03649677811812463
1178747456,관심필요(30~89일),Q2,0.0,-0.01972943945966718,0.0021869181370631763
1178760448,이탈위험(90일+),Q4_고가,0.0,-0.006784272234015232,0.03818561386559491
1179473152,이탈위험(90일+),Q1_저가,,-0.00338834918529457,0.03793100073045985
1179525120,관심필요(30~89일),Q4_고가,0.0,-0.016332166216080454,0.02377889929462028
1179684736,Active(<30일),Q3,1.0,0.024424586086729483,0.015259684229010695
1179844352,Active(<30일),Q2,0.0,0.012271448106642935,3.0949818117465e-05
1179909312,관심필요(30~89일),Q1_저가,0.0,0.009548822644392496,0.02609503317517292
1179927872,Active(<30일),Q3,0.0,0.03214718760190005,0.058031085480170774
1179950144,관심필요(30~89일),Q1_저가,0.0,-0.021020468898365452,-0.12282064955343758
1180195136,Active(<30일),Q1_저가,0.0,0.015406681171856063,-0.017538535035926173
1180408576,Active(<30일),Q2,0.0,0.02065784928617498,0.01968100084151958
1180460544,이탈위험(90일+),Q4_고가,0.0,-0.014530293123795002,0.027784326217418442
1180692544,Active(<30일),Q4_고가,0.0,0.07785104684411492,0.023665730441629562
1180781632,Active(<30일),Q4_고가,0.0,0.021247419111148358,0.144402224159895
1180930112,이탈위험(90일+),Q2,,-0.01264292470425353,0.02342636694947149
1180983936,이탈위험(90일+),Q1_저가,,-0.012405052750530082,0.04584321331278665
1181021056,이탈위험(90일+),Q1_저가,,-0.015211146442702078,0.011830881866233128
1181102720,관심필요(30~89일),Q3,0.0,-0.01175292017576407,0.04401480066019388
1181234496,이탈위험(90일+),Q4_고가,,-0.023898805694947955,0.1947093304561242
1181245632,Active(<30일),Q3,0.0,0.018035847725171195,0.03190830267637246
1181399680,관심필요(30~89일),Q1_저가,0.0,-0.008951386969451317,0.0579825514136945
1181407104,Active(<30일),Q1_저가,0.0,0.005914961335221569,0.04895954133611358
1181754176,관심필요(30~89일),Q3,0.0,-0.0012814926885032496,0.06601584540695114
1181924928,관심필요(30~89일),Q3,0.0,-0.0005159427940338857,-0.015469829461976281
1181945344,Active(<30일),Q1_저가,,0.10156056606297825,-0.08225638006843572
1182021440,이탈위험(90일+),Q4_고가,,-0.01252402950032619,-0.02093336017080566
1182507712,Active(<30일),Q3,0.0,-0.0008293779121771871,-0.01715201353206508
1182648768,Active(<30일),Q3,0.0,0.023836672798331127,0.0014718170409038223
1182765696,Active(<30일),Q3,0.0,-0.020917910080941904,-0.12914093420822215
1182960576,Active(<30일),Q1_저가,0.0,0.000611962886373163,0.01626027637716096
1183008832,Active(<30일),Q4_고가,,0.04520680441634384,0.039326073407311646
1183073792,이탈위험(90일+),Q1_저가,0.0,-0.010764443499496387,0.036763116463868026
1183103488,Active(<30일),Q4_고가,0.0,0.013978810169002376,0.025060608316585076
1183220416,관심필요(30~89일),Q4_고가,,0.09261464193077384,0.14447698050812935
1183394880,이탈위험(90일+),Q2,0.0,-0.018461252044138968,0.01032886999789763
1183548928,관심필요(30~89일),Q1_저가,0.0,-0.012163637167952324,0.03249950256909123
1183569344,Active(<30일),Q4_고가,0.0,-0.013355873733024992,0.030077826275684977
1184397120,이탈위험(90일+),Q2,0.0,0.008743924980457826,0.05157505196181645
1184747904,Active(<30일),Q2,0.0,0.04156356447012266,-0.06429230233432681
1184922368,Active(<30일),Q4_고가,,0.015101691478257573,0.03744084302120987
1184981760,이탈위험(90일+),Q4_고가,,-0.02835279468827931,-0.07183062312886013
1185041152,이탈위험(90일+),Q2,0.0,-0.01938597645446212,-0.004367473429521498
1185107968,Active(<30일),Q1_저가,,0.002811191567967497,-0.04121175572613878
1185109824,이탈위험(90일+),Q1_저가,1.0,-0.010342004913244038,0.014009727633418956
1185122816,Active(<30일),Q2,,0.0395051049714617,-0.0015335951123516822
1185171072,Active(<30일),Q3,0.0,0.007377726206035495,-0.041583819701696445
1185308416,Active(<30일),Q2,,-0.012710563335927738,-0.021566459380471026
1185313984,관심필요(30~89일),Q2,,-0.021459398991694745,-0.027139841169519924
1185391936,이탈위험(90일+),Q4_고가,,0.06769135899976436,0.02846584932782875
1185635072,이탈위험(90일+),Q1_저가,0.0,-0.011602177577702745,0.03435037771561254
1185655488,Active(<30일),Q4_고가,0.0,0.018457492418227694,0.04923216317387458
1185889344,Active(<30일),Q4_고가,0.0,0.015345310362407383,0.006903417178410032
1186067520,Active(<30일),Q2,1.0,0.040125508013531486,-0.08381253212668993
1186073088,이탈위험(90일+),Q1_저가,0.0,-0.004181535107150303,0.06902518420668935
1186219712,Active(<30일),Q2,0.0,0.028289444910548744,-0.0074130079266379045
1186240128,Active(<30일),Q3,0.0,0.019982107611725364,0.055521755509948756
1186286528,이탈위험(90일+),Q1_저가,,-0.010524110704528154,0.01891857716753223
1186414592,Active(<30일),Q4_고가,0.0,0.012457662044624007,-0.0010667886266059745
1187195968,관심필요(30~89일),Q3,0.0,-0.006274034411943852,-0.04260830887071376
1187260928,Active(<30일),Q2,0.0,0.008518042168799034,-0.06090961140420381
1187281344,Active(<30일),Q3,0.0,0.015770271832044824,0.06141160065577289
1187307328,이탈위험(90일+),Q2,0.0,-0.012228408874156604,0.023951283486315394
1187335168,Active(<30일),Q3,0.0,0.07213207605299721,-0.04259020652305734
1187338880,관심필요(30~89일),Q1_저가,0.0,-0.015083651818987714,0.01855668161861683
1187492928,이탈위험(90일+),Q2,0.0,0.014272918436571802,0.028639794659174267
1187522624,이탈위험(90일+),Q3,1.0,-0.006816696274165174,0.019848923788048256
1187591296,이탈위험(90일+),Q1_저가,0.0,-0.006930004679199797,-0.038323034093559555
1187635840,이탈위험(90일+),Q4_고가,0.0,-0.013440484164018274,0.02573189449755782
1187700800,이탈위험(90일+),Q1_저가,0.0,-0.009946689390080643,0.015484131942908805
1188090560,이탈위험(90일+),Q1_저가,0.0,-0.008944145998895356,0.02720601794368646
1188426496,관심필요(30~89일),Q3,0.0,0.011203448827720508,0.10496604819665684
1188478464,Active(<30일),Q2,0.0,0.029757957667281953,-0.00021221319310371634
1188678912,Active(<30일),Q1_저가,0.0,0.013130862859757397,-0.09999615794535699
1188716032,이탈위험(90일+),Q1_저가,0.0,0.015386824210958647,0.04834640786874476
1188751296,관심필요(30~89일),Q4_고가,0.0,-0.0012544487367390222,-0.03230976812414374
1188948032,관심필요(30~89일),Q1_저가,0.0,0.015129596025620251,0.15759572302524938
1189128064,Active(<30일),Q3,0.0,0.055525587963733525,0.04776530810888224
1189337792,Active(<30일),Q4_고가,0.0,0.055601492635458216,0.037789095455828425
1189369344,Active(<30일),Q4_고가,,0.03288524286714445,0.05917257299363399
1189508544,이탈위험(90일+),Q1_저가,0.0,-0.009202706488654344,0.03037327677996375
1189584640,이탈위험(90일+),Q3,0.0,-0.008160601464999584,0.027872807742704064
1189601344,Active(<30일),Q1_저가,0.0,-0.009848155735667663,-0.005000509197669395
1189662592,Active(<30일),Q4_고가,1.0,0.03549885193615887,0.15501375800273753
1189857472,Active(<30일),Q3,,0.013402370537435315,0.016440933542043568
1190132160,관심필요(30~89일),Q3,1.0,-0.02963259569889931,-0.08064801099623842
1190250944,관심필요(30~89일),Q3,0.0,0.009654418360430017,-0.12090050257226431
1190291776,이탈위험(90일+),Q1_저가,0.0,-0.010493141049591238,0.03548358781730361
1190392000,관심필요(30~89일),Q2,0.0,-0.012664807677147422,0.038726694588653215
1190471808,Active(<30일),Q3,0.0,0.029995260299454318,0.07419873984787417
1190505216,Active(<30일),Q1_저가,0.0,0.026218039765367462,0.04686783892939239
1190520064,Active(<30일),Q1_저가,0.0,0.000582463070726319,0.03143714657881344
1190679680,이탈위험(90일+),Q4_고가,0.0,-0.010679195137108827,0.006054834279310223
1190824448,관심필요(30~89일),Q1_저가,0.0,0.002008230875461106,0.06295227610260601
1190872704,이탈위험(90일+),Q4_고가,,-0.014638077938085518,0.01745138675623535
1190974784,Active(<30일),Q2,0.0,0.013753458252495632,0.00711891491204153
1191149248,관심필요(30~89일),Q3,0.0,-0.00885410063283859,0.06600334871028608
1191156672,이탈위험(90일+),Q3,,-0.013412839589887177,0.0349771505773701
1191266176,Active(<30일),Q3,0.0,0.048559162939984524,-0.0043335963599308025
1191529728,이탈위험(90일+),Q1_저가,,-0.0271408422322737,-0.007568521678923024
1191908352,Active(<30일),Q2,0.0,0.018069255313071853,0.04699286577684744
1192021568,Active(<30일),Q4_고가,1.0,0.01848531391331576,0.07038205040406997
1192457728,Active(<30일),Q4_고가,0.0,-0.005399819388016383,0.04134052349139908
1192541248,Active(<30일),Q3,0.0,0.022885866248242848,-0.01717814672726392
1192702720,관심필요(30~89일),Q1_저가,0.0,-0.02570013829745621,0.02034097995146944
1192960704,이탈위험(90일+),Q2,0.0,-0.012773389972081065,0.02292725171057331
1192973696,Active(<30일),Q2,1.0,0.018241529387879818,0.012690761869490252
1192995968,Active(<30일),Q3,0.0,0.023093195988288406,-0.030066893163887554
1193086912,이탈위험(90일+),Q2,0.0,-0.012420340207200758,0.043857770573528534
1193155584,Active(<30일),Q2,1.0,0.027421109347787076,0.04675065866264183
1193567616,Active(<30일),Q4_고가,0.0,0.020229028807608573,0.06007291723422625
1193673408,이탈위험(90일+),Q1_저가,0.0,-0.011053530702412794,0.048537129200607904
1193949952,Active(<30일),Q1_저가,0.0,-0.005020864355366542,0.01211215531435833
1194053888,이탈위험(90일+),Q4_고가,,0.008632554463040162,0.04391067747015543
1194116992,이탈위험(90일+),Q2,0.0,-0.008091220384650766,-0.006629830738125009
1194174528,관심필요(30~89일),Q1_저가,,-0.014682462475426261,-0.047785636470213166
1194490048,이탈위험(90일+),Q1_저가,1.0,-0.010970365120010643,0.04276871645767972
1194497472,이탈위험(90일+),Q2,0.0,-0.030969769619817095,-0.03666725421348055
1195135936,Active(<30일),Q1_저가,0.0,0.06111436589300423,-0.009014326201987943
1195314112,이탈위험(90일+),Q1_저가,1.0,-0.008479235538360892,0.0271740628576341
1195367936,이탈위험(90일+),Q3,0.0,-0.013125195306585409,0.03421734336044144
1195518272,이탈위험(90일+),Q3,,-0.03910982178839731,0.020802016119708694
1195993408,Active(<30일),Q3,0.0,0.02474062086837714,-0.013906558897569865
1196136320,Active(<30일),Q2,1.0,0.0161989659006071,0.01849282386060036
1196164160,관심필요(30~89일),Q1_저가,,-0.016288168733063713,-0.015129490164190629
1196208704,Active(<30일),Q2,0.0,0.036460088928140455,-0.01993087808009586
1196405440,Active(<30일),Q2,0.0,-0.01576178741717954,-0.00593825311132698
1196435136,관심필요(30~89일),Q1_저가,1.0,-0.013133921950006455,0.02160822009846544
1196726528,Active(<30일),Q2,1.0,0.021567006443601044,-0.01865253626122798
1196756224,Active(<30일),Q2,1.0,0.014978511020434682,0.028014260783049694
1196834176,이탈위험(90일+),Q1_저가,0.0,-0.010459120533773784,0.0398481565515766
1196997504,Active(<30일),Q4_고가,,0.012545122942244302,0.0482187346627887
1197105152,관심필요(30~89일),Q2,0.0,-0.021893134327399894,-0.005370341156278435
1197262912,이탈위험(90일+),Q3,,-0.013130584241415992,0.042710623267775596
1197446656,Active(<30일),Q4_고가,0.0,0.05401527311778631,0.09106256243351285
1197520896,Active(<30일),Q3,0.0,0.005894248304638472,-0.03916341032399129
1197680512,관심필요(30~89일),Q2,0.0,0.006762163370464758,0.10392314490153559
1197704640,이탈위험(90일+),Q1_저가,0.0,-0.03464609382991468,-0.028466283557921745
1197713920,Active(<30일),Q2,0.0,0.04704350592149409,-0.043746547223514565
1197791872,관심필요(30~89일),Q1_저가,0.0,-0.02255417551584571,-0.06710463539439526
1197793728,이탈위험(90일+),Q2,0.0,-0.03169716612038234,-0.008170457676941079
1197962624,Active(<30일),Q3,1.0,0.023766667841074396,-0.04337694971059014
1198010880,Active(<30일),Q3,,0.026512078661288685,-0.029293069616794343
1198441472,이탈위험(90일+),Q4_고가,0.0,-0.013821234760153615,0.018320982705879257
1198445184,관심필요(30~89일),Q2,0.0,-0.027881243209568196,0.0029122052248038988
1198684608,관심필요(30~89일),Q4_고가,1.0,-0.012661491623158258,0.0357447532062818
1198773696,이탈위험(90일+),Q4_고가,,-0.01733021151629166,0.06515574237415939
1198814528,Active(<30일),Q1_저가,,0.02184336011086585,-0.13938726445606153
1198864640,이탈위험(90일+),Q1_저가,1.0,-0.007847379094949924,0.03157688448956346
1199295232,이탈위험(90일+),Q1_저가,,-0.018773584693682857,0.01168808771109571
1199326784,관심필요(30~89일),Q1_저가,0.0,-0.02174212611604348,-0.0108705015568909
1199471552,Active(<30일),Q2,0.0,0.0004733029935216071,-0.10168483569890008
1199577344,Active(<30일),Q3,1.0,0.019697468298298326,0.004313834908758585
1199729536,이탈위험(90일+),Q2,0.0,-0.01842747754433105,0.014093386717108067
1199777792,관심필요(30~89일),Q2,0.0,0.01313344904040803,0.1318105363627038
1200033920,관심필요(30~89일),Q2,0.0,-0.024019661184147,0.0011723873793592632
1200191680,Active(<30일),Q2,0.0,-0.009517094344675292,-0.06808089409891899
1200200960,이탈위험(90일+),Q2,0.0,-0.012452314112574497,0.031464942074533486
1200358720,관심필요(30~89일),Q4_고가,1.0,0.025142387306033867,0.017491264499281137
1200522048,Active(<30일),Q4_고가,,0.03338845921494138,0.13297163156553138
1200625984,Active(<30일),Q2,,0.04525423212420299,-0.02432637060474596
1200661248,이탈위험(90일+),Q4_고가,0.0,-0.00817159869097965,0.04157289078545451
1200687232,이탈위험(90일+),Q2,0.0,-0.012838384261747555,0.02019956198158203
1200804160,관심필요(30~89일),Q1_저가,0.0,-0.027644242882070846,-0.009905540608150964
1200928512,Active(<30일),Q2,,0.018544818938064034,0.06217772364830565
1200934080,관심필요(30~89일),Q4_고가,0.0,-0.01273639787698208,0.03669485301768574
1201180928,이탈위험(90일+),Q2,1.0,-0.006895255322128563,0.023587831880988397
1201268160,이탈위험(90일+),Q4_고가,0.0,-0.007489972833007834,0.03580468954553109
1201362816,Active(<30일),Q2,0.0,0.03358379135539946,-0.003100842661719838
1201516864,이탈위험(90일+),Q1_저가,,0.014216269987916724,0.04515954456138428
1201609664,Active(<30일),Q3,0.0,0.01359581074437699,-0.008228573145612539
1201875072,Active(<30일),Q3,0.0,0.0058798289158482064,0.043697930669899354
1201897344,이탈위험(90일+),Q3,1.0,-0.01303161337748708,0.020453836663082023
1201979008,Active(<30일),Q2,0.0,0.02928227507045511,0.0012274149595229433
1202004992,Active(<30일),Q3,0.0,0.01204927209418949,-0.011707483442926048
1202006848,관심필요(30~89일),Q4_고가,0.0,-0.0008129580882194065,0.0032864791342039346
1202212864,이탈위험(90일+),Q4_고가,,-0.007920678263182518,0.051350396858125466
1202274112,이탈위험(90일+),Q2,,-0.006687846605985245,0.009735999100965384
1202337216,Active(<30일),Q4_고가,0.0,0.03643787365115769,0.04619547417162939
1202428160,관심필요(30~89일),Q1_저가,0.0,-0.013324847280840602,0.038641636397169735
1202504256,Active(<30일),Q1_저가,,0.045913829815604434,-0.03911646405787561
1202984960,이탈위험(90일+),Q2,0.0,-0.012850729491896806,0.03488638241111727
1203105600,이탈위험(90일+),Q4_고가,0.0,-0.007169156101262994,0.0649118986522475
1203150144,관심필요(30~89일),Q4_고가,0.0,-0.019575198134151456,0.002119067717620507
1203428544,Active(<30일),Q2,1.0,0.0008289093645748591,-0.04282597066078714
1203491648,관심필요(30~89일),Q2,,0.012021305351450962,-0.014014923919958788
1203578880,이탈위험(90일+),Q1_저가,0.0,-0.010205323414873096,0.03901098397756041
1203745920,Active(<30일),Q1_저가,,0.013146050503264367,0.02203282866474876
1203794176,Active(<30일),Q2,,0.0150023263528887,-0.014010507451501897
1204033600,이탈위험(90일+),Q3,0.0,0.04116743558292038,-0.001381036812770714
1204083712,관심필요(30~89일),Q1_저가,0.0,-0.00012152999986467239,0.0500355503116242
1204146816,이탈위험(90일+),Q1_저가,0.0,-0.02816506621220846,0.009474370609132296
1204588544,이탈위험(90일+),Q2,0.0,-0.012999514635618346,0.033838064456682165
1204980160,Active(<30일),Q3,0.0,0.015753001852167547,0.038692885471600214
1205115648,Active(<30일),Q3,1.0,-0.013064121773175424,0.03913717337151143
1205240000,이탈위험(90일+),Q1_저가,0.0,-0.02169014823708451,-0.013562316456856877
1205299392,관심필요(30~89일),Q4_고가,0.0,0.005584446693814082,0.134876065504548
1205382912,관심필요(30~89일),Q4_고가,0.0,-0.032298381668726645,0.029991152960897938
1205414464,Active(<30일),Q4_고가,1.0,0.008880292960404657,0.06622803187382487
1205562944,이탈위험(90일+),Q2,,-0.01314614391506199,0.022661109357747178
1205640896,Active(<30일),Q2,0.0,0.034760468402025735,-0.026371060970830418
1205739264,이탈위험(90일+),Q2,0.0,-0.012723503755101437,0.04044291351198799
1205846912,Active(<30일),Q4_고가,0.0,0.022058711063400738,0.02578141355184982
1205856192,Active(<30일),Q3,0.0,0.05436178383143386,0.05143783904799398
1205991680,Active(<30일),Q3,,-6.63119223417441e-05,-0.04717826283308668
1205997248,Active(<30일),Q2,,0.019747131615613034,0.034119947661946814
1206012096,Active(<30일),Q4_고가,0.0,0.0276171856800721,0.04849068259384737
1206218112,Active(<30일),Q2,0.0,0.04650796258606671,-0.0019116322236298888
1206229248,Active(<30일),Q1_저가,0.0,0.02195813296934568,-0.027237594624050065
1206652416,이탈위험(90일+),Q2,0.0,-0.018804603236012685,0.09907522094918092
1206683968,Active(<30일),Q1_저가,0.0,0.03590690417740994,-0.15297385981614942
1206758208,이탈위험(90일+),Q4_고가,,-0.013992867434244098,0.023202454788467497
1206815744,Active(<30일),Q4_고가,0.0,0.007107488745687562,-0.0529212097927555
1207220352,이탈위험(90일+),Q3,0.0,-0.011961096844830509,0.018629125866876983
1207316864,Active(<30일),Q3,1.0,0.01474439787862386,-0.08347996309885225
1207352128,관심필요(30~89일),Q2,0.0,0.007640028657002085,0.0571135147975913
1207478336,Active(<30일),Q3,,0.02152844672377696,-8.574824997731323e-05
1207649088,관심필요(30~89일),Q2,0.0,-0.030752528281675906,-0.03385786823510106
1207816128,Active(<30일),Q3,,0.029043978546055116,-0.12653366343287253
1207907072,이탈위험(90일+),Q1_저가,,-0.01581188768272132,0.0016923392404040588
1207910784,이탈위험(90일+),Q3,0.0,-0.0315887151974765,-0.019347604803856694
1208007296,이탈위험(90일+),Q1_저가,0.0,0.013439815933215193,0.05020306055780209
1208100096,Active(<30일),Q2,,0.01423406891823642,-0.01449130402295773
1208198464,이탈위험(90일+),Q4_고가,0.0,-0.00971762162486621,0.008209109442754853
1208703296,Active(<30일),Q2,0.0,0.010224179531522187,0.032988070865629104
1209003968,Active(<30일),Q3,,0.010374584128349018,0.005356019800184408
1209055936,관심필요(30~89일),Q1_저가,1.0,-0.014945169662698737,0.0214147976882237
1209104192,Active(<30일),Q3,,0.017932362842974947,-0.03773031514874803
1209488384,Active(<30일),Q3,0.0,0.0198536668376309,-0.024186437250563575
1209505088,이탈위험(90일+),Q2,1.0,-0.03012599241839342,-0.036906623406535194
1209538496,이탈위험(90일+),Q2,,-0.0028884939975575147,0.03295044080854946
1209605312,이탈위험(90일+),Q4_고가,0.0,-0.00572742948608343,0.021412913328819227
1209779776,Active(<30일),Q2,0.0,0.03134699391921436,-0.10806615227590921
1209790912,이탈위험(90일+),Q2,0.0,-0.01960996523180311,0.007589329659564756
1209800192,이탈위험(90일+),Q4_고가,0.0,-0.021529811027015053,0.02551516404768886
1209933824,Active(<30일),Q3,0.0,0.011856774055441277,-0.013305683629153964
1210002496,Active(<30일),Q2,0.0,0.020458519234544115,-0.10452005843126433
1210037760,Active(<30일),Q3,0.0,0.020319397151371876,0.02219537567917762
1210113856,Active(<30일),Q2,0.0,0.025086816961436442,-0.020757386404736566
1210436800,이탈위험(90일+),Q2,1.0,-0.01916136604440699,-0.020622065146589735
1210587136,Active(<30일),Q3,0.0,0.05772742744103776,-0.007330978849338643
1210824704,Active(<30일),Q2,0.0,0.018798399596541615,0.0290325789258854
1210830272,Active(<30일),Q3,,0.034693349362281634,0.07013758155877392
1211004736,관심필요(30~89일),Q2,0.0,-0.023129116335789485,0.00024019834242269833
1211043712,Active(<30일),Q1_저가,0.0,0.08584488138744373,-0.06590647749249134
1211151360,이탈위험(90일+),Q4_고가,0.0,-0.01449352323310999,0.025623886694648906
1211214464,이탈위험(90일+),Q1_저가,0.0,-0.0035398430188945396,0.05274760669287967
1211220032,관심필요(30~89일),Q1_저가,1.0,-0.02301359171826481,0.032324806475670875
1211296128,이탈위험(90일+),Q4_고가,0.0,0.03996459104289489,0.04463213179816232
1211333248,관심필요(30~89일),Q3,,0.0027941255913857266,0.011893137747009508
1211550400,Active(<30일),Q4_고가,0.0,0.023408839338068588,0.006562755051206293
1211706304,이탈위험(90일+),Q1_저가,0.0,-0.021866495754159332,0.005988865337866772
1211737856,Active(<30일),Q2,,0.010106066296822647,0.0003657573285578142
1211791680,Active(<30일),Q3,0.0,0.10964647614513379,0.049656545691600606
1212075648,Active(<30일),Q4_고가,,0.031407398101529815,-0.029684155239385612
1212164736,Active(<30일),Q4_고가,1.0,0.023008529112396037,8.92027051107025e-05
1212209280,Active(<30일),Q2,1.0,-0.0023725106410997787,0.03850223020293697
1212250112,이탈위험(90일+),Q1_저가,0.0,-0.017868843573911164,-0.02449877625714382
1212255680,이탈위험(90일+),Q1_저가,0.0,-0.034842544316883994,-0.004279920840224355
1212749376,Active(<30일),Q3,0.0,-0.018796897910095894,-0.029307041454111393
1212957248,Active(<30일),Q1_저가,0.0,0.04508913859272046,-0.010059898967110792
1213072320,이탈위험(90일+),Q1_저가,0.0,-0.005648171792517143,-0.002261963699989017
1213096448,이탈위험(90일+),Q2,0.0,-0.012885264442303299,0.013190251824030774
1213139136,Active(<30일),Q3,0.0,0.017151091530956952,-0.010282274865461849
1213170688,Active(<30일),Q2,1.0,0.020249368933091594,-0.08454267580824393
1213256064,Active(<30일),Q2,,0.011665026756707886,-0.0131507097244708
1213283904,이탈위험(90일+),Q3,0.0,-0.013548421004306262,0.04104556157961186
1213387840,Active(<30일),Q4_고가,0.0,-0.01867283651702878,0.026595714656391434
1213439808,Active(<30일),Q3,0.0,0.04355016902471198,0.06854908342422916
1213515904,Active(<30일),Q1_저가,0.0,0.03336652997162326,-0.02460402456763877
1213573440,Active(<30일),Q2,0.0,0.0932379791083604,0.02859859783047841
1213669952,Active(<30일),Q3,,0.006874439808594257,-0.05085022124192262
1213933504,Active(<30일),Q3,,0.02639512965401289,0.02219942299583666
1214063424,Active(<30일),Q2,1.0,0.026907553018770458,0.03248472614960196
1214076416,Active(<30일),Q1_저가,0.0,0.023660662581848346,-0.004175395710371621
1214109824,이탈위험(90일+),Q1_저가,0.0,-0.011352979254000022,0.03170361042090421
1214208192,Active(<30일),Q3,0.0,-0.0006847702139803763,0.02323419893176265
1214232320,이탈위험(90일+),Q3,,-0.01980415722347438,0.013203558550961655
1214360384,Active(<30일),Q2,0.0,0.0439041917389974,-0.01301904493331063
1214421632,이탈위험(90일+),Q4_고가,0.0,-0.01314804131324869,0.008129415076066654
1214805824,이탈위험(90일+),Q1_저가,0.0,-0.017745803593393464,0.014427622811437002
1214857792,Active(<30일),Q3,,0.018635277571605546,0.052132220082565905
1214941312,Active(<30일),Q1_저가,0.0,-0.008268026390283123,-0.0013267901142560157
1215238272,관심필요(30~89일),Q3,0.0,0.009019824752262151,0.14071993842739106
1216418688,Active(<30일),Q2,0.0,0.06684556527706276,0.03992059179959995
1216543040,Active(<30일),Q4_고가,0.0,0.007699470165532962,-0.013805879024601841
1216890112,이탈위험(90일+),Q1_저가,0.0,-0.0065145715984896435,0.009523139036258177
1216956928,Active(<30일),Q4_고가,,-0.006027698552965435,0.06872072264946058
1217014464,이탈위험(90일+),Q1_저가,0.0,-0.0189166906776939,-0.011302494447599884
1217029312,Active(<30일),Q1_저가,1.0,-0.0026948139099980256,0.045088677566086116
1217222336,Active(<30일),Q2,0.0,0.01943466890553669,-0.09551169640065593
1217257600,Active(<30일),Q2,0.0,0.015897264737806727,0.013258209828473255
1217274304,관심필요(30~89일),Q4_고가,0.0,0.000855884036688459,0.03424774816311099
1217547136,Active(<30일),Q2,0.0,-0.018160682306395837,0.02827332074036032
1218059392,이탈위험(90일+),Q3,0.0,-0.02725448060024506,0.016636468559483156
1218499264,이탈위험(90일+),Q1_저가,0.0,-0.017708519786365243,0.013262770396275839
1218606912,이탈위험(90일+),Q1_저가,0.0,-0.009987408516764398,0.033113672127481605
1218644032,Active(<30일),Q3,0.0,0.04272199130036891,0.029761886932972992
1218742400,Active(<30일),Q2,1.0,0.007178051805655894,-0.00014500807073003497
1219033792,이탈위험(90일+),Q1_저가,0.0,-0.013542944071990637,0.0869410756113102
1219145152,관심필요(30~89일),Q4_고가,0.0,-0.004429658179294901,0.05313455375213168
1219243520,관심필요(30~89일),Q2,0.0,0.01361906297893839,-0.06338965129529878
1219468096,Active(<30일),Q1_저가,,0.03332798067884479,-0.05965872001681327
1219603584,이탈위험(90일+),Q1_저가,,-0.009830922155883638,0.02868605166122594
1219787328,관심필요(30~89일),Q2,0.0,-0.015766852425698127,0.05177134672322575
1219835584,이탈위험(90일+),Q1_저가,0.0,-0.011635319378896607,0.02801966797013563
1219874560,Active(<30일),Q2,0.0,0.015828258439216203,-0.031697608118016696
1219993344,Active(<30일),Q2,,0.04732528884157772,0.03392320575103924
1220418368,Active(<30일),Q2,0.0,0.04538432302664808,0.0711848189233627
1220984448,Active(<30일),Q3,0.0,0.04870556329160203,0.05958924346376682
1221153344,이탈위험(90일+),Q2,0.0,-0.0039831731864765005,0.02271979910789998
1221244288,이탈위험(90일+),Q4_고가,0.0,-0.02116203602074687,0.003947336144325908
1221298112,Active(<30일),Q2,,0.02929244229403216,-0.045473970561151766
1221609920,Active(<30일),Q1_저가,1.0,0.03521667461034117,-0.1054108069057812
1221611776,관심필요(30~89일),Q2,0.0,0.004801169395959759,0.07547448448066896
1221788096,이탈위험(90일+),Q1_저가,,-0.015994223330989182,0.007322618013772597
1222187136,이탈위험(90일+),Q1_저가,,0.01709536928899638,0.05607704981226136
1222216832,이탈위험(90일+),Q1_저가,0.0,-0.010652177782813015,0.03173879670455711
1222378304,관심필요(30~89일),Q1_저가,0.0,-0.027220613317602255,-0.01012052209584588
1222391296,Active(<30일),Q1_저가,0.0,-0.004913638137138132,0.009608149940082716
1222467392,이탈위험(90일+),Q1_저가,1.0,-0.01590193033226922,0.004033261443004421
1222493376,Active(<30일),Q2,0.0,0.03177459217127088,-0.0167830486604289
1222949952,이탈위험(90일+),Q4_고가,0.0,-0.01924391898030048,0.14410547009915858
1223009344,Active(<30일),Q3,1.0,0.027625292157772763,0.06677686083861134
1223042752,이탈위험(90일+),Q1_저가,0.0,-0.018506718858438617,0.018834473294001938
1223050176,Active(<30일),Q2,0.0,0.02366176099538997,0.015380923919333434
1223250624,Active(<30일),Q1_저가,0.0,0.04222630222016499,0.1163458092617794
1223254336,이탈위험(90일+),Q2,0.0,-0.011766805858198948,0.016178428066595085
1223267328,Active(<30일),Q2,0.0,0.020954260984475725,-0.03669143611363235
1223399104,Active(<30일),Q3,0.0,0.030589698899014195,0.034953959925371536
1223521600,Active(<30일),Q1_저가,0.0,0.11988907557403139,-0.02579013479656056
1223530880,이탈위험(90일+),Q3,0.0,-0.026449319455868606,0.0037461641945013835
1223558720,이탈위험(90일+),Q3,,-0.0407810374809979,0.006370181191145047
1223621824,Active(<30일),Q2,,-0.018211362238312268,-0.016759322355908435
1223707200,관심필요(30~89일),Q2,0.0,0.013086753649167115,0.15647159603597777
1223920640,Active(<30일),Q1_저가,0.0,0.030099538528305603,0.020501361701993792
1224035712,Active(<30일),Q1_저가,1.0,-0.0073356550907519025,-0.05034541783837554
1224096960,관심필요(30~89일),Q1_저가,1.0,-0.007591546499335897,0.030156394579899284
1224351232,Active(<30일),Q3,0.0,0.028527569276019626,0.013729885758959615
1224635200,Active(<30일),Q1_저가,0.0,0.012111735304368265,-0.03491292316252825
1224685312,Active(<30일),Q2,0.0,0.013958550384620905,0.007333039625339155
1224841216,Active(<30일),Q3,0.0,0.040428836160387616,0.07432515011938023
1224909888,이탈위험(90일+),Q4_고가,0.0,-0.02175627530239152,0.011681826277304255
1225036096,Active(<30일),Q2,,0.013844343636340906,0.001723697890557374
1225212416,Active(<30일),Q4_고가,0.0,0.036407962088666035,0.022422336460016123
1225216128,Active(<30일),Q2,0.0,0.03349217229893031,-0.09285584752288045
1225281088,관심필요(30~89일),Q3,0.0,0.0018794716827493785,0.10167334200713257
1225657856,Active(<30일),Q3,0.0,-0.018920626504346838,0.0018972883652300654
1225811904,Active(<30일),Q2,,0.030811994758439543,0.05567461592841938
1225873152,Active(<30일),Q3,0.0,0.033456174154649077,-0.020585781478342224
1226079168,Active(<30일),Q3,1.0,0.027741194710619976,0.023657994909195623
1226149696,관심필요(30~89일),Q4_고가,0.0,-0.012289475716038042,0.028275208890524442
1226168256,Active(<30일),Q4_고가,0.0,0.05528905588489885,0.0077634119305859395
1226301888,Active(<30일),Q1_저가,0.0,-0.01225462410887157,0.0042366741793888885
1226396544,관심필요(30~89일),Q2,0.0,0.005099866482401738,-0.03566751515448596
1226561728,이탈위험(90일+),Q2,0.0,-0.013080260534845081,0.02713811376444726
1226613696,Active(<30일),Q3,0.0,-0.007553267066572056,0.008034202808577917
1226674944,이탈위험(90일+),Q2,0.0,-0.011910768171140201,0.032134410185131954
1226884672,Active(<30일),Q4_고가,0.0,-0.022178779204983512,0.00021111317779282102
1226927360,이탈위험(90일+),Q1_저가,0.0,-0.011513126344338258,0.03461597810506083
1227036864,Active(<30일),Q3,0.0,0.01585950439570094,-0.08520575947287173
1227419200,Active(<30일),Q3,,0.03602676542315941,-0.010610699267146306
1227452608,Active(<30일),Q1_저가,0.0,0.04829260671121116,-0.10917387538267942
1227692032,Active(<30일),Q1_저가,0.0,0.029944724556461078,0.007546779339456716
1227734720,Active(<30일),Q2,0.0,0.040250391653219086,0.0032911735548721843
1227756992,Active(<30일),Q2,,0.03245806153273184,0.02266123472749587
1227771840,이탈위험(90일+),Q2,1.0,-0.019496530827722583,0.022597773724679485
1227831232,이탈위험(90일+),Q3,0.0,-0.013006583660617153,0.0406370487294962
1227901760,이탈위험(90일+),Q3,0.0,-0.00663828817860268,0.20279103643873214
1227912896,Active(<30일),Q3,0.0,-0.004744286370212444,0.04372611799399123
1227944448,관심필요(30~89일),Q2,1.0,0.010669328650052767,0.021003763016628596
1228213568,이탈위험(90일+),Q1_저가,0.0,-0.02123998387228418,0.0037053296543053393
1228226560,관심필요(30~89일),Q4_고가,0.0,0.0019438528456584558,0.05438634171013823
1228245120,이탈위험(90일+),Q4_고가,1.0,-0.037623660538888964,0.02308005081969891
1228701696,Active(<30일),Q2,,0.032345028817080124,-0.022163713170340382
1228894720,Active(<30일),Q1_저가,0.0,0.026633615324111015,-0.022096511547502917
1228898432,관심필요(30~89일),Q4_고가,,0.07398401856553827,0.008644044721861699
1228996800,이탈위험(90일+),Q1_저가,1.0,-0.00762174531852957,0.03461559354146307
1229189824,이탈위험(90일+),Q2,,-0.008995272200578053,0.03261301968174629
1229260352,이탈위험(90일+),Q2,,-0.051500498705640774,0.03250719019728521
1229312320,관심필요(30~89일),Q1_저가,0.0,-0.006968774262998995,0.038601883550313826
1229377280,이탈위험(90일+),Q2,1.0,-0.05558815547098128,-0.057668518180991
1229418112,이탈위험(90일+),Q1_저가,,-0.011778457752057922,0.04198007735592896
1229600000,이탈위험(90일+),Q2,,-0.011845153404971581,0.03340367758620379
1229896960,Active(<30일),Q2,,0.03240867311973372,0.054030450773039584
1229965632,Active(<30일),Q2,0.0,0.022794668734391843,0.027669461381209848
1229984192,Active(<30일),Q1_저가,,0.0198309641098815,-0.06643081013337093
1230032448,Active(<30일),Q1_저가,,0.023068218980171806,-0.0016286326970155751
1230407360,관심필요(30~89일),Q2,0.0,-0.013869200223898953,0.013539448214471644
1230544704,Active(<30일),Q3,0.0,0.015827145645359753,-0.04985781768793751
1230917760,관심필요(30~89일),Q4_고가,,0.04288439113016079,0.030299754018122405
1231426304,이탈위험(90일+),Q3,0.0,-0.020997905297367045,0.023986613162156542
1231847616,이탈위험(90일+),Q2,0.0,-0.018051705036590218,0.024445819488867565
1231944128,관심필요(30~89일),Q4_고가,0.0,-0.01199562502293143,0.054786214480392226
1231945984,Active(<30일),Q2,0.0,-0.0034506967651939946,0.030951913075126736
1231958976,관심필요(30~89일),Q2,0.0,0.01604292620974107,-0.0013647333254952487
1232135296,이탈위험(90일+),Q3,0.0,-0.012343986025863202,0.042602203585745596
1232181696,Active(<30일),Q1_저가,,0.002135866250948193,-0.012724743923248016
1232196544,이탈위험(90일+),Q2,0.0,-0.025751138075828642,-0.03333200457297443
1232267072,Active(<30일),Q1_저가,0.0,-0.003859729723674765,0.04009796787193043
1232408128,Active(<30일),Q1_저가,,0.04380378699466969,-0.000947906674633292
1232480512,Active(<30일),Q3,0.0,0.03549800423112426,0.014482206507188455
1232775616,Active(<30일),Q2,0.0,0.036678254497199525,0.004718672974794669
1232888832,이탈위험(90일+),Q3,,-0.013624478259319395,0.025451469498099524
1233159808,관심필요(30~89일),Q1_저가,0.0,0.019345123106139783,-0.02025516210898315
1233336128,Active(<30일),Q3,0.0,0.011719728233963611,-0.0713587273274433
1233432640,Active(<30일),Q2,0.0,-0.002299735860069263,0.012404823432737883
1233506880,이탈위험(90일+),Q1_저가,0.0,-0.013537463918484816,-0.00500645554597523
1233746304,관심필요(30~89일),Q2,0.0,0.005007628335783831,0.11351158766655584
1233922624,이탈위험(90일+),Q1_저가,0.0,-0.011186275262496236,0.035718024929717734
1233946752,이탈위험(90일+),Q1_저가,0.0,-0.011286800330739588,0.04044968107608316
1233957888,Active(<30일),Q2,0.0,0.015336761531460241,-0.058229773480381386
1234024704,관심필요(30~89일),Q1_저가,0.0,0.006359243897799904,-0.0430857430672022
1234030272,이탈위험(90일+),Q3,0.0,-0.01938744157629746,-0.004462317047204845
1234061824,이탈위험(90일+),Q1_저가,0.0,-0.01205733114251012,0.04228563274740612
1234074816,이탈위험(90일+),Q1_저가,0.0,-0.020869209117556797,0.0011433774645951827
1234115648,관심필요(30~89일),Q3,0.0,0.01036269108678034,-0.10162224265380743
1234355072,관심필요(30~89일),Q1_저가,0.0,-0.023291753527620918,0.030269529581077315
1234473856,Active(<30일),Q1_저가,1.0,0.04666613391701491,0.016274863504244563
1234598208,이탈위험(90일+),Q2,0.0,-0.01268561234843154,0.024585418622486144
1234793088,이탈위험(90일+),Q2,,-0.013307903560903028,0.033285380009850374
1234948992,Active(<30일),Q1_저가,,0.034747799400593915,-0.054909428219217626
1234965696,Active(<30일),Q3,0.0,0.01624378640819779,-0.00977005070509207
1235080768,관심필요(30~89일),Q1_저가,0.0,-0.008391876557955882,0.05283388859807986
1235132736,이탈위험(90일+),Q3,0.0,-0.007142783792478707,0.010163559811552453
1235179136,관심필요(30~89일),Q4_고가,0.0,-0.00368313285411509,0.019917162185243142
1235325760,Active(<30일),Q4_고가,0.0,0.01493345397542778,-0.018990060187120128
1235409280,관심필요(30~89일),Q3,0.0,-9.577321241582837e-05,0.009117173287995162
1235513216,이탈위험(90일+),Q1_저가,0.0,-0.010960497526256996,0.02483862534763552
1235815744,Active(<30일),Q2,1.0,0.01048049155293218,-0.025141766859712367
1235964224,이탈위험(90일+),Q4_고가,0.0,-0.008359900030504755,0.04052833485849597
1235992064,Active(<30일),Q2,0.0,0.025398611521711745,-0.03986530894733609
1236019904,이탈위험(90일+),Q1_저가,,-0.01802015084130587,0.014121873461090714
1236237056,Active(<30일),Q4_고가,,0.010034857561970756,0.0011508048124868608
1236339136,Active(<30일),Q2,1.0,0.024695093943228164,0.009443832432301402
1236346560,관심필요(30~89일),Q1_저가,,-0.025275391699540517,-0.016254563924259613
1236797568,Active(<30일),Q4_고가,0.0,0.027148080440606015,0.03490457868666541
1237029568,Active(<30일),Q4_고가,0.0,0.029734565002855762,0.06169805099248937
1237055552,Active(<30일),Q3,0.0,0.023558144955864613,-0.13573153434849283
1237189184,이탈위험(90일+),Q1_저가,0.0,-0.017438420696074555,0.00717889478483108
1237250432,Active(<30일),Q3,0.0,-0.0027264862379237365,-0.0415717305053262
1237413760,Active(<30일),Q1_저가,0.0,0.027536612945221195,0.058374012347734705
1237874048,Active(<30일),Q3,0.0,0.048773470370713556,-0.0861624211972507
1238024384,이탈위험(90일+),Q1_저가,1.0,-0.0124993492897333,0.028212842612217043
1238081920,Active(<30일),Q2,0.0,0.039512631645421514,0.00786895810068089
1238313920,Active(<30일),Q1_저가,,0.019727252123435318,0.03496384666194752
1238341760,Active(<30일),Q2,,0.03444886124484936,0.016128497134642816
1238440128,Active(<30일),Q1_저가,0.0,0.01887790692708924,-0.030664347220188515
1238464256,관심필요(30~89일),Q3,0.0,-0.01233436115777567,0.021853162284225902
1238469824,Active(<30일),Q2,0.0,0.07649485409628631,0.019276328416307997
1238555200,Active(<30일),Q1_저가,0.0,0.012296337432267213,-0.01890000306569528
1238635008,Active(<30일),Q4_고가,0.0,0.024208168344401093,0.03665337631756882
1238753792,Active(<30일),Q4_고가,0.0,-0.013095003669272798,-0.033322754959977774
1238898560,Active(<30일),Q1_저가,0.0,-0.004803280747564642,0.017182291413800704
1239110144,이탈위험(90일+),Q4_고가,0.0,-0.014994415623321627,0.016937396881822595
1239167680,관심필요(30~89일),Q2,,-0.015769241418841257,0.0260912484054404
1239260480,Active(<30일),Q3,0.0,0.00781484072030747,0.008432463902089127
1239420096,이탈위험(90일+),Q1_저가,0.0,-0.011373474279496504,0.03821079720445291
1239449792,Active(<30일),Q4_고가,0.0,0.01513227684152374,-0.0014528151397225075
1239464640,Active(<30일),Q2,0.0,0.028750818802052047,-0.027280734488587838
1239568576,Active(<30일),Q3,1.0,0.016119089053499125,0.06458108268692564
1240227456,Active(<30일),Q3,1.0,0.012617023312051057,-0.0021616434305318233
1240240448,Active(<30일),Q1_저가,0.0,0.03405317861596191,-0.04779657187114228
1240427904,Active(<30일),Q3,0.0,-0.013752960287371191,0.027875379647220422
1240529984,관심필요(30~89일),Q1_저가,,-0.03293578410894549,-0.020945835119254408
1241032960,관심필요(30~89일),Q3,,0.01158689341905228,0.08671008738508429
1241402304,Active(<30일),Q4_고가,0.0,0.02012924586557896,0.04512797018452852
1241467264,이탈위험(90일+),Q2,1.0,-0.02466415127847714,-0.005584336148667671
1241509952,Active(<30일),Q3,0.0,0.01770451272262985,0.040802220746957496
1241645440,Active(<30일),Q1_저가,0.0,0.02972803185719708,-0.04888834335611136
1241708544,Active(<30일),Q2,0.0,0.008651852878364452,0.019721687350215733
1241741952,이탈위험(90일+),Q4_고가,0.0,-0.014546274505642179,0.024349095213562738
1241814336,Active(<30일),Q4_고가,1.0,0.01891292880601081,0.019449838496690575
1241886720,관심필요(30~89일),Q3,0.0,0.010544157731306236,0.07164928293702605
1242189248,이탈위험(90일+),Q3,,-0.013250856075827717,0.03447722089419935
1242248640,이탈위험(90일+),Q4_고가,0.0,-0.006926660400008493,0.01584515200370537
1242424960,관심필요(30~89일),Q1_저가,1.0,-0.007129443488847517,0.04846389902069678
1242723776,관심필요(30~89일),Q3,0.0,0.013515031549838907,-0.12334363801054488
1242796160,이탈위험(90일+),Q2,0.0,-0.01930316867449658,0.030586128443808147
1242857408,관심필요(30~89일),Q2,0.0,-0.016716169920355975,0.014965343198598421
1242939072,이탈위험(90일+),Q4_고가,0.0,-0.010306974878014352,0.22761898338397474
1243046720,Active(<30일),Q4_고가,0.0,-0.011765204584702205,0.025836319561417742
1243687040,이탈위험(90일+),Q1_저가,1.0,-0.01123215741704927,0.02827963641784753
1243779840,이탈위험(90일+),Q2,,-0.012835997292578297,0.015821799164600803
1243805824,이탈위험(90일+),Q2,0.0,0.033908247488122406,0.007795998386912639
1244054528,Active(<30일),Q3,0.0,0.009441725026486103,-0.09805240243520286
1244069376,관심필요(30~89일),Q1_저가,0.0,-0.010197501524460362,0.04093119846714663
1244162176,Active(<30일),Q1_저가,0.0,0.00703550562459665,-0.012914939562580385
1244227136,이탈위험(90일+),Q1_저가,0.0,-0.027170234904252577,0.004974528609272916
1244360768,Active(<30일),Q2,0.0,0.06252160923889197,0.07306577525864899
1244709696,관심필요(30~89일),Q2,0.0,-0.01686650287538266,0.015311262395353756
1244711552,Active(<30일),Q1_저가,0.0,-0.010257556762883202,0.020546261153750994
1245002944,이탈위험(90일+),Q1_저가,,-0.01070377892854147,0.04951530896006734
1245006656,이탈위험(90일+),Q2,0.0,-0.007804911664624492,-0.008300159606008162
1245067904,이탈위험(90일+),Q4_고가,0.0,-0.013710655223239887,0.027056234714154435
1245411264,Active(<30일),Q3,0.0,0.011804468958272252,-0.03736380633858549
1245420544,Active(<30일),Q3,1.0,-0.01221063888379556,-0.009672406047192827
1245489216,Active(<30일),Q3,0.0,0.014985169073885252,0.00407486427976389
1245602432,Active(<30일),Q1_저가,0.0,0.010986822342680003,-0.10995961157090617
1245626560,Active(<30일),Q2,,0.039801222983358864,-0.0038549051499708886
1245732352,이탈위험(90일+),Q4_고가,,-0.014472633304083167,0.01837625114833992
1245823296,이탈위험(90일+),Q4_고가,0.0,-0.008061115093529608,0.043383894289842545
1246038592,관심필요(30~89일),Q1_저가,1.0,0.01940167921510995,0.050676800241105005
1246122112,이탈위험(90일+),Q3,1.0,-0.012488878593338387,0.008274251474252758
1246159232,Active(<30일),Q4_고가,,0.028825374909895896,0.020806102910562063
1246355968,이탈위험(90일+),Q2,0.0,-0.02021245858379675,0.0021079086939837927
1246578688,이탈위험(90일+),Q1_저가,1.0,-0.011913392219599354,0.03137402830489032
1246903488,이탈위험(90일+),Q3,0.0,-0.012157521860895214,0.029841236235696476
1246940608,관심필요(30~89일),Q2,0.0,-0.0110315945183459,0.047499320083234056
1246953600,이탈위험(90일+),Q2,0.0,-0.009270844571240139,-0.03439427242406323
1247063104,Active(<30일),Q2,0.0,0.03263909959184508,-0.002071675195315592
1247103936,Active(<30일),Q3,,0.02443266581730541,0.0693500366721557
1247142912,Active(<30일),Q2,0.0,0.02770901178941476,0.04493729852138639
1247566080,이탈위험(90일+),Q3,0.0,-0.006913618903783121,0.04916981915620444
1247642176,관심필요(30~89일),Q2,,-0.026033230855638412,-0.09702274124638871
1247731264,Active(<30일),Q2,0.0,0.024160564930728823,-0.09643973518331506
1247749824,이탈위험(90일+),Q1_저가,0.0,-0.009275567799924701,0.040107136451828784
1247766528,Active(<30일),Q2,,0.038197156234807905,-0.003903517081432273
1247781376,이탈위험(90일+),Q2,,-0.012364729960946168,0.024054107442985
1247946560,Active(<30일),Q3,0.0,0.032425178816800904,-0.012028072108767857
1247948416,이탈위험(90일+),Q1_저가,,-0.024159022443328154,-0.016884272675757844
1248041216,Active(<30일),Q2,0.0,0.03073290826772268,0.018544528425158524
1248176704,이탈위험(90일+),Q1_저가,0.0,-0.011486851162585944,0.047278809667435015
1248250944,관심필요(30~89일),Q3,0.0,-0.0028704760448223787,0.06828490136784654
1248395712,Active(<30일),Q3,0.0,-0.016032240701964795,-0.025846040931317094
1248469952,Active(<30일),Q3,1.0,-0.007202230755382566,-0.010359733433204454
1248494080,이탈위험(90일+),Q4_고가,0.0,-0.01571490991863042,0.034958455665081406
1248505216,이탈위험(90일+),Q2,0.0,-0.012703676918551517,0.017289112047580657
1248557184,이탈위험(90일+),Q2,0.0,-0.004182430386553283,0.04082121096348855
1248657408,이탈위험(90일+),Q2,,-0.017840525406195185,0.014196692022683019
1248783616,관심필요(30~89일),Q2,0.0,-0.02164313102686627,-0.10828765313488514
1248887552,관심필요(30~89일),Q2,0.0,0.006884221231327037,0.07446601508764361
1248963648,이탈위험(90일+),Q1_저가,0.0,-0.03061692927371068,-0.01781918733218188
1249188224,이탈위험(90일+),Q1_저가,0.0,-0.0013066810050451488,0.04930474639405458
1249190080,이탈위험(90일+),Q4_고가,0.0,-0.008573024817240982,0.03513488317709133
1249264320,Active(<30일),Q3,0.0,0.030795055435654195,0.03386245059087267
1249310720,Active(<30일),Q2,0.0,0.01287483496940589,0.07196639587518183
1249423936,관심필요(30~89일),Q4_고가,1.0,-0.002179249477611611,0.04963961875473599
1249795136,관심필요(30~89일),Q3,0.0,0.008912676040489342,-0.04016852724842451
1249860096,Active(<30일),Q2,0.0,0.0006970574617360947,0.06294886898166877
1250095808,이탈위험(90일+),Q4_고가,0.0,-0.017010286793792094,0.07270156703984745
1250268416,이탈위험(90일+),Q1_저가,0.0,-0.010836008759055535,0.027961921118303507
1250424320,이탈위험(90일+),Q2,,-0.013081552827877076,0.029303012425471023
1250457728,Active(<30일),Q3,0.0,0.01442260888882374,0.02540217070181927
1250520832,이탈위험(90일+),Q1_저가,0.0,-0.013033926274254024,0.00680493579000549
1250550528,Active(<30일),Q2,,0.009711379997112135,0.0006517820095465199
1250678592,Active(<30일),Q4_고가,0.0,0.03133421403692693,-0.01513782859255608
1250821504,Active(<30일),Q4_고가,0.0,0.012424955003870308,-0.005856126494040437
1250899456,이탈위험(90일+),Q2,,-0.014116076730287835,-0.0173446818441019
1251055360,이탈위험(90일+),Q3,,-0.01664615076384285,0.10046309728822378
1251205696,Active(<30일),Q3,0.0,0.0218026639497354,0.023723937439800835
1251406144,이탈위험(90일+),Q1_저가,0.0,-0.00913093752233541,0.04627319158629953
1251413568,이탈위험(90일+),Q2,1.0,-0.012261816013103138,0.03245152455527173
1251693824,Active(<30일),Q2,1.0,0.03843595289523871,0.05323581714318504
1251756928,Active(<30일),Q1_저가,0.0,-0.007239966967102968,0.010765232377818373
1251872000,Active(<30일),Q1_저가,0.0,-0.011751694898508247,-0.08285871115895022
1251881280,이탈위험(90일+),Q4_고가,1.0,-0.01488645101217595,0.0210883382626246
1251979648,이탈위험(90일+),Q2,1.0,-0.01267260052120367,0.024665064509685822
1253111808,Active(<30일),Q2,1.0,0.030841881524625303,0.015697469377969897
1253195328,이탈위험(90일+),Q1_저가,0.0,-0.010324831557367138,0.043667785648148584
1253364224,이탈위험(90일+),Q1_저가,0.0,-0.010778410109576385,0.040271622568011506
1253423616,이탈위험(90일+),Q4_고가,1.0,-0.0069293204183825605,0.03194046701074027
1253609216,Active(<30일),Q3,0.0,0.051517516451449585,0.05775841099543286
1253854208,이탈위험(90일+),Q1_저가,0.0,-0.012000827013142097,0.03824859009758426
1254049088,관심필요(30~89일),Q2,1.0,0.014300636061129635,-0.01905301048720559
1254282944,Active(<30일),Q1_저가,0.0,-0.012700458725967367,-0.021287610076428154
1254702400,이탈위험(90일+),Q2,0.0,-0.018631315627290382,-0.0019935425566876552
1255094016,관심필요(30~89일),Q1_저가,0.0,0.033012168959544994,0.051705727174390106
1255277760,Active(<30일),Q1_저가,0.0,0.00832283921059146,-0.03543865019892978
1255455936,Active(<30일),Q1_저가,0.0,0.07168096144899783,0.013079077166167852
1255470784,이탈위험(90일+),Q2,0.0,-0.012423256902727282,0.02067699612506073
1255474496,이탈위험(90일+),Q3,1.0,-0.04397582607054362,-0.025682314912964355
1255745472,Active(<30일),Q3,0.0,0.016939543805216284,-0.12962315406577074
1255801152,관심필요(30~89일),Q4_고가,1.0,0.009169636125236136,0.11310690202898382
1256662336,이탈위험(90일+),Q1_저가,0.0,0.019146852207634957,0.0492322230781526
1256808960,Active(<30일),Q4_고가,0.0,0.01705471765496913,0.007734209022416616
1256981568,Active(<30일),Q3,0.0,0.030700052686132073,0.04224469457269853
1256983424,Active(<30일),Q1_저가,0.0,-0.004695870563576801,0.011151559907891823
1257315648,이탈위험(90일+),Q4_고가,0.0,-0.011509719302734353,0.04554391883927539
1257427008,이탈위험(90일+),Q3,0.0,-0.03450342201986015,0.008496382006981551
1257486400,관심필요(30~89일),Q1_저가,0.0,-0.0063962474981620054,0.055945931000816476
1257527232,관심필요(30~89일),Q3,0.0,0.0061426990763792655,-0.03130359621332479
1257723968,Active(<30일),Q2,,0.027771804932639643,-0.06116290048253459
1257813056,관심필요(30~89일),Q2,,-0.026881977872967644,-0.00771116945224648
1257850176,관심필요(30~89일),Q4_고가,0.0,-0.0036694860617312725,0.016996761027412127
1257948544,관심필요(30~89일),Q1_저가,0.0,0.0027353727471451927,0.0009487822817155767
1258288192,관심필요(30~89일),Q1_저가,,3.891166544556235e-05,-0.022628103332205163
1258507200,Active(<30일),Q3,0.0,0.02519479010811121,0.013119533355454127
1258512768,Active(<30일),Q3,0.0,0.0254522495521049,0.02922167203381798
1258523904,Active(<30일),Q3,,0.02949744652371078,-0.06479465434107595
1258583296,이탈위험(90일+),Q3,0.0,-0.00414555228976754,0.048793639307459
1258676096,이탈위험(90일+),Q3,0.0,-0.010254605952818158,0.05254081710303207
1258828288,이탈위험(90일+),Q1_저가,1.0,-0.01155711637365104,0.02780848639555019
1258958208,이탈위험(90일+),Q1_저가,0.0,-0.003983764281186353,0.032209177055637694
1259004608,이탈위험(90일+),Q4_고가,0.0,-0.008813911491732537,0.013632509181217736
1259008320,Active(<30일),Q3,,0.017100941037334616,-0.03163655843144786
1259325696,관심필요(30~89일),Q2,0.0,0.06182861512927723,-0.05880959784948542
1259470464,Active(<30일),Q2,0.0,0.07592611901606972,0.006694912611900805
1259526144,Active(<30일),Q4_고가,1.0,0.021362074271514264,0.018131475967467003
1259576256,관심필요(30~89일),Q1_저가,,-0.007531487472865417,0.028262636977645583
1259672768,Active(<30일),Q1_저가,0.0,0.02839643596225172,-0.02513529796519165
1259849088,관심필요(30~89일),Q2,0.0,0.01458615170609695,-0.05961592537927635
1259964160,Active(<30일),Q2,0.0,0.02357122683302637,0.05024252897643455
1260010560,Active(<30일),Q1_저가,,0.020608770643550184,0.04795741613271998
1260166464,Active(<30일),Q2,0.0,0.02061119652990695,0.01654922422984495
1260444864,Active(<30일),Q4_고가,0.0,-0.019284602737150713,-0.03729613630685055
1260559936,Active(<30일),Q3,0.0,0.03450144723615867,0.05449188115875814
1261202112,관심필요(30~89일),Q4_고가,0.0,-0.023027276716742928,-0.006640428271552146
1261211392,Active(<30일),Q1_저가,0.0,0.003106356146549305,-0.054616240743341815
1261322752,Active(<30일),Q3,0.0,0.014674681145895596,0.022732761526660206
1261487936,이탈위험(90일+),Q2,1.0,0.019857242850840534,0.03223752389110829
1261541760,Active(<30일),Q3,0.0,0.014097376286218988,0.007344807422334565
1261619712,Active(<30일),Q1_저가,,0.028092036224264205,0.056425623679583065
1261666112,Active(<30일),Q3,1.0,0.030240305552087343,0.020593921845045826
1262167232,Active(<30일),Q1_저가,,0.02912818473611456,-0.04010133250571846
1262185792,관심필요(30~89일),Q1_저가,0.0,0.016177985742453826,0.038104630072158696
1262235904,관심필요(30~89일),Q2,0.0,-0.02428576672254229,-0.015041535383019639
1262375104,Active(<30일),Q1_저가,0.0,-0.007067576069771764,0.060012966117008404
1262518016,Active(<30일),Q2,1.0,0.05653327957473997,0.03877111404366329
1262519872,이탈위험(90일+),Q1_저가,1.0,-0.009568494312044207,-0.017436016475434857
1262666496,관심필요(30~89일),Q3,0.0,-0.010166127473676234,0.0463686745465519
1262965312,Active(<30일),Q2,,0.03065235470421257,-0.01938439613107512
1263076672,관심필요(30~89일),Q3,0.0,-0.0007023269817417188,-0.010277154595732613
1263143488,관심필요(30~89일),Q1_저가,0.0,-0.02398248327101571,0.019258894500596868
1263160192,관심필요(30~89일),Q2,1.0,-0.019822160120940957,-0.010593875383042378
1263262272,이탈위험(90일+),Q2,,-0.013075269496969757,0.02457849152115335
1263414464,Active(<30일),Q1_저가,0.0,-0.004467283154585305,0.02309449093353294
1263477568,Active(<30일),Q2,0.0,0.08448100229421962,0.012382606809393293
1263483136,이탈위험(90일+),Q1_저가,0.0,-0.024797332042422626,-0.02557167519992465
1263691008,이탈위험(90일+),Q3,0.0,-0.013389710339010728,0.03410662731750484
1263917440,이탈위험(90일+),Q4_고가,0.0,-0.013851751805875126,0.03703804311146587
1263921152,이탈위험(90일+),Q2,0.0,-0.005812624338401906,-0.021586652426570874
1263948992,관심필요(30~89일),Q3,0.0,-0.010199916352635063,0.051113510371621165
1263969408,이탈위험(90일+),Q3,0.0,-0.019938744493158037,0.02189481921020163
1264054784,이탈위험(90일+),Q1_저가,0.0,-0.0350596574757977,0.017490168472902717
1264227392,관심필요(30~89일),Q3,0.0,0.010233446055107565,0.1374306707447066
1264244096,Active(<30일),Q4_고가,0.0,0.029167710014296744,0.05312747464455181
1264977216,관심필요(30~89일),Q2,0.0,-0.03653939451630789,-0.12255401944914912
1265094144,Active(<30일),Q2,0.0,0.02424794952955378,0.041502134269980395
1265142400,이탈위험(90일+),Q4_고가,,-0.013518690605981633,0.025912512414508995
1265168384,Active(<30일),Q2,0.0,0.02326439576570724,0.03600380509103643
1265255616,Active(<30일),Q3,0.0,0.015046834991401081,0.0769951926405491
1265340992,관심필요(30~89일),Q3,,-0.00221192155076666,0.14315520043882812
1265736320,Active(<30일),Q1_저가,0.0,-0.0057737808053164585,0.04807052954589085
1265771584,관심필요(30~89일),Q2,0.0,0.0047585916972641695,-0.010181229116492274
1266131648,관심필요(30~89일),Q2,0.0,-0.024185675559681263,-0.062390575562857764
1266165056,이탈위험(90일+),Q1_저가,0.0,-0.01208186922513628,0.0396807174927818
1266371072,이탈위험(90일+),Q1_저가,0.0,0.005289810682219009,0.06991714045952274
1266423040,관심필요(30~89일),Q3,0.0,-0.031061885732568184,-0.09616119264042255
1266426752,이탈위험(90일+),Q4_고가,0.0,-0.015019133473095914,0.09409818196773528
1266924160,관심필요(30~89일),Q4_고가,,0.0026249640011308806,0.0018577279683020254
1266974272,이탈위험(90일+),Q4_고가,0.0,-0.01659431582738094,-0.005424629732947606
1267028096,관심필요(30~89일),Q1_저가,0.0,-0.0071807629956437274,0.04934232763867294
1267239680,이탈위험(90일+),Q3,0.0,-0.038567642429233606,0.018904307172605245
1267313920,Active(<30일),Q2,,0.04027968558232509,0.05320221180188145
1267334336,Active(<30일),Q4_고가,0.0,-0.0030548811909406476,0.025599193254831287
1267516224,이탈위험(90일+),Q1_저가,0.0,-0.011328813318524485,0.04730958159753296
1267616448,이탈위험(90일+),Q3,0.0,-0.004874002999366786,0.027124818248608476
1267714816,Active(<30일),Q3,,0.02467416059873473,0.026155828144243998
1267759360,Active(<30일),Q3,0.0,0.05396492629235283,0.06114155178923508
1267761216,관심필요(30~89일),Q3,0.0,0.009438067296844543,-0.0025374939566028543
1268011776,이탈위험(90일+),Q1_저가,0.0,-0.009889517460214714,0.04645868150847822
1268421952,Active(<30일),Q2,0.0,0.020000866898479908,0.013993668420985594
1268627968,이탈위험(90일+),Q2,0.0,0.016615075266238233,0.04908500844064195
1268707776,이탈위험(90일+),Q1_저가,0.0,-0.018980661619783207,0.0266910955665913
1268787584,Active(<30일),Q1_저가,0.0,0.02147570934600218,0.02343695138664892
1268928640,이탈위험(90일+),Q2,,-0.005253296954084885,0.02865619782823353
1269427904,Active(<30일),Q4_고가,0.0,0.005620264725493818,0.032561673917037404
1269823232,이탈위험(90일+),Q1_저가,0.0,-0.01655636764643481,0.015174741830297253
1269919744,Active(<30일),Q4_고가,0.0,0.04875947258164948,0.01840899794956785
1270023680,Active(<30일),Q2,0.0,-0.0010187662215014326,0.019388243102162195
1270051520,Active(<30일),Q4_고가,0.0,0.02245446475338375,0.002157404671582319
1270541504,Active(<30일),Q2,,0.03679049198189688,0.09392192884087791
1270719680,Active(<30일),Q2,0.0,0.013764241646824105,0.0016812486498344326
1270866304,이탈위험(90일+),Q1_저가,0.0,-0.010820591922734768,0.020740355865582025
1270968384,이탈위험(90일+),Q1_저가,,-0.017740532845463466,0.004618122573241248
1271313600,Active(<30일),Q4_고가,0.0,0.044796546715325736,0.13504265224470158
1271515904,Active(<30일),Q1_저가,,0.04513832650611671,0.024956652206098162
1271527040,Active(<30일),Q1_저가,1.0,0.037169911600111405,-0.05337360231175192
1271816576,Active(<30일),Q4_고가,0.0,0.019056757841962257,0.0016163764531827995
1272508864,Active(<30일),Q3,,0.02146677181385004,0.016324368480543083
1272532992,이탈위험(90일+),Q2,0.0,-0.012153002220067474,0.004099732000601861
1272536704,이탈위험(90일+),Q2,,-0.012487151663073806,0.030113690742146086
1272672192,Active(<30일),Q1_저가,1.0,0.054382221969301314,-0.04165687783213312
1272987712,관심필요(30~89일),Q3,1.0,-0.024161355449344113,-0.01829054583691936
1273115776,Active(<30일),Q4_고가,0.0,-6.510589677119483e-05,0.01792633252875578
1273305088,관심필요(30~89일),Q1_저가,1.0,-0.020594217040903973,0.02210285292908698
1273344064,이탈위험(90일+),Q2,,-0.011791667203530913,0.025916718816603082
1273462848,이탈위험(90일+),Q4_고가,0.0,-0.01599918384383662,0.02590401548711148
1273509248,이탈위험(90일+),Q1_저가,0.0,-0.00059124295954599,0.040073275108781364
1273765376,Active(<30일),Q2,0.0,0.03744623269840597,0.026587906725893617
1273850752,관심필요(30~89일),Q4_고가,1.0,-0.003795569031831786,-0.00838324128599996
1274385280,Active(<30일),Q3,0.0,-0.006019347269722641,0.01416395775570542
1274544896,Active(<30일),Q2,,0.0353528784098982,0.003092549518014187
1274589440,Active(<30일),Q1_저가,0.0,0.1367867554132286,0.20005245360285007
1274721216,Active(<30일),Q3,0.0,0.02879879865867191,-0.04200331847147781
1274741632,Active(<30일),Q1_저가,,-0.008668615534510121,-0.011644006641656046
1274799168,Active(<30일),Q1_저가,0.0,0.02677888537347317,-0.044797367508908226
1274895680,관심필요(30~89일),Q3,0.0,0.07873649763090915,0.017878841587735755
1274910528,이탈위험(90일+),Q1_저가,,-0.006176916666131238,-0.0459127825350466
1274919808,관심필요(30~89일),Q4_고가,0.0,-0.0035113090164299587,-0.009755346499363687
1274964352,관심필요(30~89일),Q3,0.0,-0.02142806780502593,0.01322945298670522
1275213056,Active(<30일),Q2,1.0,0.020976664307237547,0.014745239496314122
1275305856,Active(<30일),Q4_고가,,0.022529409196759054,0.08136460705220283
1275782848,이탈위험(90일+),Q2,0.0,-0.012685602025553099,0.03438269286746643
1275784704,이탈위험(90일+),Q3,0.0,-0.0204810530117618,0.025411985013054417
1275842240,Active(<30일),Q1_저가,1.0,0.007125362611934416,-0.11385243847796944
1275968448,관심필요(30~89일),Q1_저가,,0.000908371013769671,0.030996037533969026
1276207872,이탈위험(90일+),Q1_저가,0.0,-0.02138640276883555,-0.007392858079424927
1276330368,Active(<30일),Q1_저가,0.0,0.023409400092909483,0.025242002655835205
1276532672,이탈위험(90일+),Q3,0.0,-0.013266429098318301,0.04511461928843364
1276890880,관심필요(30~89일),Q3,0.0,0.010712855180435688,-0.0554677998354709
1276924288,Active(<30일),Q4_고가,0.0,0.02135764077877622,0.04739307216502664
1277039360,Active(<30일),Q3,1.0,0.02533659319852219,0.032721918009216144
1277111744,이탈위험(90일+),Q3,,-0.012782110304863446,0.028783969061351326
1277163712,관심필요(30~89일),Q2,0.0,0.010017509346712972,0.12526792455601848
1277171136,이탈위험(90일+),Q1_저가,1.0,-0.009444364301931588,0.02650455248338561
1277256512,Active(<30일),Q3,1.0,0.0050032285739069204,-0.012862148510265348
1277297344,이탈위험(90일+),Q1_저가,0.0,-0.010807257901018275,0.0344453049262393
1277354880,Active(<30일),Q3,0.0,0.045831978312590116,-0.0014060498329337978
1277568320,관심필요(30~89일),Q3,1.0,0.05992788449906791,0.04310937899218664
1277674112,Active(<30일),Q2,1.0,0.022983791174991386,0.007240691782352315
1277980352,Active(<30일),Q3,0.0,-0.02187170186803561,0.004667285931495624
1278379392,관심필요(30~89일),Q1_저가,1.0,-0.019466643247430915,-0.015176103679161251
1278388672,Active(<30일),Q2,0.0,-0.0024386370882805153,-0.10323395139598451
1278418368,Active(<30일),Q3,,0.05912895860937084,0.06893004283305737
1278650368,이탈위험(90일+),Q3,1.0,-0.013573106928855501,0.040464179616910886
1278785856,관심필요(30~89일),Q3,1.0,-0.011407126600411793,0.060079082115127386
1278904640,이탈위험(90일+),Q4_고가,0.0,-0.013842594994332769,0.016133263882191745
1278913920,Active(<30일),Q4_고가,0.0,0.050563448213805984,0.04162968876287687
1278936192,이탈위험(90일+),Q4_고가,0.0,-0.01460237444491351,0.0220556067054256
1279040128,Active(<30일),Q1_저가,0.0,-0.0004246410085603225,-0.07807699209877006
1279142208,관심필요(30~89일),Q4_고가,0.0,-0.007304008746387314,-0.025463829411112193
1279268416,Active(<30일),Q2,0.0,0.008656830689727946,0.07739411008038971
1279311104,Active(<30일),Q1_저가,0.0,-0.009954680516614522,-0.024412542629261236
1279576512,관심필요(30~89일),Q4_고가,0.0,-0.008210321728220171,0.12971153949140785
1279641472,Active(<30일),Q2,1.0,0.020952058366024096,0.008173659525233634
1279695296,이탈위험(90일+),Q4_고가,0.0,-0.020975347153435492,0.010898148765837765
1279728704,이탈위험(90일+),Q3,0.0,-0.040119643702333285,-0.01607414718836886
1280201984,관심필요(30~89일),Q4_고가,,-0.013372723128723826,0.01476705811002578
1280233536,Active(<30일),Q2,1.0,0.02985816919636286,-0.019457180038708555
1280359744,Active(<30일),Q3,0.0,0.11685986910070767,0.12464044142030917
1280415424,Active(<30일),Q2,0.0,0.04310765222404722,0.04846795559716477
1280671552,이탈위험(90일+),Q4_고가,0.0,-0.011695262193022249,0.010843062968411171
1280931392,Active(<30일),Q3,1.0,0.022812528279496314,0.0034863529282158634
1280996352,이탈위험(90일+),Q4_고가,0.0,-0.010535310109103468,0.03489309274043001
1281180096,Active(<30일),Q1_저가,,0.0013530897472033843,-0.029630056534682703
1281460352,관심필요(30~89일),Q1_저가,0.0,0.005421263168625512,-0.0001285397185849524
1281486336,Active(<30일),Q2,1.0,0.013289928002727214,-0.012238351505584166
1281634816,이탈위험(90일+),Q2,,-0.011451529036868142,0.02721627572004888
1281712768,관심필요(30~89일),Q2,1.0,-0.010363107422661819,0.05096540815593874
1281931776,Active(<30일),Q1_저가,0.0,0.02381855594553589,0.028604198515444434
1281983744,Active(<30일),Q2,0.0,-0.010509450380891877,-0.015845329622803994
1282067264,Active(<30일),Q3,0.0,0.02879253305117324,0.08067117219467734
1282074688,Active(<30일),Q1_저가,,0.05543082245744918,0.0007188501023259741
1282141504,Active(<30일),Q4_고가,1.0,0.027380253081036865,0.01613806196192591
1282308544,관심필요(30~89일),Q1_저가,0.0,0.07239143824643635,0.021638623397893214
1282477440,Active(<30일),Q3,0.0,-0.009727283715586094,0.0313136046669954
1282494144,이탈위험(90일+),Q1_저가,,-0.00973896506188559,0.010140788782090918
1282575808,이탈위험(90일+),Q1_저가,0.0,-0.025978225901135743,0.0020658592695069478
1282748416,관심필요(30~89일),Q1_저가,,-0.02058851554278668,-0.06295930744890821
1282880192,관심필요(30~89일),Q4_고가,0.0,-0.024081045495281367,0.016746108559067385
1283039808,Active(<30일),Q3,0.0,0.03839522610294599,0.03255713762247259
1283084352,이탈위험(90일+),Q3,,-0.009712913923231148,0.013410193767735584
1283121472,Active(<30일),Q4_고가,0.0,0.016389914074627976,-0.0038471006155554877
1283151168,Active(<30일),Q3,0.0,0.021679797834634917,-0.0018544888721325758
1283208704,이탈위험(90일+),Q2,1.0,-0.02853921946249255,-0.04401846088870645
1283214272,이탈위험(90일+),Q2,1.0,-0.012165083959120977,0.03527559768000359
1283336768,Active(<30일),Q4_고가,,0.008477483184664347,-0.035685420604542384
1283416576,Active(<30일),Q1_저가,,0.09905120749912744,-0.05378045918109109
1283591040,Active(<30일),Q3,,0.026493029076439578,0.03159032523674188
1283592896,관심필요(30~89일),Q3,0.0,-0.008963500531956617,0.05103522284093544
1283733952,이탈위험(90일+),Q3,0.0,-0.01337040435315908,0.030378718582585083
1283945536,관심필요(30~89일),Q4_고가,0.0,-0.0035441550608461547,0.00995433497504905
1283954816,Active(<30일),Q2,0.0,0.056107188768983796,-0.011214068324623905
1283980800,Active(<30일),Q1_저가,0.0,0.0333240970230545,0.018846427969401724
1283997504,Active(<30일),Q3,0.0,0.02436629354307518,0.020598417270513925
1284016064,관심필요(30~89일),Q3,0.0,-0.0279931899189248,-0.036195814447371744
1284160832,관심필요(30~89일),Q3,0.0,0.004438114385136194,0.04899643993454181
1284298176,관심필요(30~89일),Q2,1.0,-0.017605173583009365,-0.006299558955430523
1284314880,이탈위험(90일+),Q3,0.0,-0.01893957674594751,-0.00393581512771618
1284376128,Active(<30일),Q3,1.0,0.01614219224427904,-0.029299984009103497
1284457792,Active(<30일),Q3,1.0,0.03772130653580241,0.022420683719180823
1284571008,이탈위험(90일+),Q1_저가,0.0,-0.010946527598432551,0.046505902348286214
1284589568,이탈위험(90일+),Q4_고가,0.0,0.02949764181458525,0.0023017506205079974
1284591424,Active(<30일),Q3,0.0,0.017971329199990893,-0.021835890170364802
1284619264,관심필요(30~89일),Q3,1.0,0.008851979992255565,-0.029065933914193598
1284699072,Active(<30일),Q1_저가,0.0,0.014219986897662462,-0.019138849236762345
1284743616,Active(<30일),Q2,0.0,-0.014382898397018534,-0.0419635954906567
1284793728,이탈위험(90일+),Q3,1.0,-0.018660412969480122,0.07473805893842833
1284847552,Active(<30일),Q2,0.0,0.059255441679503806,0.013069576070192768
1285183488,이탈위험(90일+),Q4_고가,0.0,-0.007984436232624056,0.022037268178864422
1285215040,Active(<30일),Q4_고가,0.0,0.018366226926127438,-0.0095014466001202
1285281856,Active(<30일),Q3,1.0,0.02398912164096556,-0.027420665588793303
1285545408,Active(<30일),Q4_고가,0.0,0.0644694022704938,0.03074399505054548
1285708736,Active(<30일),Q2,,0.015607022049631492,0.0032733905145124753
1286276672,관심필요(30~89일),Q4_고가,0.0,0.003333171426611381,0.1684951126420115
1286324928,관심필요(30~89일),Q3,0.0,0.010203184332723492,-0.07516126350059865
1286373184,관심필요(30~89일),Q3,1.0,0.0012614211851428303,-0.036212333425249654
1286484544,관심필요(30~89일),Q2,0.0,-0.0029482706070408926,0.04495456154551687
1286488256,이탈위험(90일+),Q1_저가,0.0,-0.011030166322219835,0.03208378867723523
1286530944,관심필요(30~89일),Q3,1.0,-0.01062360320315181,0.0593624847675748
1286779648,이탈위험(90일+),Q2,0.0,-0.012223660868241282,0.02979016661659678
1286798208,관심필요(30~89일),Q2,0.0,-0.018278763656324748,-0.07367787422990807
1286954112,이탈위험(90일+),Q4_고가,0.0,-0.01400801160297608,0.02576746994901255
1286957824,이탈위험(90일+),Q4_고가,,0.009066111569456803,0.045397838193147785
1287113728,Active(<30일),Q2,1.0,0.012770907695062617,-0.0015968845026279044
1287258496,관심필요(30~89일),Q1_저가,0.0,-0.009250747284177088,0.04707575733511733
1287280768,Active(<30일),Q2,0.0,-0.012486806460002109,-0.039534891370412606
1287462656,Active(<30일),Q4_고가,0.0,0.022209861322781466,0.06289986588668872
1287668672,이탈위험(90일+),Q1_저가,0.0,-0.011613977841448624,0.046363412398082934
1287826432,Active(<30일),Q1_저가,1.0,0.04732746856368675,-0.05488595791226242
1287861696,Active(<30일),Q3,1.0,-0.014040685671598774,0.008877104129088875
1288251456,관심필요(30~89일),Q1_저가,1.0,0.11224263786577648,0.013488870078836701
1288255168,이탈위험(90일+),Q2,0.0,-0.027952032247187036,-0.02394183360078561
1288303424,관심필요(30~89일),Q3,0.0,0.006427688474108018,-0.03185028110820437
1288327552,이탈위험(90일+),Q1_저가,0.0,-0.011492215308463866,0.04632925887638077
1288398080,Active(<30일),Q2,0.0,0.026039531603550548,0.02648695332856299
1289387328,Active(<30일),Q4_고가,0.0,0.04957075053620419,0.024507883126693164
1289430016,이탈위험(90일+),Q1_저가,,-0.01702536200688809,0.001079097457098846
1289439296,Active(<30일),Q3,0.0,0.013965967967607518,0.006123080698723249
1289650880,Active(<30일),Q2,0.0,0.04583119951923259,0.03435466742025839
1290118592,이탈위험(90일+),Q2,1.0,-0.01926237611812026,0.01821795721728872
1290267072,이탈위험(90일+),Q3,0.0,-0.006343896734044528,0.028914504342289774
1290415552,관심필요(30~89일),Q1_저가,0.0,0.0070187406481356795,0.03261406222281729
1290508352,관심필요(30~89일),Q3,0.0,0.01096550386794215,0.05259630084230821
1290675392,Active(<30일),Q3,,0.012603930447038336,0.0014893827206466925
1290712512,Active(<30일),Q1_저가,0.0,0.0234059884119113,0.026696316624144845
1290857280,이탈위험(90일+),Q3,0.0,0.008696935728105225,0.06387089615516456
1290942656,Active(<30일),Q1_저가,0.0,0.018438750313335528,-0.1125206083162894
1291139392,Active(<30일),Q1_저가,1.0,0.030049798426051044,0.009745664207444937
1291183936,이탈위험(90일+),Q1_저가,0.0,0.010441785765039319,0.05434051456692001
1291226624,이탈위험(90일+),Q1_저가,0.0,0.028107850907246212,0.04487031460067585
1291466048,Active(<30일),Q4_고가,1.0,-0.008756711886265728,-0.004587571096431903
1291764864,이탈위험(90일+),Q4_고가,0.0,-0.014330079852457711,0.17701167801583373
1291959744,이탈위험(90일+),Q1_저가,0.0,-0.008205999624654896,0.03300516368729091
1292145344,Active(<30일),Q2,0.0,0.04261432226429729,0.09571222188178408
1292843200,이탈위험(90일+),Q2,0.0,-0.012540077837558318,0.019067202463121685
1292921152,Active(<30일),Q4_고가,0.0,0.001386902922265787,0.09337288982926445
1292952704,Active(<30일),Q1_저가,1.0,0.03869834257330329,-0.054295341056201374
1293407424,Active(<30일),Q4_고가,0.0,0.018539051925552386,0.04756534639965149
1293418560,Active(<30일),Q2,0.0,0.032068144570828516,-0.004302771909659775
1293695104,Active(<30일),Q4_고가,1.0,0.027978474934220232,0.028579833409207223
1293774912,Active(<30일),Q2,0.0,0.04410564950001794,-0.046264533716612544
1293787904,이탈위험(90일+),Q2,0.0,-0.0081310074199486,-0.004725307652027999
1293891840,이탈위험(90일+),Q3,0.0,-0.00332646245478653,0.030722592759161935
1294396672,이탈위험(90일+),Q3,0.0,-0.019225548980964388,-0.0035615620214641402
1294444928,Active(<30일),Q3,0.0,0.011404644409460207,0.05464317394841489
1294572992,관심필요(30~89일),Q3,,-0.0223750863099747,0.03324066353307667
1294712192,Active(<30일),Q2,,0.019834576998992604,0.01458191958002486
1294797568,이탈위험(90일+),Q3,0.0,-0.019595257290916296,0.02634790746515081
1294849536,Active(<30일),Q3,,0.014246251848530012,-0.045717934904170754
1294981312,이탈위험(90일+),Q2,,-0.011812867239648632,0.0219647336365401
1295074112,Active(<30일),Q2,0.0,0.02550439260094678,-0.037076576029877434
1295274560,이탈위험(90일+),Q3,,-0.021386002083573066,-0.0076745213143469965
1295584512,이탈위험(90일+),Q1_저가,0.0,-0.010382676844694141,0.03304643452699265
1295643904,Active(<30일),Q3,0.0,0.02424324345336526,0.03158136332127348
1295738560,Active(<30일),Q3,0.0,0.007394587614128034,-0.03354132515846164
1296106048,Active(<30일),Q2,0.0,-0.008994430732014225,-0.025582700682461212
1296115328,Active(<30일),Q3,1.0,0.011603371811884866,-0.07805011182214505
1296284224,관심필요(30~89일),Q2,1.0,-0.02157671641233727,-0.0535682723768498
1296286080,Active(<30일),Q3,,0.01569804919197082,0.026550440533081865
1296545920,Active(<30일),Q2,,0.016973493634953374,-0.027602390730839088
1296570048,이탈위험(90일+),Q2,0.0,0.009451560864220443,0.03841394885971634
1296768640,Active(<30일),Q1_저가,1.0,0.05004097062622742,-0.021767453518171387
1296789056,이탈위험(90일+),Q1_저가,0.0,-0.010180536162373181,0.0407314262495032
1296876288,이탈위험(90일+),Q3,0.0,-0.02052297249261291,0.025274003984250393
1296887424,이탈위험(90일+),Q1_저가,1.0,-0.010447474627995598,0.016750505542232563
1296956096,Active(<30일),Q3,0.0,0.08741935809807888,0.032969080904192205
1297034048,이탈위험(90일+),Q3,0.0,-0.01560020476239729,0.0063404804089766675
1297112000,Active(<30일),Q1_저가,0.0,0.031993328292772905,0.09971609678287963
1297292032,관심필요(30~89일),Q1_저가,1.0,-0.001515332132625835,-0.017922932292368188
1297342144,Active(<30일),Q2,1.0,0.046557022197688536,0.062077716522824455
1297408960,이탈위험(90일+),Q1_저가,,-0.002837050190759388,0.0479705991445893
1297414528,이탈위험(90일+),Q4_고가,0.0,-0.010153897217613422,0.047560232053737356
1297440512,관심필요(30~89일),Q1_저가,0.0,-0.019755801878942547,-0.08357682123626042
1297850688,Active(<30일),Q4_고가,,0.08031286699524687,0.023386536284614512
1298071552,이탈위험(90일+),Q2,0.0,-0.011162831452395043,0.03786732767854137
1298246016,이탈위험(90일+),Q1_저가,0.0,-0.00943035363911527,0.031856475165683774
1298249728,Active(<30일),Q1_저가,0.0,-0.0028460015557797425,-0.034569438281841225
1298260864,Active(<30일),Q3,0.0,0.016951808254911716,0.03163950036500163
1298288704,Active(<30일),Q3,1.0,0.011397223225820152,0.020213428579093806
1298327680,Active(<30일),Q1_저가,1.0,0.13609351186443902,0.035121023907278504
1298333248,Active(<30일),Q3,0.0,0.024090538437737674,0.01791546795886101
1298353664,Active(<30일),Q4_고가,0.0,0.02815719378192627,0.046404134352441284
1298507712,관심필요(30~89일),Q1_저가,1.0,-0.01704229784539396,-0.024230064656481698
1298873344,관심필요(30~89일),Q2,0.0,-0.009694073728724162,0.060250084423970784
1298997696,Active(<30일),Q2,1.0,0.04328555819054786,-0.011789065951059718
1299380032,관심필요(30~89일),Q1_저가,1.0,0.02088982637192434,0.062014594694372996
1299417152,Active(<30일),Q1_저가,0.0,-0.007368320727033084,0.019827112701111232
1299543360,관심필요(30~89일),Q3,0.0,0.010335361468386262,-0.10300397417451213
1300495488,Active(<30일),Q2,1.0,0.019610044721608322,0.035407741907762635
1300677376,이탈위험(90일+),Q2,0.0,-0.012663655060017348,0.04130265577827745
1300894528,Active(<30일),Q3,1.0,0.11105988590218807,0.031665787523481814
1300900096,Active(<30일),Q2,0.0,0.03336362007620197,0.023121832795312436
1301007744,이탈위험(90일+),Q1_저가,1.0,-0.011042799045542465,-0.0018671667449786516
1301011456,관심필요(30~89일),Q3,0.0,-0.03561997228262748,-0.02319297567790224
1301325120,Active(<30일),Q2,0.0,0.03972609889516676,0.02792291466376673
1301345536,Active(<30일),Q3,0.0,0.015459325916488242,0.0059792907703003495
1301707456,관심필요(30~89일),Q2,,-0.00986474899688096,0.03874204466644751
1301792832,이탈위험(90일+),Q1_저가,0.0,0.009544355344297407,0.04572810312978154
1302011840,이탈위험(90일+),Q1_저가,1.0,-0.008532236063586163,0.02730209890771182
1302022976,관심필요(30~89일),Q1_저가,,0.0029219701998116077,-0.026575889847068157
1302078656,Active(<30일),Q2,1.0,0.10184796054466788,0.08038833544551477
1302097216,이탈위험(90일+),Q1_저가,0.0,-0.015849861435160456,-0.00018377024584216584
1302190016,Active(<30일),Q1_저가,0.0,0.03632642929243701,0.028888013523246048
1302201152,Active(<30일),Q4_고가,,0.0314486300074307,0.08508746947502788
1302243840,관심필요(30~89일),Q4_고가,0.0,0.07844689963359713,0.015639042496929823
1302490688,Active(<30일),Q2,1.0,0.02713525577764886,0.07950117049476191
1302772800,관심필요(30~89일),Q4_고가,0.0,-0.006186351927485373,0.05619309485116142
1302897152,Active(<30일),Q3,1.0,0.013234963035311215,0.054159114868337355
1303587584,Active(<30일),Q1_저가,0.0,0.023872980075486994,0.03445600754264744
1303995904,Active(<30일),Q4_고가,,0.02819894749626295,0.14749523174067247
1304274304,Active(<30일),Q2,,-0.011884972653368714,-0.01684375258687576
1304626944,이탈위험(90일+),Q4_고가,0.0,-0.011420796335636918,0.020248487504123724
1304645504,관심필요(30~89일),Q3,1.0,0.005331303359746686,-0.10709397937707615
1304673344,이탈위험(90일+),Q4_고가,1.0,-0.01371256352320454,0.029625914341763773
1304734592,관심필요(30~89일),Q1_저가,1.0,-0.023495161848174684,-0.044572604782716324
1304786560,관심필요(30~89일),Q1_저가,0.0,-0.01427472596243029,0.012765218091245367
1304886784,Active(<30일),Q1_저가,1.0,0.018236406323229537,-0.00999359801857791
1304899776,이탈위험(90일+),Q3,0.0,-0.012859385598001948,0.027493530599047203
1305178176,Active(<30일),Q2,0.0,0.014409560401923427,-0.05852463743642344
1305417600,관심필요(30~89일),Q3,,0.005726075318733259,-0.028268150819728277
1305432448,이탈위험(90일+),Q2,,-0.024975741780397395,-0.010157540685609895
1305439872,이탈위험(90일+),Q3,0.0,-0.036971923551038816,-0.0011772316889620549
1305530816,관심필요(30~89일),Q2,1.0,-0.02611404478929852,-0.10396193065146386
1305547520,Active(<30일),Q4_고가,0.0,0.051155833894012015,0.041439959965514306
1305753536,Active(<30일),Q2,0.0,0.016355826568740794,-0.021255584836894492
1305879744,이탈위험(90일+),Q2,0.0,-0.04027403183466183,-0.05178474753716317
1306206400,관심필요(30~89일),Q3,0.0,0.00016090149230713058,0.0179779189864116
1306217536,이탈위험(90일+),Q2,0.0,-0.005663769985425449,-0.022967232409711408
1306507072,이탈위험(90일+),Q1_저가,0.0,-0.01059105437124555,0.026046588236155882
1306941376,Active(<30일),Q3,1.0,0.027727949524891243,0.0661011390894247
1307362688,Active(<30일),Q2,0.0,0.02534855669153946,-0.016098617265766113
1307513024,이탈위험(90일+),Q4_고가,,-0.011319022837482859,0.009262577228660931
1307678208,Active(<30일),Q1_저가,1.0,0.11372121208665342,0.029679600620350133
1307732032,Active(<30일),Q2,1.0,0.06147959128355163,0.02638459315778452
1307772864,Active(<30일),Q1_저가,1.0,0.002921385895144679,0.014923874366877365
1308064256,Active(<30일),Q2,1.0,0.013906640809088489,0.036463073128744
1308181184,관심필요(30~89일),Q1_저가,1.0,-0.007188632166366241,0.030305168288323858
1308340800,이탈위험(90일+),Q4_고가,1.0,0.008260200037535415,0.03827223255342588
1308606208,Active(<30일),Q2,0.0,0.02934452524726927,0.015463250073339263
1308656320,Active(<30일),Q2,0.0,0.03345723516726207,-0.06834973281652046
1308671168,이탈위험(90일+),Q4_고가,0.0,-0.0150128933808691,0.013783766700973726
1308801088,Active(<30일),Q2,0.0,-0.007797288783907952,-0.04645513827441217
1308919872,Active(<30일),Q3,1.0,0.023362092200070905,0.02299487998960803
1308979264,Active(<30일),Q4_고가,1.0,0.00932441442920895,-0.049214706900822414
1309667840,이탈위험(90일+),Q4_고가,,-0.013837084415323699,0.025979035126270922
1309962944,Active(<30일),Q4_고가,1.0,0.014810006926363806,0.05851990719967792
1310454784,Active(<30일),Q4_고가,0.0,0.019499037461912838,0.13869699589871265
1310480768,관심필요(30~89일),Q2,0.0,0.01336365398811934,-0.042340377064777446
1310512320,이탈위험(90일+),Q1_저가,0.0,-0.011305144556076958,0.04018530746855151
1310517888,Active(<30일),Q1_저가,0.0,-0.011275427436290925,0.005096939776686377
1310636672,관심필요(30~89일),Q4_고가,0.0,-0.011632001761337593,0.05804703247822926
1310733184,Active(<30일),Q2,0.0,0.08205648738113369,-0.00016554862879913923
1310755456,관심필요(30~89일),Q1_저가,1.0,-0.016240855045990432,0.027868928023353362
1310757312,이탈위험(90일+),Q3,0.0,-0.019651421151214876,0.019963250424655132
1310764736,Active(<30일),Q2,0.0,0.019838207085189574,-0.08625968803180584
1310920640,Active(<30일),Q4_고가,0.0,-0.012989151788100561,0.09554537599917878
1311243584,이탈위험(90일+),Q4_고가,,-0.013865623531601916,0.03255121770014456
1311251008,Active(<30일),Q1_저가,,0.019095616449210456,-0.00836676902586908
1311477440,Active(<30일),Q2,0.0,0.014999147460464157,-0.030363024817505413
1311531264,Active(<30일),Q3,0.0,0.05404394967712878,0.008624263341165617
1311624064,이탈위험(90일+),Q4_고가,0.0,-0.006382812431086397,0.03599466660740275
1311831936,관심필요(30~89일),Q2,0.0,0.015432684742586411,-0.11638509613549786
1311896896,Active(<30일),Q3,1.0,0.021988246668362854,-0.05540684510253058
1311980416,Active(<30일),Q3,0.0,0.02747909472515031,0.04233177870267346
1312114048,이탈위험(90일+),Q2,0.0,-0.012029935465039047,0.033503206874158004
1312128896,이탈위험(90일+),Q4_고가,0.0,-0.01644899779528672,0.025459538810111385
1312681984,Active(<30일),Q2,0.0,0.05674348128540707,0.03783700864157746
1312739520,Active(<30일),Q1_저가,0.0,0.029855142617671804,0.0459791072666767
1312810048,관심필요(30~89일),Q4_고가,0.0,0.0028548232380113947,-0.020072736025096516
1312975232,Active(<30일),Q1_저가,0.0,-0.0027936132110802925,-0.010112953042550527
1313296320,관심필요(30~89일),Q2,0.0,-0.02444317794080131,-0.17177030499781903
1313572864,Active(<30일),Q1_저가,0.0,0.034653867512406844,-0.0630831228677865
1313678656,관심필요(30~89일),Q4_고가,0.0,-0.012701751676669218,0.03473944290704596
1313901376,관심필요(30~89일),Q1_저가,0.0,-0.006314384884752236,0.03115116633905618
1313988608,이탈위험(90일+),Q3,0.0,-0.03241018994255426,-5.000839892541076e-05
1314183488,Active(<30일),Q2,0.0,0.0691782378694128,0.008571314567125565
1314239168,Active(<30일),Q3,,0.13793861763022114,0.020659821457298888
1314422912,Active(<30일),Q1_저가,,-0.008684865108091938,-0.019744962781197
1314439616,관심필요(30~89일),Q2,0.0,0.009931922717085373,-0.007016138984333065
1314450752,Active(<30일),Q3,,0.029518932725758784,0.029916848226059
1314552832,Active(<30일),Q3,0.0,0.022160473379259193,-0.041577296435037714
1314725440,이탈위험(90일+),Q1_저가,,-0.012235534743051425,0.037973111389751846
1314786688,Active(<30일),Q1_저가,0.0,0.05297513857034475,-0.0142529213102347
1314807104,관심필요(30~89일),Q1_저가,0.0,0.004699079114835247,0.05888467803275177
1314968576,이탈위험(90일+),Q4_고가,1.0,-0.014312693279743306,0.026020472928596758
1315122624,관심필요(30~89일),Q2,0.0,0.007018952852490823,-0.0014391030469949884
1315191296,Active(<30일),Q1_저가,0.0,0.04724198730678264,-0.08062920348550762
1315289664,Active(<30일),Q4_고가,0.0,0.025060972489032163,0.0011858648047277098
1315295232,이탈위험(90일+),Q1_저가,,-0.011983256898125426,0.043541729852215424
1315378752,이탈위험(90일+),Q1_저가,0.0,-0.026422550928624167,0.009809249943063453
1315512384,이탈위험(90일+),Q1_저가,1.0,-0.02152672718210688,-0.009427069143411862
1316316032,Active(<30일),Q2,0.0,-0.012480051106305817,-0.016467725831044194
1316338304,관심필요(30~89일),Q1_저가,,-0.009022823583126796,0.0497085536601682
1316592576,관심필요(30~89일),Q1_저가,1.0,-0.010938103705838809,0.013343831157625122
1316681664,이탈위험(90일+),Q1_저가,0.0,0.00956999692775417,0.06372203247513325
1316804160,Active(<30일),Q3,,0.012880847579369803,0.004788004317257566
1316906240,Active(<30일),Q4_고가,,0.01781511633251004,0.013764642902188928
1316921088,관심필요(30~89일),Q4_고가,1.0,-0.007844238003938409,0.117394376546898
1316934080,Active(<30일),Q4_고가,0.0,0.020259118785928787,0.042716160301091155
1316993472,Active(<30일),Q4_고가,0.0,0.026831172804255177,0.026375615442652767
1317049152,이탈위험(90일+),Q1_저가,0.0,-0.011151582901189679,0.03062243853970712
1317199488,이탈위험(90일+),Q1_저가,0.0,-0.012333985581475485,0.04199990011219633
1317218048,이탈위험(90일+),Q1_저가,,-0.003716556629889456,-0.003381353365505574
1317390656,Active(<30일),Q2,0.0,0.006175232628956917,-0.005732015204962748
1317451904,관심필요(30~89일),Q2,1.0,0.006687109559042448,-0.01441667095526522
1317613376,Active(<30일),Q3,1.0,0.01986546763628816,0.049228318135686955
1317650496,Active(<30일),Q2,,0.09983141113478367,0.08866839400783322
1317765568,이탈위험(90일+),Q4_고가,,-0.03877460357175394,0.03419384611792323
1318322368,이탈위험(90일+),Q4_고가,0.0,-0.012830935984761004,0.029534892972463977
1318760384,Active(<30일),Q2,,0.009344192729104861,0.012195443638540027
1318905152,관심필요(30~89일),Q3,0.0,-0.003614040311574085,0.12964198395988874
1319072192,Active(<30일),Q2,0.0,-0.014287742056567965,-0.055855532522148865
1319267072,Active(<30일),Q2,0.0,-0.0012290489970817053,-0.10126563009175343
1320735168,Active(<30일),Q1_저가,0.0,-0.005905828560887311,0.0030451773910934177
1320742592,Active(<30일),Q1_저가,0.0,0.02722753528215699,-0.011447718345024338
1320827968,Active(<30일),Q1_저가,1.0,0.11649166199778371,0.01876421734219641
1320894784,Active(<30일),Q1_저가,0.0,0.03407460049104649,0.01781419120800154
1320922624,Active(<30일),Q1_저가,1.0,0.052130823587827724,0.07471324018727421
1321195456,이탈위험(90일+),Q3,0.0,-0.012440091706655443,0.032331947328335935
1321202880,Active(<30일),Q2,0.0,0.029547346154469634,0.07502685043865498
1321234432,Active(<30일),Q2,0.0,-0.007443580868330038,0.051662504029624426
1321343936,이탈위험(90일+),Q3,0.0,-0.012874109727166391,0.027137540029371472
1321514688,이탈위험(90일+),Q4_고가,0.0,-0.013967244370307448,0.031174175376556826
1321535104,관심필요(30~89일),Q1_저가,0.0,-0.02194877680304619,0.03784648034916127
1321601920,이탈위험(90일+),Q2,0.0,-0.01263012126193476,0.01959600561831734
1321609344,관심필요(30~89일),Q4_고가,0.0,-0.02627650989401381,-0.0033482573794584303
1321668736,이탈위험(90일+),Q4_고가,0.0,-0.009437665930427136,0.005137606373214032
1321934144,이탈위험(90일+),Q1_저가,0.0,-0.012450466656693755,0.04012699399332567
1322034368,관심필요(30~89일),Q4_고가,0.0,-0.03344169921014145,0.030399556030900277
1322453824,이탈위험(90일+),Q4_고가,0.0,-0.014058625841428543,0.0009997986987037855
1322841728,이탈위험(90일+),Q4_고가,0.0,-0.02131145627549068,0.013717669543807598
1322943808,Active(<30일),Q4_고가,1.0,0.02707883477964035,0.03205004205709827
1323198080,Active(<30일),Q3,,-0.019283168269421946,-0.03352857677711174
1323272320,관심필요(30~89일),Q2,0.0,0.00507110602049074,-0.04251396672804503
1323322432,Active(<30일),Q2,0.0,0.04075551148889722,0.015102549148486744
1323476480,관심필요(30~89일),Q3,0.0,-0.01674339620587316,0.019543599065502737
1323482048,Active(<30일),Q4_고가,0.0,0.018552884418079507,0.041611466482730786
1323656512,Active(<30일),Q3,0.0,0.09757682812368329,0.06432564804524021
1323966464,이탈위험(90일+),Q3,,-0.004975034038351936,0.04115320749166784
1324126080,이탈위험(90일+),Q3,,-0.00300188154287781,0.038268889853043817
1324272704,이탈위험(90일+),Q3,,-0.012882695530034183,0.036836318054428524
1324306112,이탈위험(90일+),Q1_저가,0.0,-0.011913498906537319,0.046134690102549225
1324491712,Active(<30일),Q3,0.0,-0.011695942230461692,0.0068415329107828216
1324551104,관심필요(30~89일),Q3,,-0.022009139875386052,0.017508344843884388
1324781248,Active(<30일),Q1_저가,0.0,0.1227495835287209,0.0014556961711217342
1325081920,관심필요(30~89일),Q2,0.0,0.013986170026413114,0.07464855537682663
1325130176,Active(<30일),Q4_고가,0.0,0.0188999781094088,0.01108223773296757
1325362176,Active(<30일),Q3,0.0,0.03130892592773349,0.027965085802768463
1325672128,Active(<30일),Q3,0.0,0.021586142911458328,0.06006974259422415
1325867008,관심필요(30~89일),Q1_저가,0.0,-0.009911883463338378,0.0362182278963907
1325956096,Active(<30일),Q2,0.0,0.0215559515408994,-0.03365105061361595
1326008064,관심필요(30~89일),Q3,0.0,-0.022985349069875427,0.013400225351310524
1326195520,Active(<30일),Q2,0.0,0.04239254057151409,-0.045443135170650906
1326280896,이탈위험(90일+),Q3,0.0,-0.013459245110828771,0.053091074773067445
1326609408,Active(<30일),Q4_고가,0.0,-0.006305507196288362,-0.016138842121691643
1326620544,Active(<30일),Q2,0.0,-0.010226576742624366,0.005898955206198014
1326915648,이탈위험(90일+),Q4_고가,1.0,-0.01387147755397701,0.032285848288917465
1327054848,Active(<30일),Q4_고가,0.0,0.02108992200304427,0.011323507036596347
1327181056,Active(<30일),Q3,,0.018827240208982632,-0.015584776250959553
1327205184,관심필요(30~89일),Q4_고가,0.0,-0.019319270465856048,-0.028574555500512716
1327548544,Active(<30일),Q3,0.0,0.07066149254328818,0.04307690793381222
1327997696,이탈위험(90일+),Q4_고가,,-0.014421353001931772,0.019470838271786264
1328055232,Active(<30일),Q3,1.0,0.013255992938827288,0.025663881620940354
1328109056,이탈위험(90일+),Q1_저가,0.0,-0.011611596262426783,0.03267249377638194
1328181440,이탈위험(90일+),Q3,0.0,-0.012953275821679322,0.04032050766551083
1328363328,Active(<30일),Q3,0.0,0.013665959319266063,0.0031067958831677567
1328459840,Active(<30일),Q3,0.0,0.059541960790879256,0.012869236108831061
1328463552,Active(<30일),Q2,,0.031033746395993322,-0.005445610401640266
1328710400,이탈위험(90일+),Q1_저가,0.0,-0.02181091589763144,0.004224009292169012
1328712256,Active(<30일),Q1_저가,,-0.009877852646279689,-0.06092823473693615
1328792064,이탈위험(90일+),Q1_저가,,-0.011628512007352293,0.04097377455754766
1328793920,관심필요(30~89일),Q3,0.0,-0.014207470588421589,0.048386512380161825
1328806912,이탈위험(90일+),Q1_저가,,-0.01686207526513324,-0.006378611936424555
1329153984,이탈위험(90일+),Q4_고가,0.0,-0.012744143574030496,0.03052212927264293
1329309888,이탈위험(90일+),Q4_고가,0.0,-0.00657196375719437,0.022717053753849206
1330007744,Active(<30일),Q2,0.0,0.026980491736728174,-0.031265310843295535
1330204480,관심필요(30~89일),Q2,0.0,0.015270098440120727,-0.04228216358848136
1330300992,이탈위험(90일+),Q3,0.0,-0.02478751781213953,0.018802152974676578
1331329216,이탈위험(90일+),Q1_저가,0.0,-0.010316200695701515,0.043011791922170715
1331420160,Active(<30일),Q2,0.0,0.028718834555544692,0.025868554521786602
1331431296,Active(<30일),Q3,1.0,0.016009775031615936,-0.04307151036462187
1331796928,Active(<30일),Q3,0.0,0.03477235317133143,0.04946171181442216
1332233088,Active(<30일),Q3,0.0,0.022657143171472383,-0.013971675091092983
1332325888,Active(<30일),Q4_고가,0.0,0.019447078848795596,0.053490409863938604
1332461376,관심필요(30~89일),Q3,0.0,-0.0026612347559199084,0.01966790044907292
1332815872,Active(<30일),Q3,,0.029950747928410792,0.022508755542749004
1332923520,Active(<30일),Q1_저가,0.0,0.03987019801808733,-0.09133268791367444
1332936512,Active(<30일),Q1_저가,0.0,0.015261146914389734,0.04555319987248174
1333537856,Active(<30일),Q3,0.0,-0.011046643401520007,0.012741947167577955
1333556416,Active(<30일),Q2,1.0,0.06845378126392182,-0.011440098312839986
1333638080,이탈위험(90일+),Q4_고가,0.0,-0.013668411296202804,0.021196986499538675
1333645504,관심필요(30~89일),Q1_저가,0.0,-0.009371726515844114,0.037492446055596984
1333719744,이탈위험(90일+),Q4_고가,1.0,-0.014397148841752382,0.02677468798586778
1333795840,Active(<30일),Q3,0.0,0.024556638044452628,-0.0646071951887407
1333988864,Active(<30일),Q3,0.0,0.02462192856371226,0.07110292746384261
1334356352,Active(<30일),Q2,0.0,0.037254539816821586,-0.06381754249666682
1334443584,관심필요(30~89일),Q2,0.0,-0.00041154100383387904,0.030135263467843204
1334514112,관심필요(30~89일),Q2,0.0,-0.019066900734947462,-0.008607845633339717
1334746112,이탈위험(90일+),Q2,0.0,-0.012992604515746194,0.03267934451883809
1334820352,이탈위험(90일+),Q4_고가,0.0,0.038622921077328565,0.06344704260754186
1334848192,이탈위험(90일+),Q4_고가,0.0,-0.012904765925634443,0.00047185297071772325
1334929856,관심필요(30~89일),Q1_저가,1.0,0.01707893138238925,0.03531115192293932
1334942848,Active(<30일),Q3,1.0,-0.020432710384892472,-0.11314741010690016
1334965120,관심필요(30~89일),Q2,0.0,-0.038907024020065184,0.03457443157438256
1334996672,Active(<30일),Q2,0.0,0.019184373568709612,0.048515091452809855
1335005952,이탈위험(90일+),Q4_고가,0.0,0.022765616339549058,0.05533112150604705
1335403136,이탈위험(90일+),Q3,1.0,-0.038910050671666474,0.029259673938886538
1335501504,Active(<30일),Q3,,0.018218466740786643,-0.03603231773724358
1335533056,이탈위험(90일+),Q3,0.0,-0.020179875244488304,0.007916277543934605
1335575744,Active(<30일),Q1_저가,,0.09828103623447271,-0.12129355229071948
1335735360,Active(<30일),Q3,0.0,0.05334851406886543,0.0036332720832450427
1335759488,Active(<30일),Q3,,0.016782149159443205,-0.029090124459251965
1335820736,관심필요(30~89일),Q1_저가,0.0,-0.015896148124776854,-0.0016832133915017644
1335933952,Active(<30일),Q1_저가,,0.05248551023434955,0.005663376265333586
1335980352,관심필요(30~89일),Q4_고가,,0.0009110835418007779,-0.0011393928911569706
1335998912,관심필요(30~89일),Q2,0.0,-0.007888122807729436,0.04653539979683016
1336154816,이탈위험(90일+),Q1_저가,,0.04442278780229936,-0.05916688207421672
1336479616,이탈위험(90일+),Q1_저가,0.0,-0.030582731742763825,0.00310182539844317
1336583552,관심필요(30~89일),Q3,0.0,0.10415408100059254,0.10616527688225763
1336982592,이탈위험(90일+),Q3,,-0.013247187410055823,0.04668716597346384
1337110656,Active(<30일),Q4_고가,0.0,-0.01329595199546496,0.07160648189924346
1337223872,Active(<30일),Q1_저가,,0.02122916386411977,-0.006572190285360824
1337437312,이탈위험(90일+),Q3,,-0.012920447820299018,0.0410505325501783
1337452160,이탈위험(90일+),Q3,,-0.020424333579001044,0.016069534232251798
1337565376,Active(<30일),Q2,0.0,0.029362561322881064,-0.06020014116534522
1337944000,관심필요(30~89일),Q4_고가,0.0,0.0019426541044199885,-0.012843552826703242
1338372736,Active(<30일),Q3,,0.017129611959593727,-0.006005762703534145
1338393152,이탈위험(90일+),Q1_저가,0.0,-0.010948388367731494,0.04328059282717557
1339011200,Active(<30일),Q4_고가,0.0,0.006328734372638534,0.0645192189402361
1340041280,Active(<30일),Q1_저가,0.0,-0.004288838674796666,0.048842717711641045
1340104384,Active(<30일),Q1_저가,0.0,0.018715681977026,0.0040561314353242395
1340139648,Active(<30일),Q2,0.0,0.01197087106905026,-0.00041480239351043835
1340384640,관심필요(30~89일),Q2,0.0,0.014536495951940509,0.06002643955426479
1340447744,이탈위험(90일+),Q4_고가,0.0,-0.007342691951567802,0.01676006009955472
1341455552,Active(<30일),Q4_고가,0.0,0.024336567744425497,0.0018159105374538909
1342281472,Active(<30일),Q2,1.0,0.011217602433373886,-0.07275536778491559
1342364992,Active(<30일),Q3,0.0,0.00881621937394328,-0.04961486633962553
1342476352,Active(<30일),Q1_저가,0.0,-0.007372290887679572,0.027411979844107898
1342823424,관심필요(30~89일),Q2,,0.011767316764679792,-0.05351757954027275
1342893952,이탈위험(90일+),Q1_저가,0.0,-0.01023420284229637,0.02336352387828633
1342912512,Active(<30일),Q4_고가,1.0,0.00992517775670021,0.013818531853100224
1342921792,Active(<30일),Q3,1.0,0.010884964760666138,-0.03455262958320482
1342990464,이탈위험(90일+),Q1_저가,0.0,-0.016003045328662105,0.015222236150138985
1343267008,Active(<30일),Q2,0.0,-0.0012116053803766236,0.011205811078404238
1343359808,Active(<30일),Q4_고가,0.0,0.006486103437577606,-0.029052974983650448
1343898048,관심필요(30~89일),Q2,0.0,-0.017612632029774367,0.03532043972306714
1344035392,관심필요(30~89일),Q1_저가,1.0,-0.008437986551297988,0.00862420943693451
1344217280,이탈위험(90일+),Q3,1.0,-0.013235547467689388,0.037681820387153245
1344319360,이탈위험(90일+),Q4_고가,0.0,-0.014969323574723858,0.02125451627730754
1344350912,관심필요(30~89일),Q1_저가,1.0,-0.015488269599044313,-0.01996388398733484
1344683136,Active(<30일),Q1_저가,0.0,0.03897885044282834,-0.0053795560760268035
1344833472,관심필요(30~89일),Q4_고가,0.0,-0.019194984058648362,0.01726995549791252
1345033920,Active(<30일),Q3,0.0,0.02931989024661541,0.1168533600412065
1345045056,이탈위험(90일+),Q3,,-0.013588216191005684,0.03343052669041221
1345056192,관심필요(30~89일),Q4_고가,,-0.0030142916033396028,0.06460120262280289
1345089600,이탈위험(90일+),Q2,,-0.013133100684706807,0.02598432952569299
1345360576,Active(<30일),Q2,0.0,0.039668635404010666,0.08592601229668784
1345373568,이탈위험(90일+),Q2,0.0,-0.011859177006538227,0.027570311854928337
1345375424,관심필요(30~89일),Q1_저가,0.0,-0.0011829603620100992,0.05760568066200966
1345538752,이탈위험(90일+),Q2,,-0.01823617747779821,0.0157596836379469
1345694656,Active(<30일),Q4_고가,0.0,-0.020288690710532797,-0.06018370726171668
1345707648,이탈위험(90일+),Q3,0.0,-0.00622032329015277,0.02229451473456756
1345937792,Active(<30일),Q4_고가,,0.029446894622278563,0.05252855746153684
1345952640,이탈위험(90일+),Q4_고가,1.0,-0.014580345144039102,0.01732597216065128
1346051008,관심필요(30~89일),Q4_고가,,-0.0029850213586801733,0.06942023007505366
1346065856,관심필요(30~89일),Q2,0.0,0.015517350125484164,-0.07198324439878778
1346349824,이탈위험(90일+),Q1_저가,1.0,-0.011712237896574114,0.024858039219490896
1346368384,관심필요(30~89일),Q1_저가,0.0,-0.007660054712553613,0.05024981801018791
1346472320,Active(<30일),Q4_고가,,0.020764674886295076,0.0670164779722211
1346583680,이탈위험(90일+),Q2,0.0,-0.003307639837097587,0.1240597462557611
1346589248,이탈위험(90일+),Q1_저가,0.0,0.02569925058231859,0.024624215066141222
1346600384,이탈위험(90일+),Q1_저가,0.0,-0.01174897063218569,0.031618122903273906
1346676480,Active(<30일),Q1_저가,0.0,-0.005042343224306023,0.02847974021829519
1346819392,관심필요(30~89일),Q3,,0.11326999548583527,0.08781642504777026
1347108928,Active(<30일),Q1_저가,0.0,0.018850574768235095,-0.05172014562244803
1347398464,이탈위험(90일+),Q3,0.0,0.013968143682150075,0.06702580314872149
1347530240,이탈위험(90일+),Q4_고가,0.0,-0.01514486710470446,-0.0016136988563706794
1347621184,이탈위험(90일+),Q2,0.0,-0.012743217217525048,0.01961120681875314
1348029504,이탈위험(90일+),Q1_저가,0.0,0.001722340389219701,0.005895021383487076
1348254080,Active(<30일),Q4_고가,0.0,0.07510537211060364,0.05190189401880341
1348267072,관심필요(30~89일),Q3,0.0,0.00583730268493321,0.07326462535016542
1348603008,이탈위험(90일+),Q1_저가,0.0,-0.018517476303293243,0.03657525427001017
1348990912,Active(<30일),Q2,0.0,-0.013867218521296881,-0.02338594422256665
1349028032,이탈위험(90일+),Q3,,-0.01251092321152917,0.036914617807707384
1349046592,Active(<30일),Q1_저가,0.0,0.0009522326564675443,-0.020128447103475666
1349076288,Active(<30일),Q2,,0.021884166648660996,-0.0048052547092271025
1349172800,Active(<30일),Q4_고가,1.0,0.020837119702862283,-0.004637106835218563
1349222912,Active(<30일),Q2,,0.028178338699031524,-0.02007406735955153
1349248896,이탈위험(90일+),Q1_저가,0.0,-0.010974151939880002,0.03938305818955408
1349356544,이탈위험(90일+),Q1_저가,0.0,-0.01197434663796762,0.03676200471831249
1349440064,Active(<30일),Q4_고가,0.0,0.06516203147381316,0.025240660004562487
1349714752,Active(<30일),Q1_저가,0.0,0.0350247751027386,-0.04024846510345492
1349905920,Active(<30일),Q2,0.0,0.007561664416695119,0.02178088388863131
1350035840,Active(<30일),Q2,0.0,0.05906056518452585,0.015318245670914221
1350072960,Active(<30일),Q2,,0.039439199675561476,-0.0468824290662711
1350574080,Active(<30일),Q2,,-0.01987635888404038,0.03426073663468876
1351038080,이탈위험(90일+),Q1_저가,0.0,-0.009240687669481995,0.04335461671819922
1351149440,Active(<30일),Q1_저가,,0.04692164532866561,0.016028734867629013
1351236672,Active(<30일),Q1_저가,,0.12163722106065877,-0.06814709704428912
1351405568,이탈위험(90일+),Q4_고가,0.0,-0.022330083635391143,0.019780437076155274
1351502080,Active(<30일),Q2,,0.021171369088261893,0.04344530415368564
1351565184,Active(<30일),Q2,0.0,0.035350243203211174,-0.046014216204039726
1351659840,Active(<30일),Q2,0.0,0.016599041091648226,-0.08578320781759463
1351737792,이탈위험(90일+),Q1_저가,0.0,-0.010149311819385907,0.03299257207782692
1351760064,관심필요(30~89일),Q2,0.0,-0.023366011599654013,-0.059973455890868055
1351964224,Active(<30일),Q1_저가,0.0,0.028418453573656688,-0.044503965093330766
1352038464,Active(<30일),Q2,0.0,0.03320421189130751,-0.025130587972528096
1352146112,Active(<30일),Q3,0.0,-0.0036750071045896504,0.025504161010824755
1352173952,이탈위험(90일+),Q4_고가,0.0,-0.00713427445385989,0.01954271631762783
1352302016,이탈위험(90일+),Q3,0.0,-0.025048636182018413,-0.00396145480800017
1352383680,Active(<30일),Q2,,0.00024399969453653414,-0.03987849766989937
1352472768,이탈위험(90일+),Q3,,-0.008603377534763035,-0.027680020286127954
1352508032,관심필요(30~89일),Q1_저가,0.0,-0.025735516662960978,-0.014613192782188617
1352532160,Active(<30일),Q2,0.0,0.008164644658134296,0.048841049593840585
1352578560,관심필요(30~89일),Q4_고가,0.0,-0.007857191729661706,-0.005280152346613276
1352600832,관심필요(30~89일),Q3,0.0,0.0022837249606548204,-0.02974449311507177
1352610112,Active(<30일),Q3,0.0,0.07927670835216974,0.0011542438453513992
1352708480,이탈위험(90일+),Q2,0.0,-0.0204764368904361,0.01906510413057201
1352801280,관심필요(30~89일),Q2,0.0,0.0064433225795094695,-0.00029087070801520065
1352836544,Active(<30일),Q1_저가,0.0,-0.013335200622971,0.009070042336594919
1353087104,Active(<30일),Q1_저가,,0.13539898533447559,-0.012108693155399475
1353495424,Active(<30일),Q4_고가,1.0,0.07055901616242988,0.013105284514003168
1353525120,관심필요(30~89일),Q3,0.0,-0.03645532219260711,-0.07996829033630809
1353736704,Active(<30일),Q1_저가,0.0,0.003494785196768463,-0.0009683005430284886
1353881472,이탈위험(90일+),Q4_고가,0.0,-0.016362578103497283,0.02174924888967039
1354109760,이탈위험(90일+),Q4_고가,,-0.014176998825541624,0.0393844833710533
1354145024,이탈위험(90일+),Q4_고가,0.0,0.013651444215562539,0.040655468866520675
1354150592,Active(<30일),Q1_저가,,-0.006629490427224161,-0.01374286096341415
1354284224,이탈위험(90일+),Q3,0.0,0.018747192260688335,0.05786870184596481
1354369600,Active(<30일),Q2,0.0,0.022512073222039075,-0.006186660017076351
1354813184,관심필요(30~89일),Q4_고가,0.0,-0.0007493362895065747,0.04110666159437287
1354900416,Active(<30일),Q1_저가,0.0,0.02722943046844717,-0.13026905725174387
1354922688,Active(<30일),Q1_저가,,-0.005978493705375204,0.02526843647862348
1355013632,Active(<30일),Q3,0.0,-0.015196586570600051,-0.00962685044593145
1355279040,이탈위험(90일+),Q4_고가,0.0,-0.01832980565713571,0.11772731662763836
1355312448,이탈위험(90일+),Q1_저가,0.0,0.0015178597624700418,0.012752431488642912
1355342144,이탈위험(90일+),Q1_저가,0.0,-0.011396706445534005,0.04182152585206025
1355356992,Active(<30일),Q3,0.0,0.06451807862108838,0.10351295852845543
1355614976,관심필요(30~89일),Q2,0.0,-0.008967863674499935,0.05909301936214473
1355659520,Active(<30일),Q4_고가,0.0,0.01188381204086053,-0.024008905020629634
1355666944,이탈위험(90일+),Q2,0.0,-0.012952491007122077,0.03983271455536354
1355952768,Active(<30일),Q2,0.0,-0.0033584812164323963,0.0346016762293804
1356171776,이탈위험(90일+),Q2,0.0,0.012401556534821265,0.03401184465386553
1356284992,Active(<30일),Q4_고가,0.0,0.018104372169622462,-0.026875132292992987
1356533696,Active(<30일),Q2,0.0,0.03252108461185399,0.10170787602459164
1356671040,Active(<30일),Q2,,0.025124174262621923,-0.0486020255863594
1356691456,이탈위험(90일+),Q4_고가,,0.014815270174953765,0.03666803701100875
1356710016,이탈위험(90일+),Q4_고가,0.0,-0.007429410937717179,0.04832567098596954
1356806528,Active(<30일),Q1_저가,0.0,-0.004388106811048259,0.024638347788547774
1356906752,Active(<30일),Q2,0.0,0.016133618249482784,0.0032112704152694738
1356973568,Active(<30일),Q2,,0.041808541674544286,0.051572537327356616
1357045952,Active(<30일),Q4_고가,0.0,0.08668941924373375,0.049991736567108536
1357188864,이탈위험(90일+),Q1_저가,0.0,-0.004474646190915296,0.030167857244813717
1357200000,Active(<30일),Q1_저가,1.0,-0.002607543820502156,0.019287757921545245
1357205568,Active(<30일),Q1_저가,0.0,9.174423467928072e-06,-0.003918158697985646
1357513664,Active(<30일),Q1_저가,,0.02304249954711468,-0.04486790011741559
1357625024,Active(<30일),Q1_저가,0.0,0.002006112726875897,0.032393756643228466
1357643584,Active(<30일),Q2,,0.01925450399569617,-0.08784839636264574
1357682560,관심필요(30~89일),Q2,0.0,-0.02154909244788411,-0.011832378716891773
1357721536,관심필요(30~89일),Q4_고가,0.0,-0.011492640250718042,0.0467634345430757
1358024064,이탈위험(90일+),Q4_고가,,-0.021808674376149847,0.029024755255674203
1358057472,관심필요(30~89일),Q4_고가,,-0.007108491956599239,0.011660384065609652
1358256064,관심필요(30~89일),Q1_저가,0.0,-0.006909851847875723,0.04926421557179536
1358382272,Active(<30일),Q3,0.0,-0.0048676460890460516,0.03600728323038893
1358514048,Active(<30일),Q3,0.0,0.025477785772858086,0.045041537142781474
1358772032,Active(<30일),Q2,1.0,0.010134786368793725,-0.0006309259099457065
1359024448,관심필요(30~89일),Q2,0.0,-0.023989925010286045,-0.010160999145326616
1359278720,이탈위험(90일+),Q1_저가,0.0,-0.016851191231901236,0.017072316125370843
1359380800,이탈위험(90일+),Q4_고가,0.0,-0.021481830980397604,0.022699423654794104
1359399360,이탈위험(90일+),Q4_고가,0.0,-0.014952957245602451,0.018302582280746507
1359445760,이탈위험(90일+),Q4_고가,0.0,-0.010724207247747308,-0.03583144115129311
1359481024,Active(<30일),Q4_고가,0.0,0.043333152377138306,0.14016956913721024
1359512576,Active(<30일),Q3,,0.027971638968058654,0.06236058300984604
1359558976,관심필요(30~89일),Q1_저가,0.0,-0.025840484677920772,0.011270030851223023
1359570112,이탈위험(90일+),Q1_저가,0.0,-0.012204730041732635,0.050984900576481085
1359635072,관심필요(30~89일),Q2,0.0,-0.025478196344454973,-0.003889540634774452
1359854080,Active(<30일),Q3,0.0,0.03424198871721584,-0.022862220368934205
1359961728,이탈위험(90일+),Q4_고가,,-0.014553214881970228,0.02759350629304859
1360065664,이탈위험(90일+),Q1_저가,,0.01736393854828089,0.03697036009858756
1360149184,관심필요(30~89일),Q1_저가,0.0,-0.008773685017038554,0.02247969574698082
1360292096,Active(<30일),Q4_고가,1.0,0.0585112230334458,0.044112731374752134
1360980672,관심필요(30~89일),Q4_고가,,0.0017759189906682987,0.0074775375473497
1361244224,이탈위험(90일+),Q2,0.0,0.02202443616002195,-0.006945493112611917
1361324032,이탈위험(90일+),Q2,,-0.012809519855716572,0.037529826347837546
1361582016,Active(<30일),Q4_고가,1.0,0.03555871263331234,0.0045558208835767555
1361620992,관심필요(30~89일),Q1_저가,0.0,-0.009808623004133266,0.04486517108333901
1361875264,이탈위험(90일+),Q4_고가,0.0,-0.007570438388353973,-0.00604021545159103
1361880832,관심필요(30~89일),Q2,0.0,-0.004148399273471104,-0.025640305036685296
1361891968,이탈위험(90일+),Q2,0.0,-0.011789904490567493,0.03955928059842666
1362608384,이탈위험(90일+),Q1_저가,,-0.021462234283879555,-0.009515058546996996
1362617664,Active(<30일),Q2,0.0,0.012134881708389944,0.034658968490702796
1362643648,관심필요(30~89일),Q4_고가,1.0,-0.005873929928809002,-0.014096025061313577
1363001856,이탈위험(90일+),Q2,,-0.04422254907575862,0.045336975812845126
1363105792,관심필요(30~89일),Q2,,0.0024280348152662667,0.0227214291795802
1363244992,Active(<30일),Q3,0.0,0.051469922992893324,0.024014313877593674
1363391616,Active(<30일),Q4_고가,1.0,0.04333406492460656,-0.03729976994503237
1363824064,Active(<30일),Q1_저가,0.0,-0.0018390575176068652,-0.0022212458774233668
1363842624,Active(<30일),Q4_고가,0.0,0.1153709038478915,0.10674761317720194
1364147008,Active(<30일),Q1_저가,0.0,0.054669319746779355,0.04729328471268146
1364388288,이탈위험(90일+),Q4_고가,,0.00577908950000864,0.050635598995754
1364399424,Active(<30일),Q4_고가,1.0,0.010858343442456397,0.09348283744765673
1364412416,관심필요(30~89일),Q3,,-0.01884120518999842,0.01363202801432048
1364521920,이탈위험(90일+),Q2,0.0,-0.020088967396358737,0.01491068727726906
1364572032,이탈위험(90일+),Q1_저가,0.0,-0.011201510692643774,0.035204099153039375
1364685248,이탈위험(90일+),Q1_저가,0.0,-0.028517510336079938,0.024773328781955484
1364889408,이탈위험(90일+),Q1_저가,,-0.03691208529343376,-0.04354682744146687
1365652224,Active(<30일),Q3,0.0,0.03057692767537934,0.05770859774113479
1366288832,관심필요(30~89일),Q2,0.0,-0.009288390402065042,0.05447030812413295
1366576512,이탈위험(90일+),Q4_고가,0.0,-0.0032237459803008683,0.04671629947445319
1366934720,관심필요(30~89일),Q1_저가,0.0,-0.01874245027898014,-0.042400283901365604
1366949568,이탈위험(90일+),Q4_고가,0.0,-0.021302824530060438,-0.0015164128856730297
1367008960,관심필요(30~89일),Q3,,-0.015208336614700696,0.014460021297485082
1367315200,이탈위험(90일+),Q2,1.0,-0.025159352024596515,-0.0296888409677699
1367727232,이탈위험(90일+),Q1_저가,0.0,-0.010507414270091817,0.0467955528821906
1367755072,Active(<30일),Q3,1.0,0.030788439181606675,0.02432030730651802
1367916544,이탈위험(90일+),Q1_저가,0.0,-0.010195476741502472,0.03127828247050161
1368165248,Active(<30일),Q3,0.0,0.035462068457872475,0.08068309210030833
1368326720,관심필요(30~89일),Q2,0.0,-0.03158763118602381,-0.04560578536942972
1368761024,이탈위험(90일+),Q1_저가,0.0,-0.020311703251470997,-0.018986282021235423
1368916928,관심필요(30~89일),Q3,0.0,0.002682783874305872,0.16615647110613196
1369057984,Active(<30일),Q2,0.0,0.010869138464120298,0.025977537287804275
1369095104,Active(<30일),Q4_고가,,-0.007496129383705599,0.002677723550405686
1369186048,Active(<30일),Q2,0.0,0.023666829225718833,0.06823476636328096
1369282560,Active(<30일),Q3,,0.08694634219419312,-0.057551115470756475
1369299264,이탈위험(90일+),Q4_고가,0.0,-0.014168053840717468,0.026360434862873934
1369496000,관심필요(30~89일),Q1_저가,0.0,-0.01913452452851222,-0.033702676324612074
1369572096,관심필요(30~89일),Q2,0.0,-0.01692356842903879,0.013508657945918864
1369733568,이탈위험(90일+),Q2,,-0.012748544641129768,0.03448341339449077
1369976704,Active(<30일),Q1_저가,,0.06033633420454962,0.008755627011016981
1370188288,Active(<30일),Q4_고가,1.0,-0.005788257772244093,0.012781672118851783
1370548352,관심필요(30~89일),Q1_저가,0.0,-0.007463263655977215,0.033708141546346826
1370782208,Active(<30일),Q4_고가,0.0,0.015333669684494455,0.04203040265866759
1370888000,Active(<30일),Q1_저가,0.0,0.009287145289854748,-0.09953935134191871
1371056896,관심필요(30~89일),Q4_고가,0.0,0.038985443151547075,0.05184622717016148
1371103296,이탈위험(90일+),Q4_고가,0.0,-0.01403922703476354,0.03446952332907211
1371591424,관심필요(30~89일),Q1_저가,,-0.014575351500269937,0.0086014428329841
1371893952,이탈위험(90일+),Q1_저가,0.0,-0.015222264708914982,0.005537565524877955
1372022016,이탈위험(90일+),Q2,1.0,-0.012789564002344524,0.04193050932484165
1372088832,Active(<30일),Q1_저가,,0.030249617499023107,-0.0353610417781306
1372105536,Active(<30일),Q4_고가,0.0,0.012604654872959808,0.015426392432772218
1372361664,Active(<30일),Q4_고가,0.0,0.003219395973734024,0.04960853309148955
1372471168,Active(<30일),Q4_고가,,0.030371612358945144,0.03774731808677401
1372506432,관심필요(30~89일),Q4_고가,0.0,-0.0016853121210563538,0.019386007718369486
1372797824,Active(<30일),Q4_고가,,0.02962899152649083,0.05333549729667486
1372814528,Active(<30일),Q3,,-0.0017932419216082351,-0.09301853270311133
1372942592,관심필요(30~89일),Q1_저가,0.0,-0.0074177072197995075,0.04094735957334046
1372957440,이탈위험(90일+),Q2,1.0,-0.012770712973540085,0.002201420303733978
1373159744,이탈위험(90일+),Q3,,-0.023915928790662178,0.14482086035052993
1373278528,Active(<30일),Q4_고가,0.0,0.015231434046081072,-0.04573189399800037
1373465984,이탈위험(90일+),Q3,1.0,-0.006855888340284888,0.037208348308151645
1373627456,Active(<30일),Q4_고가,0.0,0.014339674220261722,-0.011225046229066504
1373755520,Active(<30일),Q2,1.0,0.025817696979126836,-0.026406793248801685
1374264064,이탈위험(90일+),Q1_저가,0.0,0.019459004119872197,0.05001983953259298
1374490496,이탈위험(90일+),Q3,,-0.013826609162716379,0.04390668517917135
1374846848,관심필요(30~89일),Q4_고가,0.0,0.0738940809316515,0.050700756234021704
1374921088,관심필요(30~89일),Q4_고가,0.0,-0.0043254365465111855,0.03604481171849529
1375039872,Active(<30일),Q2,0.0,0.02285676953384419,0.03137921199989524
1375062144,이탈위험(90일+),Q3,0.0,-0.0075215344751659585,0.05172813600444742
1375128960,이탈위험(90일+),Q4_고가,,-0.006863186939376514,0.04183553559116596
1375229184,이탈위험(90일+),Q1_저가,0.0,-0.009854560900447284,0.035258358920845216
1375641216,이탈위험(90일+),Q1_저가,0.0,-0.0237353906716722,0.016823409726713368
1375880640,이탈위험(90일+),Q1_저가,,-0.012161681600582258,0.04146519564863898
1375923328,관심필요(30~89일),Q4_고가,0.0,-0.038009408057734784,0.043486992346823294
1376014272,이탈위험(90일+),Q4_고가,,-0.021654752841458957,9.16259929388541e-06
1376236992,이탈위험(90일+),Q1_저가,0.0,-0.009552735853307522,0.03298175829710342
1376478272,이탈위험(90일+),Q2,0.0,-0.01910433032429429,0.035358606098249104
1376506112,Active(<30일),Q3,0.0,0.05220045438737042,0.0797046001814159
1376771520,이탈위험(90일+),Q1_저가,0.0,-0.010823590562424205,0.030446315257481704
1376819776,Active(<30일),Q1_저가,0.0,0.025850205733579545,-0.03400713759997942
1376843904,Active(<30일),Q1_저가,0.0,0.02203224363284062,-0.0312151333220263
1376851328,Active(<30일),Q4_고가,0.0,0.025478422027485292,0.05515377379164299
1376873600,관심필요(30~89일),Q3,0.0,-0.02810352575309205,-0.023580555867742548
1377170560,Active(<30일),Q3,0.0,-0.008303879452460444,-0.0168186361054726
1377250368,이탈위험(90일+),Q2,0.0,-0.005323216081479232,0.014316403269774569
1377558464,이탈위험(90일+),Q4_고가,,-0.014674751839087181,0.03330279583365876
1377610432,이탈위험(90일+),Q4_고가,0.0,-0.01339660278751667,0.013073198342047565
1377896256,관심필요(30~89일),Q4_고가,,-0.01867646090287929,0.02423439300257607
1377976064,이탈위험(90일+),Q3,0.0,-0.04047140810610461,0.019486707512504642
1378076288,Active(<30일),Q2,0.0,0.023568137491795205,-0.0733889974717633
1378206208,관심필요(30~89일),Q1_저가,0.0,-0.021153251967345243,0.03192853649568586
1378445632,이탈위험(90일+),Q1_저가,,-0.016007833140782662,0.008649929382230692
1378510592,Active(<30일),Q4_고가,0.0,0.01650652333457181,0.04287479521242865
1378592256,이탈위험(90일+),Q1_저가,1.0,-0.012053316916487387,0.014817208832468287
1378766720,이탈위험(90일+),Q4_고가,0.0,-0.013979727195172278,0.021656720850614944
1378978304,Active(<30일),Q1_저가,1.0,0.0433859898144866,-0.08635095743744514
1379232576,이탈위험(90일+),Q2,0.0,-0.008397476068075144,0.020986688919736873
1379609344,Active(<30일),Q3,1.0,0.020557363130879414,0.06996962809758867
1379624192,Active(<30일),Q3,0.0,0.036192931155320074,0.03297512585479323
1379635328,Active(<30일),Q4_고가,0.0,0.025303050982506847,0.018340441232204796
1379858048,Active(<30일),Q1_저가,0.0,-0.0037331036320384092,0.029864910892729954
1379956416,Active(<30일),Q2,0.0,0.04096042078866413,-0.014230008091249469
1380158720,Active(<30일),Q2,,0.034614185445596024,0.017421918227200184
1380598592,Active(<30일),Q4_고가,0.0,0.004601105491645718,0.02499380162983353
1380797184,Active(<30일),Q3,,0.1209082078340139,0.1380823890356676
1380841728,관심필요(30~89일),Q2,0.0,0.00038882625799074866,-0.009028157379453589
1380875136,관심필요(30~89일),Q2,1.0,0.05612402185877691,0.004224553078310711
1381285312,관심필요(30~89일),Q4_고가,0.0,-0.00388663264975439,0.04786534325370405
1381402240,이탈위험(90일+),Q2,0.0,-0.03555226452205518,0.00950719759434504
1381482048,관심필요(30~89일),Q4_고가,0.0,-0.02313159465664069,0.013030621080937804
1381535872,관심필요(30~89일),Q3,0.0,0.007733489233070601,0.1725994677952601
1381762304,Active(<30일),Q2,0.0,0.031035034807900486,0.01755190216276281
1381925632,이탈위험(90일+),Q3,0.0,-0.026143988183058492,0.01318749133087986
1381964608,이탈위험(90일+),Q1_저가,0.0,-0.012428689196630309,0.034794910229168356
1382061120,Active(<30일),Q1_저가,0.0,-0.004643136807058551,0.03117949154240944
1382263424,관심필요(30~89일),Q3,1.0,-0.003705251469762305,0.012251883778945427
1382408192,Active(<30일),Q4_고가,0.0,0.03164757005602403,0.05624363401151211
1382525120,Active(<30일),Q3,0.0,0.027787736763204673,0.04225909782412873
1382582656,Active(<30일),Q4_고가,0.0,0.022392736102463617,0.021001810934133003
1382738560,Active(<30일),Q3,,0.04326360942868379,0.026873788550777267
1382749696,Active(<30일),Q2,0.0,-0.00815523254457931,-0.01259258720382439
1382877760,Active(<30일),Q1_저가,1.0,0.00014490630003491378,-0.004547300238993329
1382920448,이탈위험(90일+),Q4_고가,0.0,-0.022811134588873697,0.014003558105400896
1383109760,관심필요(30~89일),Q1_저가,,-0.018392499860794442,0.021149746347487036
1383280512,이탈위험(90일+),Q2,0.0,-0.01869409074251492,-0.00020671262418447967
1383297216,Active(<30일),Q2,0.0,0.017590417528557056,-0.03937442601968255
1383373312,Active(<30일),Q1_저가,0.0,0.031908662359611206,-0.1215639619560992
1383484672,이탈위험(90일+),Q2,0.0,-0.012277271437249077,0.018046185935415446
1383497664,관심필요(30~89일),Q1_저가,0.0,-0.013163381690180997,0.016087524815918144
1383562624,Active(<30일),Q4_고가,1.0,0.09229675900406842,0.0861155902599341
1383675840,Active(<30일),Q2,,0.06225034523091488,0.07202483636862866
1383796480,Active(<30일),Q2,,0.0912863184037398,-0.019940609161916645
1383967232,이탈위험(90일+),Q1_저가,0.0,-0.01332790727004625,0.003189314944575722
1383985792,이탈위험(90일+),Q3,,-0.013264278224726388,0.03674134978316452
1384217792,Active(<30일),Q1_저가,,0.026922707225678355,-0.049203176615432054
1384381120,Active(<30일),Q4_고가,0.0,0.0368176910125102,0.07862783137092988
1385030720,이탈위험(90일+),Q4_고가,0.0,-0.021961470175572234,0.019056406087086808
1385062272,Active(<30일),Q1_저가,0.0,0.029728333126796347,-0.10451380510741493
1385205184,Active(<30일),Q1_저가,0.0,0.005872408766362636,0.0020882130929421594
1385409344,Active(<30일),Q3,0.0,0.013662956449695285,0.0777319486611473
1385470592,이탈위험(90일+),Q2,0.0,-0.012755123004520884,0.048982355143625964
1385526272,이탈위험(90일+),Q1_저가,0.0,-0.012083529358809353,0.03601636892978003
1385531840,Active(<30일),Q4_고가,,0.017378739508843777,-0.02075010455674292
1385995840,Active(<30일),Q2,1.0,-0.018662589650002614,0.04211505848596764
1386092352,Active(<30일),Q3,0.0,0.01080734118578408,-0.05624902854514968
1386109056,Active(<30일),Q3,0.0,0.02269435689836541,0.012817207949141984
1386181440,Active(<30일),Q1_저가,1.0,0.11790418386413892,-0.04015509151745855
1386183296,Active(<30일),Q4_고가,0.0,0.04303739956154695,0.017270875498595073
1386268672,이탈위험(90일+),Q4_고가,1.0,-0.013609398659545427,0.0355914826026361
1386448704,이탈위험(90일+),Q1_저가,0.0,-0.016523996002266714,0.007141798394007234
1386521088,관심필요(30~89일),Q4_고가,1.0,-0.005321952917554343,0.012032668297979499
1386634304,관심필요(30~89일),Q2,0.0,4.737403587606881e-05,-0.0260987389357403
1386812480,이탈위험(90일+),Q3,0.0,-0.02079794334164986,0.03144027919435989
1386836608,이탈위험(90일+),Q3,0.0,-0.020150113023565813,0.02475400466220766
1386986944,관심필요(30~89일),Q3,,0.06921892246691358,0.06147798933764104
1387046336,Active(<30일),Q2,0.0,0.10543801492578198,-0.04108173522128655
1387137280,이탈위험(90일+),Q3,0.0,-0.012406931030628086,0.05193100994772765
1387187392,관심필요(30~89일),Q3,,0.07775447920890505,-0.0887173001861723
1387358144,Active(<30일),Q1_저가,0.0,0.06789981301650977,0.024766159650424335
1387382272,Active(<30일),Q4_고가,0.0,0.10739993686340471,0.011868436116538872
1387571584,Active(<30일),Q4_고가,0.0,-0.022831615424393326,0.014526418819409026
1387643968,관심필요(30~89일),Q3,0.0,0.00020178401590820183,0.1524184554717251
1388030016,Active(<30일),Q1_저가,,0.04097949342212326,0.016561166754495565
1388124672,이탈위험(90일+),Q3,1.0,-0.013406300540997784,0.04170171466897737
1388135808,이탈위험(90일+),Q2,0.0,-0.04125118055959698,0.022007360675650844
1388206336,이탈위험(90일+),Q4_고가,0.0,-0.029625279602186458,0.015105888491212804
1388250880,Active(<30일),Q2,0.0,-0.006665445801093184,0.017889787557340636
1388312128,Active(<30일),Q2,0.0,0.027907782077135734,0.04182526803519815
1388390080,이탈위험(90일+),Q4_고가,0.0,-0.008454602759040766,0.03795404522535374
1388401216,Active(<30일),Q1_저가,0.0,0.02386899871723447,-0.03235177032150993
1388494016,관심필요(30~89일),Q1_저가,,-0.009108771609997457,0.03391889808999908
1388562688,Active(<30일),Q2,0.0,0.054744952161593474,0.0007583568198038515
1388744576,이탈위험(90일+),Q2,0.0,-0.019836956738896863,0.0025186427452098953
1388854080,이탈위험(90일+),Q2,0.0,-0.012172891313627962,0.01940613693678976
1388880064,관심필요(30~89일),Q1_저가,0.0,-0.02663118183406532,-0.04769590851889896
1389013696,관심필요(30~89일),Q2,0.0,0.07126322354166179,0.027978834990656315
1389713408,이탈위험(90일+),Q3,0.0,-0.013510209825059877,0.036995203473140115
1389832192,이탈위험(90일+),Q2,0.0,-0.01976001868222424,0.002650487249892086
1389847040,관심필요(30~89일),Q3,0.0,0.003044073422562077,-0.04141059217951942
1390082752,Active(<30일),Q2,,0.0007074821852696145,0.003911760100357653
1390164416,Active(<30일),Q4_고가,1.0,0.012803721874308671,-0.05850742586756852
1390195968,Active(<30일),Q1_저가,1.0,0.023050721597144608,-0.007260707162828561
1390260928,Active(<30일),Q2,,-0.016162842679397715,-0.06918941049121907
1390338880,관심필요(30~89일),Q1_저가,0.0,-0.024654726068370547,-0.01787368929434005
1390554176,Active(<30일),Q1_저가,,0.08272933748289779,-0.09367266205664704
1390723072,이탈위험(90일+),Q3,0.0,-0.027863364269287635,-0.013269668396428985
1390739776,Active(<30일),Q4_고가,,0.03039511445178744,0.08903439945248304
1390851136,Active(<30일),Q4_고가,0.0,0.010735076221044193,-0.0018881347270710558
1390884544,이탈위험(90일+),Q4_고가,0.0,-0.014501279165299273,0.011947523885980499
1390938368,Active(<30일),Q4_고가,0.0,0.014395872181385383,0.042741610364843696
1390986624,Active(<30일),Q2,1.0,0.017905688005779963,-0.00011517944050054574
1391033024,이탈위험(90일+),Q3,0.0,-0.02066911064482442,0.007039640734598174
1391040448,Active(<30일),Q3,0.0,-0.0012812578619906256,0.026016897730643085
1391075712,Active(<30일),Q1_저가,0.0,0.02687417602205877,0.13744145783749512
1391207488,이탈위험(90일+),Q4_고가,1.0,-0.022798002196733932,0.018380159917373518
1391639936,이탈위험(90일+),Q2,0.0,-0.013177462297240657,0.0266518372700211
1391697472,이탈위험(90일+),Q4_고가,1.0,-0.01466327850462655,0.02175719880342819
1391768000,이탈위험(90일+),Q1_저가,0.0,-0.0027160362419267337,0.046437450036418
1391925760,이탈위험(90일+),Q4_고가,0.0,0.02907000464885562,0.03127893451847372
1391964736,Active(<30일),Q1_저가,0.0,0.08394663450195416,0.02302013651454038
1392046400,이탈위험(90일+),Q2,1.0,-0.012749324803351912,0.05487820192520118
1393345600,관심필요(30~89일),Q2,,-0.022421746675126614,1.5327309734053385e-05
1393586880,이탈위험(90일+),Q4_고가,,-0.026661837726594445,-0.034428611508139695
1394771008,Active(<30일),Q3,1.0,0.07113118330784218,-0.009371091516686358
1394785856,Active(<30일),Q3,0.0,0.021535117634273515,0.014289420243191797
1394837824,관심필요(30~89일),Q4_고가,0.0,0.007822419347360554,-0.027201938208356646
1395060544,Active(<30일),Q1_저가,0.0,0.034146321244365285,0.01620292497528064
1395487424,Active(<30일),Q4_고가,0.0,-0.017283678276010767,0.001979616049317817
1395723136,관심필요(30~89일),Q3,1.0,-0.011865389866657333,0.030541649093621975
1396012672,관심필요(30~89일),Q2,,-0.02566247882325179,0.014813915752585727
1396192704,Active(<30일),Q2,,0.014372440170212553,0.02379426328896872
1396200128,이탈위험(90일+),Q1_저가,0.0,-0.011103888726396977,0.04203606393595613
1396502656,이탈위험(90일+),Q2,,-0.012197721104726555,0.03499858446358208
1396508224,Active(<30일),Q4_고가,0.0,-0.007647452435171134,-0.012132482822733381
1396708672,Active(<30일),Q2,,0.12057265321078314,-0.001117358256081391
1396929536,Active(<30일),Q4_고가,0.0,0.007974651226510698,-0.02074702935487427
1397202368,관심필요(30~89일),Q1_저가,0.0,0.015152783423682092,0.025383771668224364
1397284032,이탈위험(90일+),Q4_고가,0.0,-0.022036076387577166,0.01919917106788714
1397787008,이탈위험(90일+),Q1_저가,0.0,-0.010188045482159916,0.02981331071781071
1397900224,Active(<30일),Q4_고가,1.0,0.025639697106041748,-0.0609093413769044
1397991168,Active(<30일),Q1_저가,0.0,0.01383827670662241,0.021754862997965307
1398171200,관심필요(30~89일),Q3,0.0,-0.02146040973726046,0.023634211908163394
1398195328,이탈위험(90일+),Q1_저가,0.0,-0.010815583034751892,0.04280089666010116
1398225024,이탈위험(90일+),Q2,0.0,-0.011447406123851978,0.026752312355244265
1398299264,Active(<30일),Q3,0.0,0.04361041679523536,0.0607708174866437
1398312256,Active(<30일),Q2,0.0,0.015688125014930665,-0.0007368449440572356
1398386496,이탈위험(90일+),Q2,0.0,-0.004272753724241005,0.03517815237347234
1399576192,관심필요(30~89일),Q4_고가,0.0,-0.005998046128460333,0.11000411432956642
1401294848,Active(<30일),Q4_고가,0.0,0.042658889428817015,0.009121468890492312
1402586624,이탈위험(90일+),Q2,0.0,-0.02004296797201849,0.00285659535466741
1402610752,이탈위험(90일+),Q1_저가,,-0.009554734432059564,0.022091324832792275
1402790784,이탈위험(90일+),Q4_고가,,-0.01394400946497018,0.028963282575310993
1402814912,관심필요(30~89일),Q2,1.0,0.0058089727455762075,0.00307046231565819
1403158272,이탈위험(90일+),Q1_저가,,-0.030780688804375095,-0.02757171482585838
1403702080,이탈위험(90일+),Q3,0.0,-0.017763289616875316,0.0416953110454871
1405433728,Active(<30일),Q4_고가,,0.02289401937405844,0.0017190868738756748
1405597056,이탈위험(90일+),Q4_고가,,-0.006105509949908813,0.028649635362766518
1406150144,이탈위험(90일+),Q4_고가,1.0,-0.013924777010293488,0.013239786683432148
1407287872,이탈위험(90일+),Q1_저가,0.0,-0.027699128537439666,0.016997269455084854
1407625664,Active(<30일),Q2,0.0,0.02196368515701208,0.11216873926727888
1408160192,Active(<30일),Q1_저가,,-0.0067378159501698676,-0.07734638728910792
1408395904,이탈위험(90일+),Q2,0.0,-0.030478728544979128,0.010105604609435576
1408598208,이탈위험(90일+),Q2,0.0,-0.019611774848522168,0.025431423568864964
1409006528,Active(<30일),Q2,1.0,0.060775028342566095,0.012262343328243275
1409535488,관심필요(30~89일),Q2,0.0,-0.022210526733197622,-0.02407659209227836
1410096000,관심필요(30~89일),Q2,,-0.033395280297165264,-0.017772310320777612
1411181760,Active(<30일),Q4_고가,0.0,0.024425247505037717,0.06751389952449349
1411922304,Active(<30일),Q1_저가,1.0,0.046092447889771515,-0.021953098197124432
1412980224,이탈위험(90일+),Q2,0.0,-0.012859659817975051,0.029974903157147473
1413518464,Active(<30일),Q2,0.0,0.029527360093246524,0.07262996806868655
1414457600,Active(<30일),Q2,1.0,0.012331773426247916,0.022438809851499375
1414760128,이탈위험(90일+),Q3,0.0,-0.020429556672461685,-0.005569019657686053
1415142464,이탈위험(90일+),Q2,0.0,-0.01263852397240589,-0.015489129167418958
1415485824,관심필요(30~89일),Q1_저가,0.0,-0.008064075894610709,0.0365919447909905
1416081600,Active(<30일),Q2,0.0,0.026255591641855314,0.05345049339032626
1416410112,Active(<30일),Q2,,-0.010046708163600426,0.016789405330290413
1416573440,Active(<30일),Q4_고가,,0.10781088786494991,-0.01295078314318987
1417043008,이탈위험(90일+),Q1_저가,0.0,-0.011715936891770903,0.03126927931127885
1417449472,이탈위험(90일+),Q3,,-0.019430977961370444,0.00821028710959995
1418969536,Active(<30일),Q2,,0.019426580784759395,-0.010757629628736165
1419671104,이탈위험(90일+),Q2,0.0,-0.019985073617278942,0.0007771400555036806
1420123968,Active(<30일),Q1_저가,,0.021352737855504733,0.0007893619926315765
1421731264,이탈위험(90일+),Q2,,0.01942829406868031,0.020378501511852345
1422985920,관심필요(30~89일),Q1_저가,0.0,0.004004038365890361,-0.021008673812978773
1425465536,Active(<30일),Q3,0.0,0.09642619243877915,0.0671244950546247
1426382400,Active(<30일),Q2,0.0,0.011996308798280092,0.020947968853436305
1427254720,Active(<30일),Q2,,0.05344619477947865,-0.003783448940856249
1427544256,이탈위험(90일+),Q4_고가,,-0.010557367369131265,0.17445567953984575
1428468544,Active(<30일),Q2,0.0,0.022370395024461476,-0.04375226326202475
1429253632,Active(<30일),Q3,0.0,0.02053033311347663,0.06045620938621954
1430252160,이탈위험(90일+),Q2,0.0,-0.012796591204306824,0.014350589656661361
1431959680,Active(<30일),Q2,,6.311675362620506e-05,0.0491200628339169
1433308992,이탈위험(90일+),Q4_고가,0.0,-0.020580340104521797,-0.0004028947472409228
1433466752,관심필요(30~89일),Q1_저가,,-0.006690549903513476,0.0288814576052083
1433594816,관심필요(30~89일),Q3,1.0,-0.012069960490061857,0.038694942877950916
1433635648,Active(<30일),Q2,0.0,0.022479354848444322,0.03525408928579277
1433695040,이탈위험(90일+),Q2,,-0.029383729376273482,-0.04059257327341498
1433704320,Active(<30일),Q2,0.0,0.006705613341183747,0.05884552498163209
1433849088,Active(<30일),Q2,,0.0011253890386858645,0.02797780258381216
1434133056,Active(<30일),Q1_저가,1.0,0.003805628642311265,-0.03716619534484189
1434198016,Active(<30일),Q2,0.0,-0.005000830848669813,-0.04699073319263947
1434231424,Active(<30일),Q2,1.0,0.030550023902940815,0.015803713325446056
1434339072,관심필요(30~89일),Q3,0.0,-0.03214552294053352,-0.0009489384271874068
1434444864,이탈위험(90일+),Q2,0.0,-0.0409564030060674,-0.08275381357080008
1434481984,이탈위험(90일+),Q1_저가,0.0,-0.012310701183743528,0.047536627389141564
1434522816,관심필요(30~89일),Q2,0.0,-0.022856385762839132,-0.011190410157637637
1434580352,관심필요(30~89일),Q3,0.0,0.0019474833990347218,-0.06532326601310179
1434927424,이탈위험(90일+),Q1_저가,,-0.017454929056173712,0.013441793147056735
1434932992,관심필요(30~89일),Q1_저가,,-0.007839215854194836,0.03633370685002425
1435387712,Active(<30일),Q4_고가,0.0,0.07036565682334195,0.05275448384492776
1435716224,Active(<30일),Q2,,0.035247384812913896,-0.023643448495275887
1435862848,Active(<30일),Q1_저가,,0.002786631723645225,0.04349051381502522
1436315712,이탈위험(90일+),Q1_저가,,-0.01150804723771491,0.028624642434382244
1436827968,관심필요(30~89일),Q2,0.0,-0.02340848439934723,-0.015331354492808591
1437165760,관심필요(30~89일),Q2,1.0,-0.02379565597675623,-0.011739577804231682
1437175040,이탈위험(90일+),Q2,0.0,-0.027835194830844373,-0.05115839710273842
1437343936,관심필요(30~89일),Q4_고가,0.0,0.006793132051048034,0.05014213317916183
1438103040,Active(<30일),Q3,0.0,0.011130993028363623,-0.004990103821149727
1438288640,Active(<30일),Q1_저가,0.0,0.013801202392943912,-0.016634009501230562
1438451968,Active(<30일),Q4_고가,0.0,0.02103225360775063,-0.0026987269514899825
1438453824,관심필요(30~89일),Q3,,0.001187373544668885,0.0441800138537401
1438455680,Active(<30일),Q4_고가,0.0,0.022538028348478067,-0.03650139787650253
1438726656,이탈위험(90일+),Q2,0.0,-0.025224417061344234,-0.03771837827566307
1438882560,이탈위험(90일+),Q1_저가,0.0,-0.011557283499202653,0.024705633183964168
1438930816,Active(<30일),Q3,,0.022297657200743726,0.03456336178063607
1439212928,Active(<30일),Q1_저가,1.0,0.04632027572384012,-0.04228310955937156
1439328000,이탈위험(90일+),Q3,0.0,-0.03323447772671673,-0.04338348775381071
1439439360,Active(<30일),Q2,0.0,-0.01169932192873327,-0.010487613358486775
1439519168,Active(<30일),Q1_저가,0.0,-0.008007411947212328,-0.08179044263226243
1439528448,관심필요(30~89일),Q4_고가,0.0,-0.009309131626706935,0.05853471155388201
1439721472,Active(<30일),Q4_고가,0.0,-0.0019028179531354744,0.07544378127883306
1439727040,Active(<30일),Q4_고가,0.0,0.05382149289770277,0.0038232240286122376
1439864384,이탈위험(90일+),Q2,0.0,-0.024384401448420454,-0.013569560445717443
1440025856,관심필요(30~89일),Q1_저가,0.0,-0.020777864560962506,0.01513648360539488
1440204032,관심필요(30~89일),Q3,1.0,-0.011645417475522599,0.050061936979390945
1440235584,이탈위험(90일+),Q3,0.0,-0.013450898579044399,0.050285975850033186
1440239296,Active(<30일),Q4_고가,,-0.013687408766104303,-0.03915818391241066
1440272704,관심필요(30~89일),Q3,0.0,0.005398188086501721,0.17245373954852594
1440545536,이탈위험(90일+),Q1_저가,0.0,-0.0265231529778302,8.74437497991043e-05
1440577088,Active(<30일),Q3,,0.023687549052382906,-0.025292883148663847
1440601216,이탈위험(90일+),Q4_고가,,0.02522236061619655,0.06663749886798598
1440625344,Active(<30일),Q3,0.0,0.01816714460160862,0.0030342045940902063
1441269376,관심필요(30~89일),Q2,,-0.030160931834749882,0.013552755201391709
1441291648,Active(<30일),Q1_저가,0.0,0.04144455577368955,0.005472536899370439
1441347328,관심필요(30~89일),Q1_저가,,-0.009219993133450274,0.040453599226894066
1441646144,Active(<30일),Q1_저가,1.0,-0.013919999118226556,-0.08726091025428212
1441664704,이탈위험(90일+),Q1_저가,,-0.015441991226693444,0.004995591176377906
1442009920,Active(<30일),Q3,0.0,0.01952571781676704,-0.027586552964157462
1442013632,Active(<30일),Q1_저가,0.0,0.02843437403888993,-0.024843108710818074
1442052608,이탈위험(90일+),Q4_고가,1.0,-0.015072766293985157,0.035172056413714695
1442182528,Active(<30일),Q1_저가,0.0,0.0019961665849428933,0.004450284963974455
1442407104,Active(<30일),Q3,1.0,0.00893537165702385,-0.03198945641482798
1442581568,Active(<30일),Q1_저가,0.0,-0.012849367034315662,-0.010321573046728705
1442624256,관심필요(30~89일),Q3,0.0,-0.01377297111033196,0.0418902735782303
1442678080,Active(<30일),Q1_저가,,0.02812128591545915,-0.0013450569299732207
1442741184,관심필요(30~89일),Q3,0.0,-0.02651973524516882,-0.08705947250516782
1442756032,이탈위험(90일+),Q1_저가,,-0.02351749050513642,0.024861166310525887
1442887808,이탈위험(90일+),Q1_저가,0.0,-0.003743676828860412,0.01985663679793885
1442978752,관심필요(30~89일),Q2,,0.0240013115537408,0.07635327360111496
1443286848,Active(<30일),Q1_저가,1.0,0.04800967315703841,0.029158613702279457
1443515136,관심필요(30~89일),Q2,1.0,-0.011233354647175925,0.04468344344198946
1443535552,Active(<30일),Q2,,0.024169641007201093,0.011611347735585476
1443812096,관심필요(30~89일),Q1_저가,,0.0034281154492912247,0.07065863501047431
1443888192,Active(<30일),Q3,1.0,0.02663147352534878,0.01585899495522758
1443921600,Active(<30일),Q1_저가,0.0,0.06204003150338039,0.018217001583023362
1444036672,Active(<30일),Q4_고가,0.0,-0.011421582792348423,0.0010954240102038493
1444079360,Active(<30일),Q2,,0.017130651491382598,0.040743446749538226
1444502528,Active(<30일),Q2,1.0,0.021625082446779742,-0.10196440605646373
1444534080,이탈위험(90일+),Q1_저가,1.0,0.011769745182378742,0.058415162828752816
1444597184,Active(<30일),Q3,1.0,0.03504878358806007,0.06764448329753459
1444808768,관심필요(30~89일),Q2,0.0,-0.011101290549832624,0.04016510924546658
1444832896,Active(<30일),Q2,0.0,-0.011638234078464427,-0.012119087014712454
1444890432,이탈위험(90일+),Q3,,-0.013237058142570812,0.029847643975013417
1444912704,Active(<30일),Q3,0.0,0.08982651773012673,0.11977939347950484
1444959104,이탈위험(90일+),Q1_저가,1.0,0.01462700905119775,0.0362758462891863
1445274624,관심필요(30~89일),Q1_저가,1.0,-0.017365732725725058,0.014341959979111057
1445521472,Active(<30일),Q2,1.0,-0.011264272242253126,-0.00017084470906814087
1445842560,관심필요(30~89일),Q4_고가,0.0,0.0032281418818720375,0.18419100148131184
1445952064,Active(<30일),Q3,1.0,-0.012084604530102683,-0.0006946439170637808
1446061568,관심필요(30~89일),Q3,,0.0016533050567079655,-0.03796162977366563
1446198912,관심필요(30~89일),Q1_저가,0.0,0.01599136932917561,-0.016286739242648507
1446733440,이탈위험(90일+),Q3,0.0,-0.025420170704758493,0.010462600514226206
1446855936,관심필요(30~89일),Q4_고가,1.0,-0.0030305389126728532,-0.0044044923244561385
1446982144,Active(<30일),Q3,,0.020798877884470657,0.005376841993118386
1447086080,이탈위험(90일+),Q2,0.0,-0.024994892307387523,-0.005706263941154255
1447305088,이탈위험(90일+),Q4_고가,0.0,-0.013742718584565064,0.02578511156600259
1447314368,관심필요(30~89일),Q1_저가,,0.06393502173121171,0.03686866633158878
1447334784,Active(<30일),Q1_저가,0.0,0.03892900991648651,-0.006742680137377222
1447390464,Active(<30일),Q3,0.0,-0.018016303553480606,-0.10754345977734026
1447420160,Active(<30일),Q1_저가,0.0,0.016871046636873333,-0.059287953878424116
1447568640,관심필요(30~89일),Q4_고가,,0.009011835907442256,0.1452117364728961
1447670720,관심필요(30~89일),Q1_저가,0.0,-0.010247301980994522,0.04871116834221399
1447995520,Active(<30일),Q2,0.0,0.033751238396828476,0.05307567444127781
1448132864,Active(<30일),Q2,0.0,0.02655962651789001,-0.0798735457366686
1448225664,이탈위험(90일+),Q4_고가,0.0,-0.024634442835046233,0.17552743686691685
1448346304,이탈위험(90일+),Q1_저가,1.0,0.08114924299081672,0.01209690241608391
1448582016,이탈위험(90일+),Q3,,-0.025964439372678616,-0.0011777434182990432
1448758336,Active(<30일),Q1_저가,,0.06455509217747335,-0.0327891032508516
1448762048,Active(<30일),Q2,1.0,0.027314997327732127,-0.008439964440808967
1448834432,관심필요(30~89일),Q1_저가,0.0,-0.021164390266558142,-0.05451893354687082
1448882688,Active(<30일),Q3,0.0,0.006209532580845029,0.025659182290882793
1448964352,Active(<30일),Q4_고가,1.0,0.003635397020600284,0.011985091094044248
1449027456,Active(<30일),Q2,,0.031073214018058848,0.036337099617664737
1449159232,Active(<30일),Q4_고가,0.0,0.057249530849319746,0.05549853035518906
1449313280,관심필요(30~89일),Q3,0.0,0.0018330589101240857,0.09072007644205776
1449326272,이탈위험(90일+),Q1_저가,,-0.006433533127164062,0.04161050187624903
1449686336,Active(<30일),Q1_저가,0.0,-0.007650778035659167,-0.03207139475498755
1449693760,이탈위험(90일+),Q3,0.0,-0.024303997151098766,-0.004826973342316382
1449792128,이탈위험(90일+),Q1_저가,,-0.01160990889777784,0.03562756815351588
1449831104,Active(<30일),Q1_저가,0.0,-0.005604370469132869,-0.1369615979543054
1449838528,이탈위험(90일+),Q4_고가,,-0.022108558363273675,0.004415495201658154
1450293248,Active(<30일),Q4_고가,0.0,0.029486225663391985,0.046573071847976766
1450354496,이탈위험(90일+),Q4_고가,0.0,-0.01430983010782954,0.039424346833507665
1450502976,이탈위험(90일+),Q1_저가,0.0,-0.011036820484614275,0.034865406020532654
1450541952,Active(<30일),Q3,,0.049394440856928346,-0.09189308387256534
1450592064,Active(<30일),Q4_고가,0.0,0.016390558271540012,-4.2082877643179195e-05
1450933568,Active(<30일),Q3,,0.014157585533587702,-0.003272686734378305
1451052352,관심필요(30~89일),Q2,0.0,-0.0217359787788608,-0.05987949862523495
1451083904,Active(<30일),Q2,0.0,-0.020396541385499123,-0.07611281380921081
1451258368,관심필요(30~89일),Q4_고가,0.0,-0.011135365542867745,0.02656123385155021
1451401280,Active(<30일),Q4_고가,0.0,0.03781026033091084,0.14020185506116134
1451718656,Active(<30일),Q3,1.0,0.04320346931354069,-0.006109894485301748
1451778048,이탈위험(90일+),Q3,0.0,-0.00477445774791338,0.023951777614471204
1451794752,관심필요(30~89일),Q2,0.0,-0.00026100453587840633,-0.007320008004946199
1452032320,이탈위험(90일+),Q4_고가,0.0,-0.014354734405875286,0.033964421661412926
1452266176,관심필요(30~89일),Q2,0.0,-0.01535917321485751,0.012189447266808845
1452282880,Active(<30일),Q1_저가,0.0,0.017029490166148298,-0.021486595725116908
1452286592,관심필요(30~89일),Q4_고가,0.0,0.09954443167106819,0.05405362158303284
1452332992,Active(<30일),Q2,0.0,-0.00017163526983876576,0.0005757101493335526
1452336704,Active(<30일),Q1_저가,0.0,0.024991630123510133,-0.04067169092997219
1452709760,Active(<30일),Q3,0.0,0.015070662310045946,-0.0015852636056951086
1452878656,Active(<30일),Q2,0.0,0.03828201640363066,-0.008627198404675573
1453082816,Active(<30일),Q4_고가,0.0,0.028589204892215836,0.043307473452874334
1453088384,이탈위험(90일+),Q4_고가,0.0,-0.01553919422214553,0.01324343869896405
1453092096,Active(<30일),Q2,0.0,0.02052880405941071,0.04814238864150111
1453366784,관심필요(30~89일),Q1_저가,1.0,0.01593456541760374,0.07300573557398538
1453520832,관심필요(30~89일),Q2,0.0,0.0037657182904852204,0.1606700587826001
1453775104,이탈위험(90일+),Q3,0.0,-0.008225406037281363,0.02828274858958227
1453838208,관심필요(30~89일),Q3,0.0,-0.011650170360129372,0.03702348334757943
1453845632,이탈위험(90일+),Q1_저가,,-0.00860405430848455,0.021195044856492803
1453999680,Active(<30일),Q1_저가,0.0,0.005722663059530564,0.041052445029232165
1454018240,Active(<30일),Q3,,0.047006489905813575,0.03362721880429387
1454021952,관심필요(30~89일),Q2,0.0,-0.020870518970285357,-0.06877350474162602
1454040512,이탈위험(90일+),Q2,0.0,-0.008629507766039393,0.020891770909904003
1454053504,관심필요(30~89일),Q3,0.0,0.010235616483758259,0.06158171140135721
1454068352,Active(<30일),Q4_고가,,0.03528707552501187,0.035180281796384216
1454105472,이탈위험(90일+),Q4_고가,,-0.014202720536436814,0.02361284681572548
1454118464,이탈위험(90일+),Q1_저가,0.0,-0.010204964487391034,0.02688695356559416
1454285504,이탈위험(90일+),Q1_저가,,-0.01140477498704584,0.03950324867055638
1454565760,이탈위험(90일+),Q3,0.0,-0.013093417878108866,0.03659752715956039
1454864576,Active(<30일),Q2,0.0,0.037461795318412094,-0.0167023699905382
1454988928,이탈위험(90일+),Q4_고가,0.0,0.019828161793404714,0.04347769385848918
1454990784,관심필요(30~89일),Q4_고가,1.0,0.07520849911027364,0.006268549865242917
1455053888,이탈위험(90일+),Q2,0.0,-0.01878680437980529,0.0162981666430303
1455491904,Active(<30일),Q3,1.0,0.03380352113565133,0.021720977168619426
1455796288,Active(<30일),Q1_저가,,0.04667056226127031,0.02291460712325266
1455805568,이탈위험(90일+),Q2,1.0,-0.01772689334933608,-0.006385054696467718
1456026432,Active(<30일),Q4_고가,0.0,4.437143564156587e-05,0.05570705378802973
1456063552,Active(<30일),Q4_고가,0.0,0.0149990250278208,0.04138497838858557
1456070976,Active(<30일),Q3,0.0,0.02663215808015984,-0.007241908092121219
1456282560,관심필요(30~89일),Q1_저가,,0.005464509077500651,0.02881063875993345
1456397632,이탈위험(90일+),Q4_고가,0.0,-0.0070592687033272095,0.037165737492918974
1456674176,이탈위험(90일+),Q4_고가,0.0,-0.02270611969918311,0.023394556793084276
1456813376,이탈위험(90일+),Q2,0.0,-0.018695990719514347,-0.0009534619437190084
1456948864,Active(<30일),Q3,0.0,0.12417035028755141,0.13705584207153132
1456960000,Active(<30일),Q4_고가,0.0,0.020683879576390285,0.018841520421810642
1456974848,이탈위험(90일+),Q1_저가,0.0,-0.009627537197058875,0.037006060045488905
1456997120,이탈위험(90일+),Q1_저가,1.0,-0.008532517427814676,0.02822900619869749
1457236544,Active(<30일),Q3,,-0.015457844146471944,0.032098253764966556
1457440704,Active(<30일),Q3,0.0,0.03394857582272537,-0.01778434329642853
1457925120,Active(<30일),Q1_저가,0.0,-0.0036995973755491462,-0.19250877790204635
1457932544,관심필요(30~89일),Q1_저가,0.0,-0.007556079258923293,0.05733348901733594
1457999360,Active(<30일),Q3,1.0,0.02821282759688104,0.0323927316990128
1458209088,관심필요(30~89일),Q1_저가,0.0,-0.009222289065793199,0.023676205439334852
1458210944,이탈위험(90일+),Q4_고가,1.0,-0.02910460997968828,-0.018543361975321943
1458235072,관심필요(30~89일),Q3,0.0,-0.03211004705338949,0.01496420749958488
1458478208,이탈위험(90일+),Q2,0.0,0.008532420553228337,0.061231843437987946
1458543168,Active(<30일),Q1_저가,,0.026395100635954072,-0.02075224620155547
1458548736,이탈위험(90일+),Q1_저가,0.0,-0.004041349993388954,-0.009478549109806444
1458554304,이탈위험(90일+),Q3,,-0.013695065202795294,0.03557923552257061
1458558016,이탈위험(90일+),Q2,1.0,-0.019950078298906673,0.018879680396237206
1458673088,관심필요(30~89일),Q3,0.0,0.0017979019317149736,0.043941930145781544
1458687936,이탈위험(90일+),Q3,,-0.007613673463007065,0.14369851344352647
1458788160,관심필요(30~89일),Q4_고가,0.0,-0.023959551420945274,0.0038119771363854804
1459120384,Active(<30일),Q3,,0.13134247734099025,0.07071906112688625
1459322688,Active(<30일),Q2,,0.03542148884381757,0.03385908657788095
1459471168,이탈위험(90일+),Q2,0.0,-0.004841079806274254,0.0310396975560137
1459541696,Active(<30일),Q1_저가,0.0,0.013396486550291686,-0.019080539257857687
1460007552,Active(<30일),Q3,0.0,0.018169125646154083,-0.047584413136594894
1460182016,Active(<30일),Q3,0.0,-0.003286931701949991,0.06454950632333009
1460209856,관심필요(30~89일),Q2,,0.01575008050094695,-0.04524530074876165
1460332352,관심필요(30~89일),Q3,,-0.009889330965015042,0.047223160247378534
1460831616,Active(<30일),Q4_고가,,0.0333213136600331,0.03273285211820909
1460996800,이탈위험(90일+),Q3,1.0,0.008956270759739635,0.06799266693031075
1461065472,Active(<30일),Q4_고가,0.0,-0.021777665625862863,-0.0038507675054136326
1461113728,관심필요(30~89일),Q3,0.0,-0.024013251610248504,-0.028517519488929416
1461117440,관심필요(30~89일),Q4_고가,0.0,-0.0018815957676556194,0.05685986917942443
1461186112,Active(<30일),Q4_고가,0.0,-0.011617057426722172,-0.024259207500675367
1461575872,관심필요(30~89일),Q3,0.0,-0.025772146940578167,0.017450713251508376
1461614848,Active(<30일),Q4_고가,,0.020373064955167774,-0.007354194615608933
1461781888,관심필요(30~89일),Q4_고가,0.0,-0.0029260192974137206,0.026224442002778736
1461839424,Active(<30일),Q3,,-0.0026939581202670704,0.011432735636603741
1462034304,관심필요(30~89일),Q3,0.0,0.0135302261632122,0.03471031571597383
1462960448,이탈위험(90일+),Q2,0.0,-0.019675669259400744,0.019072808387663162
1462986432,이탈위험(90일+),Q3,1.0,-0.020757894783574093,0.00680384083911563
1463546944,Active(<30일),Q2,0.0,-0.00015325855903991492,0.0003998799581582668
1463700992,Active(<30일),Q2,1.0,0.038427050527338275,0.07741426373989055
1463708416,이탈위험(90일+),Q1_저가,0.0,-0.012102029790899652,0.03243585212301562
1463738112,이탈위험(90일+),Q4_고가,0.0,-0.011776545887276058,0.010332399309451734
1463838336,관심필요(30~89일),Q2,0.0,-0.015395794739982177,0.033720135287515884
1463868032,이탈위험(90일+),Q1_저가,0.0,-0.011577426511637956,0.041083276283999146
1464172416,이탈위험(90일+),Q2,0.0,-0.019698872657095814,0.02099505730671379
1464218816,Active(<30일),Q2,,0.031786146181464026,0.025184054955068702
1464454528,이탈위험(90일+),Q1_저가,0.0,-0.009355508670873786,0.03715561582846751
1464487936,이탈위험(90일+),Q3,0.0,-0.012419717645060654,0.028657893031668963
1464571456,Active(<30일),Q3,1.0,0.019555539366885255,-0.007948860384566103
1464601152,Active(<30일),Q2,0.0,0.045721918525487903,0.07338593389037451
1464738496,이탈위험(90일+),Q4_고가,0.0,-0.013420652146075435,-0.005623711027008038
1464777472,Active(<30일),Q3,1.0,0.07965440984841488,0.0393059493619225
1464786752,Active(<30일),Q4_고가,0.0,0.0176650414498406,-0.03604383157884761
1464810880,이탈위험(90일+),Q2,0.0,-0.01934836715196875,0.015376234632404673
1465061440,Active(<30일),Q1_저가,,0.01124494651963498,0.01591390048478389
1465260032,이탈위험(90일+),Q2,0.0,-0.012988480381528,0.036176203013968344
1465512448,Active(<30일),Q2,0.0,0.020730182964636024,-0.024390104971099502
1465761152,이탈위험(90일+),Q2,,-0.02013933151180264,0.01787472759432382
1465798272,Active(<30일),Q2,0.0,0.009408129204918625,0.00511126804999798
1466037696,Active(<30일),Q1_저가,0.0,0.021864411746272627,-0.07549871400675384
1466403328,Active(<30일),Q3,,0.04644157009917116,-0.003683775852514115
1466429312,Active(<30일),Q3,1.0,0.019091378523794167,0.006314276442302202
1466819072,Active(<30일),Q2,0.0,-0.015187471959294346,-0.0020899897527250078
1466830208,관심필요(30~89일),Q2,0.0,0.013142178394496773,0.014432828706807899
1466906304,Active(<30일),Q1_저가,0.0,0.03580418742673808,-0.03224068233711208
1466973120,관심필요(30~89일),Q3,0.0,-0.02297599026980074,0.0020879850273963774
1467025088,관심필요(30~89일),Q1_저가,1.0,-0.03470646811583583,-0.020100986349634087
1467294208,이탈위험(90일+),Q4_고가,0.0,0.01879973177018098,0.08048250438503782
1467550336,관심필요(30~89일),Q4_고가,1.0,0.03744196114709228,0.05344175953169804
1468003200,관심필요(30~89일),Q4_고가,0.0,-0.012841310027123964,0.18966813004398808
1468157248,이탈위험(90일+),Q3,0.0,-0.004364016221497957,0.02373974411687796
1468346560,이탈위험(90일+),Q2,0.0,-0.03182514899202463,-0.02359893866191795
1468569280,관심필요(30~89일),Q4_고가,0.0,0.0030206230168293713,0.00247913190204771
1468988736,Active(<30일),Q1_저가,1.0,-0.005777394428083005,-0.07494117846189419
1469007296,Active(<30일),Q4_고가,1.0,0.040949006375489594,0.06632110854732487
1469046272,Active(<30일),Q2,,-0.013506541920995652,0.018013931414331164
1469256000,Active(<30일),Q2,0.0,0.0381590373355577,0.011589832050561966
1469359936,이탈위험(90일+),Q4_고가,0.0,-0.026571085892178548,-0.025944035753316635
1469419328,Active(<30일),Q2,0.0,0.032877849860341035,-0.006296436375831327
1469467584,Active(<30일),Q4_고가,0.0,0.05222384673226682,0.06774448403421807
1469577088,이탈위험(90일+),Q2,,-0.025198991329507245,0.003769695787640026
1469738560,이탈위험(90일+),Q3,1.0,-0.020477123598969693,0.0060186148367566
1469825792,관심필요(30~89일),Q3,0.0,0.013679908643744965,-0.0916112676776148
1469926016,관심필요(30~89일),Q4_고가,0.0,-0.011143439642078104,0.031153333773921654
1470039232,관심필요(30~89일),Q1_저가,0.0,-0.010617042950506084,0.01331215327851637
1470681408,관심필요(30~89일),Q1_저가,0.0,-0.013535730677913568,0.018330367354614185
1470785344,이탈위험(90일+),Q1_저가,0.0,-0.011505290378719182,0.026484414796403552
1471123136,관심필요(30~89일),Q2,,-0.00031109204129986523,-0.020276962697001355
1471143552,Active(<30일),Q2,0.0,-0.010726848304496828,-0.007228362953762113
1471297600,관심필요(30~89일),Q3,,-0.009971453624416371,0.04754961960196659
1471440512,이탈위험(90일+),Q1_저가,0.0,-0.010276947706125306,0.04067547084881842
1471694784,이탈위험(90일+),Q3,1.0,-0.01859684623740164,0.02411905494675383
1471704064,관심필요(30~89일),Q2,0.0,0.004723454818815864,0.11992463178612356
1471852544,이탈위험(90일+),Q1_저가,0.0,-0.048988888734670555,0.06627182173275503
1472104960,Active(<30일),Q4_고가,1.0,0.031010218154811087,0.10369003603243221
1472355520,Active(<30일),Q2,0.0,0.014635238870028044,-0.027394119149465213
1473248256,Active(<30일),Q3,0.0,0.011475065453688815,-0.008137630729312506
1473472832,이탈위험(90일+),Q4_고가,0.0,-0.013775560509175902,0.01497255644048573
1473569344,Active(<30일),Q3,0.0,0.017600088153100102,0.062234861002860464
1473651008,Active(<30일),Q2,0.0,0.03328846095862781,0.059228741402420515
1474014784,Active(<30일),Q3,0.0,0.023910116374036172,-0.006491335940719156
1474051904,이탈위험(90일+),Q2,0.0,-0.024299447080415204,-0.011201933005622083
1474224512,Active(<30일),Q2,,0.07298896661571985,-0.012578987696111543
1474283904,관심필요(30~89일),Q4_고가,,-0.002184244971437377,0.01741830918541537
1474345152,관심필요(30~89일),Q4_고가,1.0,-0.012564986806899436,0.026359266164063505
1474497344,Active(<30일),Q2,,0.01545762202891185,0.03313214734748929
1474541888,Active(<30일),Q2,0.0,-0.014431853508275527,-0.07099049481752856
1474560448,이탈위험(90일+),Q2,,-0.01987116623265224,0.022291201913174297
1474734912,관심필요(30~89일),Q3,,0.0018982154830856635,-0.01925776781487415
1474870400,관심필요(30~89일),Q4_고가,0.0,-0.030430947499311495,0.006146191126337824
1474937216,이탈위험(90일+),Q1_저가,1.0,0.011542696475464485,0.05308415551316977
1474985472,Active(<30일),Q2,0.0,0.04203941712455905,0.05065952084123182
1475141376,Active(<30일),Q2,,0.10491657491828149,-0.007195531041683384
1475193344,관심필요(30~89일),Q1_저가,0.0,-0.021297486319026615,0.03282102748189028
1475239744,Active(<30일),Q3,0.0,0.03349993992496336,0.08426414723212397
1475672192,이탈위험(90일+),Q1_저가,,0.01742986839002364,0.04916620966265052
1475700032,Active(<30일),Q1_저가,0.0,-0.003937430735114336,0.04491317794228365
1475835520,이탈위험(90일+),Q2,1.0,-0.004653064708946997,-0.0008571970002249074
1476030400,Active(<30일),Q2,1.0,0.021942303003369662,0.05186072186773183
1476112064,Active(<30일),Q3,0.0,0.04852794111312131,0.00951543503837915
1476143616,관심필요(30~89일),Q3,0.0,0.00991637322883232,0.16317440133832584
1476375616,관심필요(30~89일),Q2,0.0,-0.010871476386973486,0.03890564438027029
1476648448,Active(<30일),Q3,,0.05419805505070696,0.0812592353762448
1476694848,관심필요(30~89일),Q4_고가,0.0,-0.011147746885089946,0.0387313185404206
1476770944,Active(<30일),Q3,0.0,0.023211317476898863,-0.022825385532539766
1476960256,관심필요(30~89일),Q1_저가,0.0,-0.013214598186472776,0.038176074572449925
1477021504,Active(<30일),Q1_저가,0.0,0.02319895964506158,0.020971156397872504
1477648832,이탈위험(90일+),Q4_고가,1.0,-0.013990158851549556,0.01693169322924945
1477656256,이탈위험(90일+),Q3,0.0,0.007873124488226052,0.05562437713304411
1477776896,Active(<30일),Q2,0.0,0.032325050196378435,0.03959955149474581
1478268736,Active(<30일),Q4_고가,1.0,0.028244870284441337,0.04520435875754403
1478313280,Active(<30일),Q2,,0.027940021344994848,-0.0036217679026923078
1478348544,관심필요(30~89일),Q3,1.0,-0.022524172631402245,0.026750567918699897
1478489600,Active(<30일),Q3,0.0,0.024746156824289378,0.018743509277594717
1478552704,관심필요(30~89일),Q2,0.0,-0.01616750711631426,-0.007725663841493757
1478608384,Active(<30일),Q2,1.0,0.07233022493316899,0.05472007546016866
1478656640,관심필요(30~89일),Q2,0.0,-0.01211817063198456,0.009494700666688949
1478812544,관심필요(30~89일),Q3,0.0,-0.0007451134449598662,0.10478985779401667
1478962880,관심필요(30~89일),Q2,1.0,0.0004607095673536121,0.030544052658343437
1479133632,관심필요(30~89일),Q4_고가,0.0,-0.04348093337905573,-0.006431261879188133
1479170752,Active(<30일),Q3,1.0,0.013612689852980586,-0.028464040430817295
1479250560,이탈위험(90일+),Q3,0.0,0.01425619825841723,0.04848639503964361
1479387904,이탈위험(90일+),Q2,1.0,-0.012810883096942269,0.02635519621718791
1479527104,Active(<30일),Q2,0.0,-0.012185890312465586,-0.031848992693926576
1479566080,이탈위험(90일+),Q4_고가,0.0,-0.013931230066172279,0.01387387898991782
1479623616,Active(<30일),Q3,1.0,0.027393632765217668,-0.028793044440446836
1479749824,이탈위험(90일+),Q4_고가,1.0,-0.025530190293774124,0.12535845765937237
1479915008,Active(<30일),Q3,,-0.02166543901274276,-0.06517463769220622
1480061632,이탈위험(90일+),Q4_고가,,0.01743961635895866,0.08402606075221022
1480115456,Active(<30일),Q2,0.0,0.02969219394873235,-0.02149608746049203
1480143296,이탈위험(90일+),Q1_저가,1.0,-0.018023780492992802,0.013193870701749752
1480276928,관심필요(30~89일),Q4_고가,0.0,0.0020938600382243433,-0.045178362220735735
1480469952,Active(<30일),Q4_고가,0.0,0.020461404438968933,0.08537443760818375
1480872704,Active(<30일),Q4_고가,0.0,0.014900797749159755,0.05105774139608932
1481052736,이탈위험(90일+),Q1_저가,0.0,-0.010427896909759392,0.030870379179302035
1481100992,Active(<30일),Q2,0.0,0.019071854669505672,-0.09649418274537502
1481138112,Active(<30일),Q2,0.0,0.022998022947393504,0.031888872706985816
1481191936,관심필요(30~89일),Q3,0.0,0.004508791947598734,0.08087992492732998
1481540864,Active(<30일),Q3,0.0,0.03210184898454055,-0.00424373016603713
1481707904,관심필요(30~89일),Q2,,0.01728159645741084,-0.022655839050291726
1481711616,관심필요(30~89일),Q1_저가,1.0,-0.017446455268838257,-0.06196813279422325
1481726464,이탈위험(90일+),Q4_고가,,-0.014966116783578669,0.012759698968506553
1481798848,Active(<30일),Q1_저가,1.0,-0.009283797001650385,0.023878786094007926
1481952896,이탈위험(90일+),Q4_고가,0.0,-0.00739191466846513,0.030461935840037438
1482140352,관심필요(30~89일),Q3,0.0,-0.031680505474688425,-0.010030407358209786
1482229440,Active(<30일),Q1_저가,1.0,0.013698578768544634,0.017696241541702573
1482314816,Active(<30일),Q4_고가,0.0,0.019933849161703487,0.04087657529773403
1482606208,Active(<30일),Q1_저가,1.0,0.0359725700576532,-0.01665913242050887
1482706432,Active(<30일),Q4_고가,,0.01593813630745,0.05249644595626202
1483090624,이탈위험(90일+),Q1_저가,0.0,-0.030397198960379623,-0.016439627281943203
1483137024,Active(<30일),Q3,,0.0403391315603695,0.05256792363567375
1483300352,이탈위험(90일+),Q1_저가,0.0,-0.010731788373103873,0.026064330280961376
1483370880,관심필요(30~89일),Q4_고가,0.0,0.006948154171064036,-0.04585534445789108
1483387584,이탈위험(90일+),Q4_고가,1.0,-0.013826004268710446,0.026030777538996616
1483517504,관심필요(30~89일),Q3,,-0.01648405582636324,0.03435709860296862
1483717952,관심필요(30~89일),Q3,0.0,0.008032235650194536,0.002387742896732714
1483966656,이탈위험(90일+),Q2,1.0,-0.017649867962768365,-0.007405868843387564
1484211648,관심필요(30~89일),Q1_저가,0.0,0.0321842467839627,0.05314771918558649
1484354560,관심필요(30~89일),Q4_고가,0.0,-0.028406756499387398,0.004285537193327665
1484510464,이탈위험(90일+),Q1_저가,0.0,-0.021145680325243457,0.0015316748664450375
1484710912,Active(<30일),Q2,0.0,-0.008270695174795228,0.027907010315848524
1484838976,관심필요(30~89일),Q3,1.0,0.013623812626337606,0.1318492738000232
1484985600,Active(<30일),Q2,0.0,0.034542172836961815,0.03398910369878538
1485113664,관심필요(30~89일),Q2,1.0,-0.013763762460881124,0.03351053514941575
1485182336,이탈위험(90일+),Q3,0.0,-0.01913734305405901,0.0045114396611334595
1485199040,관심필요(30~89일),Q3,,-0.026708849761311826,-0.039524385816052804
1485356800,Active(<30일),Q1_저가,1.0,-0.006269790199748104,0.0025641871852255527
1485419904,Active(<30일),Q4_고가,0.0,0.03752121549656651,-0.038738166925998185
1485494144,이탈위험(90일+),Q1_저가,0.0,-0.009107905240870962,0.037392444376947664
1485629632,Active(<30일),Q2,0.0,0.021888634110009964,0.033822514583393914
1486030528,관심필요(30~89일),Q2,,0.004042200722552403,-0.033225691381210815
1486069504,이탈위험(90일+),Q2,0.0,-0.018540381409783285,0.015213240678645323
1486099200,Active(<30일),Q4_고가,0.0,0.02674449629965181,0.04727061967708543
1486600320,Active(<30일),Q2,,0.04695037786767686,0.036405670986544125
1486604032,관심필요(30~89일),Q4_고가,1.0,-0.01677941598344987,0.02431164974263486
1486717248,관심필요(30~89일),Q3,0.0,-0.027686945943483116,-0.0358011047275589
1486746944,이탈위험(90일+),Q4_고가,1.0,-0.014956539066112662,0.01082651224413178
1486772928,Active(<30일),Q1_저가,1.0,0.006687234017862531,0.02838525665174077
1486984512,이탈위험(90일+),Q4_고가,1.0,-0.006221724900516146,0.06131337721505052
1487056896,이탈위험(90일+),Q4_고가,,-0.015552683995437785,0.04034935862971224
1487118144,관심필요(30~89일),Q1_저가,,-0.03346967781898924,-0.015276843054469524
1487296320,Active(<30일),Q4_고가,,0.023813699223750318,0.0035284885936679444
1487309312,이탈위험(90일+),Q3,0.0,-0.02057318288004574,0.0018160444631872968
1487687936,이탈위험(90일+),Q4_고가,,-0.014618598152457633,0.022437648302785385
1487795584,관심필요(30~89일),Q4_고가,0.0,0.0897899291924405,0.030719266882039187
1487799296,관심필요(30~89일),Q3,0.0,0.007481254080876576,-0.10686023500025627
1487810432,Active(<30일),Q1_저가,1.0,0.036877994531379965,0.11616024036403994
1487847552,관심필요(30~89일),Q2,0.0,-0.03070766548899234,-0.0024255191434184586
1487925504,Active(<30일),Q2,0.0,0.02943682281804416,0.009065102322144747
1487932928,이탈위험(90일+),Q1_저가,0.0,-0.01051532177621136,0.04442016660052954
1487936640,Active(<30일),Q3,0.0,0.017605223971576378,-0.053125070678545105
1488066560,Active(<30일),Q3,,0.004604838873936368,-0.07288837769412793
1488085120,이탈위험(90일+),Q4_고가,0.0,0.017558900448188135,0.062157661747587994
1488281856,Active(<30일),Q1_저가,0.0,0.025871585693209076,0.027016161889013734
1488435904,Active(<30일),Q3,0.0,0.04822360750209498,-0.02154367016065517
1488480448,이탈위험(90일+),Q2,,-0.008276299895445649,0.1168616420730837
1488599232,이탈위험(90일+),Q2,0.0,-0.015356771980191308,0.0271242295737833
1488788544,이탈위험(90일+),Q3,,-0.013438970573715944,0.042443090241712896
1488903616,이탈위험(90일+),Q1_저가,0.0,-0.010177097535374775,0.040453906608411486
1488912896,Active(<30일),Q2,0.0,0.03265253544925106,-0.028261185644982256
1489011264,이탈위험(90일+),Q2,0.0,-0.005686811128102313,0.02613408586525326
1489113344,Active(<30일),Q3,0.0,0.04833292630541075,0.135640083011763
1489506816,관심필요(30~89일),Q2,0.0,0.01712940927331108,0.05720261402017268
1489532800,이탈위험(90일+),Q1_저가,0.0,-0.019066510969394393,0.020664118029266265
1489549504,Active(<30일),Q1_저가,0.0,-0.0023710090584773275,0.031008385489225188
1489670144,관심필요(30~89일),Q3,0.0,0.009698042123963191,0.14909703537275432
1489744384,Active(<30일),Q1_저가,,0.029607081596792262,-0.0257024850751576
1489746240,관심필요(30~89일),Q1_저가,1.0,0.08421790617289138,0.02393518082201196
1490121152,관심필요(30~89일),Q4_고가,1.0,-0.002602614249719859,-0.02847599067263601
1490169408,관심필요(30~89일),Q3,0.0,-0.00834017071538909,0.033336536728341734
1490230656,Active(<30일),Q1_저가,0.0,0.0319137283239227,-0.0046474965944999225
1490386560,이탈위험(90일+),Q1_저가,,0.058012995279734164,0.011448518894817905
1490596288,Active(<30일),Q1_저가,1.0,0.03952273396997452,-0.01641931893822912
1490637120,관심필요(30~89일),Q3,0.0,0.005386872290200573,0.03142414214201211
1490878400,Active(<30일),Q1_저가,0.0,0.00046808033657397274,-0.04597377435402683
1490954496,이탈위험(90일+),Q1_저가,0.0,-0.0235218912718783,-0.010854730454571332
1490965632,Active(<30일),Q1_저가,0.0,0.03029319867879332,-0.07258407866507255
1491669056,Active(<30일),Q1_저가,0.0,0.02341480232812948,-0.018722135557374453
1491899200,이탈위험(90일+),Q1_저가,0.0,-0.017182725065255616,0.017660728447199195
1492335360,Active(<30일),Q2,0.0,-0.008274926157431084,0.06326604785850132
1492439296,Active(<30일),Q1_저가,0.0,0.02773769897360387,-0.02308849092090165
1492539520,관심필요(30~89일),Q4_고가,0.0,-0.005238752787737944,0.05301490342374282
1492541376,관심필요(30~89일),Q3,0.0,-0.005312577108151362,-0.00307882099632667
1492578496,Active(<30일),Q4_고가,0.0,0.03321988688876454,0.01925075871589421
1492678720,Active(<30일),Q2,0.0,0.03669243974634334,0.006846025040593673
1492914432,이탈위험(90일+),Q2,0.0,-0.0017057187451089417,0.05501029923736342
1493088896,관심필요(30~89일),Q4_고가,0.0,0.0010064067428890433,-0.040456524109356906
1493139008,Active(<30일),Q1_저가,,0.025899943892973787,-0.12075998332835924
1493367296,관심필요(30~89일),Q3,0.0,0.011336430076532067,-0.026875727454545806
1493402560,Active(<30일),Q4_고가,0.0,0.036559800285395294,0.06896413058396789
1493404416,관심필요(30~89일),Q1_저가,1.0,-0.013430955616807738,0.006068257833883428
1493450816,이탈위험(90일+),Q2,0.0,-0.011394215810187493,0.043239835044823496
1493526912,Active(<30일),Q3,0.0,0.018516718651440334,0.011503765598650961
1493840576,Active(<30일),Q3,1.0,0.015367755709018827,0.03619119198255982
1493912960,이탈위험(90일+),Q2,,-0.025030379528652835,-0.01320406190486853
1494215488,이탈위험(90일+),Q2,0.0,-0.012444566106801835,0.013970740139019625
1494573696,관심필요(30~89일),Q1_저가,0.0,-0.026797984150542076,-0.02395353642815712
1494675776,Active(<30일),Q2,0.0,0.008460284622206715,-0.03941487394781784
1494761152,관심필요(30~89일),Q2,0.0,-0.019223092307765643,0.001579431414886534
1494803840,관심필요(30~89일),Q3,0.0,0.0010181740357153857,-0.017143021412920373
1494852096,이탈위험(90일+),Q3,0.0,-0.006635669964464221,0.025927445899417007
1495230720,관심필요(30~89일),Q4_고가,,0.058080683097016805,0.05272225290586535
1495336512,관심필요(30~89일),Q3,,0.011643022021027793,-0.05172113143876328
1495685440,이탈위험(90일+),Q2,1.0,0.03233164573740899,-0.008626785408478416
1495872896,Active(<30일),Q3,,0.058206540809851215,-0.08791782694495986
1495980544,Active(<30일),Q1_저가,0.0,0.013222843017900998,-0.03161011652686396
1496060352,Active(<30일),Q1_저가,0.0,0.027543188264599117,-0.06686385837920228
1496290496,Active(<30일),Q3,0.0,0.03257245333461434,0.007718397047040804
1496346176,Active(<30일),Q1_저가,,-0.004530766826217336,-0.007000235867750282
1496622720,이탈위험(90일+),Q2,0.0,-0.012605826226751521,0.029838353099746348
1496687680,이탈위험(90일+),Q4_고가,0.0,-0.014223342907074457,0.017933442786320572
1496808320,이탈위험(90일+),Q4_고가,,-0.007654455698070148,0.03594747038459739
1496871424,Active(<30일),Q2,0.0,0.04075088233304891,0.04205801332528081
1497212928,이탈위험(90일+),Q3,,-0.013443623366496696,0.01545885005759566
1497240768,이탈위험(90일+),Q4_고가,0.0,-0.023055781608688722,0.01889104557447098
1497428224,Active(<30일),Q4_고가,0.0,0.04829247652019075,-0.0010591694121512285
1497769728,Active(<30일),Q2,1.0,0.0962515854540783,0.015941089606837267
1497849536,이탈위험(90일+),Q1_저가,0.0,-0.022262370684011837,0.003264591843291975
1498049984,Active(<30일),Q3,0.0,0.1026879559948024,-0.010563201482717055
1498300544,이탈위험(90일+),Q1_저가,1.0,-0.0044733270981212395,0.07096928944878855
1498367360,Active(<30일),Q2,,0.009719103087342584,-0.04517817739226415
1498599360,관심필요(30~89일),Q2,1.0,0.0056753645276999,0.03887168891697246
1498630912,Active(<30일),Q3,,0.011627206004555024,0.002098159337428074
1498835072,Active(<30일),Q4_고가,1.0,0.02369336160826241,0.11609215747753554
1499159872,이탈위험(90일+),Q4_고가,,-0.032441355362785584,0.06496398438823983
1499508800,Active(<30일),Q4_고가,0.0,0.021349140062434713,0.03701509139863246
1499688832,이탈위험(90일+),Q4_고가,0.0,-0.023160316554993954,0.034312878403201866
1499865152,관심필요(30~89일),Q1_저가,,0.0009227517106542293,0.05759899633563144
1500227072,Active(<30일),Q3,1.0,0.013675959271125304,-0.012354358126019482
1500505472,이탈위험(90일+),Q1_저가,0.0,-0.012327708703723947,0.04128924762963376
1500629824,관심필요(30~89일),Q3,0.0,0.0016690551647443597,0.0044083152398300685
1500707776,Active(<30일),Q2,0.0,-0.013558117363177913,-0.012601685302873311
1500999168,이탈위험(90일+),Q3,1.0,-0.01324297288649584,0.030422421038237835
1501065984,이탈위험(90일+),Q4_고가,1.0,-0.01026235061151981,0.020802657036668476
1501110528,Active(<30일),Q3,0.0,0.03405986996510768,0.0675431591982435
1501169920,이탈위험(90일+),Q4_고가,0.0,-0.013297130535152225,0.020868027918453977
1501528128,Active(<30일),Q4_고가,,0.015027840801609238,0.010786174369728174
1501643200,Active(<30일),Q4_고가,1.0,0.01808724649814719,0.030229167479364993
1501663616,관심필요(30~89일),Q2,0.0,-0.02097626459914892,-0.04413422879875023
1501776832,관심필요(30~89일),Q1_저가,1.0,-0.011137218747206495,0.024005985750022163
1501851072,이탈위험(90일+),Q2,1.0,-0.011157313305286125,0.028185107136599566
1501880768,Active(<30일),Q1_저가,0.0,0.04039327167198001,0.0287309500509374
1501947584,관심필요(30~89일),Q1_저가,,0.0542205778517596,0.029345022029040713
1502073792,이탈위험(90일+),Q3,0.0,-0.011759197690047768,0.029219282985976702
1502094208,관심필요(30~89일),Q1_저가,0.0,0.0031046408904070177,0.015249299708368969
1502096064,이탈위험(90일+),Q2,0.0,-0.0036164140694818214,0.16727484056250475
1502103488,Active(<30일),Q3,0.0,0.014514059229516096,-0.0018562901778349516
1502112768,Active(<30일),Q3,0.0,0.03546224849372015,0.05159537718147278
1502174016,이탈위험(90일+),Q2,0.0,-0.01995504762263932,0.023753103769720618
1502428288,관심필요(30~89일),Q4_고가,0.0,-0.009682030822703525,0.02310940918079496
1502459840,Active(<30일),Q2,0.0,0.03962833217272399,-0.06702125643482082
1502550784,관심필요(30~89일),Q3,,0.015006860298509117,-0.06295987913127954
1502567488,이탈위험(90일+),Q1_저가,0.0,-0.0011709712024764174,0.03046114774414896
1502821760,Active(<30일),Q2,,-0.00014747512089596793,-0.021826543335638826
1502983232,관심필요(30~89일),Q3,,0.010302770212542889,-0.07492817944436769
1503011072,Active(<30일),Q1_저가,,0.12708858196609535,-0.0026026353366538357
1503040768,Active(<30일),Q2,0.0,0.020544745599189174,0.035265249204775584
1503096448,Active(<30일),Q3,0.0,-0.007904604142270094,-0.030290727955106622
1503178112,이탈위험(90일+),Q2,1.0,-0.02046572683703861,0.024283800865376293
1503497344,Active(<30일),Q3,0.0,-0.002805903224747608,-0.002377340538167294
1503499200,Active(<30일),Q2,0.0,0.03375898411839051,-0.02351272855885922
1503757184,Active(<30일),Q1_저가,0.0,0.026047053788198465,0.057694653655251615
1503859264,관심필요(30~89일),Q2,0.0,0.013060165598372198,-0.009844166269826371
1503875968,관심필요(30~89일),Q1_저가,,-0.019463205650982113,0.009457987769597304
1503985472,Active(<30일),Q4_고가,0.0,-0.0076738436924938536,-0.00853389274782379
1504030016,관심필요(30~89일),Q3,0.0,0.005092205141164374,-0.010794203839364691
1504115392,Active(<30일),Q2,0.0,0.04699822366176798,0.07910924889788318
1504291712,관심필요(30~89일),Q1_저가,0.0,0.03687743452481705,0.0588357023682764
1504410496,이탈위험(90일+),Q4_고가,0.0,0.019476696490223017,0.00695568799567739
1504417920,관심필요(30~89일),Q2,1.0,0.0113990953513598,-0.014919042112960357
1504549696,Active(<30일),Q4_고가,1.0,0.09417097606632563,0.07708778472518385
1504978432,관심필요(30~89일),Q4_고가,,-0.003133574920998611,0.05707525683797607
1505130624,Active(<30일),Q4_고가,0.0,0.03631320857667453,0.033593668344622074
1505238272,Active(<30일),Q1_저가,0.0,0.025672361699514146,-0.07249842287648556
1505258688,Active(<30일),Q2,0.0,0.03539822538058013,-0.05598398345653066
1505958400,Active(<30일),Q4_고가,0.0,0.013374451512824792,0.018290415416419403
1506125440,Active(<30일),Q2,0.0,0.02366459886248362,0.06495402850249565
1506195968,이탈위험(90일+),Q4_고가,,-0.01376044122417943,0.02210131715621312
1506320320,Active(<30일),Q1_저가,0.0,-0.008913503801876665,0.008832065240034048
1506504064,이탈위험(90일+),Q4_고가,0.0,-0.017642433712216292,0.08867815488266473
1506652544,Active(<30일),Q2,0.0,0.02695794330978163,-0.04729101601324737
1506656256,관심필요(30~89일),Q2,,-0.01895976534880406,-0.04213592896124779
1506869696,관심필요(30~89일),Q1_저가,0.0,-0.03363057454491536,0.023135458097501782
1506929088,관심필요(30~89일),Q3,1.0,-0.010885487077978775,0.03650102430966444
1507092416,Active(<30일),Q1_저가,1.0,0.001990075641712455,0.023712921058489767
1507361536,Active(<30일),Q3,,0.017269424116426513,0.017889454291651452
1507443200,관심필요(30~89일),Q4_고가,,0.0011800118575695517,0.10926734941062122
1507511872,이탈위험(90일+),Q2,0.0,0.011895352780047566,0.057828329793296246
1507671488,Active(<30일),Q3,,0.03936181718615889,-0.09977566476010996
1507703040,이탈위험(90일+),Q2,,-0.012603582900487895,0.04398315923895087
1507780992,이탈위험(90일+),Q4_고가,0.0,-0.02067451180054221,0.005445294779199639
1507877504,Active(<30일),Q3,0.0,0.04452952263453902,-0.04066753205746709
1508285824,이탈위험(90일+),Q3,0.0,-0.029580898008166295,0.012472046639121076
1508369344,관심필요(30~89일),Q4_고가,0.0,0.06649253697498314,0.009335706430215474
1508475136,관심필요(30~89일),Q1_저가,,0.011728490593149177,-0.012270735983303666
1508614336,Active(<30일),Q1_저가,0.0,0.010261605106721083,0.018491931090571956
1508736832,Active(<30일),Q2,0.0,0.03708284841243892,0.04981159975448923
1508740544,이탈위험(90일+),Q2,0.0,-0.013206079309727371,0.03999795810461031
1508983680,Active(<30일),Q2,,0.01944908849954341,0.001295098267498962
1509135872,Active(<30일),Q3,0.0,0.026787268278210652,-0.02162377328295295
1509482944,이탈위험(90일+),Q2,,-0.0186134591353337,0.009630017747762912
1509492224,Active(<30일),Q4_고가,0.0,0.007010520101466244,-0.025985306330389868
1509527488,Active(<30일),Q3,0.0,0.015044383607240253,-0.010619247181116065
1509536768,관심필요(30~89일),Q3,0.0,-0.005976960383759444,0.07917760215205583
1509703808,Active(<30일),Q3,1.0,0.023059249041451735,0.028904962050054328
1509778048,관심필요(30~89일),Q2,,0.006079881884637761,0.008463534337018574
1509893120,관심필요(30~89일),Q3,0.0,0.008726578719944672,-0.002807626791882234
1510080576,Active(<30일),Q3,,0.11370188141390647,0.008356121075216938
1510132544,관심필요(30~89일),Q3,0.0,0.004182425979497639,0.12117948119235811
1510151104,관심필요(30~89일),Q3,0.0,-0.0010872239935741657,0.023782008097582352
1510245760,관심필요(30~89일),Q2,0.0,0.009869091765528304,0.10062527451376846
1510277312,Active(<30일),Q2,1.0,0.10332844078586889,-0.01566328107757331
1510993728,이탈위험(90일+),Q4_고가,0.0,-0.016325171404708905,0.08286693334373313
1511138496,Active(<30일),Q4_고가,0.0,0.041448056903250596,0.053698098327199406
1511277696,Active(<30일),Q2,,0.02153206944382735,0.013662222252385892
1511775104,Active(<30일),Q3,1.0,0.03218294946668698,-0.017162231235818504
1511931008,관심필요(30~89일),Q1_저가,0.0,-0.018223195508656947,0.003635078674320835
1511942144,Active(<30일),Q2,0.0,0.03132132097462237,0.013155031747924095
1512038656,Active(<30일),Q1_저가,0.0,0.031114601427755018,-0.057038437984745394
1512419136,이탈위험(90일+),Q1_저가,0.0,-0.019016538922661044,0.0178274005296368
1512732800,Active(<30일),Q3,0.0,0.01637110184501611,-0.012386862285223454
1512766208,이탈위험(90일+),Q3,0.0,-0.013372275036291445,0.0434204871534037
1512840448,이탈위험(90일+),Q2,0.0,-0.01973590487847582,0.026792198838281184
1513040896,이탈위험(90일+),Q1_저가,0.0,-0.00953573148613883,0.041905154640360785
1513272896,관심필요(30~89일),Q2,0.0,-0.022706317469726456,-0.02010159647604362
1513657088,Active(<30일),Q4_고가,0.0,0.02348165019187254,0.030657244809826012
1513709056,이탈위험(90일+),Q1_저가,0.0,-0.009375301132300673,0.0291830506956281
1513857536,관심필요(30~89일),Q1_저가,,-0.008094610736123109,0.04330631122743675
1513916928,이탈위험(90일+),Q3,1.0,-0.025418442859000745,0.003437545400569536
1514367936,관심필요(30~89일),Q2,,0.008698578729823991,0.007691731676367497
1514406912,이탈위험(90일+),Q4_고가,0.0,-0.015421409953595873,0.036454686042353565
1514540544,관심필요(30~89일),Q1_저가,,-0.018856910026959467,0.02802227511341296
1514542400,이탈위험(90일+),Q2,0.0,-0.017566905443630945,0.016915755753988543
1514559104,이탈위험(90일+),Q3,0.0,0.023194246273279484,0.004995323508493216
1514560960,이탈위험(90일+),Q4_고가,0.0,-0.011767509982935742,-0.0001940456547848135
1514783680,Active(<30일),Q4_고가,0.0,-0.012750765326440067,-0.020258066786129375
1514798528,관심필요(30~89일),Q2,0.0,0.002475106060054827,-0.009872050693288587
1514820800,관심필요(30~89일),Q2,0.0,-0.011381411920223627,0.040903246850937935
1514904320,Active(<30일),Q4_고가,0.0,0.02423177264408194,0.004574867801812932
1515221696,Active(<30일),Q2,0.0,0.04427545547710465,0.0485361426109876
1515232832,이탈위험(90일+),Q3,0.0,-0.013271050802824126,0.03677131996781051
1515253248,관심필요(30~89일),Q2,0.0,-0.01883511051173048,0.0790922746665455
1515312640,Active(<30일),Q1_저가,,-0.002033728299528581,-0.05866017621462277
1515466688,Active(<30일),Q3,0.0,0.02493592221114238,0.0032409594237094996
1515509376,Active(<30일),Q2,0.0,-0.01839569765641763,-0.04517083058438842
1515615168,이탈위험(90일+),Q1_저가,0.0,-0.008595920881367403,-0.0007043632725523552
1515693120,이탈위험(90일+),Q2,0.0,-0.03068308766698688,-0.003404145467258868
1515756224,Active(<30일),Q1_저가,0.0,0.03311095229694028,-0.04034965112016109
1515817472,Active(<30일),Q1_저가,1.0,0.036232542807611234,0.09555405707159459
1515836032,Active(<30일),Q4_고가,0.0,0.021635945738918583,-0.00928480566182699
1516010496,이탈위험(90일+),Q3,,-0.007997628363799067,0.02665059702091878
1516012352,이탈위험(90일+),Q2,1.0,0.009884295135442471,0.036314723056221035
1516121856,Active(<30일),Q4_고가,,0.08302908918602847,0.049931559681356985
1516478208,Active(<30일),Q3,,0.02373705857462538,-0.027971632981292682
1516548736,이탈위험(90일+),Q2,,-0.009980984318985558,-0.021699392828995523
1516619264,관심필요(30~89일),Q2,0.0,-0.008138039497764885,0.04643326660876117
1516910656,이탈위험(90일+),Q1_저가,0.0,-0.010086295181917095,0.01647873602410238
1517317120,이탈위험(90일+),Q1_저가,0.0,-0.01127230335011551,0.027985977268288928
1517400640,이탈위험(90일+),Q1_저가,0.0,-0.022285219241933107,0.00800390314456606
1517471168,관심필요(30~89일),Q1_저가,0.0,-0.016181740664557548,0.026477284599078388
1517953728,Active(<30일),Q3,,0.10904698575124172,0.02395328340241676
1518193152,관심필요(30~89일),Q1_저가,,0.0833511105962153,-0.0009335904931629946
1518215424,이탈위험(90일+),Q2,,-0.012875544088886082,0.03585417955633253
1518278528,Active(<30일),Q2,0.0,0.003963896265521738,0.060055438923242666
1518482688,관심필요(30~89일),Q2,0.0,-0.016304836418776447,0.01852683218093304
1518612608,Active(<30일),Q2,,0.02163490452149963,-0.07647620208210759
1518699840,이탈위험(90일+),Q1_저가,0.0,-0.01080978195411713,0.026478186862255643
1518727680,이탈위험(90일+),Q3,0.0,-0.02203428211380959,0.0017749812978875568
1518905856,이탈위험(90일+),Q1_저가,0.0,-0.021067671772246763,-0.019443900248939855
1519178688,Active(<30일),Q2,0.0,-0.0028290589275427047,0.06165890492366044
1519247360,Active(<30일),Q3,0.0,-0.01680923950126878,0.025374784556228158
1519258496,Active(<30일),Q3,0.0,0.05657207466115777,0.04408224305235686
1519685376,관심필요(30~89일),Q2,0.0,0.00312786022500236,0.03721195979917885
1519731776,Active(<30일),Q2,0.0,0.03297642371098075,0.05330999120470359
1519813440,Active(<30일),Q3,0.0,0.021569427668907903,-0.027937080305881046
1520039872,Active(<30일),Q1_저가,0.0,0.0017059164447587039,-0.0993602648972639
1520051008,관심필요(30~89일),Q3,1.0,-0.031134557765691767,-0.04982543190560443
1520052864,관심필요(30~89일),Q3,0.0,0.0019429697445081107,-0.0006459546745498368
1520205056,이탈위험(90일+),Q1_저가,0.0,-0.0008810917822468373,0.03225705206151201
1520245888,이탈위험(90일+),Q1_저가,0.0,-0.02328401955989759,-0.011493387868426463
1520281152,이탈위험(90일+),Q3,0.0,-0.012462198683456126,0.019209716838945984
1520288576,이탈위험(90일+),Q3,0.0,-0.01925763838265218,0.004133329450711223
1520531712,Active(<30일),Q2,0.0,0.020455259836858364,0.04253150772536707
1520561408,Active(<30일),Q3,0.0,0.12317120098811485,0.13253319718765777
1520804544,Active(<30일),Q2,0.0,0.007044134296165516,0.01964772583855695
1520836096,Active(<30일),Q1_저가,0.0,-0.011873228266097435,-0.009533625466065343
1521021696,Active(<30일),Q3,1.0,-0.005314995703691386,0.01494406247120933
1521053248,Active(<30일),Q2,,0.020749133059641656,-0.020376171640464347
1521088512,Active(<30일),Q3,0.0,0.0316208814654787,0.028078604562283727
1521092224,관심필요(30~89일),Q1_저가,0.0,-0.013986520959451187,-0.012557181835236658
1521209152,Active(<30일),Q2,0.0,0.010056574789854222,0.0133318364689676
1521268544,이탈위험(90일+),Q1_저가,0.0,-0.015188536944759565,0.021817792947429082
1521342784,관심필요(30~89일),Q1_저가,0.0,-0.023110062908918205,-0.01628046880424225
1521344640,관심필요(30~89일),Q2,0.0,-0.01661797295103372,0.020925035327278504
1521352064,Active(<30일),Q1_저가,0.0,-0.006703860861830502,-0.04259912492039891
1521405888,Active(<30일),Q3,0.0,0.0695569670180417,0.09321525926657984
1521450432,이탈위험(90일+),Q4_고가,0.0,-0.02187947150354491,0.007977320036229446
1521825344,관심필요(30~89일),Q1_저가,0.0,-0.02013816211847158,-0.016994070094971947
1522267072,이탈위험(90일+),Q1_저가,0.0,-0.010120808872382654,0.027804921846644917
1522311616,Active(<30일),Q1_저가,,0.024146288458082643,-0.002906754116253185
1522523200,이탈위험(90일+),Q1_저가,,-0.009330596786326244,0.035423786636424995
1522614144,Active(<30일),Q2,0.0,0.02079521753359065,-0.003981403679343354
1522723648,Active(<30일),Q1_저가,0.0,0.028167712071167195,-0.050373259412241356
1522909248,Active(<30일),Q4_고가,0.0,0.025257223204006363,0.03439031512837565
1522914816,관심필요(30~89일),Q1_저가,0.0,-0.008198158224190705,0.0597751120992738
1522987200,이탈위험(90일+),Q4_고가,,0.022529244885103994,0.07298988360771252
1523031744,이탈위험(90일+),Q4_고가,,-0.013278905778082085,0.026935105717668648
1523039168,관심필요(30~89일),Q4_고가,0.0,0.001912643997379948,0.048622696612446836
1523195072,Active(<30일),Q2,0.0,0.02444064119727163,0.0003668119937911829
1523349120,Active(<30일),Q2,0.0,0.042879789114959044,0.13333148121451954
1523467904,관심필요(30~89일),Q2,0.0,0.10695489892684579,0.012880913913977277
1523581120,이탈위험(90일+),Q4_고가,0.0,-0.01470264203395942,0.008805201076428251
1523582976,Active(<30일),Q2,0.0,0.02807716938744803,0.038319061804979765
1523638656,Active(<30일),Q1_저가,0.0,0.006669463876005172,0.04070950574287924
1523672064,Active(<30일),Q3,0.0,0.018695101749165388,0.024245842009082086
1523673920,Active(<30일),Q1_저가,0.0,0.017145893203965867,-0.011840173712600155
1523874368,이탈위험(90일+),Q4_고가,0.0,-0.015674482855645447,0.026363340464210988
1523900352,Active(<30일),Q4_고가,0.0,-0.009457365889838504,0.006829562564206901
1524115648,Active(<30일),Q3,,0.01405207783844259,-0.0674194279783189
1524254848,Active(<30일),Q3,0.0,0.04930811976866589,0.012058390083068415
1524390336,이탈위험(90일+),Q2,0.0,-0.029873167488452756,-0.03027907284250149
1524392192,관심필요(30~89일),Q1_저가,0.0,0.03376162457459585,0.07380714111589762
1524401472,Active(<30일),Q1_저가,0.0,-0.005881145848297187,-0.0027373476264244967
1524579648,관심필요(30~89일),Q2,,-0.022174350935591003,-0.12692181573727473
1524728128,이탈위험(90일+),Q4_고가,0.0,-0.01750617004300152,0.06017358592012459
1524746688,이탈위험(90일+),Q4_고가,0.0,-0.020874338252945476,0.011498270025804225
1524752256,관심필요(30~89일),Q2,0.0,-0.017002141156877718,0.02103787523698028
1524796800,관심필요(30~89일),Q1_저가,,-0.016347011737151224,0.008284862908486942
1524828352,이탈위험(90일+),Q3,0.0,-0.004945788051218716,0.017835043098074044
1524869184,Active(<30일),Q4_고가,,0.01312379649637252,-0.03676938113636741
1525116032,관심필요(30~89일),Q4_고가,0.0,-1.952253374781776e-05,0.015830178667324113
1525333184,Active(<30일),Q2,0.0,0.03461994028751347,-0.013382670770924032
1525448256,Active(<30일),Q4_고가,0.0,-0.012514418004681033,0.0670304701596407
1525466816,Active(<30일),Q4_고가,1.0,0.011513488669284533,0.0012269945782110714
1525557760,이탈위험(90일+),Q2,0.0,-0.01245239695363333,0.026464082797439746
1525672832,이탈위험(90일+),Q1_저가,0.0,-0.008479235538360892,0.03678522651375158
1526261184,Active(<30일),Q3,,0.018620068648059984,-0.014250893524217156
1526673216,Active(<30일),Q3,0.0,0.09413133832187659,0.05139768608711137
1526723328,이탈위험(90일+),Q3,0.0,-0.018146545908724415,0.006427012282534977
1526910784,Active(<30일),Q3,,0.04958267628455115,-0.0021885099370169137
1527053696,이탈위험(90일+),Q2,0.0,0.009224084304370522,0.03036525401935919
1527098240,Active(<30일),Q3,0.0,0.0016299136595734343,0.04366944757264968
1527317248,Active(<30일),Q2,,0.025219588192876174,0.01724787391791971
1527397056,관심필요(30~89일),Q1_저가,0.0,0.011139677439141932,0.03435579301984992
1527462016,Active(<30일),Q1_저가,0.0,0.008569908105577229,-0.03709565493380218
1527744128,관심필요(30~89일),Q1_저가,0.0,-0.011156248892292747,-0.008606687408092867
1527803520,이탈위험(90일+),Q2,0.0,-0.012105171071987643,0.027539522547233422
1528209984,Active(<30일),Q2,0.0,-0.017043412144843784,-0.05819119666826711
1528230400,Active(<30일),Q3,0.0,0.10835842980178811,-0.0030326268266310796
1528321344,관심필요(30~89일),Q2,0.0,-0.015325372244278046,-0.016128835973960476
1528351040,Active(<30일),Q3,0.0,0.022362633383319785,-0.050129079759034245
1528538496,이탈위험(90일+),Q1_저가,0.0,-0.03365983376105472,0.004945593896254791
1528607168,관심필요(30~89일),Q3,0.0,-0.02783765279409589,-0.06029366236108158
1528618304,Active(<30일),Q3,0.0,0.05173581444947306,-0.03001735506104175
1528662848,관심필요(30~89일),Q3,1.0,-0.026760645709715758,-0.015337469469143883
1528781632,Active(<30일),Q4_고가,1.0,-0.008978718101354324,0.007201035232245689
1528813184,관심필요(30~89일),Q3,1.0,-0.032370755720444844,0.004534784806692227
1528883712,이탈위험(90일+),Q2,0.0,-0.004575962361951513,0.029504291553694204
1528978368,이탈위험(90일+),Q1_저가,,-0.014729516596996839,0.024679880124967288
1529158400,이탈위험(90일+),Q2,0.0,-0.0127935881075555,0.02531060393781795
1529176960,이탈위험(90일+),Q1_저가,,0.07009575268245799,0.05631858346877669
1529193664,이탈위험(90일+),Q3,0.0,-0.02036096287409009,0.024704627025202028
1529197376,관심필요(30~89일),Q2,0.0,0.005523817533483827,0.02626771213291265
1529358848,Active(<30일),Q4_고가,0.0,0.0011470896181670076,-0.058418418560541974
1529527744,Active(<30일),Q4_고가,,0.029757865043172793,0.034426583076119344
1529648384,이탈위험(90일+),Q1_저가,0.0,-0.008189092142831984,0.0380764822404063
1529711488,관심필요(30~89일),Q4_고가,0.0,-0.017044493326594384,0.03345420139751354
1529798720,이탈위험(90일+),Q2,1.0,-0.013045988230698913,0.02464901375840234
1529876672,Active(<30일),Q3,,0.0167194151619377,-0.041829668833221645
1529887808,Active(<30일),Q1_저가,0.0,-0.0030912439236055744,0.023631966337838595
1529962048,Active(<30일),Q3,1.0,0.0638173287720184,-0.016493939043662476
1529993600,Active(<30일),Q2,,0.050682501737156715,0.017494406128725548
1530032576,Active(<30일),Q2,0.0,0.023597798690139227,-0.08198953294069034
1530047424,Active(<30일),Q1_저가,0.0,0.03527909558978837,0.06988737809147438
1530140224,관심필요(30~89일),Q2,0.0,0.007898172173958551,-0.018592691715176746
1530260864,이탈위험(90일+),Q1_저가,0.0,-0.0090085412124108,0.04226931929899051
1530297984,Active(<30일),Q2,0.0,-0.012111624329468995,-0.1211089291539793
1530307264,이탈위험(90일+),Q1_저가,0.0,-0.009272103542700395,0.015365614616833431
1530377792,이탈위험(90일+),Q2,0.0,-0.024357468180844513,-0.010440535671442472
1530426048,관심필요(30~89일),Q4_고가,,0.005558403281294977,0.06743511765107568
1530427904,관심필요(30~89일),Q4_고가,,0.06878359105717063,0.02161064073378921
1530437184,관심필요(30~89일),Q3,0.0,-0.0012106390162929803,0.04369814266761167
1530455744,이탈위험(90일+),Q1_저가,0.0,-0.012026393219108839,0.031482316394441594
1530559680,Active(<30일),Q4_고가,0.0,0.020138548644323073,0.11022753332402446
1530591232,Active(<30일),Q4_고가,0.0,0.015303609012411568,0.025560031055252064
1530624640,Active(<30일),Q1_저가,,-0.017921347470662485,-0.08201632705778861
1530784256,이탈위험(90일+),Q3,,-0.008855467784080806,-0.02853617790289026
1530984704,이탈위험(90일+),Q1_저가,0.0,-0.014883418770028925,0.022192614320669504
1531021824,Active(<30일),Q2,0.0,0.033565915234262444,-0.014376676688607093
1531088640,이탈위험(90일+),Q1_저가,0.0,0.011805296387499387,0.04501886242997032
1531391168,이탈위험(90일+),Q2,0.0,-0.004455583783849637,0.044952464241828805
1531673280,Active(<30일),Q2,0.0,0.03732885724212964,0.011874723163802225
1531894144,관심필요(30~89일),Q3,,-0.022517477442947964,-0.00014776340352110062
1531897856,관심필요(30~89일),Q1_저가,0.0,-0.0060664134584006435,0.05065781009640484
1531901568,이탈위험(90일+),Q1_저가,,-0.011596392587976477,0.04310155288503419
1531942400,Active(<30일),Q3,0.0,0.01816479542022542,-0.019934157123524643
1531999936,이탈위험(90일+),Q1_저가,0.0,-0.009702774031467756,0.016013436675225604
1532139136,이탈위험(90일+),Q1_저가,0.0,-0.019162328359077024,-0.016671449566631594
1532152128,이탈위험(90일+),Q1_저가,,-0.015914115819723573,0.0057208190470945525
1532211520,Active(<30일),Q2,0.0,0.024229746371619898,-0.00899286198155258
1532356288,Active(<30일),Q4_고가,0.0,0.01779046783382876,0.10501783238293783
1532406400,이탈위험(90일+),Q1_저가,,-0.010532936581447508,0.033467261922483275
1532465792,이탈위험(90일+),Q3,0.0,-0.018035277086229984,-0.03347837599886516
1532617984,Active(<30일),Q4_고가,0.0,0.02093507669879574,0.03737699948571355
1532916800,Active(<30일),Q1_저가,,0.026389891641510066,-0.058774511422156284
1532968768,Active(<30일),Q4_고가,,0.014026939186381204,0.020524238824170093
1532985472,Active(<30일),Q2,0.0,0.017148104946421383,0.010157872879286156
1533005888,Active(<30일),Q3,0.0,0.01925648589545126,-0.027431171050004255
1533056000,Active(<30일),Q4_고가,,0.026152559465648983,0.04034167765204566
1533085696,Active(<30일),Q2,0.0,-0.006552270238849189,0.057816320954816314
1533094976,관심필요(30~89일),Q1_저가,0.0,-0.012822281104155453,-0.0021067831788935537
1533260160,관심필요(30~89일),Q2,0.0,-0.027469578034723552,-3.937782619115038e-05
1533284288,Active(<30일),Q1_저가,0.0,0.022781635074379913,-0.08329146877884575
1533315840,이탈위험(90일+),Q3,0.0,-0.027362069660532423,0.0066584415878803704
1533347392,이탈위험(90일+),Q4_고가,0.0,-0.008736157099901193,0.03536858765821489
1533560832,관심필요(30~89일),Q1_저가,0.0,-0.012933465748298761,0.012102553780475117
1533586816,관심필요(30~89일),Q2,0.0,-0.027474418526296007,0.01758244174198559
1533720448,이탈위험(90일+),Q3,,-0.012474633088605129,0.04755459977356009
1533870784,관심필요(30~89일),Q2,,-0.02714064233520569,-0.0034468214453960977
1533956160,이탈위험(90일+),Q3,1.0,-0.005894897071260723,0.037434261568692534
1534115776,관심필요(30~89일),Q3,1.0,-0.017008955292270145,0.023356417542373192
1534243840,이탈위험(90일+),Q4_고가,1.0,-0.009839349562187613,0.02817035698991234
1534293952,Active(<30일),Q4_고가,,0.021086946087523817,0.015563504346675971
1534427584,Active(<30일),Q2,,0.017672823345973643,0.03141202923356956
1534459136,이탈위험(90일+),Q1_저가,,0.009870006199811925,0.060956690385261456
1534694848,Active(<30일),Q2,,0.0274428928527346,-0.006669302347201311
1534698560,Active(<30일),Q3,0.0,0.05542189902170813,0.040260305099505844
1534802496,이탈위험(90일+),Q4_고가,0.0,-0.010111457674718272,0.025626078338232883
1535370432,관심필요(30~89일),Q4_고가,0.0,-0.013130442981736129,0.0063075754045395505
1535403840,이탈위험(90일+),Q2,0.0,-0.0037533446887385025,0.14528227609030164
1535509632,Active(<30일),Q1_저가,0.0,0.019749785913720563,-0.013785791904929567
1535561600,Active(<30일),Q3,0.0,0.06393491629683112,0.09143654893707076
1535602432,이탈위험(90일+),Q4_고가,,-0.00539153706271861,0.06504114898343988
1535613568,이탈위험(90일+),Q3,0.0,-0.031077481713302185,-0.007870698717023478
1535723072,관심필요(30~89일),Q1_저가,1.0,-0.013060481072052446,-0.005902512443001218
1535752768,관심필요(30~89일),Q1_저가,0.0,0.00846769022203403,0.004073500049618595
1535763904,이탈위험(90일+),Q3,,-0.013215316849733476,0.03124884257931973
1535817728,이탈위험(90일+),Q3,0.0,-0.01836966663709326,0.011644691274412117
1536097984,관심필요(30~89일),Q3,0.0,0.007197068383747229,0.1772548006732143
1536309568,이탈위험(90일+),Q3,0.0,-0.011436169928136453,0.03984357518180656
1536331840,이탈위험(90일+),Q4_고가,0.0,-0.013960497534266321,0.025851376894835812
1536506304,Active(<30일),Q3,0.0,-0.021834528610180426,-0.06393875536074328
1536675200,이탈위험(90일+),Q1_저가,0.0,0.012533955255361467,0.039469038448023165
1536996288,관심필요(30~89일),Q3,0.0,-0.0199189454683453,0.009995576949386409
1537120640,이탈위험(90일+),Q2,0.0,-0.012474600822995528,0.01963329054890975
1537206016,관심필요(30~89일),Q3,0.0,0.0019599819145789676,-0.03503483627061302
1537471424,Active(<30일),Q1_저가,0.0,0.023791903440831208,-0.03277221228733096
1537560512,Active(<30일),Q3,0.0,0.01554567906316029,-0.04627543391786049
1537801792,Active(<30일),Q3,0.0,0.011053170108323074,0.005080192174312548
1537812928,이탈위험(90일+),Q2,1.0,-0.013211018865544509,0.008340782861181548
1537924288,이탈위험(90일+),Q1_저가,0.0,-0.011472891976635043,0.04420170249969308
1538250944,이탈위험(90일+),Q1_저가,0.0,-0.011366062379951018,0.04542691270280577
1538267648,이탈위험(90일+),Q2,1.0,-0.02314550485704192,-0.018949550036464397
1538321472,Active(<30일),Q1_저가,0.0,0.05308557897232302,-0.0004527396927220817
1538379008,Active(<30일),Q1_저가,1.0,0.031080452096921785,0.025282766715150284
1538533056,Active(<30일),Q3,1.0,0.020865841833263232,0.03150944052211191
1539088000,이탈위험(90일+),Q3,1.0,-0.013026745328798828,0.04381221323010345
1539121408,이탈위험(90일+),Q1_저가,0.0,-0.0102320572938773,0.02666512839341066
1539206784,Active(<30일),Q3,0.0,0.018399358815227362,-0.061068085037551234
1539338560,관심필요(30~89일),Q2,,-0.003107095073388494,-0.006841741825204084
1539368256,이탈위험(90일+),Q2,,0.03900077787409906,0.010554573885722007
1539459200,Active(<30일),Q2,1.0,0.014356900848215726,0.03728664394602732
1539596544,Active(<30일),Q3,,0.07646643507005435,-0.023366915842645608
1539772864,이탈위험(90일+),Q4_고가,0.0,-0.018223297720726006,0.07935328697570765
1539917632,관심필요(30~89일),Q2,,-0.026653474341182537,-0.006646237655151266
1539954752,이탈위험(90일+),Q4_고가,,-0.008457859640563309,-0.01008697025047206
1540253568,Active(<30일),Q3,,0.023324263559841296,0.006072888970685697
1540268416,이탈위험(90일+),Q1_저가,0.0,-0.007342992194477538,0.00609940426899333
1540283264,관심필요(30~89일),Q2,,0.0035281081100491107,0.09324843054518833
1540316672,Active(<30일),Q2,,0.032316944499239164,0.03241545432463144
1540515264,관심필요(30~89일),Q1_저가,,-0.0076312231381240325,0.036512858785211044
1540569088,관심필요(30~89일),Q3,0.0,0.0031509293843657304,0.011949166302663516
1540686016,Active(<30일),Q4_고가,1.0,0.007320717943366528,-0.014453091665058815
1540832640,이탈위험(90일+),Q2,1.0,-0.012774215341491264,0.03643256963281091
1540879040,이탈위험(90일+),Q4_고가,,-0.028955103625099274,-0.0036364884480812876
1541086912,이탈위험(90일+),Q2,,-0.024215727149797972,-0.030865567802027344
1541343040,관심필요(30~89일),Q3,0.0,0.010493223092700843,-0.08313676208623128
1541378304,Active(<30일),Q4_고가,0.0,0.00510909473528276,0.0047589091754984825
1541406144,Active(<30일),Q4_고가,,0.020048742640641493,0.05957532000451693
1542055744,관심필요(30~89일),Q2,0.0,-0.0017970137814442566,-0.03134572001520031
1542274752,Active(<30일),Q3,,0.020785931415865044,0.0022280699735616194
1542462208,관심필요(30~89일),Q2,0.0,0.008860473763463328,0.10002491285473147
1542475200,이탈위험(90일+),Q3,0.0,-0.013223942763542704,0.028661833787348066
1542621824,이탈위험(90일+),Q2,1.0,-0.020628272362360978,0.012950027997786329
1542699776,관심필요(30~89일),Q4_고가,,-0.02534953942016449,0.009134266195354762
1542781440,Active(<30일),Q3,1.0,0.019650376727275765,0.0010741003344857392
1542952192,관심필요(30~89일),Q4_고가,0.0,-0.013776558337331685,0.050389143569297315
1543000448,이탈위험(90일+),Q1_저가,0.0,-0.010066626986469873,0.03616325934715425
1543119232,Active(<30일),Q1_저가,0.0,0.054219792479886064,-0.030465963112767613
1543143360,이탈위험(90일+),Q1_저가,0.0,-0.014130012058789915,0.025972437105009072
1543252864,이탈위험(90일+),Q4_고가,1.0,-0.011497448707913832,0.05455817569546187
1543637056,이탈위험(90일+),Q1_저가,0.0,-0.01866157135364349,0.010468546551340469
1543880192,이탈위험(90일+),Q1_저가,0.0,-0.023054030578031653,-0.0009955394993885203
1543902464,이탈위험(90일+),Q1_저가,0.0,-0.017138474134404807,0.02879471683427036
1543937728,Active(<30일),Q1_저가,,-0.007191401140911574,-0.0029081223710119286
1543960000,Active(<30일),Q4_고가,0.0,0.0209081064273674,-0.00843365918639788
1544045376,Active(<30일),Q1_저가,1.0,-0.008053688244832768,-0.07215426933130265
1544050944,Active(<30일),Q2,1.0,0.04689978766549169,0.009828188886523093
1544156736,Active(<30일),Q3,0.0,0.00023480174512796603,0.023524516372465276
1544167872,관심필요(30~89일),Q2,1.0,-0.00013159951597252473,-0.06960956400038121
1544169728,Active(<30일),Q4_고가,0.0,0.03770220229857846,0.09052445537853615
1544173440,Active(<30일),Q2,0.0,0.020707742446758548,0.011516550641399448
1544299648,관심필요(30~89일),Q2,,-0.023574467414431532,-0.1067214658452385
1544312640,이탈위험(90일+),Q1_저가,,-0.011801592296043564,0.03525546517356802
1544360896,관심필요(30~89일),Q4_고가,0.0,0.0009531606923268154,-0.014553989529953404
1544381312,관심필요(30~89일),Q3,,0.004595534752850516,0.049458808617286076
1544637440,Active(<30일),Q2,,0.0687975306322407,0.01973142285981122
1544977088,Active(<30일),Q1_저가,0.0,0.03742736920386225,0.1364869273905564
1545196096,이탈위험(90일+),Q3,0.0,-0.024083455217802918,-0.020658903396023526
1545364992,관심필요(30~89일),Q3,,0.004739264580390701,0.12130517764773663
1546070272,Active(<30일),Q2,1.0,0.021233553339510713,0.003351245760232935
1546348672,이탈위험(90일+),Q3,0.0,-0.03131517131403136,-0.0051460764291212935
1546437760,Active(<30일),Q4_고가,0.0,0.02407585938770329,0.03795245721158613
1546530560,이탈위험(90일+),Q1_저가,0.0,-0.0071510122701998954,0.041575795856461005
1546864640,이탈위험(90일+),Q2,0.0,-0.005980011767023563,-0.047443839624264156
1546877632,Active(<30일),Q1_저가,0.0,0.03347258539363443,0.06092560856228524
1546903616,관심필요(30~89일),Q3,0.0,-0.024285394359407964,-0.039391814882406395
1547040960,관심필요(30~89일),Q1_저가,0.0,-0.03194998761556955,-0.01671960434443026
1547241408,관심필요(30~89일),Q1_저가,0.0,0.017125788838519562,-0.0970861507987768
1547285952,이탈위험(90일+),Q1_저가,0.0,-0.011252291839747693,0.025802961882601602
1547417728,Active(<30일),Q4_고가,0.0,0.010081465829310021,-0.016298133022117578
1547430720,Active(<30일),Q1_저가,0.0,-0.008957594367028837,-0.0498642543186584
1547451136,관심필요(30~89일),Q3,0.0,0.004840622785934834,-0.002411778364461714
1547579200,이탈위험(90일+),Q3,1.0,-0.012600687252503039,0.014293554054834137
1547814912,관심필요(30~89일),Q1_저가,1.0,-0.02355195902525145,0.0016655042444164436
1547857600,관심필요(30~89일),Q1_저가,0.0,0.021854287373418463,0.058088813011187804
1547978240,Active(<30일),Q3,0.0,0.019430639493622448,-0.018120092066345572
1548084032,이탈위험(90일+),Q2,0.0,-0.010013242428191793,-0.00992255097004413
1548217664,Active(<30일),Q4_고가,1.0,0.037638116058413496,0.012554398363193275
1548345728,이탈위험(90일+),Q1_저가,0.0,-0.01137433518155885,0.023828413731339038
1548562880,이탈위험(90일+),Q1_저가,,-0.011696171604701773,0.02710003244944044
1548596288,관심필요(30~89일),Q4_고가,1.0,0.043418571603245956,0.028922889388110773
1548913664,이탈위험(90일+),Q1_저가,0.0,-0.010779704965252344,0.04061788603710922
1548947072,Active(<30일),Q4_고가,0.0,0.011087007213642086,0.002093274337207518
1549101120,이탈위험(90일+),Q3,,-0.007075625153624587,-0.016389652412753225
1549143808,이탈위험(90일+),Q2,1.0,-0.025632164506209157,-0.01039571711403639
1549299712,이탈위험(90일+),Q1_저가,,0.017599716136385488,0.03452821194200119
1549412928,Active(<30일),Q4_고가,0.0,0.0205829997625937,0.020425105368395813
1549429632,Active(<30일),Q2,0.0,0.005994746179704968,-0.035063635826188544
1549524288,이탈위험(90일+),Q3,1.0,-0.013584332855065079,0.02707694650277659
1549533568,관심필요(30~89일),Q4_고가,0.0,0.005706542681431337,0.1379952484383083
1549698752,Active(<30일),Q2,0.0,0.02017586224625867,0.07157858329092265
1549969728,관심필요(30~89일),Q1_저가,0.0,-0.00045659927877794715,-0.04525853936715862
1549986432,관심필요(30~89일),Q2,1.0,-0.016001574091940807,0.00144228077392905
1550069952,이탈위험(90일+),Q3,0.0,-0.014028154061000886,0.025854408772126913
1550075520,관심필요(30~89일),Q3,0.0,0.003939983361829991,-0.04933364435542692
1550392896,Active(<30일),Q4_고가,0.0,0.030949124443810885,0.0403290503125954
1550548800,이탈위험(90일+),Q4_고가,0.0,-0.014710000965247987,0.007694331225720483
1550662016,Active(<30일),Q3,0.0,0.017769206693327266,-0.020810148991134425
1550960832,이탈위험(90일+),Q2,0.0,-0.009886884529724582,-0.04027162724254063
1550968256,이탈위험(90일+),Q2,1.0,-0.02908024159496983,-0.05843476080617088
1550997952,관심필요(30~89일),Q1_저가,0.0,0.11514680189423449,0.0729593600597001
1551109312,관심필요(30~89일),Q4_고가,0.0,-0.013687872004938803,0.01983808083565604
1551302336,Active(<30일),Q4_고가,0.0,0.020176307213725986,-0.01263785537309825
1551322752,Active(<30일),Q3,0.0,0.017599950586840496,0.057801759826202725
1551350592,이탈위험(90일+),Q4_고가,0.0,-0.018318799605807873,0.05572121674548197
1551393280,Active(<30일),Q1_저가,0.0,0.039522437935935795,-0.003239235458069256
1551400704,Active(<30일),Q1_저가,0.0,0.12414337406683451,0.06983855324143384
1551525056,이탈위험(90일+),Q4_고가,0.0,-0.010819378401913576,0.06875791585299638
1551621568,이탈위험(90일+),Q1_저가,,-0.00536436954331998,0.05932341573557741
1551716224,Active(<30일),Q1_저가,,-0.002775822382125648,0.06613178308688979
1551784896,이탈위험(90일+),Q2,0.0,-0.005660460684435126,0.034726829510968796
1551816448,관심필요(30~89일),Q3,0.0,-0.02736480015434628,-0.0878566605119413
1552100416,관심필요(30~89일),Q2,0.0,0.08321045960083176,-0.016432251887419258
1552128256,관심필요(30~89일),Q2,,-0.01592584641510797,0.051947975079756015
1552196928,관심필요(30~89일),Q4_고가,0.0,-0.027647509430162864,0.01046438178213599
1552209920,Active(<30일),Q1_저가,0.0,0.03634801243876995,-0.12236578529877384
1552313856,Active(<30일),Q1_저가,1.0,-0.009313236225876959,0.02090474303239717
1552510592,Active(<30일),Q4_고가,1.0,0.005245687721140535,0.03154544345317556
1552545856,이탈위험(90일+),Q1_저가,0.0,-0.016881669299763438,0.016459680249511846
1552555136,관심필요(30~89일),Q1_저가,1.0,-0.013592444723083227,0.01132990942671798
1552607104,이탈위험(90일+),Q4_고가,0.0,-0.022342671391714627,0.02631536847145341
1552629376,관심필요(30~89일),Q1_저가,0.0,-0.006773352799741145,0.03531312481335891
1552892928,관심필요(30~89일),Q3,0.0,-0.028601438097103582,-0.021151469553755686
1553271552,관심필요(30~89일),Q3,0.0,0.008744095745229719,0.15227895392012258
1553410752,관심필요(30~89일),Q1_저가,,-0.007769254502030448,0.04896661781599046
1553446016,이탈위험(90일+),Q1_저가,,-0.011965098991877622,0.029778594375468294
1553601920,관심필요(30~89일),Q4_고가,0.0,0.008153498833512018,0.12267181879037709
1553624192,관심필요(30~89일),Q2,0.0,0.0008588757891898613,0.049322815190163516
1553817216,이탈위험(90일+),Q4_고가,0.0,-0.009762981737294285,-0.0015057748217793543
1553867328,Active(<30일),Q3,0.0,0.02305766639227569,0.01451609408152521
1553882176,이탈위험(90일+),Q1_저가,0.0,-0.003729603455710412,0.05517372882693698
1553960128,관심필요(30~89일),Q3,,0.07913180659976793,0.11727396311020277
1554013952,관심필요(30~89일),Q3,0.0,-0.00399291352769382,0.1899999846126782
1554270080,이탈위험(90일+),Q4_고가,0.0,-0.014377285941933327,0.10790217503550317
1554346176,이탈위험(90일+),Q2,1.0,-0.012799566383814236,0.019261659219476188
1554606016,이탈위험(90일+),Q4_고가,,-0.016785754955637444,0.005121246571302057
1554722944,이탈위험(90일+),Q1_저가,1.0,-0.023042849165274784,-0.02679283380100353
1554743360,이탈위험(90일+),Q1_저가,1.0,0.015567191695105606,0.0284037900134934
1554791616,이탈위험(90일+),Q1_저가,,-0.010808892026028721,-0.02703517638852701
1554802752,Active(<30일),Q3,,0.01597997995432887,0.04983481100942466
1554878848,Active(<30일),Q3,0.0,0.015291553899121402,0.044140597777979074
1555483904,이탈위험(90일+),Q4_고가,0.0,-0.03377163219823334,0.014967530751198443
1555535872,Active(<30일),Q3,0.0,0.05028072128079003,0.026466162376940938
1555782720,이탈위험(90일+),Q3,0.0,-0.02002916867232897,0.005487856789109416
1555823552,관심필요(30~89일),Q4_고가,0.0,0.001501251475372667,0.05901916396898929
1555882944,관심필요(30~89일),Q4_고가,1.0,-0.0013111199728855216,-0.023335510607359722
1555905216,Active(<30일),Q2,0.0,0.005907011240112003,0.03925680206538701
1555981312,Active(<30일),Q2,0.0,-0.014051097633636822,-0.07859336423356073
1556218880,Active(<30일),Q3,,-0.006389978863150486,0.003958277127876719
1556354368,이탈위험(90일+),Q1_저가,0.0,-0.011737015382111832,0.032918220132797486
1556497280,이탈위험(90일+),Q1_저가,0.0,-0.009840161923020778,0.03905151378756096
1556541824,Active(<30일),Q1_저가,0.0,0.051859487325189746,-0.09310769698130106
1556543680,이탈위험(90일+),Q1_저가,,-0.022377702546358735,0.03089358754092164
1556603072,Active(<30일),Q3,,0.008145044903913212,-0.060909814959761166
1556690304,이탈위험(90일+),Q4_고가,0.0,-0.030848060490917872,-0.008041406378879068
1556697728,이탈위험(90일+),Q3,0.0,-0.01308654366764049,0.06347918311176992
1556720000,관심필요(30~89일),Q4_고가,0.0,0.0031080384168333808,0.04474032750583923
1556768256,Active(<30일),Q4_고가,0.0,0.03161371603004619,0.016770372273321815
1557126464,Active(<30일),Q2,0.0,0.07307924126793175,-0.013771710987100755
1557343616,Active(<30일),Q2,1.0,0.09810111448299863,-0.05490398799152496
1557391872,이탈위험(90일+),Q4_고가,,0.043259713069760314,0.0473704577134563
1557527360,이탈위험(90일+),Q4_고가,0.0,-0.05019512403623888,0.006035722651138387
1557646144,관심필요(30~89일),Q2,1.0,-0.0030804112883870416,0.005377662784747661
1557785344,이탈위험(90일+),Q1_저가,,-0.011842619827944052,0.03685004629238671
1557824320,이탈위험(90일+),Q2,0.0,-0.03257354357566525,-0.021116257949057415
1557831744,이탈위험(90일+),Q4_고가,1.0,-0.013848941267091283,0.040851045007685466
1557905984,이탈위험(90일+),Q1_저가,0.0,-0.012215232582571005,0.05297597531475216
1558258624,Active(<30일),Q4_고가,,0.03650944771948306,0.062265941135856706
1558531456,이탈위험(90일+),Q4_고가,0.0,0.027467979473296003,0.06919615442383331
1558570432,관심필요(30~89일),Q1_저가,,0.018055225707230727,-0.024143742442735705
1558720768,이탈위험(90일+),Q4_고가,0.0,-0.013592296347784541,0.03625473758809643
1558739328,관심필요(30~89일),Q3,,0.006574042050086215,0.06628284773485493
1559149504,이탈위험(90일+),Q4_고가,0.0,-0.014374990170133425,0.02761356755845716
1559210752,관심필요(30~89일),Q4_고가,0.0,0.006877656407817012,0.07762312629097534
1559704448,관심필요(30~89일),Q4_고가,0.0,-0.017793166427929316,0.03003134780835033
1559956864,이탈위험(90일+),Q1_저가,0.0,-0.010746021052143964,0.026937439069339333
1559969856,Active(<30일),Q1_저가,,-0.01635283893116385,-0.06457462019202354
1559993984,이탈위험(90일+),Q1_저가,0.0,-0.01222979846658371,0.043521265023733983
1560170304,Active(<30일),Q4_고가,0.0,0.09236328230619384,0.07378567053040896
1560272384,관심필요(30~89일),Q2,0.0,-2.6810520162068308e-05,0.1080122668223879
1560541504,Active(<30일),Q2,0.0,-0.01695391792991674,-0.027503231029783692
1560977664,Active(<30일),Q4_고가,0.0,0.03570756874233483,0.07368181947685903
1561083456,Active(<30일),Q3,0.0,0.00823296219017719,0.0424678888950864
1561126144,Active(<30일),Q2,0.0,-0.012442735841902336,-0.031957231101762684
1561150272,관심필요(30~89일),Q1_저가,1.0,-0.006861928121651817,0.05521499831385855
1561185536,이탈위험(90일+),Q4_고가,0.0,-0.02752875040920698,-0.01040540703737261
1561365568,Active(<30일),Q3,1.0,0.026465300964699956,-0.08678258614631867
1561408256,Active(<30일),Q2,0.0,0.019768610692043942,0.021519958451704513
1561556736,Active(<30일),Q2,,0.02994464179282641,0.051112777257696806
1561645824,Active(<30일),Q2,0.0,0.02622875562766125,-0.010003630246216866
1561779456,이탈위험(90일+),Q3,0.0,-0.013834798876704864,0.035696287280891636
1561888960,관심필요(30~89일),Q4_고가,0.0,-0.002092323092758419,-0.01392641331542488
1562035584,Active(<30일),Q1_저가,0.0,0.03619833133400141,-0.009456560405507686
1562061568,이탈위험(90일+),Q2,1.0,-0.04012895581610232,-0.17094615690649106
1562152512,Active(<30일),Q4_고가,1.0,0.05164586869530352,-0.0057244739401594025
1562395648,Active(<30일),Q3,0.0,0.01834742870653261,0.05174595926705383
1562471744,이탈위험(90일+),Q1_저가,0.0,-0.009221913815154872,0.037397757256290354
1562772416,이탈위험(90일+),Q1_저가,0.0,-0.01192818689044911,0.029056021534763124
1563026688,Active(<30일),Q2,,0.019118372173890896,0.022660168982097995
1563041536,이탈위험(90일+),Q1_저가,0.0,-0.00947853421579084,0.03973060840807506
1563117632,이탈위험(90일+),Q4_고가,,0.01459163942839345,0.04479242128734273
1563165888,Active(<30일),Q2,0.0,0.08839155784498642,-0.038357723868739924
1563253120,Active(<30일),Q4_고가,0.0,0.022427926364990802,-0.00598682934926531
1563277248,관심필요(30~89일),Q2,0.0,0.008577783487217827,0.012902604854639121
1563293952,관심필요(30~89일),Q3,,0.0068564309696483305,-0.08664612762495966
1563312512,Active(<30일),Q4_고가,1.0,0.03821024831537562,0.06337840156782115
1563394176,Active(<30일),Q1_저가,0.0,0.01310900298109402,-0.027283758917184542
1563563072,이탈위험(90일+),Q1_저가,0.0,-0.01229538490293406,0.042925615702810616
1563577920,Active(<30일),Q4_고가,0.0,0.014503606434075667,0.04691455151645285
1563724544,관심필요(30~89일),Q2,0.0,0.01355619219733395,0.026624818563786068
1563832192,이탈위험(90일+),Q1_저가,0.0,-0.011037182687883292,0.05992309240911354
1563902720,이탈위험(90일+),Q1_저가,,-0.012229207612831118,0.021404821501686738
1563930560,이탈위험(90일+),Q1_저가,,-0.0174136867636272,0.0009650034966827981
1563932416,Active(<30일),Q3,0.0,0.029829674868164124,-0.008470310672255343
1563941696,관심필요(30~89일),Q3,0.0,0.007102045562773218,-0.00977252274772783
1563950976,이탈위험(90일+),Q4_고가,0.0,0.0926301298092439,0.17713680856078817
1564019648,Active(<30일),Q3,1.0,0.039144984156524676,0.02624742003103131
1564160704,이탈위험(90일+),Q2,0.0,-0.006144182313519597,0.08727424498935099
1564840000,이탈위험(90일+),Q3,1.0,-0.03761591875273726,0.017938332385356692
1564899392,관심필요(30~89일),Q1_저가,0.0,-0.014895082495444772,0.00549647642489437
1565235328,Active(<30일),Q4_고가,0.0,-0.0013458805032841303,0.04635302121664184
1565348544,Active(<30일),Q3,0.0,0.038873621653010004,0.020994504360904886
1565378240,Active(<30일),Q3,0.0,0.020185506032163847,0.017610136070963733
1565495168,관심필요(30~89일),Q2,0.0,-0.03521918190408041,0.04113874001991025
1565649216,Active(<30일),Q4_고가,0.0,0.016499614603253887,-0.0004927976439649262
1565808832,관심필요(30~89일),Q1_저가,0.0,-0.013475206495957251,0.013015608727046032
1565819968,관심필요(30~89일),Q4_고가,0.0,-6.825374080016156e-05,0.006269183183386817
1565845952,Active(<30일),Q1_저가,0.0,0.03639864055702413,-0.011361173360521337
1565909056,Active(<30일),Q1_저가,0.0,0.04548534423734729,-0.017369679836087226
1565925760,이탈위험(90일+),Q1_저가,0.0,-0.008503742505666531,0.03333888415222572
1565949888,Active(<30일),Q1_저가,0.0,0.04629935693823639,-0.016321060623941064
1565979584,관심필요(30~89일),Q3,0.0,7.282557636489884e-05,0.17564421364239102
1566343360,Active(<30일),Q4_고가,0.0,0.016640590747574402,-0.004036218963252125
1566391616,관심필요(30~89일),Q1_저가,,0.008848337310602056,0.005950734529046181
1566528960,Active(<30일),Q1_저가,0.0,0.031220861487559204,0.008851016900857989
1566701568,이탈위험(90일+),Q1_저가,0.0,-0.011399417612029908,0.029385132126959534
1567302912,Active(<30일),Q4_고가,1.0,0.04009303971293787,0.027733983950384733
1567319616,관심필요(30~89일),Q3,0.0,-0.0345896241107303,-0.06173822197732143
1567373440,Active(<30일),Q4_고가,0.0,0.013162432448330263,0.048472811186033304
1567416128,이탈위험(90일+),Q1_저가,,-0.016367837489839818,0.006192436076623731
1567434688,관심필요(30~89일),Q3,,0.0034770739474602186,-0.033569396922502936
1567546048,Active(<30일),Q3,0.0,0.03253033921863563,0.06951948823182558
1567551616,관심필요(30~89일),Q1_저가,1.0,-0.01853851921224739,0.016052204470000442
1567601728,이탈위험(90일+),Q2,,-0.033545834698447324,-0.012394901687736992
1567735360,Active(<30일),Q2,,0.029811149291562256,0.029967996848119793
1567846720,Active(<30일),Q4_고가,0.0,0.018875624868923024,-0.02346872974230907
1567883840,Active(<30일),Q1_저가,0.0,0.02322099330942584,0.08539796339462191
1568271744,이탈위험(90일+),Q1_저가,1.0,-0.011363338904086077,0.03039761737243736
1568277312,Active(<30일),Q4_고가,0.0,0.015826097408469852,-0.004434983700690842
1568294016,관심필요(30~89일),Q3,1.0,-0.033813855386922775,-0.06303564709572523
1568631808,이탈위험(90일+),Q3,1.0,-0.013552952397507437,0.04446062169822246
1568767296,Active(<30일),Q1_저가,1.0,-0.00538307591920445,0.02036590200094973
1568895360,Active(<30일),Q1_저가,0.0,0.02675957878536661,0.00592763832919474
1569145920,관심필요(30~89일),Q4_고가,0.0,0.0004047020480128505,0.022838356286652317
1569205312,관심필요(30~89일),Q3,1.0,-0.02932992801714518,-0.05888044451080732
1569209024,관심필요(30~89일),Q1_저가,1.0,0.03070908308528797,0.03889765373741748
1569270272,Active(<30일),Q2,0.0,0.022164692133181285,0.013207197282035038
1569296256,이탈위험(90일+),Q2,0.0,-0.012302134002987915,0.026418696126902556
1569678592,Active(<30일),Q2,0.0,0.02538823041178162,0.026851151907315796
1569682304,Active(<30일),Q2,0.0,-0.00534198644109718,0.041876927790860274
1569776960,Active(<30일),Q2,0.0,-3.872626639890575e-05,0.04821547335628015
1569853056,Active(<30일),Q3,0.0,0.05139981505813074,0.018277200542089367
1569914304,Active(<30일),Q3,0.0,-0.013507695673531273,-0.023063117757348928
1569944000,이탈위험(90일+),Q1_저가,0.0,-0.043242484554447624,-0.03597451159426682
1570046080,이탈위험(90일+),Q1_저가,0.0,-0.016070045303530928,-0.009601234577677864
1570227968,Active(<30일),Q3,0.0,0.060537942122294575,0.09423475617835075
1570266944,Active(<30일),Q4_고가,,0.023144503516785653,0.06925098888589354
1570272512,Active(<30일),Q2,1.0,0.01956708187011258,0.04908775727378367
1570309632,관심필요(30~89일),Q2,0.0,-0.023998228876273175,0.019677845181765602
1570406144,Active(<30일),Q1_저가,,0.040502895257354066,-0.04948214517882299
1570504512,Active(<30일),Q1_저가,0.0,0.09205455770970844,0.039846319186961215
1570536064,이탈위험(90일+),Q3,0.0,-0.021043428738728942,0.017384030994387234
1570623296,이탈위험(90일+),Q4_고가,,-0.014091311250612304,0.020037936270652035
1570632576,이탈위험(90일+),Q1_저가,1.0,-0.010703214898539447,0.04221318673374265
1571081728,관심필요(30~89일),Q4_고가,,-0.012955914564411919,0.032486814078299855
1571226496,관심필요(30~89일),Q1_저가,0.0,-0.025501875808599694,-0.0015297187269535661
1571271040,Active(<30일),Q2,1.0,0.02379664279553273,-0.006866561493897527
1571586560,Active(<30일),Q3,0.0,0.02561656012856317,-0.017866407106862825
1571807424,관심필요(30~89일),Q2,0.0,-0.026994633869054596,-0.02930905180246926
1571922496,Active(<30일),Q4_고가,,0.02531014816767929,0.02065305001245976
1571926208,Active(<30일),Q2,,0.03745416574677564,0.04630739220117855
1571994880,관심필요(30~89일),Q2,1.0,-0.021017160286605913,-0.032385434406766
1572200896,관심필요(30~89일),Q4_고가,,-0.01344912172512086,0.032589757895232205
1572241728,이탈위험(90일+),Q1_저가,,-0.017477145394084334,0.01551736965630543
1572334528,이탈위험(90일+),Q1_저가,0.0,-0.010331220547941278,0.040342576759419754
1572432896,이탈위험(90일+),Q4_고가,1.0,-0.013523202099191,-0.0016987061526673175
1572668608,관심필요(30~89일),Q4_고가,1.0,-0.005666245023657646,-0.04853278978210612
1572703872,이탈위험(90일+),Q4_고가,0.0,-0.012975405521738703,-0.008782672423623433
1572763264,이탈위험(90일+),Q4_고가,,-0.008849258742970961,-0.033609241105752974
1572878336,Active(<30일),Q1_저가,,0.03548626655247855,0.028589094365198853
1572926592,이탈위험(90일+),Q4_고가,0.0,-0.021327405503089078,0.0007742454137210086
1572947008,Active(<30일),Q2,0.0,0.021948414183325965,0.11398566866778209
1573236544,이탈위험(90일+),Q2,0.0,-0.012299694151592884,0.04206811079544047
1573462976,이탈위험(90일+),Q2,1.0,-0.030020042534137786,0.0070786615398209796
1573908416,관심필요(30~89일),Q3,1.0,-0.029776965694445323,-0.041504265773478044
1574107008,관심필요(30~89일),Q4_고가,,0.044478872169862405,0.006451692157596722
1574327872,이탈위험(90일+),Q4_고가,0.0,-0.015214236934751109,0.02727433836917896
1574426240,관심필요(30~89일),Q2,0.0,-0.01662163691351705,0.012993578540371392
1574509760,Active(<30일),Q1_저가,0.0,0.007928634895304376,0.05135612536952894
1574589568,이탈위험(90일+),Q1_저가,,-0.007253343835140917,0.04557902722006659
1574669376,이탈위험(90일+),Q4_고가,1.0,-0.021088644538468107,0.00786849007452492
1574738048,관심필요(30~89일),Q1_저가,0.0,-0.008390977948521339,0.017804628005472986
1574823424,관심필요(30~89일),Q4_고가,0.0,0.006539963576041086,0.0075708302010706885
1574973760,Active(<30일),Q1_저가,0.0,0.07189239671891201,0.0017119969486749653
1574992320,Active(<30일),Q4_고가,1.0,0.029978925453806538,0.01822835277829682
1575018304,Active(<30일),Q2,0.0,0.06088989597191685,0.05677588672404532
1575259584,관심필요(30~89일),Q1_저가,0.0,0.008521192380223808,0.010825237249168784
1575439616,Active(<30일),Q3,0.0,0.031662829469417564,0.07639947897319399
1575445184,이탈위험(90일+),Q2,0.0,0.08357981055584451,0.03839415415583483
1575447040,관심필요(30~89일),Q1_저가,,-0.014464278797313879,0.016064064065185568
1575469312,Active(<30일),Q3,0.0,0.027840668020679193,0.004697698242040471
1575859072,이탈위험(90일+),Q3,0.0,-0.009620368566418847,0.05146366178308015
1576208000,관심필요(30~89일),Q3,0.0,0.008081000263709726,0.1276103253473176
1576233984,관심필요(30~89일),Q4_고가,0.0,-0.0004161281871383482,0.042134310829486696
1576306368,이탈위험(90일+),Q1_저가,0.0,-0.014590727535461104,-0.0023206708329434195
1576308224,이탈위험(90일+),Q1_저가,0.0,-0.0036380214168322683,0.05272713731051365
1576391744,Active(<30일),Q2,,0.014567163179715403,-0.06692704563568747
1576473408,이탈위험(90일+),Q4_고가,0.0,-0.023210304221023575,0.026565973147836888
1576614464,Active(<30일),Q2,0.0,0.014006674665936747,-0.0997323550070317
1576820480,이탈위험(90일+),Q4_고가,0.0,-0.015342014092429516,0.033164094644498904
1577097024,이탈위험(90일+),Q3,0.0,0.022221745964573367,0.04733215825987612
1577106304,Active(<30일),Q3,,0.038968545687057654,0.05989690456951702
1577197248,Active(<30일),Q2,0.0,0.02940422060384551,-0.0031995143667632453
1577373568,이탈위험(90일+),Q2,0.0,-0.037988226287815174,-0.01080524046733422
1577432960,Active(<30일),Q4_고가,0.0,0.019428316620185182,0.04481848769859276
1577449664,이탈위험(90일+),Q1_저가,,0.012860220126579489,0.053254872149708594
1577486784,이탈위험(90일+),Q4_고가,0.0,0.02466016274889704,0.07137947638515121
1577527616,Active(<30일),Q1_저가,1.0,0.03261811206324294,-0.04722063584768166
1577574016,Active(<30일),Q3,0.0,0.027336290888353765,0.044312901396149296
1577587008,Active(<30일),Q4_고가,1.0,0.05735420020286808,0.132685147824117
1577752192,Active(<30일),Q1_저가,,0.06423149509695236,0.06048609479480352
1578145664,Active(<30일),Q3,0.0,0.025165550272760684,0.022405787549772294
1578153088,관심필요(30~89일),Q4_고가,0.0,-0.012711313228982252,0.04791278910227226
1578193920,Active(<30일),Q1_저가,0.0,0.024375119137468815,-0.05059494095872297
1578236608,이탈위험(90일+),Q3,1.0,-0.01288835405127288,0.039912940155611476
1578242176,Active(<30일),Q3,,0.019599424482354855,0.04192499589267562
1578247744,이탈위험(90일+),Q1_저가,1.0,-0.009219239597670764,0.027931761557783125
1578255168,관심필요(30~89일),Q1_저가,0.0,-0.014416518152477603,0.022149761109419172
1578390656,Active(<30일),Q2,1.0,0.00698830307264009,-0.013645013068058542
1578433344,관심필요(30~89일),Q3,0.0,-0.0282020968911825,0.031990463350255155
1578904768,이탈위험(90일+),Q1_저가,,-0.016868819986852204,0.033301455149960565
1579118208,Active(<30일),Q2,,0.018583716103818815,-0.017936677439144955
1579157184,관심필요(30~89일),Q2,0.0,0.02073064553047721,0.06448581584492888
1579352064,이탈위험(90일+),Q3,0.0,-0.013032559764863713,0.03607814954116206
1579593344,관심필요(30~89일),Q1_저가,,-0.013024213245083474,0.040874503023636766
1579602624,관심필요(30~89일),Q1_저가,0.0,0.03737398434697278,0.02039091163233961
1579929280,Active(<30일),Q1_저가,0.0,0.046591553298995725,-0.003322342285695973
1579947840,Active(<30일),Q2,1.0,0.028932097528694634,0.00031872109507813384
1580018368,Active(<30일),Q4_고가,0.0,0.037904294295471264,0.05640010989519462
1580066624,관심필요(30~89일),Q1_저가,0.0,0.014580090521122413,0.04983293992441262
1580623424,관심필요(30~89일),Q2,0.0,-0.015065179634868892,0.03238217536171925
1580710656,이탈위험(90일+),Q3,0.0,0.012118625771542046,0.04914689947651945
1580712512,Active(<30일),Q1_저가,0.0,0.00809500093509763,-0.04111459690313307
1580918528,Active(<30일),Q1_저가,0.0,0.034387236280269184,-0.03925760561951663
1580972352,이탈위험(90일+),Q2,0.0,-0.023866265637658063,-0.03736930139453523
1581054016,Active(<30일),Q3,0.0,0.018307343767573037,-0.07946881684845342
1581078144,이탈위험(90일+),Q1_저가,0.0,-0.011542588394722574,0.02947978159179844
1581170944,이탈위험(90일+),Q1_저가,0.0,-0.022948773880367243,0.014130762911252148
1581182080,Active(<30일),Q2,0.0,0.060178716962069,0.013046194107294906
1581428928,이탈위험(90일+),Q1_저가,0.0,-0.010901798291778265,0.03568992950841464
1581499456,이탈위험(90일+),Q3,0.0,-0.019989304810125244,0.006717212161662253
1581529152,Active(<30일),Q4_고가,,0.0183071536392031,0.07300915985434331
1581865088,이탈위험(90일+),Q3,0.0,-0.01098281706042964,0.03486308748134828
1581872512,이탈위험(90일+),Q3,0.0,-0.011797297129068261,0.030568325439038993
1582258560,이탈위험(90일+),Q2,,-0.018574479526070595,0.021697789932542455
1582293824,이탈위험(90일+),Q1_저가,0.0,-0.011379249890576232,0.013958000909015791
1582648320,Active(<30일),Q4_고가,0.0,0.046513904064871714,0.038561062280125624
1582765248,이탈위험(90일+),Q4_고가,0.0,-0.015640739239657538,0.02867030851530873
1582793088,Active(<30일),Q4_고가,0.0,0.008958749257143739,0.029144434074247633
1582794944,Active(<30일),Q1_저가,1.0,0.033663778621158436,0.026656658831523017
1582965696,이탈위험(90일+),Q4_고가,0.0,-0.014023161637291143,0.03237004008789688
1583021376,Active(<30일),Q1_저가,0.0,0.007620381768439044,-0.016041350996648357
1583589312,관심필요(30~89일),Q1_저가,,-0.007940780477562512,0.03594146194296538
1583637568,이탈위험(90일+),Q2,,-0.019338127584517917,0.014264090673626564
1584142400,Active(<30일),Q4_고가,0.0,-0.013449898846745523,0.001991435567104405
1584201792,이탈위험(90일+),Q3,0.0,-0.012086417361311906,0.04115446303928448
1584207360,Active(<30일),Q1_저가,,0.09407581617187266,-0.04717001479774008
1584209216,이탈위험(90일+),Q1_저가,0.0,-0.011007551136286188,0.042855945207749505
1584459776,관심필요(30~89일),Q3,0.0,0.005770705959862205,0.022660051444596707
1584498752,Active(<30일),Q1_저가,,0.04762383380745683,-0.062246818775709034
1584511744,이탈위험(90일+),Q2,0.0,-0.023286882698262623,-0.025286234974681895
1584734464,Active(<30일),Q1_저가,0.0,-0.004323079494025911,0.020910185908236595
1584760448,이탈위험(90일+),Q4_고가,0.0,-0.0070172945055417685,0.04541069324591655
1585382208,관심필요(30~89일),Q2,1.0,0.015215392433666652,-0.0540628398015911
1590918656,Active(<30일),Q3,0.0,0.10449519390405371,0.01974149963548477
1591985856,관심필요(30~89일),Q1_저가,,0.023669113319111743,0.06976707314672763
1593103168,Active(<30일),Q4_고가,,0.03034306834468481,0.04197618065973019
1596243520,관심필요(30~89일),Q2,0.0,0.009624938165157415,-0.03280184599759245
1596670400,관심필요(30~89일),Q2,,-0.025204808413864244,0.016730501734643966
1597041600,Active(<30일),Q1_저가,,0.032615697449139724,-0.04963685300475884
1597268032,Active(<30일),Q2,0.0,-0.009826829932903541,0.009838935688533695
1597496320,Active(<30일),Q3,0.0,0.04824406113138957,0.019059625279364445
1597609536,Active(<30일),Q1_저가,0.0,0.03748930252913257,-0.015431374863180192
1597618816,이탈위험(90일+),Q3,0.0,-0.006327094908787995,0.018581654961295935
1597858240,관심필요(30~89일),Q1_저가,0.0,0.019261186583023338,0.02270129143609617
1598047552,Active(<30일),Q1_저가,0.0,0.023725715787917823,-0.13461520932053817
1598209024,Active(<30일),Q1_저가,0.0,0.0009917988133263667,0.014047941880339754
1598428032,Active(<30일),Q4_고가,0.0,0.021310639521296748,0.07009455035674517
1598719424,Active(<30일),Q2,0.0,0.02155308922372745,0.024604130003038405
1598728704,이탈위험(90일+),Q3,1.0,-0.008483401319240857,-0.06449745076503538
1598732416,이탈위험(90일+),Q3,0.0,-0.01308645588851657,0.03228947480288366
1598769536,관심필요(30~89일),Q3,1.0,-0.00011960013298872862,0.13070370787486885
1598925440,관심필요(30~89일),Q2,0.0,-0.02426993675808478,0.006491885114191909
1599085056,이탈위험(90일+),Q1_저가,0.0,0.016196163036054465,0.04951385706048293
1599153728,Active(<30일),Q2,0.0,0.10657986661135943,-0.07594828203212922
1599257664,관심필요(30~89일),Q1_저가,0.0,-0.028048959876181445,-0.0018286342308569403
1599730944,이탈위험(90일+),Q4_고가,,-0.006906651887837678,0.0370204415406761
1599779200,관심필요(30~89일),Q1_저가,0.0,0.0047119627929355645,-0.0314099558459115
1599816320,Active(<30일),Q3,0.0,0.019416970394840305,0.07993879767435857
1599823744,Active(<30일),Q4_고가,0.0,-0.014012157336683845,0.010698468585805865
1599829312,Active(<30일),Q2,0.0,-0.01186767431052091,-0.04714549137980234
1600040896,Active(<30일),Q4_고가,,0.03980368571944837,-0.022358459081662563
1600302592,Active(<30일),Q2,,0.01940805768707865,-0.07238184987583501
1600436224,Active(<30일),Q3,0.0,0.03804113106207235,-0.0034296489452701473
1600542016,관심필요(30~89일),Q2,,-0.018647706385660268,0.024490081918103423
1600638528,관심필요(30~89일),Q1_저가,0.0,0.004533286414863336,0.008262974285689922
1600642240,이탈위험(90일+),Q4_고가,0.0,-0.022048825281296855,0.00035582412371854
1600877952,Active(<30일),Q3,1.0,0.03451752282361231,0.10786000391108952
1600952192,이탈위험(90일+),Q1_저가,0.0,-0.00810806412125007,0.03874590960239885
1601037568,Active(<30일),Q4_고가,1.0,0.03493563219271534,-0.027017136050861534
1601052416,이탈위험(90일+),Q2,,-0.0015562037951397378,0.02898602121921337
1601102528,Active(<30일),Q2,0.0,-0.005027152660048384,-0.012595640876302605
1601145216,Active(<30일),Q1_저가,0.0,0.04526053127525853,0.00024187342534609524
1601161920,Active(<30일),Q2,0.0,-0.014601625548046837,-0.013080511141887269
1601236160,이탈위험(90일+),Q4_고가,1.0,-0.014501625948597281,0.015645754848969684
1601282560,이탈위험(90일+),Q1_저가,,-0.011418309260638054,0.026305954725335645
1601369792,Active(<30일),Q3,1.0,0.02611839607899924,0.023442244499092157
1601553536,Active(<30일),Q2,,0.06007855002823259,-0.025036143682823697
1601648192,이탈위험(90일+),Q2,0.0,-0.0017105200603928922,0.04499112744314586
1602295936,관심필요(30~89일),Q2,0.0,0.05037810033534901,0.03215953174635963
1602385024,Active(<30일),Q1_저가,0.0,0.04570587917085611,-0.02328190163679633
1602403584,Active(<30일),Q4_고가,0.0,0.014210858496849,0.07174870811190848
1602644864,관심필요(30~89일),Q2,,0.014006998697273232,-0.042280062491372006
1602912128,이탈위험(90일+),Q1_저가,0.0,-0.0019443213642292706,0.04574573037226366
1602945536,이탈위험(90일+),Q4_고가,,-0.014600866420230695,0.029121823714998843
1603270336,관심필요(30~89일),Q3,1.0,-0.01425247891473419,0.015901003569584626
1603275904,관심필요(30~89일),Q1_저가,,-0.011347913071552418,0.038938016918593554
1603504192,이탈위험(90일+),Q4_고가,0.0,-0.013493910929518668,0.013889165431097153
1603506048,Active(<30일),Q3,,0.11820721456044087,0.051441423897062744
1603559872,Active(<30일),Q2,0.0,-0.014533972174822662,-0.005048896365654643
1603571008,Active(<30일),Q3,,0.051931470962459425,0.0414964465427724
1603613696,Active(<30일),Q3,0.0,-0.01121749985529738,0.008265016886834536
1603821568,관심필요(30~89일),Q4_고가,0.0,0.001722712689703254,0.009089055593548473
1603966336,Active(<30일),Q4_고가,1.0,0.13605218698985833,0.05771480340977714
1604060992,Active(<30일),Q3,0.0,0.03608112427278615,-0.019243928290439916
1604376512,관심필요(30~89일),Q3,1.0,-0.003250404165726972,0.039332406533733905
1604393216,이탈위험(90일+),Q4_고가,,-0.004282605794390673,0.034208659228988775
1604454464,Active(<30일),Q1_저가,0.0,0.04088869200088607,-0.07375785045843797
1604552832,Active(<30일),Q2,,0.02407196134852485,0.02067093010009574
1604731008,Active(<30일),Q2,0.0,0.05394254490237338,0.031571258510165845
1604866496,이탈위험(90일+),Q1_저가,0.0,-0.010706927512060961,0.03407105526690721
1605180160,Active(<30일),Q2,0.0,0.03487808499118955,0.06867120116471537
1605182016,Active(<30일),Q4_고가,0.0,-0.0140325900812934,0.0023218385553811505
1605185728,Active(<30일),Q1_저가,0.0,0.04007582557625189,-0.0822678468471078
1605310080,관심필요(30~89일),Q2,,0.028605046784324892,0.05667695435914316
1605495680,Active(<30일),Q4_고가,0.0,0.051387367266868544,0.06796898690248321
1605532800,관심필요(30~89일),Q2,0.0,-0.018331161794966216,-0.005164164762363477
1605625600,관심필요(30~89일),Q1_저가,1.0,-0.012510798982843782,0.044749163952218285
1605651584,Active(<30일),Q2,0.0,-0.001885367226090895,-0.001545449168352253
1605904000,관심필요(30~89일),Q1_저가,1.0,-0.006570725361140867,0.04560903054007161
1605963392,Active(<30일),Q2,1.0,0.033365221982044224,0.04237630472406184
1606124864,관심필요(30~89일),Q1_저가,0.0,-0.015514007913734584,0.013360074152019369
1606308608,이탈위험(90일+),Q4_고가,1.0,-0.014844876009557452,0.006587365485641261
1606401408,관심필요(30~89일),Q3,0.0,0.03975138471281442,0.011433249629494768
1606958208,Active(<30일),Q1_저가,,0.0011863068518891406,0.007547538669718801
1607149376,관심필요(30~89일),Q3,0.0,-0.018064461468098092,0.031076225682078795
1607164224,이탈위험(90일+),Q1_저가,1.0,-0.009846476069534232,0.029243698377047378
1607216192,이탈위험(90일+),Q1_저가,0.0,-0.010687341616569826,0.01949909629927707
1607360960,관심필요(30~89일),Q1_저가,0.0,-0.0199297443191416,0.022120282678112918
1607531712,Active(<30일),Q2,0.0,0.008581481042542194,-0.046069068048588235
1607535424,관심필요(30~89일),Q1_저가,1.0,0.0074578818862284235,-0.04814510665861327
1607617088,관심필요(30~89일),Q3,0.0,-0.0013778502493557443,0.018970750445020806
1607672768,Active(<30일),Q1_저가,0.0,-0.003115137378907451,0.011912710025175105
1607878784,Active(<30일),Q4_고가,0.0,-0.001261420722999687,0.024701884910510424
1607990144,관심필요(30~89일),Q1_저가,,0.01814410749317047,0.002184339459512241
1608010560,관심필요(30~89일),Q4_고가,0.0,0.05091039510406081,0.08864249594523321
1608353920,이탈위험(90일+),Q1_저가,0.0,-0.011016824320859674,0.03783714142430317
1608498688,Active(<30일),Q1_저가,,0.018931810481083278,-0.025940883566749173
1608688000,이탈위험(90일+),Q4_고가,0.0,-0.015310489886552876,0.012669664415118256
1608778944,Active(<30일),Q2,0.0,0.04261124295766816,-0.03793276100512588
1609669824,관심필요(30~89일),Q3,,-0.018749059169816895,0.015195537091628464
1609807168,Active(<30일),Q1_저가,0.0,0.10019659581019924,0.03271608484906252
1609927808,Active(<30일),Q2,0.0,-0.006005857581273422,0.03670137448880642
1610007616,관심필요(30~89일),Q1_저가,,-0.02521408363265626,-0.07235146217819088
1610015040,관심필요(30~89일),Q3,1.0,0.0033509202796116466,-0.08203097860664021
1610048448,Active(<30일),Q4_고가,0.0,0.02204149794276891,0.04244175331672867
1610102272,관심필요(30~89일),Q4_고가,0.0,-0.026490065642310545,-0.014784271350513606
1610167232,관심필요(30~89일),Q2,,-0.0012289587564608961,0.05660242609926451
1610180224,이탈위험(90일+),Q1_저가,1.0,-0.010516070122437972,0.030933009528022734
1610261888,관심필요(30~89일),Q2,0.0,-0.010050843805217494,0.04299341616300302
1610267456,Active(<30일),Q2,,0.042423949957558604,0.03476851794999014
1610408512,관심필요(30~89일),Q1_저가,,-0.006899008721683211,0.032228502991800925
1610822400,Active(<30일),Q2,0.0,0.008581606460198288,-0.036015382216621844
1610829824,이탈위험(90일+),Q2,,-0.011024042070326034,0.037769817809487724
1610842816,관심필요(30~89일),Q1_저가,,-0.017909130992910804,-0.0027779230756988516
1610931904,Active(<30일),Q1_저가,0.0,0.059281421554168184,0.00253089251591998
1611358784,관심필요(30~89일),Q3,0.0,-0.017573051431962014,0.02008810204751893
1611484992,이탈위험(90일+),Q4_고가,0.0,-0.01983882769599657,0.011413569336349627
1611689152,관심필요(30~89일),Q3,,0.003658411831753694,0.03381151244510086
1611776384,이탈위험(90일+),Q1_저가,,-0.009821057391871009,0.04035072658707212
1611837632,Active(<30일),Q4_고가,,-0.017010631079565353,-0.04835550842779884
1611863616,Active(<30일),Q1_저가,0.0,-0.008322134341477216,-0.05886436509798676
1611967552,Active(<30일),Q2,0.0,-0.009057269744927487,-0.01135857540451396
1612026944,Active(<30일),Q2,1.0,0.11131338065420793,-0.08820353464836472
1612279360,Active(<30일),Q2,,-0.0048204325697600026,0.0012100830387449246
1612294208,관심필요(30~89일),Q2,0.0,0.027104839837806385,0.07548762344428768
1612307200,관심필요(30~89일),Q4_고가,,0.03143379817065055,0.08126679527446279
1612392576,Active(<30일),Q1_저가,0.0,0.018226092706409014,0.018081587269364152
1612546624,Active(<30일),Q3,,0.03967658249531658,-0.03818748580159459
1612622720,관심필요(30~89일),Q3,,-0.00329505680240072,0.03873187307890025
1612808320,관심필요(30~89일),Q4_고가,0.0,-0.021692080128369193,0.01705913039637741
1612813888,Active(<30일),Q4_고가,0.0,0.036518803294274926,0.052272430631046474
1613005056,관심필요(30~89일),Q4_고가,0.0,-0.021156261175330787,0.002380875930786036
1613018048,관심필요(30~89일),Q1_저가,,-0.016434346608767206,0.00481063946814414
1613190656,관심필요(30~89일),Q4_고가,1.0,-0.01383555650237489,0.02073007356217836
1613487616,Active(<30일),Q2,1.0,0.022259728940682844,0.012151243728097477
1613582272,관심필요(30~89일),Q2,1.0,0.006475249289190577,-0.01298921059911623
1613695488,Active(<30일),Q1_저가,1.0,0.012603611904359657,-0.04756754457776374
1614285696,Active(<30일),Q1_저가,0.0,0.053282087134988165,0.013497379734356385
1614296832,Active(<30일),Q4_고가,1.0,-0.009125398599196213,0.010147262340912344
1614656896,Active(<30일),Q2,0.0,0.017685781595292577,0.019639887785297294
1614751552,관심필요(30~89일),Q4_고가,,0.006954107693019351,0.06240031683951802
1614866624,관심필요(30~89일),Q1_저가,0.0,-0.00890787290711792,0.037890639507700524
1615323200,관심필요(30~89일),Q3,,0.01858212592571029,0.06622723038955186
1615427136,관심필요(30~89일),Q2,0.0,-0.02138729477974588,0.0077158347580631725
1615499520,관심필요(30~89일),Q3,0.0,-0.01244973371431124,0.012474751854275434
1615512512,Active(<30일),Q1_저가,,-0.004391811552920122,-0.03404146994939414
1615581184,관심필요(30~89일),Q1_저가,1.0,-0.0053754647392616345,0.05074918710498015
1615672128,관심필요(30~89일),Q3,0.0,-0.01791647772345252,0.011117146268037503
1615805760,관심필요(30~89일),Q3,,-0.011909832636613951,0.0489761263424698
1615963520,Active(<30일),Q4_고가,0.0,0.01926111545509049,0.04561260773358625
1616149120,관심필요(30~89일),Q1_저가,1.0,-0.008102124114424125,0.03909537870638753
1616163968,Active(<30일),Q3,0.0,0.03781293321843576,0.04164480437201934
1616230784,Active(<30일),Q3,,-0.002287240425859066,-0.007764171087892013
1616238208,관심필요(30~89일),Q1_저가,,-0.009170586234619069,0.04211883258983186
1616397824,Active(<30일),Q2,0.0,0.016379739586215303,-0.02199249033283529
1616449792,Active(<30일),Q2,0.0,0.010838130495101073,0.016391944620386012
1616498048,Active(<30일),Q3,0.0,0.0025850076099418473,-0.026771529330146093
1616620544,관심필요(30~89일),Q2,0.0,-0.017293046508529725,0.022818194516313978
1616694784,Active(<30일),Q4_고가,0.0,0.015623175277245216,0.05173473636869963
1616891520,관심필요(30~89일),Q4_고가,,-0.027114704479447693,0.009998844178055855
1617220032,Active(<30일),Q3,1.0,0.05436023957878122,0.06610312660507711
1617377792,관심필요(30~89일),Q4_고가,1.0,-0.013950042854834255,0.02123323668971576
1617489152,Active(<30일),Q3,1.0,-0.002974263739277505,0.030346955970078804
1617836224,Active(<30일),Q1_저가,0.0,0.04985388195882223,0.014087893447354727
1618307648,관심필요(30~89일),Q2,,-0.014519292301761424,0.008406392262360035
1618320640,관심필요(30~89일),Q3,0.0,-0.010947346436382982,0.05661887636928331
1618521088,Active(<30일),Q4_고가,1.0,0.057129077570253206,0.13077266208120242
1618823616,관심필요(30~89일),Q2,1.0,0.0010221606469273392,-0.023736105299732385
1618842176,관심필요(30~89일),Q1_저가,0.0,-0.009437289398488896,0.03898242846021778
1618866304,Active(<30일),Q3,,0.018560684361072,0.022099884034930684
1619016640,Active(<30일),Q3,,0.04108903778931755,0.0009108348096288355
1619385984,관심필요(30~89일),Q2,0.0,-0.010058206078614504,0.047598556037631634
1619536320,Active(<30일),Q3,1.0,0.06062150366343799,0.04325427744614063
1619723776,관심필요(30~89일),Q1_저가,0.0,-0.008040470277227499,0.03770441116535847
1619757184,Active(<30일),Q4_고가,,0.0032406481121843855,-0.024245419025659798
1619877824,Active(<30일),Q2,1.0,0.12293446780285211,0.005063607291950406
1620061568,Active(<30일),Q3,0.0,0.0309530422489237,0.03601967569229492
1620313984,관심필요(30~89일),Q4_고가,,-0.01189011776984912,0.027759458162987624
1620315840,Active(<30일),Q1_저가,0.0,0.0005636802399857366,0.048233204971033644
1620334400,관심필요(30~89일),Q3,0.0,-0.017664002974282472,0.019834041065763836
1620339968,Active(<30일),Q2,0.0,0.005557730005153361,-0.10115038687660338
1620347392,관심필요(30~89일),Q1_저가,1.0,-0.0061159853920546015,0.047324500137447975
1620380800,관심필요(30~89일),Q3,,-0.011411239612069426,0.04127679469421276
1620616512,Active(<30일),Q4_고가,0.0,-0.020837754723354723,-0.004405853564283468
1621043392,Active(<30일),Q2,,0.005038613617354082,0.05664068424724433
1621473984,Active(<30일),Q1_저가,0.0,-0.003814531914038591,0.027930701112739167
1621524096,Active(<30일),Q3,,-0.014521171565380075,0.017921810922930742
1621648448,Active(<30일),Q3,,0.028819621754792413,0.03242645037236491
1621746816,Active(<30일),Q2,0.0,0.04458821474055663,0.047337816305546065
1621767232,관심필요(30~89일),Q4_고가,1.0,-0.012321537996039189,0.05359036259468686
1622066048,Active(<30일),Q1_저가,,-0.009941433578923742,-0.032932095940963135
1622071616,Active(<30일),Q2,0.0,0.007095000668240814,0.001342689153534693
1622149568,Active(<30일),Q4_고가,0.0,0.10335598540834556,-0.005543067248224398
1622244224,Active(<30일),Q2,,0.029340937379906618,0.031565476110911594
1622275776,관심필요(30~89일),Q1_저가,0.0,-0.005636782583907804,0.05019136769899646
1622288768,관심필요(30~89일),Q1_저가,0.0,-0.007266006058891217,0.045414749869012117
1622565312,Active(<30일),Q2,0.0,0.05040380356928553,-0.0042257382940473764
1622619136,Active(<30일),Q4_고가,0.0,0.04099840743080346,0.009798002183201149
1622639552,관심필요(30~89일),Q4_고가,1.0,-0.01853101279778059,0.02262625182034346
1622765760,Active(<30일),Q1_저가,0.0,0.007949257939582427,0.04675540695626032
1623422784,관심필요(30~89일),Q2,0.0,0.024666560882519756,0.056381384829458814
1623461760,관심필요(30~89일),Q1_저가,,-0.00835936791492052,0.04123805080158238
1623665920,관심필요(30~89일),Q4_고가,0.0,-0.011209983347176072,0.038352112136735825
1623671488,Active(<30일),Q2,,0.029935924812871217,0.023425762590657317
1623760576,Active(<30일),Q1_저가,1.0,-0.012672842957074687,0.003263233096787166
1624113216,Active(<30일),Q2,0.0,-0.010493816588064891,-0.04296269769836361
1624283968,관심필요(30~89일),Q1_저가,0.0,-0.008786881909818703,0.05011681471416751
1624632896,관심필요(30~89일),Q3,0.0,-0.020625846561331262,0.027428974374660714
1624644032,Active(<30일),Q2,0.0,0.02819399200514605,0.018805886899614377
1624668160,Active(<30일),Q1_저가,1.0,-0.0064131341410388065,-0.010911915945066325
1624877888,Active(<30일),Q3,1.0,0.04886151010163464,-0.022173642142487737
1624937280,관심필요(30~89일),Q1_저가,0.0,-0.005917040843397642,0.04787741414678352
1625289920,Active(<30일),Q2,1.0,0.011100979434557706,0.01986602178589225
1626344128,Active(<30일),Q2,0.0,0.05629905896839049,0.03357695358697954
1626518592,Active(<30일),Q1_저가,1.0,0.025336109037349952,-0.013896737948718985
1626628096,Active(<30일),Q1_저가,,0.08624482619120549,-0.0034463069226077225
1626891648,Active(<30일),Q4_고가,0.0,0.007478496632245646,0.04280717421016142
1627003008,관심필요(30~89일),Q4_고가,,0.0024027643325664483,0.02469710284739264
1627433600,Active(<30일),Q4_고가,0.0,0.0035582835263445467,0.04666178243802244
1627548672,Active(<30일),Q3,,0.07614348793324022,-0.04677255518319823
1628021952,관심필요(30~89일),Q4_고가,1.0,0.020835708021203866,0.005625486180410089
1628233536,Active(<30일),Q1_저가,,-0.005053729123885381,-0.009875825568387842
1628302208,Active(<30일),Q1_저가,1.0,0.03552955873303193,-0.025461196745060366
1628543488,관심필요(30~89일),Q1_저가,1.0,-0.005735679312930425,0.026359829845034932
1628704960,Active(<30일),Q3,0.0,0.15785733040176003,0.071604688021973
1628859008,Active(<30일),Q1_저가,1.0,-0.011985626719381942,0.008269355795645472
1628931392,관심필요(30~89일),Q2,1.0,-0.00881364118150417,0.05113178408026392
1629013056,Active(<30일),Q3,0.0,0.009922925292600415,0.016731592812033874
1629321152,Active(<30일),Q1_저가,0.0,-0.002958392442840213,-0.0007096542872143119
1629553152,Active(<30일),Q4_고가,1.0,0.0057532565729576934,0.04278633213591729
1629564288,Active(<30일),Q3,0.0,0.04982165692356186,-0.007038921760915723
1629642240,Active(<30일),Q2,0.0,-0.007121160656216319,0.047169588880344046
1629785152,Active(<30일),Q3,1.0,-0.008288975317879477,0.024207414894482318
1629915072,Active(<30일),Q1_저가,,-0.00021548730460610455,0.038317025818617456
1629920640,Active(<30일),Q3,0.0,0.028728996376934324,0.05178986110507555
1630117376,Active(<30일),Q3,1.0,0.037315725676934586,0.019919782144303344
1630124800,Active(<30일),Q4_고가,0.0,0.026233308698116797,-0.027944814150616865
1630315968,Active(<30일),Q3,1.0,0.028891356229239107,0.0682017982717687
1630325248,Active(<30일),Q1_저가,1.0,-0.004561986817998284,0.04687916470287917
1630449600,Active(<30일),Q3,0.0,0.03234669038596705,-0.014665334039782402
1630715008,Active(<30일),Q4_고가,,-0.0052027262001626,0.002615384938722959
1631089920,관심필요(30~89일),Q1_저가,0.0,-0.006770396569467443,0.029663788778596503
1631321920,Active(<30일),Q2,1.0,-0.00795815905363978,-0.005589578679431967
1631500096,Active(<30일),Q1_저가,1.0,0.0021291281368361337,-0.00991513515246939
1631821184,Active(<30일),Q3,,0.0797723416816164,0.058273394333907935
1631871296,관심필요(30~89일),Q4_고가,0.0,-0.011719167479651224,0.03609953173483839
1631880576,Active(<30일),Q1_저가,1.0,0.004256012872473208,-0.009970697248141841
1632530176,Active(<30일),Q1_저가,0.0,-0.002954425872837077,0.011675725743935078
1632578432,Active(<30일),Q3,0.0,0.1581836410378929,-0.014447490098813243
1632667520,Active(<30일),Q1_저가,,0.05337823657938229,0.01648902247489542
1632747328,Active(<30일),Q4_고가,0.0,0.01718902329351213,0.01906185692115031
1633159360,Active(<30일),Q4_고가,0.0,-0.012831967706943448,0.01040128090271375
1633298560,Active(<30일),Q3,0.0,0.06897739394547853,-0.004512620255597621
1633363520,Active(<30일),Q1_저가,0.0,0.005283905201037276,0.07257050657036418
1633393216,관심필요(30~89일),Q2,0.0,-0.007770718531176363,0.046552888101137405
1633872064,Active(<30일),Q3,1.0,-0.00406443476153906,-0.006586995506084853
1634167168,Active(<30일),Q4_고가,0.0,-0.0013192911815763653,0.02611478340211848
1634323072,Active(<30일),Q1_저가,0.0,0.054990253037813436,0.09061043613498776
1634415872,Active(<30일),Q2,0.0,0.026311192937908456,-0.022723395371192223
1634486400,Active(<30일),Q2,1.0,0.030038060785117393,0.07632929593986265
1635000512,Active(<30일),Q2,0.0,0.014500470904314222,0.052959982366613034
1635319744,Active(<30일),Q1_저가,0.0,0.0364447611629104,0.019194307629882668
1635620416,Active(<30일),Q1_저가,0.0,-0.004146056559606773,0.029317214079139425
1635794880,Active(<30일),Q2,0.0,0.02159536606426632,-0.021398913851065876
1636032448,Active(<30일),Q4_고가,0.0,0.005983560217003803,0.03697305884434757
1636290432,Active(<30일),Q2,0.0,0.020916415492394314,0.057354745811795144
1636303424,Active(<30일),Q4_고가,0.0,0.02310752573235278,0.04300605717209202
1636535424,Active(<30일),Q2,0.0,0.03783226369978826,0.04932587794784532
1636574400,Active(<30일),Q4_고가,,0.007208732910933602,0.05800271849855518
1636648640,Active(<30일),Q1_저가,,0.003836101242504414,0.01013918542445974
1636832384,Active(<30일),Q2,0.0,0.01745516433527755,0.05746357720083173
1636973440,Active(<30일),Q1_저가,1.0,0.06455523599121027,0.018096257416054806
1637973824,Active(<30일),Q3,0.0,0.0121680361711205,0.06786006978343365
1637990528,Active(<30일),Q4_고가,0.0,0.02091076349731058,0.06083355814952676
1638192832,Active(<30일),Q3,0.0,0.003606050574039843,0.04821860326849853
1638346880,Active(<30일),Q2,0.0,0.11645510589845537,0.07647786734026082
1638439680,Active(<30일),Q4_고가,1.0,-0.0047891440086664655,0.02690548901055248
1638515776,Active(<30일),Q4_고가,0.0,0.010926575466150737,0.10405095286178614
1639254464,Active(<30일),Q1_저가,0.0,0.031303287103517874,0.08792870473449152
1639291584,Active(<30일),Q1_저가,,0.0069798945657627565,0.06107208980737136
1639443776,Active(<30일),Q1_저가,,0.030467805960409045,0.06976787008080951
1639837248,Active(<30일),Q1_저가,1.0,0.010004323834120102,0.033808107506979934
1639889216,Active(<30일),Q4_고가,,0.00032992699128614467,0.041382761174653615
1640002432,Active(<30일),Q4_고가,1.0,0.015436868655550301,0.03960162809195222
1640074816,Active(<30일),Q3,,0.042368450865552465,0.03177559989940329
1640117504,Active(<30일),Q1_저가,0.0,0.04669153580291441,0.002437367222625497
1640149056,Active(<30일),Q2,0.0,0.01521120118267169,-0.001321557952363328
1640241856,Active(<30일),Q3,0.0,0.004910630419958956,0.03132099905947017
1640251136,Active(<30일),Q1_저가,0.0,0.006995428571626244,0.03696921118988858
1640382912,Active(<30일),Q4_고가,0.0,0.004786057354954604,0.03795994849296819
1640410752,Active(<30일),Q4_고가,,0.005487067363416254,0.022412728199767556
1640479424,Active(<30일),Q3,0.0,0.006456930676315559,0.011224065424866425
1640913728,Active(<30일),Q4_고가,0.0,0.030685282479485515,0.022531095707611415
1641019520,Active(<30일),Q4_고가,0.0,0.004492536612394571,0.05793588143559453
1670400000,Active(<30일),Q4_고가,0.0,0.005014580437869842,-0.09812301191584172
1670606016,Active(<30일),Q4_고가,,0.14157151815352348,0.10269084744060347
1670620864,이탈위험(90일+),Q2,,0.0919649867118153,0.13751777030354118
