회원번호,가격구간,treatment_h4,uplift_forest
18764160,Q4_고가,0.0,-0.03528751842035627
18792000,Q1_저가,0.0,0.049585355360885514
18942336,Q4_고가,0.0,0.04738132425082331
18949760,Q3,,0.040306888837106564
19391488,Q1_저가,0.0,0.03513240195335614
19627200,Q4_고가,0.0,-0.0038633131765605233
19727424,Q4_고가,0.0,0.03199399406290959
19996544,Q4_고가,0.0,0.02876712115277369
20235968,Q3,,-0.11252264152518665
20258240,Q1_저가,0.0,0.03259010737654876
20588608,Q4_고가,0.0,-0.028458717181961246
20636864,Q3,0.0,0.01621311971082451
21134272,Q2,0.0,-0.010725175471769266
21457216,Q1_저가,0.0,0.04403995043541373
21982464,Q1_저가,,-0.04171925063194204
22112384,Q2,0.0,0.011873405441064633
22259008,Q3,,-0.030162479080494187
22270144,Q3,0.0,-0.051937783681482164
22990272,Q3,0.0,-0.01536113187823751
23437568,Q2,,-0.009875054946950068
23485824,Q2,0.0,-0.001154515945496204
23573056,Q1_저가,,0.05073799383090066
24098304,Q1_저가,1.0,0.04332560691391599
24883392,Q4_고가,0.0,0.007173520908854258
25145088,Q4_고가,0.0,0.053394907722378704
26110208,Q3,0.0,0.053984572885531684
26355200,Q2,,0.003274467310797613
26676288,Q3,0.0,-0.0001449806909025464
27021504,Q1_저가,0.0,0.037047664447921055
27066048,Q3,0.0,0.028353692072456305
27210816,Q1_저가,0.0,0.04694154292415696
27387136,Q3,0.0,-0.08750297495913906
28394944,Q3,1.0,0.04096379240995962
28871936,Q2,0.0,-0.050027714820093605
29658880,Q3,0.0,0.03447718850631809
29868608,Q1_저가,0.0,-0.022046423654413477
30215680,Q1_저가,,-0.023501805101229012
31691200,Q2,0.0,0.008783966392154285
37188672,Q4_고가,0.0,0.07040040011722792
37253632,Q2,0.0,0.03310336635090437
37314880,Q3,0.0,0.04009269680545833
37415104,Q4_고가,,-0.03530951936253596
37584000,Q3,0.0,-0.0029312386110936783
38270720,Q2,0.0,0.032112865194149076
38588096,Q4_고가,1.0,0.0009435283609037226
38593664,Q4_고가,,0.03084159690429699
38808960,Q4_고가,0.0,0.013440952335461609
38842368,Q2,0.0,0.02836252751271995
38859072,Q1_저가,0.0,0.03018354509248547
38862784,Q3,0.0,0.0681752354264421
38866496,Q1_저가,,0.048653988052685046
38903616,Q3,0.0,0.13629284672524872
38918464,Q3,1.0,-0.004307140885412952
38933312,Q3,0.0,0.024386939524090656
38955584,Q4_고가,0.0,-0.01075378086748302
38959296,Q2,0.0,-0.048790854937455386
38968576,Q2,0.0,-0.03152123919471711
39053952,Q4_고가,,0.06751936095059985
39284096,Q3,0.0,0.03168094802568204
39287808,Q4_고가,0.0,0.042008330219822754
39376896,Q4_고가,0.0,0.029892130970146022
39382464,Q4_고가,0.0,0.007232935406307428
39547648,Q1_저가,,0.04273696613804018
39640448,Q3,,-0.012044367415371793
39653440,Q2,0.0,-0.010416885533032327
39820480,Q2,1.0,0.04119340647291947
39955968,Q3,0.0,0.062461803313806574
40124864,Q4_고가,0.0,0.028689457603844365
40822720,Q2,0.0,0.03110709450918664
40898816,Q1_저가,0.0,0.05820988777574278
40969344,Q2,0.0,0.013227086119343742
41104832,Q4_고가,0.0,0.008200480330885718
41307136,Q1_저가,0.0,0.07562251330890424
41396224,Q1_저가,0.0,0.04039011319304593
41600384,Q4_고가,0.0,-0.017080550292063124
41739584,Q2,1.0,0.005512707491129337
41754432,Q4_고가,1.0,0.0018594270749365815
42058816,Q4_고가,0.0,0.06648891952477831
42097792,Q3,0.0,0.03542909706757992
42140480,Q4_고가,0.0,-0.010655796935861717
42307520,Q2,0.0,0.021230510463104646
42402176,Q3,0.0,0.0596251499891417
42474560,Q3,,-0.022561859508535842
42955264,Q4_고가,0.0,0.12490673976699729
43343168,Q1_저가,1.0,0.07317484773296928
43426688,Q3,0.0,-0.018375955606114047
43872128,Q2,0.0,-0.01855262811617686
43924096,Q4_고가,0.0,0.036559447342066675
44076288,Q4_고가,0.0,0.008056873460654201
44486464,Q2,1.0,-0.05563678048736631
44620096,Q2,0.0,-0.004669981386548783
44666496,Q1_저가,0.0,0.02021775700615805
44844672,Q4_고가,0.0,-0.04366201802715258
45022848,Q4_고가,0.0,-0.007150587055520907
45364352,Q4_고가,0.0,0.025996803169742955
45520256,Q4_고가,0.0,-0.010961413509209428
45932288,Q3,1.0,-0.01116034806059163
46038080,Q4_고가,0.0,0.029493345119262188
46056640,Q3,0.0,0.04796318635358418
46348032,Q3,0.0,0.10875175994450825
46487232,Q2,0.0,0.03029754325091938
46568896,Q3,0.0,-0.008002906694516976
46752640,Q4_고가,0.0,0.025757320296416114
46995776,Q3,0.0,-0.03462418299689701
47663936,Q2,1.0,0.022724990213435076
48088960,Q1_저가,0.0,0.044415855835512844
48183616,Q1_저가,0.0,0.02800930898178053
48296832,Q4_고가,0.0,0.011826843144639554
48398912,Q4_고가,0.0,0.04530436857114674
48590080,Q2,0.0,0.027620486462174104
48638336,Q4_고가,0.0,-0.03724101135551128
48859200,Q4_고가,0.0,0.07264146783746322
49035520,Q3,0.0,0.003054500304101787
49083776,Q4_고가,0.0,0.049094434256412134
49178432,Q3,0.0,0.07009237507975419
49742656,Q1_저가,0.0,0.030336718056991813
50290176,Q1_저가,0.0,0.027117660006886923
50650240,Q4_고가,1.0,0.053991259831466853
50776448,Q4_고가,,-0.011045722150259785
50793152,Q4_고가,0.0,0.06259475438972828
50798720,Q4_고가,0.0,0.04450306777643054
51142080,Q3,0.0,0.02165487305213143
51182912,Q1_저가,,0.05901074886180958
51184768,Q2,0.0,0.05068661151601856
51203328,Q1_저가,0.0,0.05402670699018767
51207040,Q3,0.0,0.05888446716990377
51574528,Q1_저가,0.0,-0.007007273160853145
51897472,Q3,0.0,0.054519166034542016
51927168,Q3,0.0,0.034313205133565755
52420864,Q4_고가,,-0.01577985691747541
52450560,Q2,,-0.03570441315618861
52480256,Q3,1.0,0.04399551622522472
52515520,Q2,0.0,-0.025159648817505542
52519232,Q4_고가,1.0,0.027469260477497537
52534080,Q3,0.0,0.027457160110964177
52558208,Q3,1.0,0.010232579117722018
52606464,Q1_저가,0.0,-0.05101416952353066
52767936,Q4_고가,,0.008257978448917291
52777216,Q1_저가,0.0,0.039702172807440234
52792064,Q2,,0.006805231494611541
52821760,Q4_고가,0.0,0.1330640695456493
52879296,Q3,0.0,0.02027875143708313
52886720,Q3,1.0,0.040890576841210446
52903424,Q4_고가,0.0,-0.0491698873009887
52931264,Q4_고가,0.0,0.038560613911607255
52953536,Q3,0.0,0.042109799498000644
53105728,Q4_고가,1.0,-0.011997748383321905
53157696,Q2,1.0,0.02163569316156383
53165120,Q3,1.0,-0.09989104394737269
53345152,Q4_고가,,0.08096351019638781
53361856,Q4_고가,0.0,0.0939778130562485
53365568,Q4_고가,0.0,0.02780721478413553
53367424,Q4_고가,0.0,0.003920043170689835
53372992,Q4_고가,1.0,0.039211960231139986
53382272,Q2,0.0,0.0761670886815542
53384128,Q4_고가,0.0,0.0476666676666645
53432384,Q4_고가,0.0,-0.013661471041922502
53465792,Q3,0.0,-0.028226911141333716
53543744,Q3,0.0,0.03621154438463958
53766464,Q3,,0.004362654872733102
53844416,Q4_고가,0.0,0.001980519322997143
53848128,Q3,,-0.12729550869231337
53874112,Q3,1.0,-0.02831967329796492
53905664,Q4_고가,0.0,0.04226960879162517
53942784,Q3,0.0,-0.05128048596808921
54067136,Q4_고가,1.0,0.0002421873486256887
54078272,Q2,0.0,0.020506006873432403
54109824,Q4_고가,0.0,0.0381152326238825
54119104,Q2,1.0,0.0394873292373798
54256448,Q3,0.0,0.017051832226449237
54416064,Q3,1.0,0.04203504338953534
54603520,Q4_고가,0.0,-0.030694591845138786
54605376,Q2,0.0,-0.05039466181885788
54612800,Q4_고가,0.0,0.02971891580111362
54616512,Q2,0.0,0.005680028565697048
54623936,Q2,0.0,-0.02918715257582627
54907904,Q3,0.0,0.009727847530625916
54911616,Q2,,-0.028515328541014462
54954304,Q4_고가,0.0,0.02318711610015327
55204864,Q1_저가,0.0,0.012098038332888694
55455424,Q2,1.0,-0.04084023434404016
55535232,Q2,0.0,-0.019895259495313677
55548224,Q1_저가,0.0,0.05288720651421544
55557504,Q1_저가,0.0,0.007694820847071515
55835904,Q3,0.0,-0.00761301363332495
55947264,Q4_고가,0.0,0.03989894166008123
55988096,Q1_저가,1.0,0.06321666718785399
56470656,Q3,0.0,0.035190203514181964
56507776,Q3,0.0,-0.005096830209048442
56511488,Q1_저가,0.0,0.018814976626810434
56528192,Q1_저가,0.0,0.03492904186813765
56530048,Q4_고가,,-0.03966761733715485
56567168,Q4_고가,0.0,0.03845529980442597
56570880,Q3,1.0,-0.0057574176407199085
56576448,Q3,0.0,0.04510561063594154
56646976,Q3,,0.05635292222943811
56648832,Q4_고가,,0.06100591372594255
56674816,Q1_저가,0.0,0.02773726047923926
56747200,Q4_고가,1.0,0.05508318541692281
57105408,Q1_저가,0.0,0.04857699430685851
57209344,Q3,0.0,0.06550058609686503
57250176,Q3,0.0,-0.02785801698700832
57272448,Q3,0.0,0.1031678110306008
57331840,Q4_고가,1.0,-0.0011554606079299257
57359680,Q2,0.0,-0.022643322794776016
57424640,Q4_고가,0.0,0.010935204644418023
57471040,Q1_저가,0.0,0.0366160498922285
57727168,Q1_저가,,0.03128919263786528
57797696,Q4_고가,0.0,0.0295336510023005
58037120,Q4_고가,0.0,0.13385010805106168
58068672,Q2,,0.005161668657088114
58074240,Q3,1.0,0.026486384950868747
58122496,Q1_저가,0.0,0.047431760757771474
58480704,Q3,0.0,-0.028714822178614513
58484416,Q4_고가,0.0,-0.0018387562116592981
58491840,Q4_고가,0.0,-0.01886282017166635
58545664,Q1_저가,1.0,0.023040291987329736
58560512,Q4_고가,0.0,0.08380464896610895
58805504,Q1_저가,1.0,0.019922396317336902
59011520,Q2,0.0,0.024700471728460793
59046784,Q2,,-0.03928545027064889
59083904,Q1_저가,,0.04971937056048929
59516352,Q3,,0.012935828866504018
59709376,Q3,0.0,0.00021008754235979366
59727936,Q1_저가,0.0,-0.0034785837339371684
59755776,Q3,1.0,-0.061324388433841026
59759488,Q2,,0.010542445041890836
59774336,Q4_고가,0.0,-0.04607032833619551
60210496,Q1_저가,0.0,0.036675286369145965
60275456,Q1_저가,0.0,0.016280583312879834
60277312,Q4_고가,0.0,0.007544368833918846
60312576,Q4_고가,0.0,0.014851291301182123
60314432,Q4_고가,0.0,0.0022142814967123226
60654080,Q2,0.0,0.013728483954977055
60802560,Q3,0.0,0.054394405712828026
60895360,Q3,1.0,0.06684857411863725
60912064,Q3,0.0,-0.010631983650468024
60926912,Q2,0.0,-0.028592127120755484
60956608,Q4_고가,0.0,0.018743944641531618
61197888,Q4_고가,0.0,0.14926971033093028
61201600,Q4_고가,0.0,0.02406935548212398
61203456,Q3,0.0,-0.09572182271524016
61216448,Q3,0.0,-0.039026114097688414
61220160,Q1_저가,0.0,0.04931949310760481
61223872,Q4_고가,1.0,0.015221694657438833
61424320,Q1_저가,0.0,-0.04357190978119374
61426176,Q1_저가,0.0,0.019232917475553113
61441024,Q1_저가,,0.024750988880873584
61442880,Q4_고가,1.0,0.01339151643069364
61452160,Q3,,-0.014290209658251174
61541248,Q4_고가,0.0,0.015863575945896824
61546816,Q3,1.0,-0.009825472143503905
61548672,Q3,,-0.002561795497455277
61652608,Q1_저가,,0.055630382745307294
61713856,Q3,0.0,0.03731664996004355
61750976,Q4_고가,0.0,-0.05405552923761636
61763968,Q1_저가,1.0,-0.012876853346251105
61867904,Q1_저가,0.0,-0.012786674361070394
62012672,Q4_고가,0.0,0.13415353707871147
62261376,Q4_고가,0.0,0.00568191587224065
62326336,Q2,,0.002675768916420962
62341184,Q4_고가,0.0,0.0008086742648562018
62343040,Q3,0.0,0.03052865849302311
62361600,Q1_저가,0.0,0.11168656305583854
62426560,Q1_저가,0.0,0.0371398495726573
62615872,Q1_저가,0.0,-0.02208155597225442
62686400,Q4_고가,0.0,-0.0044266277590755965
62688256,Q4_고가,0.0,0.03506912784472524
62704960,Q1_저가,0.0,-0.05581927485207561
62716096,Q4_고가,,0.02573111533176764
62743936,Q4_고가,0.0,0.018979915236721934
63308160,Q4_고가,1.0,-0.008780428462018208
63553152,Q3,0.0,0.055935553067530175
63655232,Q3,0.0,-0.025549641716704763
63722048,Q2,,0.020613240478357442
63723904,Q1_저가,0.0,0.03412902626219227
63796288,Q3,1.0,0.040760984909680636
63967040,Q2,0.0,0.015169446054610791
64004160,Q3,0.0,0.02419835647409571
64295552,Q2,1.0,0.04170011434707824
64306688,Q4_고가,,0.024962438627969874
64330816,Q2,0.0,0.005007459629965516
64460736,Q2,0.0,-0.029924708332123573
64483008,Q1_저가,0.0,0.011257038053500104
64586944,Q2,0.0,-0.06435304338595438
64679744,Q2,0.0,-0.007948457958785737
64859776,Q1_저가,0.0,0.04401019846465322
64861632,Q4_고가,0.0,0.12208839478565114
64921024,Q3,0.0,0.021110531678559363
64972992,Q4_고가,0.0,0.034601670550824075
65036096,Q4_고가,0.0,0.023848971443742803
65130752,Q4_고가,,0.013420150162223837
65290368,Q1_저가,0.0,0.03717667665040725
65511232,Q3,0.0,0.040767303515578335
65514944,Q3,0.0,0.0194600160488132
65527936,Q4_고가,0.0,0.0015881507714359533
65548352,Q3,0.0,-0.057003330170661615
65639296,Q4_고가,0.0,0.034088777751520194
65650432,Q2,0.0,0.02030203653711761
65873152,Q4_고가,0.0,0.018771433068000554
65888000,Q3,0.0,0.032311385719642094
65900992,Q2,0.0,0.011137742688117375
66053184,Q3,0.0,0.013540759588466816
66201664,Q3,1.0,0.008369019262331912
66205376,Q4_고가,0.0,0.1663382808961711
66285184,Q3,0.0,-0.1453723526235451
66472640,Q3,0.0,0.10492854822670572
66474496,Q4_고가,0.0,0.003934003534669994
66478208,Q4_고가,1.0,0.1005754991094373
66485632,Q3,0.0,0.08122170651546623
66810432,Q1_저가,0.0,-0.05328689685171634
67105536,Q4_고가,0.0,0.051851295607456604
67109248,Q2,0.0,0.006909308573030293
67185344,Q2,1.0,0.014733230354119844
67189056,Q2,1.0,-0.013341626021184383
67302272,Q1_저가,0.0,-0.10309423268473628
67367232,Q1_저가,1.0,0.04455585903903975
67448896,Q4_고가,,-0.016062227404558205
67556544,Q3,0.0,0.05906403104002869
67563968,Q3,0.0,0.047406950943766624
67601088,Q2,0.0,0.018400426352231505
67602944,Q3,0.0,0.040499749845312794
67634496,Q4_고가,0.0,0.0003423362645824657
67705024,Q3,,0.019630745242394387
67821952,Q3,,-0.11762292492601933
67987136,Q4_고가,0.0,-0.004609604958174085
68027968,Q4_고가,1.0,0.0004912218556909487
68200576,Q1_저가,0.0,0.025604185699953277
68276672,Q4_고가,0.0,-0.006888435352159883
68310080,Q4_고가,0.0,0.02702960279600755
68452992,Q4_고가,1.0,-0.03373425552189163
68506816,Q2,,0.008592000773961272
68891008,Q1_저가,0.0,0.08881128184767917
68976384,Q4_고가,0.0,0.00210375199896784
69199104,Q4_고가,0.0,0.025524896564374636
69319744,Q4_고가,0.0,0.003931521722724374
69403264,Q4_고가,1.0,0.038445789509883754
69455232,Q1_저가,0.0,0.027955927880891726
69501632,Q3,1.0,-0.0012754556892904945
69503488,Q2,0.0,0.15007362404290403
69642688,Q2,,-0.0008785039841783249
69731776,Q2,,-0.024090454536949885
69750336,Q1_저가,,0.025492139219584653
69785600,Q3,1.0,0.15573888776093336
69804160,Q3,0.0,0.044138451740564744
69950784,Q4_고가,0.0,0.10177157353702204
70284864,Q4_고가,,0.019898648577964695
70305280,Q3,0.0,0.03384658620194298
70698752,Q3,,0.02018195741586326
70960448,Q4_고가,0.0,-0.011068320028245246
70988288,Q1_저가,0.0,-0.14626327973078868
71056960,Q3,0.0,-0.033904667870160166
71092224,Q3,0.0,-0.040073199731936154
71355776,Q1_저가,0.0,-0.0031569487695827236
71465280,Q4_고가,0.0,0.12179489501992347
71489408,Q3,0.0,0.10366816013300661
71678720,Q3,0.0,-0.05579233360538849
71767808,Q3,0.0,-0.016798893657510666
71901440,Q3,0.0,0.010679385328297153
72131584,Q4_고가,0.0,-0.017270105245314138
72168704,Q2,0.0,-0.031710845536426224
72202112,Q3,0.0,0.028288855701302767
72454528,Q4_고가,,-0.04541141202740773
72796032,Q4_고가,0.0,-0.04960103047127351
72805312,Q3,0.0,-0.009169080954641973
73217344,Q3,0.0,0.03784539573844725
73222912,Q4_고가,0.0,0.023458014929218174
73260032,Q3,0.0,-0.05259327649467066
73265600,Q4_고가,0.0,0.005864786939645206
73545856,Q4_고가,0.0,0.04084827603621588
73551424,Q3,,-0.002835642392361004
73553280,Q1_저가,0.0,-0.08554068740806303
73885504,Q1_저가,,0.052731012430110996
74137920,Q1_저가,0.0,0.03666454386130187
74147200,Q1_저가,,-0.024458857727335498
74169472,Q4_고가,0.0,-0.047891145236432786
74175040,Q4_고가,0.0,-0.07158254773826572
74188032,Q4_고가,0.0,0.022523473133932242
74201024,Q1_저가,1.0,-0.015404907765255604
74425600,Q2,0.0,0.07017862179013568
74470144,Q4_고가,0.0,0.03981393801412115
74562944,Q2,0.0,-0.07707198998949932
74566656,Q1_저가,0.0,0.06341994749602825
74824640,Q4_고가,0.0,0.06923526691107583
75381440,Q4_고가,0.0,-0.07593366638372068
75403712,Q2,0.0,-0.03144961397344537
75438976,Q4_고가,0.0,0.13240929647043087
75596736,Q1_저가,0.0,0.07422898338314715
75730368,Q4_고가,,0.04675953774932695
76160960,Q1_저가,0.0,0.005180938520411432
76498752,Q3,0.0,0.020775640668302175
76541440,Q2,0.0,0.027784693319056086
76545152,Q4_고가,0.0,0.05394983260106312
76554432,Q2,0.0,-0.00582996610878328
77062976,Q2,0.0,-0.0018536494198618803
77760832,Q4_고가,0.0,0.026274451500014506
77881472,Q4_고가,0.0,0.004172114541149519
77901888,Q3,0.0,0.15699718423376308
78319488,Q1_저가,,0.012963575431311311
78516224,Q3,0.0,-0.037117884458805095
78785344,Q3,0.0,0.03322674571302889
78872576,Q2,0.0,0.029482340013124664
78956096,Q2,0.0,-0.048726679146425034
79401536,Q4_고가,0.0,0.04689379808723576
79436800,Q3,0.0,-0.010286041302853821
79451648,Q2,1.0,0.014292351819293114
79473920,Q3,0.0,0.05564830758947459
79561152,Q4_고가,0.0,-0.0043646981021330244
79761600,Q4_고가,0.0,0.045891863399718465
80080832,Q4_고가,0.0,0.13922607785886976
80136512,Q4_고가,0.0,0.009472273522571975
80810240,Q2,0.0,-0.009679886017005146
81101632,Q1_저가,0.0,0.0563746033873366
81376320,Q4_고가,,0.02437641037016125
81704832,Q4_고가,0.0,-0.05470847828975267
82202240,Q2,0.0,-0.030937649944895007
82426816,Q3,0.0,0.1180160021136254
82428672,Q3,0.0,0.002679800342423655
82430528,Q1_저가,0.0,0.07737092400494058
82707072,Q1_저가,0.0,-0.0379601875750811
82805440,Q1_저가,1.0,-0.013984681284939793
83100544,Q1_저가,0.0,0.03867153979437139
83560832,Q2,1.0,0.011096546323262832
83562688,Q2,0.0,-0.012834233248362303
83573824,Q1_저가,0.0,0.056558014913068146
83642496,Q4_고가,0.0,0.041929870669912384
83670336,Q4_고가,0.0,0.002658865142085076
83865216,Q1_저가,,0.01286287774609017
83904192,Q1_저가,0.0,0.06308825079531666
84128768,Q4_고가,1.0,0.02571453743151042
84332928,Q1_저가,0.0,0.04443314952953355
84360768,Q4_고가,0.0,-0.003408754888569343
84702272,Q1_저가,1.0,-0.03732907166443172
85093888,Q3,,0.004970876431498794
85095744,Q4_고가,,-0.00016125015994568337
85127296,Q2,0.0,0.008471312733883463
85413120,Q3,0.0,0.1123807032073385
85582016,Q4_고가,0.0,0.04371128678865488
85849280,Q3,0.0,-0.08732899370267738
86803264,Q3,1.0,0.06719418271959932
86929472,Q4_고가,0.0,0.013724066736797255
86935040,Q2,0.0,-0.006975355819875073
86938752,Q3,1.0,0.033543434983488774
86940608,Q3,0.0,0.11273799521605987
86953600,Q2,1.0,0.014970206381454854
86968448,Q4_고가,,-0.0017318162174290164
86981440,Q2,,0.034422545928712106
86983296,Q4_고가,0.0,-0.04921363558478864
86985152,Q4_고가,0.0,0.07390402164260501
86990720,Q2,,0.008441563157876475
87025984,Q1_저가,0.0,0.037239721280021204
87476992,Q2,0.0,-0.000922837610210836
87536384,Q4_고가,0.0,0.03874362747659991
87586496,Q3,0.0,0.0051683828061104276
87592064,Q4_고가,0.0,-0.00730437426922137
87619904,Q3,0.0,-0.007045654315918082
88191552,Q2,0.0,0.005341280420478101
88759488,Q3,0.0,0.03513915497034126
88772480,Q3,1.0,0.05305875844040886
88831872,Q2,0.0,-0.041847846327333627
89023040,Q4_고가,0.0,0.05812811553495012
89420224,Q4_고가,0.0,0.03319998871525117
89518592,Q4_고가,0.0,0.05131300335358058
89529728,Q2,0.0,-0.049993229634589076
89537152,Q3,0.0,0.009317650015940204
89579840,Q2,0.0,0.013722501660746289
89886080,Q2,0.0,0.039057723269701694
89913920,Q3,1.0,0.05916253299274177
90233152,Q3,0.0,-0.09986573475008792
90288832,Q1_저가,,0.034464054439906994
90492992,Q4_고가,,0.015968899014192517
90903168,Q1_저가,0.0,0.004601533880927322
90910592,Q4_고가,0.0,0.01629166938069454
90916160,Q3,0.0,0.03032059082708538
91287360,Q3,,0.011948770546095028
91409856,Q1_저가,0.0,-0.09946166283492253
91420992,Q1_저가,0.0,0.029848825494188366
91422848,Q4_고가,0.0,0.024801315570697147
91430272,Q4_고가,,0.038276663657733356
91992640,Q3,0.0,0.06943444944423705
92014912,Q2,0.0,0.013370830040677184
92018624,Q2,1.0,-0.007625001297786871
92350848,Q1_저가,0.0,-0.0013311739412272816
92369408,Q3,,0.05923634924565169
92371264,Q3,0.0,0.045943474583888255
92430656,Q1_저가,0.0,-0.01240573356514374
92514176,Q4_고가,0.0,0.0649800848770774
92731328,Q3,0.0,-0.07177587897146481
92835264,Q3,,0.03679099673410349
93013440,Q2,0.0,-0.022011336867250264
93044992,Q2,1.0,0.012491302307121255
93098816,Q2,0.0,-0.015202809580880605
93284416,Q4_고가,0.0,0.0006231003539420021
93390208,Q2,0.0,0.011267597093013157
93731712,Q3,,-0.036603808159145323
93971136,Q3,0.0,0.02141514924825616
94050944,Q4_고가,1.0,0.011052809970501024
94060224,Q3,0.0,0.05480633656532474
94214272,Q2,0.0,0.024664880379841214
94266240,Q3,0.0,-0.013263028314807523
94271808,Q3,0.0,0.15135962132987307
94754368,Q2,0.0,-0.07408390856233066
94971520,Q4_고가,0.0,0.053897107831713295
94997504,Q3,1.0,0.008416731766813484
95001216,Q4_고가,,-0.017444599990079634
95114432,Q1_저가,0.0,0.05493265998716289
95118144,Q4_고가,1.0,0.0618478209456341
95947776,Q2,,0.05195327949122301
96155648,Q4_고가,,0.06263034597001738
96200192,Q1_저가,0.0,0.03854464902187456
96207616,Q3,,0.030879739041530505
96315264,Q4_고가,,0.023811787816318875
96679040,Q3,0.0,0.03853773183589193
96719872,Q4_고가,0.0,0.031087520997954032
96847936,Q1_저가,0.0,0.006850498048764392
97096640,Q3,0.0,0.027807068978644156
97120768,Q2,0.0,-0.008518715024713602
97128192,Q4_고가,1.0,0.011300046758432492
97130048,Q3,0.0,0.010938295919426855
97135616,Q2,,0.00593172147425991
97141184,Q2,0.0,-0.012955695415864388
97219136,Q4_고가,0.0,0.013685839045831816
97532800,Q3,0.0,-0.08597116515378861
97553216,Q3,0.0,-0.0015981492630545158
98169408,Q2,1.0,-0.02368909332540431
98204672,Q2,0.0,-0.028516536553002236
98223232,Q4_고가,0.0,0.014749612632397158
98258496,Q3,0.0,0.0008082170660930199
98262208,Q2,0.0,-0.05402045530195698
99062144,Q1_저가,0.0,0.030112887864805787
99257024,Q1_저가,0.0,-0.0530670337716147
99268160,Q1_저가,0.0,0.022600878921505335
99661632,Q2,1.0,-0.023585323845708772
99763712,Q3,1.0,-0.003461609714181857
99912192,Q2,1.0,0.1028308894248896
99995712,Q4_고가,0.0,0.002835827504491628
100134912,Q1_저가,0.0,-0.0036084290758297
100224000,Q4_고가,0.0,0.0054173831674066975
100225856,Q2,0.0,0.032641663912835184
100548800,Q4_고가,0.0,0.0716044166441297
100856896,Q1_저가,0.0,0.0390973958067443
100932992,Q2,0.0,-0.08561151646574383
100955264,Q4_고가,0.0,-0.0158998667324661
101035072,Q4_고가,0.0,-0.008285390094951717
101300480,Q3,0.0,-0.08564245672586712
101319040,Q3,0.0,0.04027004146263702
101554752,Q2,0.0,0.0015908871853060058
101760768,Q3,,0.040044565966535495
101946368,Q1_저가,0.0,0.035506733344623675
102178368,Q4_고가,0.0,-0.025493534040998217
102328704,Q4_고가,0.0,0.07082526683052176
102560704,Q1_저가,,-0.023661851873928552
102911488,Q1_저가,,0.01994259893290365
103013568,Q1_저가,1.0,0.01937697483202508
103700288,Q4_고가,0.0,0.041089310848855365
103705856,Q1_저가,0.0,0.0013868969625436822
104303488,Q2,1.0,0.004211001101582887
104353600,Q3,1.0,0.014122771092141329
104355456,Q4_고가,0.0,0.002722110440177977
104663552,Q3,0.0,0.014277531825589329
104678400,Q4_고가,0.0,0.041811394994616946
104683968,Q2,0.0,-0.04668790866882644
104735936,Q4_고가,1.0,0.07002865304103878
104754496,Q4_고가,0.0,0.07318050711106672
104800896,Q2,1.0,0.025582807138566088
104871424,Q1_저가,0.0,0.030788174403333285
105060736,Q3,0.0,0.051899477376156786
105071872,Q4_고가,0.0,-0.008408916127922272
105634240,Q1_저가,,0.0819456198986186
105756736,Q4_고가,0.0,-0.01930978962566532
105758592,Q1_저가,0.0,0.0276233390616068
105895936,Q1_저가,0.0,0.08935027109701563
106174336,Q2,1.0,0.000404077411983339
106220736,Q2,1.0,0.0044698588034291775
106256000,Q4_고가,0.0,0.1752065060466123
106437888,Q3,0.0,0.038279526969012406
106757120,Q3,0.0,0.043187120143600516
106760832,Q1_저가,0.0,0.029124612293270832
106829504,Q4_고가,1.0,-0.039092046029788496
106972416,Q2,0.0,0.01579394897239539
107640576,Q1_저가,0.0,0.0375652860001119
107642432,Q4_고가,1.0,0.014758135888669144
107657280,Q4_고가,0.0,-0.028936447745662452
107666560,Q1_저가,0.0,-0.0050386753372120285
108013632,Q1_저가,1.0,0.02029862251272123
108143552,Q2,0.0,-0.04186304317856382
108184384,Q1_저가,0.0,-0.03585884946432738
108212224,Q1_저가,0.0,-0.13998174741732855
108280896,Q1_저가,0.0,0.017808768486691523
108405248,Q2,1.0,-0.02425638581478573
108420096,Q2,0.0,-0.026752766445798604
108843264,Q4_고가,0.0,0.052699579011571074
108934208,Q2,0.0,0.018431213580491046
108956480,Q2,0.0,0.03697846957108927
109065984,Q2,,0.051101259705158
109309120,Q3,0.0,-0.0012983062222039488
109325824,Q3,0.0,0.024110385169452186
109472448,Q1_저가,0.0,-0.07396726288756383
109804672,Q1_저가,0.0,0.03725042097626313
110010688,Q3,,0.008953250284809755
110237120,Q2,0.0,-0.007985514584572084
110320640,Q2,0.0,0.04214843442219693
110934976,Q4_고가,,-0.009104773550916767
111098304,Q3,0.0,-0.04389620002596861
111102016,Q4_고가,,0.023726741143610786
111311744,Q3,0.0,0.04536216969597509
111350720,Q4_고가,0.0,0.03148442788652141
111391552,Q4_고가,,0.007838350380931947
111649536,Q1_저가,0.0,0.029733318095327976
111731200,Q2,0.0,0.04278897289458944
111824000,Q4_고가,,0.007833359907616466
111920512,Q3,0.0,-0.0042894322429415654
112479168,Q4_고가,0.0,0.045949381295033453
112570112,Q3,0.0,-0.04444707005885962
112648064,Q4_고가,0.0,0.03276040512259426
112698176,Q4_고가,0.0,-0.027520844115909604
112766848,Q1_저가,0.0,0.012328588969823098
112800256,Q3,,-0.01861430353848212
114053056,Q4_고가,,0.014720377514305646
114225664,Q1_저가,,0.056426138972830595
114298048,Q4_고가,,-0.008936493440590443
114303616,Q3,0.0,-0.018696974493919827
114311040,Q2,0.0,0.013422200038867668
114429824,Q1_저가,0.0,0.029220720646676773
114476224,Q1_저가,,0.003067701856122082
114658112,Q4_고가,0.0,0.0015600277828197173
114878976,Q2,0.0,0.035651455012464583
115001472,Q2,0.0,0.002598795450598157
115008896,Q3,0.0,-0.011361039005677864
115031168,Q4_고가,0.0,0.08080276549179866
115437632,Q4_고가,,0.006852555784421094
115561984,Q2,,0.17843809435576802
115630656,Q2,0.0,-0.00995715898563121
115886784,Q1_저가,0.0,-0.0142775417639317
115920192,Q4_고가,0.0,-0.015807462546464146
116029696,Q2,,-0.04220925140372722
116120640,Q3,0.0,0.011037484828907318
116261696,Q2,,0.022093404248210047
116389760,Q3,1.0,-0.00042561502767402004
116434304,Q3,0.0,0.00284549226616701
116573504,Q1_저가,1.0,-0.0022165475138654633
116588352,Q4_고가,0.0,-0.060810641540027355
116950272,Q3,1.0,-0.13263322101905717
116974400,Q3,0.0,0.03242793870025251
117004096,Q3,0.0,0.052403366565139886
117069056,Q3,0.0,0.006341031824045995
117098752,Q3,,0.13414061284032908
117109888,Q2,1.0,-0.04686152442149971
117226816,Q4_고가,0.0,0.004679736093837095
117239808,Q2,,0.0028102298628102096
117562752,Q2,0.0,-0.02635483998363844
117564608,Q2,1.0,0.02740778284873846
117679680,Q2,1.0,0.0025710923220476634
118034176,Q4_고가,0.0,-0.04847473616023229
118245760,Q2,,-0.013083218898215204
118540864,Q3,,-0.015249537307913452
118659648,Q2,0.0,0.02780429793930793
118717184,Q4_고가,0.0,0.0010661146717292624
118761728,Q2,0.0,0.025195822068646345
118789568,Q1_저가,,0.01668561781004177
118828544,Q4_고가,0.0,0.0008737124775426153
119027136,Q3,0.0,-0.11497003261297867
119312960,Q3,0.0,0.049522946116535585
119550528,Q4_고가,1.0,-0.007471131276662546
119866048,Q2,,-0.020126309539217624
119936576,Q3,0.0,0.011330360441580312
120020096,Q2,1.0,-0.017153474423503123
120159296,Q4_고가,0.0,0.05776703711826359
120294784,Q1_저가,0.0,-0.03496333610077043
120428416,Q1_저가,0.0,0.03212123621332956
120615872,Q1_저가,0.0,0.004146152761974942
120617728,Q4_고가,,0.049717257921422064
120849728,Q4_고가,0.0,-0.011476231457606123
120859008,Q4_고가,0.0,-0.020802106573702323
120875712,Q2,0.0,0.042749024811384706
120979648,Q4_고가,,0.014291441224863172
121133696,Q2,0.0,0.0432712279407389
121423232,Q3,,0.029815751662489176
121480768,Q4_고가,0.0,0.022796896918220844
121482624,Q4_고가,0.0,-0.0039295632668061575
121549440,Q2,0.0,0.04939017120702249
122408768,Q1_저가,,-0.007648740156845302
122457024,Q1_저가,0.0,-0.07333279696741468
122564672,Q2,0.0,0.02031662728880944
123069504,Q3,0.0,0.06845076381460802
123643008,Q4_고가,1.0,0.05140418729550458
123958528,Q2,0.0,0.029302160323483872
123965952,Q1_저가,0.0,-0.0961276563366169
124236928,Q1_저가,0.0,0.031675348102835565
124387264,Q3,,-0.058935309513729606
124390976,Q1_저가,0.0,-0.028648874725288542
124431808,Q3,,0.026848258933146574
124515328,Q2,0.0,-0.01981859511762668
124522752,Q2,,-0.008199534302592043
124615552,Q2,0.0,-0.024601056274531352
124632256,Q2,0.0,-0.0021799663482999776
124908800,Q4_고가,0.0,-0.005610468782852984
124996032,Q2,1.0,-0.13749225350536332
125025728,Q2,,0.009866376263315657
125159360,Q3,0.0,-0.08528374855187826
125263296,Q1_저가,,0.0320513746879644
125281856,Q2,0.0,0.023418171867516963
125287424,Q4_고가,0.0,-0.03626434645677257
125354240,Q3,0.0,0.028289089671553136
125363520,Q4_고가,0.0,-0.025243593106857865
125617792,Q4_고가,0.0,0.02715930485939866
125708736,Q1_저가,0.0,0.06747723573206688
125718016,Q3,,0.006208857501362547
125732864,Q3,,0.04077668438203952
125788544,Q1_저가,0.0,0.02184388200321287
126000128,Q3,,-0.049004254223826094
126252544,Q1_저가,,-0.028423775352812652
126311936,Q1_저가,,0.04118476845111335
126458560,Q1_저가,1.0,0.03367359818138353
126573632,Q3,0.0,-0.014526874366667497
126659008,Q1_저가,0.0,0.037733466600853145
127043200,Q3,,0.12835449013850042
127080320,Q1_저가,0.0,0.017044304299174
127091456,Q3,,-0.0100093245149534
127104448,Q4_고가,0.0,-0.044165181367431694
127141568,Q4_고가,0.0,0.06193800306591135
127200960,Q2,0.0,0.03577601069838453
127277056,Q3,0.0,0.01344386998354452
127280768,Q4_고가,0.0,0.004032367597832043
127282624,Q3,0.0,-0.12887739913024793
127438528,Q2,0.0,0.03933617824542257
127529472,Q3,0.0,0.04052561486251605
127544320,Q1_저가,,-0.1382072324079303
127559168,Q1_저가,,-0.05028507007213712
127637120,Q1_저가,0.0,0.01768449887534798
127668672,Q4_고가,0.0,0.06981453467155735
127676096,Q3,1.0,0.007302039870880961
127692800,Q1_저가,0.0,0.027334044136781144
127833856,Q3,1.0,-0.004049872913479219
128208768,Q1_저가,0.0,0.04102729402348172
128297856,Q2,,-0.1434636111608999
128520576,Q4_고가,0.0,-0.009279141239838418
128897344,Q2,1.0,-0.09015804652373716
129240704,Q4_고가,0.0,0.005531332376204193
129719552,Q3,0.0,-0.07666677792633458
130168704,Q3,0.0,-0.049585647153105206
130177984,Q3,1.0,-0.011827345043047721
130315328,Q1_저가,,0.027560170141033846
130452672,Q1_저가,0.0,-0.04998964287059515
130493504,Q3,,0.04339950631449618
130523200,Q4_고가,0.0,0.050007334327819064
130614144,Q4_고가,0.0,0.052348158974591
130634560,Q1_저가,0.0,0.044013692940173654
130684672,Q3,0.0,0.033242829887277545
130712512,Q2,0.0,0.016321647248108362
130725504,Q2,,-0.0017755296732808457
130805312,Q4_고가,0.0,0.05214207223793796
131245184,Q2,0.0,0.016152106645685768
131250752,Q4_고가,0.0,0.06515954072283203
131280448,Q4_고가,0.0,-0.010791576529924296
131544000,Q1_저가,0.0,0.042243073582736886
131616384,Q4_고가,0.0,-0.03428492435724734
131831680,Q2,0.0,-0.009006911416833963
132830208,Q3,0.0,0.012722022791921361
133095616,Q3,,0.056753602718064955
133372160,Q1_저가,0.0,-0.030971516831819312
133583744,Q1_저가,0.0,0.017461263734010968
133593024,Q2,0.0,0.03289901816130668
133834304,Q4_고가,,0.0019695609407354153
133888128,Q2,,0.09937255902352993
133917824,Q4_고가,,0.014592581822117173
134602688,Q2,1.0,-0.013519315004777654
134871808,Q2,0.0,0.023314294878327993
135113088,Q3,0.0,0.01312311495298557
135181760,Q2,0.0,0.027340803495372143
135220736,Q1_저가,0.0,0.01892639777288227
135281984,Q2,,-0.08896100699257675
135883328,Q2,0.0,-0.01610969908123594
135900032,Q1_저가,0.0,0.03952121514576308
136644288,Q2,0.0,-0.08587282106076621
136933824,Q3,,0.03529126706509744
137061888,Q2,,-0.09537955515003305
137112000,Q3,,-0.07449790234335851
137449792,Q4_고가,0.0,0.012164636507879995
137557440,Q1_저가,0.0,-0.002533047697829041
137650240,Q4_고가,0.0,0.012324655757083858
137795008,Q3,0.0,0.008417795626172175
137815424,Q1_저가,0.0,-0.03527193951354324
138001024,Q4_고가,0.0,0.01407174492853773
138064128,Q3,1.0,-0.04857431210586255
138314688,Q3,,0.043530283583658735
138316544,Q1_저가,0.0,0.06013587977831249
138351808,Q3,1.0,0.002482890232861079
138474304,Q3,1.0,0.0253008299928541
138585664,Q4_고가,0.0,0.023525872350807678
138689600,Q4_고가,0.0,-0.027631758359010883
138708160,Q3,0.0,0.059396439305231974
138910464,Q3,0.0,0.003753230872621194
139172160,Q1_저가,1.0,0.0376184688972029
139359616,Q1_저가,0.0,0.019328166525900012
139574912,Q3,0.0,-0.007061792118183252
139754944,Q3,0.0,0.04592149019839585
139775360,Q3,0.0,-0.008598389295110503
140189248,Q1_저가,0.0,0.04241296958240962
140220800,Q2,0.0,-0.022034446309344646
140233792,Q3,0.0,0.027418236214141856
140326592,Q4_고가,0.0,0.05949622425547718
140445376,Q4_고가,,-0.007599214697751516
140512192,Q4_고가,0.0,0.07301408409529142
141000320,Q2,0.0,0.012213942663477001
141020736,Q4_고가,0.0,0.03877242492933755
141072704,Q2,0.0,-0.014237209187417083
141165504,Q4_고가,0.0,0.028750377988589815
141412352,Q3,0.0,0.04641495543002705
141508864,Q4_고가,,0.05530139105443095
141529280,Q1_저가,,0.0025825147591997666
142160320,Q3,0.0,-0.02357215740789101
142216000,Q3,,-0.01061541573040417
142303232,Q4_고가,0.0,0.04333243718980612
142544512,Q2,0.0,0.002574610571759006
142852608,Q4_고가,1.0,0.04978985467003261
143077184,Q1_저가,1.0,-0.002405345431409439
143131008,Q4_고가,0.0,-0.010679325138454043
143168128,Q3,0.0,0.03544961392139123
143231232,Q2,0.0,0.014599289295978535
143296192,Q4_고가,1.0,-0.005462014394824077
143429824,Q3,1.0,0.0454934502639609
143613568,Q1_저가,0.0,0.02814968633319792
143802880,Q4_고가,0.0,0.013865861750626485
143810304,Q4_고가,0.0,0.045780473398733146
144454336,Q4_고가,0.0,0.02080875655200562
144519296,Q1_저가,,0.029258873290393603
145085376,Q2,0.0,0.026672881419485095
145087232,Q1_저가,1.0,0.039856934238670344
145512256,Q3,,0.009875117918052623
145916864,Q4_고가,0.0,0.025898223766110784
146297344,Q2,0.0,0.013869135676398692
146850432,Q1_저가,,0.031760188580595344
146876416,Q3,0.0,0.02652924855155392
147156672,Q1_저가,0.0,-0.0230029465853277
147210496,Q3,,0.06830719203489688
147242048,Q3,0.0,0.039299186516784025
147355264,Q1_저가,0.0,0.015249342291168866
147371968,Q3,0.0,0.02615252935349996
147407232,Q3,,-0.027769773235049533
147516736,Q2,0.0,-0.03961544317727794
147735744,Q4_고가,0.0,-0.03997587995421392
148177472,Q3,0.0,0.08487159255364207
148424320,Q4_고가,0.0,-0.0014099006175520845
148535680,Q3,0.0,0.008916171692942232
148602496,Q4_고가,,0.0938503148392078
149168576,Q4_고가,0.0,0.032939509209431166
149239104,Q1_저가,0.0,0.025415772359855426
149270656,Q4_고가,0.0,0.056593784838604
149359744,Q4_고가,0.0,0.03202798749614044
149426560,Q4_고가,0.0,-0.017918564834947692
150029760,Q2,0.0,-0.028331580439618947
150037184,Q1_저가,0.0,-0.017445981603816496
150048320,Q1_저가,0.0,0.000160960362550866
150081728,Q4_고가,0.0,0.0010257742966958139
150100288,Q1_저가,1.0,0.026970180842778593
150235776,Q2,0.0,-0.06126790955571304
150302592,Q1_저가,,0.03284070285891944
150798144,Q3,,0.11849845753675425
150881664,Q2,0.0,-0.0703984247483811
151032000,Q3,0.0,0.004010637134522543
151046848,Q1_저가,0.0,0.015966050661684578
151429184,Q4_고가,0.0,0.02378984093085712
151546112,Q4_고가,0.0,-7.040196612451144e-05
151568384,Q3,0.0,0.10915512072603861
151663040,Q2,0.0,-0.08181590746579781
151689024,Q2,0.0,0.020846901243877003
151783680,Q2,0.0,-0.03655352469155837
152154880,Q3,1.0,0.03872624588507667
152184576,Q4_고가,0.0,0.12456530063701687
152282944,Q1_저가,,0.02687710051416227
152401728,Q2,1.0,0.02808739432444858
152572480,Q1_저가,0.0,0.03368051178176476
152605888,Q2,1.0,0.044174599075282345
152607744,Q3,0.0,0.04041832534502462
152739520,Q4_고가,0.0,0.040472957451904386
152746944,Q4_고가,0.0,0.03389291796242763
153242496,Q4_고가,,0.01789251164199329
153489344,Q4_고가,0.0,-0.032262285393792944
153717632,Q4_고가,,0.09220240427581533
153723200,Q4_고가,0.0,-0.006478076310716396
153726912,Q1_저가,,-0.042947940703406406
153745472,Q2,0.0,0.016116510759357605
153747328,Q4_고가,0.0,-0.00038852846205439384
153877248,Q4_고가,,-0.016653662857268214
153886528,Q3,0.0,-0.051051096538588636
153888384,Q2,0.0,-0.02942814545055844
153893952,Q1_저가,0.0,-0.029816691298927223
154096256,Q3,0.0,0.02132775296263001
154215040,Q1_저가,,-0.0026072753591451503
154344960,Q1_저가,0.0,-0.05880068719986542
154396928,Q2,0.0,0.11323983804174897
154543552,Q2,0.0,0.024188320118939705
154589952,Q2,0.0,0.027797035540243403
155122624,Q2,0.0,-0.024640626682230216
155174592,Q1_저가,0.0,0.005877225050486046
155417728,Q3,0.0,0.06415309493981425
155488256,Q1_저가,0.0,0.031136300460365127
155642304,Q2,0.0,0.013664643589204273
155646016,Q4_고가,0.0,-0.021390784092649995
155651584,Q1_저가,0.0,-0.1043248981242888
155670144,Q2,0.0,-0.009718542720135573
155759232,Q1_저가,1.0,0.0396182687070149
155931840,Q3,1.0,-0.002124325960013107
156741056,Q2,0.0,0.05251645541953476
156787456,Q3,,0.00012906443750604346
156813440,Q4_고가,0.0,0.0029844912366740195
156889536,Q1_저가,,0.038464643234089435
157080704,Q3,,-0.04566395615408286
157084416,Q2,0.0,-0.01766415898829707
157086272,Q1_저가,0.0,-0.004174981089892893
157158656,Q4_고가,0.0,0.0236866167377473
157372096,Q4_고가,0.0,0.0008638474786702155
157674624,Q3,0.0,0.008320407492102166
157784128,Q2,,0.051582699009406485
157845376,Q1_저가,0.0,-0.00446562691358493
158350208,Q2,0.0,0.003990950714014452
158352064,Q4_고가,0.0,0.03536948540242846
158487552,Q3,0.0,-0.005134372986583091
158647168,Q4_고가,,0.04907747600969832
158932992,Q3,0.0,0.051172164515102786
159022080,Q1_저가,,0.025335634357509074
159127872,Q1_저가,0.0,0.0018110120508695593
159131584,Q2,0.0,0.01252939160682956
159216960,Q4_고가,0.0,0.020957282927144272
159358016,Q1_저가,1.0,0.03374614055101502
159634560,Q3,0.0,0.07314636596599691
159918528,Q1_저가,1.0,-0.00805602403168737
159950080,Q3,0.0,0.004530983915916109
160183936,Q2,0.0,0.03821023941908191
160384384,Q1_저가,,0.012760696917038516
160471616,Q3,1.0,-0.06381288839732946
160827968,Q3,0.0,-0.010733105675175048
160924480,Q3,0.0,-0.05515543752966967
160937472,Q3,0.0,0.03249148036722789
161475712,Q1_저가,0.0,0.0373985648419073
161538816,Q1_저가,0.0,0.05540172119396871
161540672,Q4_고가,1.0,0.0457153998882287
161609344,Q1_저가,,-0.057391232793745695
161689152,Q2,0.0,0.05535400491532749
162147584,Q1_저가,0.0,0.04954889656396344
162325760,Q4_고가,,0.0050811827804931875
162340608,Q1_저가,0.0,0.001961389397589497
162344320,Q1_저가,0.0,0.018151218644188075
162398144,Q2,1.0,0.03841016065810336
162988352,Q4_고가,0.0,-0.00368277658369065
163147968,Q3,,0.050988062012182006
163153536,Q1_저가,1.0,0.06145664563518283
163435648,Q3,0.0,-0.08620297404611887
163461632,Q3,0.0,0.01726001868514626
163925632,Q4_고가,0.0,0.03559197523145663
163983168,Q1_저가,,0.0258828495873427
164094528,Q3,0.0,0.009655660265079802
164510272,Q1_저가,,-0.030759674334071674
164608640,Q4_고가,,0.010551473817688617
164692160,Q2,,0.0075974827378599286
164846208,Q2,,0.027107092868201274
164979840,Q4_고가,0.0,0.007807696855668955
165260096,Q3,,-0.04109869251930076
165261952,Q2,0.0,-0.013330927401938253
165696256,Q4_고가,,0.026023593603767714
165818752,Q1_저가,0.0,0.020252593290642024
165904128,Q2,,0.004554345577473695
166015488,Q2,0.0,-0.04816282987158882
166299456,Q1_저가,,-0.019472906359592534
166316160,Q3,1.0,0.027528300100413877
166414528,Q2,0.0,-0.05339535373762888
166611264,Q3,0.0,0.07038537708196832
166770880,Q4_고가,0.0,0.15088878154137697
166945344,Q4_고가,0.0,0.0014303358156546597
167075264,Q1_저가,0.0,0.01912770743599443
167429760,Q3,0.0,-0.03220624501647357
167689600,Q2,,0.004856281882472335
167789824,Q3,0.0,-0.10854869113748755
168068224,Q3,,0.0220048677768091
168073792,Q3,0.0,0.0101627864161139
168086784,Q4_고가,0.0,0.00895234130194833
168114624,Q2,1.0,0.029104626415017154
168344768,Q1_저가,,0.025924236060515277
168751232,Q3,0.0,0.016384298564928068
169111296,Q1_저가,0.0,0.03562665502375026
169285760,Q2,,0.015265795826960304
169653248,Q3,,-0.00251447097033608
170514432,Q4_고가,0.0,0.09888695662672231
170766848,Q3,0.0,0.03880486495974944
170770560,Q4_고가,,0.03312220899931706
170807680,Q4_고가,0.0,0.006333619867289114
170859648,Q1_저가,0.0,0.019692001746431154
170963584,Q2,0.0,0.012106471734707358
171052672,Q2,0.0,0.02296072023664908
171175168,Q4_고가,0.0,-0.01208270485584062
171292096,Q2,0.0,0.02261962731939081
171550080,Q1_저가,1.0,-0.12443465782373864
171873024,Q4_고가,0.0,0.03386635119548562
172097600,Q3,0.0,0.08353523700129517
172279488,Q1_저가,0.0,-0.006507731174166156
172407552,Q1_저가,0.0,0.0496562539323302
172457664,Q3,0.0,0.019320065176854473
172593152,Q2,,0.043651730297221636
172619136,Q1_저가,1.0,-0.007750857142666434
172886400,Q4_고가,,0.0009161344183302722
173472896,Q1_저가,1.0,0.0018327529911327523
173712320,Q2,0.0,0.03791388982775497
173838528,Q4_고가,0.0,0.016088164437751518
173840384,Q1_저가,0.0,0.015696257817215398
173853376,Q3,0.0,-0.03985203814309718
173877504,Q4_고가,,0.017506549107158334
174048256,Q4_고가,1.0,-0.03664124739401936
174092800,Q4_고가,1.0,-0.013970334764142611
174126208,Q4_고가,0.0,0.028824557835471776
174400896,Q2,0.0,0.023255680507769383
174410176,Q3,0.0,-0.06673555382545104
174603200,Q1_저가,0.0,-0.002018096834249125
174684864,Q2,0.0,0.002213846140122766
174812928,Q4_고가,1.0,0.039485499055008394
174822208,Q3,,-0.0040152697371344526
174861184,Q1_저가,0.0,-0.003524881470396618
175481088,Q4_고가,0.0,-0.018684739010548346
175482944,Q1_저가,0.0,-0.05816063409716282
175484800,Q3,1.0,0.021117471796883627
175737216,Q3,0.0,0.008925835512157893
175843008,Q4_고가,0.0,0.008008663242280667
176002624,Q4_고가,0.0,0.021188576574740825
176067584,Q2,0.0,-0.07690482492547701
176273600,Q3,0.0,0.035069835498847055
176384960,Q2,0.0,-0.006681581811029957
176518592,Q1_저가,0.0,0.039287683820319774
176689344,Q3,0.0,0.15356961128766466
176912064,Q3,0.0,0.008624114609345757
176982592,Q3,0.0,-0.051356619005474224
177064256,Q3,,0.06020535020555767
177507840,Q1_저가,0.0,0.026664502516208125
177585792,Q2,0.0,0.04278710429048255
177719424,Q3,1.0,0.02414820094242298
177767680,Q2,0.0,0.008837089564584288
177858624,Q2,0.0,0.06554504081825975
178216832,Q3,,-0.008803139798118198
178343040,Q3,0.0,-0.018166959424779583
178387584,Q4_고가,0.0,-0.005907823044125737
178491520,Q2,0.0,-0.1257632370344896
178667840,Q3,0.0,0.024367279989152058
178758784,Q3,0.0,0.05019490479474081
179065024,Q1_저가,1.0,-0.04995277627762251
179272896,Q3,0.0,0.02018148598604866
179274752,Q4_고가,,0.0403364483959012
179421376,Q3,0.0,0.012707257402619576
179514176,Q2,1.0,0.0652317289468376
179610688,Q3,0.0,-0.017356810177203585
179846400,Q3,0.0,0.10397608726308893
179948480,Q2,0.0,0.01978793278733769
179980032,Q4_고가,0.0,0.03998619357660593
180019008,Q4_고가,,0.04941265136220807
180276992,Q4_고가,0.0,-0.006418842115605089
180288128,Q4_고가,0.0,-0.02174984024598231
180483008,Q4_고가,0.0,0.014184347383123574
180492288,Q1_저가,0.0,-0.07579935818624295
180496000,Q2,0.0,0.018604648074005747
180581376,Q4_고가,1.0,0.012398974298199028
181076928,Q2,0.0,0.02617708000206055
181438848,Q2,0.0,0.017117875055531265
181585472,Q4_고가,0.0,0.015661428012879647
181689408,Q3,0.0,-0.05981171159797416
181702400,Q4_고가,0.0,0.03314241769836068
181850880,Q4_고가,0.0,0.027759642372271076
182075456,Q1_저가,0.0,0.03714170177938818
182396544,Q2,,0.07876224136929275
182409536,Q3,0.0,0.031887586029734086
182522752,Q4_고가,,0.018137456466146173
182576576,Q1_저가,,0.020017307887148283
182927360,Q2,,-0.026941217108132742
183181632,Q1_저가,0.0,-0.08648684291679604
183300416,Q3,0.0,-0.04747702312306862
183339392,Q2,0.0,0.04081262036555089
183422912,Q3,,0.05517304385220548
183461888,Q1_저가,0.0,0.019632519247670288
183465600,Q1_저가,0.0,0.04931839829980322
183480448,Q3,0.0,-0.021095227659524318
183489728,Q3,,-0.15346322226346198
183641920,Q4_고가,0.0,0.03684403699147737
183714304,Q1_저가,0.0,0.041860780711562566
183844224,Q4_고가,0.0,0.010284980541850494
183846080,Q3,0.0,-0.003114196680482212
183896192,Q3,,0.052645480905067044
184391744,Q4_고가,,0.017977818830406445
184414016,Q4_고가,0.0,0.0296578117741903
184534656,Q4_고가,0.0,0.006883973000778476
184735104,Q3,0.0,0.16739530390185448
184803776,Q1_저가,0.0,0.04279160945772177
184866880,Q1_저가,0.0,0.030827038010137323
184915136,Q4_고가,0.0,0.014682835336358946
185217664,Q3,0.0,-0.0024751496307059417
185432960,Q4_고가,0.0,0.15536980665961236
185479360,Q1_저가,0.0,0.03837056810403483
185828288,Q4_고가,,-0.015057761866565933
186401792,Q1_저가,0.0,-0.027148323540296948
186468608,Q2,0.0,-0.0018551854957191694
186528000,Q4_고가,0.0,-0.0021864660997353846
186708032,Q3,0.0,0.05975901665518657
186709888,Q3,0.0,0.024646859873456273
186743296,Q1_저가,0.0,0.04456100130922053
186769280,Q3,0.0,-0.10651719631022899
186798976,Q4_고가,,0.04844253934833892
186824960,Q1_저가,0.0,0.007321175106546091
186832384,Q4_고가,0.0,0.018837392458793067
186836096,Q4_고가,0.0,0.03662653549099812
187036544,Q2,0.0,0.020378667169063447
187190592,Q4_고가,0.0,0.024353442999973468
187359488,Q3,0.0,0.021065208734825425
187571072,Q2,0.0,0.016359618476821214
187587776,Q4_고가,0.0,0.032571015329112274
187647168,Q1_저가,,-0.028338964609540995
187773376,Q3,0.0,0.07145696485001207
187895872,Q2,1.0,-0.034154373753376654
187927424,Q3,0.0,0.06194874126387401
187964544,Q2,0.0,0.026968808855475687
188074048,Q3,0.0,-0.02250625941667228
188634560,Q4_고가,0.0,0.011683751530788822
188658688,Q3,0.0,0.028856612647772284
188727360,Q3,0.0,0.043663366296509215
188922240,Q2,0.0,-0.008753107498960827
188933376,Q1_저가,0.0,0.011451686881172984
188946368,Q2,0.0,0.019283941484913428
189094848,Q2,1.0,-0.06621173321302071
189297152,Q4_고가,0.0,0.04436467916015552
189330560,Q4_고가,,0.009844134179181549
189544000,Q4_고가,,-0.006407225904810687
189644224,Q4_고가,0.0,-0.003137115366469573
189677632,Q3,0.0,-0.02561776854581313
189681344,Q4_고가,0.0,-0.055057033739401295
189904064,Q3,0.0,0.12229062966290644
190002432,Q4_고가,0.0,0.004108903981168921
190123072,Q1_저가,1.0,0.012687489373140085
190225152,Q2,0.0,-0.024395660153224974
190555520,Q4_고가,0.0,0.004549088840183402
190618624,Q1_저가,0.0,0.0060060219858549535
190696576,Q3,0.0,0.02415818042931961
190802368,Q3,,0.0008037287116525738
190917440,Q4_고가,0.0,0.029742245624473918
190973120,Q1_저가,0.0,0.02269531761941744
191112320,Q4_고가,0.0,-0.008411677257748662
191450112,Q4_고가,,-0.02013838066336554
192021760,Q1_저가,0.0,0.043130391213800745
192105280,Q4_고가,0.0,0.033511171405667346
192257472,Q1_저가,0.0,0.02811998943711863
192268608,Q2,0.0,-0.019042959357501832
192313152,Q1_저가,0.0,0.03286873843994995
192331712,Q1_저가,0.0,-0.02501185295129016
192392960,Q2,0.0,0.010969314555270379
192509888,Q3,,0.042387107703023716
192522880,Q1_저가,0.0,0.07056415338417266
192589696,Q4_고가,,-0.019009473845561453
192771584,Q1_저가,0.0,0.05037592716654905
192845824,Q3,0.0,0.004556922272890562
192864384,Q4_고가,0.0,0.019606978427564536
192890368,Q2,0.0,0.02631558855143079
192897792,Q1_저가,0.0,-0.02776667134567601
192994304,Q3,1.0,-0.015277360208534208
193003584,Q4_고가,0.0,-0.05983675283921064
193109376,Q4_고가,0.0,0.027506230791370392
193204032,Q4_고가,0.0,0.047521138520996264
193324672,Q4_고가,0.0,-0.01248642513510917
193567808,Q1_저가,,0.03684890640060225
194087488,Q2,,0.041629219753913344
194111616,Q3,,0.050290607767388
194280512,Q1_저가,0.0,0.02916939583748622
194408576,Q1_저가,0.0,-0.058804046228347395
194560768,Q2,1.0,-0.001209036261746177
194679552,Q2,,0.07552803535395392
194911552,Q2,1.0,0.018362333982207213
194980224,Q4_고가,0.0,0.05089843946196046
195084160,Q4_고가,0.0,0.013963208379370748
195210368,Q3,0.0,0.04023480439700622
195227072,Q2,0.0,-0.0321240083229975
195262336,Q2,,-0.012871359874208232
195538880,Q2,0.0,0.04221012166600745
195611264,Q1_저가,0.0,0.05034444327677644
196010304,Q2,0.0,0.08872435410460594
196034432,Q4_고가,0.0,0.025676490952317374
196244160,Q4_고가,0.0,0.02571025236533825
196388928,Q4_고가,0.0,0.036098217541962296
196431616,Q3,0.0,0.016194199830108058
196646912,Q1_저가,,0.004901680419713089
196691456,Q2,0.0,0.01563943848701932
196823232,Q2,0.0,0.007939806122089332
196890048,Q3,0.0,-0.008863475640257024
196930880,Q4_고가,0.0,-0.009136173560988281
197057088,Q4_고가,0.0,0.004089373869091528
197144320,Q3,1.0,-0.003060257741766992
197896000,Q2,0.0,0.029807644323759708
197936832,Q2,0.0,-0.01267924503704232
198087168,Q3,0.0,0.1387994027137347
198224512,Q4_고가,0.0,0.009480834808405392
198335872,Q3,0.0,0.11462077101053436
198617984,Q3,0.0,0.026307568595673042
198714496,Q1_저가,0.0,0.04484498584704022
198913088,Q1_저가,0.0,0.026454541658035846
198952064,Q2,,0.015290504324290827
199041152,Q1_저가,,0.04761074607775557
199364096,Q4_고가,0.0,0.02324744246215016
199520000,Q3,0.0,0.04262525815427476
199848512,Q1_저가,0.0,0.05585048524978781
199870784,Q3,0.0,-0.02581837803269349
199919040,Q1_저가,0.0,0.026787351874524135
199933888,Q4_고가,1.0,-0.007247077630223794
200123200,Q1_저가,0.0,0.011060571874116354
200193728,Q1_저가,,0.036881303345617386
200204864,Q3,1.0,0.005625684625403582
200234560,Q2,0.0,-0.057851038128820864
200340352,Q1_저가,0.0,-0.10605420921724085
200349632,Q4_고가,1.0,0.03009175091278113
200548224,Q3,1.0,-0.00763932794505473
200564928,Q3,1.0,-0.034241612186757836
200631744,Q2,0.0,0.025760300546843418
200743104,Q4_고가,,0.0016241877011726191
200761664,Q2,0.0,0.04801357948770349
200774656,Q1_저가,,-0.02205649117642422
200839616,Q2,0.0,0.015405034496616787
200906432,Q3,0.0,0.025014176827855394
201383424,Q3,,0.028565240767931405
201515200,Q2,0.0,0.012397456885360925
201570880,Q4_고가,0.0,0.024042775195138893
201674816,Q4_고가,0.0,0.033398234120919086
201698944,Q4_고가,,0.0337489829283415
201953216,Q3,,0.1131008699203162
202107264,Q4_고가,0.0,0.1485865831336316
202135104,Q4_고가,0.0,0.0016735291358090931
202378240,Q4_고가,0.0,0.048125126376429336
202536000,Q4_고가,0.0,0.05691961796078582
202792128,Q4_고가,0.0,-0.010545639311383526
202871936,Q4_고가,0.0,0.019209815324487345
202892352,Q1_저가,,0.03967680644310349
202981440,Q1_저가,0.0,-0.0006618656611816209
203133632,Q3,0.0,0.04622598573484209
203291392,Q2,1.0,0.011885203691064217
203426880,Q2,,-0.012445714875581215
203590208,Q4_고가,0.0,-0.0014687477936839999
204022656,Q3,0.0,-0.13254756669277018
204041216,Q3,0.0,0.06305020377253956
204044928,Q3,0.0,0.03829978900064801
204102464,Q1_저가,0.0,0.03559007981840384
204323328,Q4_고가,0.0,0.12410876794610892
204416128,Q3,0.0,-0.005128489298016681
204429120,Q4_고가,0.0,0.04980553375335128
204638848,Q1_저가,1.0,0.028087588115601664
204681536,Q2,1.0,-0.071658776441758
204718656,Q1_저가,0.0,0.0308057026580182
204833728,Q2,1.0,0.043556011809247175
204887552,Q4_고가,0.0,0.010966503055680032
205117696,Q2,0.0,-0.04792808972744439
205188224,Q4_고가,,0.02991586929702117
205193792,Q3,0.0,0.010979313739810564
205271744,Q4_고가,,0.0034478088212001046
205329280,Q4_고가,0.0,0.013300332040502294
205334848,Q3,0.0,0.043459604205534685
205364544,Q4_고가,0.0,0.027801336239930627
205435072,Q3,0.0,-0.07896628663309346
205459200,Q4_고가,0.0,-0.010744354915836779
205709760,Q2,0.0,0.03259518399445961
205938048,Q2,,-0.013307991091134896
206190464,Q3,,0.019991077965677118
206370496,Q2,0.0,-0.012229762570483471
206439168,Q3,0.0,0.0175000982398181
206596928,Q1_저가,0.0,-0.08797011200699778
206663744,Q4_고가,,0.0016625101429954547
206715712,Q3,1.0,0.01220977618868313
206719424,Q2,0.0,0.01658179885386346
207007104,Q2,0.0,-0.040841332252223
207107328,Q2,,-0.04548160842237903
207408000,Q2,,0.08430921450918427
207450688,Q4_고가,0.0,0.027786804529351977
207489664,Q2,0.0,-0.002561543288663093
207491520,Q2,0.0,-0.021841799753942848
207560192,Q4_고가,0.0,0.03126967191409881
207736512,Q3,1.0,0.04379889522102489
207897984,Q2,0.0,0.01723402015274622
207916544,Q2,0.0,0.0797502686408359
207946240,Q4_고가,0.0,0.018111949518078527
207964800,Q1_저가,1.0,-0.05698993327740737
208176384,Q2,,0.039950495435997824
208276608,Q2,0.0,0.004400763163885435
208321152,Q4_고가,0.0,-0.03412219499124727
208571712,Q1_저가,0.0,-0.02962516288741468
208751744,Q3,,-0.05960538350062766
209419904,Q2,,0.015599490270441857
209460736,Q1_저가,0.0,0.039968090867327666
209497856,Q2,1.0,0.01973500042442733
209564672,Q3,,0.06130686239848522
209906176,Q1_저가,0.0,-0.10485155838736226
210262528,Q4_고가,0.0,0.07219092148931872
210307072,Q4_고가,1.0,0.008529737776884594
210639296,Q4_고가,,0.017883061929800437
210811904,Q2,1.0,0.0009081791699354635
210969664,Q4_고가,0.0,0.05953301326269389
211030912,Q1_저가,0.0,-0.01725110566169849
211049472,Q2,0.0,0.02212886839750433
211140416,Q2,0.0,0.02111485206968
211274048,Q3,0.0,0.03436656983300779
211287040,Q4_고가,0.0,0.023226017385467368
211314880,Q3,0.0,-0.0037185869713725617
212079552,Q2,0.0,-0.009756251609018163
212382080,Q1_저가,0.0,0.05123675856648505
212872064,Q3,1.0,0.03887334854460833
212875776,Q1_저가,0.0,0.030324644550172766
213291520,Q1_저가,,-0.04899421157985673
213482688,Q4_고가,1.0,-0.008463676497163286
213486400,Q4_고가,1.0,0.04919074721192182
213603328,Q4_고가,0.0,0.03539068255804212
213731392,Q4_고가,0.0,0.027643098239629738
213744384,Q3,,-0.07536389357617362
213872448,Q3,0.0,0.0016750761246623336
214052480,Q3,0.0,-0.008466459261527781
214095168,Q4_고가,0.0,0.05010842952998795
214453376,Q2,0.0,0.03528264940694517
214507200,Q3,0.0,0.030963093650963724
214638976,Q4_고가,0.0,0.011232516692890576
214657536,Q2,0.0,0.03574384269967412
214664960,Q4_고가,0.0,0.03377743144328407
214809728,Q4_고가,0.0,0.03227397849574025
214839424,Q1_저가,,0.03058459062855666
215296000,Q2,0.0,0.03851479199492183
215362816,Q1_저가,0.0,0.03231272318872229
215438912,Q3,0.0,-0.050126080556699426
215583680,Q1_저가,0.0,0.004638531528170009
215719168,Q1_저가,0.0,-0.011874290775715501
215810112,Q4_고가,1.0,-0.01963394885719448
215841664,Q4_고가,0.0,-0.025885421397095293
216476416,Q3,0.0,0.05939775255216484
216829056,Q2,,0.018786222686785203
217035072,Q4_고가,1.0,0.033457935374584656
217077760,Q1_저가,,-0.0026628716216648973
217189120,Q3,,0.04888549281775066
217307904,Q4_고가,0.0,0.062076605368267174
217705088,Q4_고가,0.0,0.013873027941737559
218091136,Q4_고가,0.0,0.06704304055724108
218291584,Q1_저가,1.0,0.016674621238047513
218362112,Q1_저가,0.0,0.0354973322620791
218382528,Q3,1.0,-0.017374775349613847
218423360,Q4_고가,0.0,0.021448831373490268
218475328,Q2,0.0,-0.02248657998579806
218480896,Q4_고가,0.0,0.005081239085429234
218484608,Q2,1.0,-0.0027183680615472383
218837248,Q4_고가,0.0,0.020909074805462294
219104512,Q2,1.0,-0.04614764609932942
219137920,Q1_저가,,0.02342631641969256
219267840,Q4_고가,0.0,0.021435041260910503
219291968,Q2,0.0,-0.0059371940169962445
219293824,Q3,0.0,0.020883418906421314
219496128,Q3,0.0,0.04531487434509429
219587072,Q1_저가,0.0,0.030239959582876383
220672832,Q2,,0.003585325401420758
220724800,Q3,0.0,-0.06676849544993091
220748928,Q4_고가,,0.0077750064195074575
220954944,Q4_고가,0.0,-0.010728882455742883
221081152,Q3,1.0,-0.03164335965756143
221101568,Q2,1.0,-0.06962010962776621
221441216,Q1_저가,,0.019956226902874727
221689920,Q4_고가,0.0,-0.00612491769766671
221747456,Q1_저가,1.0,-0.08296626639957805
221808704,Q3,0.0,-0.04892661453182923
221849536,Q4_고가,,0.04074090507626349
221858816,Q1_저가,0.0,-0.05459491134828892
221927488,Q2,0.0,-0.01649439100265021
221970176,Q2,,-0.039704509596353604
222051840,Q4_고가,0.0,-0.08066020269019547
222326528,Q2,0.0,-0.018255600914700715
222395200,Q3,,0.029044826864484077
222434176,Q2,0.0,0.016268313494219533
222473152,Q2,1.0,-0.003593607334561613
222495424,Q2,0.0,0.0295740740383144
222720000,Q1_저가,1.0,0.05568636617490591
222734848,Q3,0.0,-0.06439032383383053
223189568,Q4_고가,0.0,-0.006333763971970718
223352896,Q1_저가,0.0,0.03797622304653363
223390016,Q4_고가,0.0,0.008009485277162054
223458688,Q1_저가,0.0,0.05918742920792873
223510656,Q4_고가,0.0,0.11944250090716813
223673984,Q3,0.0,0.02767414253949106
223696256,Q4_고가,0.0,-0.012234217140358883
223722240,Q3,,0.030153817786093218
223961664,Q4_고가,0.0,-0.031325010475501125
224004352,Q4_고가,0.0,0.019899859609645132
224318016,Q1_저가,1.0,-0.024656497211930445
224451648,Q4_고가,0.0,-0.0141073666338839
224511040,Q3,,-0.05951561603288119
224832128,Q2,0.0,0.024913302831774467
224932352,Q3,0.0,0.038001778950689125
224934208,Q2,0.0,0.051802656288721494
225312832,Q4_고가,0.0,0.032729472639479784
225452032,Q2,0.0,0.028350438996434857
225609792,Q2,,0.017292387888086513
225650624,Q2,0.0,-0.005068536967974824
225841792,Q3,0.0,0.022684500784695527
225847360,Q3,,-0.0005163713513952062
225875200,Q2,,-0.0032405164394439523
226073792,Q2,0.0,-0.024653842175432483
226161024,Q1_저가,0.0,0.05286621589257512
226315072,Q4_고가,,0.0582070329330423
226638016,Q3,0.0,0.04787934666259319
226725248,Q2,,-0.020849563772188384
226753088,Q4_고가,0.0,-0.0446775031530236
226756800,Q1_저가,0.0,0.0448028198334596
226914560,Q4_고가,0.0,0.06197144057593096
226973952,Q4_고가,,0.05440289542912331
227244928,Q4_고가,0.0,0.05702856716418159
227476928,Q1_저가,1.0,-0.007332166466383294
227610560,Q3,0.0,0.053648037558503746
227859264,Q1_저가,0.0,0.027682537606008514
228644352,Q4_고가,0.0,0.012152357091360727
228787264,Q4_고가,0.0,-0.024859875421077593
229035968,Q3,0.0,0.02174464557014512
229217856,Q3,1.0,0.03719816232404227
229243840,Q1_저가,0.0,0.010625471692334354
229282816,Q3,0.0,0.05469189317190992
229323648,Q2,0.0,0.008747748011436851
229527808,Q4_고가,1.0,-0.005625090607859984
229585344,Q2,0.0,0.018017184056196567
229917568,Q1_저가,0.0,0.03386822025865627
229963968,Q1_저가,0.0,0.010773797147671599
230225664,Q3,0.0,-0.015116916727504037
230337024,Q1_저가,,0.020322640344522136
230702656,Q2,0.0,0.013244025596814701
230756480,Q2,0.0,0.014454232649275256
230867840,Q1_저가,0.0,0.022058651769885
230988480,Q4_고가,,-0.043828108305381974
231200064,Q2,0.0,-0.00963887078221115
231331840,Q4_고가,0.0,-0.028811756939509825
231333696,Q2,,0.03549886614348538
231498880,Q3,0.0,0.03893699223985558
231524864,Q2,0.0,0.03129409648428988
231528576,Q3,0.0,0.061416464234594056
231545280,Q4_고가,0.0,0.055970943066801004
231641792,Q3,1.0,0.008171329553659179
231797696,Q3,0.0,0.043912816558919876
231905344,Q3,1.0,0.053758243417598606
231959168,Q2,1.0,-0.021798287598822796
232105792,Q3,0.0,0.0019931215723755225
232168896,Q1_저가,,0.04440009260171573
232330368,Q3,0.0,-0.06616243275265227
232428736,Q4_고가,1.0,0.03551564093591712
232798080,Q1_저가,1.0,0.014757604989070083
232809216,Q1_저가,0.0,0.03780571136707256
232851904,Q2,0.0,0.020282588853698977
232913152,Q2,0.0,0.013265097222427968
233078336,Q1_저가,0.0,0.051664381502645504
233109888,Q4_고가,0.0,0.04919823010716831
233219392,Q2,1.0,0.01750125449172213
233362304,Q4_고가,0.0,0.08232374705253909
233373440,Q4_고가,0.0,0.11695642870246181
233516352,Q3,0.0,0.03464575352718018
233588736,Q4_고가,,0.17218200077941515
233859712,Q2,0.0,-0.024269778494492744
233969216,Q2,0.0,-0.003522309503260379
234069440,Q1_저가,0.0,0.031517762194959054
234212352,Q2,0.0,-0.0008011778841035544
234216064,Q3,1.0,0.010530055836430074
234371968,Q2,1.0,0.028098789566920912
234381248,Q2,0.0,0.02602854996512305
234938048,Q1_저가,0.0,0.03722592189881202
234999296,Q3,1.0,0.008163358267950893
235238720,Q4_고가,0.0,0.003044217199903998
235244288,Q4_고가,0.0,0.034517176892506614
235333376,Q2,0.0,0.10133669815681023
235348224,Q1_저가,,0.03055991754767967
235370496,Q4_고가,0.0,0.004576005933267069
235467008,Q2,0.0,0.028393489548698525
235621056,Q1_저가,1.0,-0.01778656724322908
235916160,Q3,0.0,0.02687692397572737
236047936,Q3,0.0,0.04320005032329627
236495232,Q4_고가,0.0,0.07343148325333815
236625152,Q2,0.0,-0.03402291822375125
236805184,Q4_고가,,0.07291718497061728
236901696,Q1_저가,,0.05447280017584892
237606976,Q4_고가,1.0,0.03367490773849495
237742464,Q3,0.0,-0.0039313375882295
238085824,Q2,0.0,0.06356648583314994
238087680,Q1_저가,0.0,0.03098197461535024
238321536,Q2,0.0,-0.04641593881975378
238379072,Q4_고가,0.0,0.13171502768847454
238434752,Q3,1.0,0.03424359964030192
238470016,Q3,1.0,0.07956463406137437
238562816,Q3,0.0,0.03316819080779476
238596224,Q3,,0.010521999042998054
238622208,Q4_고가,1.0,0.019292941698304977
238896896,Q4_고가,,0.0029753066917510562
238911744,Q4_고가,0.0,-0.0077073646238947635
239273664,Q1_저가,,0.019623373468041494
239334912,Q3,,0.002010209015438913
239411008,Q1_저가,0.0,0.016370655402521694
239546496,Q3,0.0,0.00614969634002821
239605888,Q2,1.0,-0.004680812955029867
239611456,Q1_저가,0.0,0.0394003189899107
239997504,Q1_저가,0.0,0.028470581481072524
240003072,Q2,0.0,0.057331209530469066
240040192,Q2,,0.05167064432549161
240088448,Q3,0.0,0.02856266726424772
240136704,Q2,0.0,-0.005835781577167465
240220224,Q2,,-0.057444259228225714
240268480,Q2,1.0,-0.028782168567907773
240838272,Q4_고가,1.0,0.0658442813066572
240949632,Q4_고가,0.0,0.07005261286213449
240951488,Q4_고가,,0.014661724043220858
241038720,Q3,0.0,0.016748976353256784
241174208,Q2,,0.030426595812121177
241473024,Q4_고가,0.0,0.02284328651110712
241502720,Q4_고가,,0.03292116166629941
241589952,Q3,0.0,0.08961666666563373
241610368,Q3,0.0,0.04061714038833558
241823808,Q2,0.0,-0.043778185467770125
241838656,Q4_고가,0.0,0.013692427902749715
241877632,Q2,0.0,0.021386709373214075
241942592,Q4_고가,,0.03104054989452404
241957440,Q2,0.0,0.0178397066805044
241970432,Q2,0.0,-0.01650557871555719
241987136,Q1_저가,0.0,0.01748506033726968
242451136,Q3,,0.029576517231092343
242573632,Q4_고가,,-0.009371478521303073
242729536,Q3,1.0,0.059063007101690004
242779648,Q4_고가,0.0,0.0588036982826059
242968960,Q3,0.0,-0.0025471677417970295
242987520,Q4_고가,0.0,0.05623986282640875
243148992,Q4_고가,,0.03352294688498536
243273344,Q2,,0.022500809372120456
243291904,Q2,0.0,0.017121940316279782
243293760,Q3,0.0,-0.05287084618098481
243304896,Q3,,0.04483815135570427
243574016,Q4_고가,1.0,0.02274655006071631
243679808,Q4_고가,1.0,0.04706007655293423
243690944,Q2,0.0,0.06751822295933056
243824576,Q2,1.0,0.01837055708712576
244008320,Q2,0.0,-0.028964280423140032
244258880,Q3,0.0,0.019407321612690265
244375808,Q2,1.0,0.026344505846354838
244511296,Q2,,-0.02410020879657568
244529856,Q4_고가,0.0,0.02294804929830281
244540992,Q4_고가,1.0,0.013666313693130372
244555840,Q2,,-0.06131025950753649
244832384,Q1_저가,0.0,0.031296314465330224
245205440,Q3,,0.04356426547930165
245224000,Q3,,0.03389899498222715
245266688,Q3,1.0,-0.06375879907090065
245465280,Q3,0.0,0.02600215841106239
245565504,Q4_고가,0.0,0.020479778002328974
245576640,Q3,0.0,0.019003054300269717
245621184,Q2,0.0,-0.0049382124329994115
245751104,Q3,0.0,0.00591609930968863
245793792,Q2,0.0,0.049380180307143334
245888448,Q3,0.0,-0.055198901233682846
246003520,Q4_고가,0.0,-0.03121846802596756
246283776,Q1_저가,0.0,-0.03669260608457797
246287488,Q4_고가,0.0,0.0004344261065464261
246289344,Q3,0.0,-0.10049997205218891
246294912,Q2,,0.01656132099362495
246339456,Q4_고가,0.0,0.03544392276417413
246649408,Q2,1.0,0.026561262753976966
246764480,Q1_저가,0.0,0.007432499970255746
247003904,Q4_고가,,-0.012319403846467902
247007616,Q1_저가,1.0,0.03319626654132121
247341696,Q2,,0.006492369868375203
247510592,Q3,0.0,0.06888319676754318
247881792,Q4_고가,0.0,-0.03763533167692368
247926336,Q4_고가,,0.0933488893036265
248030272,Q4_고가,1.0,0.03951501657668399
248100800,Q3,0.0,0.026722176592592795
248592640,Q3,0.0,0.0380169733847949
248611200,Q3,0.0,0.07356364370639301
249297920,Q3,,0.017781050863318715
249314624,Q1_저가,0.0,-0.02152866564101108
249336896,Q3,1.0,0.05387724539650918
249548480,Q1_저가,0.0,0.01716331910086888
249572608,Q4_고가,0.0,0.1250250474172736
250021760,Q2,0.0,0.028946598157722103
250146112,Q2,,0.06052382622950936
251174336,Q4_고가,0.0,0.015961570897702226
251257856,Q3,0.0,0.04792994926779873
251309824,Q3,0.0,0.12788845521556064
251452736,Q2,0.0,-0.003292193478795058
251534400,Q4_고가,,0.04594684094378178
251630912,Q1_저가,0.0,0.040637601375399755
251677312,Q2,,-0.0027958810595743455
251732992,Q4_고가,1.0,0.009163823443187752
251753408,Q3,0.0,0.01099673899832837
251799808,Q2,,0.01976914188303551
251874048,Q2,,0.024293792632607336
252085632,Q3,,0.014990453414171837
252202560,Q3,0.0,0.026931091933325824
252263808,Q3,0.0,0.018979394374689096
252592320,Q2,0.0,0.03117054820554438
252662848,Q1_저가,0.0,0.0951753473575635
252699968,Q4_고가,0.0,0.003344219860959896
252701824,Q1_저가,0.0,0.03402836068018056
252854016,Q2,0.0,0.030112593156559342
253637248,Q3,1.0,0.018345789345771912
253817280,Q2,0.0,0.026072396940464315
254246016,Q3,0.0,0.08139062645721118
254379648,Q3,,-0.05603656547577407
254513280,Q3,0.0,-0.004309424599265754
254539264,Q1_저가,0.0,-0.02722507230252047
254585664,Q4_고가,0.0,0.10481668728275528
254886336,Q1_저가,,-0.03586405667323289
255060800,Q3,0.0,-0.005678529894627943
255101632,Q3,0.0,0.018467096547554462
255643584,Q1_저가,0.0,0.02263103283984802
256272768,Q4_고가,0.0,-0.007920623320513798
256547456,Q4_고가,0.0,0.016288204071352175
256733056,Q3,0.0,0.018498461489846782
256816576,Q3,0.0,0.04023526056491289
257011456,Q2,0.0,-0.03959688943686601
257390080,Q2,1.0,-0.006012083760945197
257987712,Q2,0.0,-0.01923930637049745
258074944,Q3,1.0,0.029559092101932125
258078656,Q3,,0.0067035254970316815
258091648,Q1_저가,0.0,0.006340495799995793
258128768,Q1_저가,0.0,0.012460695826737492
258271680,Q3,1.0,0.03921187609352994
258527808,Q3,0.0,0.04507141303281659
258737536,Q3,0.0,0.028018412038331553
258765376,Q3,,0.0006073745451232737
258804352,Q4_고가,0.0,0.02020446818508173
258822912,Q4_고가,0.0,0.016056874975957647
258887872,Q4_고가,0.0,0.03066592210650615
259426112,Q2,1.0,0.01903462489758226
259570880,Q1_저가,0.0,0.042690695099952075
260047872,Q2,0.0,0.022625553193990483
260172224,Q3,0.0,-0.059062994682629766
260263168,Q4_고가,,0.02736252904617892
260385664,Q3,0.0,0.09682184263961957
260443200,Q1_저가,0.0,0.04539199755485693
261159616,Q2,0.0,-0.17984651117681516
261432448,Q4_고가,0.0,0.037222156886253424
261618048,Q3,0.0,0.10808689407040639
261918720,Q1_저가,,-0.12183739422833917
262367872,Q3,0.0,0.040720541200709226
262870848,Q3,0.0,0.05719847734460304
262928384,Q3,,0.022469205406342896
262941376,Q2,0.0,-0.0038783161572644165
262950656,Q3,,0.036699876175733004
262998912,Q2,,0.004000760369561651
263004480,Q3,,0.02617629145038658
263052736,Q4_고가,,0.07000161672435923
263071296,Q3,0.0,0.01604977475198044
263075008,Q3,,-0.027913625015832277
263106560,Q3,0.0,0.0368204180993188
263145536,Q3,0.0,0.027120713428535642
263208640,Q1_저가,0.0,-0.005971159298802098
263284736,Q4_고가,0.0,0.08194759560084419
263292160,Q1_저가,0.0,0.04043273876836262
263320000,Q2,0.0,0.014047779078226297
263351552,Q4_고가,0.0,0.009286140635884232
263368256,Q3,,-0.04772177551193102
263407232,Q1_저가,1.0,0.008638782676419487
263427648,Q3,0.0,0.05432848599454343
263431360,Q1_저가,0.0,0.009217346734508941
263505600,Q4_고가,,0.08560408186945345
263516736,Q1_저가,0.0,-0.007632111868133451
263758016,Q4_고가,0.0,-0.06945612562671971
263821120,Q3,1.0,0.05031881915854508
263832256,Q4_고가,,0.022482299005664563
263897216,Q1_저가,0.0,0.01691343838897845
263908352,Q2,0.0,0.009946837666861497
263938048,Q3,0.0,0.08363186220612451
263973312,Q2,,-0.020319463106166946
264047552,Q2,0.0,-0.021876008526724777
264151488,Q4_고가,,-0.05048001451692641
264157056,Q4_고가,0.0,0.08370796747843008
264207168,Q3,0.0,0.011512648742215248
264273984,Q3,,-0.07240780046732154
264517120,Q1_저가,0.0,0.05244173577092978
264533824,Q3,0.0,0.010777778736026034
264537536,Q4_고가,,-0.00509955330978043
264548672,Q4_고가,0.0,-0.01729212219052101
264673024,Q3,,-0.012463423987244204
264899456,Q3,0.0,-0.07019279351933638
264942144,Q2,0.0,0.00019599037563811095
265005248,Q2,0.0,0.05979777367972716
265008960,Q3,,0.016960592325295343
265155584,Q1_저가,,0.05021972020667573
265168576,Q2,0.0,-0.05906398699317822
265242816,Q2,0.0,-0.07641173116617417
265270656,Q3,0.0,-0.01137343943396485
265341184,Q3,1.0,0.0685200692898848
265465536,Q1_저가,0.0,0.04739962393809138
265471104,Q2,,0.026561524798316666
265740224,Q2,0.0,-0.005709734185053439
266449216,Q3,0.0,0.010740205365202482
266480768,Q1_저가,0.0,-0.003915260274609367
266619968,Q2,0.0,0.01537245714468674
266658944,Q2,0.0,0.040687070350775345
266662656,Q4_고가,0.0,0.042991529908575785
266688640,Q1_저가,0.0,-0.07774977945591544
266701632,Q4_고가,0.0,0.031134391151634244
266766592,Q2,0.0,0.03685922180398836
266863104,Q2,,0.010766781693559269
266942912,Q1_저가,0.0,0.04197690307659985
267093248,Q3,0.0,0.06096632400813784
267100672,Q3,0.0,-0.0018635828193939163
267106240,Q3,0.0,0.00606327245974328
267210176,Q4_고가,0.0,0.01174238680519546
267299264,Q1_저가,,0.04000154259627478
267343808,Q1_저가,0.0,0.0416982173641004
267358656,Q1_저가,,0.03290061967916033
267440320,Q3,,-0.012945239746996351
267677888,Q2,,-0.08641566688035612
267681600,Q2,0.0,0.028497965806869766
267685312,Q3,0.0,0.01842902009337133
267690880,Q1_저가,,0.0420496074573902
267705728,Q4_고가,0.0,0.0727232583549644
267891328,Q3,,0.0480237698183712
267904320,Q1_저가,0.0,-0.026832003052400966
268089920,Q3,,0.03434365724968247
268104768,Q1_저가,1.0,-0.026807764630297548
268151168,Q2,,0.05034374289649596
268308928,Q2,0.0,0.005797313055758868
268323776,Q2,,-0.0939008542359524
268327488,Q1_저가,0.0,0.021709843625182884
268388736,Q4_고가,0.0,-0.04493222822188703
268411008,Q1_저가,1.0,-0.03997927088633635
268895424,Q3,0.0,0.04256617525765859
269049472,Q2,0.0,0.038603804934162544
269246208,Q3,0.0,-0.0640227046448264
269259200,Q3,0.0,0.027364890044447532
269387264,Q1_저가,,0.005032315033528592
269418816,Q1_저가,0.0,-0.020247068462126316
269470784,Q2,0.0,-0.04665075486594128
269535744,Q2,1.0,0.12678681961300353
269558016,Q2,0.0,0.02208043969456086
269604416,Q2,,0.0020244921675890426
269639680,Q1_저가,0.0,-0.1347418026165006
269932928,Q1_저가,,0.02829875194153597
269936640,Q2,0.0,-0.010956389044734227
269944064,Q4_고가,0.0,0.0039190255716697875
269949632,Q1_저가,0.0,-0.029656291898460807
269994176,Q2,,0.058457716291662964
270031296,Q1_저가,,0.036725852047310645
270048000,Q2,,0.028426815986539705
270062848,Q1_저가,,-0.021012438282203227
270118528,Q4_고가,0.0,0.03187106614451196
270129664,Q1_저가,,0.02678255914043365
270138944,Q3,,-0.005820697458830848
270322688,Q1_저가,,-0.006157087848634946
270346816,Q1_저가,0.0,-0.01920886280435863
270382080,Q2,0.0,0.019878081105213996
270545408,Q1_저가,0.0,0.054201618192386766
270575104,Q1_저가,0.0,0.04852138766644707
270627072,Q2,0.0,0.027106570166901586
271076224,Q3,0.0,-0.07994745881022092
271243264,Q1_저가,0.0,0.037999100899423134
271412160,Q1_저가,,-0.0008309675565654207
271484544,Q3,1.0,-0.02305310405844574
271512384,Q2,0.0,0.007632862496297466
271516096,Q4_고가,0.0,0.03042387668691006
271887296,Q1_저가,0.0,0.033537949767485864
271974528,Q4_고가,,-0.00923609946296966
271976384,Q3,,0.034955920757090225
272187968,Q4_고가,0.0,0.04397209791058189
272349440,Q1_저가,1.0,0.06558882157097998
272360576,Q1_저가,0.0,0.041827399043308525
272366144,Q4_고가,1.0,0.025398766181914056
272369856,Q2,0.0,0.00098509334804886
272516480,Q2,1.0,0.03548005956590505
272529472,Q4_고가,0.0,0.02128157573739642
272832000,Q1_저가,0.0,0.002239404453414917
272844992,Q3,,0.15122447822835183
272859840,Q2,0.0,-0.014126371579624541
272924800,Q1_저가,0.0,0.029824458710200535
272937792,Q1_저가,,-0.03067249070682021
273041728,Q4_고가,0.0,-0.019812409741167936
273171648,Q1_저가,0.0,0.05909514400544075
273472320,Q3,0.0,0.01185054268502539
273490880,Q1_저가,1.0,-0.0016152579298230885
273513152,Q2,0.0,-0.10846819743904901
273592960,Q1_저가,1.0,0.03345680681721212
273724736,Q1_저가,0.0,-0.008352679846443917
273741440,Q4_고가,0.0,0.06686985225465936
273769280,Q3,1.0,0.01493852162038517
273904768,Q2,0.0,0.024822800491531738
274047680,Q2,0.0,0.009091933172068023
274092224,Q1_저가,0.0,0.07575983619930604
274287104,Q3,0.0,-0.09281669478728688
274346496,Q4_고가,0.0,0.019239899443227335
274353920,Q3,,0.008863641510765019
274398464,Q2,,-0.019778584811604882
274665728,Q2,,-0.09585475086828654
274704704,Q2,0.0,0.040446716311052594
274710272,Q4_고가,0.0,0.021108815400253222
274754816,Q3,,0.03585433157218029
274795648,Q3,0.0,-0.005185783624263696
274945984,Q4_고가,0.0,-0.013274293293798478
274966400,Q2,,0.047756724460565225
274988672,Q2,1.0,-0.028546373168562567
275005376,Q3,0.0,0.02244690786764661
275023936,Q1_저가,0.0,0.03565970372716515
275088896,Q4_고가,,0.02702813027149495
275304192,Q1_저가,,-0.05985249656689948
275530624,Q4_고가,0.0,0.017496085909858836
275656832,Q2,0.0,0.04016189774312928
275868416,Q4_고가,1.0,0.05539186629990278
276003904,Q3,1.0,-0.0496110740585225
276009472,Q4_고가,1.0,0.024927736572424725
276059584,Q1_저가,0.0,0.03245184236110733
276091136,Q1_저가,1.0,0.047039803993936945
276226624,Q1_저가,0.0,0.03843793443150611
276239616,Q1_저가,,0.048794265317252866
276480896,Q1_저가,0.0,-0.03270093523053358
276612672,Q2,0.0,0.02258479994903434
276772288,Q1_저가,0.0,0.03504507245502489
276898496,Q4_고가,1.0,-0.07658812075301702
276913344,Q4_고가,0.0,0.008145421018507903
276972736,Q2,1.0,0.028449797848730668
277468288,Q1_저가,,-0.07474322722933902
277488704,Q1_저가,,-0.02724793273514603
277923008,Q3,,0.05211320748926482
278010240,Q2,0.0,0.06992932208834102
278271936,Q2,0.0,0.010078885440599539
278283072,Q1_저가,0.0,0.04788439495226893
278856576,Q1_저가,0.0,0.03855189745133271
278902976,Q1_저가,0.0,0.03705701248004849
278949376,Q4_고가,0.0,0.01355396213125691
278956800,Q1_저가,0.0,0.026778923793476253
279008768,Q3,0.0,-0.035516896222014926
279181376,Q1_저가,1.0,-0.010859921310899301
279287168,Q4_고가,,0.11596469068107673
279456064,Q4_고가,,-0.07044910683289834
279522880,Q3,,0.05515515900360429
279587840,Q1_저가,1.0,-0.008722209390858354
279595264,Q3,0.0,-0.05743649825230557
279736320,Q1_저가,0.0,0.1258669890939268
279743744,Q2,0.0,0.018328517318119353
279875520,Q3,0.0,0.02444123498562703
279907072,Q3,,-0.042989114411297935
280062976,Q3,,-0.0008428753985747495
280135360,Q4_고가,0.0,0.17478817461887025
280146496,Q3,,0.11985934597578646
280289408,Q1_저가,0.0,0.03987826786714102
280436032,Q2,,0.015525544331136287
280816512,Q2,0.0,0.020172837186412662
280922304,Q1_저가,,-0.0029753810600181008
280950144,Q2,0.0,0.12054075035724116
281258240,Q3,0.0,0.07380791564793228
281276800,Q1_저가,0.0,-0.012222751338919369
281423424,Q2,,-0.03436484569140891
281456832,Q1_저가,,0.010624166488557463
281555200,Q4_고가,,0.026521049684494716
281646144,Q4_고가,0.0,0.031003544663901136
281649856,Q4_고가,,-0.05738620725771715
282004352,Q3,,-0.0021496334967611164
282043328,Q1_저가,0.0,-0.011164436521710064
282238208,Q2,0.0,0.011968620202562397
282574144,Q1_저가,0.0,0.06414745424372023
282603840,Q2,1.0,0.03432904187595154
282728192,Q2,1.0,0.10793863137844473
282809856,Q1_저가,0.0,-0.0960321250424947
283036288,Q2,0.0,0.029227552791862066
283138368,Q2,0.0,0.05543770944892201
283194048,Q1_저가,1.0,0.02459274313595808
283270144,Q4_고가,,-0.0027449261689314053
283487296,Q2,0.0,0.017247126892468836
283507712,Q4_고가,0.0,0.0643064470865718
283520704,Q1_저가,0.0,0.022151696206541394
283645056,Q2,0.0,0.04610128965914562
283672896,Q4_고가,0.0,0.010672618107965492
284209280,Q4_고가,0.0,0.1332218201261698
284233408,Q1_저가,0.0,-0.08606743413115142
284545216,Q2,0.0,0.018403962941391683
284831040,Q3,0.0,0.028122041084714097
285252352,Q1_저가,0.0,-0.018998517901945844
285512192,Q2,0.0,0.00585379564956634
285517760,Q2,1.0,0.06742632174014979
285554880,Q1_저가,1.0,0.041717413162862635
285677376,Q1_저가,0.0,-0.06046902059371184
285721920,Q3,,-0.002736643030973873
285772032,Q1_저가,0.0,-0.016736304540868274
285909376,Q3,0.0,-0.0069807680884258205
286043008,Q3,0.0,-0.05895544293348304
286119104,Q1_저가,0.0,0.045803154004330646
286171072,Q2,0.0,-0.018901869926805648
286185920,Q2,1.0,0.029037520870671574
286189632,Q3,0.0,0.025977343325971153
286378944,Q1_저가,0.0,0.03308760872613166
286744576,Q1_저가,,-0.03327709619105701
286792832,Q1_저가,0.0,0.03176488485302169
286796544,Q3,0.0,-0.04212815076287335
286980288,Q2,0.0,0.004798039776280544
287039680,Q4_고가,0.0,0.012287887935829828
287262400,Q3,0.0,0.02090843380606544
287292096,Q3,,0.016806001068152665
287308800,Q4_고가,1.0,0.02608448397724425
287518528,Q3,0.0,0.009291632037850772
287659584,Q2,0.0,-0.009539703155844181
287670720,Q2,0.0,0.016409823769624965
287822912,Q2,0.0,-0.06654498421090671
287928704,Q4_고가,1.0,0.0833756229053565
287973248,Q2,0.0,-0.05673929336542444
288734208,Q3,0.0,0.015027578948768938
288873408,Q1_저가,0.0,0.042814128658621164
289242752,Q4_고가,0.0,0.03845065081825906
289248320,Q4_고가,0.0,0.03400988051775666
289402368,Q3,0.0,0.019572595021687886
289652928,Q2,0.0,0.047180122293376425
290228288,Q1_저가,0.0,-0.054914189496414134
290309952,Q1_저가,0.0,0.03711082088312041
290339648,Q1_저가,1.0,-0.034716117055031304
290421312,Q3,0.0,0.09332214988908216
290623616,Q4_고가,0.0,0.06502897602333091
290673728,Q4_고가,0.0,0.02535321879930659
290824064,Q1_저가,0.0,-0.11102488008088007
291050496,Q3,,0.025750589536727486
291074624,Q2,0.0,0.002468846576993977
291258368,Q4_고가,1.0,0.005249913119568905
291417984,Q3,0.0,0.03397925516897478
292115840,Q3,1.0,0.015251591160702627
292234624,Q4_고가,0.0,-0.0032122415366851176
292381248,Q2,0.0,0.008709484174220183
292383104,Q1_저가,1.0,0.010936918288887307
292576128,Q3,0.0,0.09863036434452221
292787712,Q2,0.0,-0.05332880951263835
292811840,Q1_저가,0.0,0.04204426145184584
292904640,Q4_고가,0.0,0.019443623895714468
292980736,Q1_저가,1.0,-0.018346407442871582
293001152,Q4_고가,0.0,-0.015859659785185
293190464,Q4_고가,1.0,0.009096973092591387
293526400,Q3,0.0,0.002431243546123868
293732416,Q4_고가,0.0,0.12377053673917737
293767680,Q4_고가,0.0,-0.010459683328031488
294005248,Q2,,-0.03890081319762717
294255808,Q1_저가,0.0,-0.08331784278261489
294677120,Q3,0.0,0.03886306354515068
294678976,Q3,0.0,0.009540558365322749
294892416,Q3,0.0,-0.06957218173572538
294910976,Q1_저가,0.0,0.029657758863759834
295180096,Q1_저가,0.0,0.004053516228526399
295204224,Q4_고가,0.0,0.016514816732776993
295877952,Q2,1.0,0.03977546621394133
296186048,Q1_저가,0.0,0.038061139488326554
296217600,Q4_고가,0.0,0.0043885591709900695
296275136,Q2,1.0,0.02511532168416364
296347520,Q1_저가,1.0,-0.009641104983911353
296483008,Q4_고가,,0.0061112753590948365
296484864,Q1_저가,0.0,-0.09571984245660992
296618496,Q1_저가,0.0,0.02322512349697009
297028672,Q3,0.0,-0.04184095736078053
297132608,Q4_고가,0.0,0.08841034114570312
297372032,Q2,0.0,0.03328810616492309
297746944,Q4_고가,0.0,-0.029558640303126382
297921408,Q1_저가,0.0,0.03709304680305607
297999360,Q4_고가,0.0,0.028452239754325537
298218368,Q2,0.0,0.06340372163780095
298353856,Q4_고가,0.0,0.027806172936031492
298736192,Q3,0.0,0.006955758201809159
298973760,Q2,,0.01278628625749384
299109248,Q2,,-0.029162032606426386
299194624,Q4_고가,0.0,0.03147559522847296
299400640,Q4_고가,0.0,-0.0014252738650549768
299684608,Q4_고가,0.0,0.02351844660434732
299714304,Q1_저가,,-0.06927513827287068
299860928,Q3,0.0,0.018381304506699725
300328640,Q1_저가,0.0,-0.02691584496581989
300582912,Q3,0.0,0.014589749019187526
300610752,Q4_고가,0.0,0.08553356822480201
300657152,Q2,0.0,0.20237189171541353
300744384,Q4_고가,0.0,0.0338033930908235
300800064,Q2,0.0,0.03561654800971492
300861312,Q2,0.0,-0.01201855363828544
301570304,Q2,1.0,0.024410171499563454
301698368,Q2,0.0,0.02347632505550845
301935936,Q3,,0.11588107735748049
301961920,Q3,0.0,-0.0017909813754426462
303088512,Q2,0.0,0.047968034980780075
303108928,Q2,0.0,-0.09085891884181108
303155328,Q4_고가,0.0,-0.0028849343220834767
303170176,Q1_저가,0.0,0.04210441739167798
303227712,Q3,0.0,0.00842115590337919
303702848,Q3,,0.03097230802598122
303719552,Q2,0.0,-0.04336092825536331
304196544,Q2,0.0,0.01913007500671915
304202112,Q2,0.0,0.030473586018447185
304491648,Q1_저가,0.0,-0.016333057283769548
304493504,Q4_고가,0.0,0.024745770900166275
304623424,Q4_고가,0.0,0.009879782994479336
304630848,Q4_고가,0.0,0.01998842490088537
304684672,Q3,0.0,0.016648236687159146
305059584,Q3,0.0,0.037346175280764254
305336128,Q4_고가,0.0,0.012560149927516195
305493888,Q2,,0.022376295473040847
305523584,Q2,,0.027929344480879692
305640512,Q3,,0.03349462522021651
305644224,Q2,0.0,0.0016261833842863282
305788992,Q3,0.0,0.05834501036812434
305829824,Q1_저가,0.0,0.038000685310302706
306080384,Q3,,-0.005925621527720082
306117504,Q3,0.0,0.10629824473637306
306497984,Q4_고가,,0.04664836852230898
306811648,Q1_저가,,0.03634925414595583
306898880,Q2,,0.030749575610160562
306952704,Q1_저가,0.0,0.07463109462823958
307071488,Q3,0.0,0.004533512296490627
307080768,Q4_고가,,0.023461260312990506
307284928,Q3,0.0,0.016205572483520725
307368448,Q4_고가,,0.011600239596440742
307528064,Q3,,-0.010986493780934081
307628288,Q4_고가,,0.039105466668702404
307711808,Q2,1.0,0.04133130577870192
307793472,Q3,,0.025993725942133006
307845440,Q2,0.0,0.02618725890986562
307927104,Q2,0.0,0.005271223421709992
307934528,Q4_고가,,-0.016072260512903336
308021760,Q3,0.0,0.022258861396300428
308025472,Q2,0.0,0.05014525952987048
308134976,Q4_고가,0.0,0.05188568807932287
308521024,Q4_고가,0.0,0.06820020912895108
308569280,Q4_고가,0.0,-0.04760333673005013
308617536,Q2,,-1.1448182189857659e-05
308619392,Q3,0.0,-0.032210547260483
308762304,Q4_고가,0.0,0.020481991071914174
308842112,Q2,0.0,-0.018444933473102526
308955328,Q1_저가,,-0.06606982249673254
309038848,Q2,,-0.09340364058706319
309096384,Q1_저가,,0.07207856349564035
309256000,Q2,0.0,-0.004280535358043958
309417472,Q1_저가,,0.029313874269069937
309424896,Q2,,-0.03661626847014224
309616064,Q3,,0.12468345398629122
309627200,Q2,,-0.029035395828250155
309656896,Q1_저가,0.0,0.023543684516709962
309747840,Q1_저가,1.0,0.007019705424399295
309803520,Q4_고가,0.0,0.050023569105047155
309868480,Q3,0.0,0.0006842377490509921
309979840,Q1_저가,1.0,0.05297197109265289
310068928,Q1_저가,0.0,-0.009556508541553294
310211840,Q1_저가,,-0.025493713742650415
310505088,Q4_고가,0.0,0.024290469202287418
310547776,Q2,1.0,0.023967089119926177
310699968,Q3,0.0,0.12634808200563075
310701824,Q3,0.0,-0.05237608914647757
310744512,Q4_고가,0.0,0.016359975598794596
310909696,Q2,1.0,0.0260655463075411
310963520,Q1_저가,0.0,-0.09215092567388605
311323584,Q3,0.0,0.008652248469156132
311709632,Q3,0.0,0.0008775337632531688
311837696,Q4_고가,0.0,0.04558980552457503
311956480,Q3,0.0,-0.03196487359768985
312103104,Q3,0.0,0.024527889319716792
312234880,Q1_저가,0.0,0.012472471316337747
312316544,Q2,0.0,0.17889162045838164
312340672,Q3,0.0,0.057256277628904506
312537408,Q3,,0.0604731815603419
312572672,Q1_저가,,-0.033006300808541944
312659904,Q3,0.0,0.03090539533505593
312678464,Q4_고가,0.0,0.012118880826219702
312693312,Q1_저가,0.0,0.036188826797044715
312802816,Q2,,0.0189648169712634
312834368,Q2,0.0,-0.057524036456528704
312852928,Q4_고가,,-0.00881107881898302
312904896,Q1_저가,0.0,0.03074998620562712
313001408,Q4_고가,0.0,0.04507901022831329
313071936,Q3,0.0,-0.054962788655275374
313151744,Q3,0.0,-0.05935625690651902
313259392,Q3,0.0,0.0038207798663505432
313318784,Q2,0.0,0.03627295303342867
313339200,Q1_저가,,0.01569134262510627
313474688,Q1_저가,0.0,-0.08725068352947657
313535936,Q2,1.0,-0.052183844756342856
313541504,Q2,,0.003178777169927094
313675136,Q4_고가,0.0,0.036982806321562756
313682560,Q1_저가,0.0,0.03494887732384659
313782784,Q4_고가,0.0,-0.05557988344095166
313959104,Q3,0.0,-0.004422524690542828
314395264,Q3,0.0,-0.015684281918606324
314430528,Q3,0.0,0.004679193102617885
314471360,Q3,1.0,0.025647466732017676
314527040,Q1_저가,0.0,-0.05035193219183176
314649536,Q1_저가,1.0,0.08084079584393966
315245312,Q4_고가,0.0,0.05428883227972087
315263872,Q4_고가,0.0,-0.024205240929330685
315265728,Q2,0.0,0.1710036952685806
315291712,Q1_저가,0.0,0.04995223402043411
315367808,Q2,1.0,-0.028292171674028532
315438336,Q4_고가,0.0,0.049854123365206504
315505152,Q1_저가,0.0,0.028054964254161957
316028544,Q4_고가,0.0,0.04196559896218946
316154752,Q1_저가,0.0,0.030182646452544468
316548224,Q2,0.0,0.050774967937407434
316752384,Q2,0.0,0.07265909810628934
317004800,Q4_고가,0.0,0.02994573761967835
317112448,Q4_고가,0.0,0.015245843370662204
317214528,Q1_저가,0.0,-0.032537471537644386
317281344,Q4_고가,0.0,0.031854286451493685
318077568,Q4_고가,0.0,0.028521652639300954
318703040,Q4_고가,1.0,-0.0319766858000512
318922048,Q3,0.0,0.09476437598533133
319148480,Q3,1.0,0.010590547901320371
319274688,Q2,0.0,-0.0647798960905798
320122880,Q1_저가,0.0,0.032771290312030577
320161856,Q3,0.0,0.03328640502671609
321615104,Q1_저가,0.0,0.019167807262883113
321774720,Q1_저가,0.0,0.010224939925700352
322335232,Q1_저가,0.0,0.014017624217680547
322407616,Q3,0.0,-0.03128044473369679
322448448,Q4_고가,0.0,0.034883592197529165
322468864,Q3,0.0,-0.02956592451168122
322494848,Q4_고가,0.0,0.0008759775201931941
322509696,Q2,0.0,0.006540525505706052
322678592,Q2,,0.0023323134871497953
322682304,Q2,0.0,-0.024293174615218738
322769536,Q4_고가,1.0,0.022980577792466317
322901312,Q4_고가,,0.022734475666467857
323211264,Q3,,-0.0018786160861270496
323283648,Q4_고가,0.0,0.052995923629268527
323330048,Q3,0.0,-0.04258997186814073
323398720,Q1_저가,,0.05201570502842956
323411712,Q2,,0.009561445812261343
323437696,Q4_고가,0.0,-0.046886485075843254
323456256,Q4_고가,1.0,0.026230778110964748
323502656,Q1_저가,0.0,0.04784397217858424
323513792,Q4_고가,0.0,-0.00587923389852768
323532352,Q2,,-0.05273840137589325
323541632,Q1_저가,,0.00492066947337233
323545344,Q3,0.0,0.011505380473446736
323576896,Q1_저가,0.0,-0.017984984399489257
323591744,Q3,0.0,0.07978824893885006
323641856,Q2,,-0.0012183822845773795
324393536,Q3,,-0.006361390705852316
324469632,Q1_저가,0.0,-0.057722733303752105
324835264,Q4_고가,0.0,-0.003752026442002343
324926208,Q3,0.0,-0.05229082564232582
325015296,Q1_저가,0.0,0.01866469748037225
325041280,Q1_저가,0.0,0.03346435012523716
325067264,Q2,,0.02314527064479313
325310400,Q2,0.0,0.006896048542677752
325340096,Q4_고가,0.0,0.02627573469947808
325527552,Q4_고가,,-0.004252726220135561
325731712,Q4_고가,0.0,0.03989042195274631
325947008,Q3,0.0,-0.009092733583617396
326733952,Q1_저가,0.0,-0.05068377082619524
326875008,Q4_고가,,0.0009907477397724795
326904704,Q3,0.0,0.009221190386024536
327313024,Q2,0.0,0.013336009546760341
327791872,Q2,0.0,0.0522681377667156
327816000,Q4_고가,0.0,0.07338817156463884
328025728,Q3,0.0,0.03584998490613614
328255872,Q4_고가,0.0,0.027374130583895595
328363520,Q1_저가,0.0,0.06337060788633431
328602944,Q3,0.0,0.12887250947839024
328656768,Q1_저가,0.0,-0.0018505350368415163
329844608,Q1_저가,0.0,0.02919697568910888
329996800,Q4_고가,0.0,0.05199351534155683
330069184,Q1_저가,0.0,0.055379280531967556
330123008,Q2,0.0,0.0008763759782935976
330410688,Q4_고가,0.0,-0.01562480883004047
330780032,Q4_고가,1.0,0.07262309957273971
330898816,Q1_저가,0.0,0.012289689529989142
330908096,Q4_고가,0.0,0.018768623030199355
330919232,Q3,0.0,0.04956499200728737
331034304,Q1_저가,0.0,0.0351981863344573
331201344,Q4_고가,1.0,0.0297380271045299
331314560,Q4_고가,,0.03264549785813957
331721024,Q2,0.0,0.0047884087234005
331763712,Q3,0.0,-0.070042992720597
332064384,Q4_고가,0.0,0.07044230089174627
332179456,Q3,0.0,0.04865416578928475
333129728,Q2,0.0,-0.007037424043585261
333218816,Q4_고가,0.0,0.0409815174946877
334324992,Q4_고가,0.0,0.16084375195480277
334725888,Q4_고가,0.0,0.04530451162761606
335202880,Q3,0.0,0.1309082816182643
335308672,Q1_저가,,0.061766660342505886
335336512,Q2,0.0,-0.012964609952249045
335479424,Q1_저가,1.0,-0.006730654319866691
335481280,Q4_고가,0.0,0.04285047361977534
335540672,Q1_저가,0.0,-0.02073109753123914
335544384,Q2,0.0,0.08330047216779629
336028800,Q4_고가,0.0,0.030380422704682886
336190272,Q4_고가,0.0,0.0628603542389925
336275648,Q4_고가,0.0,-0.015110580530985573
336338752,Q4_고가,0.0,0.05365014496117654
336411136,Q3,0.0,0.004403604141122619
336427840,Q4_고가,0.0,0.10016085129577301
336563328,Q2,0.0,-0.040554884474058306
336657984,Q2,0.0,0.010042275569419612
336876992,Q1_저가,,0.07463109462823958
336893696,Q1_저가,,0.00971580275847489
336906688,Q1_저가,,0.03704524765444438
336912256,Q3,0.0,0.04367538550292996
337133120,Q2,0.0,0.045421778521321565
337166528,Q4_고가,0.0,0.08510083253533979
337355840,Q1_저가,,-0.08525070584681954
337480192,Q3,0.0,0.06315697726594936
337552576,Q3,0.0,0.035378751143132985
338573376,Q1_저가,0.0,-0.025685611550400667
338781248,Q4_고가,0.0,-0.03139754143481921
339013248,Q2,0.0,0.044663522635898165
339941248,Q3,,0.014287249047358591
340132416,Q4_고가,0.0,-0.013795091192282505
340162112,Q1_저가,,0.04728684263328564
340184384,Q4_고가,0.0,0.002532102887653487
340423808,Q3,0.0,-0.01858848549773362
340544448,Q2,0.0,-0.03672398288169165
340637248,Q3,,-0.0704923759104677
340915648,Q2,,0.017232552034826765
340928640,Q4_고가,,0.012017896880336831
340982464,Q1_저가,0.0,-0.08099230069246977
341296128,Q4_고가,0.0,0.06336258099318992
341604224,Q4_고가,1.0,0.03315294691156839
341626496,Q3,0.0,0.12945982682687251
341641344,Q2,0.0,0.027138284590293216
341667328,Q4_고가,0.0,-0.004747020874256214
341786112,Q3,,0.04298872630996764
342044096,Q3,0.0,0.03653133693844168
342103488,Q3,0.0,0.036350425718705615
342363328,Q1_저가,0.0,-0.007575624344696719
342420864,Q2,,0.011376377746188493
342554496,Q2,0.0,-0.021823447950223618
342578624,Q4_고가,0.0,0.0012922209501865511
343126144,Q4_고가,0.0,0.01923697593048973
343274624,Q2,,0.01923274575680345
343306176,Q2,0.0,0.011727371233203443
343588288,Q2,0.0,-0.004296638835938449
343883392,Q2,1.0,0.03872834054793252
343983616,Q4_고가,0.0,0.05722903469593443
344076416,Q1_저가,0.0,0.03469486563572968
344466176,Q4_고가,0.0,0.021998138850298138
344662912,Q2,0.0,-0.037493609893872626
344826240,Q1_저가,,-0.021144702228992063
344887488,Q4_고가,0.0,0.05255904748276885
344950592,Q3,0.0,-0.003585428107553551
345000704,Q1_저가,0.0,0.03440649976034035
345017408,Q3,,0.017250183168673106
345644736,Q4_고가,,0.060387778769564304
345680000,Q2,,0.019643062485903598
345930560,Q4_고가,0.0,-0.06830632101850376
346184832,Q4_고가,,-0.005142174719194231
346216384,Q3,0.0,0.01211741673862754
346572736,Q2,,-0.010951202558468154
346661824,Q2,0.0,0.014257151218225794
346888256,Q2,0.0,-0.0456166952834165
347747584,Q2,,0.0003209006232033351
348059392,Q4_고가,1.0,0.02413288116531387
348313664,Q2,0.0,-0.008658017835248832
348358208,Q4_고가,,0.005319355724163866
348419456,Q3,0.0,0.04343026942667755
348569792,Q2,0.0,-0.02395295915653034
348751680,Q1_저가,0.0,0.055401958599782
348764672,Q3,0.0,0.09548741926421656
348768384,Q1_저가,0.0,0.10542393727237237
348796224,Q2,1.0,-0.049150283114539506
348824064,Q4_고가,0.0,0.03159805036336494
348916864,Q4_고가,1.0,0.003830075367825425
348955840,Q3,,0.020572084927529266
348985536,Q4_고가,0.0,0.028259728426679342
349172992,Q3,0.0,0.13555017204665887
349176704,Q1_저가,0.0,-0.13042208814984957
349239808,Q3,0.0,0.0065477452562840155
349263936,Q1_저가,0.0,0.03569446186338976
349364160,Q3,0.0,-0.0015972501759251578
349401280,Q1_저가,0.0,0.04179279800068535
349423552,Q4_고가,0.0,0.17340834514451686
349432832,Q2,0.0,0.012206197918650546
349442112,Q3,0.0,0.011351031313899695
349564608,Q4_고가,0.0,-0.011858844533341628
349588736,Q2,0.0,0.10380877492505428
349618432,Q2,0.0,0.043212225978204934
349627712,Q2,0.0,0.003543778180109647
349700096,Q2,0.0,0.02454031729737549
349713088,Q4_고가,,-0.005893004439353533
349896832,Q4_고가,0.0,0.024892850812267275
350206784,Q4_고가,0.0,0.020060355616241726
350264320,Q4_고가,,0.04683281698789232
350334848,Q3,0.0,0.04330790987306647
350498176,Q3,0.0,0.03417043775161055
350522304,Q4_고가,0.0,0.0045177116798778005
350587264,Q3,0.0,-0.009254199899691673
350622528,Q3,0.0,-0.032056845809166346
350689344,Q1_저가,1.0,-0.017393750473440273
350941760,Q2,,0.02812093459558347
350988160,Q1_저가,0.0,0.031335373365798364
351051264,Q1_저가,0.0,0.03821173493556013
351053120,Q4_고가,,0.017994709209373183
351079104,Q2,,0.02359140423432704
351110656,Q4_고가,0.0,0.029363189761407837
351145920,Q4_고가,,-0.018452871206485977
351166336,Q1_저가,1.0,-0.15347319701960543
351235008,Q3,,-0.00025984516439725436
351641472,Q3,0.0,-0.04386587602405151
351778816,Q3,0.0,0.01439948120936263
351795520,Q4_고가,0.0,0.0020650430773375694
351823360,Q2,0.0,-0.0376866786513875
351906880,Q1_저가,,0.11112177138047896
351929152,Q4_고가,0.0,-0.018680470216063894
352018240,Q4_고가,0.0,0.018659765245997884
352038656,Q1_저가,0.0,0.025599539090363388
352344896,Q4_고가,,-0.0009863670714214123
352777344,Q4_고가,0.0,0.03313028461571352
352922112,Q2,0.0,-0.010248988338727394
353016768,Q4_고가,0.0,0.0012768751877763052
353452928,Q1_저가,0.0,0.03016357947044697
353590272,Q3,0.0,0.03508346869865797
354057984,Q1_저가,0.0,0.035490178756218876
354137792,Q4_고가,0.0,0.05794287983616164
354299264,Q3,,-0.0658685292586858
354419904,Q4_고가,0.0,0.10736323166089867
354438464,Q1_저가,0.0,0.0032718047960635377
354616640,Q1_저가,0.0,0.03695570023806813
354921024,Q3,0.0,0.028239136476083893
354941440,Q2,0.0,0.018731501001483353
355177152,Q4_고가,0.0,0.03198985963383494
355221696,Q1_저가,0.0,0.024145536440474222
355453696,Q4_고가,,-0.003619739770883701
355837888,Q4_고가,1.0,-0.006679031223510656
355893568,Q1_저가,0.0,-0.10203515869272806
356409536,Q1_저가,0.0,-0.014435394475925234
356431808,Q2,0.0,0.014552506632146689
356608128,Q2,1.0,0.014190265849334263
356684224,Q4_고가,,-0.015627449416037054
356795584,Q3,0.0,-0.019464549352793847
356884672,Q3,,0.0434583618714367
356979328,Q1_저가,0.0,0.035210922655068325
357085120,Q3,0.0,0.057642234930305306
357161216,Q1_저가,,-0.09268590221924544
357357952,Q3,0.0,-0.0002660752823058221
357415488,Q1_저가,0.0,0.026752903360750868
357443328,Q4_고가,0.0,0.07447406156789216
357539840,Q4_고가,0.0,0.07298114081233842
357853504,Q1_저가,0.0,0.005898951924133339
358094784,Q2,,-0.07743011728517568
358102208,Q1_저가,0.0,0.024247226521962054
358126336,Q2,0.0,0.012160255478691165
358508672,Q4_고가,0.0,0.03066195787164544
358686848,Q1_저가,0.0,0.03933693132000654
358757376,Q3,1.0,0.11749626838791316
358775936,Q4_고가,0.0,0.036379512532838984
358781504,Q4_고가,,0.041869497044978776
358788928,Q2,0.0,0.021332908022433136
358824192,Q4_고가,,0.016684056192250662
358842752,Q4_고가,,0.045719544147367785
359006080,Q4_고가,0.0,0.03621079793182301
359015360,Q4_고가,0.0,0.08063327742105789
359627840,Q3,0.0,0.03506131147292291
359848704,Q3,0.0,-0.04181711243915237
359870976,Q4_고가,1.0,0.023223909248045377
359948928,Q3,,0.032820099343091866
360232896,Q3,0.0,-0.022364497992769683
360297856,Q4_고가,1.0,-0.006573844094377113
360383232,Q2,1.0,0.041306524839820113
360450048,Q4_고가,0.0,0.10275301512105195
360474176,Q4_고가,1.0,0.11663424655212429
360509440,Q1_저가,,-0.08794556326582639
360767424,Q3,0.0,0.0402395878811527
361003136,Q1_저가,0.0,0.024586713366128374
361147904,Q2,1.0,-0.017600160601311227
361381760,Q4_고가,0.0,0.03976141566482588
361507968,Q1_저가,0.0,0.03826143183826583
361762240,Q4_고가,0.0,-0.007576322661963286
362304192,Q4_고가,0.0,0.02853668562094655
362352448,Q4_고가,1.0,-0.0023282744875962047
362693952,Q3,0.0,0.04041714921318755
362747776,Q2,0.0,0.035151990544689996
362835008,Q2,0.0,0.015349709249926735
362836864,Q3,,0.04567334183761319
362929664,Q4_고가,0.0,0.05963890025128049
362935232,Q4_고가,1.0,-0.0067045463801473915
362948224,Q4_고가,0.0,0.024514061491425376
363143104,Q1_저가,1.0,-0.11265145896464279
363261888,Q3,0.0,-0.044683281146531945
363269312,Q1_저가,0.0,-0.02053458459792107
363408512,Q4_고가,1.0,0.010119369756257157
363441920,Q3,0.0,0.0634996970513989
363660928,Q3,0.0,-0.03498663581151118
363783424,Q4_고가,1.0,0.010723099596627317
364035840,Q2,0.0,0.025241730624891864
364097088,Q4_고가,0.0,0.030512158455695597
364227008,Q1_저가,1.0,0.026343910384158842
364353216,Q4_고가,1.0,0.027177843585634784
364362496,Q1_저가,0.0,0.03999174658318101
364369920,Q2,0.0,0.006374900171067122
364626048,Q4_고가,0.0,0.03354704389427521
365177280,Q1_저가,0.0,0.011072935347207671
365266368,Q3,0.0,0.010356292303051073
365320192,Q4_고가,0.0,0.029115000070625688
365383296,Q3,,0.04592047342854855
365633856,Q2,0.0,0.00041931481655099745
365721088,Q3,0.0,0.10008920593788884
365765632,Q3,1.0,0.03795202217639626
365947520,Q2,0.0,0.02825994628374573
366075584,Q2,0.0,0.013820525790304072
366136832,Q1_저가,0.0,0.028772549902911365
366140544,Q1_저가,,0.03933825592375528
366261184,Q3,0.0,0.09568697972927398
366537728,Q1_저가,,-0.03419121707996153
367209600,Q4_고가,0.0,0.04013881151366211
367497280,Q4_고가,1.0,0.012466395363727067
368184000,Q4_고가,0.0,0.03251565757964425
368208128,Q1_저가,0.0,-0.060430022126382654
368258240,Q4_고가,,0.03704788124171754
368373312,Q2,0.0,0.032179778074098
368395584,Q3,0.0,0.031582182698139116
368399296,Q4_고가,,0.004187219113431784
368456832,Q4_고가,,0.026185453340311415
369108288,Q2,0.0,0.021436366117492903
369152832,Q4_고가,0.0,0.015869318900201268
369162112,Q4_고가,0.0,-0.014952900849158568
369316160,Q2,0.0,-0.027696218748640755
369395968,Q4_고가,0.0,0.08896505456024661
369859968,Q3,0.0,0.014602712824411612
369906368,Q3,0.0,0.019622008798947516
369941632,Q1_저가,,0.02890361901744723
370103104,Q3,,-0.0660837882724783
370231168,Q4_고가,1.0,0.03985758876369554
370504000,Q1_저가,1.0,-0.009242344225978999
370529984,Q2,,0.02410192719298032
370619072,Q2,,-0.08650496696808341
371027392,Q4_고가,0.0,0.02399088964942342
371212992,Q4_고가,,0.03425195145200656
371235264,Q1_저가,0.0,-0.08674620548372175
371261248,Q2,0.0,0.04853713173537787
371454272,Q4_고가,1.0,0.023880922080974476
371509952,Q2,0.0,0.01488506021951981
371608320,Q4_고가,0.0,-0.03581740087607327
371751232,Q1_저가,1.0,0.0025145731877157518
371767936,Q1_저가,,0.04125244932134739
372031488,Q3,,0.016971670218996482
372098304,Q4_고가,0.0,0.010241339880437295
372321024,Q2,0.0,-0.06961806823859468
372553024,Q1_저가,,-0.004851660033474037
372838848,Q2,0.0,-0.0017269912598472381
372890816,Q4_고가,0.0,0.06692094148342742
373221184,Q1_저가,1.0,0.03246467383113344
373256448,Q3,0.0,0.05165495693474161
373618368,Q3,0.0,0.04697559922048267
373805824,Q2,0.0,0.03005703323294842
374171456,Q3,0.0,0.0706324914144153
374188160,Q4_고가,1.0,-0.0065403647838916945
374266112,Q2,,0.03961690560759745
374325504,Q3,1.0,0.042998729628360606
374650304,Q4_고가,0.0,0.10712836325706154
375227520,Q3,1.0,0.034669363245097395
375273920,Q4_고가,0.0,0.04590063572516784
375299904,Q2,0.0,-0.03711728340111603
375544896,Q1_저가,1.0,-0.0038764353544216146
375552320,Q2,0.0,0.031217221863148847
375630272,Q2,0.0,0.03760686223395387
375969920,Q3,0.0,0.0027680516274742883
376253888,Q1_저가,1.0,0.06427430568691742
376511872,Q1_저가,1.0,0.027398901903642248
376625088,Q3,1.0,0.046181033571949026
376636224,Q3,0.0,0.034036737709560824
377105792,Q2,1.0,-0.06594465672246996
377282112,Q4_고가,1.0,0.014830039107033233
377605056,Q2,0.0,0.0031937217178628075
377612480,Q3,0.0,0.0426785621235406
377644032,Q4_고가,0.0,-0.01382170263452076
377950272,Q1_저가,0.0,0.07537227286013523
377972544,Q3,0.0,0.08524647397325957
378174848,Q1_저가,0.0,-0.08754340904998109
378223104,Q2,1.0,-0.045797024918815044
378319616,Q1_저가,0.0,-0.022615028357286904
378367872,Q2,1.0,0.054661838705463484
378416128,Q4_고가,0.0,0.037451411645142874
378722368,Q4_고가,0.0,-0.05918560563883413
378746496,Q2,0.0,-0.004562612195259025
378861568,Q1_저가,1.0,0.010077806212388157
379106560,Q3,0.0,-0.09226798140971793
379162240,Q4_고가,0.0,0.03680402967905727
379186368,Q4_고가,0.0,0.05832922116295569
379201216,Q4_고가,0.0,-0.050154935451188654
379325568,Q2,1.0,0.04662184660180525
379362688,Q2,0.0,0.01581922291769261
379394240,Q4_고가,,-0.001281530349665716
379817408,Q1_저가,0.0,-0.007605426266660165
380329664,Q1_저가,0.0,-0.08793980049927291
380409472,Q4_고가,0.0,0.007599430968155518
380658176,Q3,1.0,0.048739818286146486
380682304,Q4_고가,0.0,-0.006525505162346734
380775104,Q1_저가,0.0,0.0688251570635404
380782528,Q3,,0.04093890215574124
380806656,Q4_고가,0.0,0.015033390061142918
380834496,Q3,0.0,0.013428449140257204
380929152,Q1_저가,0.0,0.007744362782120609
380960704,Q2,1.0,0.0425253624654017
381042368,Q1_저가,0.0,0.03254769483550099
381044224,Q2,0.0,-0.03719154056828411
381129600,Q2,1.0,-0.07280110777769683
381240960,Q2,0.0,-0.00162717706684129
381472960,Q2,0.0,0.03278084316495236
381593600,Q3,,0.039275232885912725
381879424,Q4_고가,0.0,-0.045930224985646806
382276608,Q2,0.0,-0.019506551383469267
382400960,Q1_저가,1.0,0.01931460888562203
383108096,Q2,1.0,0.008884699804040164
383115520,Q4_고가,,0.07640210713872864
383163776,Q3,1.0,0.042230203279156595
383314112,Q1_저가,0.0,0.039594618236349105
383356800,Q3,,-0.03925006483870386
383483008,Q4_고가,0.0,0.0198385890671567
383921024,Q1_저가,1.0,0.033076516415840834
384370176,Q3,,0.023363459845244683
384585472,Q4_고가,0.0,0.05349801383615482
384696832,Q2,,-0.0005932341984805634
384804480,Q2,0.0,-0.040352731829494615
384858304,Q3,0.0,0.12399011722119091
384906560,Q1_저가,0.0,0.043262409237177536
385079168,Q3,1.0,0.039271889066923305
385257344,Q2,0.0,0.006712330764904406
385409536,Q3,1.0,0.0033681957757233927
385539456,Q4_고가,0.0,0.03063946310413382
385635968,Q3,0.0,0.06793692151020964
385732480,Q4_고가,,0.021805022530379192
385838272,Q3,,-0.05323840185465778
386022016,Q4_고가,,0.023433238902699494
386027584,Q2,0.0,0.03651551761446126
386033152,Q2,1.0,-0.010320451990506518
386365376,Q1_저가,0.0,-0.0025234927424310216
386417344,Q4_고가,0.0,-0.03516272582482005
386521280,Q1_저가,,0.03696530414415079
386599232,Q3,0.0,0.028461499332308404
386820096,Q3,0.0,0.06628804997595172
387269248,Q4_고가,0.0,0.03453357265566362
387367616,Q3,1.0,-0.10667143015599106
387371328,Q3,0.0,0.02290287989608239
387430720,Q1_저가,0.0,0.026256611063749158
387445568,Q3,0.0,0.02034476064064228
387662720,Q3,0.0,0.09644781664514701
387725824,Q2,0.0,-0.0025137200719359543
387733248,Q4_고가,0.0,0.04222308383604613
387850176,Q3,0.0,0.05914894486864529
387918848,Q2,0.0,0.02675783331210363
388024640,Q1_저가,0.0,0.00900549568833467
388067328,Q1_저가,0.0,0.05963698829244767
388110016,Q4_고가,0.0,0.0429869329433914
388505344,Q4_고가,0.0,0.00832967509190441
388748480,Q3,0.0,0.045137192442829474
388767040,Q4_고가,1.0,0.02149421822061362
388878400,Q2,,-0.04945781391626436
389065856,Q4_고가,0.0,-0.04636525234313171
389223616,Q2,,0.007946575920926902
389231040,Q2,0.0,-0.04925605276671208
389294144,Q4_고가,,-0.027057943392307937
389425920,Q1_저가,0.0,0.038798531126023855
389437056,Q3,0.0,0.05974980159082453
389847232,Q3,0.0,0.07711343124860104
390045824,Q1_저가,0.0,0.0501830671946486
390075520,Q4_고가,0.0,0.010903021673309143
390095936,Q3,,0.02224788711019876
390569216,Q4_고가,,0.018541807985696823
390691712,Q2,0.0,-0.015251178947282173
390882880,Q3,0.0,0.0008545303833300544
391003520,Q4_고가,0.0,0.0017211498716317442
391224384,Q4_고가,1.0,0.029638465276401904
391289344,Q4_고가,0.0,0.009178317969707805
391473088,Q1_저가,0.0,0.03145821432163451
391666112,Q4_고가,1.0,0.02698145765602883
391695808,Q4_고가,0.0,0.022956822231623347
391779328,Q1_저가,0.0,0.04247934469392452
391994624,Q3,,0.0412276277846757
392336128,Q4_고가,,0.033064797875453356
392556992,Q3,0.0,-0.07234338143790087
392584832,Q4_고가,,0.007805560718800231
392627520,Q3,0.0,-0.007401808489234857
392679488,Q4_고가,0.0,0.06576358362478163
393141632,Q3,1.0,0.08628043140219455
393277120,Q2,0.0,0.024821268022583443
393343936,Q4_고가,0.0,-0.012186507542302327
393373632,Q4_고가,0.0,0.019014345440338587
393429312,Q1_저가,,-0.07879185728921803
393533248,Q3,0.0,0.019412599968012534
393538816,Q1_저가,0.0,0.027238850348918042
393733696,Q3,0.0,0.022617569868013332
393848768,Q4_고가,1.0,0.00458975376948767
393869184,Q2,1.0,0.05436745273476995
393980544,Q1_저가,0.0,-0.0232728213879716
393986112,Q2,0.0,0.01537536269266282
394155008,Q2,0.0,0.011928348733013072
394912256,Q3,1.0,-0.011268215768829304
394984640,Q4_고가,1.0,0.047465679451510256
395010624,Q4_고가,,0.026189269681258565
395094144,Q2,0.0,0.0165360420633216
395255616,Q4_고가,,0.02508195865334839
395337280,Q4_고가,0.0,0.017471510680327484
395444928,Q1_저가,,-0.001628340344680415
395489472,Q1_저가,0.0,-0.02623104979075086
395535872,Q3,1.0,0.054972370153025155
395548864,Q4_고가,0.0,-0.008181830547547897
395619392,Q1_저가,0.0,0.05353495892879789
395699200,Q4_고가,0.0,0.031184823655373797
395849536,Q1_저가,0.0,0.02368871247252602
395884800,Q1_저가,0.0,0.011673410850891075
395977600,Q2,,-0.040730553385288026
396194752,Q2,0.0,0.14225639752018893
396348800,Q4_고가,0.0,0.01929329811714564
396473152,Q1_저가,,-0.06611660928039398
396588224,Q1_저가,,-0.009236837214144422
396788672,Q3,0.0,0.0010298984736323291
396870336,Q4_고가,0.0,0.048633168144647076
396976128,Q1_저가,,0.030157571065856828
396996544,Q3,,-0.0057352529468183144
397061504,Q4_고가,1.0,0.05128152203840919
397096768,Q2,0.0,0.009252606531282626
397304640,Q1_저가,0.0,0.04427165009910921
397404864,Q3,,0.15774733369297317
397441984,Q3,0.0,0.01944433209478036
397486528,Q3,0.0,-0.006920593008404474
397544064,Q2,0.0,0.035134126500450294
397553344,Q4_고가,0.0,-0.0425941940380955
397616448,Q4_고가,1.0,-0.04232437363175612
397685120,Q2,0.0,0.021209870866683994
397881856,Q3,0.0,0.04332249305284798
397924544,Q3,0.0,0.04748389277519183
397982080,Q2,0.0,0.007521004212814764
398408960,Q2,,0.013656142708224545
398551872,Q4_고가,0.0,0.022555040238347646
398657664,Q1_저가,0.0,0.05208665515320242
398833984,Q2,0.0,0.0601256956985291
398967616,Q4_고가,0.0,0.033952353644013625
398986176,Q4_고가,0.0,0.10583145460873411
399231168,Q3,,0.016111624242448164
399615360,Q1_저가,1.0,0.027524606674820262
399804672,Q4_고가,1.0,0.004008915885986508
399860352,Q3,,-0.056695345743692116
399893760,Q4_고가,0.0,0.10773502934942647
399968000,Q3,,0.0069619295798327985
400133184,Q2,1.0,0.034311843104846695
400161024,Q4_고가,0.0,-0.01825561004593229
400359616,Q4_고가,,0.011071844900798433
400959104,Q4_고가,0.0,0.004877447900655585
401272768,Q3,0.0,0.023413631734678475
401462080,Q1_저가,0.0,-0.0750341691841594
401523328,Q3,0.0,0.02889568727004277
401528896,Q1_저가,,0.04830359960194516
401558592,Q3,,0.05149373713891585
401603136,Q2,1.0,-0.00978225248576528
401707072,Q2,0.0,0.01757908348807591
401781312,Q2,0.0,0.025957570480673486
401801728,Q4_고가,,-0.003262614526224228
402072704,Q3,0.0,0.02562844347868698
402128384,Q2,0.0,0.02934540048349403
402139520,Q3,,-0.025463470190795867
402215616,Q3,0.0,0.0018967083572507537
402291712,Q4_고가,,0.027238921472303654
402490304,Q1_저가,,0.025344443329905264
402492160,Q4_고가,,0.05490500652608307
402720448,Q4_고가,0.0,0.03000279224341529
402835520,Q2,0.0,-0.007199705966700831
402915328,Q3,,0.03638106949893616
402941312,Q2,0.0,0.052938782602769255
403067520,Q4_고가,0.0,-0.018723681358709166
403190016,Q4_고가,,0.028988232418442395
403275392,Q1_저가,0.0,-0.05901221354002084
403279104,Q3,,0.06421276526491837
403342208,Q3,0.0,0.00032786764136338853
403357056,Q3,,0.04011536427198348
403473984,Q4_고가,,0.027780295979142153
403620608,Q1_저가,0.0,0.0046747197835587395
403769088,Q2,,0.032810585017277405
403991808,Q1_저가,1.0,0.028538809177808933
404047488,Q4_고가,,0.04150471427643779
404075328,Q3,0.0,-0.023056793767999184
404077184,Q4_고가,,0.04748969851528642
404099456,Q1_저가,0.0,0.022947096516060903
404238656,Q4_고가,0.0,0.03612197689172207
404463232,Q3,0.0,-0.03562080005198198
404999616,Q1_저가,0.0,-0.027693107137109707
405090560,Q2,0.0,-0.010702417310531787
405129536,Q4_고가,,0.018685822298835683
405231616,Q1_저가,1.0,0.005468761446549536
405599104,Q3,,0.033480737406851285
405853376,Q2,,-0.018444394645043077
405890496,Q4_고가,0.0,0.03923020069393962
405964736,Q3,0.0,0.05424415811898742
406423168,Q1_저가,0.0,-0.016775391328884226
406515968,Q4_고가,0.0,0.03748130476071842
406580928,Q1_저가,0.0,0.0325923604863915
406592064,Q3,0.0,-0.015758824760130352
406632896,Q4_고가,0.0,-0.0391738480231788
406649600,Q1_저가,0.0,-0.045001293871219816
406889024,Q1_저가,0.0,0.057459975014796244
406931712,Q2,0.0,0.016904472420545047
407043072,Q4_고가,,-0.01319909485416082
407106176,Q3,0.0,0.041965466867315504
407245376,Q3,0.0,-0.042742998338835214
407369728,Q4_고가,1.0,-0.016360553421366053
407375296,Q3,0.0,0.016193293347088855
407451392,Q3,1.0,0.03027508771367915
407599872,Q4_고가,1.0,0.04435858501353031
407603584,Q4_고가,1.0,-0.013359019816546414
407677824,Q3,1.0,0.0500240208067502
407750208,Q1_저가,0.0,-0.004537864423092786
407817024,Q4_고가,0.0,0.03051073908136552
407837440,Q4_고가,,-0.029437158227614446
407902400,Q4_고가,0.0,0.09206389352893074
408152960,Q2,0.0,0.051369816139894
408156672,Q1_저가,0.0,0.052716464898725945
408201216,Q4_고가,,0.04072707427965006
408214208,Q4_고가,0.0,-0.03620956195836972
408242048,Q1_저가,0.0,-0.0939928060031413
408299584,Q4_고가,0.0,0.030864007120479597
408713472,Q1_저가,1.0,0.011410982823130827
408746880,Q1_저가,0.0,0.025075533435871628
408908352,Q3,0.0,0.05255108659902308
408947328,Q4_고가,0.0,-0.03460366667979353
408956608,Q2,0.0,0.06145642202046586
408960320,Q1_저가,0.0,-0.010737890280936135
409043840,Q4_고가,0.0,0.07066941051215309
409088384,Q4_고가,,0.06540061255810492
409140352,Q2,0.0,0.01607504992116837
409149632,Q4_고가,0.0,0.024663938619816417
409248000,Q4_고가,1.0,0.0016298248566075646
409455872,Q4_고가,0.0,0.04701376186945022
409487424,Q1_저가,0.0,-0.005089809960735603
409615488,Q1_저가,0.0,0.03495826119577099
409619200,Q4_고가,0.0,0.03237901146167217
409880896,Q4_고가,0.0,0.0184718696828666
410010816,Q1_저가,1.0,-0.023769720382002646
410046080,Q2,0.0,0.039078423200380075
410101760,Q1_저가,1.0,-0.08466508191662447
410528640,Q3,1.0,-0.03929179679377259
410534208,Q2,1.0,0.03438921355112601
410686400,Q1_저가,1.0,0.04300571259697769
410795904,Q1_저가,0.0,0.0024275536304986522
411122560,Q1_저가,0.0,0.055027411088834605
411185664,Q2,0.0,0.07464434063592595
411207936,Q2,0.0,0.028609159689139685
411965184,Q4_고가,,0.005484735780262873
412054272,Q4_고가,0.0,0.04198517567143634
412174912,Q1_저가,0.0,-0.02164634218817607
412507136,Q2,0.0,-0.013120187712195475
412598080,Q3,0.0,0.04620112137489951
412612928,Q4_고가,0.0,0.009913275004624356
412683456,Q1_저가,0.0,0.03852725131717043
412915456,Q2,0.0,0.021934992040441803
413021248,Q1_저가,,0.032346905244939106
413028672,Q1_저가,0.0,-0.017139673135223868
413037952,Q4_고가,0.0,0.0031828944502158008
413164160,Q1_저가,,-0.00702723203635075
413179008,Q1_저가,0.0,-0.0047825041391570955
413327488,Q3,0.0,0.02952312830764256
413494528,Q1_저가,0.0,0.032428009987598275
413771072,Q4_고가,0.0,0.05655206740998048
414095872,Q2,0.0,0.023872636845178485
414236928,Q3,0.0,0.027748196056220698
414442944,Q2,0.0,0.024170491646769543
415053568,Q3,0.0,0.03979944594730388
415064704,Q2,0.0,-0.037699481376013366
415272576,Q4_고가,0.0,0.020191770491830463
415343104,Q2,0.0,0.019309736691975443
415569536,Q2,0.0,0.06079010908363455
415630784,Q3,0.0,0.03357806513547242
415634496,Q3,0.0,-0.0010377645800692115
415641920,Q3,0.0,0.062186589222078203
415846080,Q3,,0.050372879984263236
416074368,Q2,,-0.09315368578035643
416076224,Q4_고가,0.0,0.03617140489682391
416506816,Q4_고가,0.0,0.032577108361002416
416556928,Q4_고가,,-0.06209668644145605
416894720,Q4_고가,0.0,0.01542706093501267
416935552,Q1_저가,0.0,-0.01972375586507502
417084032,Q4_고가,0.0,0.01244581050957072
417334592,Q4_고가,1.0,0.026630932348829406
417356864,Q2,0.0,0.04605426801933453
417442240,Q4_고가,,0.10651018446992033
417846848,Q1_저가,0.0,0.04753477100876362
418012032,Q4_고가,0.0,0.017881759572049627
418210624,Q2,1.0,-0.037639284935689576
418386944,Q3,,0.009467301391288041
418463040,Q3,,0.08725694772083453
418481600,Q4_고가,0.0,0.04418195761194388
418552128,Q2,,0.006867207844268836
418615232,Q4_고가,0.0,0.05675513662455893
418687616,Q4_고가,0.0,-0.011775137539765612
418693184,Q3,,0.03512574790560408
418754432,Q4_고가,0.0,0.027898771811281448
418984576,Q4_고가,,0.029398932714949616
419118208,Q3,1.0,-0.04375770592445502
419353920,Q4_고가,0.0,0.024099366409591816
419457856,Q2,0.0,-0.03968888994461589
419483840,Q1_저가,0.0,-0.03550212837328426
419628608,Q4_고가,0.0,-0.01097634079732368
420152000,Q2,0.0,0.030571029102707994
421299008,Q4_고가,,0.013518436857168192
421753728,Q1_저가,0.0,0.0376006880990975
421956032,Q4_고가,,-0.008330153546328933
421965312,Q2,1.0,0.021437364041323265
422208448,Q4_고가,0.0,0.019780498131826724
422355072,Q2,0.0,0.019301428405209986
422390336,Q4_고가,0.0,0.01101077807594572
422468288,Q2,,-0.06151887187672278
422549952,Q4_고가,0.0,0.008897728938541169
422614912,Q4_고가,0.0,0.034447447827188574
422663168,Q3,0.0,0.009934617293227643
422694720,Q4_고가,0.0,0.05949718884861843
422750400,Q2,0.0,-0.01062973615301141
422820928,Q3,1.0,0.037066147817046535
422908160,Q4_고가,0.0,0.031340995391295645
423032512,Q1_저가,1.0,0.08802274058793114
423064064,Q3,0.0,0.0214150171904397
423080768,Q2,1.0,0.016504327574609248
423084480,Q2,1.0,-0.01707351400260093
423127168,Q3,0.0,0.012733558264980016
423240384,Q3,1.0,0.08449025288602774
423325760,Q3,0.0,0.0983693178151247
423479808,Q4_고가,0.0,-0.012602579715998541
423485376,Q2,0.0,-0.000619060808359384
423587456,Q4_고가,0.0,0.01907575628622804
423685824,Q2,1.0,-0.03401435784098733
423878848,Q2,1.0,0.008301470507678377
423925248,Q4_고가,0.0,0.029305293820858253
424057024,Q1_저가,1.0,0.016382751055438793
424075584,Q3,0.0,-0.02054777868223573
424118272,Q4_고가,0.0,-0.009982732280495177
424326144,Q4_고가,,0.0038385847874594647
424359552,Q2,1.0,0.049052822597176055
424385536,Q2,0.0,0.039546227089686914
424391104,Q2,0.0,0.027860369931682283
424521024,Q4_고가,0.0,0.03508343933079838
424543296,Q1_저가,0.0,0.043403961237932914
424643520,Q1_저가,0.0,0.036592153932374694
424676928,Q4_고가,0.0,0.012250490695107086
424829120,Q4_고가,1.0,0.037895694846747124
424886656,Q3,0.0,0.12525155859248194
425107520,Q1_저가,0.0,0.024480667024086827
425259712,Q4_고가,,0.024515821722753905
425263424,Q1_저가,0.0,0.03968275892847185
425367360,Q2,0.0,0.05101228298734617
425836928,Q2,1.0,-0.01698053218436804
426026240,Q4_고가,0.0,-0.03559034143005124
426039232,Q2,0.0,0.056346230136829295
426326912,Q1_저가,0.0,0.02858126226898572
426506944,Q2,0.0,-0.04179339617810718
426523648,Q1_저가,1.0,0.03815121069598871
427115712,Q1_저가,,-0.07056520729731897
427253056,Q4_고가,0.0,0.08445462534012571
427331008,Q2,0.0,0.04132275369817018
427347712,Q3,1.0,-0.11201889832369744
427427520,Q3,,0.0997014023210997
427563008,Q4_고가,0.0,0.015907283767364083
427637248,Q4_고가,1.0,0.03824539570172991
427670656,Q2,0.0,0.02941710489945437
428259008,Q3,0.0,0.005097827187654502
428557824,Q4_고가,1.0,-0.00267334723266599
428845504,Q3,1.0,-0.02119291310761162
428875200,Q1_저가,,-0.029458151364290197
429604608,Q3,,0.01792752514419571
429712256,Q2,,-0.10716378015791761
429806912,Q1_저가,0.0,0.007632904499895676
429916416,Q4_고가,0.0,0.006575362190375134
430183680,Q3,1.0,0.03757806319886984
430198528,Q1_저가,0.0,-0.005312808484579712
430282048,Q2,1.0,0.007744879149056083
430465792,Q1_저가,0.0,-0.036227169212550425
430558592,Q2,1.0,0.047126936788864135
430725632,Q2,0.0,0.018062471849274675
430931648,Q1_저가,0.0,-0.029980884793290002
430933504,Q1_저가,,-0.07862233167443489
430963200,Q2,,-0.0684886594929629
431059712,Q3,0.0,0.19903444192991254
431096832,Q2,1.0,0.04824198317797468
431349248,Q4_고가,0.0,0.03254949400399813
431403072,Q1_저가,1.0,0.019201255836429607
431564544,Q2,0.0,-0.16514436203251082
431839232,Q1_저가,0.0,-0.004317645313670404
431872640,Q4_고가,0.0,0.05955794621748278
432113920,Q4_고가,0.0,0.019596872062167314
432227136,Q1_저가,0.0,0.04911000802548157
432314368,Q2,0.0,-0.01969576087660818
432446144,Q2,0.0,-0.06863789973550344
432659584,Q2,0.0,-0.0025390261709382633
432860032,Q4_고가,0.0,-0.007100541696989038
432867456,Q1_저가,0.0,0.03338437777725302
432880448,Q2,,0.014495839617368445
432978816,Q4_고가,1.0,0.037467543905876755
432982528,Q1_저가,0.0,0.04420796702240669
433121728,Q4_고가,0.0,0.10021036603304223
433125440,Q1_저가,0.0,0.041703561966269245
433359296,Q4_고가,,0.03780747127398758
433517056,Q3,0.0,0.02428527440460157
433691520,Q1_저가,0.0,0.04581689384591374
433830720,Q1_저가,0.0,0.014557342150965907
434125824,Q1_저가,0.0,0.021634416492830835
434281728,Q4_고가,0.0,-0.010367579333004695
434291008,Q4_고가,0.0,0.14433126295663967
434495168,Q2,,-0.011109785498218172
434578688,Q4_고가,0.0,-0.0024905879437068235
434786560,Q3,0.0,0.030064356503506695
434831104,Q2,0.0,-0.016360756641433105
434844096,Q2,0.0,0.02596487550857704
434944320,Q2,,0.002190369757754884
435059392,Q2,0.0,-0.011894327291469442
435167040,Q4_고가,1.0,-0.01010327705880032
435378624,Q2,0.0,0.03225015048491223
435655168,Q3,0.0,0.05720104860368738
435955840,Q2,0.0,0.02599489320221174
436013376,Q4_고가,0.0,0.028339192944506972
436215680,Q3,0.0,0.07163425894822595
436382720,Q4_고가,0.0,-0.0039266598656493845
436681536,Q4_고가,0.0,-0.04266751031927973
436683392,Q1_저가,0.0,-0.01118693203785015
436739072,Q3,0.0,0.008770078509033996
436818880,Q3,,-0.001227251924493078
436939520,Q2,0.0,0.034302685618635476
437076864,Q3,0.0,0.04006857071526826
437084288,Q4_고가,1.0,-0.014588836274677774
437160384,Q3,0.0,0.01517436110794157
437193792,Q2,0.0,0.056270665993171765
437288448,Q3,0.0,0.025035598314763874
437345984,Q1_저가,0.0,0.11799349757215283
437422080,Q3,1.0,0.014696244083394205
437490752,Q3,0.0,0.04666999337744766
437509312,Q1_저가,0.0,-0.005126681430800584
437540864,Q2,0.0,-0.003026325827470533
437552000,Q3,0.0,-0.01610415077574856
437598400,Q1_저가,0.0,0.03967220139844824
437624384,Q2,,-0.05594512613178587
437661504,Q4_고가,0.0,0.05250809359276598
437793280,Q4_고가,1.0,0.018829594463311033
437835968,Q4_고가,,0.007980016391551728
437884224,Q3,0.0,0.0023084202509413565
437939904,Q2,,-0.04914970471850505
437967744,Q3,,0.047505363897123926
438105088,Q3,0.0,-0.009939055864373075
438112512,Q1_저가,0.0,-0.03325118913557701
438235008,Q1_저가,1.0,0.017396333935515332
438459584,Q4_고가,0.0,0.11462824932027582
438543104,Q1_저가,,-0.010715576418118211
438814080,Q4_고가,,-0.001975935204877488
439007104,Q4_고가,,0.04274160960915063
439040512,Q3,0.0,0.021038332916078373
439059072,Q4_고가,,0.02344342363112674
439372736,Q2,0.0,0.010942643993084422
439515648,Q2,1.0,0.012539101650313189
439536064,Q3,0.0,-0.006917035088796042
439665984,Q3,1.0,0.04522988411794643
439743936,Q1_저가,0.0,0.004771210044629742
439768064,Q2,0.0,0.10069428651645063
440207936,Q2,0.0,-0.0006898384279180325
440239488,Q3,,0.014620104397234393
440272896,Q3,1.0,0.038480886268738024
440302592,Q2,0.0,0.008605500324685919
440319296,Q2,0.0,-0.04086615984735259
440614400,Q3,0.0,0.0006341968454657565
440675648,Q1_저가,0.0,-0.002250332092689211
440913216,Q2,1.0,0.032076246378199794
441002304,Q2,0.0,-0.007593870840363448
441432896,Q2,0.0,0.03836550333601807
441531264,Q3,,-0.02680441311920337
441551680,Q4_고가,0.0,0.012240357634213772
441744704,Q3,1.0,-0.03616769436846734
441813376,Q3,,0.04471129475028235
441876480,Q1_저가,0.0,-0.016223115244027198
441980416,Q2,0.0,0.0031172317170241604
442112192,Q3,0.0,-0.08021553660276637
442316352,Q3,,0.018013598558023508
442451840,Q4_고가,1.0,-0.00355090676652009
442509376,Q4_고가,0.0,-0.00122161917501587
442656000,Q3,0.0,0.057335884157588946
443129280,Q1_저가,,0.02177171436653723
443223936,Q3,1.0,0.03457538241573029
443272192,Q4_고가,,0.023361391843945034
443387264,Q4_고가,0.0,0.04160719182633302
443424384,Q4_고가,0.0,0.02145634850281536
443530176,Q4_고가,0.0,0.02241683430806396
443533888,Q3,0.0,-0.0002139902882629663
443546880,Q1_저가,0.0,0.02355277878525787
443635968,Q3,0.0,0.0367705676775352
443674944,Q3,0.0,0.035379442625782284
444023872,Q3,0.0,-0.04885085245641274
444315264,Q1_저가,0.0,0.05222170934585087
444354240,Q4_고가,0.0,0.11513287636907887
444491584,Q4_고가,0.0,-0.03072194822308144
444504576,Q4_고가,1.0,0.02140106653316738
444617792,Q4_고가,0.0,-0.03704753167048758
444760704,Q2,0.0,0.031089170329422156
445059520,Q2,,-0.050796810011744575
445070656,Q1_저가,0.0,0.029170958768426875
445115200,Q4_고가,1.0,-0.009603334068556069
445122624,Q3,1.0,0.07856739492984177
445131904,Q3,0.0,0.0232579466663988
445156032,Q3,0.0,0.008056967327888853
445224704,Q4_고가,1.0,0.019609627339614855
445272960,Q1_저가,0.0,0.0411973999767383
445360192,Q4_고가,0.0,-0.01752065374644951
445408448,Q2,1.0,0.03179506048754932
445772224,Q2,1.0,0.0008936510085051363
446329024,Q3,0.0,0.19881443354145295
446603712,Q4_고가,1.0,0.026486359502749454
446661248,Q1_저가,,0.005053922064219743
446967488,Q1_저가,0.0,0.018043670203264264
447071424,Q4_고가,,0.057473635521825495
447101120,Q2,0.0,0.02845739567644945
447199488,Q3,0.0,0.03709765016696026
447503872,Q2,,-0.015072353204867162
447524288,Q3,,0.10345560678025378
447650496,Q2,1.0,0.03675462539643767
447739584,Q2,,0.011428576140227964
447754432,Q2,0.0,0.06177379111134873
447958592,Q3,0.0,0.04656637118626381
447960448,Q4_고가,0.0,0.10679623759422396
448255552,Q2,0.0,0.02534154323423443
448439296,Q3,0.0,0.038445443078148574
448507968,Q1_저가,0.0,-0.052433300267899
448552512,Q4_고가,0.0,0.020540004557009883
448610048,Q2,,0.021563996744023428
448814208,Q3,0.0,-0.019744083916191008
448932992,Q3,0.0,-0.003852084895919039
449265216,Q1_저가,0.0,0.05509992044610643
449280064,Q1_저가,0.0,0.007126342138172509
449489792,Q2,0.0,0.01718103445664576
449710656,Q4_고가,0.0,0.05213045655606273
449714368,Q1_저가,0.0,-0.01440058380759085
449736640,Q1_저가,0.0,0.043179204923332715
449777472,Q1_저가,0.0,-0.006239695351436536
450096704,Q3,,0.011799308172787182
450107840,Q2,0.0,-0.054672740961428073
450451200,Q3,0.0,0.04927465864966481
450462336,Q4_고가,0.0,0.12938488157488126
450679488,Q2,0.0,-0.04774969516128175
450699904,Q2,0.0,0.008476649523897928
450831680,Q1_저가,0.0,-0.00031802933720240234
450863232,Q2,1.0,-0.004180027668522102
450976448,Q3,1.0,0.09036912529020047
450983872,Q4_고가,0.0,-0.042398345848239094
451046976,Q4_고가,0.0,-0.023011377535157695
451132352,Q1_저가,1.0,-0.006983433386878013
451308672,Q1_저가,1.0,0.03876134186431747
451340224,Q1_저가,0.0,0.036355539379628043
451375488,Q2,0.0,-0.039107824425499205
451559232,Q3,0.0,-0.0050843341343833615
451566656,Q2,0.0,0.043567454719908305
451863616,Q4_고가,0.0,-0.0071472044361377
451867328,Q4_고가,0.0,-0.023890766697640675
451910016,Q1_저가,0.0,0.028528118444168915
452121600,Q2,0.0,-0.03575960891630825
452323904,Q4_고가,0.0,0.048339067352574455
452600448,Q1_저가,0.0,0.0320704695949083
452626432,Q3,0.0,0.0013677381204162398
452956800,Q4_고가,0.0,0.01786780288713552
453361408,Q3,0.0,0.04108194144919017
453379968,Q1_저가,0.0,0.014988373188336929
453439360,Q2,0.0,0.04743790041466128
453591552,Q4_고가,1.0,0.09431022140430068
453617536,Q3,0.0,0.030096443550067686
453704768,Q4_고가,1.0,-0.008494234951592322
453747456,Q4_고가,0.0,-0.06570036648253402
453762304,Q3,1.0,0.01560805839720339
454289408,Q2,,0.02877172491614688
454372928,Q1_저가,0.0,0.033514184613907906
454382208,Q1_저가,0.0,0.04108438812397309
454469440,Q3,0.0,0.03751136595750483
454506560,Q3,0.0,0.014138450257255575
454888896,Q3,1.0,-0.03018252302770974
455072640,Q4_고가,,0.010678791764516568
455081920,Q1_저가,,0.03240998205223695
455115328,Q3,0.0,0.07310977155817144
455219264,Q3,0.0,0.03211074929765689
455395584,Q2,0.0,-0.03453821068306151
455737088,Q4_고가,1.0,-0.03797307463879751
455865152,Q2,,0.03627295303342867
455950528,Q2,0.0,0.023432429226087098
456182528,Q2,0.0,0.08339864794806107
456284608,Q4_고가,0.0,0.03135495327382695
456295744,Q2,,-0.011071818162769975
456303168,Q1_저가,0.0,-0.024483382797775288
456373696,Q3,,0.010235938529528546
456451648,Q3,1.0,-0.0002561711555073565
456653952,Q3,0.0,0.06681510939657756
456934208,Q1_저가,1.0,0.02125723019377826
457327680,Q3,0.0,0.013182348925094955
457400064,Q4_고가,0.0,0.05799081688328467
457479872,Q1_저가,0.0,0.011018480989600316
457520704,Q2,1.0,-0.0202482572088879
457524416,Q4_고가,,0.029235009208677998
457832512,Q2,,-0.03578621042249508
458738240,Q3,1.0,-0.006942120482590644
458741952,Q2,,0.001898082097723075
458842176,Q4_고가,0.0,-0.007546968421498296
459053760,Q4_고가,0.0,0.013926489076158413
459849984,Q4_고가,0.0,0.022332089716479347
460132096,Q3,1.0,-0.012538864559490104
460293568,Q2,0.0,0.1235947723238725
460377088,Q2,1.0,-0.02079036377283705
460510720,Q4_고가,0.0,0.02092109349789195
460525568,Q4_고가,0.0,0.01029183865297506
460898624,Q1_저가,0.0,0.02306318843881011
461006272,Q2,0.0,-0.07199756308790756
461167744,Q1_저가,0.0,0.0454622804373207
461524096,Q1_저가,0.0,0.03425284831393299
461681856,Q4_고가,0.0,0.05041789425433452
461737536,Q4_고가,0.0,0.0016272141574615873
461845184,Q2,0.0,0.04628341971661182
461897152,Q4_고가,1.0,-0.012523963704053953
461932416,Q4_고가,0.0,-0.008229915557795231
461941696,Q3,,0.052249159892442665
461965824,Q4_고가,0.0,0.04157865612276246
462264640,Q1_저가,,0.038838103418446096
462442816,Q3,0.0,0.0222486614096154
462478080,Q3,0.0,0.043674517025035955
462517056,Q4_고가,0.0,-0.011562504704301646
462672960,Q3,0.0,-0.07641787620350055
463029312,Q1_저가,0.0,0.005843709402917896
463188928,Q3,0.0,0.010596035519914726
463190784,Q4_고가,0.0,0.028320313553434895
463331840,Q4_고가,0.0,-0.04627294724274633
463350400,Q1_저가,0.0,-0.020161358552801545
463602816,Q1_저가,,-0.048392409943616155
463613952,Q3,0.0,0.0003118474044114805
463747584,Q1_저가,0.0,-0.018030821813619813
463795840,Q4_고가,0.0,-0.04567923979990923
464295104,Q3,0.0,0.006848816799806978
464397184,Q2,,-0.05652263536600466
464445440,Q1_저가,,0.016748706609723857
464579072,Q4_고가,0.0,0.0952571728619715
464670016,Q1_저가,0.0,-0.01224991570386702
464759104,Q2,1.0,0.007228596050099512
464764672,Q2,0.0,0.035203546509122115
464831488,Q3,1.0,0.034906887340587216
464892736,Q4_고가,0.0,0.014946631613539096
465163712,Q1_저가,,0.08231369241838599
465254656,Q1_저가,1.0,0.0037937727964576645
465544192,Q2,,0.000509502744808682
465744640,Q2,,0.03650686570260697
466011904,Q4_고가,0.0,0.12061144972036353
466050880,Q1_저가,,-0.021260976090225925
466186368,Q4_고가,1.0,-0.007132700731391384
466462912,Q2,0.0,-0.04826781970627725
466546432,Q4_고가,0.0,0.05374224854689236
466600256,Q4_고가,,0.1648706276920754
466724608,Q4_고가,0.0,0.04383641969559618
467147776,Q2,0.0,0.02234398671986948
467439168,Q1_저가,,0.04852910695502605
467498560,Q2,,0.007127004821492422
467502272,Q3,0.0,0.015423907192565561
467582080,Q1_저가,0.0,0.0134707434875318
467617344,Q3,,0.025349780350172477
467750976,Q3,0.0,-0.004147933125952963
467765824,Q3,0.0,-0.0018419398282480959
467888320,Q3,0.0,0.044785190479559596
467925440,Q4_고가,0.0,0.03623387419724443
467927296,Q3,0.0,0.04570825394680922
467984832,Q1_저가,,-0.02815565520666563
468047936,Q1_저가,0.0,-0.04180296336143352
468092480,Q1_저가,0.0,-0.036044600778072255
468107328,Q1_저가,,-0.061131827089207835
468240960,Q3,0.0,0.01805294753016673
468627008,Q2,,0.03022917969005323
468745792,Q4_고가,,-0.001815377486391212
468870144,Q3,0.0,0.030821091918396576
469100288,Q4_고가,,-0.04247387925083823
469170816,Q4_고가,,0.09600968802173238
469460352,Q3,0.0,0.030548859298411557
469688640,Q2,,0.04292310022362644
469714624,Q2,1.0,-0.035566601488009164
469861248,Q3,0.0,0.045408205545458005
469924352,Q4_고가,1.0,0.025468002228509312
469968896,Q3,,-0.0769622499471746
470065408,Q3,0.0,0.005148972739168478
470083968,Q4_고가,,-0.005860203727029556
470341952,Q3,0.0,-0.013817236345912698
470358656,Q2,1.0,0.027883478070747633
470371648,Q2,,0.050174199436270675
470380928,Q2,,0.03473836616313354
470408768,Q1_저가,0.0,0.04054005442888861
470496000,Q3,,0.04282402999630108
470716864,Q1_저가,,0.014109077788080598
470904320,Q1_저가,0.0,0.01708558380079822
471086208,Q1_저가,0.0,0.030077841308769254
471654144,Q3,,0.07357582722881562
471674560,Q1_저가,,0.011212798211138408
471693120,Q3,0.0,0.03984913142235877
472097728,Q2,0.0,0.01068824804541929
472114432,Q2,0.0,-0.06107408990323304
472183104,Q1_저가,,0.0022045500424707765
472190528,Q3,0.0,0.032694746171657796
472205376,Q2,0.0,0.05731002206004515
472212800,Q3,0.0,0.042823790544862295
472223936,Q1_저가,0.0,-0.007203690149077069
472242496,Q2,1.0,0.02194740089461618
472346432,Q2,0.0,0.09959802948778665
472366848,Q4_고가,1.0,0.030587402194326097
472372416,Q2,0.0,0.011042313069193899
472377984,Q2,1.0,0.04332700898733538
472387264,Q3,0.0,0.04133612921448432
472435520,Q1_저가,0.0,0.022334531486829456
472476352,Q1_저가,1.0,-0.13426311533375201
472504192,Q2,1.0,-0.040736779454058236
472545024,Q2,0.0,0.04276734306181962
472611840,Q1_저가,1.0,-3.239483741979132e-05
472619264,Q1_저가,0.0,0.04942266186535671
472710208,Q3,0.0,-0.003959232066241158
472773312,Q3,1.0,0.004225000522567135
472851264,Q2,,-0.07508540558767723
472862400,Q4_고가,0.0,0.053036308801443055
472955200,Q4_고가,0.0,-0.011630091888190752
473190912,Q3,0.0,0.000206642913522459
473229888,Q4_고가,0.0,0.06681796191932829
473357952,Q3,0.0,0.012519307803378399
473378368,Q2,0.0,0.005525381083694159
473380224,Q3,0.0,0.03744429596814024
473608512,Q4_고가,0.0,0.07400634669261996
473653056,Q3,0.0,0.058778230825162314
473688320,Q4_고가,0.0,-0.03643405741512917
473701312,Q1_저가,1.0,0.008646162792781076
473744000,Q3,0.0,0.013978748935398772
473745856,Q4_고가,0.0,-0.004736169556806558
473775552,Q4_고가,0.0,0.07299871239878719
473781120,Q2,0.0,-0.02447022583752878
473790400,Q2,,0.020059186625847727
473957440,Q4_고가,,-0.05395310060325165
473961152,Q4_고가,0.0,-0.0005966651122331079
474105920,Q2,,0.015326934602924336
474180160,Q1_저가,0.0,0.03170186061214486
474195008,Q4_고가,0.0,0.016032531695919255
474306368,Q2,0.0,0.024329450828905766
474428864,Q1_저가,,0.022397783571982355
474434432,Q3,0.0,0.05418448830661016
474467840,Q1_저가,0.0,0.06879236078165474
474634880,Q2,0.0,0.03448531929299847
474668288,Q3,0.0,-0.005348059294516538
474751808,Q4_고가,,-0.020020238517933442
474837184,Q1_저가,0.0,0.03364917705136124
474954112,Q3,1.0,-0.0018004326587073294
475076608,Q1_저가,0.0,-0.04716174203598911
475156416,Q3,0.0,0.029567810924311266
475158272,Q3,0.0,0.09494694546718191
475199104,Q4_고가,,-0.034089549340325515
475236224,Q1_저가,0.0,0.02624255758257893
475241792,Q1_저가,1.0,-0.045146834596960006
475362432,Q2,0.0,0.03603223964539484
475388416,Q3,0.0,0.027306360638985505
475716928,Q4_고가,1.0,0.07006663773945368
475789312,Q2,,0.031541398717666175
475885824,Q4_고가,0.0,0.04668780988717364
476013888,Q1_저가,,-0.03803282633282412
476030592,Q4_고가,0.0,-0.04593151439280985
476038016,Q4_고가,1.0,0.030347214469718164
476110400,Q2,0.0,-0.04065960890122555
476429632,Q2,1.0,0.04983111468349544
476511296,Q2,,0.0076331541894074095
476526144,Q2,0.0,0.03129884173729408
476546560,Q4_고가,0.0,0.018475357758402727
476596672,Q2,,-0.040428951031647786
476648640,Q1_저가,0.0,0.06371377239391171
476739584,Q3,0.0,0.03841489779263074
476747008,Q3,1.0,0.05648743505765352
476754432,Q3,0.0,0.037324454917465
476815680,Q3,,0.10124441641443788
476979008,Q4_고가,0.0,0.02956695149308966
477105216,Q2,0.0,-0.016811861399917916
477146048,Q2,,-0.0678277213625526
477236992,Q3,0.0,-0.004973722059490732
477357632,Q2,0.0,-0.05494625467160219
477383616,Q3,1.0,-0.04818677879830813
477387328,Q3,0.0,-0.05597760409485797
477428160,Q1_저가,0.0,0.000550751837854524
477463424,Q4_고가,1.0,0.007812125845455986
477561792,Q4_고가,0.0,0.04310482225952064
477615616,Q1_저가,0.0,-0.13049110146066767
477700992,Q4_고가,1.0,0.04283529047825457
477823488,Q2,0.0,0.021587321028742598
477927424,Q3,1.0,0.05929301434290593
477983104,Q3,,0.014250976462507281
478033216,Q3,,0.08215322176851236
478352448,Q3,0.0,-0.009582856620091285
478385856,Q3,1.0,0.04352155076764974
478590016,Q4_고가,,-0.0026366807587843433
478593728,Q3,1.0,0.06196275715126209
478599296,Q4_고가,0.0,0.19837412887821493
478775616,Q3,,0.057401199736173525
478875840,Q3,0.0,0.03434388843358295
478894400,Q2,1.0,0.05965439421336757
478961216,Q2,0.0,0.011707648432794704
478977920,Q3,1.0,0.01813033194500241
479143104,Q3,1.0,0.042496551941445054
479144960,Q4_고가,0.0,0.009818887987022296
479174656,Q3,,-0.011093531165308312
479200640,Q2,0.0,0.0011639440901247133
479208064,Q2,0.0,0.0590546974602314
479209920,Q4_고가,1.0,0.025042885073477225
479299008,Q4_고가,0.0,0.006980181824225995
479313856,Q3,1.0,0.09988842230164963
479456768,Q3,1.0,-0.020036218120120353
479473472,Q3,0.0,0.02865492655744195
479523584,Q3,0.0,0.01719147349097072
479737024,Q3,0.0,0.04833493008748646
479811264,Q4_고가,0.0,0.022355268102106418
479892928,Q1_저가,0.0,-0.029704328555790638
479896640,Q2,,-0.08777000606536617
479946752,Q4_고가,,0.01328834970425663
480201024,Q4_고가,0.0,0.06202801943675014
480392192,Q2,,0.0028345742872172286
480459008,Q2,,0.01681108153810318
480494272,Q2,,0.026799282326889773
480551808,Q4_고가,0.0,0.050920751517766455
480581504,Q3,0.0,0.034634831855050854
480709568,Q1_저가,0.0,0.04827071605191048
480722560,Q3,0.0,-0.027296452115556702
480726272,Q4_고가,0.0,0.07223361570265319
480780096,Q4_고가,0.0,0.00048278660456191336
480824640,Q1_저가,0.0,0.040944717810393175
480950848,Q4_고가,0.0,0.1013585494257816
481160576,Q2,0.0,0.02968797651373306
481307200,Q3,0.0,-0.005448910210903435
481335040,Q4_고가,1.0,0.07589990496595456
481433408,Q3,0.0,0.03336731171093177
481435264,Q2,1.0,0.02264104898359394
481492800,Q2,0.0,-0.020911680104718
481580032,Q4_고가,0.0,0.024601597157452637
481602304,Q4_고가,,0.023467233102836382
481609728,Q1_저가,0.0,-0.022789578404126654
481724800,Q2,0.0,0.0036719993346254753
481893696,Q4_고가,,0.05023362358561356
482010624,Q1_저가,0.0,0.04698772636026266
482303872,Q1_저가,0.0,0.021041674617417266
482307584,Q2,0.0,0.047963658064493736
482374400,Q2,0.0,0.08268522474169915
482428224,Q3,0.0,-0.015170280473459474
482493184,Q2,,-0.1109752324557507
482547008,Q1_저가,0.0,0.02207543338943052
482686208,Q4_고가,0.0,0.022787531478367373
483025856,Q4_고가,,0.042183018389716595
483036992,Q4_고가,0.0,0.020021558182857307
483341376,Q4_고가,0.0,0.07941127978334589
483484288,Q3,0.0,-0.00201414106785891
483489856,Q3,,0.032827566115850026
483590080,Q1_저가,,0.04621975667605161
483712576,Q3,0.0,0.01931402942260374
483890752,Q4_고가,0.0,0.046707290400760534
484141312,Q4_고가,0.0,0.06675215879715135
484664704,Q1_저가,0.0,0.030534018069490562
484675840,Q4_고가,0.0,0.04293683228732531
484683264,Q1_저가,0.0,0.011462199726280153
485392256,Q2,0.0,0.06231468371816912
485711488,Q3,0.0,0.03879579525643254
486008448,Q3,,-0.03645770153948147
486192192,Q2,0.0,0.04042729651631545
486407488,Q4_고가,1.0,-0.020679958742906235
486537408,Q4_고가,0.0,0.01806294074100745
486750848,Q4_고가,1.0,-0.012608417284633577
487019968,Q3,0.0,-0.10298091920910546
488079744,Q3,,0.011928984976462886
488313600,Q3,0.0,-0.019342453706213236
488690368,Q1_저가,1.0,0.03537791208610884
488740480,Q3,,0.08135321126862671
488987328,Q4_고가,1.0,0.028692395702288986
489005888,Q4_고가,0.0,0.05426748441930404
489321408,Q3,0.0,0.1122215525821062
489616512,Q2,0.0,-0.006725167730462056
489790976,Q4_고가,0.0,0.02338946638010682
489835520,Q2,0.0,0.00919616188791958
489930176,Q4_고가,0.0,0.03310509433257816
490477696,Q2,1.0,0.07904214704769319
491511488,Q3,0.0,0.016976487260677464
491531904,Q2,,0.011725564319720605
492255744,Q2,0.0,0.03941814351093979
492413504,Q2,0.0,0.028894247778545365
493677440,Q4_고가,0.0,0.03526898744647236
495125120,Q3,1.0,0.04419894326923819
497235392,Q2,,-0.0031995497807777995
497500800,Q4_고가,0.0,0.016503696003505874
498087296,Q2,0.0,0.016187382303690434
498985600,Q1_저가,0.0,0.046847154016645576
499716864,Q4_고가,0.0,0.04536785971822532
499720576,Q4_고가,0.0,0.04460056625961961
500800768,Q3,0.0,0.0022060243329715956
501563584,Q4_고가,0.0,0.04394432046992003
501654528,Q2,0.0,-0.07135079282060242
501771456,Q4_고가,0.0,0.0549526677454516
501803008,Q1_저가,,0.011860616700182666
501858688,Q2,0.0,0.009618399936917543
502604800,Q3,0.0,0.05814593853909511
503287808,Q4_고가,0.0,-0.0732522972131836
503517952,Q1_저가,0.0,0.03294007814277156
505635648,Q2,0.0,0.015054825604160271
505704320,Q1_저가,,0.03644254286829346
506353920,Q3,0.0,0.028616486887653614
506801216,Q1_저가,0.0,-0.0058974972416570015
506884736,Q4_고가,1.0,-0.02038791244115523
507378432,Q4_고가,0.0,0.08916142757793519
507805312,Q4_고가,0.0,0.07598877330972992
508564416,Q1_저가,1.0,0.011942489646581289
508724032,Q2,0.0,0.0322424124994925
508805696,Q4_고가,0.0,0.019080255770651686
508902208,Q1_저가,,0.0310223635551449
509145344,Q3,0.0,0.12164417143103573
510197696,Q2,,0.03127767645308721
510431552,Q3,0.0,0.03692259307617088
510524352,Q3,0.0,0.150253862804772
510600448,Q1_저가,0.0,0.011926127305661616
510678400,Q3,0.0,0.05134001037137914
513573760,Q3,1.0,-0.04715370302338101
514145408,Q3,0.0,0.01688828352871785
514334720,Q4_고가,,0.004336903715765228
514579712,Q2,1.0,-0.028989967703466624
514583424,Q1_저가,0.0,-0.021273014144995273
514626112,Q3,1.0,0.06486468859528917
514832128,Q3,0.0,-0.06252818516430836
514902656,Q1_저가,1.0,0.02639566566067786
515062272,Q3,0.0,0.053477258156933716
515116096,Q1_저가,0.0,0.0017974065171543901
515192192,Q1_저가,,0.017437987217096662
515199616,Q1_저가,0.0,-0.019399242140175188
515351808,Q1_저가,0.0,0.048845414013860555
515437184,Q1_저가,0.0,0.04191923345692767
515630208,Q4_고가,1.0,0.010532933392316979
515728576,Q2,,-0.09514623825850232
515778688,Q4_고가,0.0,0.08635206057003098
515860352,Q1_저가,0.0,0.04005291203390603
515875200,Q2,0.0,-0.01938057384015479
515966144,Q1_저가,1.0,-0.06574002378412525
516040384,Q4_고가,1.0,0.04526244316674016
516064512,Q1_저가,0.0,0.040383226397533244
516083072,Q4_고가,0.0,-0.11502068162180745
516244544,Q3,1.0,0.06923207682460553
516257536,Q2,,-0.04871112240885067
516500672,Q1_저가,,0.0012731500647908955
516522944,Q2,0.0,0.023185527404319006
516578624,Q4_고가,0.0,0.015181899471548577
516599040,Q3,0.0,-0.06067102991620199
516855168,Q4_고가,0.0,0.02283535296961725
517126144,Q3,0.0,0.16602055752221634
517194816,Q2,0.0,0.02360433522005423
517231936,Q3,0.0,0.01495370086900688
517385984,Q3,1.0,0.007057390197055535
517528896,Q3,0.0,-0.006879416547156181
517610560,Q1_저가,0.0,-0.015248494298312973
517714496,Q2,0.0,-0.014826488044914321
517762752,Q2,0.0,-0.03780849846643891
517803584,Q1_저가,0.0,0.001296700629893316
517825856,Q1_저가,,0.034251253895130736
517918656,Q2,,-0.02253921682499921
517939072,Q3,0.0,0.04719181710078782
518128384,Q4_고가,,0.06611200507632448
518167360,Q1_저가,0.0,0.0009374855767529389
518197056,Q4_고가,1.0,0.02109957005947119
518338112,Q1_저가,0.0,-0.0029424244470533933
518421632,Q1_저가,0.0,0.03636603527584137
518518144,Q1_저가,,-0.14315114523723438
518644352,Q2,0.0,-0.02134699697969622
518655488,Q4_고가,,0.04204589529037925
518659200,Q4_고가,0.0,-0.004441056691410483
518777984,Q1_저가,0.0,0.0414362887304821
519119488,Q2,1.0,0.011583274395182142
519152896,Q1_저가,0.0,0.032645527593315876
519154752,Q1_저가,,0.04210836471070706
519394176,Q3,0.0,0.02441569988517045
519505536,Q3,1.0,-0.033338628204052034
519822912,Q4_고가,0.0,0.038580193857362
519941696,Q4_고가,1.0,0.0643267231752106
520169984,Q4_고가,0.0,0.026044459181535418
521322560,Q2,0.0,-0.013973347354506616
521662208,Q3,0.0,-0.03249474693080462
523076480,Q4_고가,,0.03363800665942658
523353024,Q3,1.0,0.044023620044436954
523388288,Q4_고가,0.0,0.03312248586904885
524253184,Q3,1.0,-0.006690400044608191
524733888,Q1_저가,1.0,0.07632351473142529
524887936,Q4_고가,,-0.016203358664354683
525556096,Q2,0.0,0.010259985434148328
525778816,Q1_저가,0.0,-0.020759364185256507
525801088,Q4_고가,1.0,0.02654596980160999
526146304,Q1_저가,0.0,-0.01386851817857998
526194560,Q4_고가,0.0,0.03189953908055135
527580992,Q3,,0.049482950524497415
527709056,Q2,0.0,0.03655549546767213
527770304,Q4_고가,1.0,0.0037738544855526746
527859392,Q1_저가,0.0,0.023805172701221095
527881664,Q4_고가,0.0,0.006644478851336233
529442560,Q4_고가,0.0,0.037583799504484317
529912128,Q1_저가,0.0,0.0327367733925501
530153408,Q4_고가,0.0,0.05067194128224162
530257344,Q4_고가,0.0,0.060822487415643056
530619264,Q3,1.0,0.023064511590563677
530958912,Q4_고가,0.0,0.01649491732621433
531818240,Q2,0.0,0.040546771704678686
532161600,Q3,0.0,0.018641669948584183
532232128,Q4_고가,,-0.014220848139203268
532313792,Q2,0.0,-0.07108529898763022
533785600,Q1_저가,0.0,0.04024843958799802
533986048,Q2,0.0,0.08556755435037322
534398080,Q1_저가,0.0,0.02220883415454944
535151616,Q4_고가,,0.0705883355856054
535645312,Q1_저가,,0.031710833858235976
535895872,Q3,0.0,0.03273330549031861
535929280,Q3,0.0,-0.054241064278684026
535999808,Q4_고가,1.0,0.06824353468173822
536489792,Q2,0.0,0.06008930574879692
536526912,Q4_고가,,0.013674496971527422
536614144,Q1_저가,0.0,0.04671128348283446
536851712,Q3,1.0,0.02423677174521087
536892544,Q2,0.0,0.01835881921557231
537211776,Q1_저가,0.0,-0.0615325592803434
537685056,Q3,1.0,0.07716410298770027
538421888,Q2,0.0,0.08752919530275227
538776384,Q4_고가,0.0,0.011546320807382382
538861760,Q4_고가,0.0,0.027346110596555895
538882176,Q3,1.0,-0.03324792775007307
539099328,Q1_저가,0.0,0.05487983291480292
539596736,Q2,,0.005979391932429329
539633856,Q4_고가,0.0,0.019362269983549285
539986496,Q3,0.0,-0.0399817911621857
540305728,Q4_고가,0.0,0.018130816529442095
540443072,Q4_고가,0.0,-0.016786580545136154
540541440,Q3,0.0,0.03325785908814785
540645376,Q4_고가,0.0,0.044816336819625394
540769728,Q4_고가,0.0,-0.004054078046561771
540773440,Q3,0.0,-0.014047129144948656
540834688,Q1_저가,0.0,0.04577610939485953
541150208,Q4_고가,0.0,0.03731737217913422
541222592,Q1_저가,0.0,0.01623598961017303
541306112,Q2,,0.018707098850284876
541649472,Q3,,0.05512369864847749
541716288,Q2,,0.003537242856979428
541805376,Q3,0.0,0.0840608181381386
542521792,Q1_저가,0.0,0.04606102950122529
542557056,Q3,0.0,-0.01646186975416325
542575616,Q4_고가,1.0,0.023645779205356987
542651712,Q3,0.0,-0.006852107975649724
542759360,Q2,,-0.003460891015634293
542770496,Q1_저가,0.0,-0.11300342363312643
542861440,Q3,0.0,-0.01678153126972448
543024768,Q1_저가,,0.03488286722220027
543058176,Q3,1.0,0.010141522483919863
543199232,Q4_고가,1.0,0.06656901966380657
543301312,Q3,,-0.03576045130299532
543325440,Q4_고가,0.0,-0.0016835553156227812
543462784,Q2,1.0,0.00792731549559203
543603840,Q4_고가,0.0,0.09826498463390423
543720768,Q4_고가,0.0,0.05772854150677431
543891520,Q4_고가,0.0,0.017359445729449002
544143936,Q2,1.0,0.054270523402603174
544340672,Q3,0.0,0.033773569607125575
544351808,Q3,0.0,0.03253784263657056
544570816,Q4_고가,0.0,0.1028485479668777
544626496,Q1_저가,0.0,0.037418813697363495
544901184,Q4_고가,0.0,0.03451970103943902
544917888,Q1_저가,0.0,0.06381963508858035
545045952,Q4_고가,0.0,-0.01337837369273892
545207424,Q3,,0.026050407561668876
545428288,Q1_저가,0.0,-0.0258368515960119
545480256,Q2,0.0,0.02943828887480604
545615744,Q4_고가,0.0,0.05836409294847614
545834752,Q1_저가,0.0,-0.11640713953878756
546038912,Q4_고가,0.0,0.06830366830126844
546087168,Q4_고가,0.0,0.03949821070207238
546116864,Q3,1.0,0.03477653188554127
546122432,Q1_저가,,-0.03378251303672519
546196672,Q1_저가,0.0,-0.010468931836249196
546393408,Q2,0.0,-0.10479419957369851
546543744,Q1_저가,1.0,0.01073550114736238
546554880,Q3,0.0,0.034320862676327835
546564160,Q1_저가,1.0,0.01008238533664102
547068992,Q1_저가,1.0,0.041517558634500615
547258304,Q3,1.0,0.023654381936134214
547273152,Q2,,-0.03476352139510208
547315840,Q1_저가,,0.045643202054089435
547334400,Q3,1.0,-0.0005132163432386011
547345536,Q3,0.0,0.029193348553591833
547451328,Q1_저가,1.0,-0.032349851653246
547455040,Q2,0.0,0.03712962914645557
547570112,Q1_저가,0.0,0.03293354793027467
547752000,Q2,0.0,0.0492397263933021
547833664,Q2,0.0,-0.006978112981174123
547919040,Q1_저가,0.0,0.03137639916997198
547954304,Q3,0.0,0.215415744696748
548171456,Q4_고가,0.0,-0.054675333681845295
548177024,Q4_고가,,0.016171474210816314
548293952,Q1_저가,0.0,0.017092106564683074
548438720,Q4_고가,0.0,0.03885089072300876
548557504,Q3,0.0,0.032315645495417655
548689280,Q4_고가,1.0,0.012459553920470934
548776512,Q1_저가,,0.00039940611094740897
548852608,Q1_저가,0.0,0.0364224564516198
548962112,Q3,0.0,0.11164729952152086
549116160,Q2,1.0,0.05249747177944751
549344448,Q4_고가,,-0.013345367598701752
549370432,Q1_저가,1.0,0.03969549557506852
549556032,Q2,0.0,0.020258478060349347
549619136,Q4_고가,0.0,0.0582705922171106
549626560,Q4_고가,,0.06818184642866687
549630272,Q2,,0.024235151391123644
549674816,Q3,0.0,-0.038487940345465654
549884544,Q3,0.0,0.07708120936470253
549975488,Q4_고가,0.0,-0.004800558880902292
549984768,Q4_고가,0.0,0.04912985154602445
550057152,Q2,0.0,-0.011532737517270325
550190784,Q2,0.0,-0.014165784122835756
550242752,Q3,0.0,0.00921465725535131
550285440,Q1_저가,0.0,0.012279325980840083
550287296,Q2,0.0,-0.011738217903376938
550458048,Q4_고가,0.0,0.01416438993956351
550888640,Q3,0.0,0.04561346667587958
550940608,Q4_고가,0.0,0.06733191868584926
551009280,Q2,0.0,0.07403060666568892
551079808,Q1_저가,0.0,0.021147140064197045
551126208,Q3,0.0,0.03358361229374088
551180032,Q2,0.0,-0.00834866023912384
551187456,Q1_저가,0.0,0.031000795445598986
551304384,Q2,0.0,-0.04775035999896943
551436160,Q1_저가,0.0,0.0514343787948815
551588352,Q3,0.0,0.00031191273084429927
551621760,Q3,,0.06219567674980135
551694144,Q2,0.0,0.028100962289960507
551736832,Q2,0.0,-0.00990668275247325
551863040,Q2,0.0,-0.012126564563895159
552070912,Q1_저가,0.0,0.05897076093094569
552124736,Q4_고가,0.0,0.030128342583701284
552228672,Q4_고가,0.0,-0.00862318574000509
552664832,Q2,0.0,0.019998205837416072
552670400,Q4_고가,1.0,0.010402464436205183
552729792,Q3,0.0,0.08531891400398472
553008192,Q1_저가,0.0,0.0055072837135444475
553065728,Q2,1.0,0.031803642015294176
553115840,Q1_저가,,0.030898230315841546
553225344,Q2,0.0,-0.01114502922452909
553331136,Q3,0.0,0.03809615168840075
553466624,Q3,1.0,0.09888211610318498
553680064,Q1_저가,0.0,0.03520201302738017
553720896,Q1_저가,1.0,0.044575277661360116
553793280,Q2,,0.0440919329412881
553817408,Q2,0.0,-0.03163705446437082
553835968,Q1_저가,0.0,0.07124791546360854
553874944,Q1_저가,0.0,0.04251632251362765
554028992,Q1_저가,0.0,0.031539357231215315
554045696,Q2,0.0,-0.03080907168293956
554155200,Q3,1.0,-0.004151663474061373
554166336,Q1_저가,0.0,0.03262557938123817
554216448,Q2,0.0,0.02735066039154621
554236864,Q3,0.0,-0.018631131112868404
554364928,Q3,0.0,-0.0035586565932146375
554437312,Q4_고가,,0.04430250854410922
554543104,Q3,0.0,-0.062167316324764854
554570944,Q4_고가,0.0,0.0528629550189304
554697152,Q2,0.0,-0.006438576293975984
555007104,Q1_저가,0.0,0.029839986822455256
555489664,Q1_저가,0.0,-0.004424362917941571
555597312,Q3,1.0,-0.1931975142114743
555608448,Q2,0.0,0.002913976899808546
555701248,Q2,0.0,-0.005152718149734836
555712384,Q3,0.0,0.008932419839459221
555987072,Q1_저가,0.0,-0.008057175800738586
556161536,Q1_저가,0.0,-0.04475493025709698
556167104,Q2,0.0,0.021259587286377127
556222784,Q2,1.0,0.031467780735476736
556323008,Q4_고가,0.0,0.07455475212116147
556484480,Q4_고가,0.0,0.03873345322847396
556742464,Q1_저가,0.0,0.020597757849147136
556775872,Q1_저가,0.0,-0.00982207825193665
556790720,Q3,0.0,0.04793091084397705
556913216,Q3,,0.008022871103344764
556952192,Q3,0.0,0.044360543259747975
557457024,Q3,1.0,-0.03045485490896649
557739136,Q1_저가,0.0,0.014256779560285843
557805952,Q1_저가,1.0,0.03096257810021441
557848640,Q1_저가,1.0,-0.0050668758371492095
557926592,Q2,,0.017784637831363942
558000832,Q3,,0.01826838014881549
558101056,Q4_고가,1.0,-0.015580573931284147
558108480,Q3,0.0,-0.0386407788761417
558136320,Q3,,-0.009099921099297026
558479680,Q3,0.0,0.026121188481121105
558490816,Q1_저가,0.0,0.0432015601946161
558711680,Q4_고가,1.0,0.02084742234049708
558769216,Q3,0.0,-0.0024846042928203804
558867584,Q2,0.0,-0.023679385677598308
558975232,Q4_고가,0.0,-0.0025179039901174205
559090304,Q3,0.0,-0.01481586524943318
559138560,Q4_고가,0.0,-0.024507811891664594
559196096,Q1_저가,,0.022898226387679188
559201664,Q3,0.0,0.0067314921028144015
559270336,Q1_저가,,-0.01533024921061621
559326016,Q1_저가,0.0,-0.12631123757940665
559348288,Q3,0.0,-0.14591423841291834
559387264,Q2,1.0,0.03886808675593878
559483776,Q4_고가,0.0,0.06688458846007939
559530176,Q3,1.0,0.02818496196714798
559552448,Q3,0.0,0.030336117575750415
559971904,Q2,0.0,0.16603488877574113
560448896,Q3,,0.013946979054260233
560597376,Q1_저가,0.0,-0.02446099530860768
560725440,Q1_저가,0.0,-0.03522817876903056
560812672,Q4_고가,0.0,0.06311322549903398
560823808,Q2,0.0,-0.01492526008992684
561020544,Q2,0.0,-0.029097024558478346
561061376,Q3,1.0,-0.0405234315861519
561072512,Q3,1.0,-0.05488433448471275
561152320,Q1_저가,,0.013318612858294346
561157888,Q1_저가,0.0,0.09285516279193895
561226560,Q1_저가,0.0,0.04070958100292345
561237696,Q2,0.0,0.022659506976276833
561391744,Q3,0.0,-0.00744529104962699
561449280,Q2,0.0,0.05971501811496871
561723968,Q3,0.0,0.009143851208579828
561848320,Q4_고가,0.0,0.0444660840748049
561937408,Q3,0.0,0.027717195240643977
562084032,Q1_저가,0.0,-0.05870620661632864
562124864,Q4_고가,0.0,0.024394367026832522
562173120,Q4_고가,0.0,0.004211543647415605
562301184,Q3,1.0,0.04804157130703469
562306752,Q2,0.0,0.026649913875010145
562314176,Q2,0.0,-0.017776585366128556
562538752,Q4_고가,1.0,0.004606191180059227
562540608,Q4_고가,0.0,0.062024820968007766
562561024,Q2,0.0,0.03369641350147312
562696512,Q2,1.0,-0.017993289631619835
562796736,Q3,0.0,0.025109498258811702
562817152,Q4_고가,0.0,-0.006383500545098064
562857984,Q3,,0.03328396942154366
562956352,Q3,,-0.03373892683714852
563010176,Q1_저가,0.0,-0.04538377140642
563284864,Q1_저가,0.0,-0.10846114272772717
563333120,Q1_저가,,0.0501321533224244
563444480,Q4_고가,0.0,0.00843094413769202
563522432,Q2,0.0,0.03379217143271429
563630080,Q2,0.0,0.020963625577611472
563704320,Q4_고가,1.0,-0.001220160280964555
563891776,Q1_저가,0.0,0.02166898007649891
563997568,Q3,1.0,-0.08311757397953595
564305664,Q2,0.0,0.025027898202610643
564309376,Q2,,0.00911526308016089
564426304,Q3,1.0,0.021522209010390925
564513536,Q3,0.0,0.08815950834156072
564572928,Q3,0.0,0.05368443147634083
564695424,Q3,0.0,0.05393513164860053
564916288,Q3,0.0,0.019613953356533487
564934848,Q2,0.0,-0.020759879527301184
564955264,Q1_저가,1.0,-0.053181417269254905
565010944,Q2,0.0,0.0398768476463921
565447104,Q1_저가,0.0,0.02663799206010964
565625280,Q4_고가,,0.037241004415777296
565686528,Q2,0.0,-0.029312566487444902
565898112,Q4_고가,0.0,-0.004102640502673172
565907392,Q2,0.0,0.026601896407706202
566078144,Q2,1.0,0.03105873691116967
566111552,Q3,,-0.036042929039823424
566202496,Q4_고가,0.0,-0.01221249114445494
566319424,Q3,1.0,0.09263532792694196
566356544,Q1_저가,,0.048576509967991344
566371392,Q4_고가,0.0,0.02990429023336566
566423360,Q4_고가,0.0,-0.030467149208706634
566479040,Q2,0.0,0.005458374663903781
566738880,Q4_고가,1.0,-0.057871068571062
566740736,Q3,0.0,0.050739754216505104
566783424,Q2,0.0,-0.028223300690234154
566794560,Q4_고가,0.0,0.036003064764033185
566928192,Q3,0.0,0.02074394683187486
566980160,Q2,0.0,-0.004249051987139041
567180608,Q2,0.0,-0.002223770748569831
567217728,Q2,0.0,0.014860139000502509
567412608,Q2,0.0,0.0043045099806675036
567520256,Q2,1.0,0.00855171981722036
567536960,Q4_고가,1.0,-0.019473442061314405
567548096,Q1_저가,0.0,0.05103824119434146
567637184,Q4_고가,0.0,0.015822415213050056
567676160,Q1_저가,0.0,0.04050352849088715
567785664,Q1_저가,0.0,-0.014072124975398281
567900736,Q2,0.0,0.041774661910417954
567939712,Q4_고가,0.0,0.1515655577236048
567971264,Q4_고가,1.0,0.04273956623072206
568218112,Q1_저가,0.0,0.036215189070788745
568472384,Q1_저가,1.0,-0.003024472328921085
568485376,Q4_고가,0.0,0.008146286410507408
568574464,Q4_고가,0.0,0.05821317012535965
568867712,Q4_고가,0.0,0.11258928965440096
569019904,Q3,1.0,0.0011721026363742393
569029184,Q1_저가,0.0,0.02984874434172513
569385536,Q2,0.0,-0.018640000126860762
569413376,Q2,0.0,0.004175695052295536
569548864,Q2,,0.00048291769883612723
569699200,Q3,1.0,0.052984541081638664
569849536,Q3,1.0,0.017683731773338957
570081536,Q3,,0.051584506897014326
570281984,Q4_고가,0.0,0.0386096141449488
570283840,Q1_저가,0.0,0.028398437278236197
570475008,Q3,0.0,0.01956222351740977
570493568,Q1_저가,0.0,0.031396295929392755
570499136,Q2,0.0,-0.06873861658102587
570500992,Q3,0.0,-0.04715264768327665
570578944,Q3,0.0,-0.07659471375701499
570838784,Q1_저가,1.0,0.01327860663979219
571198848,Q4_고가,1.0,0.014999363737087879
571358464,Q2,0.0,-0.05468068765910128
571419712,Q2,,0.05834642253819611
571612736,Q3,,0.04447682747449135
571690688,Q3,1.0,-0.045808735100930253
571818752,Q1_저가,1.0,0.01623860545829882
571842880,Q2,1.0,-0.07282506052454502
571943104,Q3,0.0,-0.002349686126329187
571946816,Q4_고가,,0.03429047289372533
571991360,Q2,0.0,0.016128934397222183
572008064,Q1_저가,0.0,0.018066350432150755
572052608,Q4_고가,1.0,0.029422439068170908
572175104,Q2,0.0,-0.0676528925045643
572193664,Q3,1.0,0.01199532223754507
572247488,Q3,0.0,0.044547937518684244
572421952,Q2,1.0,-0.024679541007232908
572427520,Q3,0.0,-0.009179388359850105
572499904,Q4_고가,0.0,0.04204372262979872
572603840,Q2,,0.03532598132845477
572859968,Q3,0.0,0.039558447147902465
572932352,Q3,0.0,0.017564181772733223
573017728,Q3,0.0,-0.009558162722957675
573270144,Q2,,0.029550917575110414
573336960,Q1_저가,0.0,0.0030009511236897823
573381504,Q4_고가,,-0.008870415619967154
573400064,Q4_고가,0.0,-0.006358618943500205
573439040,Q3,0.0,0.09805227753029944
573685888,Q1_저가,1.0,-0.03935191914623071
573789824,Q1_저가,0.0,0.003982974893083413
573834368,Q2,0.0,-0.011834914929716223
573852928,Q2,0.0,0.05710149926397223
573993984,Q2,0.0,-0.009239668430688686
574155456,Q3,1.0,0.12293582832490635
574289088,Q2,0.0,-0.011174137054236755
574439424,Q1_저가,0.0,0.004185218730770268
574680704,Q3,0.0,-0.0926193344979811
574844032,Q4_고가,0.0,0.054555598145214046
574883008,Q1_저가,0.0,0.03170309542053508
574884864,Q1_저가,0.0,0.03374717737010889
575146560,Q4_고가,0.0,-0.04096347799531003
575291328,Q4_고가,0.0,0.049199080572708165
575530752,Q2,,-0.02058317225659506
575582720,Q1_저가,0.0,-0.01285009662718159
575874112,Q1_저가,0.0,-0.04110908163158877
575881536,Q1_저가,0.0,0.030770946534532218
575937216,Q3,0.0,0.01762107534159818
575939072,Q4_고가,0.0,0.05782581341459728
575976192,Q4_고가,1.0,0.022382251994681468
576033728,Q3,1.0,-0.08121332829959715
576167360,Q2,0.0,0.010905763263991564
576339968,Q1_저가,1.0,-0.024398847609984564
576388224,Q4_고가,0.0,0.03800373276170688
576724160,Q3,1.0,0.03780253364247066
577008128,Q4_고가,1.0,0.021971269653402015
577028544,Q1_저가,0.0,-0.01221588408571922
577048960,Q1_저가,0.0,-0.01133965554535854
577076800,Q1_저가,0.0,0.037077306201131616
577089792,Q2,0.0,-0.004999568703039192
577145472,Q2,0.0,0.03323784062129376
577156608,Q2,,0.0653842032007742
577273536,Q1_저가,,0.03277690582095957
577548224,Q2,0.0,0.055259494257280786
577635456,Q2,0.0,0.05413103319356044
577824768,Q3,,0.012687324334707761
577988096,Q2,1.0,0.015904540094060615
578077184,Q2,1.0,0.027577572324056998
578108736,Q1_저가,1.0,0.028327231858206417
578218240,Q3,0.0,-0.0073416281302204345
578255360,Q4_고가,0.0,0.025842858340953442
578257216,Q3,0.0,-0.0055770892444299
578262784,Q3,0.0,0.022342834962723365
578368576,Q2,0.0,-0.024027001962340228
578530048,Q1_저가,1.0,-0.07684128866432904
578672960,Q1_저가,1.0,0.037911984289653415
578724928,Q2,0.0,0.007111749501994308
578763904,Q4_고가,1.0,0.05190892572045602
578849280,Q2,0.0,0.034149296148581865
578955072,Q3,,0.02393957343716846
579025600,Q2,0.0,0.04554306387667868
579123968,Q2,,0.02158869688484133
579183360,Q1_저가,,0.044867431997998426
579196352,Q1_저가,0.0,-0.0387085149899542
579278016,Q2,0.0,0.01686384793340523
579432064,Q1_저가,0.0,0.04079695826626201
579524864,Q3,1.0,0.003144551616613561
579556416,Q3,1.0,-0.054004657882820495
579675200,Q3,0.0,0.048398524336962984
579743872,Q4_고가,0.0,0.04204001721631398
579849664,Q3,0.0,0.04958077667427302
579998144,Q1_저가,0.0,0.013687377174011084
580005568,Q3,0.0,0.04746234840943997
580283968,Q2,0.0,0.1074461676462315
580395328,Q2,0.0,0.07476211581651498
580412032,Q2,0.0,0.0494634240886872
580486272,Q1_저가,0.0,-0.025982933974758704
580595776,Q1_저가,0.0,0.03186365834829208
580855616,Q4_고가,0.0,-0.0327781758947997
581061632,Q4_고가,0.0,-0.012916855209724187
581104320,Q3,0.0,-0.02390443504860107
581137728,Q3,0.0,-0.05757636069397376
581158144,Q1_저가,0.0,0.023093635396562673
581397568,Q1_저가,1.0,0.014052417078639662
581512640,Q3,,-0.06327738866189264
581586880,Q2,0.0,0.021650903957651818
581811456,Q4_고가,0.0,0.007228971233653292
581831872,Q3,1.0,-0.0006575798106213115
581913536,Q1_저가,,0.030468530357727328
582100992,Q1_저가,0.0,0.040223869914626995
582331136,Q2,1.0,-0.07523086649337618
582342272,Q2,0.0,0.059436671224390725
582375680,Q3,1.0,-0.022003512253321644
582739456,Q3,1.0,-0.011898097959722076
582926912,Q1_저가,0.0,-0.06458963164547427
583064256,Q3,0.0,0.008096565404844158
583318528,Q2,0.0,0.007946497288566334
583689728,Q2,,0.010546942954237415
583736128,Q2,0.0,0.02114564118110962
583827072,Q4_고가,0.0,0.007337404388603919
584059072,Q2,0.0,0.017060888321682177
584066496,Q3,0.0,0.03338511337933259
584450688,Q4_고가,1.0,0.011322208757490348
584521216,Q1_저가,,-0.018423254057060967
584641856,Q4_고가,0.0,-0.03153953716538649
584665984,Q4_고가,,0.05191276392240396
584706816,Q4_고가,1.0,0.06571897345543376
584736512,Q2,1.0,-0.030514592441247157
585092864,Q1_저가,0.0,0.027994641537043743
585167104,Q1_저가,0.0,0.016157483657683103
585282176,Q1_저가,0.0,-0.11292589444038503
585606976,Q3,0.0,0.04047550427205282
585788864,Q2,,-0.013395289980720926
585848256,Q1_저가,0.0,0.050166011173454025
586304832,Q2,0.0,0.03679865784929448
586711296,Q1_저가,,0.05418470169295797
586770688,Q2,0.0,0.02996249933439117
586817088,Q1_저가,0.0,0.09153013241386176
586932160,Q2,0.0,0.036687666371436056
587037952,Q4_고가,1.0,-0.010517950133770215
587253248,Q3,0.0,0.007450764155140899
587258816,Q1_저가,0.0,0.041045786546559195
587271808,Q4_고가,0.0,-0.0034031497835159408
587329344,Q1_저가,,0.029551374667356467
587420288,Q4_고가,0.0,0.017529887861675933
587427712,Q4_고가,1.0,0.008315295544310652
587563200,Q3,0.0,0.010332316627291505
587689408,Q4_고가,0.0,0.04645960766001611
587856448,Q2,,-0.02338344340828183
587891712,Q1_저가,,0.02843201242201296
588196096,Q1_저가,,0.045165176021756376
588209088,Q3,0.0,0.02812521855742829
588327872,Q4_고가,0.0,0.019820388369438197
588498624,Q1_저가,0.0,-0.009615309422647683
588619264,Q4_고가,1.0,-0.009827946917634556
588771456,Q4_고가,0.0,0.026159933983790226
588777024,Q4_고가,,0.002724886554084649
588862400,Q3,0.0,0.15325718684319656
589094400,Q3,1.0,0.06606782832770208
589534272,Q1_저가,,0.03081262164884989
589558400,Q4_고가,0.0,0.04324449793464291
589727296,Q2,0.0,-0.04126098472258066
589842368,Q3,0.0,0.05394935876871598
589940736,Q2,,-0.08164152311914208
589963008,Q1_저가,0.0,-0.0012603298000894714
590005696,Q3,0.0,0.01250767917476353
590302656,Q1_저가,0.0,-0.05383434631551237
590575488,Q1_저가,0.0,0.019985197006971933
590636736,Q4_고가,0.0,-0.0010325921550222439
590876160,Q2,0.0,0.012178788136939178
590967104,Q4_고가,0.0,0.06728381393119678
591043200,Q1_저가,0.0,0.04056347212622853
591137856,Q3,1.0,0.011117858220805021
591368000,Q4_고가,,0.06620645518681134
591444096,Q1_저가,0.0,-0.05144103294564961
591466368,Q4_고가,,0.050244893114577
591522048,Q4_고가,0.0,0.09201516873805005
591568448,Q2,1.0,-0.10976925924698139
591570304,Q2,0.0,-0.027001654975496503
591657536,Q4_고가,0.0,0.11590236833705247
591828288,Q4_고가,1.0,0.04458239192482896
591909952,Q4_고가,0.0,0.05309693329440926
591926656,Q3,0.0,-0.005018327678136841
592071424,Q1_저가,0.0,-0.017717948483912282
592164224,Q2,0.0,0.02743367402151542
592260736,Q4_고가,0.0,0.03216906226353036
592516864,Q4_고가,0.0,0.010922178874187227
592591104,Q4_고가,1.0,0.11038619740841848
592689472,Q2,0.0,0.010547626109079139
592789696,Q2,0.0,-0.023176894056443742
592888064,Q4_고가,0.0,0.01582997257301172
593068096,Q4_고가,0.0,-0.046681788062113705
593095936,Q1_저가,0.0,0.037582542259575885
593164608,Q1_저가,1.0,0.00911658594017846
593374336,Q4_고가,0.0,-0.012105755996907552
593519104,Q4_고가,0.0,0.031980496689413315
593526528,Q4_고가,,0.036475762977068726
593665728,Q2,,0.0013800285986613203
593669440,Q2,,0.0560870115714224
593777088,Q2,0.0,0.04188634206566111
593855040,Q3,,0.015058731364189226
593940416,Q4_고가,0.0,0.007509244443242191
594211392,Q4_고가,0.0,0.0488989983671792
594628992,Q2,1.0,0.03711484806512748
594638272,Q2,0.0,0.012234292264927532
594658688,Q4_고가,0.0,-0.0031284432405920826
594745920,Q4_고가,0.0,0.10668566123831924
595018752,Q1_저가,0.0,0.005557978228601296
595057728,Q1_저가,0.0,-0.026645016882121064
595068864,Q4_고가,0.0,0.0412889931269802
595408512,Q4_고가,1.0,-0.030934395890981736
595477184,Q1_저가,0.0,-0.036661282428558595
595551424,Q2,0.0,0.002564591400237015
595560704,Q1_저가,0.0,0.028392079330208236
595575552,Q4_고가,0.0,0.04087123807820925
595597824,Q4_고가,0.0,-0.020435502956626772
595690624,Q3,0.0,0.04233416396945944
595709184,Q3,,-0.015672492879082844
595724032,Q1_저가,0.0,0.026871329820037954
595883648,Q2,,0.005551542478952232
596275264,Q3,0.0,0.011990661717762613
596416320,Q1_저가,1.0,-0.009289997182933635
596473856,Q1_저가,0.0,0.06832756877996914
596653888,Q3,0.0,-0.03509608347783816
596726272,Q3,0.0,0.01567744440968466
596982400,Q3,0.0,0.032775592603703885
597578176,Q3,,-0.11777795765032001
597832448,Q3,0.0,-0.004846391907780578
597943808,Q4_고가,0.0,0.12530599171221446
597979072,Q1_저가,0.0,0.03947377880553288
597980928,Q2,0.0,-0.02633835917347066
598140544,Q1_저가,,0.03376422940700405
598329856,Q1_저가,0.0,-0.021542687470596594
598340992,Q3,1.0,-0.02411632313065104
598350272,Q3,0.0,0.027074100203064222
598361408,Q1_저가,0.0,0.0240394872678662
598548864,Q3,0.0,-0.021015182677421862
598556288,Q2,0.0,0.010206682892942243
598598976,Q4_고가,,0.025364607527424088
598621248,Q2,0.0,0.02216273227779003
598715904,Q1_저가,0.0,-0.06400550048839543
598801280,Q1_저가,0.0,0.048074696530760075
598905216,Q3,0.0,0.041036558144326496
598907072,Q2,0.0,0.02363821434197866
598944192,Q3,0.0,-0.008263693580676135
598955328,Q4_고가,0.0,0.02158639283743019
599020288,Q4_고가,0.0,-0.029515477826819958
599057408,Q3,0.0,-0.04807637781441643
599072256,Q2,1.0,0.03746947256187494
599155776,Q4_고가,,0.04332245767454928
599402624,Q1_저가,,0.0302407485832165
599449024,Q2,0.0,-0.028149197492209344
600334336,Q2,0.0,-0.0014924161415021953
600349184,Q2,0.0,-0.0594169369144818
600423424,Q2,0.0,0.015888577076652366
600889280,Q4_고가,,-0.0018629700907498714
600930112,Q2,1.0,0.06155202673148236
601099008,Q2,1.0,0.07153309134111055
601399680,Q4_고가,0.0,0.037981373172477184
601559296,Q4_고가,0.0,0.03142350853676944
601639104,Q4_고가,0.0,0.04193155595028697
601763456,Q2,0.0,0.046049566287502175
601898944,Q1_저가,0.0,0.08832064144559174
602060416,Q4_고가,0.0,0.033808338233112634
602181056,Q2,0.0,0.025290452434655553
602233024,Q3,0.0,0.0002758593919282015
602246016,Q4_고가,1.0,0.08025536137733025
602307264,Q1_저가,0.0,-0.0013050700619845479
602344384,Q1_저가,1.0,0.029771446946850452
602377792,Q2,0.0,0.03385535767011816
602522560,Q3,0.0,0.041213690240236744
602529984,Q2,0.0,-0.04860483964616691
602786112,Q3,0.0,0.04477048190458233
602821376,Q1_저가,1.0,-0.045139515271818476
603222272,Q1_저가,,0.0015199581738501444
603253824,Q4_고가,0.0,-0.0026461085048371247
603383744,Q3,0.0,0.042662521867370184
603415296,Q2,1.0,-0.007510476922744369
603424576,Q1_저가,0.0,0.030498188220586947
603730816,Q2,0.0,-0.08316159873880213
603860736,Q3,1.0,-0.055484377480427505
604020352,Q2,0.0,0.03277620350822662
604120576,Q1_저가,0.0,0.014914705346879192
604424960,Q4_고가,0.0,-0.008613681928508865
604445376,Q4_고가,0.0,0.02185674178058547
604532608,Q2,0.0,0.048011083680102984
604606848,Q1_저가,,0.03104032618738034
604903808,Q1_저가,1.0,0.0034538591126404006
605271296,Q4_고가,0.0,0.08139126972851107
605471744,Q3,0.0,-0.00023822649142557495
605683328,Q4_고가,0.0,-0.0015692598644653222
605796544,Q4_고가,,-0.029194122681694468
605937600,Q3,0.0,0.050873316085059975
606034112,Q2,0.0,0.024657430468187913
606139904,Q2,1.0,-0.006922155124605367
606190016,Q4_고가,,0.08509097114587097
606271680,Q3,0.0,0.009747495446517124
606292096,Q4_고가,,-0.019283339721838766
606620608,Q3,,0.11940561203155264
606635456,Q2,0.0,0.04236150662683098
606854464,Q3,0.0,-0.001488021731381517
606878592,Q1_저가,0.0,0.0061329715442846044
606984384,Q4_고가,1.0,-0.05877904507237919
607028928,Q1_저가,,-0.014918400452494485
607101312,Q4_고가,0.0,0.1404924052352261
607121728,Q4_고가,0.0,0.05019649738120689
607376000,Q3,,0.03343156649371103
607611712,Q1_저가,0.0,0.028061925220624062
607852992,Q1_저가,1.0,-0.0073928360752924804
607862272,Q1_저가,0.0,0.05462082967883973
608072000,Q1_저가,,-0.020478453149442966
608114688,Q3,0.0,-0.033267474139800135
608316992,Q2,0.0,-0.06349429460335754
608469184,Q3,0.0,-0.08537614965202012
608489600,Q2,0.0,-0.07034417512034119
608647360,Q3,0.0,0.03182367303756464
609161472,Q4_고가,0.0,0.02260996893122169
609265408,Q3,0.0,0.056890662724037644
609278400,Q1_저가,0.0,-0.0004221065927380585
609575360,Q3,,0.014283309461764149
609653312,Q3,0.0,0.06432198317465343
609751680,Q4_고가,0.0,0.011024811208869445
609753536,Q3,0.0,-0.001984294668431086
609892736,Q2,0.0,0.02920644693272058
609900160,Q4_고가,1.0,0.021541268984650808
610074624,Q2,0.0,0.03840924499726962
610132160,Q3,0.0,0.050138319158027245
610310336,Q1_저가,,0.021232583134935673
610419840,Q4_고가,0.0,0.01796056926473022
610484800,Q1_저가,0.0,-0.024679028351237975
610534912,Q1_저가,0.0,-0.0035717795861011092
610607296,Q4_고가,0.0,0.14166967568949418
610612864,Q2,0.0,0.007055696926459465
610794752,Q1_저가,0.0,0.018414099792675262
610891264,Q2,,-0.06411870277353127
610909824,Q2,0.0,-0.04517822701930568
610924672,Q4_고가,0.0,0.04162911227836619
610937664,Q1_저가,0.0,0.030447752745504778
610997056,Q3,0.0,0.02270291642244837
611203072,Q2,0.0,0.07035285288455212
611282880,Q2,0.0,0.033424597488258004
611307008,Q2,0.0,-0.016783127695354172
611329280,Q2,0.0,-0.09878271984852793
611331136,Q3,0.0,0.017060330858148065
611466624,Q2,,0.043802481994252185
611548288,Q2,0.0,-0.017143403406727487
611583552,Q3,0.0,0.007401107230844639
611748736,Q1_저가,0.0,0.028873319414222026
611837824,Q1_저가,0.0,-0.07659250055716504
611900928,Q2,1.0,0.013739088720099296
612036416,Q4_고가,0.0,-0.005230624360888392
612056832,Q3,0.0,-0.0037141162858970733
612214592,Q2,0.0,0.022381990922437228
612244288,Q3,0.0,0.0021811234901433496
612277696,Q2,0.0,0.014848286309191605
612316672,Q3,0.0,0.0018494591199661459
612702720,Q2,0.0,0.04824733131798856
612873472,Q2,0.0,-0.007418466289559084
613072064,Q1_저가,0.0,-0.021720191452960863
613279936,Q2,0.0,0.03601477894611797
613437696,Q4_고가,0.0,-0.019981878003388187
613521216,Q1_저가,1.0,0.025189359564053743
613625152,Q3,,-0.08934727462999575
613677120,Q3,0.0,-0.012291077851295601
613959232,Q3,,0.039105879794735315
614007488,Q1_저가,,-0.013452039974600483
614434368,Q2,0.0,-0.09115447827609813
614603264,Q1_저가,1.0,-0.012646669236863972
614614400,Q4_고가,0.0,0.010047124897107504
615228736,Q2,0.0,0.06126304776763457
615284416,Q2,1.0,0.03338054639999731
616078784,Q2,,0.031746688830628644
616151168,Q4_고가,0.0,0.028270620962732848
616364608,Q4_고가,0.0,0.05993555791946448
616574336,Q3,,0.0001002430519753128
616680128,Q3,0.0,0.03597157856492328
617066176,Q1_저가,0.0,-0.0487029398633404
617151552,Q4_고가,0.0,0.07515307696112827
618144512,Q1_저가,1.0,0.02708239761156439
618272576,Q1_저가,0.0,0.14610943785767733
618599232,Q2,0.0,0.055054965968765246
618686464,Q2,0.0,-0.023157686130324318
618756992,Q1_저가,0.0,0.0025701528013438307
618868352,Q1_저가,0.0,0.008914205670341485
618946304,Q3,1.0,0.0319412731626747
619118912,Q1_저가,0.0,0.029424605288400962
619126336,Q1_저가,0.0,-0.03075713175524497
619128192,Q1_저가,0.0,0.042434102308822476
619282240,Q2,0.0,0.015181344009472353
619324928,Q1_저가,,0.008575876599551668
619349056,Q3,0.0,0.01789979931763741
619441856,Q2,,-0.006170770491941424
619627456,Q2,0.0,0.006890395576088726
619781504,Q4_고가,,-0.008730335422977409
619933696,Q3,,0.013468003808882356
620228800,Q3,0.0,0.02591896521138652
620303040,Q1_저가,1.0,0.05568641247718757
620724352,Q3,,-0.0025886534663182026
620935936,Q3,,0.02905893860247244
621227328,Q4_고가,,-0.04147299303903637
621310848,Q1_저가,,-0.019147824284230563
621498304,Q3,1.0,-0.09131455582589743
621546560,Q1_저가,1.0,0.02194671890171869
621557696,Q1_저가,0.0,0.06370391401165945
621600384,Q1_저가,0.0,0.03284661087649822
621908480,Q2,0.0,0.025457963755886673
622038400,Q1_저가,0.0,-0.07542394716989337
622066240,Q3,0.0,0.00948195896122947
622155328,Q2,0.0,-0.005119909225101776
622199872,Q3,0.0,0.06375744815009537
622236992,Q3,,0.12991913630420493
622288960,Q1_저가,1.0,-0.033447672160751896
622307520,Q4_고가,0.0,0.018993029835849218
622502400,Q1_저가,0.0,-0.012369649736243049
622912576,Q2,,-0.036409493857411324
622920000,Q3,1.0,-0.059975173368339574
623092608,Q2,0.0,0.05561211500980762
623094464,Q4_고가,0.0,0.03657095150249845
623304192,Q2,0.0,0.043410677255314986
623725504,Q1_저가,0.0,0.060616524581443426
623822016,Q3,0.0,-0.1112597165429427
623870272,Q1_저가,1.0,-0.043172913015129155
624083712,Q1_저가,0.0,0.027425729864668166
624154240,Q2,,-0.02153037493043869
624187648,Q1_저가,0.0,-0.041482138256984324
624198784,Q4_고가,1.0,-0.0014280478167647132
624419648,Q1_저가,1.0,0.042542728134257954
624477184,Q4_고가,1.0,0.06081588510763514
624514304,Q4_고가,0.0,0.03195300311924737
624531008,Q4_고가,0.0,0.015602473704072972
624562560,Q1_저가,0.0,0.027947033558154394
624586688,Q4_고가,0.0,0.013274395900473884
624627520,Q2,,-0.00294514498415116
624733312,Q3,0.0,-0.01281205291124371
624788992,Q1_저가,,0.012009083878530849
624918912,Q3,,0.02432839032814299
624935616,Q1_저가,1.0,0.0317272268088004
625071104,Q3,0.0,0.09883155301434166
625199168,Q3,,0.03020890363754629
625260416,Q4_고가,,0.010424538555127705
625273408,Q3,1.0,0.049536405186132414
625293824,Q1_저가,0.0,-0.01132239750818187
625529536,Q4_고가,0.0,0.010425861264097294
625702144,Q4_고가,,0.0021969033889585043
625839488,Q3,0.0,0.16891317268631678
626257088,Q2,,0.007144207312182127
626320192,Q1_저가,0.0,0.05093002619501463
626531776,Q3,1.0,0.04901899626194506
626711808,Q4_고가,,0.02378800857109664
626767488,Q1_저가,1.0,-0.08182677564432683
626891840,Q1_저가,0.0,0.061401943224480726
627107136,Q3,0.0,-0.014699861521950824
627123840,Q2,0.0,0.017364500713486386
627407808,Q1_저가,0.0,0.03936941445855838
627459776,Q4_고가,,-0.06296398174373075
627498752,Q1_저가,0.0,0.04209904211319984
627652800,Q1_저가,1.0,-0.07606112024374878
627875520,Q4_고가,,0.04866963616042308
628033280,Q1_저가,0.0,-0.04770086202548074
628307968,Q1_저가,0.0,0.04286308403994579
628389632,Q2,0.0,0.018819708924160405
628447168,Q1_저가,,0.005636034781348553
628463872,Q1_저가,0.0,0.03783841433051571
628577088,Q1_저가,,-0.03291858862298208
628647616,Q1_저가,0.0,0.023337590562532276
628926016,Q2,0.0,0.03401191422829672
629080064,Q2,0.0,0.0023262155025056686
629180288,Q1_저가,0.0,0.03284696873088022
629226688,Q4_고가,1.0,0.0072575281776382505
629243392,Q1_저가,0.0,0.028872002844959027
629282368,Q3,1.0,0.02802409162617403
629367744,Q1_저가,0.0,0.02472936354057842
629549632,Q2,,-0.01826420142015661
630225216,Q3,,-0.04538595291427072
630455360,Q1_저가,1.0,-0.01127124125854978
630494336,Q1_저가,0.0,0.005787670601072881
630503616,Q1_저가,1.0,0.05756272279354857
630559296,Q2,1.0,0.010326394025162888
630772736,Q3,0.0,-0.03461499200769913
630798720,Q4_고가,0.0,-0.011047656134171135
630839552,Q4_고가,0.0,0.019072179296300007
630850688,Q2,0.0,-0.0453343137849144
630943488,Q3,1.0,0.03967181696589328
631210752,Q4_고가,,0.013292292497319655
631260864,Q2,0.0,0.05484229780326799
631405632,Q2,0.0,-0.0033518090611212026
631620928,Q1_저가,,0.02909143178965208
631650624,Q4_고가,0.0,-0.01662863860427735
632090496,Q2,0.0,-0.05276114885898975
632359616,Q2,,0.0004184206281495073
632367040,Q4_고가,0.0,0.10065563631266838
632758656,Q1_저가,0.0,0.030718555148540716
632903424,Q2,0.0,0.002173508711110328
632940544,Q1_저가,0.0,0.0667813671923658
633241216,Q4_고가,,0.01951306345472624
633501056,Q4_고가,0.0,-0.03870019235056443
633536320,Q4_고가,0.0,-0.0038360244363665474
633608704,Q3,,0.031558359711603395
633647680,Q1_저가,0.0,0.011617730526897685
633933504,Q2,0.0,-0.00319577427480236
634453184,Q4_고가,1.0,0.036667234373097934
634685184,Q2,0.0,0.06449983949735506
634714880,Q3,0.0,0.013860560361913965
635076800,Q4_고가,0.0,0.00013610113923095968
635182592,Q4_고가,0.0,0.020735482904666855
635212288,Q3,0.0,0.15469184391941782
635332928,Q4_고가,0.0,0.035856882911315606
635488832,Q2,0.0,0.02890242277071224
635494400,Q1_저가,0.0,0.03523594625084231
635635456,Q2,1.0,-0.0033575952412773225
635659584,Q4_고가,0.0,-0.017406699157532235
635665152,Q1_저가,0.0,0.04349045714741758
635800640,Q2,0.0,0.011560786116632221
635902720,Q2,,0.10706918929527265
635952832,Q2,1.0,0.015849168688365126
636027072,Q4_고가,0.0,0.013493405841702263
636105024,Q1_저가,0.0,0.021089990276510068
636160704,Q2,0.0,-0.005865297185894569
636324032,Q1_저가,,0.058887614753632744
636396416,Q2,0.0,-0.056029718998417744
636398272,Q2,,0.07214400912905988
636411264,Q4_고가,0.0,0.03303269598859561
636416832,Q2,0.0,0.024183721746840692
636418688,Q3,0.0,-0.01751344867757873
636496640,Q1_저가,1.0,0.014483880813333572
636702656,Q3,0.0,0.07056015668514226
636788032,Q2,0.0,0.020452012876281844
636793600,Q1_저가,1.0,0.04641519053483979
636852992,Q1_저가,0.0,0.044913275527502516
636962496,Q2,0.0,-0.010481406715797448
637051584,Q1_저가,0.0,0.05092241333233921
637090560,Q2,0.0,0.031161641767716464
637103552,Q3,1.0,0.06549071113182026
637443200,Q4_고가,1.0,0.0209006337736983
637584256,Q2,0.0,-0.09488069794439769
637840384,Q4_고가,,-0.01475075101871981
637883072,Q4_고가,0.0,0.05471436259110529
638050112,Q4_고가,,0.0137958403825416
638345216,Q1_저가,,0.029829617864577176
638432448,Q1_저가,1.0,0.07207449724524412
638475136,Q4_고가,,0.010795844183477038
638573504,Q4_고가,0.0,-0.0012920845547128579
638612480,Q4_고가,0.0,-0.009775121563688483
638801792,Q1_저가,0.0,0.023974462992219142
639020800,Q1_저가,0.0,0.030749789547982367
639109888,Q3,0.0,0.00266509540910842
639208256,Q4_고가,0.0,0.04510952883692872
639243520,Q1_저가,0.0,-0.08505457374838588
639297344,Q1_저가,0.0,0.018053027441421968
639557184,Q4_고가,0.0,0.042458535552852186
639605440,Q3,1.0,-0.05298493757274414
639681536,Q2,0.0,0.02230552129744187
639726080,Q1_저가,0.0,0.04239021189454043
639817024,Q3,0.0,0.02207596043597128
639844864,Q1_저가,0.0,0.03257254926584903
640106560,Q4_고가,1.0,0.04940356808881931
640594688,Q1_저가,0.0,-0.07094465581615189
640668928,Q1_저가,0.0,-0.020878635753191488
640848960,Q2,0.0,0.014975150396502879
640962176,Q2,0.0,0.035222503002020414
641043840,Q3,0.0,0.015564468995541092
641077248,Q2,0.0,-0.0004277290043508686
641212736,Q2,0.0,0.017249998311434867
641218304,Q4_고가,0.0,-0.01986925499030001
641223872,Q4_고가,0.0,-0.005920137528821479
641281408,Q2,0.0,0.053588676674016233
641390912,Q2,0.0,0.031293086667072256
641678592,Q4_고가,0.0,0.04045837429518381
641680448,Q3,0.0,0.06597663498300912
641686016,Q2,1.0,-0.04508139810895001
641840064,Q3,0.0,0.048173593050419905
642213120,Q1_저가,0.0,0.015787391875396073
642322624,Q2,0.0,0.0071387539949618745
642489664,Q3,0.0,0.0917018286601618
642790336,Q1_저가,0.0,0.012580055527317127
642974080,Q2,0.0,-0.033612315605354603
643078016,Q3,0.0,0.04255072615770025
643202368,Q2,,0.06972926207067731
643235776,Q2,0.0,0.010361659852492267
643297024,Q3,0.0,-0.00013075018244407266
643304448,Q4_고가,0.0,0.06457738587932699
643308160,Q3,1.0,0.038169874493505715
643387968,Q2,,0.05048004597520525
643408384,Q3,0.0,0.014060067391041986
643562432,Q1_저가,1.0,0.0396928375156127
643575424,Q4_고가,,-0.001366830865999702
643640384,Q1_저가,1.0,0.013676247704234937
644096960,Q1_저가,1.0,0.019315235833110678
644150784,Q1_저가,1.0,0.01520012062062237
644189760,Q4_고가,0.0,0.004214220863135831
644215744,Q4_고가,,0.03557317501502921
644468160,Q4_고가,0.0,-0.02417158239581152
645065792,Q4_고가,0.0,0.0914281303585186
645173440,Q1_저가,0.0,0.018212599243405445
645188288,Q3,1.0,0.02753701640354489
645305216,Q1_저가,0.0,0.008671619258558472
645375744,Q3,0.0,0.055259731153683544
645403584,Q3,0.0,0.018876943356934336
645743232,Q2,,0.01808088522004092
646019776,Q4_고가,0.0,0.00710775002966435
646081024,Q3,0.0,-0.12427546231284348
646305600,Q3,0.0,0.013466936826016157
646337152,Q4_고가,0.0,0.019464304110328887
646543168,Q1_저가,1.0,0.02759156703546345
646634112,Q2,,0.0564359670734956
647281856,Q2,,0.001763118129411989
647348672,Q3,,0.01727515738907809
647562112,Q1_저가,0.0,-0.047506621258182835
647820096,Q1_저가,0.0,0.006333475229651331
647951872,Q2,0.0,0.06868472601875075
648042816,Q3,0.0,0.03501863677272002
648395456,Q2,0.0,0.06261813568979846
648456704,Q4_고가,0.0,0.029585220515434565
648536512,Q3,0.0,0.024273180262241623
648820480,Q3,0.0,0.029411395807393964
648907712,Q2,,-0.0015733136683299676
649028352,Q3,0.0,-0.010719175416757598
649225088,Q1_저가,1.0,0.002454932432149781
649327168,Q3,,0.05803941989000838
649364288,Q2,0.0,-0.07780467114355372
649646400,Q1_저가,1.0,-0.014307943038750826
649807872,Q4_고가,0.0,0.040580275257228515
649999040,Q4_고가,0.0,0.038352353864415545
650080704,Q3,0.0,0.04883347343252299
650192064,Q4_고가,0.0,-0.03382891636787955
650364672,Q1_저가,1.0,0.038590967570661716
650418496,Q4_고가,0.0,0.0076094542207704174
650663488,Q2,,-0.05220216201202707
650852800,Q2,0.0,0.02003059056374279
650958592,Q3,0.0,0.031714181828171095
651353920,Q3,0.0,0.03989402416845883
651365056,Q1_저가,0.0,0.018677679295573457
651472704,Q1_저가,0.0,0.0001411097924993443
651541376,Q4_고가,0.0,0.12635411485287174
651552512,Q4_고가,0.0,0.03139832955226218
651799360,Q1_저가,0.0,0.026984172711729815
651866176,Q4_고가,0.0,0.019325922852221233
651884736,Q2,1.0,0.025647701483935026
651975680,Q1_저가,0.0,-0.08689604152420011
652051776,Q3,1.0,0.01934597712783831
652116736,Q1_저가,0.0,0.03359714184088865
652213248,Q3,0.0,0.03130920240599855
653026176,Q1_저가,0.0,0.02108856177032592
653076288,Q1_저가,,0.032760899094409185
653306432,Q3,0.0,0.04790452972812505
653310144,Q1_저가,,-0.05811967907343596
653443776,Q3,0.0,0.022523246534616237
653597824,Q4_고가,1.0,0.04284595285829651
653636800,Q3,0.0,0.032163445602399976
653655360,Q3,,0.0353290540865808
653712896,Q2,,0.03216863062513067
653852096,Q2,,-0.003036827421716626
653896640,Q2,0.0,0.038225726538430926
654008000,Q2,0.0,0.03761824522227901
654106368,Q3,0.0,0.037139225126909314
654219584,Q2,1.0,0.09007533805274992
654282688,Q1_저가,1.0,0.018731128815919013
654316096,Q4_고가,0.0,-0.022688751712100275
654562944,Q3,0.0,0.02450395042107438
654568512,Q1_저가,0.0,-0.05100670667222812
654663168,Q4_고가,0.0,0.05075974555033447
654759680,Q1_저가,0.0,-0.07317189521820999
654809792,Q3,0.0,0.01851111086358359
654906304,Q1_저가,,-0.044436333268511596
655123456,Q2,0.0,-0.0645967675120604
655364736,Q1_저가,0.0,-0.016254268470056954
655489088,Q1_저가,,-0.014898561673926669
655659840,Q4_고가,0.0,-0.04624567959987935
655730368,Q4_고가,,0.07733714074432063
655938240,Q2,0.0,-0.0031742505444891655
655973504,Q2,1.0,-0.0005472493643774168
656077440,Q2,0.0,0.02074144863553673
656404096,Q2,,0.014956483573931645
656491328,Q1_저가,0.0,0.019177129036128004
656572992,Q1_저가,1.0,0.037360866418274526
656632384,Q1_저가,1.0,-0.06791746599005566
656673216,Q4_고가,,-0.04379412428552032
656819840,Q3,0.0,0.0175670434007813
656933056,Q4_고가,1.0,0.0970523087157571
656936768,Q3,0.0,-0.08787577177095512
657163200,Q2,0.0,0.06362642097503357
657319104,Q1_저가,1.0,0.005177237108666258
657365504,Q4_고가,1.0,-0.008870040745791674
657367360,Q2,0.0,0.019677311380895568
657506560,Q2,0.0,-0.046188269141734684
657580800,Q1_저가,0.0,0.03069945378406081
657617920,Q4_고가,0.0,0.028278366325406576
657703296,Q2,,0.025353345293748886
657720000,Q2,0.0,0.007811201292708847
657812800,Q2,0.0,0.03812553935609822
658100480,Q4_고가,0.0,-0.03784016469166074
658276800,Q4_고가,1.0,0.02134691375368769
658377024,Q2,0.0,-0.014264526314574366
658390016,Q4_고가,0.0,0.022002018491147468
658497664,Q1_저가,0.0,0.005075780291169771
658518080,Q2,0.0,-0.02889637791841934
658534784,Q3,0.0,-0.030239689666282876
658596032,Q3,0.0,-0.03534250463020361
658978368,Q1_저가,1.0,-0.050381978115970005
658982080,Q4_고가,0.0,0.040019534728516576
659106432,Q2,,0.06696673616332027
659236352,Q1_저가,0.0,-0.02427255983089871
659446080,Q4_고가,1.0,-0.013289463141595959
659570432,Q2,0.0,-0.029798925936302623
659587136,Q4_고가,0.0,0.013027568190866479
659793152,Q4_고가,0.0,0.005043186631218388
659854400,Q1_저가,1.0,-0.06852335797832698
659988032,Q3,0.0,0.03905140759999093
660047424,Q1_저가,0.0,0.05309707642250005
660054848,Q3,0.0,0.03208523052836297
660136512,Q2,0.0,0.024309654014988524
660351808,Q3,0.0,0.04497043496561462
660416768,Q4_고가,0.0,0.03687544564310952
660541120,Q1_저가,0.0,0.013988981780205467
660886336,Q4_고가,,-0.04821674998813208
661058944,Q1_저가,0.0,0.05295023324355305
661103488,Q1_저가,,0.015988440628547096
661157312,Q2,1.0,-0.007366301120621865
661281664,Q1_저가,0.0,0.05445689091146222
661303936,Q4_고가,0.0,0.1673998924480909
661933120,Q3,1.0,-0.06458250298215401
661951680,Q2,0.0,0.021190371388835533
662022208,Q3,1.0,0.044300398467152294
662059328,Q1_저가,,0.02739427305785684
662150272,Q4_고가,0.0,0.03906758981254954
662161408,Q2,0.0,-0.005825859048431581
662224512,Q2,0.0,0.001983123999404701
662486208,Q1_저가,0.0,-0.0025540107567467996
662617984,Q4_고가,,0.04756837334516645
662627264,Q4_고가,0.0,-0.008761373938818567
662855552,Q3,1.0,0.07112612621909087
663015168,Q4_고가,0.0,0.020146773853477185
663044864,Q3,0.0,0.044649290512706025
663137664,Q4_고가,0.0,0.0120307389262473
663304704,Q4_고가,0.0,0.02686690345059095
663351104,Q3,0.0,0.015898704471592667
663434624,Q2,0.0,-0.010115832869896535
663551552,Q2,,0.04590097393021572
663627648,Q3,,0.0019466259726349522
663685184,Q2,0.0,-0.04228554653778405
663824384,Q3,,0.05515322519796528
663835520,Q4_고가,0.0,-0.02609783856529585
663891200,Q3,1.0,-0.05555140905361633
664035968,Q2,0.0,-0.024845771333289024
664178880,Q3,0.0,-0.06406560646985382
664305088,Q2,1.0,0.026836751157802416
664329216,Q2,0.0,0.03777900444187718
664566784,Q4_고가,0.0,-0.018905410594236366
664813632,Q1_저가,0.0,0.01786836202877376
664906432,Q4_고가,,0.06687624276954252
664965824,Q4_고가,1.0,0.027745604029413534
665491072,Q3,,0.0054501244504723545
665737920,Q2,0.0,0.009498106726996691
665799168,Q3,0.0,-0.062227265129466414
665934656,Q3,0.0,0.046758353671007974
666046016,Q4_고가,0.0,0.038768080331825674
666086848,Q1_저가,0.0,0.002768778089477786
666357824,Q4_고가,0.0,0.033796464635888035
666762432,Q2,,-0.006827810071459106
666825536,Q4_고가,1.0,0.03989704097033164
666940608,Q2,0.0,-0.009348688624836732
667074240,Q1_저가,0.0,0.026831528273785724
667206016,Q4_고가,0.0,-0.0017555970356465944
667311808,Q3,1.0,0.016581667959473467
667566080,Q4_고가,,-0.03172409887571337
667605056,Q2,0.0,-0.013712352849694631
667696000,Q2,0.0,0.00467263882237362
667989248,Q3,0.0,0.03870623912545984
668078336,Q2,0.0,-0.08423745267665561
668135872,Q1_저가,0.0,-0.026444681590554964
668237952,Q2,,-0.026503667778318418
668315904,Q1_저가,1.0,0.06161299270136805
668327040,Q2,0.0,0.05351724280945147
668377152,Q3,0.0,0.019917710901371524
668481088,Q1_저가,0.0,0.04510902894263043
668863424,Q1_저가,1.0,0.04525400566706256
669054592,Q1_저가,,-0.007888794579296782
669095424,Q2,0.0,0.04243141756713695
669158528,Q2,0.0,-0.031094913597508267
669206784,Q3,0.0,0.042927600675549335
669227200,Q3,,0.06323684812634234
669294016,Q1_저가,0.0,0.008452367541597783
669340416,Q2,0.0,-0.027796400361967843
669362688,Q3,1.0,0.030868023338699424
669401664,Q3,0.0,-0.0540803931566117
669531584,Q3,0.0,0.016252547068940124
669609536,Q1_저가,0.0,0.023663034295470745
669631808,Q1_저가,0.0,0.026157359981285683
669685632,Q4_고가,0.0,0.041339296714212895
669975168,Q4_고가,,0.0333655169714315
670350080,Q4_고가,,0.02101168761179771
670355648,Q3,1.0,-0.0009297841194051415
670420608,Q4_고가,0.0,0.019803699589244134
670539392,Q4_고가,0.0,-0.003611335063641641
670548672,Q1_저가,0.0,-0.03664716098585785
670730560,Q3,0.0,0.06733245537958452
670758400,Q3,1.0,-0.06706436134828342
670762112,Q2,0.0,0.04030778156854126
670771392,Q4_고가,0.0,0.025103738368377454
671025664,Q3,1.0,-0.01102469340130452
671174144,Q2,0.0,0.022886338812391438
671925824,Q1_저가,0.0,-0.007677614791332971
671985216,Q4_고가,1.0,0.04169170879931547
672490048,Q3,0.0,0.004030900120957637
672666368,Q3,0.0,0.017925756148835403
672729472,Q1_저가,0.0,0.06349581509644386
672811136,Q3,0.0,-0.019537914710701043
672877952,Q3,0.0,-0.0016874427327257663
673098816,Q3,0.0,-0.08868805325823736
673161920,Q4_고가,,-0.027223038292437773
673282560,Q4_고가,0.0,0.012511715830039405
673293696,Q2,0.0,-0.05327839425565428
673494144,Q2,,-0.024917176571345234
673577664,Q1_저가,0.0,0.015085246314716472
673726144,Q4_고가,0.0,-0.01481353544562869
673739136,Q3,1.0,0.016725941246141504
673770688,Q3,0.0,0.04635588918231626
673796672,Q3,1.0,0.006738124747857288
673882048,Q3,0.0,0.036434474279255696
673922880,Q2,0.0,0.0159294726114399
673984128,Q4_고가,0.0,-0.007617996276308547
674034240,Q4_고가,,0.0033584197412442895
674099200,Q3,1.0,0.013285664810224862
674260672,Q3,,0.03633069495704078
674346048,Q3,0.0,-0.07355212113707521
674403584,Q1_저가,0.0,0.05498424139704593
674537216,Q4_고가,0.0,0.026457280228630115
674631872,Q3,,-0.0863853103938963
674737664,Q3,0.0,0.046173334865370716
674875008,Q3,0.0,0.0395214053453945
674888000,Q2,0.0,0.023956492073962443
675248064,Q4_고가,0.0,0.011943760106110646
675322304,Q1_저가,0.0,-0.007710556412445002
675402112,Q2,,-0.016840186317845673
675854976,Q4_고가,0.0,0.02917629082018533
676111104,Q4_고가,0.0,0.031140198625906654
676242880,Q4_고가,1.0,-0.004252286311208442
676289280,Q1_저가,0.0,0.054434154908828
676382080,Q4_고가,0.0,0.08421739953241048
676541696,Q2,1.0,0.02338324409311915
676606656,Q4_고가,0.0,0.016152429442770594
676617792,Q1_저가,1.0,0.03370689840746101
676825664,Q3,0.0,0.03621898683017699
676840512,Q3,0.0,-0.00042707307556544283
676877632,Q3,0.0,0.07084623803987689
676924032,Q1_저가,0.0,0.03643015040467231
677180160,Q3,0.0,0.033680435499135325
677189440,Q4_고가,,0.05611870087691018
677217280,Q3,1.0,-0.022008109553503935
677473408,Q2,1.0,0.0125615456055405
677582912,Q3,0.0,0.048540001546021894
677590336,Q2,,0.028337180627981573
677614464,Q2,0.0,0.026203614635686448
677664576,Q2,0.0,0.021586442185429544
677785216,Q3,,-0.008286783140253107
677846464,Q4_고가,0.0,0.037649188072380185
677913280,Q2,0.0,-0.03125409931759743
677928128,Q3,0.0,-0.07629148657185375
677991232,Q4_고가,0.0,0.019828642946148528
678182400,Q4_고가,0.0,0.06287888840042355
678230656,Q3,0.0,-0.06242872164941082
678418112,Q1_저가,0.0,0.0071771888076588575
678466368,Q2,0.0,0.056744292389313444
678488640,Q1_저가,,-0.02693099438751667
678733632,Q2,0.0,0.00180165227151996
678807872,Q3,0.0,-0.056070156243612224
678961920,Q3,0.0,0.05096586022303218
679249600,Q4_고가,0.0,-0.0019706770230453197
679255168,Q2,,-0.022730320548157823
679392512,Q1_저가,0.0,0.029298221448026643
679780416,Q2,1.0,0.07840649249710818
679791552,Q1_저가,0.0,0.02608639658108325
679800832,Q1_저가,0.0,-0.03984424110862533
679871360,Q4_고가,0.0,0.007711675025215803
679921472,Q3,0.0,0.028523221289221967
680036544,Q2,1.0,0.009160043178123467
680043968,Q2,,0.035960318206366935
680162752,Q4_고가,0.0,0.03895337377163599
680300096,Q4_고가,,0.025242230343022448
680305664,Q1_저가,1.0,-0.006823269661370146
680366912,Q4_고가,0.0,0.032596482593025056
680383616,Q2,0.0,0.004675870849399355
680830912,Q3,,0.05582483925587427
680920000,Q3,0.0,-0.044287635263087655
681096320,Q4_고가,0.0,0.030141012118331117
681129728,Q2,,-0.030849804728517394
681734784,Q3,0.0,-0.0170699187234839
681781184,Q1_저가,0.0,-0.004238533221147006
681870272,Q1_저가,0.0,-0.007465558454744503
681931520,Q3,1.0,0.06527693994096606
681935232,Q2,0.0,-0.006165884606756489
681989056,Q3,0.0,-0.009777450617556027
682009472,Q3,,0.06581791880653254
682035456,Q2,0.0,-0.03677646834194048
682122688,Q3,0.0,0.08573201247626738
682701760,Q3,0.0,0.03633371412784135
682761152,Q3,0.0,0.05640684542472987
682840960,Q2,0.0,-0.0657808644936026
682878080,Q1_저가,0.0,-0.025501086551050628
682935616,Q3,0.0,-0.03321275284665465
683137920,Q2,0.0,0.019147293357629783
683141632,Q3,0.0,0.0541761315860471
683262272,Q3,0.0,0.0045808509912294015
683408896,Q2,1.0,-0.023990699825413686
683427456,Q2,0.0,0.0378232556619964
683505408,Q3,0.0,0.19538095473359218
683587072,Q2,,0.0021290210367889695
683618624,Q3,0.0,-0.07014058636058829
683648320,Q4_고가,0.0,0.004988186000312533
683832064,Q1_저가,0.0,0.04911473406138733
684127168,Q2,0.0,0.0034702556744743984
684151296,Q3,0.0,-0.009351948516425623
684201408,Q3,1.0,-0.044950203503283076
684448256,Q2,0.0,-0.02795451542536692
684791616,Q4_고가,0.0,0.01510858576216545
684914112,Q3,0.0,0.017731965916695458
684930816,Q1_저가,1.0,-0.002919527941374095
685257472,Q4_고가,0.0,-0.020318576079560613
685279744,Q2,1.0,0.011522243099704399
685281600,Q1_저가,,0.04566161745332212
685287168,Q3,1.0,0.026838507924567018
685328000,Q2,0.0,-0.052619606797804974
685435648,Q1_저가,0.0,0.03217363907528922
685537728,Q4_고가,0.0,-0.022674099696201155
685665792,Q2,,-0.03194606868894101
685758592,Q4_고가,0.0,-0.07118746102503531
685786432,Q2,0.0,-0.06596478319316013
685862528,Q2,0.0,-0.0884199138086117
685999872,Q3,0.0,0.024866094788690188
686150208,Q4_고가,0.0,0.025909688438457756
686235584,Q2,0.0,0.004271145689265565
686289408,Q4_고가,1.0,0.05273283827137534
686417472,Q1_저가,,0.03916802674764604
686647616,Q2,0.0,0.018400469917247586
686664320,Q2,0.0,-0.016317590780286106
686675456,Q1_저가,1.0,0.019692867542604034
686699584,Q3,1.0,0.020252065010090692
686831360,Q3,0.0,0.005312133687179532
686849920,Q3,0.0,0.0026249051722647687
686914880,Q3,,0.024055619314795176
686924160,Q1_저가,,0.05302237667537363
686926016,Q2,0.0,0.006248474021457895
686955712,Q4_고가,0.0,-0.004921803895883592
687041088,Q2,0.0,0.0082190622641235
687196992,Q2,0.0,0.15722965466611188
687317632,Q2,0.0,0.024625672822899
687404864,Q1_저가,0.0,0.00969366377729769
687640576,Q2,1.0,-0.00957446132776718
688080448,Q2,0.0,0.01773772953414124
688147264,Q2,0.0,0.06355788891195527
688202944,Q4_고가,0.0,-0.019852884290221973
688258624,Q4_고가,0.0,-0.03147987359311649
688327296,Q1_저가,0.0,0.017007402763263346
688464640,Q1_저가,,-0.018347989736826997
688525888,Q3,0.0,0.037683535849828254
688576000,Q3,0.0,-0.10578633045507924
688722624,Q3,,0.06864644051963495
688869248,Q3,0.0,0.04941194114389119
688900800,Q1_저가,0.0,0.029342621063640148
688989888,Q2,1.0,-0.14192042978400798
688991744,Q1_저가,,0.05991521502898668
689093824,Q3,0.0,-0.028665407054579206
689234880,Q3,0.0,-0.04818300860057442
689238592,Q4_고가,0.0,0.053327808569024526
689342528,Q1_저가,0.0,0.03716651634907761
689374080,Q1_저가,0.0,-0.021244581826909914
689541120,Q2,,0.01672715202601044
689650624,Q2,0.0,0.011702639263664466
689693312,Q4_고가,0.0,-0.013366652604858142
689748992,Q3,,0.10356028098424053
689767552,Q4_고가,1.0,0.010892962956648877
689780544,Q2,0.0,-0.05002420146762199
689821376,Q1_저가,0.0,0.03796866858673997
689923456,Q2,0.0,-0.005168626783824931
689979136,Q2,0.0,0.02205340389880686
690040384,Q1_저가,0.0,-0.029911586230922493
690109056,Q4_고가,,0.03733575728804889
690407872,Q4_고가,,0.0162117579702854
690417152,Q1_저가,0.0,0.054453829567452094
690526656,Q2,0.0,-0.06380053314838596
690606464,Q1_저가,,-0.0754834375154364
690715968,Q2,,-0.01904967065221319
690907136,Q3,,0.027327648110326647
691126144,Q4_고가,0.0,0.0029911743528852064
691612416,Q3,0.0,-0.004815830922056508
691866688,Q2,1.0,0.037345508947143446
692339968,Q3,0.0,-0.05797606913790959
692354816,Q4_고가,0.0,0.03581263150195335
692451328,Q4_고가,0.0,0.027217681751523615
692566400,Q4_고가,0.0,0.1622735750770979
692583104,Q1_저가,,-0.07346316909880807
692612800,Q3,0.0,-0.09461106634751626
692625792,Q1_저가,0.0,-0.04110229132601473
692672192,Q3,0.0,-0.004211170972887035
692720448,Q1_저가,,-0.13715995611040488
692739008,Q4_고가,0.0,-0.013227975112816037
692809536,Q4_고가,,-0.009232256730466501
692883776,Q4_고가,1.0,0.009894518743039593
692904192,Q4_고가,1.0,0.027415500107073276
692948736,Q4_고가,,0.018351927023952497
693121344,Q2,0.0,-0.016013234068828902
693145472,Q4_고가,0.0,0.07346255050503248
693481408,Q4_고가,0.0,0.06207022043933649
693553792,Q4_고가,0.0,0.03041986183464146
693692992,Q3,0.0,0.03461705867706161
693800640,Q1_저가,0.0,0.02573500732443469
694090176,Q3,0.0,-0.04814506953412531
694131008,Q1_저가,,0.044844677279457096
694216384,Q3,0.0,-0.010129905308063458
694554176,Q3,0.0,0.05986489564255881
694968064,Q4_고가,0.0,0.019276962434482098
694982912,Q1_저가,0.0,0.009390583113082829
695036736,Q2,0.0,0.04735301610902415
695053440,Q4_고가,0.0,-0.0442349277821501
695148096,Q2,0.0,0.028551616536491145
695370816,Q1_저가,0.0,0.03549353163339575
695428352,Q4_고가,0.0,0.014021507504379138
695433920,Q2,0.0,-0.0058988054597859385
695511872,Q1_저가,0.0,-0.0014061450606834697
695576832,Q2,1.0,0.049088122799320316
695825536,Q1_저가,0.0,0.007974076889231574
696009280,Q2,0.0,0.015017524203610577
696439872,Q1_저가,1.0,-0.008932834863603273
696582784,Q2,0.0,-0.029633939097167605
696851904,Q1_저가,0.0,-0.026283808732457503
696881600,Q3,0.0,-0.04293629646516861
696883456,Q1_저가,1.0,-0.007566876673239603
697165568,Q3,0.0,-0.00415827333867369
697514496,Q4_고가,1.0,0.14235880937717915
697601728,Q1_저가,0.0,-0.09133531461823385
697720512,Q2,0.0,0.029583111529195072
697726080,Q1_저가,0.0,-6.987747618772411e-05
697731648,Q4_고가,0.0,0.01929941455858561
697779904,Q3,1.0,-0.002386939334215854
697972928,Q2,0.0,0.003855239638112934
698000768,Q2,0.0,0.08874120910735528
698006336,Q3,0.0,-0.02274096967034539
698115840,Q4_고가,0.0,-0.001334610439795214
698429504,Q4_고가,1.0,0.03876479744493852
698555712,Q1_저가,0.0,0.05703621872588438
698559424,Q1_저가,0.0,-0.04655787489112667
698809984,Q3,1.0,0.03688545223809624
698871232,Q3,0.0,0.005295705418457475
698982592,Q2,0.0,-0.0009883979260262299
698986304,Q2,0.0,0.02375045098751659
699056832,Q1_저가,1.0,-0.08360012341320641
699071680,Q3,0.0,0.012545096801337086
699123648,Q1_저가,1.0,0.015137363449458444
699240576,Q4_고가,,-3.898406703117807e-06
699368640,Q2,,0.039485587886833026
699617344,Q2,0.0,0.0445626493806803
700001536,Q3,0.0,0.027278348671065135
700034944,Q1_저가,1.0,0.01724820560359283
700073920,Q4_고가,0.0,0.03494223780063349
700157440,Q3,0.0,0.029016245077627012
700333760,Q1_저가,0.0,0.03628941425277539
700357888,Q2,0.0,0.019425967747217943
700387584,Q3,,0.027467895149970986
700506368,Q2,1.0,-0.052361035935767575
700526784,Q3,0.0,-0.031628864857906114
700708672,Q2,0.0,-0.00708372287394321
700949952,Q4_고가,1.0,0.03361969626960608
700985216,Q3,0.0,-0.0016349504036208273
701365696,Q1_저가,1.0,0.04237828284874588
701684928,Q3,1.0,0.019047774364997716
701783296,Q2,0.0,0.07953900968531763
701807424,Q4_고가,0.0,0.01133811676874752
701833408,Q1_저가,1.0,0.023984453649771767
701902080,Q3,0.0,-0.020853900945085768
701928064,Q1_저가,0.0,0.025921295939110328
702002304,Q1_저가,,0.09046638023786902
702007872,Q2,0.0,-0.02491347608122163
702041280,Q2,0.0,0.0028025990048172744
702254720,Q1_저가,1.0,0.022020852996168627
702284416,Q1_저가,0.0,0.03173646558665599
702716864,Q2,0.0,-0.018291189948661746
702720576,Q2,0.0,-0.05351691923878449
702729856,Q2,0.0,0.02470519749852207
702989696,Q2,0.0,-0.05450569177156078
703314496,Q3,0.0,-0.04161428125464384
703320064,Q3,0.0,0.040281874013737964
703321920,Q2,0.0,0.03832402281916242
703646720,Q4_고가,0.0,0.013015306472126675
703754368,Q4_고가,0.0,-0.01721117462152888
703902848,Q4_고가,1.0,0.013698806586707524
704270336,Q3,0.0,-0.014237651273718066
704283328,Q4_고가,0.0,0.05333321479217712
704585856,Q1_저가,0.0,0.03364118974405714
704628544,Q3,1.0,0.009647687193768295
705133376,Q2,,0.04419891215665833
705276288,Q4_고가,0.0,-0.04035974932103692
705305984,Q1_저가,0.0,-0.002260599627889659
705396928,Q2,0.0,0.027103251936085745
705476736,Q2,0.0,0.04336578233268307
705756992,Q2,0.0,-0.007094389124486622
705799680,Q2,0.0,0.04432817327015651
705929600,Q1_저가,,0.037064818209815
706027968,Q2,0.0,-0.014734213716294464
706031680,Q3,,-0.06049723103073057
706274816,Q3,0.0,0.014341870986531308
706504960,Q1_저가,,0.04259519034932989
706727680,Q2,0.0,0.010275029521388368
706742528,Q1_저가,0.0,-0.10971039175029118
706794496,Q1_저가,0.0,-0.039129004072921025
706826048,Q2,0.0,0.02791169543505756
706996800,Q3,0.0,0.005554749880877147
707243648,Q4_고가,1.0,-0.008414946861950379
707351296,Q1_저가,0.0,0.03315980857568036
707497920,Q2,0.0,-0.033194676886650676
707590720,Q4_고가,0.0,0.023000467591065887
707685376,Q2,0.0,0.02435634641320364
708115968,Q2,,-0.02483713122868947
708125248,Q2,,0.02435655033400884
708709888,Q2,1.0,0.008738810625188553
708869504,Q2,0.0,-0.0009116714198261211
708928896,Q1_저가,0.0,0.028279246223670035
709121920,Q2,0.0,-0.05957249876271209
709129344,Q3,0.0,0.02067527169344252
709159040,Q4_고가,0.0,0.04909657740399187
709264832,Q2,0.0,-0.08469847689536059
709350208,Q3,0.0,0.0377348681532885
709585920,Q2,0.0,-0.07892327616167838
709641600,Q3,0.0,0.06554408507765563
709895872,Q1_저가,,0.02990640673713532
709921856,Q4_고가,0.0,0.04117117993488134
709973824,Q2,0.0,0.0373466571793154
709999808,Q4_고가,0.0,0.0075881396303911774
710033216,Q4_고가,1.0,0.023039048581067867
710048064,Q2,0.0,0.023278620985671086
710144576,Q2,0.0,0.031180120048093007
710157568,Q2,1.0,0.04722103246511651
710604864,Q1_저가,1.0,0.05140142932947528
710614144,Q3,0.0,0.0031751047331868842
710679104,Q1_저가,0.0,-0.07606411958335035
711055872,Q4_고가,0.0,0.033859825563943846
711080000,Q2,1.0,0.010700447748400344
711365824,Q1_저가,,0.00026058906490439293
711716608,Q4_고가,0.0,0.0065932788446682045
712401472,Q1_저가,0.0,0.03170691817947918
712468288,Q2,0.0,-0.005073400995827204
712648320,Q2,0.0,0.011798383208035265
713045504,Q1_저가,0.0,0.0390051097166334
713058496,Q2,0.0,0.02869333665175612
713296064,Q2,,0.069331821382628
713368448,Q3,0.0,0.0270327582861965
713678400,Q3,,0.008721895419988412
713691392,Q4_고가,0.0,0.0046284926022817086
713698816,Q2,0.0,0.04135887268090428
713711808,Q1_저가,0.0,0.026878639635941504
713875136,Q4_고가,,0.04246422549225405
714025472,Q3,,-0.019061313543726754
714238912,Q1_저가,0.0,0.05011850851174553
714246336,Q1_저가,0.0,-0.04285418960592091
714363264,Q2,0.0,0.11568255531964311
714376256,Q1_저가,0.0,-0.015986233291273078
714446784,Q1_저가,0.0,-0.10646223761475382
714474624,Q3,,-0.017936198750446497
714485760,Q3,1.0,0.04266700209466079
714550720,Q2,0.0,0.013785928645498213
714754880,Q1_저가,0.0,0.025438290231287103
714853248,Q2,1.0,0.032055497818419126
714988736,Q1_저가,0.0,0.025732752328178538
715248576,Q4_고가,1.0,-0.03574963689230884
715268992,Q2,0.0,0.010738845401236152
715345088,Q1_저가,0.0,0.030325548755526115
715408192,Q1_저가,0.0,0.043205036388905625
715413760,Q2,0.0,0.015135954101279422
715809088,Q2,0.0,-0.10372608842354414
715952000,Q3,0.0,0.014903313416429281
716003968,Q4_고가,,0.05481481455687587
716128320,Q3,1.0,-0.07879988707113272
716213696,Q4_고가,1.0,0.02845929788466045
716393728,Q4_고가,0.0,0.034985018855287014
716557056,Q2,0.0,0.022521424350805327
716798336,Q3,0.0,0.08280346249434335
716833600,Q4_고가,0.0,0.0208945890979257
717160256,Q4_고가,0.0,-0.05675234530682807
717230784,Q3,1.0,-0.005553385582609871
717546304,Q2,0.0,0.0346250871871574
717607552,Q4_고가,,0.04427823766535377
717624256,Q4_고가,0.0,-0.06498545533622796
717648384,Q1_저가,,0.019769338640848705
717783872,Q3,,0.0012008115884891701
717897088,Q2,0.0,-0.0012674251610076404
717973184,Q3,0.0,0.06918289430263752
717984320,Q1_저가,0.0,0.01734077431771494
718077120,Q3,0.0,0.006481363718385438
718123520,Q3,1.0,0.02691040803933409
718246016,Q2,0.0,0.03599603843269916
718277568,Q3,1.0,0.03526015099445218
718359232,Q4_고가,0.0,0.08396992634026545
718511424,Q1_저가,0.0,-0.02202591996655834
718572672,Q3,1.0,-0.0025250656369102398
718591232,Q1_저가,0.0,0.030264059076958685
718602368,Q2,,0.0005924934302564688
718732288,Q2,0.0,0.06643555745852249
718761984,Q1_저가,,0.027618166173074776
718895616,Q1_저가,0.0,0.0036547834344189123
718984704,Q3,0.0,0.055424726315390194
719144320,Q4_고가,,0.016052807108324782
719170304,Q3,0.0,0.05073450078164077
719229696,Q1_저가,0.0,0.04346708352810902
719276096,Q4_고가,1.0,0.022968372060787057
719548928,Q3,0.0,0.007050599146525172
719569344,Q2,0.0,0.06446862448103541
719595328,Q1_저가,0.0,-0.026237007939152207
719665856,Q4_고가,0.0,0.026509397019830266
719708544,Q4_고가,0.0,0.03774172595580626
719758656,Q1_저가,,-0.0621366040927378
719977664,Q3,0.0,-0.045097969548546946
720022208,Q4_고가,0.0,0.024169350765115838
720337728,Q2,0.0,0.009492980526042055
720645824,Q2,0.0,-0.017954650411167783
720701504,Q4_고가,0.0,0.053507397416112434
720829568,Q4_고가,0.0,0.013825622476325128
720842560,Q3,0.0,0.003652795454523572
720875968,Q2,,0.06579141256901366
720900096,Q3,0.0,-0.06620064941689496
720901952,Q1_저가,0.0,0.005856683357072609
721163648,Q2,0.0,0.03973687393452205
721182208,Q2,0.0,0.051179427621244
721358528,Q4_고가,0.0,0.024390843751003727
721443904,Q1_저가,0.0,-0.003093887288291297
721592384,Q1_저가,0.0,0.03235352966760188
721740864,Q1_저가,0.0,-0.04879007088465853
721755712,Q1_저가,0.0,0.027639596802751645
721996992,Q3,0.0,-0.01385609166501095
722032256,Q2,1.0,0.03678024390151502
722048960,Q4_고가,1.0,-0.018727490213536813
722173312,Q4_고가,0.0,0.05553989548978577
722286528,Q1_저가,0.0,0.037379783356772285
722691136,Q2,0.0,0.01569710061974032
722893440,Q1_저가,0.0,0.042396863151787395
722899008,Q2,0.0,-0.027756945299622804
722923136,Q1_저가,0.0,0.010577886191524888
722928704,Q4_고가,0.0,0.03876565395805248
723049344,Q4_고가,0.0,0.024345759682587606
723435392,Q4_고가,1.0,0.03811580206045939
723442816,Q3,0.0,0.11370095835438848
723494784,Q3,0.0,0.02064755792820272
723702656,Q3,1.0,0.05760583768315897
723728640,Q2,0.0,0.0471236125873207
723784320,Q2,0.0,0.032293120691984034
723955072,Q4_고가,0.0,0.028560147786970858
724029312,Q4_고가,0.0,-0.03477135045248947
724164800,Q1_저가,,0.04356659352245938
724185216,Q1_저가,0.0,0.03194266235637991
724461760,Q2,0.0,0.02784813442932388
724539712,Q4_고가,1.0,0.004263119003952376
724762432,Q4_고가,0.0,0.03521677874775031
724777280,Q4_고가,1.0,0.028770516641090815
724855232,Q2,0.0,-0.09185127483880218
725076096,Q2,,0.030182232690384697
725185600,Q1_저가,0.0,0.018270458616225782
725233856,Q3,0.0,0.04892789303192302
725291392,Q3,0.0,0.00012241044627359088
725347072,Q2,0.0,-0.028807182584248775
725816640,Q2,,-0.018367370318970705
725981824,Q2,0.0,-0.01395831673038228
725992960,Q3,0.0,-0.036889903386569944
726076480,Q2,0.0,0.04835300689538283
726193408,Q4_고가,,0.0346996978831076
726202688,Q1_저가,0.0,-0.03691108828180495
726254656,Q2,1.0,0.1087109548063398
726317760,Q1_저가,0.0,0.05194062009660683
726488512,Q3,0.0,-0.04155417682521956
726668544,Q2,1.0,-0.09019669159140697
726714944,Q4_고가,1.0,0.05873815853409928
727076864,Q1_저가,0.0,-0.026448484306446945
727151104,Q4_고가,0.0,-0.00924291646274078
727362688,Q4_고가,,0.027519067714710743
727366400,Q2,0.0,0.04075476412408724
727368256,Q2,0.0,-0.002279885071630572
727579840,Q2,,0.014310333084348467
727841536,Q2,0.0,0.010743814469217794
727854528,Q4_고가,0.0,0.08873909250414727
727869376,Q2,0.0,-0.04233480947393303
728073536,Q3,0.0,0.03690960844271146
728116224,Q1_저가,0.0,0.06136336218057281
728299968,Q4_고가,0.0,0.024298553221762192
728572800,Q2,0.0,-0.05147974216747789
728621056,Q3,1.0,0.03657155084042729
728624768,Q2,,0.07081910711851502
728877184,Q4_고가,0.0,0.017168230173452204
728994112,Q2,0.0,-0.02306836116650557
729068352,Q4_고가,0.0,0.030960602190009012
729188992,Q3,,-0.03642165688791399
729218688,Q3,0.0,-0.04902024345136963
729233536,Q2,,0.010585247060859615
729252096,Q3,0.0,0.009283358760730054
729289216,Q1_저가,0.0,-0.06966399945652224
729502656,Q2,0.0,0.0229909006683231
729539776,Q4_고가,0.0,0.03058955102839306
729628864,Q2,,0.03306582227099046
729992640,Q3,0.0,-0.01723173661814284
730035328,Q2,0.0,5.983627860450813e-05
730050176,Q2,0.0,-0.10246512206306424
730105856,Q3,0.0,0.05723763765578349
730360128,Q1_저가,0.0,-0.012435148909157395
730540160,Q3,0.0,0.12446807556555411
730586560,Q2,0.0,-0.009561771240221395
730647808,Q3,0.0,0.07153995175596928
730697920,Q2,,-0.01936595524155249
731035712,Q2,0.0,0.012289075622131856
731059840,Q2,0.0,-0.13691247187205458
731148928,Q3,0.0,0.023269893873800185
731264000,Q4_고가,,0.03497449423213175
731572096,Q3,,0.030291977552269644
731586944,Q3,0.0,-0.0007353128960411182
731638912,Q1_저가,0.0,-0.12156045858287795
731657472,Q1_저가,1.0,-0.008970792109454145
731687168,Q3,0.0,-0.04571687562462634
732132608,Q1_저가,0.0,0.04156495762639055
732134464,Q1_저가,1.0,0.026030461855879566
732192000,Q4_고가,,-0.014813459695474485
732288512,Q4_고가,0.0,0.0369033882124013
732312640,Q2,0.0,-0.09177179770689925
732472256,Q2,0.0,0.01944769249895599
732680128,Q2,0.0,-0.09494824304806121
732689408,Q3,0.0,0.020654653347801616
732707968,Q2,,0.038351264708633
732733952,Q3,1.0,0.04605907104397089
733385408,Q2,0.0,0.00030717086758874634
733530176,Q4_고가,0.0,0.045533719862784594
733604416,Q4_고가,0.0,0.025267333087712063
733608128,Q1_저가,0.0,0.030514072200976572
733615552,Q4_고가,0.0,0.07134181249629667
733676800,Q4_고가,0.0,0.013924912375296583
733775168,Q1_저가,0.0,0.02975849608427389
733788160,Q4_고가,1.0,0.0027903755101647
733888384,Q3,1.0,-0.0027470594781166535
734124096,Q2,,0.010503750657334235
734192768,Q3,0.0,-0.008853736900519327
734398784,Q3,0.0,-0.06288731569784634
734408064,Q4_고가,0.0,-0.0034877332857954357
734870208,Q1_저가,0.0,0.04309287083115143
735018688,Q3,,0.0043084930542267585
735037248,Q2,0.0,0.011822270177966276
735078080,Q1_저가,0.0,0.034592700159980436
735087360,Q4_고가,0.0,0.05748939500285892
735139328,Q1_저가,0.0,0.047269569714537246
735152320,Q2,0.0,-0.05203763552160978
735339776,Q3,0.0,0.06098312766850755
735399168,Q2,1.0,0.019068112661829506
735556928,Q4_고가,,-0.008528791197369823
735599616,Q3,0.0,0.00274702406790292
736137856,Q4_고가,0.0,0.04836646752857361
736310464,Q2,1.0,-0.052031961711963226
736518336,Q2,1.0,-0.02021663736724788
736776320,Q3,0.0,0.07858966573191456
736809728,Q1_저가,0.0,-0.07991196989891147
736817152,Q1_저가,0.0,0.04699849821411589
736911808,Q3,1.0,0.03621729890570746
736971200,Q4_고가,0.0,0.054938862487402096
737216192,Q2,0.0,0.025667462247789805
737750720,Q3,0.0,-0.050698017113018023
737960448,Q4_고가,0.0,0.013147659809395917
738017984,Q3,0.0,-0.1229397192398406
738559936,Q2,0.0,-0.07815151128211595
738778944,Q2,1.0,0.048186221155992345
739066624,Q3,0.0,-0.032879184328704736
739246656,Q4_고가,,0.07029549581151633
739257792,Q1_저가,0.0,-0.0694979018187925
739276352,Q3,0.0,-0.01309431384890239
739343168,Q3,0.0,0.037032577543502754
739560320,Q1_저가,0.0,-0.08226838501190753
739586304,Q1_저가,0.0,0.05403979223863568
739790464,Q1_저가,0.0,0.016778356305918368
739799744,Q4_고가,,0.058473818323463544
740022464,Q2,0.0,-0.0007813688559015763
740139392,Q1_저가,0.0,0.012436701190015553
740415936,Q3,0.0,0.004725013276997925
740471616,Q4_고가,0.0,0.024606338904201733
740473472,Q2,0.0,0.03296444292090728
740477184,Q1_저가,0.0,-0.01957453453833169
740479040,Q4_고가,0.0,-0.008340930143329817
740584832,Q1_저가,0.0,0.030993053808540436
740718464,Q4_고가,0.0,0.03771771824254719
740738880,Q3,0.0,-0.05023109685533611
740835392,Q3,1.0,0.042336267951928186
740918912,Q3,0.0,0.011857965582415031
740983872,Q1_저가,0.0,0.022039801162892156
740989440,Q3,0.0,0.003990945531250234
741273408,Q3,0.0,0.044057525118935015
741284544,Q1_저가,0.0,-0.0065263148053563425
741358784,Q1_저가,0.0,0.015624893228204484
741523968,Q4_고가,0.0,0.015261220128029607
741837632,Q3,,0.029542301533782234
742255232,Q4_고가,0.0,0.05014594773691042
742301632,Q2,1.0,0.026688765814311233
742414848,Q3,0.0,0.05948287324916718
742437120,Q2,1.0,-0.004161199487308864
742461248,Q3,0.0,0.023540425441471946
742468672,Q3,0.0,0.0014293309750109395
742477952,Q3,0.0,0.03619229938220314
742522496,Q1_저가,0.0,-0.029213472527667816
742641280,Q4_고가,1.0,0.10419284834661457
742683968,Q3,0.0,-0.009455583146233265
742687680,Q3,0.0,-0.011267759566558011
742689536,Q4_고가,,0.08684696506029022
742696960,Q4_고가,1.0,0.036246362935532184
742724800,Q2,0.0,0.04686451483828469
742765632,Q1_저가,0.0,0.03630590106349327
742787904,Q4_고가,0.0,0.008817070045808034
742802752,Q4_고가,0.0,0.038618943025660046
742826880,Q3,0.0,0.03645856099531031
742849152,Q3,0.0,0.0252929052643025
742876992,Q1_저가,0.0,0.04298060919984559
742878848,Q1_저가,0.0,0.010994337502425622
742895552,Q3,1.0,0.022679717489436313
742906688,Q4_고가,0.0,0.03505870137598954
742912256,Q4_고가,0.0,0.07097986927732136
742914112,Q4_고가,0.0,0.15435859710173871
742951232,Q4_고가,0.0,-0.010207335181746435
742982784,Q4_고가,1.0,0.042735861899058536
742997632,Q2,0.0,-0.009667322012739371
743008768,Q4_고가,,0.033295135741826576
743016192,Q3,0.0,-0.04313764967633482
743105280,Q4_고가,0.0,0.06159917071350307
743138688,Q4_고가,0.0,-0.009559243969082531
743192512,Q4_고가,0.0,0.13859291302593402
743194368,Q2,0.0,0.018721085713295782
743199936,Q4_고가,1.0,0.018950876856208443
743224064,Q3,0.0,0.009025154063408994
743240768,Q1_저가,0.0,-0.0025791798301507685
743268608,Q4_고가,0.0,0.02818686078817445
743316864,Q1_저가,0.0,0.040827403733986925
743370688,Q1_저가,0.0,0.04568799863998109
743385536,Q2,0.0,0.14734597216451695
743402240,Q3,,-0.004211357649337777
743404096,Q4_고가,,-0.019186746739569105
743417088,Q2,0.0,0.06337008444444348
743435648,Q3,0.0,0.047044409582835844
743437504,Q2,0.0,0.026097925145219747
743439360,Q1_저가,0.0,-0.07530421057883335
743539584,Q4_고가,0.0,-0.021778761476179936
743561856,Q3,0.0,0.05231698708002633
743608256,Q2,0.0,0.012366865642923497
743624960,Q3,0.0,-0.010306531534121866
743626816,Q2,0.0,0.06773792691680389
743662080,Q1_저가,0.0,0.012240711784467395
743667648,Q4_고가,0.0,0.009115741045124914
743669504,Q3,0.0,0.006287115141710653
743676928,Q4_고가,0.0,0.016290755507287938
743697344,Q3,0.0,0.04191468537751089
743728896,Q4_고가,0.0,0.05561412659742826
743730752,Q4_고가,0.0,0.02720422464388872
743741888,Q2,0.0,0.07228169617256763
743745600,Q3,0.0,-0.004879341512128987
743754880,Q3,0.0,-0.10030070476400255
743773440,Q4_고가,0.0,0.05382459969953546
743810560,Q3,0.0,0.016312572505038286
743812416,Q4_고가,,0.04799404626579967
743845824,Q4_고가,,0.013364092803501593
743864384,Q3,0.0,0.018976499477935893
743866240,Q3,0.0,0.07142069433093756
743877376,Q3,0.0,0.02362350141734887
743908928,Q4_고가,0.0,-0.035464845750490526
743927488,Q4_고가,1.0,0.021531543775435646
744022144,Q4_고가,,-0.003487798554194399
744031424,Q4_고가,1.0,0.07294767642287842
744038848,Q4_고가,0.0,0.02703015000638148
744042560,Q1_저가,1.0,-0.006525021965979538
744053696,Q3,0.0,0.029889750009230803
744074112,Q3,0.0,0.00426648239940719
744090816,Q1_저가,0.0,0.0021029801804886283
744098240,Q4_고가,0.0,0.06865372366622002
744100096,Q4_고가,,0.027283480212330624
744103808,Q3,0.0,-0.04129418736344048
744118656,Q3,0.0,-0.013873680147381995
744131648,Q3,0.0,-0.02774397165854431
744153920,Q2,0.0,0.036236599664154656
744172480,Q4_고가,0.0,0.033206444176811956
744179904,Q3,0.0,0.05528784965722833
744185472,Q4_고가,0.0,-0.02508946151438529
744187328,Q4_고가,,0.030592197562338747
744246720,Q3,0.0,0.05750061019224234
744257856,Q4_고가,1.0,0.006663203504477355
744285696,Q1_저가,0.0,0.06836728850078849
744300544,Q4_고가,0.0,-0.016885964073512505
744313536,Q2,1.0,-0.021248693316821166
744343232,Q2,0.0,-0.10641618921734308
744378496,Q4_고가,0.0,0.08396324195524174
744380352,Q1_저가,0.0,0.029548499080337548
744417472,Q3,0.0,-0.008792770132517336
744423040,Q4_고가,0.0,0.09164000803805306
744426752,Q3,0.0,-0.06976420353569557
744434176,Q2,0.0,-0.0030267770427886975
744449024,Q4_고가,0.0,0.01609280771261501
744493568,Q4_고가,0.0,0.04513800651325857
744499136,Q3,0.0,0.009915624776512533
744508416,Q4_고가,0.0,0.004214400187896872
744515840,Q3,0.0,0.015012967035751446
744577088,Q2,0.0,0.006482445694385913
744588224,Q4_고가,0.0,0.005181288515198945
744601216,Q2,0.0,-0.058747457467643815
744638336,Q2,0.0,0.007582077583665359
744660608,Q3,0.0,-0.0969801300390496
744684736,Q4_고가,0.0,0.0028405018935471205
744701440,Q3,0.0,-0.03282335903126671
744714432,Q4_고가,,0.01567584752466944
744716288,Q1_저가,0.0,-0.018936575273333256
744718144,Q2,0.0,0.02794888056578601
744725568,Q3,0.0,0.027224090821854285
744736704,Q3,0.0,-0.03467338551442567
744744128,Q4_고가,0.0,0.016794906897982353
744747840,Q4_고가,0.0,0.07376368606493511
744755264,Q1_저가,1.0,0.054822954081190756
744788672,Q1_저가,,0.01010106648341108
744799808,Q3,0.0,-0.040789754060465144
744809088,Q4_고가,1.0,0.03610015242111604
744859200,Q1_저가,0.0,0.028203710286829275
744890752,Q3,0.0,-0.07402841546004246
744909312,Q2,1.0,-0.007216756192787277
744911168,Q2,0.0,0.02188619424125901
744916736,Q4_고가,1.0,0.03794257170136178
744937152,Q1_저가,,0.038421054421834674
744950144,Q1_저가,1.0,0.027531690068070394
744955712,Q2,,0.034196074589493725
744966848,Q1_저가,0.0,0.0013036303287739942
745016960,Q1_저가,,0.042718844300777464
745046656,Q1_저가,,0.008409472016024155
745052224,Q4_고가,0.0,0.016173548130985094
745065216,Q1_저가,0.0,0.04469635974926574
745070784,Q2,,0.0013963265564804206
745076352,Q2,0.0,0.04145071333545586
745087488,Q4_고가,0.0,0.07031687894803351
745093056,Q4_고가,0.0,0.013934476205511026
745176576,Q4_고가,0.0,0.04949370344747406
745191424,Q2,1.0,0.010949870428715536
745196992,Q2,0.0,-0.058458123552788344
745211840,Q4_고가,0.0,0.045698014794178454
745241536,Q3,1.0,0.08762188134362248
745243392,Q4_고가,1.0,0.05521617311174887
745248960,Q4_고가,0.0,0.01669633466463305
745286080,Q1_저가,0.0,-0.10480656954573464
745291648,Q2,0.0,0.03629141271455184
745293504,Q2,0.0,0.0026372367178318368
745377024,Q3,0.0,-0.010860680247488874
745382592,Q3,0.0,-0.011467956673938517
745388160,Q4_고가,0.0,0.023485464487052465
745408576,Q2,,0.02415971076212048
745464256,Q2,0.0,0.050999571959655376
745471680,Q1_저가,0.0,0.08167774564344288
745473536,Q4_고가,0.0,0.007939565011356342
745495808,Q4_고가,0.0,0.03909584353594624
745525504,Q4_고가,0.0,0.027683202220657455
745570048,Q3,0.0,0.028536084245833815
745594176,Q4_고가,0.0,0.036185744955997134
745612736,Q2,0.0,-0.05810146469742894
745622016,Q1_저가,0.0,0.027288750521454186
745627584,Q4_고가,0.0,0.04147593295654051
745638720,Q1_저가,,0.039933390081388825
745657280,Q4_고가,0.0,0.006031143485402679
745677696,Q3,1.0,-0.0005825098066079004
745703680,Q1_저가,1.0,0.004691009702115723
745718528,Q4_고가,1.0,0.021590981993006575
745727808,Q4_고가,0.0,0.034159209534403656
745751936,Q1_저가,0.0,-0.0258906940874728
745768640,Q3,0.0,0.00323788032050798
745820608,Q2,0.0,-0.009131720485332673
745833600,Q1_저가,0.0,0.0318149345873264
745854016,Q1_저가,0.0,0.04565942241213572
745894848,Q1_저가,0.0,0.023145492676553442
745913408,Q4_고가,,0.04413149147938458
745926400,Q4_고가,0.0,0.03036711281847354
745931968,Q1_저가,0.0,0.02857232939675544
745935680,Q3,,0.00994808327827372
745959808,Q3,1.0,0.014853966215556347
745991360,Q4_고가,0.0,-0.02164510722055124
746006208,Q2,0.0,0.010506681179462962
746019200,Q3,,0.04164910181308506
746043328,Q2,0.0,-0.041464753912802466
746102720,Q2,,-0.00995999347047094
746108288,Q1_저가,0.0,0.028910817652830753
746112000,Q2,0.0,0.061306527835390895
746143552,Q4_고가,1.0,0.005923195147805593
746182528,Q2,,0.028342238159464447
746208512,Q2,,0.01701264932094361
746210368,Q1_저가,0.0,0.061553056654850447
746215936,Q2,1.0,-0.06632362461619445
746219648,Q3,0.0,0.012297490054778815
746228928,Q4_고가,0.0,-0.04939584943337971
746238208,Q3,0.0,0.04544865775327392
746243776,Q4_고가,0.0,0.07308617576689946
746280896,Q1_저가,0.0,0.046534868011282135
746284608,Q4_고가,,-0.015065738106033177
746299456,Q2,0.0,-0.012094536637868664
746303168,Q2,0.0,0.002196425247501632
746310592,Q4_고가,1.0,0.06300736052446831
746327296,Q4_고가,0.0,-0.0064800952625387875
746356992,Q1_저가,0.0,0.03721946349285081
746379264,Q2,0.0,0.008308432123869336
746427520,Q2,0.0,-0.02985882670591966
746429376,Q2,0.0,0.017837728132529165
746459072,Q2,1.0,-0.016887346020946825
746470208,Q2,0.0,-0.007189101767290318
746477632,Q1_저가,,0.03435761828688656
746485056,Q1_저가,0.0,-0.019174059320941628
746501760,Q2,0.0,-0.08122599227793148
746518464,Q1_저가,0.0,0.01829535744837335
746524032,Q2,1.0,0.009847963859708764
746533312,Q1_저가,0.0,0.06012908456909358
746572288,Q4_고가,0.0,0.0012463978681675897
746592704,Q4_고가,0.0,0.04063197139568275
746637248,Q4_고가,0.0,0.021471557702001043
746665088,Q4_고가,0.0,-0.0069728900774490565
746676224,Q4_고가,0.0,0.041438006054334064
746689216,Q4_고가,0.0,0.03991764757903393
746691072,Q3,1.0,0.049107936667784347
746694784,Q1_저가,,-0.05919743436616781
746724480,Q2,0.0,-0.00444006610790304
746728192,Q3,0.0,-0.044201350342898404
746748608,Q1_저가,1.0,0.03690385872524457
746754176,Q3,0.0,0.06208350678499748
746778304,Q3,0.0,0.04107127170452216
746791296,Q2,0.0,0.027857896111330077
746828416,Q4_고가,,0.03851792886025729
746897088,Q1_저가,0.0,-0.040864584874608645
746923072,Q3,0.0,0.033436033655038805
746954624,Q1_저가,0.0,0.02377582874561611
746986176,Q3,0.0,-0.003553946683249487
747004736,Q1_저가,,0.04716921687336548
747088256,Q2,0.0,0.018890544355254946
747104960,Q2,0.0,0.016905143631555375
747110528,Q4_고가,0.0,-0.004649294485080002
747116096,Q1_저가,,0.0018625187600507243
747153216,Q3,0.0,0.06406669623135808
747155072,Q3,0.0,0.05307862855957521
747201472,Q1_저가,0.0,0.025871947843026294
747205184,Q3,0.0,0.002066688623909796
747210752,Q1_저가,0.0,0.07527117250991805
747221888,Q3,0.0,0.05520920770718152
747242304,Q4_고가,0.0,0.05518999818888226
747249728,Q4_고가,0.0,0.0035111617016301278
747253440,Q3,0.0,-0.03735003343519838
747257152,Q3,1.0,0.005855631605414469
747264576,Q4_고가,0.0,0.016069517673290235
747266432,Q2,0.0,0.018124490791981862
747279424,Q3,1.0,0.08706641550149447
747283136,Q4_고가,1.0,0.027412332602441733
747294272,Q2,0.0,-0.023046525477895763
747305408,Q4_고가,0.0,0.07692790262810495
747338816,Q3,1.0,-0.03969385413262849
747359232,Q1_저가,0.0,0.0011751719911293756
747362944,Q1_저가,0.0,-0.012428689712357555
747381504,Q4_고가,1.0,-0.0037821795379414658
747385216,Q4_고가,1.0,-0.00558409720651476
747396352,Q4_고가,,0.04310241665913822
747413056,Q3,0.0,0.05789219956085252
747435328,Q3,1.0,-0.001983992505717791
747453888,Q4_고가,1.0,0.04228782842514975
747461312,Q4_고가,0.0,0.07454231860617799
747465024,Q1_저가,,-0.016861387256740606
747470592,Q4_고가,0.0,0.030124219178509132
747478016,Q4_고가,0.0,0.03044853671687242
747491008,Q4_고가,0.0,0.013845146062097635
747496576,Q1_저가,,-0.010478498865372332
747505856,Q2,0.0,0.036360094359063955
747509568,Q1_저가,0.0,0.02694015235354337
747609792,Q2,0.0,0.017309639605083804
747617216,Q4_고가,0.0,0.031940744986604014
747624640,Q1_저가,0.0,-0.11147043273101354
747632064,Q4_고가,0.0,0.1058675442624386
747669184,Q4_고가,0.0,0.05925039646391528
747676608,Q2,0.0,0.07558216365873216
747734144,Q4_고가,0.0,0.021277819945033305
747748992,Q2,0.0,0.02649278027026028
747819520,Q2,0.0,0.027679261563301458
747832512,Q2,0.0,-0.03302549700711921
747867776,Q1_저가,0.0,-0.025459204405720637
747899328,Q3,0.0,-0.07304286677053917
747910464,Q3,0.0,0.011637799207359079
747917888,Q1_저가,1.0,-0.004055445087933124
747919744,Q1_저가,0.0,0.0315943960762729
747942016,Q3,1.0,0.017077346994538334
747962432,Q1_저가,0.0,0.04805693646109388
747966144,Q3,0.0,0.022506377896115287
747988416,Q4_고가,0.0,0.1658980070920632
747995840,Q4_고가,0.0,0.016663750842201508
748012544,Q4_고가,0.0,0.05240939765089048
748027392,Q1_저가,0.0,0.03220079910777876
748032960,Q4_고가,0.0,-0.0104411581148518
748036672,Q4_고가,,0.06639152757350628
748045952,Q4_고가,1.0,0.036674712533522724
748047808,Q3,1.0,0.0316810485931589
748057088,Q3,0.0,0.04401268294538696
748058944,Q1_저가,0.0,-0.001046205843025283
748068224,Q3,0.0,-0.006691490552588886
748075648,Q4_고가,0.0,0.03324024106664558
748077504,Q3,0.0,-0.009933259012242734
748094208,Q4_고가,,0.05699136769775204
748116480,Q1_저가,0.0,0.0127364320530053
748125760,Q4_고가,0.0,0.022947478054878206
748142464,Q1_저가,0.0,0.020258022252871946
748177728,Q4_고가,0.0,-0.00791529283735401
748185152,Q4_고가,0.0,0.032573013469410994
748190720,Q2,,0.006299364271722396
748216704,Q2,,-0.03450830373845751
748224128,Q3,0.0,0.007786214115671486
748246400,Q4_고가,0.0,-0.0019526765527208
748248256,Q3,,0.010638405462501055
748276096,Q3,0.0,0.0170538327789988
748281664,Q4_고가,,0.08731844808532774
748283520,Q4_고가,1.0,0.01182644960677147
748289088,Q2,0.0,-0.009666253783074591
748292800,Q4_고가,1.0,0.0010120780647591143
748294656,Q4_고가,0.0,0.04454039243003477
748303936,Q1_저가,0.0,0.04473833312245212
748309504,Q4_고가,0.0,0.02228285776571516
748320640,Q2,0.0,0.012908260467723864
748326208,Q2,,-0.00755196951169379
748335488,Q2,0.0,-0.0048621561724729034
748341056,Q3,0.0,0.026662902095655583
748342912,Q2,0.0,0.024235636017681278
748367040,Q1_저가,,0.032134005386649234
748381888,Q3,0.0,0.03445639059086525
748396736,Q3,,0.07364534260128908
748454272,Q3,0.0,0.04710105853153303
748459840,Q2,,0.06597451716952307
748461696,Q2,0.0,-0.026451471122672654
748470976,Q4_고가,0.0,0.06382654144422206
748515520,Q2,1.0,0.04260944456476434
748554496,Q4_고가,0.0,0.013171850538352126
748556352,Q2,0.0,-0.005462295217690316
748561920,Q3,,-0.039343207865285
748582336,Q4_고가,0.0,0.07158229406128946
748587904,Q4_고가,0.0,0.0713190060931953
748678848,Q1_저가,0.0,-0.03480026764581806
748680704,Q3,0.0,0.02410333969929057
748684416,Q4_고가,0.0,-0.034844066208152225
748708544,Q4_고가,0.0,-0.053700860556879504
748710400,Q4_고가,1.0,0.06597653455306218
748717824,Q4_고가,0.0,0.023173897539458088
748762368,Q4_고가,0.0,0.047322767526746023
748769792,Q2,0.0,-0.022473403427475724
748771648,Q1_저가,0.0,0.005661450093976755
748777216,Q2,0.0,0.023238436317923744
748793920,Q4_고가,0.0,-0.05098669774408188
748795776,Q3,0.0,-0.013726045425157596
748801344,Q4_고가,,0.007003720256931967
748805056,Q2,0.0,0.03642208179296534
748810624,Q4_고가,1.0,0.10677563063622453
748825472,Q4_고가,0.0,-0.00589095295816755
748829184,Q2,0.0,-0.16253396143988152
748847744,Q2,0.0,0.007872756716632234
748871872,Q4_고가,0.0,0.05074615495852819
748873728,Q4_고가,0.0,0.004817931548019433
748877440,Q2,1.0,0.03789936332860469
748888576,Q3,1.0,0.0937521909835024
748907136,Q4_고가,,0.04521418975273728
748910848,Q2,0.0,0.08223631043141721
748914560,Q4_고가,0.0,0.06478201691204233
748916416,Q4_고가,0.0,0.030752582508531745
748927552,Q2,1.0,0.04650880112640843
748936832,Q2,0.0,-0.07814182456128466
748940544,Q2,0.0,0.028747520983621933
748946112,Q4_고가,0.0,-0.02961340353754724
748949824,Q4_고가,0.0,0.05236985486382362
748960960,Q2,0.0,0.019579059769674834
749016640,Q4_고가,0.0,0.019687050515065738
749018496,Q2,0.0,0.010173533247678668
749031488,Q3,,0.10366461807231298
749038912,Q4_고가,,0.023428706283572603
749044480,Q1_저가,1.0,0.013249012090652157
749046336,Q3,0.0,-0.023349957496983764
749048192,Q3,0.0,0.026734056364023595
749059328,Q1_저가,1.0,-0.04518900243146701
749089024,Q1_저가,,0.02727418814457458
749118720,Q2,0.0,-0.025866654153866298
749131712,Q4_고가,0.0,-0.056232433866545306
749133568,Q3,0.0,0.03703403846711148
749139136,Q3,,0.020139637435526714
749140992,Q2,0.0,-0.003045633275346571
749153984,Q1_저가,0.0,-0.005900817236501155
749207808,Q2,0.0,0.060290006832903975
749220800,Q2,1.0,-0.040263392185321906
749226368,Q3,0.0,0.08325550860037739
749243072,Q4_고가,,-0.0037669691713264064
749244928,Q4_고가,0.0,0.03972162197911211
749252352,Q3,0.0,-0.013395051329170182
749254208,Q3,0.0,-0.019870647683304765
749272768,Q4_고가,1.0,0.0145377317367833
749280192,Q4_고가,0.0,0.043806564669324644
749298752,Q3,1.0,0.006591396211818257
749322880,Q4_고가,,0.017433131623523335
749328448,Q4_고가,0.0,0.026157575266218563
749335872,Q3,0.0,0.08193785610198401
749343296,Q3,0.0,0.029845467411353563
749347008,Q4_고가,0.0,0.035158395976523225
749369280,Q1_저가,1.0,0.036149141143001676
749374848,Q1_저가,0.0,0.07163460514965453
749385984,Q4_고가,,0.009249856077401253
749387840,Q4_고가,1.0,0.07742311478949304
749406400,Q2,0.0,-0.017154516995584818
749428672,Q3,0.0,0.06333603899115148
749430528,Q4_고가,,0.01415909681679317
749482496,Q1_저가,0.0,-0.05993116518714825
749493632,Q2,0.0,-0.014484715427226041
749506624,Q2,0.0,-0.013632553894058042
749517760,Q3,0.0,0.049439693408844146
749519616,Q2,0.0,0.042281233208487645
749556736,Q4_고가,0.0,0.0870814361942247
749580864,Q2,0.0,0.0879133368047027
749588288,Q2,1.0,-0.0434570581050612
749616128,Q3,0.0,-0.05164934177098707
749660672,Q2,0.0,0.024921035017114415
749679232,Q3,0.0,0.04855803446400697
749682944,Q3,0.0,0.13560524751648972
749708928,Q1_저가,0.0,-0.010096784039538259
749716352,Q3,0.0,0.08898772699387181
749729344,Q3,0.0,0.0138207490135632
749892672,Q3,0.0,0.033401575881543244
750024448,Q4_고가,0.0,0.04608277563621688
750030016,Q2,0.0,0.008872568095094402
750150656,Q1_저가,1.0,-0.009297588121896239
750260160,Q1_저가,0.0,-0.060636289036625435
750403072,Q3,0.0,-0.019095563381255953
750427200,Q4_고가,0.0,-0.010304149128417928
750620224,Q1_저가,0.0,-0.023726297742692526
750904192,Q1_저가,0.0,-0.04695553216114007
750920896,Q3,0.0,0.03233901820999695
751097216,Q4_고가,0.0,0.029399496299011008
751171456,Q1_저가,1.0,-0.004516512765705527
751305088,Q2,0.0,-0.04777039805554342
751340352,Q4_고가,0.0,0.01936041111006659
751384896,Q2,0.0,0.009682090674284605
751442432,Q3,1.0,0.14063216588766025
751579776,Q1_저가,0.0,0.03129197259175215
751605760,Q2,0.0,0.04966233694282007
751641024,Q4_고가,0.0,0.029584555086061726
751941696,Q2,0.0,0.005726630382661302
752054912,Q1_저가,0.0,0.015395058120120736
752064192,Q2,,-0.058029318782434114
752149568,Q4_고가,0.0,0.12881088309358724
752327744,Q3,,-0.035945843457296456
752400128,Q4_고가,,0.04079440994625749
752431680,Q4_고가,1.0,0.033648382268041566
752474368,Q4_고가,0.0,0.04321097790352624
752513344,Q1_저가,0.0,0.05158699292919178
752567168,Q2,0.0,-0.07216722867442743
752622848,Q4_고가,0.0,0.05314601061706725
752628416,Q4_고가,0.0,-0.01501634947076802
752697088,Q1_저가,1.0,-0.046182184445262675
752832576,Q4_고가,0.0,0.03318333427968656
752891968,Q3,1.0,-0.009037882206887615
752960640,Q2,0.0,-0.06209261602555466
752997760,Q4_고가,0.0,-0.042958269254626535
752999616,Q3,0.0,0.048388446769886705
753138816,Q4_고가,0.0,0.05548885110601265
753368960,Q4_고가,0.0,0.15669884596671513
753446912,Q4_고가,0.0,0.05601365297752667
753519296,Q4_고가,0.0,0.06739056499445284
754118784,Q2,1.0,0.030810103044130677
754187456,Q3,0.0,-0.03652274865941013
754220864,Q2,0.0,-0.08061138752119135
754322944,Q2,0.0,0.010080291134765829
754714560,Q1_저가,0.0,-0.012891429932091553
754866752,Q2,0.0,-0.026698228277807795
754998528,Q2,0.0,0.01614166992859639
755230528,Q4_고가,,0.005192381931971246
755384576,Q3,0.0,0.04025461473546607
755657408,Q2,1.0,-0.020382466807840366
755943232,Q1_저가,0.0,-0.006445090612290594
756013760,Q2,,0.006465397630218805
756462912,Q4_고가,0.0,0.025998376884722174
756533440,Q1_저가,,-0.02831909330791066
756553856,Q4_고가,0.0,0.04729791629493785
756720896,Q3,1.0,0.10869474050336048
756847104,Q1_저가,0.0,-0.001068326550875881
756854528,Q4_고가,,-0.00503985767560608
757014144,Q4_고가,0.0,-0.01196750339055419
757021568,Q3,0.0,-0.026454396011519554
757279552,Q1_저가,1.0,0.02674636357253489
757307392,Q2,0.0,0.05048696580842965
757372352,Q1_저가,1.0,-0.01674083385016356
757437312,Q3,,0.06884300046327074
757554240,Q1_저가,1.0,0.03468876359027048
757639616,Q1_저가,1.0,0.035998477079797975
757671168,Q3,0.0,0.021771748572322447
757693440,Q1_저가,0.0,0.04960753928457676
757699008,Q3,0.0,-0.042737093032877316
757812224,Q3,0.0,-0.041977335561045104
757830784,Q3,0.0,0.03718794002186021
757916160,Q3,0.0,0.04896093462570275
758072064,Q1_저가,0.0,-0.0408408389041629
758203840,Q4_고가,0.0,0.02656199349045342
758330048,Q2,0.0,0.04108951726010679
758380160,Q1_저가,0.0,-0.10476624198372719
758684544,Q1_저가,0.0,0.04212798586252936
758751360,Q4_고가,,0.00832200233872965
758833024,Q2,,-0.005609299507130433
758951808,Q2,,-0.029741263468097356
759059456,Q3,0.0,-0.006423447012671835
759133696,Q1_저가,0.0,0.0038167575888179844
759202368,Q4_고가,0.0,0.010077024696949266
759230208,Q4_고가,0.0,-0.037565556781884335
759593984,Q2,0.0,0.029029735673626808
759625536,Q1_저가,0.0,0.03258721620587382
759638528,Q4_고가,0.0,0.018628102276838643
759699776,Q2,0.0,-0.0029609909555431413
759770304,Q2,0.0,-0.0032536523854344024
759785152,Q3,1.0,0.01489486932337615
759807424,Q3,0.0,-0.018083057904238253
759955904,Q3,0.0,0.030926148167598894
759994880,Q2,0.0,0.005326064735373837
760093248,Q1_저가,,0.024684014941638438
760100672,Q3,0.0,0.09356610714103775
760377216,Q1_저가,0.0,0.0036948256806697
760393920,Q3,0.0,0.05188883451892934
760412480,Q1_저가,0.0,0.03148372082761855
760419904,Q4_고가,,0.02296030269105609
760431040,Q4_고가,,-0.018393643939451754
760755840,Q3,,0.003754828989758624
760796672,Q2,0.0,0.05045652468730771
760882048,Q3,0.0,-0.0477242113138594
760991552,Q1_저가,0.0,0.035231757501532
761041664,Q4_고가,,0.04717310254572092
761049088,Q3,1.0,-0.003975051912092353
761067648,Q4_고가,0.0,0.03263299296332456
761075072,Q3,1.0,-0.0636359170113524
761110336,Q2,0.0,0.021961725311139935
761114048,Q4_고가,,-0.0018724302279052307
761147456,Q3,0.0,0.052093427819364255
761149312,Q1_저가,0.0,0.019023142477468433
761156736,Q4_고가,0.0,-0.018311050860702782
761164160,Q2,0.0,0.032954071909567145
761169728,Q3,0.0,-0.03733219792662834
761182720,Q1_저가,0.0,0.04206065224381436
761210560,Q3,,-0.012171884547464651
761242112,Q3,,-0.040007518879194515
761245824,Q1_저가,0.0,-0.02764782244860642
761299648,Q4_고가,0.0,0.052873848093714315
761314496,Q3,0.0,0.06201841888623705
761346048,Q4_고가,0.0,0.05240405788684099
761366464,Q3,0.0,0.05008758306894734
761399872,Q2,1.0,-0.04469654049400468
761403584,Q3,0.0,0.04639324099134011
761414720,Q2,0.0,0.006134817729211983
761505664,Q2,1.0,-0.02565945676286191
761533504,Q1_저가,0.0,0.03262917256298334
761539072,Q4_고가,0.0,-0.020086503422781732
761596608,Q4_고가,0.0,0.1119147831660966
761604032,Q4_고가,,-0.019317484734060586
761615168,Q4_고가,1.0,0.08158330454598259
761622592,Q3,0.0,0.0422342999909362
761624448,Q1_저가,0.0,-0.04194020883655858
761646720,Q3,1.0,0.0475401889060858
761657856,Q1_저가,0.0,0.012314032006248643
761680128,Q2,0.0,0.03158609700145994
761687552,Q1_저가,0.0,0.012928008178196171
761696832,Q2,0.0,0.017475287256581262
761702400,Q4_고가,0.0,0.0375850301491409
761724672,Q1_저가,0.0,-0.0041239995431913146
761728384,Q3,,0.014748280226596133
761739520,Q4_고가,0.0,0.04014058432289436
761767360,Q3,0.0,0.02168062932264414
761776640,Q3,0.0,-0.0025278719709206088
761784064,Q2,0.0,-0.018554505615810263
761802624,Q4_고가,,0.04366057522579195
761815616,Q4_고가,,0.06263877363857617
761830464,Q4_고가,0.0,0.024072884956042984
761836032,Q2,1.0,-0.012144917297783164
761847168,Q4_고가,0.0,0.02741891132014873
761865728,Q3,1.0,-0.007729071881885763
761886144,Q3,0.0,0.05098696158539368
761899136,Q4_고가,,0.014394938033172267
761949248,Q3,1.0,0.01115851640228073
761952960,Q4_고가,0.0,0.05647504283483107
762001216,Q3,,0.07044776901130985
762055040,Q3,0.0,-0.03328323809862366
762107008,Q2,0.0,0.0008393632736138912
762121856,Q1_저가,0.0,0.02073298372450097
762132992,Q3,0.0,0.05655648299825439
762140416,Q1_저가,0.0,0.03184008434135355
762147840,Q4_고가,0.0,-0.05128224678559751
762153408,Q1_저가,0.0,-0.05493624656425311
762166400,Q4_고가,,0.022188268346081008
762173824,Q1_저가,0.0,0.02064639961734556
762184960,Q3,0.0,0.12015713395645289
762209088,Q4_고가,,0.011623171896525536
762288896,Q2,0.0,0.009285239977155024
762305600,Q4_고가,0.0,-0.01826991263170119
762322304,Q2,,0.08713252535403343
762337152,Q4_고가,,0.055191536600144975
762342720,Q1_저가,0.0,0.03351320880956943
762352000,Q4_고가,0.0,0.0029748555613191008
762355712,Q3,,0.0013632769918061616
762387264,Q3,0.0,-0.02944673122678454
762411392,Q1_저가,1.0,0.04653014770327632
762413248,Q3,0.0,-0.033404182495029855
762442944,Q4_고가,0.0,-0.0013096762557841535
762468928,Q1_저가,0.0,-0.1483758263131032
762476352,Q4_고가,,-0.05053607021624651
762487488,Q2,0.0,-0.026903338473822258
762496768,Q2,0.0,0.01583320042913708
762513472,Q4_고가,0.0,-0.017435384017074007
762545024,Q3,0.0,-0.043468104655074224
762561728,Q2,0.0,0.03697521714946517
762606272,Q3,0.0,-0.09287493667144031
762608128,Q4_고가,0.0,0.12571549107005875
762660096,Q4_고가,0.0,0.025203737711276042
762682368,Q2,0.0,0.03108560375376057
762695360,Q4_고가,0.0,-0.022177868140662305
762717632,Q3,0.0,0.007079736606758369
762721344,Q3,1.0,0.0571311816122769
762732480,Q2,0.0,0.018911457585669658
762745472,Q4_고가,1.0,0.12002163731748172
762762176,Q3,0.0,0.021509826027090034
762804864,Q3,0.0,-0.0032726825868747422
762823424,Q3,1.0,-0.06906416747234434
762827136,Q2,,0.008499909981831227
762882816,Q2,,0.00641739816839193
762895808,Q1_저가,,0.015018859107382987
762966336,Q4_고가,0.0,0.04699498197379259
762988608,Q4_고가,0.0,-0.05055245978938322
762990464,Q1_저가,0.0,0.03168893415042401
763005312,Q3,,0.04515905095068684
763010880,Q4_고가,0.0,0.07066546692992004
763042432,Q2,0.0,-0.022134423017715316
763066560,Q4_고가,0.0,0.060604164517249634
763068416,Q2,0.0,-0.03253383811658181
763135232,Q4_고가,0.0,0.02073784256550551
763137088,Q3,0.0,-0.03616687917700756
763142656,Q2,0.0,0.03536632757376658
763213184,Q4_고가,,0.05819000795503493
763215040,Q1_저가,0.0,0.03240950160895184
763281856,Q4_고가,0.0,0.005221035377358407
763285568,Q4_고가,0.0,0.09820378966575899
763311552,Q1_저가,,-0.056694816996419206
763322688,Q3,0.0,-0.05093359394613983
763331968,Q2,0.0,-0.012779764502994118
763359808,Q4_고가,0.0,0.04359472096124589
763363520,Q3,0.0,0.010843100563136865
763378368,Q2,0.0,-0.03196718454795078
763404352,Q4_고가,1.0,0.058756656034445576
763406208,Q1_저가,0.0,-0.017995701196366842
763417344,Q4_고가,,0.011949191191966205
763452608,Q2,0.0,-0.030903408221536643
763476736,Q1_저가,0.0,0.003712583739928943
763478592,Q4_고가,0.0,0.019391056806543072
763482304,Q1_저가,0.0,-0.021195679633710607
763493440,Q2,0.0,-0.017128267120460894
763499008,Q2,,0.02439567852202608
763506432,Q2,1.0,0.06099994051545754
763515712,Q4_고가,0.0,0.06983161583298159
763517568,Q3,0.0,-0.03544154984255021
763549120,Q3,0.0,-0.0026010627681194443
763569536,Q2,0.0,-0.015138352766908364
763595520,Q2,,0.005991214903579983
763634496,Q1_저가,,0.03326713658829299
763660480,Q1_저가,0.0,0.03307281347540259
763679040,Q4_고가,,-0.020039080076521776
763682752,Q2,0.0,-0.036585038548862775
763723584,Q2,1.0,-0.05020859420223267
763742144,Q4_고가,0.0,0.014159195478684952
763762560,Q4_고가,0.0,0.05032827435395626
763790400,Q2,1.0,0.015484312201892642
763827520,Q2,1.0,0.05432474205237374
763844224,Q1_저가,1.0,0.050359514735588126
763875776,Q4_고가,1.0,0.042092959519481166
763925888,Q4_고가,,0.03431192419382653
763931456,Q2,0.0,0.017036038382126778
763955584,Q1_저가,0.0,0.0012527346067604528
763964864,Q4_고가,0.0,0.07224424532531659
763972288,Q1_저가,0.0,0.03594323607132667
763974144,Q3,1.0,0.037411046240851634
763994560,Q3,1.0,0.015698657314373504
764076224,Q1_저가,1.0,0.012135563858016826
764118912,Q3,0.0,-0.04506609700704145
764144896,Q2,0.0,0.005837296799969485
764180160,Q3,0.0,0.03781108571545849
764204288,Q2,0.0,-0.03940978016676727
764211712,Q4_고가,0.0,-0.0062441408017456235
764232128,Q4_고가,,-0.007778494575562234
764263680,Q3,0.0,0.040508882676956716
764271104,Q4_고가,0.0,0.030570861181084652
764284096,Q3,,-0.04071751516879485
764306368,Q2,,-0.043061512932598744
764310080,Q2,0.0,-0.04257051511198717
764313792,Q3,1.0,0.0017325503649217033
764315648,Q1_저가,0.0,0.00802005518682955
764326784,Q1_저가,,-0.038677020689507347
764328640,Q4_고가,0.0,0.11209508221581965
764330496,Q1_저가,1.0,0.030170159563281687
764332352,Q4_고가,0.0,0.046406523218362694
764345344,Q2,0.0,-0.024364930765820275
764352768,Q4_고가,0.0,0.05833519342288174
764358336,Q1_저가,0.0,0.0391031654060362
764365760,Q1_저가,0.0,0.03582073852774592
764393600,Q2,0.0,-0.051014836954210996
764406592,Q1_저가,,-0.047842864712672406
764425152,Q3,,0.005621080092167732
764428864,Q1_저가,0.0,0.053562221076223465
764430720,Q2,1.0,0.026383328767505182
764432576,Q1_저가,0.0,0.040411879918802684
764438144,Q3,0.0,0.024182354766296904
764480832,Q3,1.0,-0.049021164067453826
764493824,Q2,0.0,0.031161902187735402
764562496,Q2,1.0,0.002884945316189616
764566208,Q2,1.0,-0.0340751606449351
764581056,Q3,1.0,0.0016633519683371123
764592192,Q4_고가,0.0,0.012555065832697498
764618176,Q1_저가,1.0,0.015823583442574757
764625600,Q3,1.0,0.010409281392982472
764649728,Q4_고가,0.0,0.01132893502746446
764692416,Q3,1.0,0.022222033859698342
764699840,Q2,1.0,0.02508045659579139
764714688,Q4_고가,0.0,-0.002783960930844376
764742528,Q2,0.0,0.10126253488379489
764751808,Q3,0.0,0.006130492017980216
764762944,Q1_저가,,-0.009930284851057486
764774080,Q3,,-0.046384949311655904
764801920,Q1_저가,0.0,0.02374866110255855
764805632,Q2,1.0,0.03156517530269476
764811200,Q2,0.0,0.037253773689381764
764820480,Q2,1.0,-0.049275455005439395
764842752,Q1_저가,0.0,-0.1278581395435644
764855744,Q4_고가,0.0,0.03281220825423968
764948544,Q3,1.0,0.01497211188976387
764981952,Q2,0.0,-0.03970512851444197
764983808,Q1_저가,0.0,0.01597472333559033
765013504,Q2,1.0,0.046361086918297545
765032064,Q2,0.0,0.0238192285053149
765054336,Q1_저가,0.0,-0.03289687503954608
765076608,Q3,0.0,-0.1547011366603383
765080320,Q1_저가,0.0,-0.03168226588396805
765084032,Q3,,0.06125381730272937
765106304,Q2,0.0,-0.01120734763095746
765141568,Q4_고가,,0.15097975238811945
765230656,Q2,1.0,-0.015596179795627718
765275200,Q4_고가,0.0,0.0627426650565065
765330880,Q4_고가,0.0,0.15228298429306641
765342016,Q1_저가,0.0,0.05082917771573767
765392128,Q2,,0.009850676096398892
765462656,Q3,0.0,-0.03479394666664143
765538752,Q2,0.0,0.0035602818459923302
765542464,Q4_고가,0.0,-0.04644375539321077
765555456,Q1_저가,1.0,0.016525136233291715
765598144,Q1_저가,1.0,0.023711604209357168
765638976,Q3,0.0,0.03252880475916314
765644544,Q2,0.0,-0.0002505099652663767
765661248,Q1_저가,,0.0366702278619989
765709504,Q4_고가,0.0,0.018002611144245256
765728064,Q3,0.0,0.021776696613340765
765752192,Q4_고가,,0.03140195985728188
765759616,Q3,0.0,0.012322036545816428
765791168,Q2,1.0,0.05916763375762944
765846848,Q4_고가,0.0,0.01706401573700886
765863552,Q2,0.0,0.16031272936506552
765930368,Q2,0.0,0.01679457079118607
765973056,Q2,1.0,0.014177870785315183
765980480,Q4_고가,0.0,0.007280842525367426
765986048,Q3,0.0,-0.027156475027936833
766015744,Q3,,0.013852546465641352
766051008,Q4_고가,0.0,0.03961103055823456
766076992,Q4_고가,0.0,0.06068407218491603
766088128,Q3,0.0,0.1879427837761809
766091840,Q1_저가,0.0,-0.07070565754315933
766115968,Q2,0.0,0.01855373272262162
766143808,Q1_저가,0.0,0.03469491897030101
766149376,Q2,1.0,0.03510110475953164
766169792,Q4_고가,,0.020113511179723362
766205056,Q2,1.0,0.03832238171096147
766236608,Q2,0.0,0.018433292658305067
766266304,Q1_저가,0.0,0.008966688045409427
766271872,Q2,1.0,0.07386072242436426
766297856,Q2,0.0,0.03382429771398757
766305280,Q1_저가,1.0,0.03004981372883765
766422208,Q1_저가,1.0,0.03333997600620675
766437056,Q3,0.0,-0.07058497099478131
766448192,Q3,,-0.1085424296685078
766461184,Q2,1.0,-0.01644510169939667
766503872,Q2,1.0,-0.003930160061299093
766505728,Q3,0.0,0.018886123084496664
766537280,Q4_고가,0.0,-0.0035255651560635037
766553984,Q4_고가,0.0,0.01963143994528166
766622656,Q3,1.0,-0.019506511318065467
766644928,Q2,,-0.018603951373001637
766652352,Q4_고가,0.0,0.020639112177336744
766661632,Q2,1.0,-0.007138339092282231
766672768,Q1_저가,0.0,0.028038566145629953
766685760,Q2,0.0,0.026556599596970654
766717312,Q1_저가,1.0,0.03741908545054373
766730304,Q1_저가,0.0,-0.03424162882256854
766735872,Q3,0.0,-0.0398073975243477
766806400,Q1_저가,,0.00137726582669577
766823104,Q1_저가,0.0,0.031371531536909275
766830528,Q2,0.0,-0.029677754823663305
766854656,Q3,1.0,0.05746624116331572
766856512,Q2,1.0,0.010567993984372942
766897344,Q2,0.0,0.03932813909114874
766902912,Q3,,0.037000832169532906
766941888,Q3,,-0.11356572156172212
766973440,Q1_저가,0.0,0.03686633238823235
767032832,Q2,0.0,0.05402487121541312
767036544,Q2,1.0,0.06516025292372285
767075520,Q1_저가,0.0,-0.008541889785885534
767114496,Q1_저가,0.0,0.0428827500947496
767121920,Q3,,0.057717691503765836
767133056,Q2,0.0,0.02006124505672449
767142336,Q3,0.0,-0.05119607941634363
767146048,Q1_저가,0.0,0.046592068193875485
767173888,Q3,0.0,-0.01405158288176514
767203584,Q4_고가,0.0,0.0433822411209121
767264832,Q4_고가,1.0,0.12097361269670914
767294528,Q4_고가,,0.02992504482287478
767366912,Q4_고가,1.0,-0.014746445981332512
767404032,Q3,,-0.011898351776219757
767437440,Q3,1.0,0.017041601341102913
767463424,Q4_고가,1.0,0.063796694793885
767526528,Q1_저가,0.0,-0.03768566940563589
767545088,Q4_고가,0.0,0.007347094808446267
767572928,Q2,0.0,-0.02167896962765853
767595200,Q1_저가,,-0.07311271031527677
767604480,Q1_저가,0.0,0.04153295539124123
767645312,Q3,,0.046243405033947645
767647168,Q2,1.0,0.018893097789083463
767764096,Q3,1.0,-0.008294313205851167
767782656,Q3,0.0,0.13869832921730652
767803072,Q2,0.0,0.023922795507390238
767829056,Q3,0.0,0.03696078275811243
767929280,Q4_고가,0.0,-0.01148282842980497
767951552,Q3,1.0,-0.018335762149433887
767960832,Q2,,0.05561120793525676
767966400,Q3,0.0,-0.04106659719570355
767971968,Q2,1.0,0.061706135917880905
767988672,Q1_저가,1.0,-0.0017533567442249431
768001664,Q2,0.0,0.016485797013407938
768033216,Q2,,0.07668530929993789
768035072,Q3,0.0,0.07462446119746186
768042496,Q4_고가,0.0,0.0628498222384557
768107456,Q1_저가,0.0,0.045696448545525264
768118592,Q1_저가,1.0,0.05399601198759516
768196544,Q1_저가,,0.02292922870433159
768207680,Q4_고가,1.0,-0.037656593819158396
768272640,Q2,0.0,0.02826036664330346
768293056,Q4_고가,0.0,-0.0009392943969471768
768307904,Q4_고가,0.0,0.04960574648651317
768315328,Q2,,0.03596162444248724
768319040,Q3,0.0,-0.0068578814109355735
768322752,Q4_고가,,-0.03197419871507795
768332032,Q3,0.0,-0.01876479971948536
768333888,Q2,1.0,-0.10547731025348858
768356160,Q2,0.0,0.03130421270346209
768371008,Q4_고가,0.0,0.07526949593048515
768372864,Q2,0.0,-0.04877918648337093
768406272,Q1_저가,0.0,0.0031039284347574303
768437824,Q1_저가,0.0,0.039371370955519736
768445248,Q4_고가,,0.03199851619980096
768458240,Q3,1.0,0.03499298352849532
768469376,Q4_고가,0.0,0.030030751641226483
768478656,Q2,0.0,0.011564241615764748
768497216,Q2,0.0,-0.08783693387448849
768502784,Q4_고가,0.0,0.0327065266809779
768517632,Q2,0.0,-0.011684212085725232
768525056,Q2,0.0,-0.006907153115147113
768526912,Q1_저가,,-0.04965631286535366
768541760,Q4_고가,1.0,0.010561571226521418
768588160,Q4_고가,,0.03407625992740243
768606720,Q1_저가,1.0,-0.10706761639075257
768616000,Q2,1.0,-0.050720870961587394
768621568,Q2,1.0,0.03609256885471224
768625280,Q4_고가,1.0,0.003832110129998234
768656832,Q2,0.0,-0.02955204671813519
768664256,Q1_저가,1.0,-0.008049498819660661
768667968,Q4_고가,0.0,-0.008923988766814717
768706944,Q3,0.0,0.07985490846235149
768740352,Q4_고가,0.0,0.06535385085711604
768751488,Q3,1.0,0.01461771295169667
768770048,Q2,1.0,0.022997762719359605
768792320,Q2,0.0,-0.003930004534756559
768803456,Q3,1.0,-0.072449170877454
768820160,Q1_저가,0.0,-0.03552053717520143
768835008,Q1_저가,,0.029885574819500244
768899968,Q2,0.0,0.09491854589851689
768903680,Q2,1.0,0.023291019650207398
768918528,Q1_저가,,0.033905323331505616
768933376,Q2,1.0,-0.06786763532621021
768935232,Q1_저가,0.0,0.02831078739863757
768953792,Q4_고가,0.0,0.05576909917310269
768974208,Q3,0.0,0.0752314413147015
768976064,Q2,1.0,0.014443505980831328
769041024,Q2,1.0,-0.018893172904165145
769074432,Q3,0.0,-0.04650424531070396
769076288,Q2,1.0,0.03155760726275714
769091136,Q3,0.0,0.011326410536179332
769206208,Q4_고가,1.0,0.00047418276096847234
769211776,Q3,0.0,-0.01880575734223555
769232192,Q1_저가,,0.03922352136499438
769235904,Q2,0.0,0.0326639643306631
769263744,Q4_고가,0.0,0.019252139109607658
769276736,Q1_저가,,0.04607801699859407
769286016,Q1_저가,0.0,-0.00014989327445168177
769295296,Q2,,0.053484088963258236
769300864,Q4_고가,1.0,0.03516919080873071
769319424,Q3,0.0,-0.003050376398442689
769391808,Q4_고가,0.0,-0.04207078575051976
769415936,Q2,,-0.02522692696283943
769417792,Q3,0.0,-0.034442207227308286
769419648,Q2,0.0,0.004230172823466938
769460480,Q2,0.0,0.08708527960818635
769495744,Q3,1.0,0.10310328100583077
769506880,Q4_고가,,0.035577480456812464
769510592,Q2,0.0,0.04757541743946658
769512448,Q2,0.0,0.03662761468155745
769519872,Q1_저가,0.0,0.03033300333742192
769521728,Q4_고가,0.0,0.05093609931586754
769532864,Q2,0.0,0.07431547947859884
769544000,Q3,0.0,0.0681312786755292
769577408,Q3,0.0,0.020021710784024926
769607104,Q2,0.0,-0.020251107081449837
769621952,Q3,,0.06344241324652633
769638656,Q3,,0.06763466789288526
769675776,Q3,,0.0534368586630147
769712896,Q3,0.0,0.0713786420489898
769727744,Q3,0.0,-0.043217819271581526
769729600,Q1_저가,0.0,-0.04351029135812512
769748160,Q2,,0.04405934051797494
769774144,Q4_고가,0.0,0.025192825237849673
769781568,Q4_고가,1.0,0.009850285198387376
769798272,Q1_저가,0.0,0.12506644845446346
769833536,Q3,1.0,0.025980143656016752
769848384,Q3,,-0.04137129800615996
769850240,Q4_고가,0.0,0.02204051691217504
769857664,Q4_고가,0.0,0.03172922271829183
769865088,Q1_저가,0.0,-0.008842612491432367
769868800,Q4_고가,1.0,0.0171406845586779
769918912,Q1_저가,1.0,0.0493312827169026
769948608,Q4_고가,,-0.011356194482943782
769959744,Q1_저가,0.0,0.026618888564023085
769978304,Q2,0.0,0.010051205883597092
769983872,Q1_저가,0.0,0.028907383319145746
770008000,Q2,1.0,0.04153749429250851
770019136,Q4_고가,,-0.15250445346495028
770087808,Q2,1.0,0.05342113186338038
770091520,Q1_저가,0.0,0.05400130804571947
770097088,Q3,,0.031425090715268444
770100800,Q1_저가,0.0,0.03727180826028455
770134208,Q1_저가,1.0,-0.003197657036419277
770195456,Q1_저가,,0.03995568636815244
770262272,Q3,1.0,0.008230354182192867
770301248,Q4_고가,0.0,0.03565980463808044
770303104,Q2,,-0.020014717607365118
770410752,Q3,0.0,-0.003687851200093878
770427456,Q2,0.0,0.017747981679516855
770490560,Q1_저가,1.0,0.04323539481288188
770575936,Q4_고가,0.0,0.021446837320336032
770700288,Q1_저가,0.0,0.0007990101024645813
770876608,Q3,1.0,-0.06325447127543943
771051072,Q1_저가,0.0,0.0023503032569223425
771093760,Q2,0.0,0.023711206797968898
771401856,Q2,0.0,0.012792952754599421
771448256,Q4_고가,0.0,0.07785669282222873
771468672,Q4_고가,0.0,0.040405120300011865
771477952,Q2,,0.021959106246260546
771539200,Q2,0.0,0.019538672160114734
771869568,Q4_고가,1.0,-0.00912146263711655
771895552,Q3,0.0,0.035132536767546504
772006912,Q4_고가,,0.03213625954564488
772307584,Q3,0.0,-0.003076095057469863
772350272,Q4_고가,1.0,0.03548545730576026
772359552,Q4_고가,0.0,-0.00497338289091831
772383680,Q1_저가,,0.05630590139432029
772465344,Q1_저가,,-0.08323499644263732
772851392,Q2,0.0,0.03561958403566812
772921920,Q4_고가,0.0,-0.08994057336326278
772947904,Q4_고가,0.0,0.04128566836383274
773051840,Q1_저가,0.0,0.04557873332589389
773113088,Q1_저가,0.0,-0.024834468362696982
773270848,Q4_고가,0.0,0.02800422595410723
773623488,Q3,0.0,-0.02922820356858133
773649472,Q2,0.0,0.03738929857972517
773939008,Q2,0.0,0.006069873472700216
774054080,Q3,0.0,0.08202475322167468
774326912,Q1_저가,0.0,0.039579016110005534
774393728,Q2,0.0,-0.014307223147505876
774510656,Q1_저가,1.0,0.08547134439851495
774544064,Q4_고가,0.0,0.01199125110923882
774625728,Q3,1.0,-0.015542273433212184
774644288,Q2,0.0,-0.07195258778541958
774673984,Q1_저가,0.0,0.0048815178389846475
774699968,Q4_고가,0.0,0.02731563814845378
774789056,Q3,0.0,0.019072876551239376
775099008,Q4_고가,0.0,0.012910468449190318
775167680,Q1_저가,0.0,-0.09986529629324303
775227072,Q1_저가,0.0,0.01785969196400765
775321728,Q2,0.0,-0.0009817266034676253
775336576,Q1_저가,,-0.05499899621140697
775524032,Q3,1.0,0.06717961540725748
775542592,Q4_고가,0.0,0.0887486038231512
775564864,Q3,0.0,0.07203860689117947
775581568,Q3,,-0.007989540258304256
775850688,Q2,0.0,0.004879300128384612
775887808,Q3,,-0.013400680048931635
775962048,Q3,0.0,0.04775842696085042
775978752,Q4_고가,0.0,-0.0083232758824211
776698880,Q2,,-0.004411218294704811
776737856,Q1_저가,0.0,0.04900666336834071
776745280,Q3,0.0,0.03442061758142234
777012544,Q4_고가,,0.035158657359710466
777045952,Q3,0.0,-0.005807724718539409
777051520,Q4_고가,0.0,-0.00043381777445536396
777073792,Q4_고가,0.0,0.011181362876296189
777086784,Q2,,-1.8546779358863397e-05
777120192,Q1_저가,0.0,-0.021228820687494765
777127616,Q2,0.0,0.032834524916457414
777461696,Q4_고가,0.0,0.026691996446174107
777463552,Q2,0.0,0.02467500433173686
777470976,Q3,0.0,-0.033540790665872566
777664000,Q2,0.0,0.15204878142766343
777808768,Q3,0.0,0.1250076563153869
777814336,Q4_고가,1.0,0.008800759458981733
778115008,Q2,,0.0814551267081296
778116864,Q1_저가,0.0,0.027417764691601218
778517760,Q2,,-0.005943875534336285
778608704,Q3,0.0,-0.09561883728956266
778656960,Q1_저가,0.0,0.018531819385692344
778790592,Q4_고가,0.0,0.009766102591133585
778892672,Q3,0.0,0.021796281603241874
778907520,Q4_고가,,0.02969401243380128
778922368,Q1_저가,,0.026441247274467672
778965056,Q3,0.0,0.02779069168528192
779141376,Q3,1.0,-0.0020987657708149976
779312128,Q3,,0.03489509396766841
779455040,Q1_저가,1.0,0.0033362493791917747
779505152,Q2,0.0,-0.021657767339863354
779752000,Q2,0.0,-0.012563191736128354
779777984,Q1_저가,,0.044906302132730946
779985856,Q2,,-0.004397957294473842
780054528,Q4_고가,0.0,0.02398433881660665
780219712,Q3,0.0,0.0034052294784555626
780306944,Q3,0.0,0.058692546429853776
780381184,Q1_저가,0.0,0.0290703306566861
780436864,Q2,0.0,-0.0003326868482474987
780735680,Q4_고가,,0.01490753580812959
780793216,Q4_고가,0.0,0.003822453106387236
780854464,Q4_고가,0.0,-0.0067432895530791515
780886016,Q4_고가,,0.015093622217297487
780980672,Q3,,-0.04451224081788224
780999232,Q4_고가,,0.02509621441128662
781010368,Q1_저가,0.0,0.02189336493935083
781019648,Q3,0.0,0.07909527720616838
781066048,Q3,,0.04726274240397055
781190400,Q4_고가,0.0,-0.0025422937589770767
781348160,Q3,1.0,0.047573055346223914
781359296,Q4_고가,0.0,0.04002553640323914
781710080,Q4_고가,1.0,0.007223414319316626
781786176,Q3,0.0,0.03534313691089138
781947648,Q4_고가,,-0.03425539517796694
782047872,Q1_저가,,0.031518547193195905
782075712,Q4_고가,0.0,0.1447994309248073
782235328,Q3,1.0,-0.07155301821357551
782634368,Q3,,0.007710195450781665
783079808,Q4_고가,0.0,0.026570850903974375
783089088,Q2,1.0,0.001969923567625931
783380480,Q4_고가,1.0,0.032805852870416555
783480704,Q3,0.0,0.014550464173218258
783540096,Q4_고가,0.0,0.06539465347235893
783556800,Q4_고가,,0.004737191410333075
783924288,Q3,,-0.02161429201760265
784015232,Q1_저가,,0.03297657859087495
784052352,Q1_저가,,0.0071272266710260546
784091328,Q3,0.0,-0.023866422588524006
784104320,Q4_고가,0.0,0.0016109639175677648
784284352,Q1_저가,0.0,0.03683260964472311
784688960,Q1_저가,0.0,-0.11687479521986632
784722368,Q2,0.0,-0.039350539821788044
784802176,Q1_저가,0.0,0.030005720233279992
784911680,Q3,0.0,0.010424021634294567
784924672,Q1_저가,0.0,-0.021074719333279646
785034176,Q4_고가,,0.030743829172234366
785043456,Q3,,0.028592373544944705
785067584,Q1_저가,0.0,0.02626091401393696
785117696,Q1_저가,0.0,-0.05470724898981827
785390528,Q2,,0.03913597679330493
785600256,Q1_저가,0.0,-0.022626908578572746
786036416,Q1_저가,1.0,0.0024473527576079623
786108800,Q4_고가,,0.049741988518610114
786110656,Q1_저가,0.0,-0.014262649924531856
786357504,Q1_저가,0.0,0.060740562648657154
786392768,Q4_고가,0.0,0.01819076193186331
786409472,Q1_저가,0.0,0.06784893718300511
786530112,Q4_고가,0.0,-0.04626208414906263
786634048,Q3,0.0,-0.002181939770833599
786981120,Q3,0.0,0.04072063562652777
786990400,Q3,0.0,-0.027793658926034026
787320768,Q3,0.0,-0.016173472045034165
787385728,Q1_저가,0.0,0.021244424836854306
787742080,Q2,,0.041182803656316436
787743936,Q2,0.0,-0.06447688443732796
787901696,Q1_저가,0.0,0.03426263320608495
787903552,Q2,,0.09435787801812875
787949952,Q1_저가,,0.049360839627758835
788155968,Q3,0.0,0.10409580405819963
788339712,Q3,0.0,-0.03645898093327765
788345280,Q1_저가,1.0,0.021935510635141264
788519744,Q2,1.0,0.006727668157352817
788543872,Q2,0.0,0.062275442726296135
788757312,Q2,0.0,0.04392172745751888
788779584,Q3,1.0,-0.04404020757219307
788809280,Q2,0.0,-0.005616932723332468
789030144,Q1_저가,0.0,0.04507610331701725
789108096,Q1_저가,0.0,-0.03593098704358508
789145216,Q3,0.0,0.017689775726568574
789208320,Q3,0.0,0.05196286436604089
789271424,Q3,0.0,0.1032923931630805
789843072,Q1_저가,0.0,0.022938283243716107
790145600,Q3,1.0,0.020953853841751857
790182720,Q2,,-0.023391907537432366
790255104,Q3,0.0,0.02235746049407436
790351616,Q1_저가,0.0,-0.07499891509696877
790670848,Q1_저가,0.0,0.03449853380347
790704256,Q4_고가,0.0,0.0021588839291002415
790728384,Q4_고가,0.0,0.04386235303423913
791506048,Q1_저가,0.0,-0.03876989622930613
791550592,Q4_고가,0.0,0.03238573948583723
791693504,Q2,0.0,-0.07587542358850641
791741760,Q1_저가,1.0,0.030421700106839908
791756608,Q2,0.0,0.010707177722363959
791949632,Q2,0.0,-0.09273670873334439
791951488,Q1_저가,,0.04436921137059756
792053568,Q3,0.0,-0.007524541319397893
792073984,Q2,,-0.04259897474844149
792168640,Q1_저가,0.0,-0.0007051703622061034
792202048,Q1_저가,1.0,0.02676657853422104
792363520,Q2,0.0,0.015102144966176151
792573248,Q2,0.0,-0.10858333775072093
792615936,Q1_저가,0.0,0.014025978380533599
792851648,Q1_저가,0.0,-0.007012914217705057
793319360,Q2,0.0,0.02438639376445051
793462272,Q1_저가,1.0,0.03010828689563043
793675712,Q3,,-0.0473264362236428
793859456,Q3,,0.045831489777607655
793959680,Q2,,0.00320689528458451
793989376,Q4_고가,0.0,0.034512114249191636
794243648,Q3,,0.05834149062504179
794316032,Q4_고가,0.0,0.024330148753658673
794683520,Q4_고가,,0.12520367806025878
794755904,Q4_고가,0.0,-0.04225774367698232
794800448,Q4_고가,1.0,0.04195828997771245
795051008,Q4_고가,0.0,0.014614727071270928
795149376,Q2,0.0,-0.10328476915131568
795240320,Q2,0.0,0.025335909512823884
795346112,Q3,0.0,0.03874035424987649
795366528,Q2,0.0,0.035199665635383307
795685760,Q2,,0.02524239577318399
795732160,Q4_고가,0.0,0.048440236417793325
795778560,Q1_저가,0.0,0.039125426460602686
796003136,Q4_고가,0.0,0.005084359185837606
796034688,Q2,0.0,0.03952165995542923
796133056,Q3,0.0,0.03760938420036897
796236992,Q2,0.0,0.05440666378923545
796300096,Q2,,0.033008002599665534
796446720,Q3,0.0,-0.022090971026932416
796491264,Q4_고가,0.0,0.03006694538202416
796584064,Q2,0.0,0.03701704902420219
796658304,Q2,0.0,-0.0558511070574822
796990528,Q2,,0.027512465483449544
797296768,Q2,0.0,-0.0051691604355404985
797309760,Q4_고가,0.0,0.022704217804503102
797367296,Q4_고가,0.0,0.0533065096445382
797523200,Q1_저가,,0.03851333164341955
797539904,Q1_저가,0.0,-0.03734093638210484
797872128,Q3,0.0,0.034387042059592116
797899968,Q3,0.0,0.02082733632168654
798299008,Q3,0.0,0.0714318064887205
798310144,Q4_고가,0.0,0.019225852577876096
798317568,Q3,0.0,0.03365916352038223
798365824,Q2,0.0,0.024636893716284705
798490176,Q1_저가,0.0,-0.031591006940393296
798510592,Q4_고가,0.0,0.0034242446446014485
798518016,Q1_저가,0.0,0.03473867704487593
798757440,Q1_저가,,0.04185921719558164
798943040,Q1_저가,0.0,0.012464208741371455
799085952,Q4_고가,1.0,0.03976319238196413
799089664,Q4_고가,0.0,-0.00416242051754534
799366208,Q1_저가,0.0,0.06656966223500269
799429312,Q1_저가,0.0,0.007583251186206036
799505408,Q2,,-0.00975072221042339
799583360,Q1_저가,0.0,0.02327233803274277
799611200,Q3,,-0.021500739224010135
799770816,Q4_고가,,0.03316007273152277
799776384,Q1_저가,,0.048727618149573715
799950848,Q1_저가,1.0,0.034514613901779595
800143872,Q2,,0.033124089731697864
800182848,Q4_고가,0.0,0.03403338892399933
800219968,Q4_고가,0.0,0.07832512485586274
800492800,Q4_고가,,0.0009200698176388966
800633856,Q2,0.0,0.03728417481005418
800826880,Q2,1.0,0.05214375494062584
800934528,Q3,,0.0432299510915133
800992064,Q1_저가,0.0,0.025563668309632637
801090432,Q3,1.0,0.050328676628029326
801242624,Q3,0.0,0.0044286765368208025
801422656,Q2,0.0,0.021095803752750553
801469056,Q2,0.0,0.049741397983407265
801604544,Q3,,0.04659228551927441
801699200,Q3,0.0,-0.0007158689523574513
801701056,Q4_고가,0.0,0.043433917092307706
801936768,Q2,0.0,0.04494619011751799
802194752,Q1_저가,0.0,-0.02329682002642572
802209600,Q2,0.0,-0.12448398463731086
802218880,Q2,0.0,-0.05615418440449771
802352512,Q1_저가,0.0,0.025476600708386588
802393344,Q3,0.0,-0.08687140604940019
802591936,Q2,1.0,-0.021712748924158642
802658752,Q2,,-0.08570217643057501
802723712,Q1_저가,,0.04434881943426881
802987264,Q1_저가,0.0,-0.01752214548056799
803117184,Q2,0.0,0.01706539063041987
803143168,Q3,0.0,-0.001813347452330416
803184000,Q2,0.0,0.02788273656755
803364032,Q4_고가,0.0,0.029136724645144926
803388160,Q2,,0.03344771420536623
803846592,Q2,0.0,-0.012245547670881735
804067456,Q3,1.0,-2.6149117587942472e-05
804071168,Q2,1.0,-0.05086376734436204
804375552,Q2,0.0,0.009855705297016404
804535168,Q3,0.0,-0.016439065432522548
804588992,Q3,,0.15123318248854445
804613120,Q3,0.0,0.03765516769459794
804614976,Q1_저가,1.0,0.01781355345358565
804759744,Q4_고가,0.0,0.032139980581695315
804808000,Q4_고가,0.0,0.034525291495779875
804811712,Q3,0.0,-0.05643119601616292
804884096,Q1_저가,0.0,0.03729865585878336
805038144,Q1_저가,0.0,0.03641835023282147
805067840,Q3,0.0,0.03006142263424505
805362944,Q4_고가,,0.0065876223803704725
805400064,Q3,1.0,0.06731328458299701
805472448,Q1_저가,0.0,0.04674144369016045
805600512,Q3,,-0.06649523560465787
805799104,Q3,0.0,0.00903974031463295
805867776,Q2,0.0,0.011940830657902635
805895616,Q4_고가,0.0,0.025567060582083065
805934592,Q2,0.0,0.03576432426539089
805990272,Q3,0.0,-0.04580554843714807
806420864,Q2,0.0,-0.004113191915435133
806428288,Q4_고가,0.0,0.018829746701703454
806437568,Q1_저가,0.0,0.036150558924625556
806439424,Q1_저가,,0.039686210027848105
806547072,Q2,0.0,-0.018291132477205513
806617600,Q4_고가,0.0,0.007484635138300222
806708544,Q4_고가,0.0,0.047866320429799325
806803200,Q2,,-0.03647783468894222
806938688,Q1_저가,0.0,-0.060865232854828366
807532608,Q4_고가,,-0.015726350028363423
807569728,Q2,0.0,-0.03050767838661672
807901952,Q1_저가,0.0,0.02252832028035137
807905664,Q1_저가,0.0,-0.035665995081438556
808117248,Q4_고가,0.0,0.025939571571307052
808258304,Q3,0.0,-0.053018090670940654
808278720,Q2,0.0,0.09641881203663777
808295424,Q2,1.0,0.042890913494519206
808456896,Q3,0.0,0.010184053935317516
808649920,Q4_고가,0.0,0.007067165831128541
809024832,Q4_고가,0.0,0.039901912714202306
809355200,Q4_고가,0.0,0.009528536899477968
809433152,Q2,,0.07514069217938343
809514816,Q2,1.0,-0.04320952514457066
809568640,Q3,0.0,0.053496194481215564
809587200,Q3,1.0,0.033568469508566706
809963968,Q3,0.0,0.10913859270306114
810008512,Q3,1.0,0.10499144100852653
810194112,Q1_저가,,0.02172910138575712
810348160,Q4_고가,,0.015184555032824579
810461376,Q3,,0.031677614587680036
810491072,Q3,1.0,0.02500107527377493
810763904,Q4_고가,0.0,0.05221624255150503
810992192,Q2,,0.023862537140168394
811311424,Q1_저가,0.0,0.04121116995970095
811313280,Q4_고가,0.0,0.010147033475011835
811441344,Q4_고가,0.0,-0.03692519970605809
811493312,Q2,0.0,-0.030645453802355338
811582400,Q4_고가,0.0,0.03786452471705039
811641792,Q2,0.0,0.015528215589564742
811690048,Q2,0.0,0.009136976215343817
811845952,Q4_고가,0.0,0.022387033193969508
811940608,Q2,0.0,0.053304662952630366
812048256,Q1_저가,,0.02890873255018417
812204160,Q4_고가,,0.03829708614678523
812378624,Q1_저가,0.0,-0.09393041613463449
812484416,Q2,0.0,-0.02143448076517282
812861184,Q3,,-0.06094170506375052
813007808,Q1_저가,0.0,-0.04798149349395553
813150720,Q4_고가,0.0,0.02877258742522834
813219392,Q2,0.0,-0.037154856067129705
813243520,Q3,,0.013142367069502559
813328896,Q1_저가,0.0,0.04003135890072951
813581312,Q3,0.0,0.08233425425990315
813911680,Q3,0.0,-0.09673412028242212
814193792,Q3,0.0,0.055411384210861295
814427648,Q2,0.0,-0.04038647433636089
814581696,Q2,,-0.04365302496842624
814895360,Q1_저가,0.0,-0.024408743334877303
815058688,Q3,0.0,-0.02472091049227787
815138496,Q3,0.0,-0.10236216411885607
815162624,Q1_저가,0.0,0.044040767764437855
815353792,Q2,0.0,0.012307311551965794
815374208,Q2,0.0,0.04330562524146049
815463296,Q2,0.0,0.004745298368238449
815606208,Q3,0.0,-0.07295313241330575
815689728,Q4_고가,0.0,0.027882548870324486
815776960,Q1_저가,0.0,0.02602875246031433
815797376,Q2,,0.05289771802899196
816012672,Q1_저가,,-0.05271868793972201
816127744,Q3,0.0,0.03503981871281453
816157440,Q3,,-0.04860615918219857
816370880,Q2,0.0,0.014259478027213696
816660416,Q1_저가,1.0,-0.005939457697591799
816725376,Q3,,0.010286487157709884
816807040,Q2,1.0,-0.06673266915648166
816831168,Q2,1.0,-0.04394698922564125
816922112,Q4_고가,0.0,0.023065315220596017
817065024,Q4_고가,0.0,0.056082082514113285
817139264,Q1_저가,1.0,-0.015257839929035844
817144832,Q2,0.0,0.008306625383198818
817517888,Q3,0.0,0.002870750509599368
817616256,Q3,,0.04877791562208278
817779584,Q3,0.0,0.03572146448340181
817787008,Q4_고가,0.0,0.08772182724072874
817916928,Q2,,0.029184111693811077
817931776,Q2,0.0,0.03385537965662927
818373504,Q4_고가,1.0,0.024935216937247234
818397632,Q3,0.0,-0.03523851430753033
818466304,Q1_저가,0.0,0.0912255093065375
818666752,Q1_저가,0.0,0.026962916062114525
818813376,Q2,0.0,-0.07799710524324976
818870912,Q4_고가,0.0,0.05839998151812853
818928448,Q2,0.0,-0.06354186437258125
818976704,Q1_저가,0.0,-0.017752979150734066
818987840,Q4_고가,0.0,0.06918155900988304
819034240,Q2,,-0.017171599986531505
819073216,Q2,0.0,-0.058100969653871126
819238400,Q4_고가,0.0,0.05906239889066711
819327488,Q1_저가,1.0,0.02481769797423347
819336768,Q1_저가,0.0,-0.008652728658586017
819349760,Q4_고가,1.0,0.01870387716564914
819355328,Q2,,0.04584658004710257
819398016,Q2,1.0,-0.06335311199651245
819733952,Q1_저가,0.0,-0.01862628801358679
819769216,Q3,0.0,0.01276127960423512
819804480,Q4_고가,0.0,0.03605875660095542
819834176,Q3,0.0,0.03786725120912626
819869440,Q3,0.0,0.12124919127060041
819871296,Q3,0.0,-0.09939089295500825
820179392,Q1_저가,0.0,0.03970771378581056
820335296,Q3,0.0,0.017944485043506
820856832,Q1_저가,0.0,-0.11785601559255598
821036864,Q2,0.0,0.0164614818677854
821305984,Q2,0.0,0.0527252043403198
821328256,Q4_고가,0.0,0.03212551287984222
821357952,Q1_저가,1.0,0.035677636600358054
821395072,Q3,0.0,0.01740231806781578
821402496,Q3,,-0.010361573897301607
821573248,Q1_저가,0.0,0.10108637222040351
821744000,Q3,0.0,0.008311102885089863
821885056,Q4_고가,1.0,-0.027879259375633847
822026112,Q4_고가,0.0,0.009502061103132009
822070656,Q2,0.0,0.00622563405187182
822679424,Q2,0.0,-0.023914537212938958
822770368,Q1_저가,1.0,0.012543048056306683
823095168,Q1_저가,0.0,0.030714903015432074
823228800,Q2,0.0,-0.08958810299766762
823234368,Q4_고가,,0.03858238053887797
823793024,Q3,0.0,0.0030327157863285215
823826432,Q2,,-0.004512763575445111
824340544,Q4_고가,0.0,0.04224650151472281
824466752,Q4_고가,0.0,-0.058541535324086236
824622656,Q1_저가,0.0,0.004911679054871665
824672768,Q2,0.0,0.014195089764693525
824765568,Q3,1.0,0.053303267100790364
824782272,Q3,0.0,-0.04373386001878066
824819392,Q2,,0.047560548440417794
824865792,Q1_저가,0.0,0.04129259273121478
824899200,Q3,1.0,-0.03523662242962444
825376192,Q2,0.0,-0.020739348760782733
825480128,Q2,0.0,-0.012246707964754217
825691712,Q1_저가,0.0,-0.03643410819650461
825775232,Q4_고가,,-0.02287213714647718
825804928,Q1_저가,0.0,-0.04696427387877314
825840192,Q4_고가,0.0,-0.03531381620710139
825895872,Q2,0.0,0.009150045891006153
825908864,Q4_고가,0.0,0.039021872072156544
825964544,Q4_고가,0.0,0.026114154886453633
826055488,Q4_고가,0.0,0.03350460878540826
826072192,Q1_저가,1.0,-0.08981225826394623
826075904,Q2,0.0,0.011704653982815949
826116736,Q4_고가,1.0,0.04677184439575732
826146432,Q2,0.0,-0.0143988520092114
826194688,Q1_저가,1.0,-0.008235713503853298
826261504,Q1_저가,1.0,-0.0645459361001203
826315328,Q4_고가,0.0,0.16168207444487842
826335744,Q2,0.0,-0.016890532654608548
826354304,Q1_저가,0.0,-0.00890207771535556
826419264,Q3,0.0,-0.04757599752608921
826523200,Q2,0.0,0.017308500155412077
826706944,Q1_저가,0.0,0.03278823252208124
826749632,Q3,0.0,0.03654972414442065
826922240,Q3,0.0,-0.0076123502701133106
826931520,Q4_고가,0.0,0.02691966404486372
826938944,Q3,,0.022975276124560406
827076288,Q2,0.0,0.00014751498813345143
827170944,Q3,0.0,0.01866335747965016
827211776,Q1_저가,,-0.04350182062153987
827354688,Q2,1.0,0.011186696631942328
827356544,Q3,1.0,0.04410331415326721
827401088,Q4_고가,0.0,0.09406181144671877
827486464,Q4_고가,0.0,0.04450445585242946
827564416,Q2,0.0,-0.004961704935882549
827597824,Q1_저가,0.0,0.04260042416658111
827603392,Q2,0.0,-0.04387823088360898
827644224,Q4_고가,0.0,-0.045035091954562734
827937472,Q4_고가,1.0,0.04183651750727255
827989440,Q4_고가,0.0,0.02209230324310725
828052544,Q4_고가,0.0,0.016544680567765438
828293824,Q2,0.0,0.04532773216649842
828761536,Q1_저가,0.0,0.03795370087000098
828815360,Q1_저가,1.0,-0.045353139011263116
828859904,Q3,0.0,-0.02677721959778584
829197696,Q2,,0.013199561956917627
829208832,Q3,0.0,0.011088237383894334
829535488,Q3,1.0,0.04001830577378329
829598592,Q4_고가,,0.024220194135624776
829678400,Q4_고가,0.0,0.012599614425679417
829778624,Q3,0.0,0.038445443078148574
829795328,Q3,0.0,-0.0019144443588042237
829871424,Q1_저가,0.0,0.007580693005735495
830101568,Q3,0.0,0.019293711030991312
830457920,Q4_고가,0.0,0.09488318437930937
830576704,Q2,,0.011563693993664664
830780864,Q1_저가,,-0.0805552823036102
830860672,Q3,0.0,0.079623088349704
830866240,Q2,0.0,0.035290267410156895
831057408,Q2,0.0,0.07899503784472334
831281984,Q1_저가,0.0,-0.009412204766949483
831345088,Q4_고가,0.0,-0.00045165114290174335
831346944,Q4_고가,0.0,0.1907447381989844
831358080,Q2,1.0,0.025029049998526953
831454592,Q3,1.0,0.008077199004883018
831777536,Q1_저가,0.0,0.011870855228857391
831859200,Q4_고가,0.0,-0.04255087561704157
831862912,Q3,0.0,-0.006551184431262874
832028096,Q4_고가,0.0,0.0313356903610294
832093056,Q1_저가,,0.03353202142124129
832482816,Q4_고가,0.0,-0.004296353145650134
832542208,Q3,0.0,0.08721774970905805
832562624,Q3,,0.0376349223288384
832722240,Q3,0.0,0.03263187053565886
833071168,Q4_고가,0.0,0.007190403507829943
833232640,Q2,,-0.05721377688248952
833292032,Q2,0.0,-0.02859602940985362
833407104,Q4_고가,1.0,-0.0024560363565429566
833479488,Q2,0.0,-0.048490747189775085
833518464,Q1_저가,0.0,0.02800548811914913
833583424,Q1_저가,,-0.0015436136853814453
833594560,Q3,0.0,-0.03724222611335515
833644672,Q3,0.0,-0.043986882135088
833691072,Q2,0.0,-0.0023499650555285356
833843264,Q2,0.0,-0.10502854112412652
833904512,Q3,0.0,0.035905911399138624
834468736,Q3,,-0.0064481067443472595
834492864,Q1_저가,,0.04540276797649665
834808384,Q1_저가,0.0,0.06221520173399486
834821376,Q4_고가,,0.035824387338172226
835097920,Q2,0.0,0.025982546134433293
835105344,Q1_저가,0.0,-0.005352958274987746
835136896,Q3,,-0.024975694666409476
835142464,Q3,1.0,0.006025516363838079
835313216,Q2,0.0,0.1579199603587053
836337728,Q1_저가,1.0,0.036967723396673244
836348864,Q4_고가,0.0,0.056676081869474815
836356288,Q2,0.0,0.0020894475697336157
836363712,Q3,0.0,0.03850658414054242
836402688,Q3,,-0.001174985464891698
836445376,Q4_고가,0.0,-0.004311260696728089
836462080,Q2,0.0,0.03533964879461238
836471360,Q1_저가,0.0,-7.888478730860848e-05
836541888,Q1_저가,1.0,0.059141900363264555
836573440,Q1_저가,,0.029753725484620352
836584576,Q4_고가,0.0,0.041235595506871836
836621696,Q1_저가,0.0,0.02506966553165682
836642112,Q3,0.0,0.01080416922300692
836668096,Q3,0.0,0.020128430359614202
836712640,Q3,0.0,0.030784746274276964
836720064,Q4_고가,0.0,0.004068344914085087
836749760,Q2,0.0,0.03422858588302102
836788736,Q2,0.0,-0.0009153960289182278
836801728,Q2,0.0,-0.09628263891451994
836827712,Q3,1.0,0.0017396442626861353
836890816,Q2,0.0,-0.06700231135134582
836905664,Q3,0.0,-0.03285310718870821
837009600,Q2,1.0,0.09266414934896111
837081984,Q3,0.0,-0.0689601336518032
837089408,Q1_저가,,-0.006175842916104957
837100544,Q1_저가,,-0.019998456773859252
837113536,Q2,,0.0158195133052067
837128384,Q3,0.0,0.007436883321276566
837143232,Q4_고가,0.0,0.06026647326372225
837150656,Q3,,0.11492587447659175
837158080,Q3,0.0,-0.004439553018148357
837161792,Q2,0.0,0.024902345892820338
837276864,Q1_저가,,-0.0033235539901323996
837382656,Q2,,0.07001189145920744
837388224,Q2,0.0,0.01812992510779099
837410496,Q2,1.0,0.08529013329182672
837564544,Q3,,0.01980597547472046
837575680,Q3,,0.026514163603513163
837597952,Q1_저가,,-0.031835471876524024
837713024,Q2,0.0,-0.01820992131290844
837737152,Q1_저가,0.0,0.02950962529866577
837777984,Q2,0.0,0.012212370859282395
837796544,Q3,0.0,-4.657079936021269e-05
837887488,Q3,0.0,0.04630691560330347
837893056,Q4_고가,0.0,0.17303659231132917
837909760,Q4_고가,0.0,0.023816681550381746
838058240,Q3,0.0,0.01779050006447702
838087936,Q1_저가,0.0,-0.032022481478610254
838089792,Q4_고가,0.0,0.023808897394701406
838110208,Q1_저가,0.0,0.01347386968883968
838199296,Q2,0.0,0.08895351005622733
838329216,Q4_고가,0.0,0.04453712599459414
838332928,Q1_저가,0.0,-0.014028842845422163
838366336,Q1_저가,0.0,0.013593038506300226
838429440,Q1_저가,0.0,0.0352900274974661
838435008,Q2,,-0.010129801970792496
838507392,Q3,1.0,-0.1329699528383108
838525952,Q3,0.0,0.024104758010723468
838592768,Q1_저가,0.0,0.029587262996659397
838594624,Q1_저가,0.0,0.051897558802725396
838605760,Q2,0.0,0.017348329080897118
838607616,Q3,,-0.00648167695470836
838620608,Q1_저가,0.0,-0.0069523001559386455
838631744,Q1_저가,1.0,-0.03900282389730958
838670720,Q1_저가,0.0,0.031061696884714468
838676288,Q4_고가,0.0,0.0011327133118201882
838680000,Q4_고가,0.0,0.03908027857068408
838744960,Q1_저가,1.0,0.01806386121662701
838770944,Q1_저가,0.0,-0.1898538320372819
838893440,Q1_저가,0.0,-0.05039723955569653
838943552,Q1_저가,0.0,-0.042780884904337735
838950976,Q2,0.0,0.05371862005752373
838960256,Q3,0.0,0.06828533514439417
839106880,Q1_저가,0.0,-0.010693525221829814
839156992,Q2,0.0,0.029097371912640002
839166272,Q1_저가,0.0,-0.045251339545062164
839179264,Q3,0.0,-0.01302188556628986
839186688,Q4_고가,,0.037557795692378604
839357440,Q4_고가,0.0,0.001219114627553003
839398272,Q4_고가,0.0,-0.006793563248637224
839557888,Q2,0.0,0.00978517105336757
839611712,Q1_저가,0.0,-0.0867452155918243
839641408,Q1_저가,0.0,0.04565422814954315
839691520,Q1_저가,,0.04958224068029174
839717504,Q1_저가,1.0,0.022652883229245968
839776896,Q3,0.0,0.02511172029972364
839847424,Q2,,0.01067066320569754
839856704,Q4_고가,1.0,-0.007465397111870775
840047872,Q3,0.0,0.04094772691330273
840075712,Q1_저가,,-0.002454198462865098
840101696,Q4_고가,0.0,0.022181503029426855
840159232,Q1_저가,,0.027612041449252056
840252032,Q2,0.0,0.08309942391209602
840255744,Q2,0.0,0.030598840320000598
840257600,Q3,0.0,0.04073983755502342
840296576,Q1_저가,,0.035366353210056656
840328128,Q1_저가,0.0,0.030433318322110547
840381952,Q3,0.0,0.039076055930545195
840441344,Q3,0.0,0.14955198997412544
840469184,Q2,,-0.021532802422980557
840476608,Q2,0.0,0.025890101264788523
840539712,Q1_저가,1.0,0.007794409184245316
840584256,Q2,0.0,-0.009302402713647795
840630656,Q4_고가,0.0,0.021481310874372814
840704896,Q1_저가,,0.043128020363057726
840803264,Q1_저가,0.0,0.04737474643131789
840814400,Q2,0.0,-0.07594410067379914
840857088,Q2,0.0,0.009676862440169853
840892352,Q2,0.0,0.027409869398029085
841267264,Q1_저가,0.0,0.030597642384832646
841447296,Q1_저가,0.0,-0.10315351631495573
841460288,Q4_고가,0.0,-0.01073083691494292
841595776,Q2,0.0,0.03339675229468138
841640320,Q1_저가,0.0,0.018719740803201393
841683008,Q2,,0.02297476891978878
841720128,Q1_저가,0.0,-0.10666847069169383
841779520,Q4_고가,0.0,0.013558100393476602
842150720,Q1_저가,,0.060905872296619847
842187840,Q4_고가,0.0,0.14844276326585837
842364160,Q4_고가,0.0,-0.0194632799751544
842445824,Q2,1.0,-0.07276554328470636
842542336,Q2,1.0,-0.06629778302506384
842627712,Q3,,0.046755768394288605
842636992,Q3,0.0,0.019255477187686276
842681536,Q3,0.0,0.057870035102308925
842776192,Q3,,-2.8216861303193008e-05
842902400,Q2,0.0,-0.08301991057367064
842954368,Q4_고가,1.0,0.04461398148844768
842958080,Q2,0.0,0.01872579008358019
843047168,Q4_고가,0.0,0.01717398674181836
843050880,Q4_고가,,0.03873971855818881
843054592,Q2,0.0,0.008884876269595887
843216064,Q3,,0.07736106673612697
843273600,Q3,0.0,0.0375311515341038
843290304,Q4_고가,0.0,0.02852939505871832
843307008,Q1_저가,0.0,0.024815184917648878
843381248,Q3,0.0,-0.010582683817611599
843409088,Q4_고가,0.0,0.03496881796762316
843498176,Q2,0.0,0.06207330984176129
843509312,Q4_고가,,0.008500734313056812
843581696,Q4_고가,0.0,0.0346940435961533
843678208,Q1_저가,0.0,-0.01711427816498147
843702336,Q3,1.0,0.051561416079981166
843719040,Q2,0.0,-0.0005051210631885628
843780288,Q1_저가,0.0,0.010789808818214452
843893504,Q1_저가,0.0,0.04868265183690409
844014144,Q2,0.0,-0.006810095652897585
844283264,Q4_고가,1.0,0.10122919134523733
844461440,Q4_고가,0.0,0.01836903518572619
844600640,Q1_저가,1.0,0.024629276119903065
844940288,Q4_고가,0.0,0.02819017022716358
844973696,Q3,,-0.050169092126121306
845059072,Q2,,-0.004223921155409122
845096192,Q3,0.0,0.03726499837305386
845187136,Q3,0.0,-0.014903293789310323
845318912,Q3,0.0,0.01835925041274282
845396864,Q2,1.0,0.025632327046846926
845575040,Q4_고가,0.0,0.006796493229001166
845617728,Q1_저가,,-0.02929690763313031
845665984,Q3,0.0,-0.0900585545946545
845970368,Q4_고가,0.0,-0.050548702996264905
846052032,Q3,0.0,0.027087899429276835
846213504,Q2,0.0,-0.03050529849413719
846371264,Q1_저가,,0.02398448119325776
846484480,Q2,0.0,-0.034104662009284636
846542016,Q3,,0.04364144545997849
846870528,Q2,0.0,-0.0012699751389733671
846905792,Q1_저가,0.0,0.03356054763586279
846907648,Q1_저가,1.0,0.030431604385963665
846918784,Q1_저가,1.0,0.031832535526635855
846924352,Q4_고가,1.0,0.06439710506443341
846942912,Q1_저가,,0.03531416669309376
846954048,Q1_저가,0.0,0.0382983814494246
847067264,Q2,0.0,0.0669698616071609
847082112,Q1_저가,0.0,0.019387464378852803
847126656,Q2,0.0,-0.0913103445791057
847332672,Q2,,0.023940768253708833
847479296,Q2,0.0,0.07748523441101458
847483008,Q2,,0.019085980727222895
847612928,Q3,0.0,0.02344925391414776
847624064,Q4_고가,0.0,-0.021394347309974943
847677888,Q3,0.0,0.010442982636147943
847926592,Q1_저가,0.0,0.04005789589766543
848039808,Q2,0.0,0.021587616010746838
848114048,Q4_고가,0.0,-0.0004502622898870934
848264384,Q4_고가,0.0,-0.0017329693277216007
848529792,Q4_고가,1.0,0.12258795191336253
848579904,Q4_고가,0.0,0.03461288802352391
848802624,Q4_고가,,0.01661170545890206
848888000,Q3,0.0,-0.01816165280591353
848945536,Q4_고가,1.0,0.025674468841712275
848947392,Q2,0.0,0.1685824238934872
848958528,Q1_저가,0.0,0.033928722761764035
848964096,Q3,,0.0343560753226817
849060608,Q1_저가,0.0,0.014868012431960453
849125568,Q1_저가,0.0,0.029954990145993454
849157120,Q1_저가,1.0,-0.03298605695125345
849222080,Q3,0.0,-0.04208964524607678
849415104,Q3,,0.001743609533394086
849420672,Q3,1.0,-0.03434169336900594
849448512,Q4_고가,0.0,0.060030494517031074
849474496,Q3,0.0,0.01637902809796682
849596992,Q3,0.0,0.02025824211274363
849634112,Q1_저가,0.0,-0.008136850585860084
850120384,Q2,0.0,0.09121485209526042
850235456,Q3,0.0,-0.007438142768194211
850339392,Q2,0.0,0.01173994807975684
850383936,Q3,0.0,0.018584143694195088
850524992,Q4_고가,0.0,0.12934371322544702
850526848,Q2,0.0,-0.015849315131220065
850528704,Q1_저가,0.0,-0.08113520804370489
850532416,Q4_고가,0.0,-0.006934732343923611
850970432,Q4_고가,1.0,0.03578340842085115
851154176,Q4_고가,1.0,0.030756410325964184
851415872,Q3,1.0,-0.007382295359010471
851811200,Q2,0.0,0.005068503880343855
851857600,Q1_저가,1.0,0.03901098397756041
851961536,Q1_저가,1.0,0.123578924510922
851976384,Q1_저가,0.0,0.03819417253374065
852063616,Q1_저가,1.0,-0.021126775158899408
852148992,Q1_저가,0.0,0.006669017968158775
852161984,Q2,1.0,0.0009143662714712342
852163840,Q4_고가,,0.032388960360442476
852173120,Q3,0.0,0.021688502882728167
852278912,Q3,0.0,0.04023974847526851
852427392,Q1_저가,0.0,0.06782399188212063
852484928,Q2,1.0,0.024884991690334285
852499776,Q3,0.0,0.01859973628218292
852575872,Q1_저가,1.0,-0.03559054843827958
852752192,Q1_저가,,0.050336080991669085
853026880,Q4_고가,0.0,0.03370276316755916
853032448,Q4_고가,1.0,0.031838501756329914
853101120,Q3,0.0,0.05041648985229019
853117824,Q2,0.0,0.03226248370849248
853205056,Q1_저가,0.0,-0.05210895639447133
853548416,Q4_고가,0.0,0.0392225727258461
853553984,Q1_저가,0.0,-0.15296303510441428
853758144,Q1_저가,0.0,-0.060670188326538865
854173888,Q2,0.0,0.08232537562516762
854185024,Q2,0.0,-0.006616053378345477
854292672,Q2,1.0,0.04738259448569482
854303808,Q4_고가,0.0,-0.029764883975954115
854548800,Q3,0.0,0.00907511390662627
854604480,Q4_고가,1.0,0.014611252549611264
854745536,Q1_저가,0.0,-0.00765206285178055
854890304,Q1_저가,0.0,0.05109614518133461
854925568,Q1_저가,0.0,0.08822773829323821
855057344,Q4_고가,0.0,0.0191734209160509
855176128,Q2,0.0,0.03801404985360077
855452672,Q4_고가,0.0,0.13028241809612295
855539904,Q2,1.0,-0.005414184867486127
855547328,Q2,1.0,0.036503591612188024
855810880,Q2,0.0,0.03723944783388611
855835008,Q2,0.0,-0.010438040588414549
855898112,Q4_고가,0.0,0.03697916728167602
855927808,Q2,1.0,0.08268684036616658
856002048,Q3,1.0,-0.0026414689110314526
856041024,Q1_저가,0.0,0.03288761961116515
856118976,Q4_고가,,0.013595470639985924
856215488,Q3,0.0,-0.011070171957591468
856341696,Q3,0.0,0.006953753600376089
856518016,Q3,0.0,0.026475130692685228
856863232,Q1_저가,1.0,-0.007997038596991635
856935616,Q1_저가,0.0,0.03541895775089948
856943040,Q2,0.0,-0.024353331201824036
857195456,Q4_고가,0.0,0.059899806801843064
857202880,Q2,0.0,0.026856167261424993
857214016,Q3,0.0,-0.02156498159436976
857303104,Q1_저가,0.0,0.03509481093898634
857483136,Q3,0.0,0.015716610680451604
857644608,Q2,0.0,-0.025592222150153665
857648320,Q2,,-0.09203627848093865
857678016,Q1_저가,0.0,-0.05902951588193861
857774528,Q4_고가,0.0,0.013469284917712376
857809792,Q3,0.0,0.013299403234463214
857813504,Q3,0.0,0.02429246570206539
857819072,Q2,0.0,0.020572540619326285
857835776,Q3,0.0,0.038338230298299525
858091904,Q2,0.0,-0.03579914182838617
858182848,Q3,0.0,-0.04079238130773166
858297920,Q3,,0.044916871313392004
858526208,Q2,0.0,0.02721186188780532
858606016,Q4_고가,1.0,0.05894975221983445
858722944,Q4_고가,1.0,0.12701845161846737
858774912,Q3,0.0,0.051820402150783845
858808320,Q1_저가,0.0,0.02777734947405279
858847296,Q1_저가,0.0,0.029556071051664676
858882560,Q2,0.0,0.0029164044679819423
858923392,Q4_고가,,0.055706380238018105
859044032,Q4_고가,0.0,0.08459905875508406
859290880,Q3,0.0,0.008590686510217493
859294592,Q4_고가,0.0,0.04533565056731076
859296448,Q3,0.0,-0.022453644166332887
859422656,Q2,0.0,0.03502626243879063
859461632,Q3,0.0,0.03780382076279243
859467200,Q2,0.0,0.04701805487792626
859521024,Q4_고가,0.0,-0.033467693956935024
859983168,Q4_고가,,-0.01648591565352625
860187328,Q1_저가,,-0.009498359156830949
860326528,Q3,,-0.039412688542155266
860441600,Q1_저가,0.0,0.016516796095663366
860521408,Q1_저가,,0.08506691340208072
860549248,Q3,0.0,0.005552369154057768
860638336,Q3,0.0,0.0016006353055353362
860909312,Q1_저가,,0.033240377661138465
860992832,Q1_저가,0.0,-0.10307403963061246
861150592,Q2,0.0,0.050246503695143246
861169152,Q3,0.0,-0.00834182050339971
861406720,Q4_고가,0.0,-0.0024739422955126766
861454976,Q2,,0.01982550521772808
861698112,Q3,,0.02109708994846357
861707392,Q1_저가,0.0,0.04672714326218763
861712960,Q3,0.0,0.1150662000335757
861798336,Q4_고가,0.0,0.03552580853281323
861985792,Q3,0.0,0.04841636458883247
862017344,Q1_저가,0.0,0.03356904284664199
862112000,Q1_저가,0.0,-0.04945424780457264
862334720,Q4_고가,0.0,0.08507556246078524
862494336,Q3,0.0,-0.10133622389005492
862642816,Q3,0.0,-0.06036780231089989
862754176,Q3,0.0,0.016578531088766835
862820992,Q4_고가,0.0,0.003947908213202567
862891520,Q3,0.0,-0.02873852905584745
862984320,Q1_저가,0.0,0.011818291997160446
862997312,Q3,1.0,0.012779995465482696
863040000,Q1_저가,1.0,-0.000887826115465104
863080832,Q1_저가,0.0,0.04199641891965728
863108672,Q1_저가,0.0,0.035648643759194354
863155072,Q2,,0.01763306692401745
863394496,Q4_고가,0.0,0.03250988901651951
863715584,Q1_저가,0.0,0.02628410338164655
863934592,Q1_저가,0.0,-0.06676222663977027
864114624,Q4_고가,0.0,0.02565776038352137
864222272,Q4_고가,0.0,0.13923795752332913
864391168,Q1_저가,0.0,-0.04640547277506685
864432000,Q3,0.0,0.041805130071494154
864515520,Q2,0.0,0.02060901515527991
864521088,Q2,,0.020656684627457955
864589760,Q3,0.0,0.034655379035039735
864940544,Q2,0.0,-0.025473424332810024
865033344,Q2,0.0,0.04247641850604059
865109440,Q4_고가,1.0,0.003980001946496517
865603136,Q1_저가,0.0,0.02953118432357099
865742336,Q2,0.0,0.06501217532883463
865777600,Q4_고가,0.0,0.026981012216457836
865801728,Q4_고가,0.0,0.06241302147219574
865820288,Q1_저가,0.0,-0.014044145620721649
865940928,Q3,0.0,0.022802485631033043
866059712,Q3,0.0,0.008587540679390937
866262016,Q2,0.0,0.011589807380589012
866364096,Q2,1.0,0.15391109779232337
866497728,Q1_저가,1.0,0.027801188778987018
866510720,Q3,0.0,0.00866757609273311
866579392,Q4_고가,,-0.014150651711152873
866599808,Q1_저가,0.0,-0.0061261561138677145
866636928,Q1_저가,0.0,0.039099884737677754
866648064,Q1_저가,,0.011891429115910374
866679616,Q1_저가,,-0.08994560850651379
866783552,Q4_고가,0.0,0.014223004303309583
866802112,Q2,,0.03590563574266972
867037824,Q2,0.0,-0.02855123137908333
867043392,Q1_저가,0.0,0.03519512179633835
867112064,Q2,0.0,0.016757787451262995
867143616,Q3,1.0,-0.005271586902436232
867332928,Q2,0.0,-0.03173182037418165
867464704,Q1_저가,0.0,0.01641778397198146
867856320,Q3,0.0,0.022644961704736066
867976960,Q2,,0.012888937678507129
868028928,Q4_고가,1.0,-0.01920734245886313
868435392,Q3,0.0,0.036059375297936236
868461376,Q1_저가,1.0,0.03251507956106818
868513344,Q1_저가,0.0,0.026820173153821097
868593152,Q1_저가,,-0.058107710007844704
869023744,Q3,0.0,0.06340981082235975
869073856,Q1_저가,0.0,-0.035648972297454895
869081280,Q1_저가,0.0,0.031113279862223342
869172224,Q4_고가,0.0,0.08791908266960324
869272448,Q2,0.0,0.01827488776421482
869331840,Q2,0.0,0.0023526906118468416
869471040,Q2,0.0,0.023713704219194498
869563840,Q3,0.0,-0.0010197452162502008
869717888,Q2,0.0,-0.05465167249072006
869799552,Q2,0.0,0.013369715425205597
869862656,Q1_저가,0.0,-0.015052203986502172
869925760,Q2,,-0.03599547204775133
869938752,Q2,0.0,0.007936306443246388
869966592,Q4_고가,,0.025074507437555293
869979584,Q4_고가,0.0,-0.014351002217088404
869987008,Q2,0.0,0.014378970305591598
870144768,Q3,0.0,0.10533124781103365
870586496,Q4_고가,,0.03274231258097404
870655168,Q3,0.0,0.027252987037044207
870838912,Q3,,-0.05024792085899671
870877888,Q1_저가,0.0,0.02565684005392757
870998528,Q3,0.0,0.07757046625252734
871076480,Q4_고가,0.0,0.02769714726265174
871362304,Q3,0.0,-0.005557278826858247
871423552,Q4_고가,,-0.017050361911267464
871622144,Q3,0.0,0.032229119406256945
871648128,Q3,0.0,0.020792943851822288
871770624,Q3,0.0,-0.008620047379167911
871859712,Q2,0.0,-0.048119310001753235
871863424,Q3,0.0,0.001880866937474135
872052736,Q1_저가,0.0,0.014471561486101153
872260608,Q4_고가,0.0,0.018212502707264377
872268032,Q1_저가,0.0,0.02723856507419338
872301440,Q3,,0.041307167660953326
872384960,Q2,0.0,-0.027677844951224717
872396096,Q4_고가,0.0,0.04011811341758431
872618816,Q1_저가,0.0,0.0397324362129714
872633664,Q2,0.0,0.043772605056539016
872672640,Q4_고가,0.0,0.006656165981684711
872680064,Q1_저가,0.0,0.05296468562701645
872769152,Q1_저가,0.0,0.012515592720907964
872839680,Q3,,-0.07267343443957724
872900928,Q1_저가,0.0,0.018558363738264916
873132928,Q2,,0.07484623871785315
873157056,Q3,0.0,0.005107591473053064
873170048,Q1_저가,0.0,-0.03066969827774324
873409472,Q1_저가,0.0,-0.04824757438812577
873481856,Q4_고가,0.0,0.05095532535465286
873494848,Q3,1.0,-0.015334334518086301
873531968,Q4_고가,0.0,0.06573219133190744
873554240,Q2,0.0,-0.1015088208478474
873687872,Q2,0.0,0.006526478907713296
874049792,Q2,0.0,0.0401391945489582
874122176,Q4_고가,0.0,0.014757487059174679
874146304,Q2,0.0,-0.04458905399099533
874214976,Q3,,0.039166937996829576
874242816,Q2,0.0,0.0069063940524064504
874261376,Q3,0.0,-0.02278009410501411
874283648,Q3,,0.05508768545241642
874309632,Q1_저가,0.0,0.012896378159597169
874517504,Q2,0.0,-0.04391425153281453
874665984,Q2,0.0,-0.0025056389524140688
874834880,Q3,1.0,0.0640555841636381
874953664,Q2,,-0.0365029875484498
875011200,Q3,0.0,0.09026708517046655
875059456,Q4_고가,1.0,-0.022732349817133568
875141120,Q1_저가,0.0,0.03827053025112904
875501184,Q4_고가,0.0,0.028774276275579935
875621824,Q2,0.0,0.02167649942727698
875644096,Q1_저가,1.0,0.043740845576508425
875807424,Q2,0.0,0.032059254150062555
875942912,Q1_저가,,-0.11500664002302041
875970752,Q3,0.0,0.025911227124383
876158208,Q3,0.0,-0.054022853756358846
876312256,Q4_고가,0.0,0.026654078998871705
876408768,Q3,0.0,0.036992742337403905
876564672,Q2,0.0,-0.04066017029478908
876648192,Q2,0.0,0.03373804990108
876694592,Q3,0.0,0.028521120382990706
876865344,Q3,0.0,0.028081130810167193
877013824,Q1_저가,0.0,-0.05390065408235353
877032384,Q4_고가,,0.06810052966727143
877288512,Q3,0.0,-0.052840022672971165
877346048,Q1_저가,0.0,0.00255519377493027
877442560,Q1_저가,,0.027860505838009704
877457408,Q2,0.0,0.027588606121671452
877566912,Q2,0.0,0.023415655068756924
877772928,Q1_저가,,0.039325408057561295
877915840,Q4_고가,,0.0437182114545219
877947392,Q3,0.0,0.03996682354468501
878023488,Q1_저가,1.0,0.031058356717953414
878029056,Q4_고가,0.0,0.0385306833554724
878194240,Q2,,-0.010478213191988717
878266624,Q4_고가,0.0,0.06724457514420978
878318592,Q3,0.0,0.018560376880303514
878352000,Q3,,0.05592886670367514
878415104,Q4_고가,0.0,0.020905444704634513
878884672,Q3,0.0,0.04481995701307301
878940352,Q3,1.0,0.017252227668424297
879031296,Q4_고가,0.0,0.025583895821585267
879426624,Q4_고가,0.0,0.06390209410989145
879476736,Q3,0.0,0.033785479652037584
879510144,Q2,0.0,0.08648327635036042
879524992,Q3,0.0,0.014062330053803224
879530560,Q3,0.0,-0.01092436060888266
880105920,Q3,0.0,-0.05607168028188447
880200576,Q2,,-0.005027274979785501
880545792,Q3,,0.023892117944461222
880668288,Q1_저가,0.0,-0.02438868623838522
880770368,Q1_저가,0.0,-0.026238549838139724
880807488,Q3,,-0.006903858891887049
880889152,Q2,0.0,0.015442965134555911
880991232,Q1_저가,0.0,0.03096581159080118
881171264,Q4_고가,0.0,0.025294003101176216
881174976,Q2,0.0,-0.0354455897955932
881176832,Q2,0.0,-0.09456629335669048
881228800,Q1_저가,0.0,0.10079627809856223
881299328,Q4_고가,0.0,0.045793255747305195
881304896,Q3,,0.03787964428563509
881535040,Q2,0.0,-0.025811652014123637
881679808,Q2,0.0,0.010119702129528313
881694656,Q3,0.0,0.05284845182000078
882045440,Q1_저가,,0.00012564611245990953
882292288,Q4_고가,0.0,0.05475434641224197
882485312,Q1_저가,0.0,0.053344557152396055
882592960,Q2,0.0,-0.03762036318772388
883259264,Q4_고가,0.0,0.0754670161665617
883303808,Q3,0.0,0.0361403815622854
883307520,Q4_고가,0.0,0.03698016025723275
883387328,Q3,0.0,-0.0003593115142557224
883400320,Q3,,0.02642359603489486
883454144,Q4_고가,0.0,0.0473998690638503
883537664,Q3,0.0,0.04707453691849689
883584064,Q4_고가,0.0,0.005730402085633357
883593344,Q2,0.0,-0.032535925784736575
883658304,Q1_저가,0.0,0.012707093768323713
883715840,Q4_고가,0.0,0.053177672354190325
883751104,Q1_저가,0.0,0.08403771603043875
883756672,Q4_고가,,-0.011107469623018118
883773376,Q2,0.0,-0.01203099081895187
883817920,Q2,0.0,0.015333552304210324
883897728,Q1_저가,,-0.0364095107839284
883927424,Q2,,0.029436141689612783
884122304,Q4_고가,,0.18559298954238268
884139008,Q1_저가,0.0,0.038741377150987286
884163136,Q3,0.0,0.04838504004376132
884170560,Q1_저가,0.0,0.044280480283127796
884352448,Q3,0.0,0.03497228861929966
884590016,Q1_저가,0.0,-0.06076147993418832
884606720,Q2,0.0,-0.042961064485900924
884747776,Q2,,-0.029360323540906397
884860992,Q1_저가,1.0,0.01611344279511248
884886976,Q1_저가,,0.019244682428636195
884914816,Q2,0.0,0.005215018612101524
885345408,Q3,0.0,0.03417379020405144
885347264,Q1_저가,0.0,0.04059708809059411
885653504,Q3,,0.0012133759340112737
885985728,Q3,,0.03472320692841774
885995008,Q1_저가,0.0,-0.09031765223789034
886054400,Q3,0.0,-0.0937240654797537
886169472,Q4_고가,0.0,0.05690439368043465
886280832,Q1_저가,0.0,-0.034593074327393225
886301248,Q2,,0.028217933874628967
886321664,Q3,0.0,0.03361138851632217
886323520,Q4_고가,0.0,0.053418962910974255
886334656,Q1_저가,0.0,-0.03921472052153707
886440448,Q4_고가,0.0,0.029031954714699403
886472000,Q4_고가,0.0,0.06437569819772504
886549952,Q4_고가,0.0,0.06486025184242616
886566656,Q4_고가,0.0,-0.00041783952653279277
886579648,Q4_고가,0.0,0.026263892687039214
886672448,Q2,0.0,0.027594126739268088
887201408,Q2,0.0,0.017228451599308636
887451968,Q3,0.0,0.13362598054747654
887715520,Q1_저가,0.0,-0.08551115404656179
887912256,Q2,0.0,0.04787386621943768
887960512,Q1_저가,,0.019376417253418543
888040320,Q1_저가,0.0,0.007227687147884687
888363264,Q2,1.0,0.03754111293347655
888381824,Q4_고가,0.0,0.02695402661522925
888398528,Q2,0.0,0.07219397263588545
888530304,Q2,0.0,-0.02613860287773595
888580416,Q4_고가,0.0,0.011856165005172531
888654656,Q4_고가,1.0,-0.002302713546767643
888775296,Q4_고가,0.0,0.02687126781100646
888866240,Q4_고가,0.0,0.04558511013094624
888910784,Q2,0.0,0.03660920079557312
888914496,Q4_고가,0.0,0.02761281559560763
889202176,Q2,0.0,-0.0022408248239666473
889220736,Q3,0.0,-0.1060523258974796
889337664,Q2,0.0,-0.03540414877937781
889410048,Q4_고가,0.0,0.07057966759308021
889465728,Q2,0.0,0.05490117385715078
889491712,Q1_저가,0.0,-0.0030207771723531757
889534400,Q4_고가,0.0,0.06096485132493479
889547392,Q4_고가,0.0,0.036182736624930906
889745984,Q2,,-0.08824066884327653
889822080,Q4_고가,0.0,0.010419510327443593
889851776,Q1_저가,0.0,0.015085830875256043
889866624,Q2,0.0,0.03550945257958965
889874048,Q1_저가,0.0,0.030443668376640587
889881472,Q1_저가,0.0,0.03361478449709615
890365888,Q4_고가,0.0,0.012977939961803908
890501376,Q2,0.0,-0.01714863104393699
890724096,Q3,0.0,0.0038602430781216057
890731520,Q2,0.0,0.057315782095150314
890738944,Q3,0.0,0.034338854751919445
890826176,Q2,0.0,0.03863779498618669
893192576,Q1_저가,,-0.04628553934878177
893227840,Q2,0.0,0.03229723795936218
893452416,Q3,1.0,-0.014976091671539848
893491392,Q3,0.0,-0.04033328836823555
893806912,Q1_저가,0.0,0.030497607005008198
893808768,Q2,,0.021728047167748704
893858880,Q4_고가,0.0,0.08541489964077623
893912704,Q1_저가,0.0,0.03351249989452422
893944256,Q3,0.0,0.03138679675649243
893953536,Q4_고가,,0.0630724277671029
894140992,Q1_저가,1.0,0.01597936977821754
894205952,Q2,0.0,0.03289031300396249
894218944,Q1_저가,0.0,0.04594187810534914
894311744,Q4_고가,0.0,0.08100396537026999
894525184,Q3,,-0.013374686341497521
894541888,Q1_저가,0.0,0.018576699569964647
894560448,Q3,0.0,-0.008769664224291263
894577152,Q2,,0.011784135220502479
894643968,Q4_고가,,0.052603934475930994
894662528,Q4_고가,0.0,0.017716515838970825
894679232,Q1_저가,1.0,0.0681846154640664
894729344,Q3,0.0,-0.053916447792018596
894788736,Q2,1.0,0.0048384530907901735
894859264,Q2,0.0,-0.04319595816785604
894905664,Q1_저가,0.0,0.024883139583139813
895126528,Q4_고가,0.0,0.1910755955661636
895241600,Q1_저가,0.0,0.030898230315841546
895286144,Q3,0.0,0.012278760341293743
895447616,Q1_저가,0.0,0.019242246638047994
895477312,Q3,,-0.09343985343431205
895614656,Q2,,0.015093388349536219
895620224,Q2,,0.0031702729285665865
895642496,Q3,0.0,0.043591855318351413
895796544,Q3,0.0,0.015515453714067748
895985856,Q2,0.0,-0.010199435964776432
895987712,Q4_고가,,-0.05082166809865238
896089792,Q2,1.0,-0.004664794395384475
896332928,Q3,,0.006318794301934244
896412736,Q1_저가,,0.04873939768038235
896791360,Q3,0.0,0.042704309325252404
896869312,Q4_고가,,0.007213042670213166
896926848,Q3,0.0,-0.00023376204946268242
896936128,Q3,0.0,0.010547981686797936
897207104,Q1_저가,0.0,-0.08769684201195377
897335168,Q3,1.0,-0.03295703490016688
897337024,Q4_고가,0.0,0.02063147821312354
897388992,Q4_고가,0.0,-0.0026545211228737875
897682240,Q4_고가,0.0,0.007605334030316532
897780608,Q4_고가,0.0,0.0294043956579908
897929088,Q1_저가,1.0,0.04127666691581444
897958784,Q4_고가,0.0,0.012844687343703629
897995904,Q3,0.0,0.03900878119983431
898005184,Q1_저가,1.0,0.0032992292610573015
898062720,Q2,0.0,-0.051972603849749055
898168512,Q2,0.0,0.013604748466362837
898237184,Q4_고가,0.0,-0.01618928742965181
898534144,Q2,0.0,0.0021588133406104104
898628800,Q4_고가,0.0,-0.01638211826295599
898649216,Q3,0.0,-0.001614644231025253
898693760,Q1_저가,0.0,0.004864108421336888
898883072,Q3,,-0.09175172255126218
899083520,Q1_저가,0.0,-0.005503405265084915
899168896,Q2,1.0,0.018985604540715684
899515968,Q4_고가,0.0,0.022849771348575854
899755392,Q2,,-0.03278849845970791
899764672,Q4_고가,0.0,-0.010062885902167473
899768384,Q1_저가,1.0,-0.043510292553368135
899788800,Q1_저가,0.0,0.06523728931262049
899824064,Q2,,0.0385776293959694
899866752,Q3,0.0,0.05526468251614047
900113600,Q3,,0.02439718774213384
900275072,Q3,0.0,0.01902681416839372
900429120,Q4_고가,0.0,0.014387490563506758
900857856,Q4_고가,0.0,0.12749203806027887
900891264,Q2,0.0,0.022373847511385034
900978496,Q3,0.0,-0.005325659273608507
901234624,Q3,0.0,-0.08197954954436759
901238336,Q4_고가,0.0,0.005943523199627265
901475904,Q3,,-0.036418972019999774
901539008,Q1_저가,,0.029152344355938956
901796992,Q1_저가,0.0,-0.0014254127563409213
901828544,Q1_저가,0.0,0.03841783416946705
902051264,Q2,,0.037340406570901916
902064256,Q3,0.0,-0.009077746775310702
902201600,Q2,0.0,0.01985909312845907
902491136,Q1_저가,0.0,0.0555170687842846
902758400,Q4_고가,0.0,0.170545970946956
902854912,Q2,0.0,0.032432064400554586
902938432,Q1_저가,0.0,0.0005855796947016323
903081344,Q4_고가,0.0,-0.01074576357273549
903330048,Q4_고가,0.0,0.014141210717831143
903378304,Q2,0.0,-0.06193376046569021
903580608,Q3,0.0,-0.0037965403582685547
903677120,Q4_고가,,0.01861617694107809
903816320,Q3,0.0,0.020518060604107546
903890560,Q4_고가,1.0,0.05810001091336886
903916544,Q4_고가,0.0,0.03972042892767663
903920256,Q2,0.0,0.014945432474278972
903944384,Q3,0.0,0.0234555790176616
904020480,Q4_고가,,0.018913710177951848
904189376,Q2,0.0,-0.03227464903714905
904239488,Q2,1.0,-0.015564039600730661
904282176,Q3,0.0,0.049078048732961885
904517888,Q1_저가,0.0,0.047732517335031546
904679360,Q1_저가,0.0,-0.012041209864593505
904974464,Q4_고가,0.0,0.011132104158322442
905039424,Q3,0.0,0.03662539384943049
905057984,Q3,,0.0027143410190705874
905080256,Q1_저가,0.0,0.005039977259503364
905280704,Q3,0.0,0.07844420398233659
905499712,Q3,0.0,-0.03231109327658033
905605504,Q3,1.0,0.004082603607923646
906036096,Q1_저가,0.0,-0.029471107594879448
906140032,Q1_저가,0.0,0.01725307879051352
906368320,Q2,0.0,-0.01173920495960834
906403584,Q3,0.0,0.09998826379318432
906436992,Q2,0.0,0.017484650109134442
906505664,Q2,0.0,0.03149655068900736
906826752,Q4_고가,0.0,-0.04370383998305763
906952960,Q1_저가,0.0,0.011297355812779686
906973376,Q2,,-0.09131766039404138
907006784,Q3,0.0,0.011932437456224854
907025344,Q1_저가,0.0,0.0331492427989655
907077312,Q3,0.0,0.03625985700479825
907179392,Q3,0.0,0.06683616552783711
907203520,Q4_고가,0.0,0.033519783479781115
907352000,Q1_저가,0.0,0.006134256071337135
907381696,Q4_고가,0.0,0.07460974604659693
907494912,Q3,0.0,-0.027393450284525778
907630400,Q4_고가,0.0,0.038930485553204816
907687936,Q4_고가,0.0,0.025373660366844075
907977472,Q3,0.0,0.0688683409726446
908131520,Q1_저가,0.0,0.05663592260348285
908183488,Q3,0.0,0.051234588301710696
908617792,Q4_고가,,0.009119425836290773
908794112,Q4_고가,,0.03249053025109208
908940736,Q2,1.0,-0.0010203458454741687
909024256,Q4_고가,,0.019574158432725475
909026112,Q2,0.0,-0.031158758792055763
909094784,Q3,0.0,0.030617609990116063
909195008,Q2,0.0,-0.04180053356288582
909228416,Q1_저가,0.0,0.04648039923488201
909493824,Q3,0.0,0.06343498438121115
910304896,Q2,0.0,-0.03179964415923672
910826432,Q2,0.0,0.041182876148001396
911542848,Q2,1.0,0.04707199640709622
912769664,Q1_저가,0.0,-0.010829348746962064
913257792,Q2,,0.010263777083290057
913283776,Q3,0.0,0.03325348776324355
913476800,Q4_고가,0.0,0.02084233124587742
913825728,Q2,,0.01321887253683951
914662784,Q2,0.0,0.04471714858416451
916555904,Q1_저가,0.0,0.023221667176928112
916576320,Q3,,0.02984364015376012
916780480,Q4_고가,0.0,-0.0009388799003131609
916825024,Q2,,0.038843614319279796
916979072,Q1_저가,0.0,0.027400585281034034
916984640,Q3,0.0,0.0312679873667491
917003200,Q2,0.0,-0.08127476666612587
917038464,Q1_저가,,0.038074868769999014
917133120,Q3,0.0,0.019613460436514393
917177664,Q4_고가,0.0,0.02838776710082201
917324288,Q3,,0.047441112833469995
917400384,Q4_고가,0.0,-0.020909035289321032
917404096,Q3,0.0,0.06256772129992721
917457920,Q3,0.0,0.020867346786838603
917463488,Q4_고가,,0.061601290422555716
917517312,Q1_저가,0.0,0.01846643002966003
917571136,Q1_저가,0.0,0.03787855728967579
917684352,Q2,0.0,0.011198336221253324
917788288,Q2,0.0,0.037955364400869995
917925632,Q3,0.0,0.03755578990818053
918088960,Q2,1.0,-0.030429010179236493
918107520,Q2,0.0,0.04329031490899843
918220736,Q4_고가,0.0,-0.0435703666734964
918261568,Q2,0.0,-0.04666915622306658
918263424,Q4_고가,0.0,0.03805295329812396
918304256,Q4_고가,0.0,0.002353902815101616
918408192,Q2,0.0,0.016266818519098128
918452736,Q1_저가,0.0,0.04547133746518036
918586368,Q2,0.0,0.05600617643785921
918944576,Q4_고가,0.0,-0.01770033456906428
919204416,Q1_저가,0.0,-0.05853846343669289
919222976,Q2,0.0,0.03492165476713893
919351040,Q4_고가,0.0,0.050827228986724204
919404864,Q1_저가,0.0,0.04922014951063165
919553344,Q2,1.0,-0.02607750916746948
919596032,Q1_저가,1.0,0.06232884125273222
919835456,Q2,0.0,0.03916755357071794
919976512,Q4_고가,0.0,0.02468054631181918
919996928,Q2,0.0,0.0404837099291493
920115712,Q2,0.0,0.026673705640730433
920364416,Q4_고가,,0.04958621354015652
920423808,Q4_고가,1.0,0.014900430445248136
920754176,Q3,,0.04459622438762956
920802432,Q2,0.0,-0.04256094095923796
921041856,Q1_저가,1.0,0.007847946040030113
921108672,Q4_고가,0.0,0.011436934341047311
921333248,Q1_저가,0.0,0.05818385223411626
921730432,Q1_저가,0.0,0.0435417773260567
921741568,Q2,,0.051787908253501824
921745280,Q3,0.0,0.042077602010966775
921919744,Q1_저가,0.0,-0.010363768530844364
921951296,Q4_고가,1.0,0.030434707974220418
922081216,Q4_고가,1.0,0.03436093916943747
922094208,Q4_고가,,0.14581530304741375
922433856,Q4_고가,0.0,0.028908934354544044
922495104,Q1_저가,0.0,-0.03861197511192577
922706688,Q2,0.0,0.05328655922683312
922827328,Q4_고가,0.0,0.04804747888875982
922844032,Q3,,0.01942678342078563
922884864,Q4_고가,0.0,0.016562676411519456
922886720,Q4_고가,,0.01923925411704097
923196672,Q2,0.0,0.03334424361741019
923406400,Q2,0.0,-0.05182704502657198
923534464,Q1_저가,0.0,0.0121080200217914
923773888,Q4_고가,0.0,0.055623091623419496
923814720,Q1_저가,0.0,0.025676482236034748
923864832,Q4_고가,1.0,0.053065229882277076
924343680,Q3,0.0,0.008660766892266802
924364096,Q2,0.0,0.024064123818590133
924605376,Q3,0.0,0.03970531841880354
924935744,Q1_저가,0.0,0.0598193304022922
924980288,Q1_저가,0.0,0.008573500725919891
925028544,Q1_저가,0.0,0.008628824018760639
925305088,Q3,0.0,0.010881418971622245
925509248,Q4_고가,0.0,0.03428684856270825
925522240,Q3,0.0,0.007224755979088199
925559360,Q4_고가,0.0,0.03198409077282194
925639168,Q4_고가,0.0,-0.0056945798643829315
925793216,Q1_저가,0.0,-0.019478736007420894
925822912,Q4_고가,0.0,0.007803998360913167
925854464,Q1_저가,0.0,0.04195564599443752
925893440,Q3,,0.02517019048147312
925917568,Q4_고가,,0.008495178216220867
926006656,Q4_고가,0.0,0.007637429632978324
926114304,Q2,0.0,-0.004481973118549032
926136576,Q1_저가,,-0.05669194816446371
926205248,Q2,0.0,0.02188160022930863
926407552,Q2,0.0,0.04879419629859083
926650688,Q2,0.0,0.012053676076035053
926706368,Q4_고가,0.0,0.0323438630580901
927049728,Q1_저가,0.0,0.035141434720491194
927433920,Q1_저가,0.0,0.012153949005234643
927504448,Q1_저가,0.0,0.04582029235036955
927678912,Q3,,-0.0013464144705966907
927847808,Q1_저가,0.0,0.04662080970959412
928035264,Q1_저가,,0.004673907454171067
928111360,Q1_저가,0.0,-0.011263838100466494
928198592,Q1_저가,0.0,0.04458308200642183
928317376,Q3,0.0,0.07547539038883389
928322944,Q3,0.0,0.018763686231339366
928476992,Q1_저가,0.0,-0.0014009478744552717
928502976,Q1_저가,,0.014461742086716911
928820352,Q2,0.0,-0.05228005681692671
928896448,Q3,0.0,0.011076564915993736
929013376,Q3,0.0,0.04988755461333083
929425408,Q3,0.0,0.015063131180697187
929698240,Q2,0.0,-0.0020937103099982757
929766912,Q4_고가,1.0,-0.006349339133828902
929846720,Q2,0.0,0.0338853024656115
929941376,Q3,,0.04539311589148598
930086144,Q2,0.0,-0.04462697464312987
930383104,Q4_고가,1.0,-0.01647230012940759
930518592,Q2,0.0,0.0033456935073341576
930546432,Q1_저가,,-0.0048458260866623415
930611392,Q3,0.0,-0.024819746972006285
930635520,Q2,0.0,-0.009729872714329652
930791424,Q4_고가,,0.02345858206656723
930900928,Q2,0.0,0.025501327209456012
930952896,Q4_고가,0.0,0.0614506608900065
931021568,Q3,0.0,0.03295439940990569
931067968,Q4_고가,,0.019696831631571543
931273984,Q1_저가,,-0.0052579465117547075
931329664,Q1_저가,1.0,0.05274196547521901
931615488,Q2,,0.010288122184102438
931810368,Q1_저가,0.0,-0.029852916929461293
931838208,Q2,0.0,0.028947821991328504
931923584,Q2,0.0,-0.03926646953543217
932047936,Q1_저가,0.0,0.016578812057285924
932073920,Q1_저가,0.0,0.035174506343020745
932214976,Q3,0.0,0.027494202537717227
932517504,Q3,0.0,-0.008605441412673498
932562048,Q4_고가,0.0,0.01973349198746012
932571328,Q2,0.0,0.0411053928743175
932680832,Q3,,0.06193216260732459
932734656,Q3,0.0,0.03654162873765644
932768064,Q4_고가,0.0,0.07673627033477914
932836736,Q4_고가,0.0,0.04747631777663347
932857152,Q3,,-0.03944785752577529
932968512,Q4_고가,0.0,0.01944766499423311
933089152,Q3,1.0,0.1368365430076584
933094720,Q3,0.0,-0.014983989672990305
933269184,Q4_고가,0.0,0.02996568933859667
933933632,Q2,,-0.009475658625572425
934000448,Q3,0.0,0.006996773049558702
934037568,Q3,1.0,0.020132376874934077
934408768,Q3,0.0,-0.04133905051359074
934804096,Q1_저가,0.0,-0.07850292200342723
934805952,Q4_고가,,0.012784280311209331
934919168,Q4_고가,0.0,-0.037408522413415635
934926592,Q1_저가,,0.03257505538041177
934982272,Q4_고가,,0.014323091928038281
935006400,Q2,1.0,0.03299795310591347
935431424,Q1_저가,0.0,-0.0726045854059928
935661568,Q3,,0.00016780501797653002
935889856,Q2,,-0.024597139425687115
935991936,Q1_저가,0.0,0.048638115234557494
935999360,Q3,0.0,0.04102661863329882
936042048,Q3,0.0,-0.038028229717703255
936145984,Q4_고가,0.0,0.07041973680610358
936196096,Q3,,0.04626770385102408
936205376,Q2,0.0,-0.04467622340419958
936376128,Q1_저가,0.0,0.04199736008151589
936411392,Q4_고가,0.0,-0.01720262571349218
936416960,Q2,0.0,0.038390813539105784
936506048,Q1_저가,0.0,-0.03521524524759684
936530176,Q3,0.0,0.04707773808521395
936539456,Q4_고가,,0.004370343205856025
936611840,Q3,,-0.08522306182501793
936641536,Q3,,0.03538758027191478
936658240,Q3,0.0,0.012131615212497948
936693504,Q2,,-0.05024915354210552
936723200,Q4_고가,0.0,-0.0002606004432614828
936801152,Q2,0.0,-0.10212418140906077
937038720,Q2,,-0.08585947718230147
937092544,Q2,0.0,-0.04964647838306252
937107392,Q3,1.0,0.033585553032536075
937376512,Q2,0.0,0.014034909400734652
937963008,Q1_저가,0.0,0.0376271657883878
938016832,Q4_고가,0.0,0.022164042109116794
938154176,Q4_고가,,-0.015309831630383797
938280384,Q1_저가,,0.033383991007205016
938553216,Q3,,-0.03190034020924515
938560640,Q4_고가,0.0,0.033664604859373504
938686848,Q4_고가,0.0,0.02508822275219655
938811200,Q4_고가,0.0,0.09916425242746862
938963392,Q4_고가,0.0,0.03847364437327794
939167552,Q4_고가,0.0,0.01520376156255579
939178688,Q4_고가,0.0,-0.012885816962787788
939239936,Q2,0.0,0.20136493396750627
939548032,Q2,,0.026626034077748217
939564736,Q1_저가,0.0,0.037263078037153605
939915520,Q4_고가,0.0,0.02504644749851058
939939648,Q3,0.0,0.0029574330657818476
940231040,Q1_저가,0.0,0.004505796407155843
940232896,Q4_고가,,0.16086192693830326
940321984,Q1_저가,0.0,0.032261787422005084
940344256,Q2,0.0,-0.018141166915918994
940375808,Q4_고가,0.0,0.02545165723297882
940438912,Q2,0.0,0.019323213005985232
940515008,Q1_저가,,-0.044192894792549064
940927040,Q1_저가,0.0,-0.0033988750861144723
941003136,Q2,0.0,0.03201070357271339
941201728,Q3,0.0,0.04438101709081679
941314944,Q1_저가,,-0.08143830130687196
941461568,Q2,0.0,-0.013413765492002155
941663872,Q1_저가,0.0,0.004183856825956789
941675008,Q1_저가,0.0,-0.04639361083698723
941728832,Q1_저가,0.0,0.027014185794663442
941793792,Q4_고가,0.0,0.05803578137832921
941799360,Q4_고가,0.0,-0.0026123349174659305
941879168,Q1_저가,0.0,-0.0394483644093262
942005376,Q2,1.0,-0.0809444807466233
942144576,Q1_저가,0.0,0.05705849255442336
942591872,Q2,0.0,-0.07235522630882119
942732928,Q4_고가,1.0,-0.018131554494989183
942825728,Q4_고가,0.0,0.02056206746193573
942842432,Q1_저가,0.0,0.04135218473414257
943068864,Q2,0.0,0.02065268664053592
943146816,Q3,0.0,0.034927500655232285
943250752,Q2,0.0,-0.002622619064552273
943330560,Q4_고가,,-0.07731761780957425
943427072,Q2,0.0,4.564673043661038e-06
943434496,Q4_고가,0.0,0.05283245988730334
943542144,Q2,0.0,0.009079598609941786
943729600,Q1_저가,0.0,-0.03615935045330809
943805696,Q2,0.0,0.03253488077374539
943956032,Q2,0.0,-0.02536659526100582
944258560,Q1_저가,0.0,-0.005606859879434989
944381056,Q2,0.0,-0.10373231562264695
944394048,Q2,0.0,-0.01268309109504423
944433024,Q4_고가,0.0,0.04598886870429324
944858048,Q1_저가,,-0.02688955722393227
945023232,Q3,,0.03680160615820198
945043648,Q1_저가,0.0,0.025332268916238604
945292352,Q2,0.0,-0.10007037930740514
945368448,Q3,1.0,0.013154416449701722
945533632,Q1_저가,0.0,0.037063449584298136
945567040,Q3,0.0,0.018579272927102042
945685824,Q3,1.0,0.0711144938264135
945704384,Q1_저가,0.0,0.03963579659550805
945771200,Q4_고가,,-0.0006169757042867874
945851008,Q2,0.0,0.018720035680402952
945949376,Q2,,-0.007839957128194408
946088576,Q2,,0.04013337063575462
946090432,Q4_고가,0.0,0.003108229741477453
946170240,Q2,,0.02547028535049989
946248192,Q1_저가,0.0,0.0347378230727579
946303872,Q4_고가,0.0,0.04536157431450666
946344704,Q1_저가,,0.03733035611525197
946541440,Q4_고가,1.0,-0.0028519071525194006
946571136,Q3,0.0,0.008335863137915248
946808704,Q2,,-0.10597856733326216
946959040,Q4_고가,0.0,0.061845113168937926
947029568,Q1_저가,0.0,0.022508826522781578
947213312,Q2,0.0,-0.02037353711688894
947220736,Q2,0.0,-0.0006562451001594638
947500992,Q4_고가,0.0,0.036050432917869135
947525120,Q2,0.0,-0.004483362737440211
947539968,Q3,0.0,-0.04507391511348327
947562240,Q3,0.0,0.034070322078603166
947577088,Q4_고가,0.0,0.02704913468990277
947688448,Q3,0.0,-0.016158625856924957
947692160,Q3,0.0,0.0136846817707863
947755264,Q3,0.0,0.05611224945840787
947803520,Q4_고가,0.0,-0.03467823016883384
948046656,Q3,0.0,0.03572229464724767
948055936,Q2,0.0,-0.042528553223522614
948067072,Q4_고가,0.0,0.015226555560725108
948143168,Q3,0.0,0.0480054856965646
948158016,Q1_저가,0.0,0.027768201068848142
948193280,Q2,0.0,0.009848088895328844
948234112,Q4_고가,,0.03038039704494458
948419712,Q2,0.0,-0.004472694138853595
948492096,Q2,1.0,0.01697545805137768
948614592,Q4_고가,,-0.010824752677323524
950542976,Q3,0.0,0.040759574460563
950565248,Q4_고가,0.0,0.03153057319619859
950787968,Q4_고가,0.0,0.00732814653250391
950865920,Q2,0.0,-0.006021160363959832
950971712,Q3,0.0,0.05612292914300232
951036672,Q3,0.0,-0.015819804858029918
951116480,Q2,,0.022195370094159048
951175872,Q4_고가,,0.06654213220899596
951190720,Q3,0.0,0.0468292968692563
951196288,Q4_고가,0.0,0.03665187073795097
951717824,Q2,0.0,0.02292725171057331
951836608,Q2,0.0,0.0006582353018285969
952087168,Q2,0.0,0.006732230245122817
952237504,Q1_저가,0.0,-0.02068932432310916
952274624,Q2,0.0,0.0027991690296854665
952918656,Q1_저가,0.0,0.04062977322878457
954633600,Q3,0.0,0.16061557871951787
954815488,Q2,,0.035116393235511884
955223808,Q1_저가,0.0,0.03457057247296294
955381568,Q4_고가,0.0,0.038061712357380345
955431680,Q4_고가,0.0,0.02323286367994748
955498496,Q4_고가,0.0,0.09636455702943265
956599104,Q4_고가,,0.028531171850591314
957523392,Q3,0.0,0.033193526953913005
957584640,Q4_고가,0.0,0.07252481913332653
958089472,Q1_저가,,-0.003438963168531317
958538624,Q1_저가,0.0,0.030024527295134038
958657408,Q3,0.0,0.032059383352915694
959028608,Q4_고가,0.0,0.027218472508000163
959130688,Q4_고가,0.0,0.02665347043610105
959243904,Q4_고가,0.0,-0.05057893077457132
959433216,Q4_고가,0.0,0.01770356586345226
961536064,Q4_고가,0.0,-0.01210756814210956
962295168,Q4_고가,0.0,0.017164495296314516
962297024,Q3,0.0,0.03434951639895689
962955904,Q2,,0.02253183632285971
963050560,Q3,0.0,0.09600557774390162
963119232,Q2,0.0,0.0013729526255243096
963122944,Q3,0.0,0.10306732148203146
963592512,Q3,0.0,0.06557497743273832
963776256,Q4_고가,1.0,0.025844118959189782
964186432,Q4_고가,0.0,0.014856133413433573
964572480,Q2,,0.026225367269971378
964880576,Q1_저가,0.0,0.06261482823290383
964949248,Q2,0.0,0.025142904801704224
964973376,Q2,0.0,0.052990126696791234
965294464,Q4_고가,,0.021732601182301692
965337152,Q4_고가,0.0,-0.010917191989439023
965455936,Q1_저가,0.0,-0.03241433376825886
965598848,Q2,0.0,0.12836333515139464
965867968,Q4_고가,0.0,0.04009484344581671
965932928,Q1_저가,0.0,0.03900430307126687
965958912,Q3,0.0,0.05474998704358969
966437760,Q4_고가,1.0,0.05500152371038815
966473024,Q1_저가,0.0,0.00014162006142176553
966745856,Q3,0.0,0.03559883590293453
966833088,Q1_저가,0.0,0.028307543475353192
966907328,Q1_저가,0.0,0.06395825494287453
967046528,Q3,0.0,0.05252230767129007
967222848,Q1_저가,0.0,0.049163554091186716
967313792,Q2,0.0,0.04563304693143612
967358336,Q3,0.0,-0.010735831107845317
967800064,Q1_저가,,0.048260057087949476
968252928,Q3,0.0,0.02362987027351489
968405120,Q3,0.0,0.03989078175725555
968505344,Q2,1.0,0.03526058214880766
968551744,Q2,0.0,-0.05074050329088747
968948928,Q3,0.0,0.018336473521214813
968950784,Q1_저가,,-0.054869605843951785
969013888,Q4_고가,1.0,0.04640689816808974
969091840,Q4_고가,,0.012200798418142103
969208768,Q3,1.0,0.03858567796328963
969219904,Q1_저가,0.0,0.01845310962922575
969303424,Q3,,0.17529294289376984
969451904,Q3,0.0,0.03593544689887507
969568832,Q3,0.0,0.057037364478650265
969813824,Q1_저가,0.0,-0.12738653460806182
969849088,Q3,,-0.0019281786399702738
969880640,Q1_저가,0.0,-0.015016673021197802
970164608,Q4_고가,0.0,0.03520102350768392
970530240,Q1_저가,1.0,0.05604903722533808
970571072,Q3,0.0,-0.035707089510964574
970582208,Q3,0.0,0.04446240482337642
970732544,Q2,0.0,-0.07933727911532107
971081472,Q4_고가,0.0,0.03727254528683496
971226240,Q2,0.0,-0.12612714943712666
971350592,Q1_저가,,0.026709549949238368
971480512,Q3,1.0,0.022613845072845806
971508352,Q4_고가,0.0,0.03008218769719706
971582592,Q4_고가,,0.03254959314893362
971601152,Q4_고가,0.0,-0.04555631694905249
971673536,Q3,0.0,0.0029574138474343092
971692096,Q1_저가,0.0,0.04465402977851737
971803456,Q3,0.0,0.05881900840751045
972091136,Q3,,0.03784339341235521
972104128,Q3,,0.02959910289721357
972115264,Q3,1.0,0.02354447332500731
972178368,Q4_고가,,-0.011372732580170353
972189504,Q1_저가,0.0,-0.009758721792344022
972367680,Q4_고가,0.0,0.0174892483685104
972547712,Q4_고가,0.0,0.028550069553595153
972842816,Q2,0.0,0.020962282530302745
973106368,Q4_고가,0.0,0.03195516461667891
973167616,Q1_저가,0.0,-0.0009415580385587763
973484992,Q1_저가,0.0,0.04081142807976956
973535104,Q2,,0.006078647896843314
973544384,Q1_저가,0.0,0.043526482454798406
974136448,Q2,0.0,-0.05175776270283827
974221824,Q1_저가,0.0,0.03167903370382929
974459392,Q1_저가,,0.0028587287152555263
974683968,Q4_고가,0.0,0.04833212922959629
974709952,Q2,0.0,0.0646579202114109
974760064,Q4_고가,0.0,0.0936785948369267
974917824,Q2,0.0,0.006668153872821825
975008768,Q4_고가,0.0,0.05957828798509357
975105280,Q1_저가,0.0,0.047193087442519224
975155392,Q2,0.0,0.09802863698547604
975248192,Q1_저가,0.0,-0.06653731800944368
975300160,Q1_저가,0.0,-0.0644851777328076
975337280,Q1_저가,1.0,-0.022466501180923748
975691776,Q4_고가,0.0,-0.032031532716324806
975714048,Q4_고가,1.0,0.1455421371647141
975901504,Q2,0.0,0.030766300298704148
975988736,Q2,0.0,0.024231379528722882
976033280,Q3,0.0,0.008622876993706174
976122368,Q4_고가,0.0,0.019848921584679213
976337664,Q2,0.0,0.0032978646416188806
976736704,Q1_저가,0.0,0.018533807983425077
976757120,Q4_고가,0.0,0.0046275861672449015
976786816,Q2,1.0,-0.044442651377332665
977063360,Q1_저가,0.0,0.010881786636930707
977213696,Q1_저가,0.0,0.06763322892765644
977274944,Q2,,-0.01774138003960507
977341760,Q1_저가,0.0,0.031115403324889768
977354752,Q1_저가,0.0,0.043379936252700105
977414144,Q2,0.0,-0.011834630241397609
977614592,Q2,0.0,0.004425392549963103
977646144,Q3,0.0,0.022821388813088983
977670272,Q1_저가,0.0,-0.09687435273143286
977733376,Q2,0.0,0.0013132291855465772
977735232,Q2,0.0,-0.06316901425432297
977828032,Q2,0.0,0.012583571961417683
978004352,Q4_고가,0.0,-0.018773244631049013
978197376,Q1_저가,0.0,-0.08465719200792121
978221504,Q4_고가,0.0,-0.030536861895188783
978264192,Q3,0.0,0.0386906994280473
978273472,Q1_저가,0.0,0.03298587407839251
978408960,Q2,0.0,-0.12743461476367457
978514752,Q1_저가,1.0,0.0465158088198392
978789440,Q3,0.0,0.07418121393703953
978839552,Q4_고가,,-0.0031083085152892043
978878528,Q2,,0.041526080686831154
978947200,Q2,,0.012976289940752311
979025152,Q3,,-0.03167989073660127
979283136,Q4_고가,,0.04852081776147574
979374080,Q2,1.0,-0.019520366320601723
979669184,Q4_고가,0.0,0.02894901590736154
979800960,Q1_저가,0.0,0.021768410560461388
979867776,Q4_고가,,0.02485405271399055
980211136,Q3,0.0,0.027705695124709932
980225984,Q3,0.0,-0.032213850345246486
980391168,Q2,0.0,-0.02175035116288604
980513664,Q3,,0.018329311062753706
980675136,Q1_저가,0.0,-0.02755728671548295
980734528,Q3,0.0,0.0016679823371311686
980821760,Q3,0.0,0.04048130700819248
981048192,Q3,0.0,0.06313888765427747
981202240,Q3,0.0,0.009105889067162809
981263488,Q1_저가,0.0,-0.023965536494575473
981309888,Q1_저가,0.0,0.03722773240392985
981603136,Q4_고가,0.0,0.03265522370109633
981638400,Q3,0.0,-0.017979460793579927
981779456,Q2,0.0,0.0494799505541873
982122816,Q3,0.0,-0.03685278442172868
982226752,Q4_고가,0.0,0.051778425548087315
982299136,Q2,,0.032890149064180904
982427200,Q1_저가,0.0,-0.001973679287866792
982462464,Q1_저가,0.0,0.017812127903968578
982486592,Q4_고가,,0.02876931184259951
982698176,Q3,0.0,0.011062364335339914
982887488,Q1_저가,0.0,0.0360337189531916
982896768,Q2,0.0,0.02581947054024214
983024832,Q4_고가,0.0,-0.02945725899507029
983355200,Q1_저가,0.0,0.031404416494590845
983555648,Q2,,0.013343750273985516
985161088,Q3,0.0,0.039013720427959586
985469184,Q1_저가,0.0,0.045357592742390214
986089088,Q2,0.0,0.07641396108511334
986738688,Q1_저가,0.0,0.028939515898913956
989285120,Q1_저가,0.0,0.024492608055811313
989578368,Q1_저가,0.0,-0.09495150007482522
990107328,Q1_저가,0.0,0.016397458614630378
990413568,Q4_고가,,0.0586110767991794
990896128,Q2,0.0,-0.05876138158640931
991536448,Q3,0.0,0.08214899513711993
991614400,Q2,0.0,0.032422519041109155
992011584,Q3,1.0,0.07844915003039366
992468160,Q4_고가,0.0,0.00016373716472173339
992614784,Q3,0.0,-0.024470308331907553
992776256,Q4_고가,0.0,-0.07776043819540368
992792960,Q4_고가,0.0,-0.01610753429684708
993041664,Q4_고가,0.0,0.1218407036562234
993199424,Q1_저가,,0.014642033522181797
993281088,Q1_저가,0.0,0.030507430795718715
993938112,Q4_고가,0.0,-0.07167049897780897
994142272,Q4_고가,0.0,0.017624226182309743
994348288,Q3,0.0,-0.057973809538165
994387264,Q1_저가,0.0,0.03453870066648787
994723200,Q1_저가,0.0,0.04254189798559288
994732480,Q3,0.0,0.08490628365246333
995684608,Q3,0.0,0.02285329361803473
995727296,Q1_저가,0.0,-0.0162196494487451
995918464,Q1_저가,,0.021983102170827606
996052096,Q2,0.0,0.048798976566839014
996349056,Q2,1.0,0.09202022090045875
996452992,Q1_저가,,0.022531086321556593
996564352,Q3,,0.005832544646707266
996863168,Q1_저가,0.0,0.01694687073227541
997100736,Q4_고가,0.0,-0.026274321003452616
997104448,Q3,,0.1095116111364239
997115584,Q1_저가,0.0,0.013129095230056759
997148992,Q1_저가,,-0.008734435904568183
997256640,Q3,1.0,0.02125584770470984
997321600,Q3,1.0,0.011922989084860114
997406976,Q2,0.0,-0.027847509780885904
997542464,Q4_고가,0.0,-0.02833782988865169
997601856,Q4_고가,0.0,0.02621409660474177
997909952,Q2,0.0,0.036316156835914715
997928512,Q2,0.0,-0.0048942305949593035
998223616,Q4_고가,0.0,0.18080400441306582
998286720,Q2,1.0,-0.009767644020526212
998360960,Q3,0.0,-0.004521063044492124
998444480,Q1_저가,0.0,-0.007526724101180382
998470464,Q1_저가,0.0,0.025725301934238443
998477888,Q2,0.0,-0.08920461462421386
998498304,Q1_저가,0.0,-0.03037413450627191
998526144,Q2,,0.0012135884016938325
998576256,Q1_저가,,0.00024284049260893392
998583680,Q3,0.0,0.015134887896485011
998628224,Q4_고가,1.0,0.01778065515461691
998728448,Q1_저가,0.0,0.03531416669309376
998772992,Q1_저가,0.0,-0.06673668729215809
998784128,Q2,0.0,0.017241281154712795
998871360,Q2,0.0,0.008605766369458978
998990144,Q1_저가,0.0,0.018931652745417027
999029120,Q2,0.0,-0.04898699631273634
999068096,Q4_고가,1.0,0.044412823422716324
999168320,Q3,1.0,0.03527630796036138
999179456,Q2,0.0,0.03206489080932243
999227712,Q3,,-0.04307262104569409
999240704,Q1_저가,,0.046679057231714186
999261120,Q1_저가,1.0,0.025507872103906953
999264832,Q2,0.0,-0.00024239380248985976
999398464,Q2,0.0,-0.0006928963558681112
999474560,Q2,1.0,0.026134522814535113
999513536,Q3,,0.047692827212142075
999569216,Q2,0.0,-0.030586082720915175
999574784,Q4_고가,,0.09500182610920838
999580352,Q2,,0.011983868637142403
999582208,Q1_저가,,0.009328531274959806
999593344,Q1_저가,0.0,0.032269426514161176
999615616,Q1_저가,0.0,0.038666416494977734
999624896,Q1_저가,1.0,0.0147678129846327
999641600,Q2,0.0,0.03510110475953164
999654592,Q4_고가,0.0,0.032435134871055024
999682432,Q3,0.0,0.047797522774923315
999721408,Q3,0.0,0.019650184061095588
999738112,Q3,0.0,-0.049096965908075996
999739968,Q1_저가,1.0,0.02343014788936884
999754816,Q4_고가,,0.052369623874114035
999986816,Q1_저가,0.0,0.04704680020850792
1000012800,Q1_저가,1.0,0.02122330324781925
1000103744,Q3,0.0,0.010499866101494726
1000122304,Q2,0.0,-0.04758021898509912
1000163136,Q4_고가,0.0,0.023669882575850287
1000281920,Q3,0.0,0.04045353075137903
1000330176,Q1_저가,1.0,-0.029280239274344533
1000491648,Q3,0.0,0.03374780441940006
1000565888,Q1_저가,0.0,0.03738718473464467
1000577024,Q4_고가,0.0,0.018438784653818763
1000796032,Q2,0.0,0.0068227959463650345
1000807168,Q1_저가,0.0,-0.008786779040031778
1000925952,Q1_저가,0.0,0.06290455574933809
1001042880,Q1_저가,0.0,0.02493179308425958
1001111552,Q3,0.0,0.020701506076082232
1001146816,Q1_저가,0.0,0.02491856005229759
1001440064,Q1_저가,0.0,0.0014243029077554148
1001492032,Q3,0.0,0.03924727162545099
1001592256,Q3,0.0,0.04587296033996342
1001595968,Q2,0.0,-0.006434670442943491
1001612672,Q3,0.0,0.04769553724273998
1001677632,Q3,0.0,-0.0429569214618396
1001707328,Q3,0.0,-0.029438159364372884
1001712896,Q1_저가,0.0,0.0276064420186746
1001714752,Q4_고가,0.0,0.009807564413765457
1001744448,Q3,0.0,0.03315286638723641
1001776000,Q3,0.0,-0.009116022203453089
1001982016,Q2,0.0,-0.019229449058888126
1002102656,Q3,0.0,0.004650433285250055
1002106368,Q3,0.0,0.04527395973638293
1002115648,Q2,0.0,-0.01043982130668733
1002182464,Q1_저가,0.0,0.0025700148166303283
1003019520,Q2,,-0.02129098894209991
1003088192,Q1_저가,,0.04715400183699053
1004585984,Q2,1.0,-0.08429270317662807
1004617536,Q2,0.0,0.032238568042437105
1004699200,Q1_저가,,0.013932270164380506
1004825408,Q4_고가,0.0,0.0740162114459555
1004836544,Q2,1.0,-0.03924009494507508
1005029568,Q4_고가,1.0,0.044713429327138066
1005059264,Q4_고가,0.0,-0.01289239638762174
1005142784,Q2,0.0,0.00874594547069485
1005174336,Q4_고가,0.0,0.008510868288935325
1005230016,Q4_고가,0.0,0.053060676368748894
1005389632,Q4_고가,0.0,0.04562645773811025
1005393344,Q4_고가,0.0,0.0035701645558222916
1005430464,Q1_저가,0.0,-0.0033455466420903995
1005475008,Q1_저가,0.0,0.032478541479938276
1005500992,Q4_고가,1.0,-0.024377018068542117
1005616064,Q1_저가,0.0,-0.12966625536940962
1005729280,Q1_저가,1.0,-0.012564759567022826
1005732992,Q1_저가,0.0,-0.03850406175166038
1005924160,Q2,0.0,0.03595161311410122
1005942720,Q2,0.0,0.0520289753022115
1005976128,Q2,0.0,0.014630738603730375
1005983552,Q1_저가,,0.021143472265242158
1006050368,Q3,0.0,-0.02106285563593066
1006132032,Q1_저가,0.0,-0.011288679597478923
1006167296,Q2,0.0,0.04330602089110158
1006213696,Q3,0.0,0.016118660666925466
1006302784,Q2,0.0,-0.06814571519726753
1006313920,Q1_저가,0.0,0.03197753449539491
1006319488,Q3,0.0,0.015311201534670471
1006334336,Q1_저가,0.0,-0.06750765155634642
1006349184,Q1_저가,,-0.043777690841368844
1006436416,Q1_저가,0.0,0.03969630424974539
1006532928,Q2,0.0,0.012990132248192912
1006568192,Q3,0.0,0.03129195100755742
1006614592,Q3,0.0,0.08018413715504935
1006670272,Q3,0.0,0.09745903812751566
1006712960,Q2,0.0,0.03821671221211609
1006891136,Q3,0.0,0.14359172531182773
1006917120,Q2,0.0,0.024926383739273583
1006998784,Q1_저가,0.0,-0.04751247355113375
1007015488,Q4_고가,1.0,0.06907209910750489
1007212224,Q3,0.0,-0.047546835370764984
1007219648,Q4_고가,0.0,0.021240749030987965
1007247488,Q2,,-0.037055320307809836
1007314304,Q3,,0.05890181352746815
1007576000,Q1_저가,,0.0012925825648790745
1007635392,Q2,0.0,0.025282314121317692
1007739328,Q2,0.0,-0.00559041874398819
1007817280,Q4_고가,0.0,0.010261846897606786
1007820992,Q2,0.0,0.02700869618755064
1007830272,Q1_저가,0.0,0.10575936589375645
1007880384,Q4_고가,0.0,0.005069840677747517
1008056704,Q3,0.0,0.011992214142993715
1008080832,Q3,1.0,0.026014033780940096
1008082688,Q4_고가,,0.03761499048315323
1008116096,Q2,0.0,0.03961352019649811
1008201472,Q1_저가,,0.005120670603109945
1008335104,Q3,0.0,0.018303722483855256
1008370368,Q1_저가,0.0,-0.013466361964338036
1008511424,Q3,0.0,0.02723706499743095
1008613504,Q4_고가,0.0,0.016083902164572145
1008698880,Q2,,0.010378048585899025
1008748992,Q1_저가,,0.013973180056880793
1008800960,Q2,0.0,0.024223222294805696
1008955008,Q3,0.0,0.0012030885828522297
1009040384,Q4_고가,0.0,-0.02803922337068282
1009066368,Q3,0.0,-0.041928064905719875
1009355904,Q3,,0.04698340052252328
1009381888,Q3,1.0,0.01881453479584863
1009406016,Q4_고가,,0.05676490474137863
1009480256,Q2,0.0,-0.10139974165903753
1009495104,Q1_저가,0.0,0.04131118883478735
1009508096,Q1_저가,0.0,-0.024701230306391153
1009565632,Q4_고가,,-0.04193989823432459
1009641728,Q2,0.0,0.02185804731880714
1009671424,Q1_저가,0.0,0.02778230689497277
1009894144,Q4_고가,0.0,0.057560410433899326
1009959104,Q3,,-0.03772241937643517
1010090880,Q2,1.0,0.029909418499451723
1010144704,Q2,0.0,0.13147767560680967
1010204096,Q2,0.0,0.03296880042168086
1010334016,Q2,0.0,0.02366455786811794
1010391552,Q4_고가,0.0,0.028217509881349412
1010404544,Q1_저가,0.0,0.0342966839298378
1010430528,Q1_저가,,-0.06581173928851317
1010465792,Q4_고가,0.0,0.025321045178922932
1010515904,Q2,0.0,0.047826309800454936
1010573440,Q1_저가,0.0,-0.009901584394145152
1010803584,Q4_고가,,0.016575269376380847
1010820288,Q2,,-0.02620468858093905
1010955776,Q4_고가,,-0.0011505781895825296
1010970624,Q2,0.0,0.011154078918309884
1011000320,Q4_고가,0.0,-0.016241067198940473
1011035584,Q1_저가,1.0,-0.0414499305116815
1011100544,Q2,0.0,0.014389131811314848
1011139520,Q3,0.0,0.0655800617308151
1011145088,Q2,0.0,-0.0042383484299403085
1011343680,Q2,1.0,-0.08068716632525541
1011488448,Q2,,-0.035449335486919115
1011540416,Q3,1.0,0.05574731963550561
1011553408,Q2,,0.015150467449041582
1011625792,Q2,0.0,0.03002813516533806
1011982144,Q2,0.0,-0.003929065382753089
1012026688,Q2,0.0,-0.009209566405262382
1012093504,Q2,0.0,-0.009645275088063343
1012191872,Q2,0.0,0.061874478947279085
1012531520,Q1_저가,1.0,-0.0347876024683329
1012615040,Q1_저가,,-0.039451747228980816
1012685568,Q2,1.0,0.03107461418697212
1012713408,Q2,0.0,0.06656953104223023
1012731968,Q3,0.0,0.04041354165346552
1012778368,Q2,0.0,0.012048720035577096
1012837760,Q1_저가,1.0,0.018921150502664408
1012941696,Q4_고가,0.0,0.08036122994054712
1013004800,Q1_저가,0.0,0.014423585245346482
1013056768,Q3,0.0,0.08863468924746298
1013136576,Q1_저가,0.0,0.043460937251279974
1013156992,Q3,0.0,0.026405125065398202
1013168128,Q2,0.0,0.03647098915433755
1013446528,Q2,0.0,0.035615489572828785
1013457664,Q1_저가,,-0.007642930070773241
1013507776,Q1_저가,0.0,0.05034580053548911
1013530048,Q1_저가,0.0,0.020199000971404063
1013658112,Q2,0.0,-0.06914376857776011
1013669248,Q3,,0.050007438964821516
1013685952,Q2,0.0,-0.004585688890163808
1013791744,Q3,,-0.09007596251251196
1013851136,Q3,1.0,0.04109749467815355
1013999616,Q3,,0.015620712842166096
1014086848,Q3,0.0,0.04627274525184444
1014120256,Q3,0.0,0.17909245105388888
1014159232,Q1_저가,0.0,0.03741321057536491
1014198208,Q3,0.0,0.019398635311812962
1014279872,Q2,,0.06567132706793169
1014539712,Q1_저가,0.0,-0.0038291537139394927
1014729024,Q1_저가,0.0,-0.047134569332269116
1014857088,Q1_저가,,-0.015186050692816533
1014864512,Q4_고가,0.0,-0.034842426339129984
1014870080,Q2,,-0.010345632236187563
1014884928,Q2,0.0,-0.0056856035763757085
1014920192,Q1_저가,0.0,0.07736608923497934
1014948032,Q3,,-0.011026550444182048
1014981440,Q1_저가,1.0,-0.02173650351681844
1015011136,Q3,0.0,-0.0003814256859933085
1015194880,Q2,0.0,0.015907009503709157
1015235712,Q2,1.0,-0.0038093230233653963
1015246848,Q3,0.0,-0.0333432809528037
1015321088,Q2,0.0,0.018055905201439904
1015356352,Q1_저가,,0.03042064466545688
1015358208,Q3,,0.01056319419919094
1015449152,Q2,0.0,0.04332672685968719
1015495552,Q3,,0.035231922046713104
1015502976,Q2,1.0,-0.02873919912183409
1015517824,Q2,0.0,0.04357678364816471
1015525248,Q1_저가,0.0,0.0034608834552040113
1015562368,Q2,0.0,0.019261659219476188
1015614336,Q4_고가,0.0,-0.02927322451819339
1015683008,Q3,,0.022599562476074697
1015762816,Q4_고가,0.0,0.03296148645103275
1015902016,Q1_저가,0.0,-0.00921930188354872
1015935424,Q4_고가,0.0,0.0578297776681643
1015959552,Q1_저가,1.0,0.00538779146325824
1015985536,Q1_저가,,0.12675141640436982
1016044928,Q2,,0.014373121535068284
1016210112,Q3,0.0,0.03328884595508835
1016492224,Q1_저가,0.0,-0.09805551707523563
1016655552,Q2,,0.0264801982114532
1016726080,Q2,1.0,0.008791368751843609
1016844864,Q1_저가,0.0,0.0060705319741943264
1016874560,Q1_저가,0.0,0.023746331942775326
1017073152,Q3,,-0.06394903053443307
1017086144,Q4_고가,,-0.041994328310789086
1017423936,Q4_고가,1.0,0.0011108135379298278
1017498176,Q2,0.0,0.02981413050670581
1017553856,Q3,0.0,0.002755187025909739
1017592832,Q1_저가,0.0,-0.011739575207281042
1017620672,Q3,0.0,-0.013553424434236905
1017633664,Q2,0.0,0.017250330685818216
1017680064,Q1_저가,,0.04041236886031857
1017685632,Q4_고가,,-0.003680705805107237
1017912064,Q3,0.0,0.01750234965080566
1017975168,Q1_저가,0.0,0.02274891094498399
1018008576,Q2,0.0,0.03322551149581296
1018218304,Q4_고가,,-0.04225280399232206
1018381632,Q4_고가,0.0,-0.019277553720650153
1018557952,Q1_저가,,0.03302851316799327
1018583936,Q2,,0.019028064426190844
1018615488,Q4_고가,0.0,0.17842922810527695
1018630336,Q2,0.0,0.0023919407909162582
1018734272,Q1_저가,0.0,0.00470280125393141
1018997824,Q2,,-0.005480948560070031
1019151872,Q4_고가,0.0,0.009629074773739754
1019185280,Q4_고가,,0.0416575706697796
1019259520,Q2,0.0,0.009247097637679752
1019318912,Q2,,0.031117633964354074
1019346752,Q2,0.0,0.02851792933466621
1019435840,Q2,0.0,0.025400264558568586
1019446976,Q2,,-0.046800868547627106
1019597312,Q2,0.0,0.018339027399835395
1019647424,Q4_고가,0.0,-0.0438905794421276
1019649280,Q1_저가,0.0,0.030393415208126023
1019866432,Q3,0.0,0.058725395596581645
1019884992,Q3,1.0,0.009645346495902485
1019894272,Q3,0.0,0.03361511733053124
1020024192,Q3,,0.028741922744415005
1020070592,Q2,0.0,0.01667379843407596
1020113280,Q2,,0.022137650704040154
1020172672,Q2,0.0,0.05255929443405738
1020189376,Q2,1.0,0.026549832481913754
1020361984,Q2,,0.02896543464033452
1020373120,Q3,1.0,0.06253495830589628
1020384256,Q2,,0.024320987233465874
1020462208,Q2,0.0,-0.009573762586689516
1021475584,Q4_고가,0.0,0.0316363691542627
1021718720,Q1_저가,,0.03821375698386538
1022654144,Q4_고가,0.0,0.02991884569764533
1022813760,Q1_저가,0.0,0.030907694157294496
1023006784,Q3,0.0,0.04046478648935232
1023025344,Q1_저가,0.0,-0.06907198646965013
1023027200,Q1_저가,1.0,-0.007282379220945268
1023108864,Q2,,-0.029402882089753835
1023140416,Q1_저가,1.0,0.03236159138794009
1023218368,Q4_고가,0.0,0.02199087049374311
1023609984,Q1_저가,0.0,0.03423947046595109
1023613696,Q3,0.0,-0.04392546452587437
1023877248,Q3,,0.026457160405548602
1024036864,Q3,0.0,0.038259555829815495
1024111104,Q3,,0.07029236463767452
1024185344,Q3,,0.038590334830674713
1024207616,Q2,,0.0010189042946099347
1024281856,Q3,,0.020040138440064248
1024437760,Q2,,-0.015051827172206489
1024471168,Q3,0.0,0.010777854019366317
1024500864,Q3,,-0.00818803056629347
1024532416,Q4_고가,0.0,-0.019210229884996655
1024695744,Q2,0.0,-0.0004134644898756701
1024703168,Q1_저가,,0.07989176904125006
1024706880,Q2,0.0,0.017597555616792437
1024710592,Q1_저가,0.0,0.029408310695354684
1024729152,Q3,0.0,0.07144567704805316
1024762560,Q1_저가,1.0,0.044426461863090023
1025014976,Q2,0.0,0.0240365373211487
1025100352,Q1_저가,0.0,0.026670554803898322
1025131904,Q1_저가,0.0,0.0300566049163781
1025156032,Q3,0.0,0.04063257647012487
1025189440,Q4_고가,0.0,-0.007232914904442944
1025295232,Q1_저가,0.0,0.009228837355280517
1025464128,Q2,,0.013813189966837114
1025506816,Q4_고가,0.0,-0.00885940207211064
1025699840,Q1_저가,0.0,0.02505412886268027
1025809344,Q3,0.0,0.018833197170580435
1025852032,Q1_저가,0.0,0.028054867183854096
1025878016,Q1_저가,,0.008614792826924123
1026117440,Q2,0.0,-0.03578689090364656
1026139712,Q3,0.0,0.016454278657479157
1026202816,Q4_고가,1.0,0.14296650185554188
1026275200,Q2,0.0,0.03229504102037223
1026351296,Q1_저가,0.0,0.018204405409322777
1026403264,Q2,0.0,-0.0418999800663028
1026546176,Q3,0.0,0.045704289299897005
1026590720,Q4_고가,,0.023867807466390584
1026698368,Q3,0.0,0.017611776535310153
1026819008,Q3,0.0,0.0023541223060339622
1026846848,Q4_고가,0.0,-0.0027275748181345705
1026960064,Q2,0.0,0.02394125779546541
1027136384,Q1_저가,0.0,0.08648636755455685
1027277440,Q3,0.0,0.013893448973099964
1027535424,Q2,0.0,0.0002413941343720749
1027546560,Q1_저가,0.0,0.04016144187041061
1027607808,Q1_저가,,-0.059904443384768136
1027657920,Q4_고가,0.0,-0.04692819455572056
1027696896,Q2,0.0,-0.014903718708149077
1027758144,Q3,0.0,0.007743257799736725
1027806400,Q1_저가,0.0,0.029245041121187143
1027817536,Q1_저가,0.0,-0.06557140866011657
1027990144,Q3,1.0,-0.053550308092805365
1027992000,Q4_고가,0.0,-0.07044870158061411
1028053248,Q3,0.0,-0.0015861549036682021
1028092224,Q4_고가,1.0,-0.007140251089749028
1028131200,Q3,,0.029030393612596683
1028144192,Q1_저가,1.0,0.06665262828185198
1028175744,Q2,,-0.006276842247280423
1028244416,Q4_고가,0.0,-0.033502106483975114
1028268544,Q3,,0.1392509049204972
1028272256,Q4_고가,0.0,0.019251051291139118
1028298240,Q1_저가,1.0,0.03653449402113758
1028376192,Q2,0.0,0.01676166652438635
1028496832,Q4_고가,1.0,0.024885353878208824
1028782656,Q4_고가,0.0,0.09431789420128933
1028825344,Q4_고가,1.0,-0.029843324452946518
1028957120,Q2,,0.0350850994135159
1028960832,Q1_저가,0.0,-0.02020676912643099
1029005376,Q3,1.0,0.058316730693148466
1029083328,Q1_저가,0.0,0.0378209669518257
1029179840,Q4_고가,1.0,-0.0006571411538799365
1029203968,Q3,,0.003774525269908166
1029320896,Q1_저가,0.0,-0.0005914487061885326
1029415552,Q2,1.0,0.03768180130906704
1029848000,Q3,1.0,0.00617423501711542
1029894400,Q1_저가,0.0,0.035957873515699866
1030087424,Q2,0.0,-0.0027198764227259475
1030271168,Q1_저가,0.0,-0.007642798490848146
1030273024,Q4_고가,0.0,0.03866635617758943
1030382528,Q2,0.0,-0.00373856371588574
1030503168,Q3,0.0,0.010784724931496847
1030573696,Q1_저가,0.0,0.017123276854955446
1030716608,Q3,0.0,0.07664054507241669
1030729600,Q3,0.0,0.0641342035907353
1030818688,Q3,0.0,-0.04298366425083827
1030965312,Q3,1.0,0.04896570293313163
1031186176,Q4_고가,1.0,0.08403598489435504
1031195456,Q4_고가,0.0,0.03677102062343937
1031245568,Q3,0.0,-0.09156178081168065
1031767104,Q3,0.0,-0.039460380665992834
1031806080,Q1_저가,1.0,0.048998295746176396
1031863616,Q1_저가,0.0,0.036584636808579846
1031948992,Q2,0.0,-0.018743902614541202
1031954560,Q2,0.0,0.05706335130161934
1032097472,Q2,,0.05281470989962933
1032179136,Q4_고가,0.0,0.015881545959940402
1032255232,Q3,0.0,-0.0013164626419959746
1032281216,Q3,0.0,0.022831806284923817
1032466816,Q3,0.0,-0.0023141641588751982
1032552192,Q4_고가,1.0,0.0005839434684634659
1032606016,Q2,,-0.02051583752907682
1032641280,Q1_저가,0.0,-0.004062165833607245
1032734080,Q2,0.0,-0.0396000237501396
1033040320,Q4_고가,0.0,0.08996608751514246
1033086720,Q3,1.0,0.09097316654062892
1033149824,Q3,0.0,0.018378217733037383
1033227776,Q1_저가,0.0,0.031321954891968
1033379968,Q4_고가,0.0,-0.041661431057193554
1033548864,Q3,0.0,-0.11263638285198807
1033853248,Q3,0.0,0.016486241616662844
1033962752,Q3,0.0,-0.001704262912655713
1033999872,Q3,1.0,0.016275348447964355
1034508416,Q1_저가,0.0,0.022039859711034226
1034569664,Q2,0.0,-0.10329362258082114
1034619776,Q3,1.0,0.000987827026798338
1034623488,Q3,0.0,0.044748823591509224
1034656896,Q1_저가,0.0,-0.07935698518351941
1034675456,Q3,0.0,-0.012326365452462129
1034790528,Q1_저가,1.0,0.006315848405818059
1034840640,Q3,0.0,-0.025993596697875376
1035028096,Q4_고가,0.0,0.030553219064095805
1035141312,Q1_저가,,0.03992493501384396
1035380736,Q2,0.0,-0.004134145188747884
1035466112,Q3,1.0,-0.005012106619599943
1035627584,Q4_고가,0.0,-0.043099548896071094
1035751936,Q3,0.0,-0.04145152223209059
1035777920,Q1_저가,0.0,0.03543920726865876
1036134272,Q2,0.0,-0.060706203920532054
1036163968,Q2,,0.016282797747457833
1036201088,Q2,1.0,-0.0017337574401439237
1036336576,Q4_고가,0.0,0.04631983677888962
1036403392,Q2,0.0,0.05763320622924806
1036434944,Q4_고가,0.0,0.02229456224758504
1036759744,Q2,0.0,0.07097761344015474
1036906368,Q1_저가,0.0,-0.07660274721152571
1037078976,Q2,,0.01679590516350296
1037275712,Q3,,0.04495661641575395
1037502144,Q3,0.0,-0.045236683229996355
1037607936,Q1_저가,0.0,-0.02371287042869563
1037708160,Q2,0.0,0.005776729443541906
1037819520,Q3,,0.009749480326494364
1037945728,Q3,0.0,0.051505711141047295
1037997696,Q3,,0.01817100356498623
1038044096,Q3,0.0,0.04381281948960536
1038073792,Q2,0.0,0.04881781971645971
1038135040,Q2,,0.048811565222168785
1038166592,Q3,0.0,-0.027711920299196946
1038391168,Q3,,0.016287339227600284
1038448704,Q2,1.0,-0.10003476904338593
1038548928,Q2,1.0,0.016630052914579807
1038571200,Q1_저가,0.0,0.0035177750753760673
1038591616,Q2,,-0.007543372987096952
1038686272,Q4_고가,0.0,0.03553393019175656
1038955392,Q2,0.0,0.005231747337821335
1039222656,Q2,0.0,0.03975321987316083
1039235648,Q3,0.0,0.01190685607526576
1039248640,Q1_저가,0.0,0.036509798341549306
1039376704,Q1_저가,0.0,0.03686852901401645
1039577152,Q3,0.0,-0.04539000308652452
1039597568,Q4_고가,0.0,-0.011013929247185472
1039623552,Q4_고가,,-0.011510885348328337
1039677376,Q2,,0.00964751519180436
1039751616,Q2,0.0,-0.09126285110502569
1039816576,Q2,0.0,0.039763008902079955
1039853696,Q3,,0.04269929061368938
1039965056,Q1_저가,0.0,0.03278166412825442
1039972480,Q2,,-0.038345497404267515
1040081984,Q3,0.0,0.0013520590518993902
1040111680,Q1_저가,1.0,0.015592320521264497
1040210048,Q4_고가,0.0,-0.010803584181614867
1040260160,Q2,0.0,-0.010930029570485444
1040393792,Q3,0.0,0.03310566518897207
1040436480,Q3,0.0,0.022618681773082128
1040722304,Q3,0.0,0.011713176707642742
1040746432,Q1_저가,0.0,0.04801789820899907
1040785408,Q4_고가,0.0,0.05380248389834388
1040816960,Q1_저가,0.0,0.03193955172553374
1040880064,Q1_저가,1.0,0.026732469670557146
1041203008,Q2,0.0,0.01828338482728567
1041319936,Q4_고가,0.0,0.0051465406004223
1041633600,Q1_저가,,-0.02203391611204855
1041722688,Q1_저가,0.0,-0.013283719478428768
1041770944,Q2,0.0,-0.018215119151933884
1041837760,Q1_저가,0.0,0.0658207787484208
1041843328,Q4_고가,,0.027970007565348162
1041917568,Q1_저가,0.0,0.04512836508475733
1041958400,Q4_고가,0.0,0.04052447498400147
1042366720,Q2,,-0.07717819063243253
1042452096,Q4_고가,0.0,0.018565670162076595
1042752768,Q2,0.0,0.031060383740800557
1042767616,Q4_고가,0.0,-0.006778831832455756
1042869696,Q3,0.0,0.013291467800418344
1043070144,Q4_고가,0.0,0.06091692834645579
1043079424,Q3,0.0,-0.0016975177808514763
1043565696,Q2,1.0,0.011261609217832952
1043571264,Q3,,0.04244297874644506
1043647360,Q3,0.0,-0.0012675919156638904
1043766144,Q3,,0.026505793216247436
1043857088,Q1_저가,0.0,0.033996280482830696
1043873792,Q2,,-0.024157206517253282
1043914624,Q4_고가,0.0,-0.015113025102955646
1044241280,Q1_저가,0.0,0.06088395016735976
1044365632,Q1_저가,0.0,0.017516720922638035
1044441728,Q1_저가,0.0,0.041146460116753096
1044606912,Q1_저가,0.0,0.020123719136467627
1044818496,Q2,0.0,-0.0503534313281474
1044846336,Q4_고가,0.0,0.02278479880941653
1044946560,Q4_고가,,0.06359781920559188
1044965120,Q1_저가,0.0,-0.03131797666661085
1045137728,Q4_고가,0.0,0.05932708533318015
1045172992,Q2,,0.042581510469798606
1045185984,Q1_저가,0.0,-0.01435984816435365
1045401280,Q3,,0.07616435022707069
1045820736,Q3,0.0,-0.018443448568903814
1045945088,Q2,0.0,-0.032409598830037356
1046088000,Q3,0.0,-0.03405479362923158
1046097280,Q1_저가,,-0.04083075086013388
1046156672,Q1_저가,0.0,-0.08023743417311657
1046219776,Q1_저가,0.0,-0.01012797424833134
1046702336,Q4_고가,,0.056070381163498884
1046735744,Q2,,-0.0028309757847295725
1046748736,Q3,0.0,0.015508282428231018
1046763584,Q2,,-0.022866893280925837
1046871232,Q3,0.0,0.04400662354724812
1047168192,Q4_고가,0.0,0.01743541029939888
1047184896,Q2,0.0,-0.08044050786786594
1047253568,Q2,,-0.038040568602972336
1047255424,Q2,,0.03331049165243272
1047351936,Q1_저가,0.0,-0.003202606776526201
1047426176,Q3,0.0,0.04040192168363155
1047496704,Q1_저가,0.0,0.012183984996885222
1047680448,Q1_저가,0.0,0.029684390090027102
1047836352,Q1_저가,0.0,0.03339485632088736
1047977408,Q2,,-0.016270367213233605
1048112896,Q1_저가,0.0,-0.0058711982747087915
1048124032,Q1_저가,,0.035741773847709844
1048164864,Q3,1.0,0.012022469161336868
1048363456,Q4_고가,,0.0907906943412154
1048925824,Q3,0.0,-0.002052301720539551
1049102144,Q4_고가,,0.015564413086359224
1049232064,Q4_고가,,0.010695052951529282
1049465920,Q1_저가,0.0,-0.048352513382701856
1049686784,Q3,0.0,0.0034756747025831425
1049727616,Q1_저가,,0.00102236447729942
1049946624,Q3,1.0,0.06796967430982903
1050169344,Q1_저가,0.0,-0.006675851072556749
1050212032,Q3,1.0,0.042748313451548836
1050228736,Q2,0.0,-0.02899448755205561
1050286272,Q3,0.0,0.035200090112534055
1050419904,Q3,0.0,-0.04803079285612427
1050664896,Q3,0.0,0.01989081337565779
1050668608,Q3,,0.07068357430063776
1050711296,Q1_저가,,0.059486501125957575
1050737280,Q2,1.0,0.005061174658850143
1050750272,Q2,0.0,0.02555335576187867
1051099200,Q3,0.0,0.015216939459483103
1051138176,Q2,0.0,0.0022362483289158908
1051308928,Q1_저가,0.0,0.03495308128111754
1051694976,Q1_저가,0.0,-0.03758208512529021
1051836032,Q1_저가,0.0,-0.007860142577735707
1051939968,Q3,0.0,-0.033947659614853465
1052012352,Q2,0.0,-0.03311004190480804
1052060608,Q2,0.0,-0.02984827514797672
1052064320,Q3,,0.014343195580545975
1052101440,Q4_고가,0.0,0.04005661837619612
1052526464,Q1_저가,0.0,0.01864676712589139
1052641536,Q1_저가,1.0,0.0320455444501902
1052858688,Q1_저가,0.0,-0.046154762447046305
1053400640,Q4_고가,0.0,0.0034364227049974716
1053473024,Q1_저가,0.0,0.028179485727074016
1053499008,Q4_고가,,0.042053667425165475
1053627072,Q3,,0.08284446448713997
1053834944,Q1_저가,0.0,-0.014531447255227647
1054053952,Q2,0.0,0.02815023143228304
1054148608,Q2,0.0,0.0394402404611639
1054163456,Q3,0.0,0.001294610140573721
1054293376,Q4_고가,0.0,0.014491399962321072
1054317504,Q3,,0.05306158429674035
1054410304,Q2,,-0.05528974815101101
1054595904,Q3,0.0,0.026386803859740293
1054803776,Q3,,-0.07159096757593847
1054805632,Q3,,0.04267732135465396
1054961536,Q3,0.0,-0.06535840648300884
1055243648,Q3,,-0.07380656293797278
1055312320,Q3,,0.02769100239733535
1055369856,Q4_고가,0.0,0.0032415622844278735
1055588864,Q3,0.0,0.006085548566716947
1055971200,Q1_저가,0.0,-0.044292604349498665
1055976768,Q1_저가,0.0,-0.03188153235013308
1056008320,Q1_저가,1.0,0.024879208341784947
1056167936,Q4_고가,0.0,-0.01906555533121579
1056193920,Q2,0.0,0.030762985927506828
1056297856,Q2,0.0,0.03610407875784866
1056303424,Q4_고가,,0.03566393442384763
1056314560,Q3,0.0,-0.015761733762806956
1056318272,Q2,,-0.0037111294458946897
1056394368,Q3,0.0,-0.005172777644304127
1056489024,Q2,0.0,-0.017240773457081998
1056596672,Q1_저가,0.0,-0.056550311496988415
1056819392,Q3,,0.02541764716138438
1056847232,Q1_저가,0.0,0.028636872661119417
1057114496,Q2,0.0,0.036360094359063955
1057253696,Q1_저가,0.0,0.030115813174904416
1057430016,Q1_저가,0.0,0.03782340181187023
1057454144,Q1_저가,0.0,-0.07956418294752537
1057554368,Q4_고가,0.0,0.13653694812879186
1057615616,Q4_고가,,0.0014024323871046074
1057619328,Q4_고가,0.0,-0.0020020767667122685
1057712128,Q3,0.0,0.11187889743437829
1057814208,Q2,0.0,-0.08143323364193766
1057838336,Q1_저가,,0.023539673286970986
1058061056,Q1_저가,,0.0024708007227763756
1058291200,Q4_고가,0.0,0.11117871070713747
1058311616,Q2,,0.01642909957395841
1058319040,Q1_저가,0.0,-0.019489809783343692
1058345024,Q1_저가,0.0,-0.06008867689965125
1058411840,Q4_고가,0.0,-0.02528115713544632
1058582592,Q2,,0.043178554505276454
1058584448,Q2,0.0,-0.02560146663911289
1058875840,Q1_저가,0.0,0.036171610515003824
1058985344,Q2,0.0,0.048796937350979896
1059365824,Q2,0.0,-0.028308555105899025
1059376960,Q2,0.0,0.02336510308353079
1059538432,Q1_저가,0.0,0.03981594529025727
1059544000,Q1_저가,,-0.0032929127145597814
1059790848,Q2,1.0,0.005721342444423461
1059900352,Q2,,0.051523410022157046
1060098944,Q3,0.0,0.02278293418287991
1060110080,Q2,0.0,0.012280014504391201
1060381056,Q2,0.0,0.03912697636240753
1060499840,Q3,1.0,0.007254086593962039
1060692864,Q3,0.0,0.004978066691698396
1060880320,Q1_저가,,0.0377087440589155
1061238528,Q2,1.0,-0.0021253212985333225
1061331328,Q2,0.0,0.0094674290463167
1061342464,Q4_고가,0.0,0.15066846115519839
1061400000,Q1_저가,0.0,0.042852644610791135
1061643136,Q2,0.0,-0.045697333689645125
1061741504,Q2,,-0.03344059043305955
1061958656,Q4_고가,0.0,0.05451978532459148
1062120128,Q3,1.0,-0.05128996255958532
1062521024,Q3,0.0,0.01498632602080438
1062719616,Q1_저가,0.0,-0.011585038132586184
1062873664,Q1_저가,,-0.032975805014054616
1062925632,Q2,1.0,0.05725269949371892
1063077824,Q2,1.0,0.04384147849830111
1063120512,Q3,1.0,-0.005814003835359904
1063224448,Q3,1.0,0.08461064547776959
1063259712,Q4_고가,,0.005485086834023711
1063447168,Q3,0.0,0.009767848648945573
1063499136,Q1_저가,,0.04401073458079148
1063512128,Q4_고가,,0.03706472008531003
1063656896,Q1_저가,0.0,0.1393748206182983
1064106048,Q2,0.0,-0.008768489129346024
1064364032,Q1_저가,0.0,0.035826253366185806
1064518080,Q4_고가,0.0,-0.059367733141455215
1064549632,Q3,0.0,-0.005258436817726642
1064785344,Q2,,0.01805818087045874
1064867008,Q2,1.0,0.01674533906629508
1065147264,Q1_저가,0.0,0.053403986319165736
1065314304,Q1_저가,,0.058456420756095216
1065769024,Q1_저가,0.0,0.008761729082101682
1065780160,Q3,0.0,0.037499751786630856
1065796864,Q3,1.0,0.039073495165920846
1065995456,Q2,0.0,0.00040292394061586245
1066054848,Q2,0.0,0.038764603705852996
1066088256,Q4_고가,1.0,-0.012506522123007513
1066121664,Q3,,-0.015623871381692078
1066225600,Q3,0.0,0.1268970707272501
1066292416,Q3,,0.0015524385364357185
1066414912,Q4_고가,0.0,0.028609664675108934
1066431616,Q3,0.0,0.023404930838740498
1066531840,Q4_고가,0.0,0.16538854340893383
1066732288,Q1_저가,,0.014211013978644424
1067003264,Q4_고가,0.0,0.03261516820270868
1067368896,Q2,0.0,0.020518796258072042
1067417152,Q2,0.0,-0.012329688649150794
1067472832,Q3,0.0,-0.06601492189761216
1067673280,Q3,0.0,0.00454776870661977
1068037056,Q1_저가,0.0,0.03197531165102453
1068063040,Q3,0.0,-0.08685715138542505
1068207808,Q2,,0.05249679575901468
1068428672,Q1_저가,0.0,-0.049083590879822336
1068488064,Q2,1.0,0.02882126837783139
1068701504,Q2,0.0,0.07625069211413149
1068775744,Q3,,0.006186904637052404
1068781312,Q2,1.0,0.051597632065252585
1068985472,Q2,0.0,-0.01166460477085754
1069098688,Q3,0.0,0.017818571826273777
1069239744,Q1_저가,0.0,0.025294283808241946
1069429056,Q3,0.0,-0.0034457996203997032
1069692608,Q3,0.0,0.011109575074065403
1069850368,Q1_저가,0.0,0.0264489590905648
1069922752,Q3,1.0,0.03357697688993122
1069976576,Q4_고가,0.0,0.021219723250716527
1069984000,Q4_고가,0.0,0.03506113399753888
1070063808,Q2,0.0,0.008045940579056388
1070388608,Q4_고가,0.0,-0.03392567987580647
1070399744,Q2,,-0.05182076712615269
1070750528,Q3,0.0,0.020405880042623115
1070945408,Q3,0.0,0.021850547345203752
1070986240,Q4_고가,,0.0264692956743455
1071210816,Q2,1.0,-0.05622300132668623
1071268352,Q3,0.0,0.005779289698768175
1071552320,Q1_저가,0.0,0.040008987242725835
1071780608,Q1_저가,1.0,-0.00028049714379413393
1071795456,Q3,0.0,0.01690071008584698
1071878976,Q2,0.0,-0.0450002571359448
1072110976,Q2,1.0,-0.015941126973364667
1072283584,Q3,0.0,-0.00492425422441678
1072578688,Q3,0.0,0.059673335998551624
1072756864,Q2,0.0,0.05767523113778761
1072922048,Q2,,-0.029327825202184465
1072944320,Q4_고가,0.0,-0.0062565180567857315
1073131776,Q4_고가,1.0,0.019822086906933295
1073168896,Q4_고가,0.0,-0.014168328829860743
1073183744,Q4_고가,0.0,0.07875443407248506
1073417600,Q3,0.0,0.06884366456193129
1073425024,Q3,0.0,-0.00613845613424005
1073438016,Q4_고가,0.0,0.03730906660869904
1073586496,Q1_저가,0.0,-0.009337250920213772
1073753536,Q1_저가,0.0,0.049834431137509044
1073777664,Q1_저가,0.0,-0.009014096510671143
1073976256,Q3,0.0,-0.034576060983668805
1074546048,Q1_저가,0.0,-0.001570071602014958
1074564608,Q4_고가,,0.02019493977581016
1074594304,Q1_저가,0.0,0.01549263988895086
1074917248,Q4_고가,0.0,0.041820646609746825
1075015616,Q1_저가,0.0,0.0225968612082732
1075386816,Q3,0.0,-0.06925451765605073
1075429504,Q4_고가,0.0,0.034889421035563375
1075568704,Q4_고가,1.0,0.005738412098458601
1075704192,Q2,0.0,0.05566979029762654
1075706048,Q2,0.0,0.005955851544359764
1075785856,Q1_저가,0.0,0.030442968261190084
1075791424,Q1_저가,0.0,0.005646544295611289
1075878656,Q1_저가,0.0,0.042746622580484006
1075921344,Q4_고가,0.0,0.0241723203198225
1075938048,Q1_저가,0.0,0.015577580308908268
1076056832,Q1_저가,0.0,-0.1436080232420811
1076114368,Q2,,-0.002997104030037223
1076121792,Q1_저가,,0.0067874096163450665
1076147776,Q1_저가,0.0,0.015178113211518907
1076242432,Q4_고가,,0.06242759268517645
1076262848,Q1_저가,,-0.035296364949192915
1076428032,Q3,0.0,0.04515869680214324
1076680448,Q3,0.0,0.015441411552306716
1077922112,Q3,0.0,-0.04255516196691972
1078363840,Q1_저가,0.0,0.0939312560908821
1080646720,Q1_저가,1.0,0.0035379704210428686
1082369088,Q4_고가,0.0,0.030866375683971464
1083013120,Q1_저가,0.0,0.02063095426276526
1083350912,Q3,0.0,0.04223314561195589
1083620032,Q1_저가,0.0,-0.012860519028275563
1083718400,Q3,0.0,0.012938999018008712
1083772224,Q4_고가,0.0,-0.009236312529101176
1083872448,Q3,,0.036681533855214145
1083913280,Q3,0.0,0.019054312683530333
1083950400,Q1_저가,0.0,0.03547520165187373
1084002368,Q3,0.0,0.014174133566802749
1084557312,Q1_저가,1.0,0.033148201340123355
1084566592,Q3,,0.1029101670065079
1084598144,Q4_고가,0.0,0.020610690015507166
1084687232,Q2,0.0,0.013488677576006039
1084774464,Q3,1.0,0.029123553546539546
1084839424,Q3,0.0,0.0009087725104421351
1085078848,Q4_고가,1.0,0.03729055743610862
1085232896,Q2,0.0,-0.006507309983455681
1085234752,Q3,0.0,-0.13930051692460865
1085498304,Q4_고가,,-0.04594848815696134
1085702464,Q1_저가,,-0.00664904175999953
1085717312,Q4_고가,0.0,0.0026762703897462436
1085776704,Q3,0.0,0.01041530831105042
1085806400,Q4_고가,0.0,-0.011742558651634316
1085856512,Q4_고가,0.0,0.0397162837612729
1085908480,Q2,0.0,-0.012843530791979307
1086095936,Q1_저가,0.0,-0.023654569863291647
1086127488,Q3,0.0,-0.03997134503014543
1086220288,Q1_저가,1.0,0.038226127123021716
1086275968,Q4_고가,,0.03547338784936349
1086296384,Q3,0.0,-0.046782961337770934
1086478272,Q2,0.0,0.027631405757715277
1086680576,Q1_저가,0.0,-0.08194294060223206
1086693568,Q1_저가,0.0,0.013711182088771062
1087244800,Q3,0.0,0.047727688802010726
1087500928,Q3,0.0,0.10271029708016777
1087539904,Q4_고가,0.0,0.03128175109641071
1087959360,Q4_고가,0.0,0.07518169769199111
1087979776,Q2,0.0,0.03380582809868404
1088018752,Q2,0.0,-0.0021887062549426073
1088152384,Q3,,-0.0596627603578368
1088286016,Q1_저가,0.0,0.006475453339895854
1088373248,Q1_저가,,0.022124625178692403
1088690624,Q1_저가,,0.028236857162398543
1088874368,Q1_저가,0.0,0.003006495718803348
1088902208,Q2,,-0.035810602797181595
1088904064,Q4_고가,0.0,-0.0009286985768098832
1089189888,Q3,,-0.054145706117439935
1089199168,Q1_저가,0.0,0.04085085685387921
1089214016,Q3,0.0,-0.0525046161135142
1089241856,Q3,0.0,0.009250587888643191
1089251136,Q2,1.0,0.04702747723422951
1089254848,Q3,0.0,0.08395487420616687
1089353216,Q4_고가,,0.04023852005778834
1089369920,Q3,1.0,0.0215026348859704
1089819072,Q3,1.0,0.03589595105529502
1090030656,Q1_저가,0.0,-0.11586277842602122
1090117888,Q2,,0.023437497180267358
1090266368,Q2,0.0,0.024561640295997722
1090457536,Q4_고가,1.0,0.011581441195612108
1090509504,Q2,0.0,0.06887383994193072
1090537344,Q4_고가,0.0,0.041300707907605996
1090633856,Q4_고가,1.0,0.1408471121855982
1090858432,Q2,0.0,0.08515350598185856
1090960512,Q2,0.0,0.009183144424058765
1091580416,Q1_저가,1.0,0.022373394657959636
1091777152,Q2,0.0,0.058797382528567144
1092191040,Q1_저가,0.0,-0.005587368799104264
1092582656,Q4_고가,,0.02568661546146428
1092616064,Q3,0.0,0.01465669391050392
1092747840,Q4_고가,0.0,0.005622327195225152
1092883328,Q2,0.0,0.02642514199736251
1093024384,Q1_저가,0.0,0.01831676181278924
1093089344,Q2,0.0,-0.011212875346035656
1093276800,Q1_저가,1.0,-0.0063162771335116275
1093557056,Q1_저가,0.0,0.05745386432845344
1093703680,Q1_저가,,-0.022303882633255584
1093757504,Q4_고가,0.0,0.038659331194157875
1094013632,Q4_고가,,-0.0007862832925120966
1094425664,Q4_고가,0.0,0.024645074541698758
1094472064,Q1_저가,1.0,0.08952435285563975
1094546304,Q2,0.0,-0.061067094129537536
1094655808,Q1_저가,0.0,0.031556685186982555
1094793152,Q2,0.0,-0.07869398592729338
1094804288,Q3,0.0,-0.08788213908738074
1094980608,Q1_저가,0.0,0.03587783183709911
1095014016,Q1_저가,1.0,0.03169656579028919
1095223744,Q4_고가,,-0.008748052848031637
1095400064,Q4_고가,,-0.0005903970711377271
1095437184,Q2,0.0,0.02461430403169368
1095498432,Q1_저가,0.0,0.0016124807873690583
1095650624,Q2,1.0,0.031152013611361003
1095769408,Q4_고가,0.0,0.01621466380533995
1095884480,Q1_저가,0.0,0.03233522082614903
1095919744,Q4_고가,,0.03351492902641487
1095977280,Q4_고가,,0.018003024109560783
1096079360,Q2,0.0,0.03423444222469335
1096129472,Q4_고가,0.0,0.04422368920287234
1096153600,Q4_고가,1.0,0.006170949020283145
1096524800,Q3,0.0,0.024285145235104152
1096727104,Q1_저가,0.0,0.02410571703577355
1096920128,Q3,0.0,-0.05350749047762826
1097150272,Q2,0.0,0.12877209805732026
1097308032,Q1_저가,1.0,0.013300492349351864
1097582720,Q1_저가,0.0,0.020153928753483083
1097616128,Q3,0.0,0.07327413176514289
1097694080,Q3,1.0,0.0787718401927654
1098020736,Q4_고가,0.0,-0.01925107580048091
1098035584,Q1_저가,0.0,0.03638187818039251
1098211904,Q4_고가,0.0,0.03066691409525868
1098360384,Q3,0.0,0.031306150088367964
1098575680,Q2,0.0,0.010502953560158068
1098757568,Q1_저가,0.0,-0.042174607052825164
1099017408,Q1_저가,0.0,0.029470211774849472
1099102784,Q2,,0.030857162441389252
1099234560,Q1_저가,1.0,0.02058919101266643
1099241984,Q2,0.0,0.0184575370475909
1099243840,Q2,1.0,0.009913919219721123
1099288384,Q4_고가,0.0,0.05088700472587926
1099336640,Q3,,0.014538199972146115
1099349632,Q4_고가,0.0,0.012914019357530782
1099425728,Q2,,0.006645539107113518
1099795072,Q2,,-0.02952594964181121
1099845184,Q4_고가,0.0,0.08893321654240308
1100086464,Q4_고가,0.0,-0.030135532207741345
1100301760,Q3,0.0,0.059775827792496974
1100801024,Q1_저가,,-0.00044064614230734933
1100958784,Q2,0.0,0.09650694433206597
1101474752,Q3,0.0,0.007361029301985095
1101487744,Q4_고가,1.0,-0.02010958213769412
1101615808,Q4_고가,,0.012219080880829514
1101639936,Q2,,0.04881852942260079
1101684480,Q3,1.0,0.03319186387037854
1101805120,Q2,0.0,0.014436967119992344
1101923904,Q4_고가,,0.03128382030776966
1102250560,Q2,,0.006777737654254629
1102261696,Q3,0.0,0.013042354057005878
1102514112,Q4_고가,0.0,0.029509926191883834
1102644032,Q4_고가,,-0.15613511779288047
1102690432,Q4_고가,,0.08203405540122477
1102707136,Q3,,0.011567848814821369
1102723840,Q3,,0.06132957201690437
1103161856,Q3,,0.007552278712875116
1103393856,Q4_고가,1.0,0.06586801314795815
1103484800,Q2,0.0,-0.07462674086462939
1103521920,Q1_저가,,0.03649959182857804
1103627712,Q4_고가,0.0,0.027790894925318166
1103772480,Q2,1.0,-0.04530640849765491
1103898688,Q3,0.0,0.04676419240892715
1104368256,Q2,0.0,0.025944768110593777
1104401664,Q2,,-0.045497595482005965
1104553856,Q1_저가,1.0,0.012045978217482572
1104559424,Q2,0.0,0.01904520740773244
1104743168,Q3,0.0,0.04617299555184129
1104850816,Q2,0.0,0.03139632153269577
1104952896,Q4_고가,0.0,0.044683009274741586
1105229440,Q3,1.0,0.0033217227790743598
1105342656,Q1_저가,0.0,0.013320895470635585
1105439168,Q1_저가,0.0,-0.06323887406826462
1105450304,Q4_고가,1.0,5.632001517519303e-05
1105455872,Q3,,0.11290268703034378
1105600640,Q4_고가,0.0,0.042336115533014376
1105606208,Q4_고가,,0.04767811463606521
1105635904,Q2,0.0,-0.0829325589215194
1105661888,Q1_저가,0.0,0.011471921629237047
1106101760,Q3,,0.04314595871072875
1106125888,Q4_고가,1.0,0.02561205047451867
1106127744,Q3,0.0,-0.04231022992183142
1106398720,Q3,0.0,-0.010277076312793426
1106484096,Q1_저가,0.0,-0.05077403720691359
1106515648,Q1_저가,,0.03256901714206045
1106563904,Q2,1.0,-0.01447333445465554
1106675264,Q1_저가,0.0,0.015988777833001122
1107079872,Q3,0.0,-0.010720724965354811
1107339712,Q4_고가,0.0,0.03726028546402864
1107683072,Q1_저가,0.0,0.031860290133991706
1107735040,Q3,0.0,0.009515170995592959
1107772160,Q4_고가,0.0,0.09095360867494617
1108080256,Q4_고가,0.0,0.03799331737683653
1108369792,Q4_고가,0.0,0.02130026357811282
1108440320,Q4_고가,,0.04099174102898451
1108447744,Q2,0.0,0.028200992486552875
1108770688,Q4_고가,0.0,0.04246299260314168
1108913600,Q4_고가,0.0,0.05616072243934525
1108947008,Q4_고가,0.0,0.034386142872412
1109054656,Q3,0.0,0.012910905808366568
1109063936,Q2,0.0,0.03457510588765078
1109275520,Q2,,0.04152509463751516
1109459264,Q4_고가,0.0,0.012079923792953529
1109704256,Q2,0.0,-0.007773538991009521
1109815616,Q2,,0.03446384782315992
1109939968,Q2,1.0,0.03349845735770257
1109954816,Q4_고가,1.0,0.153231637800182
1110092160,Q4_고가,0.0,0.0256832844388587
1110127424,Q1_저가,0.0,0.006734455015006746
1110170112,Q1_저가,0.0,-0.011627528818958788
1110545024,Q1_저가,0.0,0.02834069750686547
1110613696,Q2,0.0,0.03728063646556737
1110819712,Q3,0.0,-0.0027218765278707036
1110823424,Q1_저가,0.0,0.018509229144847178
1110867968,Q3,0.0,0.013848332364308436
1110992320,Q2,0.0,-0.0018961851267943475
1111137088,Q4_고가,1.0,0.03723439721767213
1111161216,Q4_고가,0.0,0.026045026398412066
1111404352,Q4_고가,0.0,0.03192240087513287
1111565824,Q2,0.0,0.024284273221762853
1111994560,Q4_고가,0.0,0.0246056288388512
1112291520,Q3,,0.04455616641365863
1112306368,Q2,0.0,0.05876259249205192
1112347200,Q3,0.0,0.025434273090566756
1112501248,Q1_저가,0.0,-0.050405376754548925
1112573632,Q3,0.0,-0.014529660381433024
1112881728,Q3,0.0,-0.054504866356210435
1112913280,Q2,0.0,0.031619388159654704
1112987520,Q3,1.0,0.03473405198858992
1113028352,Q1_저가,1.0,-0.1453402186439552
1113058048,Q4_고가,,0.0833658070280831
1113180544,Q2,0.0,0.012410341748489762
1113182400,Q2,0.0,0.04774675529428163
1113267776,Q1_저가,0.0,0.07857607634484902
1113384704,Q4_고가,0.0,0.06477708171632364
1113473792,Q1_저가,1.0,0.023785762977967043
1113553600,Q4_고가,1.0,0.026133609053198087
1113590720,Q3,,0.028434755292534697
1113672384,Q1_저가,0.0,0.03835169569010709
1113807872,Q2,,0.02784957720910869
1113848704,Q3,0.0,-0.010161984511415423
1113961920,Q1_저가,,-0.0034945228198161316
1114108544,Q3,0.0,0.040941054638800156
1114123392,Q1_저가,0.0,0.04049810717897258
1115216576,Q2,0.0,-0.013485833714439899
1115225856,Q3,0.0,0.02151882628120247
1115318656,Q2,0.0,-0.017577390347386007
1115803072,Q4_고가,0.0,0.041319292867773805
1115842048,Q2,0.0,0.020933058140324312
1115897728,Q2,,0.14832128902324293
1116202112,Q3,0.0,0.01773398078108189
1116226240,Q4_고가,1.0,0.057742996134922286
1116408128,Q1_저가,0.0,-0.08766274686693729
1116614144,Q1_저가,0.0,-0.04647516373645455
1116666112,Q3,0.0,-0.0010954779115027735
1116751488,Q4_고가,0.0,0.003608324315707123
1116989056,Q3,,-0.02336186705433574
1117599680,Q2,0.0,0.005276396744253897
1117653504,Q3,0.0,0.018630530992087335
1118052544,Q3,0.0,0.01943952249973052
1118961984,Q4_고가,,0.027230338749439587
1119368448,Q1_저가,0.0,-0.042659881473317895
1119466816,Q1_저가,0.0,-0.036089507577913515
1119552192,Q1_저가,,-0.0023225323445316137
1119624576,Q2,0.0,0.040867422072599024
1119650560,Q1_저가,0.0,0.03108727473044414
1119919680,Q1_저가,0.0,0.04288769622616703
1120068160,Q2,0.0,-0.03556726240297867
1120112704,Q1_저가,0.0,-0.024698217395705768
1120199936,Q2,0.0,0.035509481648259164
1120257472,Q1_저가,,-0.06422438546751863
1120387392,Q1_저가,0.0,-0.09933294031597761
1120404096,Q2,0.0,0.009033510658356364
1120450496,Q2,1.0,-0.05130134861291624
1120825408,Q1_저가,0.0,0.044412898542709266
1120866240,Q4_고가,0.0,0.06444506754695445
1120942336,Q3,0.0,0.058498153067295965
1120996160,Q3,0.0,-0.0012179107345234863
1121018432,Q2,,0.03749280540155109
1121150208,Q1_저가,0.0,0.044180315803929116
1121217024,Q4_고가,0.0,0.044085233903340654
1121268992,Q4_고가,,0.042471597533889766
1121337664,Q3,,0.03481196642783234
1121439744,Q3,,0.06259153629994178
1121547392,Q1_저가,0.0,-0.03925456755102269
1121551104,Q3,0.0,0.011408991089908935
1121560384,Q4_고가,0.0,0.028497485097555175
1121616064,Q2,0.0,0.029710648251422556
1121718144,Q3,0.0,0.00102356944161075
1122454976,Q1_저가,0.0,0.04655324192979057
1122514368,Q1_저가,,-0.020117703948213217
1122709248,Q3,,0.07156147444456296
1122725952,Q4_고가,0.0,-0.03289452388763159
1122742656,Q4_고가,,0.032111121817306354
1122885568,Q4_고가,0.0,0.02249587001688952
1122918976,Q4_고가,,0.11968050539722441
1122982080,Q1_저가,0.0,0.03589680778566434
1123097152,Q4_고가,0.0,0.04137684997769775
1123199232,Q3,0.0,0.007039640734598174
1123236352,Q1_저가,0.0,0.04811630925802746
1123767168,Q4_고가,0.0,0.05689491891317455
1123787584,Q1_저가,0.0,-0.011301902048611437
1123789440,Q3,0.0,0.03504028855679245
1123876672,Q3,0.0,0.07900932097861812
1123993600,Q1_저가,,0.008294840436169681
1124082688,Q3,0.0,-0.002830342528196028
1124153216,Q3,0.0,0.025006346409076396
1124205184,Q2,0.0,0.037908355180045476
1124212608,Q1_저가,0.0,-0.034774714392635686
1124379648,Q1_저가,0.0,0.05261941422001009
1124465024,Q1_저가,1.0,-0.05258004437257369
1124730432,Q1_저가,0.0,0.03787279148379481
1124763840,Q3,1.0,-0.014657830494475776
1124784256,Q2,0.0,-0.01664604433920086
1124821376,Q3,,0.04047933903655454
1124940160,Q3,0.0,0.0026370592206736154
1124975424,Q1_저가,1.0,0.03025091489187226
1125190720,Q3,0.0,0.023039093287599233
1126089024,Q1_저가,1.0,0.02124848394704519
1126122432,Q1_저가,0.0,0.0026229795585191312
1126250496,Q2,0.0,0.04876496656314688
1126287616,Q3,0.0,0.05450648834239069
1126376704,Q1_저가,0.0,-0.09807554799084783
1126443520,Q3,0.0,-0.04757166043051253
1126586432,Q2,,-0.003026094379053379
1126779456,Q2,0.0,0.007232754074594852
1126959488,Q3,0.0,0.041295309706482985
1127217472,Q2,,0.013374296144990694
1127781696,Q1_저가,0.0,0.0126960799327005
1127956160,Q1_저가,0.0,-0.002675725375997265
1127993280,Q1_저가,,0.02078415851877302
1128279104,Q3,1.0,0.008107663193452352
1128371904,Q4_고가,0.0,0.05877578725619956
1128392320,Q3,0.0,0.04531004113301648
1128435008,Q1_저가,,0.02626549940944685
1128472128,Q3,0.0,-0.08960088600231142
1128473984,Q4_고가,0.0,0.015351767777735975
1128498112,Q2,0.0,0.05581239019060502
1128752384,Q2,,0.02808321336596664
1128772800,Q1_저가,0.0,0.038266877523018605
1128973248,Q2,0.0,-0.005595692561471299
1129273920,Q4_고가,0.0,-0.006412031161537574
1129374144,Q1_저가,1.0,0.013681411992194095
1129719360,Q4_고가,0.0,0.053275402201013344
1129739776,Q3,0.0,0.04528806701531633
1130359680,Q1_저가,0.0,0.04657728728389479
1130368960,Q2,0.0,-0.014507549312273327
1130665920,Q1_저가,0.0,0.018493430003835937
1130929472,Q1_저가,0.0,-0.11920767712641722
1131189312,Q2,,-0.03642649307649193
1131391616,Q3,1.0,0.008590897170946188
1131499264,Q1_저가,1.0,0.035385524566524426
1131965120,Q2,1.0,0.031013041498297825
1131979968,Q4_고가,,0.027088142307728463
1132041216,Q2,0.0,0.02564152773151468
1132065344,Q4_고가,0.0,0.0480820517920551
1132215680,Q4_고가,,0.033709784672213236
1132260224,Q3,0.0,-0.09131528306376152
1132325184,Q3,0.0,0.030612535704596038
1132607296,Q1_저가,0.0,-0.013566660198391534
1132765056,Q2,0.0,0.036671724533250016
1132932096,Q2,0.0,0.054793935047290035
1132982208,Q1_저가,,-0.03269470747806835
1132995200,Q3,0.0,0.005194176429248576
1133136256,Q1_저가,0.0,0.001962343682771761
1133327424,Q3,0.0,-0.02664107130633886
1133464768,Q1_저가,1.0,-0.0631704147342097
1133496320,Q1_저가,0.0,0.07297021909886964
1133886080,Q3,0.0,-0.017486643113235917
1134450304,Q4_고가,,0.09682186650961794
1134452160,Q3,0.0,0.020340750739066715
1134465152,Q4_고가,0.0,0.01238235600253601
1134515264,Q1_저가,0.0,-0.04272424539447306
1134673024,Q2,0.0,-0.04511752668799518
1134788096,Q3,,0.030554784344042893
1134860480,Q3,1.0,0.014669483499763963
1135018240,Q2,0.0,0.023168906931413463
1135096192,Q1_저가,0.0,-0.01722945703347989
1135294784,Q1_저가,0.0,0.034842214096312746
1135484096,Q4_고가,0.0,0.02382733568783646
1135899840,Q3,0.0,0.06786067713817812
1135909120,Q4_고가,0.0,-0.016922761259986374
1135940672,Q2,1.0,0.018752302856675798
1135949952,Q2,0.0,0.043640607819368626
1136024192,Q2,1.0,0.04334583183152585
1136026048,Q2,1.0,0.06965780736772764
1136200512,Q4_고가,0.0,-0.02330070392513961
1136219072,Q1_저가,1.0,-0.10630986035387946
1136228352,Q1_저가,0.0,0.04202328159019383
1136232064,Q4_고가,0.0,0.07126716738245154
1136271040,Q1_저가,0.0,0.03362056656515634
1136334144,Q2,0.0,0.019931763849806314
1136566144,Q2,1.0,-0.024121293632371477
1136605120,Q3,0.0,-0.009686029766014737
1136625536,Q3,,0.027301448488672074
1136662656,Q4_고가,1.0,0.030864954079906623
1136673792,Q2,0.0,0.03977710577766924
1136709056,Q4_고가,0.0,-0.0005026212758788562
1136896512,Q3,,0.08092596106246741
1137418048,Q4_고가,0.0,0.0466928450311012
1137551680,Q3,0.0,-0.020714112580916155
1137746560,Q2,1.0,0.012049945923022165
1137939584,Q1_저가,1.0,-0.012608385948040396
1138036096,Q2,0.0,0.056064455927015505
1138063936,Q2,1.0,-0.029607178412536572
1138373888,Q1_저가,0.0,0.03931931039773044
1138379456,Q2,0.0,0.09390676359818398
1138398016,Q2,,-0.01445222732348006
1138574336,Q1_저가,,0.035973708569410734
1138687552,Q4_고가,0.0,0.04113257720724678
1138724672,Q3,0.0,0.021565819885410897
1139507904,Q4_고가,0.0,0.02732337785265282
1139619264,Q3,0.0,-0.002245663967218925
1139673088,Q1_저가,,0.0168434233371626
1139758464,Q2,0.0,0.0019577145491466164
1139817856,Q1_저가,0.0,-0.053423162658960854
1140150080,Q4_고가,0.0,0.017097526827480614
1140203904,Q1_저가,0.0,-0.023146203411982036
1140215040,Q2,1.0,0.04574879914984907
1140367232,Q2,0.0,0.002985272184224605
1140703168,Q4_고가,0.0,0.01586732840693869
1140786688,Q1_저가,0.0,0.027681017411319064
1140790400,Q4_고가,0.0,0.062315596220575586
1140862784,Q1_저가,0.0,0.027613246436362163
1141189440,Q3,,0.021868529484516896
1142059904,Q1_저가,0.0,0.0465463359378571
1142204672,Q1_저가,1.0,-0.07005313768294597
1143268160,Q4_고가,0.0,0.09409306054848876
1143416640,Q1_저가,0.0,-0.12977285444051567
1143461184,Q3,1.0,-0.006397089092657127
1143882496,Q4_고가,,0.03803060140586839
1143921472,Q1_저가,,-0.015575821512349264
1144381760,Q1_저가,0.0,-0.0478005125184528
1144430016,Q2,0.0,0.017339902485361297
1144513536,Q1_저가,0.0,0.020223107243117044
1144533952,Q4_고가,1.0,0.015410530347416254
1144535808,Q2,0.0,0.03930306894256687
1144732544,Q2,0.0,0.02477870506529395
1144782656,Q3,0.0,0.016318765492674747
1144947840,Q2,0.0,0.027272567195566866
1145068480,Q4_고가,0.0,0.07337206746264613
1145111168,Q2,,0.0355322434057016
1145337600,Q4_고가,0.0,0.08532720833462049
1145354304,Q2,,0.006426151627012669
1145528768,Q3,0.0,0.019951055493588443
1145660544,Q3,0.0,-0.055907424187566
1145666112,Q2,1.0,-0.009001715513623276
1145758912,Q3,0.0,-0.02833161692983399
1145862848,Q2,,0.03415376884053073
1146185792,Q4_고가,,0.00018728797306066802
1146334272,Q3,1.0,0.002473878312468286
1146603392,Q4_고가,0.0,0.014999385216092176
1146614528,Q3,0.0,0.013142161783639944
1146666496,Q2,0.0,0.014598541385473562
1146957888,Q2,0.0,0.04393062418336641
1147145344,Q1_저가,1.0,-0.006871319208379134
1147421888,Q2,0.0,0.02771675988151512
1147481280,Q1_저가,1.0,-0.0030852753290910584
1147488704,Q1_저가,0.0,0.03433676995612009
1147585216,Q3,0.0,-5.004077381748351e-05
1147614912,Q1_저가,0.0,0.0036844839161501164
1147635328,Q2,0.0,-0.009260481062766071
1147685440,Q3,1.0,-0.023416347696629203
1147794944,Q3,0.0,-0.004260011614439757
1148593024,Q1_저가,0.0,0.009504499370761865
1148613440,Q2,0.0,0.04628724434192475
1148654272,Q2,,-0.0806630733362968
1148787904,Q2,1.0,-0.10358905044326872
1149012480,Q4_고가,0.0,0.046251518739075514
1149018048,Q3,0.0,-0.03028354121108512
1149179520,Q2,,-0.03364005264958797
1149504320,Q4_고가,0.0,0.014730726061742777
1149506176,Q4_고가,0.0,0.02717739904236806
1149550720,Q3,0.0,0.01287956024941983
1149558144,Q3,0.0,-0.02994903057816012
1149699200,Q4_고가,0.0,0.17903352484092794
1149808704,Q1_저가,0.0,0.04255336590977325
1149881088,Q3,0.0,0.0032120529882854187
1150079680,Q3,0.0,0.02457887947004793
1150228160,Q1_저가,0.0,-0.0357430582942605
1150289408,Q3,0.0,0.039408791589470374
1150423040,Q4_고가,0.0,0.0374041328800025
1150508416,Q3,,0.06057136169555599
1150517696,Q3,0.0,0.02399665593143474
1150571520,Q1_저가,0.0,0.03987717070174611
1150716288,Q1_저가,,0.014788922801077381
1150731136,Q4_고가,0.0,0.034168188648010175
1151401152,Q4_고가,0.0,0.03178431707588257
1151627584,Q4_고가,0.0,0.1424830739810483
1152711488,Q4_고가,0.0,0.02531482828974488
1153522560,Q4_고가,0.0,0.025879317838551547
1153728576,Q2,0.0,-0.003989201666503628
1153979136,Q4_고가,0.0,0.03843310575287798
1156911616,Q1_저가,,0.04011336620617378
1157813632,Q3,0.0,0.05276662190351
1157828480,Q2,0.0,0.04226713844056729
1158045632,Q2,0.0,0.016380450541905886
1158054912,Q2,0.0,0.029218855069279348
1158056768,Q4_고가,0.0,0.050771463142262496
1158131008,Q2,1.0,0.013579136572647088
1158171840,Q1_저가,0.0,-0.03444707548473999
1158294336,Q3,0.0,0.04281559669328046
1158385280,Q4_고가,0.0,0.030393780970850492
1158446528,Q3,0.0,0.011770515229937203
1158505920,Q4_고가,,0.036500895732035264
1158802880,Q4_고가,0.0,-0.026183059431728883
1159031168,Q4_고가,0.0,0.05953907847030465
1159164800,Q4_고가,0.0,0.05226934163147473
1159517440,Q3,0.0,0.03474223787306217
1159749440,Q2,0.0,-0.003980144883223152
1159842240,Q2,0.0,-0.004847564266510784
1159860800,Q1_저가,0.0,0.025662169436936888
1160157760,Q2,1.0,-0.013755131157669909
1160170752,Q1_저가,0.0,0.013476753680320974
1160226432,Q1_저가,1.0,0.03710448942507266
1160230144,Q1_저가,0.0,-0.00883179636057796
1160361920,Q1_저가,0.0,0.051537861747234015
1160536384,Q4_고가,0.0,0.025390360602430245
1160647744,Q1_저가,0.0,-0.09696825485050253
1160657024,Q4_고가,0.0,0.064756381831646
1160846336,Q3,1.0,0.042147083328923154
1161349312,Q1_저가,0.0,0.04132981045759321
1161434688,Q2,0.0,-0.03784422630908288
1161542336,Q2,,0.011872033953604255
1161568320,Q4_고가,0.0,0.03544682547236873
1161720512,Q3,0.0,-0.07363085505415123
1161798464,Q4_고가,0.0,0.006960110221588212
1162100992,Q1_저가,0.0,0.0380284387039832
1162167808,Q4_고가,1.0,0.07799248227399888
1162177088,Q2,0.0,0.03969158949517101
1162659648,Q4_고가,0.0,0.028194907057101107
1163118080,Q2,1.0,-0.029134658340734032
1163136640,Q1_저가,1.0,-0.01312210761196772
1163403904,Q4_고가,0.0,-0.0003034763584229827
1163704576,Q1_저가,0.0,0.0388595589132843
1164066496,Q2,0.0,0.048584097416354166
1164085056,Q3,1.0,0.10095491703989934
1164237248,Q3,0.0,-0.0049018668016841405
1164383872,Q2,0.0,0.027434418123470028
1164571328,Q4_고가,0.0,0.013504600859864602
1164588032,Q1_저가,0.0,0.025573494801032978
1164593600,Q1_저가,0.0,0.023720554450980674
1164656704,Q3,0.0,0.1191222184272357
1164719808,Q2,0.0,-0.002412441376245633
1164751360,Q2,0.0,-4.589164859650219e-05
1164872000,Q3,0.0,0.17422381610692994
1164962944,Q2,0.0,-0.007148682286185926
1165005632,Q1_저가,0.0,-0.016784242974150765
1165146688,Q2,0.0,-0.004630310856928221
1165239488,Q1_저가,0.0,-0.00397575176183107
1165452928,Q4_고가,,0.008874575177285404
1165467776,Q3,,0.004413974998020986
1165714624,Q4_고가,0.0,0.023297451613832676
1165885376,Q3,0.0,-0.045842034838207146
1166009728,Q2,1.0,-0.07072280739369025
1166147072,Q3,0.0,0.04627695792034725
1166210176,Q3,0.0,-0.017825589856643564
1166412480,Q1_저가,0.0,-0.03175470831269578
1166473728,Q1_저가,,-0.03281726796467005
1166549824,Q3,0.0,0.06146051072441683
1166622208,Q2,,0.04761862073710699
1166635200,Q3,,-0.07095906823949027
1166640768,Q2,,0.0325876756025438
1166798528,Q2,0.0,-0.03527222661550067
1166826368,Q3,0.0,0.1319756167936872
1166969280,Q3,0.0,0.012605863147447827
1167171584,Q4_고가,,-0.01609525998244893
1167223552,Q2,,0.0077290347569543005
1167381312,Q3,0.0,-0.010296374483952486
1167555776,Q1_저가,0.0,-0.11318231260890443
1167604032,Q3,0.0,0.037481439317207675
1167720960,Q1_저가,,-0.07402404843686011
1167743232,Q3,0.0,0.06502323462170989
1167780352,Q1_저가,0.0,0.04495018579064396
1167869440,Q4_고가,,0.0040492649527578695
1167982656,Q4_고가,0.0,0.034145441076002606
1168194240,Q3,0.0,-0.04050072574045016
1168363136,Q4_고가,0.0,0.0011839477665783749
1168379840,Q1_저가,0.0,0.04957647546197212
1168387264,Q3,0.0,0.04994269332659995
1168433664,Q1_저가,0.0,0.04000079350332389
1168545024,Q2,1.0,0.04857191475302819
1168624832,Q2,0.0,0.026021375319905074
1168674944,Q2,,0.03899908123494622
1168760320,Q4_고가,0.0,0.01900344067941684
1168804864,Q1_저가,0.0,0.008448128684395428
1168862400,Q3,,-0.039150662001619096
1168960768,Q2,,0.08002443576533741
1169098112,Q4_고가,0.0,0.014709923560565524
1169159360,Q4_고가,0.0,0.05616224595515462
1169166784,Q2,0.0,0.03562183292254155
1169335680,Q3,0.0,-0.007744372319687054
1169359808,Q3,0.0,-0.07223534821073074
1169443328,Q1_저가,0.0,0.02343700996951792
1169612224,Q3,,-0.0018332422327913545
1169805248,Q1_저가,0.0,0.028522535981534244
1170282240,Q3,1.0,0.047107114268218675
1170516096,Q2,0.0,0.02112947099855572
1170579200,Q3,0.0,0.02661365842237609
1170614464,Q2,,0.013718599738744203
1170707264,Q1_저가,0.0,-0.024963024426421565
1171297472,Q2,0.0,0.0020736469696263776
1171527616,Q1_저가,0.0,0.041051061391582766
1171574016,Q3,0.0,0.02980041037550661
1171579584,Q4_고가,0.0,0.02635379414799277
1171624128,Q4_고가,0.0,0.025946165028381513
1171804160,Q2,,0.04503590970127935
1171817152,Q1_저가,1.0,-0.031804764628969334
1171870976,Q1_저가,1.0,-0.13645097095948472
1172130816,Q3,1.0,-0.01171191322083609
1172359104,Q4_고가,,0.026281454867860023
1172383232,Q1_저가,0.0,-0.013217507533047665
1172440768,Q1_저가,0.0,0.025820223504724682
1172448192,Q2,0.0,-0.04721677177369665
1172559552,Q1_저가,0.0,0.017855520422662474
1172589248,Q1_저가,0.0,0.04945138070941563
1172615232,Q2,1.0,-0.00011628637781224693
1172661632,Q2,0.0,0.08070664769184865
1172745152,Q1_저가,0.0,-0.021327450544493476
1172782272,Q2,0.0,-0.029176945535486665
1172897344,Q1_저가,0.0,0.020535202607380204
1173123776,Q3,,-0.028850598444076503
1173149760,Q2,0.0,0.02541816138267755
1173450432,Q2,0.0,0.019955629454146792
1173552512,Q2,,0.054810221536157666
1173598912,Q3,0.0,-0.01713683496830032
1173923712,Q3,0.0,0.005234767309585386
1174239232,Q2,1.0,0.09994931987472455
1174268928,Q1_저가,0.0,0.04381711476071232
1174404416,Q2,1.0,-0.029108326119225314
1174463808,Q3,,0.005713787029590134
1174656832,Q2,0.0,-0.08820746875711194
1174940800,Q1_저가,0.0,0.013373792936376971
1174979776,Q4_고가,0.0,0.007438617919777901
1175020608,Q4_고가,,0.01194290100508183
1175041024,Q1_저가,0.0,0.017600823355344075
1175475328,Q4_고가,0.0,0.02135164026180536
1175681344,Q1_저가,0.0,-0.0824847508104739
1176241856,Q4_고가,0.0,0.12594469110404705
1176548096,Q4_고가,,0.010669394066746163
1176609344,Q2,0.0,0.021187174144624912
1176692864,Q3,,0.15975524315195772
1176716992,Q1_저가,0.0,-0.004774511487145805
1176791232,Q2,0.0,0.021699917947670788
1176974976,Q4_고가,,-0.01479521188224786
1176991680,Q4_고가,,0.011476998575701725
1177143872,Q1_저가,0.0,0.04886392595715211
1177216256,Q1_저가,0.0,-0.036583463195683175
1177372160,Q3,,0.03007139878804599
1177392576,Q1_저가,0.0,0.05377433233372332
1177580032,Q2,0.0,0.00023667601108157132
1177843584,Q4_고가,,0.021710449106743968
1177875136,Q1_저가,,0.07118019205581083
1177938240,Q1_저가,0.0,-0.020513523960927427
1177966080,Q4_고가,,0.026134932667657
1178110848,Q1_저가,0.0,0.02880069125482068
1178146112,Q4_고가,0.0,0.0750467483610539
1178606400,Q2,,0.03649677811812463
1178747456,Q2,0.0,0.0021869181370631763
1178760448,Q4_고가,0.0,0.03818561386559491
1179473152,Q1_저가,,0.03793100073045985
1179525120,Q4_고가,0.0,0.02377889929462028
1179684736,Q3,1.0,0.015259684229010695
1179844352,Q2,0.0,3.0949818117465e-05
1179909312,Q1_저가,0.0,0.02609503317517292
1179927872,Q3,0.0,0.058031085480170774
1179950144,Q1_저가,0.0,-0.12282064955343758
1180195136,Q1_저가,0.0,-0.017538535035926173
1180408576,Q2,0.0,0.01968100084151958
1180460544,Q4_고가,0.0,0.027784326217418442
1180692544,Q4_고가,0.0,0.023665730441629562
1180781632,Q4_고가,0.0,0.144402224159895
1180930112,Q2,,0.02342636694947149
1180983936,Q1_저가,,0.04584321331278665
1181021056,Q1_저가,,0.011830881866233128
1181102720,Q3,0.0,0.04401480066019388
1181234496,Q4_고가,,0.1947093304561242
1181245632,Q3,0.0,0.03190830267637246
1181399680,Q1_저가,0.0,0.0579825514136945
1181407104,Q1_저가,0.0,0.04895954133611358
1181754176,Q3,0.0,0.06601584540695114
1181924928,Q3,0.0,-0.015469829461976281
1181945344,Q1_저가,,-0.08225638006843572
1182021440,Q4_고가,,-0.02093336017080566
1182507712,Q3,0.0,-0.01715201353206508
1182648768,Q3,0.0,0.0014718170409038223
1182765696,Q3,0.0,-0.12914093420822215
1182960576,Q1_저가,0.0,0.01626027637716096
1183008832,Q4_고가,,0.039326073407311646
1183073792,Q1_저가,0.0,0.036763116463868026
1183103488,Q4_고가,0.0,0.025060608316585076
1183220416,Q4_고가,,0.14447698050812935
1183394880,Q2,0.0,0.01032886999789763
1183548928,Q1_저가,0.0,0.03249950256909123
1183569344,Q4_고가,0.0,0.030077826275684977
1184397120,Q2,0.0,0.05157505196181645
1184747904,Q2,0.0,-0.06429230233432681
1184922368,Q4_고가,,0.03744084302120987
1184981760,Q4_고가,,-0.07183062312886013
1185041152,Q2,0.0,-0.004367473429521498
1185107968,Q1_저가,,-0.04121175572613878
1185109824,Q1_저가,1.0,0.014009727633418956
1185122816,Q2,,-0.0015335951123516822
1185171072,Q3,0.0,-0.041583819701696445
1185308416,Q2,,-0.021566459380471026
1185313984,Q2,,-0.027139841169519924
1185391936,Q4_고가,,0.02846584932782875
1185635072,Q1_저가,0.0,0.03435037771561254
1185655488,Q4_고가,0.0,0.04923216317387458
1185889344,Q4_고가,0.0,0.006903417178410032
1186067520,Q2,1.0,-0.08381253212668993
1186073088,Q1_저가,0.0,0.06902518420668935
1186219712,Q2,0.0,-0.0074130079266379045
1186240128,Q3,0.0,0.055521755509948756
1186286528,Q1_저가,,0.01891857716753223
1186414592,Q4_고가,0.0,-0.0010667886266059745
1187195968,Q3,0.0,-0.04260830887071376
1187260928,Q2,0.0,-0.06090961140420381
1187281344,Q3,0.0,0.06141160065577289
1187307328,Q2,0.0,0.023951283486315394
1187335168,Q3,0.0,-0.04259020652305734
1187338880,Q1_저가,0.0,0.01855668161861683
1187492928,Q2,0.0,0.028639794659174267
1187522624,Q3,1.0,0.019848923788048256
1187591296,Q1_저가,0.0,-0.038323034093559555
1187635840,Q4_고가,0.0,0.02573189449755782
1187700800,Q1_저가,0.0,0.015484131942908805
1188090560,Q1_저가,0.0,0.02720601794368646
1188426496,Q3,0.0,0.10496604819665684
1188478464,Q2,0.0,-0.00021221319310371634
1188678912,Q1_저가,0.0,-0.09999615794535699
1188716032,Q1_저가,0.0,0.04834640786874476
1188751296,Q4_고가,0.0,-0.03230976812414374
1188948032,Q1_저가,0.0,0.15759572302524938
1189128064,Q3,0.0,0.04776530810888224
1189337792,Q4_고가,0.0,0.037789095455828425
1189369344,Q4_고가,,0.05917257299363399
1189508544,Q1_저가,0.0,0.03037327677996375
1189584640,Q3,0.0,0.027872807742704064
1189601344,Q1_저가,0.0,-0.005000509197669395
1189662592,Q4_고가,1.0,0.15501375800273753
1189857472,Q3,,0.016440933542043568
1190132160,Q3,1.0,-0.08064801099623842
1190250944,Q3,0.0,-0.12090050257226431
1190291776,Q1_저가,0.0,0.03548358781730361
1190392000,Q2,0.0,0.038726694588653215
1190471808,Q3,0.0,0.07419873984787417
1190505216,Q1_저가,0.0,0.04686783892939239
1190520064,Q1_저가,0.0,0.03143714657881344
1190679680,Q4_고가,0.0,0.006054834279310223
1190824448,Q1_저가,0.0,0.06295227610260601
1190872704,Q4_고가,,0.01745138675623535
1190974784,Q2,0.0,0.00711891491204153
1191149248,Q3,0.0,0.06600334871028608
1191156672,Q3,,0.0349771505773701
1191266176,Q3,0.0,-0.0043335963599308025
1191529728,Q1_저가,,-0.007568521678923024
1191908352,Q2,0.0,0.04699286577684744
1192021568,Q4_고가,1.0,0.07038205040406997
1192457728,Q4_고가,0.0,0.04134052349139908
1192541248,Q3,0.0,-0.01717814672726392
1192702720,Q1_저가,0.0,0.02034097995146944
1192960704,Q2,0.0,0.02292725171057331
1192973696,Q2,1.0,0.012690761869490252
1192995968,Q3,0.0,-0.030066893163887554
1193086912,Q2,0.0,0.043857770573528534
1193155584,Q2,1.0,0.04675065866264183
1193567616,Q4_고가,0.0,0.06007291723422625
1193673408,Q1_저가,0.0,0.048537129200607904
1193949952,Q1_저가,0.0,0.01211215531435833
1194053888,Q4_고가,,0.04391067747015543
1194116992,Q2,0.0,-0.006629830738125009
1194174528,Q1_저가,,-0.047785636470213166
1194490048,Q1_저가,1.0,0.04276871645767972
1194497472,Q2,0.0,-0.03666725421348055
1195135936,Q1_저가,0.0,-0.009014326201987943
1195314112,Q1_저가,1.0,0.0271740628576341
1195367936,Q3,0.0,0.03421734336044144
1195518272,Q3,,0.020802016119708694
1195993408,Q3,0.0,-0.013906558897569865
1196136320,Q2,1.0,0.01849282386060036
1196164160,Q1_저가,,-0.015129490164190629
1196208704,Q2,0.0,-0.01993087808009586
1196405440,Q2,0.0,-0.00593825311132698
1196435136,Q1_저가,1.0,0.02160822009846544
1196726528,Q2,1.0,-0.01865253626122798
1196756224,Q2,1.0,0.028014260783049694
1196834176,Q1_저가,0.0,0.0398481565515766
1196997504,Q4_고가,,0.0482187346627887
1197105152,Q2,0.0,-0.005370341156278435
1197262912,Q3,,0.042710623267775596
1197446656,Q4_고가,0.0,0.09106256243351285
1197520896,Q3,0.0,-0.03916341032399129
1197680512,Q2,0.0,0.10392314490153559
1197704640,Q1_저가,0.0,-0.028466283557921745
1197713920,Q2,0.0,-0.043746547223514565
1197791872,Q1_저가,0.0,-0.06710463539439526
1197793728,Q2,0.0,-0.008170457676941079
1197962624,Q3,1.0,-0.04337694971059014
1198010880,Q3,,-0.029293069616794343
1198441472,Q4_고가,0.0,0.018320982705879257
1198445184,Q2,0.0,0.0029122052248038988
1198684608,Q4_고가,1.0,0.0357447532062818
1198773696,Q4_고가,,0.06515574237415939
1198814528,Q1_저가,,-0.13938726445606153
1198864640,Q1_저가,1.0,0.03157688448956346
1199295232,Q1_저가,,0.01168808771109571
1199326784,Q1_저가,0.0,-0.0108705015568909
1199471552,Q2,0.0,-0.10168483569890008
1199577344,Q3,1.0,0.004313834908758585
1199729536,Q2,0.0,0.014093386717108067
1199777792,Q2,0.0,0.1318105363627038
1200033920,Q2,0.0,0.0011723873793592632
1200191680,Q2,0.0,-0.06808089409891899
1200200960,Q2,0.0,0.031464942074533486
1200358720,Q4_고가,1.0,0.017491264499281137
1200522048,Q4_고가,,0.13297163156553138
1200625984,Q2,,-0.02432637060474596
1200661248,Q4_고가,0.0,0.04157289078545451
1200687232,Q2,0.0,0.02019956198158203
1200804160,Q1_저가,0.0,-0.009905540608150964
1200928512,Q2,,0.06217772364830565
1200934080,Q4_고가,0.0,0.03669485301768574
1201180928,Q2,1.0,0.023587831880988397
1201268160,Q4_고가,0.0,0.03580468954553109
1201362816,Q2,0.0,-0.003100842661719838
1201516864,Q1_저가,,0.04515954456138428
1201609664,Q3,0.0,-0.008228573145612539
1201875072,Q3,0.0,0.043697930669899354
1201897344,Q3,1.0,0.020453836663082023
1201979008,Q2,0.0,0.0012274149595229433
1202004992,Q3,0.0,-0.011707483442926048
1202006848,Q4_고가,0.0,0.0032864791342039346
1202212864,Q4_고가,,0.051350396858125466
1202274112,Q2,,0.009735999100965384
1202337216,Q4_고가,0.0,0.04619547417162939
1202428160,Q1_저가,0.0,0.038641636397169735
1202504256,Q1_저가,,-0.03911646405787561
1202984960,Q2,0.0,0.03488638241111727
1203105600,Q4_고가,0.0,0.0649118986522475
1203150144,Q4_고가,0.0,0.002119067717620507
1203428544,Q2,1.0,-0.04282597066078714
1203491648,Q2,,-0.014014923919958788
1203578880,Q1_저가,0.0,0.03901098397756041
1203745920,Q1_저가,,0.02203282866474876
1203794176,Q2,,-0.014010507451501897
1204033600,Q3,0.0,-0.001381036812770714
1204083712,Q1_저가,0.0,0.0500355503116242
1204146816,Q1_저가,0.0,0.009474370609132296
1204588544,Q2,0.0,0.033838064456682165
1204980160,Q3,0.0,0.038692885471600214
1205115648,Q3,1.0,0.03913717337151143
1205240000,Q1_저가,0.0,-0.013562316456856877
1205299392,Q4_고가,0.0,0.134876065504548
1205382912,Q4_고가,0.0,0.029991152960897938
1205414464,Q4_고가,1.0,0.06622803187382487
1205562944,Q2,,0.022661109357747178
1205640896,Q2,0.0,-0.026371060970830418
1205739264,Q2,0.0,0.04044291351198799
1205846912,Q4_고가,0.0,0.02578141355184982
1205856192,Q3,0.0,0.05143783904799398
1205991680,Q3,,-0.04717826283308668
1205997248,Q2,,0.034119947661946814
1206012096,Q4_고가,0.0,0.04849068259384737
1206218112,Q2,0.0,-0.0019116322236298888
1206229248,Q1_저가,0.0,-0.027237594624050065
1206652416,Q2,0.0,0.09907522094918092
1206683968,Q1_저가,0.0,-0.15297385981614942
1206758208,Q4_고가,,0.023202454788467497
1206815744,Q4_고가,0.0,-0.0529212097927555
1207220352,Q3,0.0,0.018629125866876983
1207316864,Q3,1.0,-0.08347996309885225
1207352128,Q2,0.0,0.0571135147975913
1207478336,Q3,,-8.574824997731323e-05
1207649088,Q2,0.0,-0.03385786823510106
1207816128,Q3,,-0.12653366343287253
1207907072,Q1_저가,,0.0016923392404040588
1207910784,Q3,0.0,-0.019347604803856694
1208007296,Q1_저가,0.0,0.05020306055780209
1208100096,Q2,,-0.01449130402295773
1208198464,Q4_고가,0.0,0.008209109442754853
1208703296,Q2,0.0,0.032988070865629104
1209003968,Q3,,0.005356019800184408
1209055936,Q1_저가,1.0,0.0214147976882237
1209104192,Q3,,-0.03773031514874803
1209488384,Q3,0.0,-0.024186437250563575
1209505088,Q2,1.0,-0.036906623406535194
1209538496,Q2,,0.03295044080854946
1209605312,Q4_고가,0.0,0.021412913328819227
1209779776,Q2,0.0,-0.10806615227590921
1209790912,Q2,0.0,0.007589329659564756
1209800192,Q4_고가,0.0,0.02551516404768886
1209933824,Q3,0.0,-0.013305683629153964
1210002496,Q2,0.0,-0.10452005843126433
1210037760,Q3,0.0,0.02219537567917762
1210113856,Q2,0.0,-0.020757386404736566
1210436800,Q2,1.0,-0.020622065146589735
1210587136,Q3,0.0,-0.007330978849338643
1210824704,Q2,0.0,0.0290325789258854
1210830272,Q3,,0.07013758155877392
1211004736,Q2,0.0,0.00024019834242269833
1211043712,Q1_저가,0.0,-0.06590647749249134
1211151360,Q4_고가,0.0,0.025623886694648906
1211214464,Q1_저가,0.0,0.05274760669287967
1211220032,Q1_저가,1.0,0.032324806475670875
1211296128,Q4_고가,0.0,0.04463213179816232
1211333248,Q3,,0.011893137747009508
1211550400,Q4_고가,0.0,0.006562755051206293
1211706304,Q1_저가,0.0,0.005988865337866772
1211737856,Q2,,0.0003657573285578142
1211791680,Q3,0.0,0.049656545691600606
1212075648,Q4_고가,,-0.029684155239385612
1212164736,Q4_고가,1.0,8.92027051107025e-05
1212209280,Q2,1.0,0.03850223020293697
1212250112,Q1_저가,0.0,-0.02449877625714382
1212255680,Q1_저가,0.0,-0.004279920840224355
1212749376,Q3,0.0,-0.029307041454111393
1212957248,Q1_저가,0.0,-0.010059898967110792
1213072320,Q1_저가,0.0,-0.002261963699989017
1213096448,Q2,0.0,0.013190251824030774
1213139136,Q3,0.0,-0.010282274865461849
1213170688,Q2,1.0,-0.08454267580824393
1213256064,Q2,,-0.0131507097244708
1213283904,Q3,0.0,0.04104556157961186
1213387840,Q4_고가,0.0,0.026595714656391434
1213439808,Q3,0.0,0.06854908342422916
1213515904,Q1_저가,0.0,-0.02460402456763877
1213573440,Q2,0.0,0.02859859783047841
1213669952,Q3,,-0.05085022124192262
1213933504,Q3,,0.02219942299583666
1214063424,Q2,1.0,0.03248472614960196
1214076416,Q1_저가,0.0,-0.004175395710371621
1214109824,Q1_저가,0.0,0.03170361042090421
1214208192,Q3,0.0,0.02323419893176265
1214232320,Q3,,0.013203558550961655
1214360384,Q2,0.0,-0.01301904493331063
1214421632,Q4_고가,0.0,0.008129415076066654
1214805824,Q1_저가,0.0,0.014427622811437002
1214857792,Q3,,0.052132220082565905
1214941312,Q1_저가,0.0,-0.0013267901142560157
1215238272,Q3,0.0,0.14071993842739106
1216418688,Q2,0.0,0.03992059179959995
1216543040,Q4_고가,0.0,-0.013805879024601841
1216890112,Q1_저가,0.0,0.009523139036258177
1216956928,Q4_고가,,0.06872072264946058
1217014464,Q1_저가,0.0,-0.011302494447599884
1217029312,Q1_저가,1.0,0.045088677566086116
1217222336,Q2,0.0,-0.09551169640065593
1217257600,Q2,0.0,0.013258209828473255
1217274304,Q4_고가,0.0,0.03424774816311099
1217547136,Q2,0.0,0.02827332074036032
1218059392,Q3,0.0,0.016636468559483156
1218499264,Q1_저가,0.0,0.013262770396275839
1218606912,Q1_저가,0.0,0.033113672127481605
1218644032,Q3,0.0,0.029761886932972992
1218742400,Q2,1.0,-0.00014500807073003497
1219033792,Q1_저가,0.0,0.0869410756113102
1219145152,Q4_고가,0.0,0.05313455375213168
1219243520,Q2,0.0,-0.06338965129529878
1219468096,Q1_저가,,-0.05965872001681327
1219603584,Q1_저가,,0.02868605166122594
1219787328,Q2,0.0,0.05177134672322575
1219835584,Q1_저가,0.0,0.02801966797013563
1219874560,Q2,0.0,-0.031697608118016696
1219993344,Q2,,0.03392320575103924
1220418368,Q2,0.0,0.0711848189233627
1220984448,Q3,0.0,0.05958924346376682
1221153344,Q2,0.0,0.02271979910789998
1221244288,Q4_고가,0.0,0.003947336144325908
1221298112,Q2,,-0.045473970561151766
1221609920,Q1_저가,1.0,-0.1054108069057812
1221611776,Q2,0.0,0.07547448448066896
1221788096,Q1_저가,,0.007322618013772597
1222187136,Q1_저가,,0.05607704981226136
1222216832,Q1_저가,0.0,0.03173879670455711
1222378304,Q1_저가,0.0,-0.01012052209584588
1222391296,Q1_저가,0.0,0.009608149940082716
1222467392,Q1_저가,1.0,0.004033261443004421
1222493376,Q2,0.0,-0.0167830486604289
1222949952,Q4_고가,0.0,0.14410547009915858
1223009344,Q3,1.0,0.06677686083861134
1223042752,Q1_저가,0.0,0.018834473294001938
1223050176,Q2,0.0,0.015380923919333434
1223250624,Q1_저가,0.0,0.1163458092617794
1223254336,Q2,0.0,0.016178428066595085
1223267328,Q2,0.0,-0.03669143611363235
1223399104,Q3,0.0,0.034953959925371536
1223521600,Q1_저가,0.0,-0.02579013479656056
1223530880,Q3,0.0,0.0037461641945013835
1223558720,Q3,,0.006370181191145047
1223621824,Q2,,-0.016759322355908435
1223707200,Q2,0.0,0.15647159603597777
1223920640,Q1_저가,0.0,0.020501361701993792
1224035712,Q1_저가,1.0,-0.05034541783837554
1224096960,Q1_저가,1.0,0.030156394579899284
1224351232,Q3,0.0,0.013729885758959615
1224635200,Q1_저가,0.0,-0.03491292316252825
1224685312,Q2,0.0,0.007333039625339155
1224841216,Q3,0.0,0.07432515011938023
1224909888,Q4_고가,0.0,0.011681826277304255
1225036096,Q2,,0.001723697890557374
1225212416,Q4_고가,0.0,0.022422336460016123
1225216128,Q2,0.0,-0.09285584752288045
1225281088,Q3,0.0,0.10167334200713257
1225657856,Q3,0.0,0.0018972883652300654
1225811904,Q2,,0.05567461592841938
1225873152,Q3,0.0,-0.020585781478342224
1226079168,Q3,1.0,0.023657994909195623
1226149696,Q4_고가,0.0,0.028275208890524442
1226168256,Q4_고가,0.0,0.0077634119305859395
1226301888,Q1_저가,0.0,0.0042366741793888885
1226396544,Q2,0.0,-0.03566751515448596
1226561728,Q2,0.0,0.02713811376444726
1226613696,Q3,0.0,0.008034202808577917
1226674944,Q2,0.0,0.032134410185131954
1226884672,Q4_고가,0.0,0.00021111317779282102
1226927360,Q1_저가,0.0,0.03461597810506083
1227036864,Q3,0.0,-0.08520575947287173
1227419200,Q3,,-0.010610699267146306
1227452608,Q1_저가,0.0,-0.10917387538267942
1227692032,Q1_저가,0.0,0.007546779339456716
1227734720,Q2,0.0,0.0032911735548721843
1227756992,Q2,,0.02266123472749587
1227771840,Q2,1.0,0.022597773724679485
1227831232,Q3,0.0,0.0406370487294962
1227901760,Q3,0.0,0.20279103643873214
1227912896,Q3,0.0,0.04372611799399123
1227944448,Q2,1.0,0.021003763016628596
1228213568,Q1_저가,0.0,0.0037053296543053393
1228226560,Q4_고가,0.0,0.05438634171013823
1228245120,Q4_고가,1.0,0.02308005081969891
1228701696,Q2,,-0.022163713170340382
1228894720,Q1_저가,0.0,-0.022096511547502917
1228898432,Q4_고가,,0.008644044721861699
1228996800,Q1_저가,1.0,0.03461559354146307
1229189824,Q2,,0.03261301968174629
1229260352,Q2,,0.03250719019728521
1229312320,Q1_저가,0.0,0.038601883550313826
1229377280,Q2,1.0,-0.057668518180991
1229418112,Q1_저가,,0.04198007735592896
1229600000,Q2,,0.03340367758620379
1229896960,Q2,,0.054030450773039584
1229965632,Q2,0.0,0.027669461381209848
1229984192,Q1_저가,,-0.06643081013337093
1230032448,Q1_저가,,-0.0016286326970155751
1230407360,Q2,0.0,0.013539448214471644
1230544704,Q3,0.0,-0.04985781768793751
1230917760,Q4_고가,,0.030299754018122405
1231426304,Q3,0.0,0.023986613162156542
1231847616,Q2,0.0,0.024445819488867565
1231944128,Q4_고가,0.0,0.054786214480392226
1231945984,Q2,0.0,0.030951913075126736
1231958976,Q2,0.0,-0.0013647333254952487
1232135296,Q3,0.0,0.042602203585745596
1232181696,Q1_저가,,-0.012724743923248016
1232196544,Q2,0.0,-0.03333200457297443
1232267072,Q1_저가,0.0,0.04009796787193043
1232408128,Q1_저가,,-0.000947906674633292
1232480512,Q3,0.0,0.014482206507188455
1232775616,Q2,0.0,0.004718672974794669
1232888832,Q3,,0.025451469498099524
1233159808,Q1_저가,0.0,-0.02025516210898315
1233336128,Q3,0.0,-0.0713587273274433
1233432640,Q2,0.0,0.012404823432737883
1233506880,Q1_저가,0.0,-0.00500645554597523
1233746304,Q2,0.0,0.11351158766655584
1233922624,Q1_저가,0.0,0.035718024929717734
1233946752,Q1_저가,0.0,0.04044968107608316
1233957888,Q2,0.0,-0.058229773480381386
1234024704,Q1_저가,0.0,-0.0430857430672022
1234030272,Q3,0.0,-0.004462317047204845
1234061824,Q1_저가,0.0,0.04228563274740612
1234074816,Q1_저가,0.0,0.0011433774645951827
1234115648,Q3,0.0,-0.10162224265380743
1234355072,Q1_저가,0.0,0.030269529581077315
1234473856,Q1_저가,1.0,0.016274863504244563
1234598208,Q2,0.0,0.024585418622486144
1234793088,Q2,,0.033285380009850374
1234948992,Q1_저가,,-0.054909428219217626
1234965696,Q3,0.0,-0.00977005070509207
1235080768,Q1_저가,0.0,0.05283388859807986
1235132736,Q3,0.0,0.010163559811552453
1235179136,Q4_고가,0.0,0.019917162185243142
1235325760,Q4_고가,0.0,-0.018990060187120128
1235409280,Q3,0.0,0.009117173287995162
1235513216,Q1_저가,0.0,0.02483862534763552
1235815744,Q2,1.0,-0.025141766859712367
1235964224,Q4_고가,0.0,0.04052833485849597
1235992064,Q2,0.0,-0.03986530894733609
1236019904,Q1_저가,,0.014121873461090714
1236237056,Q4_고가,,0.0011508048124868608
1236339136,Q2,1.0,0.009443832432301402
1236346560,Q1_저가,,-0.016254563924259613
1236797568,Q4_고가,0.0,0.03490457868666541
1237029568,Q4_고가,0.0,0.06169805099248937
1237055552,Q3,0.0,-0.13573153434849283
1237189184,Q1_저가,0.0,0.00717889478483108
1237250432,Q3,0.0,-0.0415717305053262
1237413760,Q1_저가,0.0,0.058374012347734705
1237874048,Q3,0.0,-0.0861624211972507
1238024384,Q1_저가,1.0,0.028212842612217043
1238081920,Q2,0.0,0.00786895810068089
1238313920,Q1_저가,,0.03496384666194752
1238341760,Q2,,0.016128497134642816
1238440128,Q1_저가,0.0,-0.030664347220188515
1238464256,Q3,0.0,0.021853162284225902
1238469824,Q2,0.0,0.019276328416307997
1238555200,Q1_저가,0.0,-0.01890000306569528
1238635008,Q4_고가,0.0,0.03665337631756882
1238753792,Q4_고가,0.0,-0.033322754959977774
1238898560,Q1_저가,0.0,0.017182291413800704
1239110144,Q4_고가,0.0,0.016937396881822595
1239167680,Q2,,0.0260912484054404
1239260480,Q3,0.0,0.008432463902089127
1239420096,Q1_저가,0.0,0.03821079720445291
1239449792,Q4_고가,0.0,-0.0014528151397225075
1239464640,Q2,0.0,-0.027280734488587838
1239568576,Q3,1.0,0.06458108268692564
1240227456,Q3,1.0,-0.0021616434305318233
1240240448,Q1_저가,0.0,-0.04779657187114228
1240427904,Q3,0.0,0.027875379647220422
1240529984,Q1_저가,,-0.020945835119254408
1241032960,Q3,,0.08671008738508429
1241402304,Q4_고가,0.0,0.04512797018452852
1241467264,Q2,1.0,-0.005584336148667671
1241509952,Q3,0.0,0.040802220746957496
1241645440,Q1_저가,0.0,-0.04888834335611136
1241708544,Q2,0.0,0.019721687350215733
1241741952,Q4_고가,0.0,0.024349095213562738
1241814336,Q4_고가,1.0,0.019449838496690575
1241886720,Q3,0.0,0.07164928293702605
1242189248,Q3,,0.03447722089419935
1242248640,Q4_고가,0.0,0.01584515200370537
1242424960,Q1_저가,1.0,0.04846389902069678
1242723776,Q3,0.0,-0.12334363801054488
1242796160,Q2,0.0,0.030586128443808147
1242857408,Q2,0.0,0.014965343198598421
1242939072,Q4_고가,0.0,0.22761898338397474
1243046720,Q4_고가,0.0,0.025836319561417742
1243687040,Q1_저가,1.0,0.02827963641784753
1243779840,Q2,,0.015821799164600803
1243805824,Q2,0.0,0.007795998386912639
1244054528,Q3,0.0,-0.09805240243520286
1244069376,Q1_저가,0.0,0.04093119846714663
1244162176,Q1_저가,0.0,-0.012914939562580385
1244227136,Q1_저가,0.0,0.004974528609272916
1244360768,Q2,0.0,0.07306577525864899
1244709696,Q2,0.0,0.015311262395353756
1244711552,Q1_저가,0.0,0.020546261153750994
1245002944,Q1_저가,,0.04951530896006734
1245006656,Q2,0.0,-0.008300159606008162
1245067904,Q4_고가,0.0,0.027056234714154435
1245411264,Q3,0.0,-0.03736380633858549
1245420544,Q3,1.0,-0.009672406047192827
1245489216,Q3,0.0,0.00407486427976389
1245602432,Q1_저가,0.0,-0.10995961157090617
1245626560,Q2,,-0.0038549051499708886
1245732352,Q4_고가,,0.01837625114833992
1245823296,Q4_고가,0.0,0.043383894289842545
1246038592,Q1_저가,1.0,0.050676800241105005
1246122112,Q3,1.0,0.008274251474252758
1246159232,Q4_고가,,0.020806102910562063
1246355968,Q2,0.0,0.0021079086939837927
1246578688,Q1_저가,1.0,0.03137402830489032
1246903488,Q3,0.0,0.029841236235696476
1246940608,Q2,0.0,0.047499320083234056
1246953600,Q2,0.0,-0.03439427242406323
1247063104,Q2,0.0,-0.002071675195315592
1247103936,Q3,,0.0693500366721557
1247142912,Q2,0.0,0.04493729852138639
1247566080,Q3,0.0,0.04916981915620444
1247642176,Q2,,-0.09702274124638871
1247731264,Q2,0.0,-0.09643973518331506
1247749824,Q1_저가,0.0,0.040107136451828784
1247766528,Q2,,-0.003903517081432273
1247781376,Q2,,0.024054107442985
1247946560,Q3,0.0,-0.012028072108767857
1247948416,Q1_저가,,-0.016884272675757844
1248041216,Q2,0.0,0.018544528425158524
1248176704,Q1_저가,0.0,0.047278809667435015
1248250944,Q3,0.0,0.06828490136784654
1248395712,Q3,0.0,-0.025846040931317094
1248469952,Q3,1.0,-0.010359733433204454
1248494080,Q4_고가,0.0,0.034958455665081406
1248505216,Q2,0.0,0.017289112047580657
1248557184,Q2,0.0,0.04082121096348855
1248657408,Q2,,0.014196692022683019
1248783616,Q2,0.0,-0.10828765313488514
1248887552,Q2,0.0,0.07446601508764361
1248963648,Q1_저가,0.0,-0.01781918733218188
1249188224,Q1_저가,0.0,0.04930474639405458
1249190080,Q4_고가,0.0,0.03513488317709133
1249264320,Q3,0.0,0.03386245059087267
1249310720,Q2,0.0,0.07196639587518183
1249423936,Q4_고가,1.0,0.04963961875473599
1249795136,Q3,0.0,-0.04016852724842451
1249860096,Q2,0.0,0.06294886898166877
1250095808,Q4_고가,0.0,0.07270156703984745
1250268416,Q1_저가,0.0,0.027961921118303507
1250424320,Q2,,0.029303012425471023
1250457728,Q3,0.0,0.02540217070181927
1250520832,Q1_저가,0.0,0.00680493579000549
1250550528,Q2,,0.0006517820095465199
1250678592,Q4_고가,0.0,-0.01513782859255608
1250821504,Q4_고가,0.0,-0.005856126494040437
1250899456,Q2,,-0.0173446818441019
1251055360,Q3,,0.10046309728822378
1251205696,Q3,0.0,0.023723937439800835
1251406144,Q1_저가,0.0,0.04627319158629953
1251413568,Q2,1.0,0.03245152455527173
1251693824,Q2,1.0,0.05323581714318504
1251756928,Q1_저가,0.0,0.010765232377818373
1251872000,Q1_저가,0.0,-0.08285871115895022
1251881280,Q4_고가,1.0,0.0210883382626246
1251979648,Q2,1.0,0.024665064509685822
1253111808,Q2,1.0,0.015697469377969897
1253195328,Q1_저가,0.0,0.043667785648148584
1253364224,Q1_저가,0.0,0.040271622568011506
1253423616,Q4_고가,1.0,0.03194046701074027
1253609216,Q3,0.0,0.05775841099543286
1253854208,Q1_저가,0.0,0.03824859009758426
1254049088,Q2,1.0,-0.01905301048720559
1254282944,Q1_저가,0.0,-0.021287610076428154
1254702400,Q2,0.0,-0.0019935425566876552
1255094016,Q1_저가,0.0,0.051705727174390106
1255277760,Q1_저가,0.0,-0.03543865019892978
1255455936,Q1_저가,0.0,0.013079077166167852
1255470784,Q2,0.0,0.02067699612506073
1255474496,Q3,1.0,-0.025682314912964355
1255745472,Q3,0.0,-0.12962315406577074
1255801152,Q4_고가,1.0,0.11310690202898382
1256662336,Q1_저가,0.0,0.0492322230781526
1256808960,Q4_고가,0.0,0.007734209022416616
1256981568,Q3,0.0,0.04224469457269853
1256983424,Q1_저가,0.0,0.011151559907891823
1257315648,Q4_고가,0.0,0.04554391883927539
1257427008,Q3,0.0,0.008496382006981551
1257486400,Q1_저가,0.0,0.055945931000816476
1257527232,Q3,0.0,-0.03130359621332479
1257723968,Q2,,-0.06116290048253459
1257813056,Q2,,-0.00771116945224648
1257850176,Q4_고가,0.0,0.016996761027412127
1257948544,Q1_저가,0.0,0.0009487822817155767
1258288192,Q1_저가,,-0.022628103332205163
1258507200,Q3,0.0,0.013119533355454127
1258512768,Q3,0.0,0.02922167203381798
1258523904,Q3,,-0.06479465434107595
1258583296,Q3,0.0,0.048793639307459
1258676096,Q3,0.0,0.05254081710303207
1258828288,Q1_저가,1.0,0.02780848639555019
1258958208,Q1_저가,0.0,0.032209177055637694
1259004608,Q4_고가,0.0,0.013632509181217736
1259008320,Q3,,-0.03163655843144786
1259325696,Q2,0.0,-0.05880959784948542
1259470464,Q2,0.0,0.006694912611900805
1259526144,Q4_고가,1.0,0.018131475967467003
1259576256,Q1_저가,,0.028262636977645583
1259672768,Q1_저가,0.0,-0.02513529796519165
1259849088,Q2,0.0,-0.05961592537927635
1259964160,Q2,0.0,0.05024252897643455
1260010560,Q1_저가,,0.04795741613271998
1260166464,Q2,0.0,0.01654922422984495
1260444864,Q4_고가,0.0,-0.03729613630685055
1260559936,Q3,0.0,0.05449188115875814
1261202112,Q4_고가,0.0,-0.006640428271552146
1261211392,Q1_저가,0.0,-0.054616240743341815
1261322752,Q3,0.0,0.022732761526660206
1261487936,Q2,1.0,0.03223752389110829
1261541760,Q3,0.0,0.007344807422334565
1261619712,Q1_저가,,0.056425623679583065
1261666112,Q3,1.0,0.020593921845045826
1262167232,Q1_저가,,-0.04010133250571846
1262185792,Q1_저가,0.0,0.038104630072158696
1262235904,Q2,0.0,-0.015041535383019639
1262375104,Q1_저가,0.0,0.060012966117008404
1262518016,Q2,1.0,0.03877111404366329
1262519872,Q1_저가,1.0,-0.017436016475434857
1262666496,Q3,0.0,0.0463686745465519
1262965312,Q2,,-0.01938439613107512
1263076672,Q3,0.0,-0.010277154595732613
1263143488,Q1_저가,0.0,0.019258894500596868
1263160192,Q2,1.0,-0.010593875383042378
1263262272,Q2,,0.02457849152115335
1263414464,Q1_저가,0.0,0.02309449093353294
1263477568,Q2,0.0,0.012382606809393293
1263483136,Q1_저가,0.0,-0.02557167519992465
1263691008,Q3,0.0,0.03410662731750484
1263917440,Q4_고가,0.0,0.03703804311146587
1263921152,Q2,0.0,-0.021586652426570874
1263948992,Q3,0.0,0.051113510371621165
1263969408,Q3,0.0,0.02189481921020163
1264054784,Q1_저가,0.0,0.017490168472902717
1264227392,Q3,0.0,0.1374306707447066
1264244096,Q4_고가,0.0,0.05312747464455181
1264977216,Q2,0.0,-0.12255401944914912
1265094144,Q2,0.0,0.041502134269980395
1265142400,Q4_고가,,0.025912512414508995
1265168384,Q2,0.0,0.03600380509103643
1265255616,Q3,0.0,0.0769951926405491
1265340992,Q3,,0.14315520043882812
1265736320,Q1_저가,0.0,0.04807052954589085
1265771584,Q2,0.0,-0.010181229116492274
1266131648,Q2,0.0,-0.062390575562857764
1266165056,Q1_저가,0.0,0.0396807174927818
1266371072,Q1_저가,0.0,0.06991714045952274
1266423040,Q3,0.0,-0.09616119264042255
1266426752,Q4_고가,0.0,0.09409818196773528
1266924160,Q4_고가,,0.0018577279683020254
1266974272,Q4_고가,0.0,-0.005424629732947606
1267028096,Q1_저가,0.0,0.04934232763867294
1267239680,Q3,0.0,0.018904307172605245
1267313920,Q2,,0.05320221180188145
1267334336,Q4_고가,0.0,0.025599193254831287
1267516224,Q1_저가,0.0,0.04730958159753296
1267616448,Q3,0.0,0.027124818248608476
1267714816,Q3,,0.026155828144243998
1267759360,Q3,0.0,0.06114155178923508
1267761216,Q3,0.0,-0.0025374939566028543
1268011776,Q1_저가,0.0,0.04645868150847822
1268421952,Q2,0.0,0.013993668420985594
1268627968,Q2,0.0,0.04908500844064195
1268707776,Q1_저가,0.0,0.0266910955665913
1268787584,Q1_저가,0.0,0.02343695138664892
1268928640,Q2,,0.02865619782823353
1269427904,Q4_고가,0.0,0.032561673917037404
1269823232,Q1_저가,0.0,0.015174741830297253
1269919744,Q4_고가,0.0,0.01840899794956785
1270023680,Q2,0.0,0.019388243102162195
1270051520,Q4_고가,0.0,0.002157404671582319
1270541504,Q2,,0.09392192884087791
1270719680,Q2,0.0,0.0016812486498344326
1270866304,Q1_저가,0.0,0.020740355865582025
1270968384,Q1_저가,,0.004618122573241248
1271313600,Q4_고가,0.0,0.13504265224470158
1271515904,Q1_저가,,0.024956652206098162
1271527040,Q1_저가,1.0,-0.05337360231175192
1271816576,Q4_고가,0.0,0.0016163764531827995
1272508864,Q3,,0.016324368480543083
1272532992,Q2,0.0,0.004099732000601861
1272536704,Q2,,0.030113690742146086
1272672192,Q1_저가,1.0,-0.04165687783213312
1272987712,Q3,1.0,-0.01829054583691936
1273115776,Q4_고가,0.0,0.01792633252875578
1273305088,Q1_저가,1.0,0.02210285292908698
1273344064,Q2,,0.025916718816603082
1273462848,Q4_고가,0.0,0.02590401548711148
1273509248,Q1_저가,0.0,0.040073275108781364
1273765376,Q2,0.0,0.026587906725893617
1273850752,Q4_고가,1.0,-0.00838324128599996
1274385280,Q3,0.0,0.01416395775570542
1274544896,Q2,,0.003092549518014187
1274589440,Q1_저가,0.0,0.20005245360285007
1274721216,Q3,0.0,-0.04200331847147781
1274741632,Q1_저가,,-0.011644006641656046
1274799168,Q1_저가,0.0,-0.044797367508908226
1274895680,Q3,0.0,0.017878841587735755
1274910528,Q1_저가,,-0.0459127825350466
1274919808,Q4_고가,0.0,-0.009755346499363687
1274964352,Q3,0.0,0.01322945298670522
1275213056,Q2,1.0,0.014745239496314122
1275305856,Q4_고가,,0.08136460705220283
1275782848,Q2,0.0,0.03438269286746643
1275784704,Q3,0.0,0.025411985013054417
1275842240,Q1_저가,1.0,-0.11385243847796944
1275968448,Q1_저가,,0.030996037533969026
1276207872,Q1_저가,0.0,-0.007392858079424927
1276330368,Q1_저가,0.0,0.025242002655835205
1276532672,Q3,0.0,0.04511461928843364
1276890880,Q3,0.0,-0.0554677998354709
1276924288,Q4_고가,0.0,0.04739307216502664
1277039360,Q3,1.0,0.032721918009216144
1277111744,Q3,,0.028783969061351326
1277163712,Q2,0.0,0.12526792455601848
1277171136,Q1_저가,1.0,0.02650455248338561
1277256512,Q3,1.0,-0.012862148510265348
1277297344,Q1_저가,0.0,0.0344453049262393
1277354880,Q3,0.0,-0.0014060498329337978
1277568320,Q3,1.0,0.04310937899218664
1277674112,Q2,1.0,0.007240691782352315
1277980352,Q3,0.0,0.004667285931495624
1278379392,Q1_저가,1.0,-0.015176103679161251
1278388672,Q2,0.0,-0.10323395139598451
1278418368,Q3,,0.06893004283305737
1278650368,Q3,1.0,0.040464179616910886
1278785856,Q3,1.0,0.060079082115127386
1278904640,Q4_고가,0.0,0.016133263882191745
1278913920,Q4_고가,0.0,0.04162968876287687
1278936192,Q4_고가,0.0,0.0220556067054256
1279040128,Q1_저가,0.0,-0.07807699209877006
1279142208,Q4_고가,0.0,-0.025463829411112193
1279268416,Q2,0.0,0.07739411008038971
1279311104,Q1_저가,0.0,-0.024412542629261236
1279576512,Q4_고가,0.0,0.12971153949140785
1279641472,Q2,1.0,0.008173659525233634
1279695296,Q4_고가,0.0,0.010898148765837765
1279728704,Q3,0.0,-0.01607414718836886
1280201984,Q4_고가,,0.01476705811002578
1280233536,Q2,1.0,-0.019457180038708555
1280359744,Q3,0.0,0.12464044142030917
1280415424,Q2,0.0,0.04846795559716477
1280671552,Q4_고가,0.0,0.010843062968411171
1280931392,Q3,1.0,0.0034863529282158634
1280996352,Q4_고가,0.0,0.03489309274043001
1281180096,Q1_저가,,-0.029630056534682703
1281460352,Q1_저가,0.0,-0.0001285397185849524
1281486336,Q2,1.0,-0.012238351505584166
1281634816,Q2,,0.02721627572004888
1281712768,Q2,1.0,0.05096540815593874
1281931776,Q1_저가,0.0,0.028604198515444434
1281983744,Q2,0.0,-0.015845329622803994
1282067264,Q3,0.0,0.08067117219467734
1282074688,Q1_저가,,0.0007188501023259741
1282141504,Q4_고가,1.0,0.01613806196192591
1282308544,Q1_저가,0.0,0.021638623397893214
1282477440,Q3,0.0,0.0313136046669954
1282494144,Q1_저가,,0.010140788782090918
1282575808,Q1_저가,0.0,0.0020658592695069478
1282748416,Q1_저가,,-0.06295930744890821
1282880192,Q4_고가,0.0,0.016746108559067385
1283039808,Q3,0.0,0.03255713762247259
1283084352,Q3,,0.013410193767735584
1283121472,Q4_고가,0.0,-0.0038471006155554877
1283151168,Q3,0.0,-0.0018544888721325758
1283208704,Q2,1.0,-0.04401846088870645
1283214272,Q2,1.0,0.03527559768000359
1283336768,Q4_고가,,-0.035685420604542384
1283416576,Q1_저가,,-0.05378045918109109
1283591040,Q3,,0.03159032523674188
1283592896,Q3,0.0,0.05103522284093544
1283733952,Q3,0.0,0.030378718582585083
1283945536,Q4_고가,0.0,0.00995433497504905
1283954816,Q2,0.0,-0.011214068324623905
1283980800,Q1_저가,0.0,0.018846427969401724
1283997504,Q3,0.0,0.020598417270513925
1284016064,Q3,0.0,-0.036195814447371744
1284160832,Q3,0.0,0.04899643993454181
1284298176,Q2,1.0,-0.006299558955430523
1284314880,Q3,0.0,-0.00393581512771618
1284376128,Q3,1.0,-0.029299984009103497
1284457792,Q3,1.0,0.022420683719180823
1284571008,Q1_저가,0.0,0.046505902348286214
1284589568,Q4_고가,0.0,0.0023017506205079974
1284591424,Q3,0.0,-0.021835890170364802
1284619264,Q3,1.0,-0.029065933914193598
1284699072,Q1_저가,0.0,-0.019138849236762345
1284743616,Q2,0.0,-0.0419635954906567
1284793728,Q3,1.0,0.07473805893842833
1284847552,Q2,0.0,0.013069576070192768
1285183488,Q4_고가,0.0,0.022037268178864422
1285215040,Q4_고가,0.0,-0.0095014466001202
1285281856,Q3,1.0,-0.027420665588793303
1285545408,Q4_고가,0.0,0.03074399505054548
1285708736,Q2,,0.0032733905145124753
1286276672,Q4_고가,0.0,0.1684951126420115
1286324928,Q3,0.0,-0.07516126350059865
1286373184,Q3,1.0,-0.036212333425249654
1286484544,Q2,0.0,0.04495456154551687
1286488256,Q1_저가,0.0,0.03208378867723523
1286530944,Q3,1.0,0.0593624847675748
1286779648,Q2,0.0,0.02979016661659678
1286798208,Q2,0.0,-0.07367787422990807
1286954112,Q4_고가,0.0,0.02576746994901255
1286957824,Q4_고가,,0.045397838193147785
1287113728,Q2,1.0,-0.0015968845026279044
1287258496,Q1_저가,0.0,0.04707575733511733
1287280768,Q2,0.0,-0.039534891370412606
1287462656,Q4_고가,0.0,0.06289986588668872
1287668672,Q1_저가,0.0,0.046363412398082934
1287826432,Q1_저가,1.0,-0.05488595791226242
1287861696,Q3,1.0,0.008877104129088875
1288251456,Q1_저가,1.0,0.013488870078836701
1288255168,Q2,0.0,-0.02394183360078561
1288303424,Q3,0.0,-0.03185028110820437
1288327552,Q1_저가,0.0,0.04632925887638077
1288398080,Q2,0.0,0.02648695332856299
1289387328,Q4_고가,0.0,0.024507883126693164
1289430016,Q1_저가,,0.001079097457098846
1289439296,Q3,0.0,0.006123080698723249
1289650880,Q2,0.0,0.03435466742025839
1290118592,Q2,1.0,0.01821795721728872
1290267072,Q3,0.0,0.028914504342289774
1290415552,Q1_저가,0.0,0.03261406222281729
1290508352,Q3,0.0,0.05259630084230821
1290675392,Q3,,0.0014893827206466925
1290712512,Q1_저가,0.0,0.026696316624144845
1290857280,Q3,0.0,0.06387089615516456
1290942656,Q1_저가,0.0,-0.1125206083162894
1291139392,Q1_저가,1.0,0.009745664207444937
1291183936,Q1_저가,0.0,0.05434051456692001
1291226624,Q1_저가,0.0,0.04487031460067585
1291466048,Q4_고가,1.0,-0.004587571096431903
1291764864,Q4_고가,0.0,0.17701167801583373
1291959744,Q1_저가,0.0,0.03300516368729091
1292145344,Q2,0.0,0.09571222188178408
1292843200,Q2,0.0,0.019067202463121685
1292921152,Q4_고가,0.0,0.09337288982926445
1292952704,Q1_저가,1.0,-0.054295341056201374
1293407424,Q4_고가,0.0,0.04756534639965149
1293418560,Q2,0.0,-0.004302771909659775
1293695104,Q4_고가,1.0,0.028579833409207223
1293774912,Q2,0.0,-0.046264533716612544
1293787904,Q2,0.0,-0.004725307652027999
1293891840,Q3,0.0,0.030722592759161935
1294396672,Q3,0.0,-0.0035615620214641402
1294444928,Q3,0.0,0.05464317394841489
1294572992,Q3,,0.03324066353307667
1294712192,Q2,,0.01458191958002486
1294797568,Q3,0.0,0.02634790746515081
1294849536,Q3,,-0.045717934904170754
1294981312,Q2,,0.0219647336365401
1295074112,Q2,0.0,-0.037076576029877434
1295274560,Q3,,-0.0076745213143469965
1295584512,Q1_저가,0.0,0.03304643452699265
1295643904,Q3,0.0,0.03158136332127348
1295738560,Q3,0.0,-0.03354132515846164
1296106048,Q2,0.0,-0.025582700682461212
1296115328,Q3,1.0,-0.07805011182214505
1296284224,Q2,1.0,-0.0535682723768498
1296286080,Q3,,0.026550440533081865
1296545920,Q2,,-0.027602390730839088
1296570048,Q2,0.0,0.03841394885971634
1296768640,Q1_저가,1.0,-0.021767453518171387
1296789056,Q1_저가,0.0,0.0407314262495032
1296876288,Q3,0.0,0.025274003984250393
1296887424,Q1_저가,1.0,0.016750505542232563
1296956096,Q3,0.0,0.032969080904192205
1297034048,Q3,0.0,0.0063404804089766675
1297112000,Q1_저가,0.0,0.09971609678287963
1297292032,Q1_저가,1.0,-0.017922932292368188
1297342144,Q2,1.0,0.062077716522824455
1297408960,Q1_저가,,0.0479705991445893
1297414528,Q4_고가,0.0,0.047560232053737356
1297440512,Q1_저가,0.0,-0.08357682123626042
1297850688,Q4_고가,,0.023386536284614512
1298071552,Q2,0.0,0.03786732767854137
1298246016,Q1_저가,0.0,0.031856475165683774
1298249728,Q1_저가,0.0,-0.034569438281841225
1298260864,Q3,0.0,0.03163950036500163
1298288704,Q3,1.0,0.020213428579093806
1298327680,Q1_저가,1.0,0.035121023907278504
1298333248,Q3,0.0,0.01791546795886101
1298353664,Q4_고가,0.0,0.046404134352441284
1298507712,Q1_저가,1.0,-0.024230064656481698
1298873344,Q2,0.0,0.060250084423970784
1298997696,Q2,1.0,-0.011789065951059718
1299380032,Q1_저가,1.0,0.062014594694372996
1299417152,Q1_저가,0.0,0.019827112701111232
1299543360,Q3,0.0,-0.10300397417451213
1300495488,Q2,1.0,0.035407741907762635
1300677376,Q2,0.0,0.04130265577827745
1300894528,Q3,1.0,0.031665787523481814
1300900096,Q2,0.0,0.023121832795312436
1301007744,Q1_저가,1.0,-0.0018671667449786516
1301011456,Q3,0.0,-0.02319297567790224
1301325120,Q2,0.0,0.02792291466376673
1301345536,Q3,0.0,0.0059792907703003495
1301707456,Q2,,0.03874204466644751
1301792832,Q1_저가,0.0,0.04572810312978154
1302011840,Q1_저가,1.0,0.02730209890771182
1302022976,Q1_저가,,-0.026575889847068157
1302078656,Q2,1.0,0.08038833544551477
1302097216,Q1_저가,0.0,-0.00018377024584216584
1302190016,Q1_저가,0.0,0.028888013523246048
1302201152,Q4_고가,,0.08508746947502788
1302243840,Q4_고가,0.0,0.015639042496929823
1302490688,Q2,1.0,0.07950117049476191
1302772800,Q4_고가,0.0,0.05619309485116142
1302897152,Q3,1.0,0.054159114868337355
1303587584,Q1_저가,0.0,0.03445600754264744
1303995904,Q4_고가,,0.14749523174067247
1304274304,Q2,,-0.01684375258687576
1304626944,Q4_고가,0.0,0.020248487504123724
1304645504,Q3,1.0,-0.10709397937707615
1304673344,Q4_고가,1.0,0.029625914341763773
1304734592,Q1_저가,1.0,-0.044572604782716324
1304786560,Q1_저가,0.0,0.012765218091245367
1304886784,Q1_저가,1.0,-0.00999359801857791
1304899776,Q3,0.0,0.027493530599047203
1305178176,Q2,0.0,-0.05852463743642344
1305417600,Q3,,-0.028268150819728277
1305432448,Q2,,-0.010157540685609895
1305439872,Q3,0.0,-0.0011772316889620549
1305530816,Q2,1.0,-0.10396193065146386
1305547520,Q4_고가,0.0,0.041439959965514306
1305753536,Q2,0.0,-0.021255584836894492
1305879744,Q2,0.0,-0.05178474753716317
1306206400,Q3,0.0,0.0179779189864116
1306217536,Q2,0.0,-0.022967232409711408
1306507072,Q1_저가,0.0,0.026046588236155882
1306941376,Q3,1.0,0.0661011390894247
1307362688,Q2,0.0,-0.016098617265766113
1307513024,Q4_고가,,0.009262577228660931
1307678208,Q1_저가,1.0,0.029679600620350133
1307732032,Q2,1.0,0.02638459315778452
1307772864,Q1_저가,1.0,0.014923874366877365
1308064256,Q2,1.0,0.036463073128744
1308181184,Q1_저가,1.0,0.030305168288323858
1308340800,Q4_고가,1.0,0.03827223255342588
1308606208,Q2,0.0,0.015463250073339263
1308656320,Q2,0.0,-0.06834973281652046
1308671168,Q4_고가,0.0,0.013783766700973726
1308801088,Q2,0.0,-0.04645513827441217
1308919872,Q3,1.0,0.02299487998960803
1308979264,Q4_고가,1.0,-0.049214706900822414
1309667840,Q4_고가,,0.025979035126270922
1309962944,Q4_고가,1.0,0.05851990719967792
1310454784,Q4_고가,0.0,0.13869699589871265
1310480768,Q2,0.0,-0.042340377064777446
1310512320,Q1_저가,0.0,0.04018530746855151
1310517888,Q1_저가,0.0,0.005096939776686377
1310636672,Q4_고가,0.0,0.05804703247822926
1310733184,Q2,0.0,-0.00016554862879913923
1310755456,Q1_저가,1.0,0.027868928023353362
1310757312,Q3,0.0,0.019963250424655132
1310764736,Q2,0.0,-0.08625968803180584
1310920640,Q4_고가,0.0,0.09554537599917878
1311243584,Q4_고가,,0.03255121770014456
1311251008,Q1_저가,,-0.00836676902586908
1311477440,Q2,0.0,-0.030363024817505413
1311531264,Q3,0.0,0.008624263341165617
1311624064,Q4_고가,0.0,0.03599466660740275
1311831936,Q2,0.0,-0.11638509613549786
1311896896,Q3,1.0,-0.05540684510253058
1311980416,Q3,0.0,0.04233177870267346
1312114048,Q2,0.0,0.033503206874158004
1312128896,Q4_고가,0.0,0.025459538810111385
1312681984,Q2,0.0,0.03783700864157746
1312739520,Q1_저가,0.0,0.0459791072666767
1312810048,Q4_고가,0.0,-0.020072736025096516
1312975232,Q1_저가,0.0,-0.010112953042550527
1313296320,Q2,0.0,-0.17177030499781903
1313572864,Q1_저가,0.0,-0.0630831228677865
1313678656,Q4_고가,0.0,0.03473944290704596
1313901376,Q1_저가,0.0,0.03115116633905618
1313988608,Q3,0.0,-5.000839892541076e-05
1314183488,Q2,0.0,0.008571314567125565
1314239168,Q3,,0.020659821457298888
1314422912,Q1_저가,,-0.019744962781197
1314439616,Q2,0.0,-0.007016138984333065
1314450752,Q3,,0.029916848226059
1314552832,Q3,0.0,-0.041577296435037714
1314725440,Q1_저가,,0.037973111389751846
1314786688,Q1_저가,0.0,-0.0142529213102347
1314807104,Q1_저가,0.0,0.05888467803275177
1314968576,Q4_고가,1.0,0.026020472928596758
1315122624,Q2,0.0,-0.0014391030469949884
1315191296,Q1_저가,0.0,-0.08062920348550762
1315289664,Q4_고가,0.0,0.0011858648047277098
1315295232,Q1_저가,,0.043541729852215424
1315378752,Q1_저가,0.0,0.009809249943063453
1315512384,Q1_저가,1.0,-0.009427069143411862
1316316032,Q2,0.0,-0.016467725831044194
1316338304,Q1_저가,,0.0497085536601682
1316592576,Q1_저가,1.0,0.013343831157625122
1316681664,Q1_저가,0.0,0.06372203247513325
1316804160,Q3,,0.004788004317257566
1316906240,Q4_고가,,0.013764642902188928
1316921088,Q4_고가,1.0,0.117394376546898
1316934080,Q4_고가,0.0,0.042716160301091155
1316993472,Q4_고가,0.0,0.026375615442652767
1317049152,Q1_저가,0.0,0.03062243853970712
1317199488,Q1_저가,0.0,0.04199990011219633
1317218048,Q1_저가,,-0.003381353365505574
1317390656,Q2,0.0,-0.005732015204962748
1317451904,Q2,1.0,-0.01441667095526522
1317613376,Q3,1.0,0.049228318135686955
1317650496,Q2,,0.08866839400783322
1317765568,Q4_고가,,0.03419384611792323
1318322368,Q4_고가,0.0,0.029534892972463977
1318760384,Q2,,0.012195443638540027
1318905152,Q3,0.0,0.12964198395988874
1319072192,Q2,0.0,-0.055855532522148865
1319267072,Q2,0.0,-0.10126563009175343
1320735168,Q1_저가,0.0,0.0030451773910934177
1320742592,Q1_저가,0.0,-0.011447718345024338
1320827968,Q1_저가,1.0,0.01876421734219641
1320894784,Q1_저가,0.0,0.01781419120800154
1320922624,Q1_저가,1.0,0.07471324018727421
1321195456,Q3,0.0,0.032331947328335935
1321202880,Q2,0.0,0.07502685043865498
1321234432,Q2,0.0,0.051662504029624426
1321343936,Q3,0.0,0.027137540029371472
1321514688,Q4_고가,0.0,0.031174175376556826
1321535104,Q1_저가,0.0,0.03784648034916127
1321601920,Q2,0.0,0.01959600561831734
1321609344,Q4_고가,0.0,-0.0033482573794584303
1321668736,Q4_고가,0.0,0.005137606373214032
1321934144,Q1_저가,0.0,0.04012699399332567
1322034368,Q4_고가,0.0,0.030399556030900277
1322453824,Q4_고가,0.0,0.0009997986987037855
1322841728,Q4_고가,0.0,0.013717669543807598
1322943808,Q4_고가,1.0,0.03205004205709827
1323198080,Q3,,-0.03352857677711174
1323272320,Q2,0.0,-0.04251396672804503
1323322432,Q2,0.0,0.015102549148486744
1323476480,Q3,0.0,0.019543599065502737
1323482048,Q4_고가,0.0,0.041611466482730786
1323656512,Q3,0.0,0.06432564804524021
1323966464,Q3,,0.04115320749166784
1324126080,Q3,,0.038268889853043817
1324272704,Q3,,0.036836318054428524
1324306112,Q1_저가,0.0,0.046134690102549225
1324491712,Q3,0.0,0.0068415329107828216
1324551104,Q3,,0.017508344843884388
1324781248,Q1_저가,0.0,0.0014556961711217342
1325081920,Q2,0.0,0.07464855537682663
1325130176,Q4_고가,0.0,0.01108223773296757
1325362176,Q3,0.0,0.027965085802768463
1325672128,Q3,0.0,0.06006974259422415
1325867008,Q1_저가,0.0,0.0362182278963907
1325956096,Q2,0.0,-0.03365105061361595
1326008064,Q3,0.0,0.013400225351310524
1326195520,Q2,0.0,-0.045443135170650906
1326280896,Q3,0.0,0.053091074773067445
1326609408,Q4_고가,0.0,-0.016138842121691643
1326620544,Q2,0.0,0.005898955206198014
1326915648,Q4_고가,1.0,0.032285848288917465
1327054848,Q4_고가,0.0,0.011323507036596347
1327181056,Q3,,-0.015584776250959553
1327205184,Q4_고가,0.0,-0.028574555500512716
1327548544,Q3,0.0,0.04307690793381222
1327997696,Q4_고가,,0.019470838271786264
1328055232,Q3,1.0,0.025663881620940354
1328109056,Q1_저가,0.0,0.03267249377638194
1328181440,Q3,0.0,0.04032050766551083
1328363328,Q3,0.0,0.0031067958831677567
1328459840,Q3,0.0,0.012869236108831061
1328463552,Q2,,-0.005445610401640266
1328710400,Q1_저가,0.0,0.004224009292169012
1328712256,Q1_저가,,-0.06092823473693615
1328792064,Q1_저가,,0.04097377455754766
1328793920,Q3,0.0,0.048386512380161825
1328806912,Q1_저가,,-0.006378611936424555
1329153984,Q4_고가,0.0,0.03052212927264293
1329309888,Q4_고가,0.0,0.022717053753849206
1330007744,Q2,0.0,-0.031265310843295535
1330204480,Q2,0.0,-0.04228216358848136
1330300992,Q3,0.0,0.018802152974676578
1331329216,Q1_저가,0.0,0.043011791922170715
1331420160,Q2,0.0,0.025868554521786602
1331431296,Q3,1.0,-0.04307151036462187
1331796928,Q3,0.0,0.04946171181442216
1332233088,Q3,0.0,-0.013971675091092983
1332325888,Q4_고가,0.0,0.053490409863938604
1332461376,Q3,0.0,0.01966790044907292
1332815872,Q3,,0.022508755542749004
1332923520,Q1_저가,0.0,-0.09133268791367444
1332936512,Q1_저가,0.0,0.04555319987248174
1333537856,Q3,0.0,0.012741947167577955
1333556416,Q2,1.0,-0.011440098312839986
1333638080,Q4_고가,0.0,0.021196986499538675
1333645504,Q1_저가,0.0,0.037492446055596984
1333719744,Q4_고가,1.0,0.02677468798586778
1333795840,Q3,0.0,-0.0646071951887407
1333988864,Q3,0.0,0.07110292746384261
1334356352,Q2,0.0,-0.06381754249666682
1334443584,Q2,0.0,0.030135263467843204
1334514112,Q2,0.0,-0.008607845633339717
1334746112,Q2,0.0,0.03267934451883809
1334820352,Q4_고가,0.0,0.06344704260754186
1334848192,Q4_고가,0.0,0.00047185297071772325
1334929856,Q1_저가,1.0,0.03531115192293932
1334942848,Q3,1.0,-0.11314741010690016
1334965120,Q2,0.0,0.03457443157438256
1334996672,Q2,0.0,0.048515091452809855
1335005952,Q4_고가,0.0,0.05533112150604705
1335403136,Q3,1.0,0.029259673938886538
1335501504,Q3,,-0.03603231773724358
1335533056,Q3,0.0,0.007916277543934605
1335575744,Q1_저가,,-0.12129355229071948
1335735360,Q3,0.0,0.0036332720832450427
1335759488,Q3,,-0.029090124459251965
1335820736,Q1_저가,0.0,-0.0016832133915017644
1335933952,Q1_저가,,0.005663376265333586
1335980352,Q4_고가,,-0.0011393928911569706
1335998912,Q2,0.0,0.04653539979683016
1336154816,Q1_저가,,-0.05916688207421672
1336479616,Q1_저가,0.0,0.00310182539844317
1336583552,Q3,0.0,0.10616527688225763
1336982592,Q3,,0.04668716597346384
1337110656,Q4_고가,0.0,0.07160648189924346
1337223872,Q1_저가,,-0.006572190285360824
1337437312,Q3,,0.0410505325501783
1337452160,Q3,,0.016069534232251798
1337565376,Q2,0.0,-0.06020014116534522
1337944000,Q4_고가,0.0,-0.012843552826703242
1338372736,Q3,,-0.006005762703534145
1338393152,Q1_저가,0.0,0.04328059282717557
1339011200,Q4_고가,0.0,0.0645192189402361
1340041280,Q1_저가,0.0,0.048842717711641045
1340104384,Q1_저가,0.0,0.0040561314353242395
1340139648,Q2,0.0,-0.00041480239351043835
1340384640,Q2,0.0,0.06002643955426479
1340447744,Q4_고가,0.0,0.01676006009955472
1341455552,Q4_고가,0.0,0.0018159105374538909
1342281472,Q2,1.0,-0.07275536778491559
1342364992,Q3,0.0,-0.04961486633962553
1342476352,Q1_저가,0.0,0.027411979844107898
1342823424,Q2,,-0.05351757954027275
1342893952,Q1_저가,0.0,0.02336352387828633
1342912512,Q4_고가,1.0,0.013818531853100224
1342921792,Q3,1.0,-0.03455262958320482
1342990464,Q1_저가,0.0,0.015222236150138985
1343267008,Q2,0.0,0.011205811078404238
1343359808,Q4_고가,0.0,-0.029052974983650448
1343898048,Q2,0.0,0.03532043972306714
1344035392,Q1_저가,1.0,0.00862420943693451
1344217280,Q3,1.0,0.037681820387153245
1344319360,Q4_고가,0.0,0.02125451627730754
1344350912,Q1_저가,1.0,-0.01996388398733484
1344683136,Q1_저가,0.0,-0.0053795560760268035
1344833472,Q4_고가,0.0,0.01726995549791252
1345033920,Q3,0.0,0.1168533600412065
1345045056,Q3,,0.03343052669041221
1345056192,Q4_고가,,0.06460120262280289
1345089600,Q2,,0.02598432952569299
1345360576,Q2,0.0,0.08592601229668784
1345373568,Q2,0.0,0.027570311854928337
1345375424,Q1_저가,0.0,0.05760568066200966
1345538752,Q2,,0.0157596836379469
1345694656,Q4_고가,0.0,-0.06018370726171668
1345707648,Q3,0.0,0.02229451473456756
1345937792,Q4_고가,,0.05252855746153684
1345952640,Q4_고가,1.0,0.01732597216065128
1346051008,Q4_고가,,0.06942023007505366
1346065856,Q2,0.0,-0.07198324439878778
1346349824,Q1_저가,1.0,0.024858039219490896
1346368384,Q1_저가,0.0,0.05024981801018791
1346472320,Q4_고가,,0.0670164779722211
1346583680,Q2,0.0,0.1240597462557611
1346589248,Q1_저가,0.0,0.024624215066141222
1346600384,Q1_저가,0.0,0.031618122903273906
1346676480,Q1_저가,0.0,0.02847974021829519
1346819392,Q3,,0.08781642504777026
1347108928,Q1_저가,0.0,-0.05172014562244803
1347398464,Q3,0.0,0.06702580314872149
1347530240,Q4_고가,0.0,-0.0016136988563706794
1347621184,Q2,0.0,0.01961120681875314
1348029504,Q1_저가,0.0,0.005895021383487076
1348254080,Q4_고가,0.0,0.05190189401880341
1348267072,Q3,0.0,0.07326462535016542
1348603008,Q1_저가,0.0,0.03657525427001017
1348990912,Q2,0.0,-0.02338594422256665
1349028032,Q3,,0.036914617807707384
1349046592,Q1_저가,0.0,-0.020128447103475666
1349076288,Q2,,-0.0048052547092271025
1349172800,Q4_고가,1.0,-0.004637106835218563
1349222912,Q2,,-0.02007406735955153
1349248896,Q1_저가,0.0,0.03938305818955408
1349356544,Q1_저가,0.0,0.03676200471831249
1349440064,Q4_고가,0.0,0.025240660004562487
1349714752,Q1_저가,0.0,-0.04024846510345492
1349905920,Q2,0.0,0.02178088388863131
1350035840,Q2,0.0,0.015318245670914221
1350072960,Q2,,-0.0468824290662711
1350574080,Q2,,0.03426073663468876
1351038080,Q1_저가,0.0,0.04335461671819922
1351149440,Q1_저가,,0.016028734867629013
1351236672,Q1_저가,,-0.06814709704428912
1351405568,Q4_고가,0.0,0.019780437076155274
1351502080,Q2,,0.04344530415368564
1351565184,Q2,0.0,-0.046014216204039726
1351659840,Q2,0.0,-0.08578320781759463
1351737792,Q1_저가,0.0,0.03299257207782692
1351760064,Q2,0.0,-0.059973455890868055
1351964224,Q1_저가,0.0,-0.044503965093330766
1352038464,Q2,0.0,-0.025130587972528096
1352146112,Q3,0.0,0.025504161010824755
1352173952,Q4_고가,0.0,0.01954271631762783
1352302016,Q3,0.0,-0.00396145480800017
1352383680,Q2,,-0.03987849766989937
1352472768,Q3,,-0.027680020286127954
1352508032,Q1_저가,0.0,-0.014613192782188617
1352532160,Q2,0.0,0.048841049593840585
1352578560,Q4_고가,0.0,-0.005280152346613276
1352600832,Q3,0.0,-0.02974449311507177
1352610112,Q3,0.0,0.0011542438453513992
1352708480,Q2,0.0,0.01906510413057201
1352801280,Q2,0.0,-0.00029087070801520065
1352836544,Q1_저가,0.0,0.009070042336594919
1353087104,Q1_저가,,-0.012108693155399475
1353495424,Q4_고가,1.0,0.013105284514003168
1353525120,Q3,0.0,-0.07996829033630809
1353736704,Q1_저가,0.0,-0.0009683005430284886
1353881472,Q4_고가,0.0,0.02174924888967039
1354109760,Q4_고가,,0.0393844833710533
1354145024,Q4_고가,0.0,0.040655468866520675
1354150592,Q1_저가,,-0.01374286096341415
1354284224,Q3,0.0,0.05786870184596481
1354369600,Q2,0.0,-0.006186660017076351
1354813184,Q4_고가,0.0,0.04110666159437287
1354900416,Q1_저가,0.0,-0.13026905725174387
1354922688,Q1_저가,,0.02526843647862348
1355013632,Q3,0.0,-0.00962685044593145
1355279040,Q4_고가,0.0,0.11772731662763836
1355312448,Q1_저가,0.0,0.012752431488642912
1355342144,Q1_저가,0.0,0.04182152585206025
1355356992,Q3,0.0,0.10351295852845543
1355614976,Q2,0.0,0.05909301936214473
1355659520,Q4_고가,0.0,-0.024008905020629634
1355666944,Q2,0.0,0.03983271455536354
1355952768,Q2,0.0,0.0346016762293804
1356171776,Q2,0.0,0.03401184465386553
1356284992,Q4_고가,0.0,-0.026875132292992987
1356533696,Q2,0.0,0.10170787602459164
1356671040,Q2,,-0.0486020255863594
1356691456,Q4_고가,,0.03666803701100875
1356710016,Q4_고가,0.0,0.04832567098596954
1356806528,Q1_저가,0.0,0.024638347788547774
1356906752,Q2,0.0,0.0032112704152694738
1356973568,Q2,,0.051572537327356616
1357045952,Q4_고가,0.0,0.049991736567108536
1357188864,Q1_저가,0.0,0.030167857244813717
1357200000,Q1_저가,1.0,0.019287757921545245
1357205568,Q1_저가,0.0,-0.003918158697985646
1357513664,Q1_저가,,-0.04486790011741559
1357625024,Q1_저가,0.0,0.032393756643228466
1357643584,Q2,,-0.08784839636264574
1357682560,Q2,0.0,-0.011832378716891773
1357721536,Q4_고가,0.0,0.0467634345430757
1358024064,Q4_고가,,0.029024755255674203
1358057472,Q4_고가,,0.011660384065609652
1358256064,Q1_저가,0.0,0.04926421557179536
1358382272,Q3,0.0,0.03600728323038893
1358514048,Q3,0.0,0.045041537142781474
1358772032,Q2,1.0,-0.0006309259099457065
1359024448,Q2,0.0,-0.010160999145326616
1359278720,Q1_저가,0.0,0.017072316125370843
1359380800,Q4_고가,0.0,0.022699423654794104
1359399360,Q4_고가,0.0,0.018302582280746507
1359445760,Q4_고가,0.0,-0.03583144115129311
1359481024,Q4_고가,0.0,0.14016956913721024
1359512576,Q3,,0.06236058300984604
1359558976,Q1_저가,0.0,0.011270030851223023
1359570112,Q1_저가,0.0,0.050984900576481085
1359635072,Q2,0.0,-0.003889540634774452
1359854080,Q3,0.0,-0.022862220368934205
1359961728,Q4_고가,,0.02759350629304859
1360065664,Q1_저가,,0.03697036009858756
1360149184,Q1_저가,0.0,0.02247969574698082
1360292096,Q4_고가,1.0,0.044112731374752134
1360980672,Q4_고가,,0.0074775375473497
1361244224,Q2,0.0,-0.006945493112611917
1361324032,Q2,,0.037529826347837546
1361582016,Q4_고가,1.0,0.0045558208835767555
1361620992,Q1_저가,0.0,0.04486517108333901
1361875264,Q4_고가,0.0,-0.00604021545159103
1361880832,Q2,0.0,-0.025640305036685296
1361891968,Q2,0.0,0.03955928059842666
1362608384,Q1_저가,,-0.009515058546996996
1362617664,Q2,0.0,0.034658968490702796
1362643648,Q4_고가,1.0,-0.014096025061313577
1363001856,Q2,,0.045336975812845126
1363105792,Q2,,0.0227214291795802
1363244992,Q3,0.0,0.024014313877593674
1363391616,Q4_고가,1.0,-0.03729976994503237
1363824064,Q1_저가,0.0,-0.0022212458774233668
1363842624,Q4_고가,0.0,0.10674761317720194
1364147008,Q1_저가,0.0,0.04729328471268146
1364388288,Q4_고가,,0.050635598995754
1364399424,Q4_고가,1.0,0.09348283744765673
1364412416,Q3,,0.01363202801432048
1364521920,Q2,0.0,0.01491068727726906
1364572032,Q1_저가,0.0,0.035204099153039375
1364685248,Q1_저가,0.0,0.024773328781955484
1364889408,Q1_저가,,-0.04354682744146687
1365652224,Q3,0.0,0.05770859774113479
1366288832,Q2,0.0,0.05447030812413295
1366576512,Q4_고가,0.0,0.04671629947445319
1366934720,Q1_저가,0.0,-0.042400283901365604
1366949568,Q4_고가,0.0,-0.0015164128856730297
1367008960,Q3,,0.014460021297485082
1367315200,Q2,1.0,-0.0296888409677699
1367727232,Q1_저가,0.0,0.0467955528821906
1367755072,Q3,1.0,0.02432030730651802
1367916544,Q1_저가,0.0,0.03127828247050161
1368165248,Q3,0.0,0.08068309210030833
1368326720,Q2,0.0,-0.04560578536942972
1368761024,Q1_저가,0.0,-0.018986282021235423
1368916928,Q3,0.0,0.16615647110613196
1369057984,Q2,0.0,0.025977537287804275
1369095104,Q4_고가,,0.002677723550405686
1369186048,Q2,0.0,0.06823476636328096
1369282560,Q3,,-0.057551115470756475
1369299264,Q4_고가,0.0,0.026360434862873934
1369496000,Q1_저가,0.0,-0.033702676324612074
1369572096,Q2,0.0,0.013508657945918864
1369733568,Q2,,0.03448341339449077
1369976704,Q1_저가,,0.008755627011016981
1370188288,Q4_고가,1.0,0.012781672118851783
1370548352,Q1_저가,0.0,0.033708141546346826
1370782208,Q4_고가,0.0,0.04203040265866759
1370888000,Q1_저가,0.0,-0.09953935134191871
1371056896,Q4_고가,0.0,0.05184622717016148
1371103296,Q4_고가,0.0,0.03446952332907211
1371591424,Q1_저가,,0.0086014428329841
1371893952,Q1_저가,0.0,0.005537565524877955
1372022016,Q2,1.0,0.04193050932484165
1372088832,Q1_저가,,-0.0353610417781306
1372105536,Q4_고가,0.0,0.015426392432772218
1372361664,Q4_고가,0.0,0.04960853309148955
1372471168,Q4_고가,,0.03774731808677401
1372506432,Q4_고가,0.0,0.019386007718369486
1372797824,Q4_고가,,0.05333549729667486
1372814528,Q3,,-0.09301853270311133
1372942592,Q1_저가,0.0,0.04094735957334046
1372957440,Q2,1.0,0.002201420303733978
1373159744,Q3,,0.14482086035052993
1373278528,Q4_고가,0.0,-0.04573189399800037
1373465984,Q3,1.0,0.037208348308151645
1373627456,Q4_고가,0.0,-0.011225046229066504
1373755520,Q2,1.0,-0.026406793248801685
1374264064,Q1_저가,0.0,0.05001983953259298
1374490496,Q3,,0.04390668517917135
1374846848,Q4_고가,0.0,0.050700756234021704
1374921088,Q4_고가,0.0,0.03604481171849529
1375039872,Q2,0.0,0.03137921199989524
1375062144,Q3,0.0,0.05172813600444742
1375128960,Q4_고가,,0.04183553559116596
1375229184,Q1_저가,0.0,0.035258358920845216
1375641216,Q1_저가,0.0,0.016823409726713368
1375880640,Q1_저가,,0.04146519564863898
1375923328,Q4_고가,0.0,0.043486992346823294
1376014272,Q4_고가,,9.16259929388541e-06
1376236992,Q1_저가,0.0,0.03298175829710342
1376478272,Q2,0.0,0.035358606098249104
1376506112,Q3,0.0,0.0797046001814159
1376771520,Q1_저가,0.0,0.030446315257481704
1376819776,Q1_저가,0.0,-0.03400713759997942
1376843904,Q1_저가,0.0,-0.0312151333220263
1376851328,Q4_고가,0.0,0.05515377379164299
1376873600,Q3,0.0,-0.023580555867742548
1377170560,Q3,0.0,-0.0168186361054726
1377250368,Q2,0.0,0.014316403269774569
1377558464,Q4_고가,,0.03330279583365876
1377610432,Q4_고가,0.0,0.013073198342047565
1377896256,Q4_고가,,0.02423439300257607
1377976064,Q3,0.0,0.019486707512504642
1378076288,Q2,0.0,-0.0733889974717633
1378206208,Q1_저가,0.0,0.03192853649568586
1378445632,Q1_저가,,0.008649929382230692
1378510592,Q4_고가,0.0,0.04287479521242865
1378592256,Q1_저가,1.0,0.014817208832468287
1378766720,Q4_고가,0.0,0.021656720850614944
1378978304,Q1_저가,1.0,-0.08635095743744514
1379232576,Q2,0.0,0.020986688919736873
1379609344,Q3,1.0,0.06996962809758867
1379624192,Q3,0.0,0.03297512585479323
1379635328,Q4_고가,0.0,0.018340441232204796
1379858048,Q1_저가,0.0,0.029864910892729954
1379956416,Q2,0.0,-0.014230008091249469
1380158720,Q2,,0.017421918227200184
1380598592,Q4_고가,0.0,0.02499380162983353
1380797184,Q3,,0.1380823890356676
1380841728,Q2,0.0,-0.009028157379453589
1380875136,Q2,1.0,0.004224553078310711
1381285312,Q4_고가,0.0,0.04786534325370405
1381402240,Q2,0.0,0.00950719759434504
1381482048,Q4_고가,0.0,0.013030621080937804
1381535872,Q3,0.0,0.1725994677952601
1381762304,Q2,0.0,0.01755190216276281
1381925632,Q3,0.0,0.01318749133087986
1381964608,Q1_저가,0.0,0.034794910229168356
1382061120,Q1_저가,0.0,0.03117949154240944
1382263424,Q3,1.0,0.012251883778945427
1382408192,Q4_고가,0.0,0.05624363401151211
1382525120,Q3,0.0,0.04225909782412873
1382582656,Q4_고가,0.0,0.021001810934133003
1382738560,Q3,,0.026873788550777267
1382749696,Q2,0.0,-0.01259258720382439
1382877760,Q1_저가,1.0,-0.004547300238993329
1382920448,Q4_고가,0.0,0.014003558105400896
1383109760,Q1_저가,,0.021149746347487036
1383280512,Q2,0.0,-0.00020671262418447967
1383297216,Q2,0.0,-0.03937442601968255
1383373312,Q1_저가,0.0,-0.1215639619560992
1383484672,Q2,0.0,0.018046185935415446
1383497664,Q1_저가,0.0,0.016087524815918144
1383562624,Q4_고가,1.0,0.0861155902599341
1383675840,Q2,,0.07202483636862866
1383796480,Q2,,-0.019940609161916645
1383967232,Q1_저가,0.0,0.003189314944575722
1383985792,Q3,,0.03674134978316452
1384217792,Q1_저가,,-0.049203176615432054
1384381120,Q4_고가,0.0,0.07862783137092988
1385030720,Q4_고가,0.0,0.019056406087086808
1385062272,Q1_저가,0.0,-0.10451380510741493
1385205184,Q1_저가,0.0,0.0020882130929421594
1385409344,Q3,0.0,0.0777319486611473
1385470592,Q2,0.0,0.048982355143625964
1385526272,Q1_저가,0.0,0.03601636892978003
1385531840,Q4_고가,,-0.02075010455674292
1385995840,Q2,1.0,0.04211505848596764
1386092352,Q3,0.0,-0.05624902854514968
1386109056,Q3,0.0,0.012817207949141984
1386181440,Q1_저가,1.0,-0.04015509151745855
1386183296,Q4_고가,0.0,0.017270875498595073
1386268672,Q4_고가,1.0,0.0355914826026361
1386448704,Q1_저가,0.0,0.007141798394007234
1386521088,Q4_고가,1.0,0.012032668297979499
1386634304,Q2,0.0,-0.0260987389357403
1386812480,Q3,0.0,0.03144027919435989
1386836608,Q3,0.0,0.02475400466220766
1386986944,Q3,,0.06147798933764104
1387046336,Q2,0.0,-0.04108173522128655
1387137280,Q3,0.0,0.05193100994772765
1387187392,Q3,,-0.0887173001861723
1387358144,Q1_저가,0.0,0.024766159650424335
1387382272,Q4_고가,0.0,0.011868436116538872
1387571584,Q4_고가,0.0,0.014526418819409026
1387643968,Q3,0.0,0.1524184554717251
1388030016,Q1_저가,,0.016561166754495565
1388124672,Q3,1.0,0.04170171466897737
1388135808,Q2,0.0,0.022007360675650844
1388206336,Q4_고가,0.0,0.015105888491212804
1388250880,Q2,0.0,0.017889787557340636
1388312128,Q2,0.0,0.04182526803519815
1388390080,Q4_고가,0.0,0.03795404522535374
1388401216,Q1_저가,0.0,-0.03235177032150993
1388494016,Q1_저가,,0.03391889808999908
1388562688,Q2,0.0,0.0007583568198038515
1388744576,Q2,0.0,0.0025186427452098953
1388854080,Q2,0.0,0.01940613693678976
1388880064,Q1_저가,0.0,-0.04769590851889896
1389013696,Q2,0.0,0.027978834990656315
1389713408,Q3,0.0,0.036995203473140115
1389832192,Q2,0.0,0.002650487249892086
1389847040,Q3,0.0,-0.04141059217951942
1390082752,Q2,,0.003911760100357653
1390164416,Q4_고가,1.0,-0.05850742586756852
1390195968,Q1_저가,1.0,-0.007260707162828561
1390260928,Q2,,-0.06918941049121907
1390338880,Q1_저가,0.0,-0.01787368929434005
1390554176,Q1_저가,,-0.09367266205664704
1390723072,Q3,0.0,-0.013269668396428985
1390739776,Q4_고가,,0.08903439945248304
1390851136,Q4_고가,0.0,-0.0018881347270710558
1390884544,Q4_고가,0.0,0.011947523885980499
1390938368,Q4_고가,0.0,0.042741610364843696
1390986624,Q2,1.0,-0.00011517944050054574
1391033024,Q3,0.0,0.007039640734598174
1391040448,Q3,0.0,0.026016897730643085
1391075712,Q1_저가,0.0,0.13744145783749512
1391207488,Q4_고가,1.0,0.018380159917373518
1391639936,Q2,0.0,0.0266518372700211
1391697472,Q4_고가,1.0,0.02175719880342819
1391768000,Q1_저가,0.0,0.046437450036418
1391925760,Q4_고가,0.0,0.03127893451847372
1391964736,Q1_저가,0.0,0.02302013651454038
1392046400,Q2,1.0,0.05487820192520118
1393345600,Q2,,1.5327309734053385e-05
1393586880,Q4_고가,,-0.034428611508139695
1394771008,Q3,1.0,-0.009371091516686358
1394785856,Q3,0.0,0.014289420243191797
1394837824,Q4_고가,0.0,-0.027201938208356646
1395060544,Q1_저가,0.0,0.01620292497528064
1395487424,Q4_고가,0.0,0.001979616049317817
1395723136,Q3,1.0,0.030541649093621975
1396012672,Q2,,0.014813915752585727
1396192704,Q2,,0.02379426328896872
1396200128,Q1_저가,0.0,0.04203606393595613
1396502656,Q2,,0.03499858446358208
1396508224,Q4_고가,0.0,-0.012132482822733381
1396708672,Q2,,-0.001117358256081391
1396929536,Q4_고가,0.0,-0.02074702935487427
1397202368,Q1_저가,0.0,0.025383771668224364
1397284032,Q4_고가,0.0,0.01919917106788714
1397787008,Q1_저가,0.0,0.02981331071781071
1397900224,Q4_고가,1.0,-0.0609093413769044
1397991168,Q1_저가,0.0,0.021754862997965307
1398171200,Q3,0.0,0.023634211908163394
1398195328,Q1_저가,0.0,0.04280089666010116
1398225024,Q2,0.0,0.026752312355244265
1398299264,Q3,0.0,0.0607708174866437
1398312256,Q2,0.0,-0.0007368449440572356
1398386496,Q2,0.0,0.03517815237347234
1399576192,Q4_고가,0.0,0.11000411432956642
1401294848,Q4_고가,0.0,0.009121468890492312
1402586624,Q2,0.0,0.00285659535466741
1402610752,Q1_저가,,0.022091324832792275
1402790784,Q4_고가,,0.028963282575310993
1402814912,Q2,1.0,0.00307046231565819
1403158272,Q1_저가,,-0.02757171482585838
1403702080,Q3,0.0,0.0416953110454871
1405433728,Q4_고가,,0.0017190868738756748
1405597056,Q4_고가,,0.028649635362766518
1406150144,Q4_고가,1.0,0.013239786683432148
1407287872,Q1_저가,0.0,0.016997269455084854
1407625664,Q2,0.0,0.11216873926727888
1408160192,Q1_저가,,-0.07734638728910792
1408395904,Q2,0.0,0.010105604609435576
1408598208,Q2,0.0,0.025431423568864964
1409006528,Q2,1.0,0.012262343328243275
1409535488,Q2,0.0,-0.02407659209227836
1410096000,Q2,,-0.017772310320777612
1411181760,Q4_고가,0.0,0.06751389952449349
1411922304,Q1_저가,1.0,-0.021953098197124432
1412980224,Q2,0.0,0.029974903157147473
1413518464,Q2,0.0,0.07262996806868655
1414457600,Q2,1.0,0.022438809851499375
1414760128,Q3,0.0,-0.005569019657686053
1415142464,Q2,0.0,-0.015489129167418958
1415485824,Q1_저가,0.0,0.0365919447909905
1416081600,Q2,0.0,0.05345049339032626
1416410112,Q2,,0.016789405330290413
1416573440,Q4_고가,,-0.01295078314318987
1417043008,Q1_저가,0.0,0.03126927931127885
1417449472,Q3,,0.00821028710959995
1418969536,Q2,,-0.010757629628736165
1419671104,Q2,0.0,0.0007771400555036806
1420123968,Q1_저가,,0.0007893619926315765
1421731264,Q2,,0.020378501511852345
1422985920,Q1_저가,0.0,-0.021008673812978773
1425465536,Q3,0.0,0.0671244950546247
1426382400,Q2,0.0,0.020947968853436305
1427254720,Q2,,-0.003783448940856249
1427544256,Q4_고가,,0.17445567953984575
1428468544,Q2,0.0,-0.04375226326202475
1429253632,Q3,0.0,0.06045620938621954
1430252160,Q2,0.0,0.014350589656661361
1431959680,Q2,,0.0491200628339169
1433308992,Q4_고가,0.0,-0.0004028947472409228
1433466752,Q1_저가,,0.0288814576052083
1433594816,Q3,1.0,0.038694942877950916
1433635648,Q2,0.0,0.03525408928579277
1433695040,Q2,,-0.04059257327341498
1433704320,Q2,0.0,0.05884552498163209
1433849088,Q2,,0.02797780258381216
1434133056,Q1_저가,1.0,-0.03716619534484189
1434198016,Q2,0.0,-0.04699073319263947
1434231424,Q2,1.0,0.015803713325446056
1434339072,Q3,0.0,-0.0009489384271874068
1434444864,Q2,0.0,-0.08275381357080008
1434481984,Q1_저가,0.0,0.047536627389141564
1434522816,Q2,0.0,-0.011190410157637637
1434580352,Q3,0.0,-0.06532326601310179
1434927424,Q1_저가,,0.013441793147056735
1434932992,Q1_저가,,0.03633370685002425
1435387712,Q4_고가,0.0,0.05275448384492776
1435716224,Q2,,-0.023643448495275887
1435862848,Q1_저가,,0.04349051381502522
1436315712,Q1_저가,,0.028624642434382244
1436827968,Q2,0.0,-0.015331354492808591
1437165760,Q2,1.0,-0.011739577804231682
1437175040,Q2,0.0,-0.05115839710273842
1437343936,Q4_고가,0.0,0.05014213317916183
1438103040,Q3,0.0,-0.004990103821149727
1438288640,Q1_저가,0.0,-0.016634009501230562
1438451968,Q4_고가,0.0,-0.0026987269514899825
1438453824,Q3,,0.0441800138537401
1438455680,Q4_고가,0.0,-0.03650139787650253
1438726656,Q2,0.0,-0.03771837827566307
1438882560,Q1_저가,0.0,0.024705633183964168
1438930816,Q3,,0.03456336178063607
1439212928,Q1_저가,1.0,-0.04228310955937156
1439328000,Q3,0.0,-0.04338348775381071
1439439360,Q2,0.0,-0.010487613358486775
1439519168,Q1_저가,0.0,-0.08179044263226243
1439528448,Q4_고가,0.0,0.05853471155388201
1439721472,Q4_고가,0.0,0.07544378127883306
1439727040,Q4_고가,0.0,0.0038232240286122376
1439864384,Q2,0.0,-0.013569560445717443
1440025856,Q1_저가,0.0,0.01513648360539488
1440204032,Q3,1.0,0.050061936979390945
1440235584,Q3,0.0,0.050285975850033186
1440239296,Q4_고가,,-0.03915818391241066
1440272704,Q3,0.0,0.17245373954852594
1440545536,Q1_저가,0.0,8.74437497991043e-05
1440577088,Q3,,-0.025292883148663847
1440601216,Q4_고가,,0.06663749886798598
1440625344,Q3,0.0,0.0030342045940902063
1441269376,Q2,,0.013552755201391709
1441291648,Q1_저가,0.0,0.005472536899370439
1441347328,Q1_저가,,0.040453599226894066
1441646144,Q1_저가,1.0,-0.08726091025428212
1441664704,Q1_저가,,0.004995591176377906
1442009920,Q3,0.0,-0.027586552964157462
1442013632,Q1_저가,0.0,-0.024843108710818074
1442052608,Q4_고가,1.0,0.035172056413714695
1442182528,Q1_저가,0.0,0.004450284963974455
1442407104,Q3,1.0,-0.03198945641482798
1442581568,Q1_저가,0.0,-0.010321573046728705
1442624256,Q3,0.0,0.0418902735782303
1442678080,Q1_저가,,-0.0013450569299732207
1442741184,Q3,0.0,-0.08705947250516782
1442756032,Q1_저가,,0.024861166310525887
1442887808,Q1_저가,0.0,0.01985663679793885
1442978752,Q2,,0.07635327360111496
1443286848,Q1_저가,1.0,0.029158613702279457
1443515136,Q2,1.0,0.04468344344198946
1443535552,Q2,,0.011611347735585476
1443812096,Q1_저가,,0.07065863501047431
1443888192,Q3,1.0,0.01585899495522758
1443921600,Q1_저가,0.0,0.018217001583023362
1444036672,Q4_고가,0.0,0.0010954240102038493
1444079360,Q2,,0.040743446749538226
1444502528,Q2,1.0,-0.10196440605646373
1444534080,Q1_저가,1.0,0.058415162828752816
1444597184,Q3,1.0,0.06764448329753459
1444808768,Q2,0.0,0.04016510924546658
1444832896,Q2,0.0,-0.012119087014712454
1444890432,Q3,,0.029847643975013417
1444912704,Q3,0.0,0.11977939347950484
1444959104,Q1_저가,1.0,0.0362758462891863
1445274624,Q1_저가,1.0,0.014341959979111057
1445521472,Q2,1.0,-0.00017084470906814087
1445842560,Q4_고가,0.0,0.18419100148131184
1445952064,Q3,1.0,-0.0006946439170637808
1446061568,Q3,,-0.03796162977366563
1446198912,Q1_저가,0.0,-0.016286739242648507
1446733440,Q3,0.0,0.010462600514226206
1446855936,Q4_고가,1.0,-0.0044044923244561385
1446982144,Q3,,0.005376841993118386
1447086080,Q2,0.0,-0.005706263941154255
1447305088,Q4_고가,0.0,0.02578511156600259
1447314368,Q1_저가,,0.03686866633158878
1447334784,Q1_저가,0.0,-0.006742680137377222
1447390464,Q3,0.0,-0.10754345977734026
1447420160,Q1_저가,0.0,-0.059287953878424116
1447568640,Q4_고가,,0.1452117364728961
1447670720,Q1_저가,0.0,0.04871116834221399
1447995520,Q2,0.0,0.05307567444127781
1448132864,Q2,0.0,-0.0798735457366686
1448225664,Q4_고가,0.0,0.17552743686691685
1448346304,Q1_저가,1.0,0.01209690241608391
1448582016,Q3,,-0.0011777434182990432
1448758336,Q1_저가,,-0.0327891032508516
1448762048,Q2,1.0,-0.008439964440808967
1448834432,Q1_저가,0.0,-0.05451893354687082
1448882688,Q3,0.0,0.025659182290882793
1448964352,Q4_고가,1.0,0.011985091094044248
1449027456,Q2,,0.036337099617664737
1449159232,Q4_고가,0.0,0.05549853035518906
1449313280,Q3,0.0,0.09072007644205776
1449326272,Q1_저가,,0.04161050187624903
1449686336,Q1_저가,0.0,-0.03207139475498755
1449693760,Q3,0.0,-0.004826973342316382
1449792128,Q1_저가,,0.03562756815351588
1449831104,Q1_저가,0.0,-0.1369615979543054
1449838528,Q4_고가,,0.004415495201658154
1450293248,Q4_고가,0.0,0.046573071847976766
1450354496,Q4_고가,0.0,0.039424346833507665
1450502976,Q1_저가,0.0,0.034865406020532654
1450541952,Q3,,-0.09189308387256534
1450592064,Q4_고가,0.0,-4.2082877643179195e-05
1450933568,Q3,,-0.003272686734378305
1451052352,Q2,0.0,-0.05987949862523495
1451083904,Q2,0.0,-0.07611281380921081
1451258368,Q4_고가,0.0,0.02656123385155021
1451401280,Q4_고가,0.0,0.14020185506116134
1451718656,Q3,1.0,-0.006109894485301748
1451778048,Q3,0.0,0.023951777614471204
1451794752,Q2,0.0,-0.007320008004946199
1452032320,Q4_고가,0.0,0.033964421661412926
1452266176,Q2,0.0,0.012189447266808845
1452282880,Q1_저가,0.0,-0.021486595725116908
1452286592,Q4_고가,0.0,0.05405362158303284
1452332992,Q2,0.0,0.0005757101493335526
1452336704,Q1_저가,0.0,-0.04067169092997219
1452709760,Q3,0.0,-0.0015852636056951086
1452878656,Q2,0.0,-0.008627198404675573
1453082816,Q4_고가,0.0,0.043307473452874334
1453088384,Q4_고가,0.0,0.01324343869896405
1453092096,Q2,0.0,0.04814238864150111
1453366784,Q1_저가,1.0,0.07300573557398538
1453520832,Q2,0.0,0.1606700587826001
1453775104,Q3,0.0,0.02828274858958227
1453838208,Q3,0.0,0.03702348334757943
1453845632,Q1_저가,,0.021195044856492803
1453999680,Q1_저가,0.0,0.041052445029232165
1454018240,Q3,,0.03362721880429387
1454021952,Q2,0.0,-0.06877350474162602
1454040512,Q2,0.0,0.020891770909904003
1454053504,Q3,0.0,0.06158171140135721
1454068352,Q4_고가,,0.035180281796384216
1454105472,Q4_고가,,0.02361284681572548
1454118464,Q1_저가,0.0,0.02688695356559416
1454285504,Q1_저가,,0.03950324867055638
1454565760,Q3,0.0,0.03659752715956039
1454864576,Q2,0.0,-0.0167023699905382
1454988928,Q4_고가,0.0,0.04347769385848918
1454990784,Q4_고가,1.0,0.006268549865242917
1455053888,Q2,0.0,0.0162981666430303
1455491904,Q3,1.0,0.021720977168619426
1455796288,Q1_저가,,0.02291460712325266
1455805568,Q2,1.0,-0.006385054696467718
1456026432,Q4_고가,0.0,0.05570705378802973
1456063552,Q4_고가,0.0,0.04138497838858557
1456070976,Q3,0.0,-0.007241908092121219
1456282560,Q1_저가,,0.02881063875993345
1456397632,Q4_고가,0.0,0.037165737492918974
1456674176,Q4_고가,0.0,0.023394556793084276
1456813376,Q2,0.0,-0.0009534619437190084
1456948864,Q3,0.0,0.13705584207153132
1456960000,Q4_고가,0.0,0.018841520421810642
1456974848,Q1_저가,0.0,0.037006060045488905
1456997120,Q1_저가,1.0,0.02822900619869749
1457236544,Q3,,0.032098253764966556
1457440704,Q3,0.0,-0.01778434329642853
1457925120,Q1_저가,0.0,-0.19250877790204635
1457932544,Q1_저가,0.0,0.05733348901733594
1457999360,Q3,1.0,0.0323927316990128
1458209088,Q1_저가,0.0,0.023676205439334852
1458210944,Q4_고가,1.0,-0.018543361975321943
1458235072,Q3,0.0,0.01496420749958488
1458478208,Q2,0.0,0.061231843437987946
1458543168,Q1_저가,,-0.02075224620155547
1458548736,Q1_저가,0.0,-0.009478549109806444
1458554304,Q3,,0.03557923552257061
1458558016,Q2,1.0,0.018879680396237206
1458673088,Q3,0.0,0.043941930145781544
1458687936,Q3,,0.14369851344352647
1458788160,Q4_고가,0.0,0.0038119771363854804
1459120384,Q3,,0.07071906112688625
1459322688,Q2,,0.03385908657788095
1459471168,Q2,0.0,0.0310396975560137
1459541696,Q1_저가,0.0,-0.019080539257857687
1460007552,Q3,0.0,-0.047584413136594894
1460182016,Q3,0.0,0.06454950632333009
1460209856,Q2,,-0.04524530074876165
1460332352,Q3,,0.047223160247378534
1460831616,Q4_고가,,0.03273285211820909
1460996800,Q3,1.0,0.06799266693031075
1461065472,Q4_고가,0.0,-0.0038507675054136326
1461113728,Q3,0.0,-0.028517519488929416
1461117440,Q4_고가,0.0,0.05685986917942443
1461186112,Q4_고가,0.0,-0.024259207500675367
1461575872,Q3,0.0,0.017450713251508376
1461614848,Q4_고가,,-0.007354194615608933
1461781888,Q4_고가,0.0,0.026224442002778736
1461839424,Q3,,0.011432735636603741
1462034304,Q3,0.0,0.03471031571597383
1462960448,Q2,0.0,0.019072808387663162
1462986432,Q3,1.0,0.00680384083911563
1463546944,Q2,0.0,0.0003998799581582668
1463700992,Q2,1.0,0.07741426373989055
1463708416,Q1_저가,0.0,0.03243585212301562
1463738112,Q4_고가,0.0,0.010332399309451734
1463838336,Q2,0.0,0.033720135287515884
1463868032,Q1_저가,0.0,0.041083276283999146
1464172416,Q2,0.0,0.02099505730671379
1464218816,Q2,,0.025184054955068702
1464454528,Q1_저가,0.0,0.03715561582846751
1464487936,Q3,0.0,0.028657893031668963
1464571456,Q3,1.0,-0.007948860384566103
1464601152,Q2,0.0,0.07338593389037451
1464738496,Q4_고가,0.0,-0.005623711027008038
1464777472,Q3,1.0,0.0393059493619225
1464786752,Q4_고가,0.0,-0.03604383157884761
1464810880,Q2,0.0,0.015376234632404673
1465061440,Q1_저가,,0.01591390048478389
1465260032,Q2,0.0,0.036176203013968344
1465512448,Q2,0.0,-0.024390104971099502
1465761152,Q2,,0.01787472759432382
1465798272,Q2,0.0,0.00511126804999798
1466037696,Q1_저가,0.0,-0.07549871400675384
1466403328,Q3,,-0.003683775852514115
1466429312,Q3,1.0,0.006314276442302202
1466819072,Q2,0.0,-0.0020899897527250078
1466830208,Q2,0.0,0.014432828706807899
1466906304,Q1_저가,0.0,-0.03224068233711208
1466973120,Q3,0.0,0.0020879850273963774
1467025088,Q1_저가,1.0,-0.020100986349634087
1467294208,Q4_고가,0.0,0.08048250438503782
1467550336,Q4_고가,1.0,0.05344175953169804
1468003200,Q4_고가,0.0,0.18966813004398808
1468157248,Q3,0.0,0.02373974411687796
1468346560,Q2,0.0,-0.02359893866191795
1468569280,Q4_고가,0.0,0.00247913190204771
1468988736,Q1_저가,1.0,-0.07494117846189419
1469007296,Q4_고가,1.0,0.06632110854732487
1469046272,Q2,,0.018013931414331164
1469256000,Q2,0.0,0.011589832050561966
1469359936,Q4_고가,0.0,-0.025944035753316635
1469419328,Q2,0.0,-0.006296436375831327
1469467584,Q4_고가,0.0,0.06774448403421807
1469577088,Q2,,0.003769695787640026
1469738560,Q3,1.0,0.0060186148367566
1469825792,Q3,0.0,-0.0916112676776148
1469926016,Q4_고가,0.0,0.031153333773921654
1470039232,Q1_저가,0.0,0.01331215327851637
1470681408,Q1_저가,0.0,0.018330367354614185
1470785344,Q1_저가,0.0,0.026484414796403552
1471123136,Q2,,-0.020276962697001355
1471143552,Q2,0.0,-0.007228362953762113
1471297600,Q3,,0.04754961960196659
1471440512,Q1_저가,0.0,0.04067547084881842
1471694784,Q3,1.0,0.02411905494675383
1471704064,Q2,0.0,0.11992463178612356
1471852544,Q1_저가,0.0,0.06627182173275503
1472104960,Q4_고가,1.0,0.10369003603243221
1472355520,Q2,0.0,-0.027394119149465213
1473248256,Q3,0.0,-0.008137630729312506
1473472832,Q4_고가,0.0,0.01497255644048573
1473569344,Q3,0.0,0.062234861002860464
1473651008,Q2,0.0,0.059228741402420515
1474014784,Q3,0.0,-0.006491335940719156
1474051904,Q2,0.0,-0.011201933005622083
1474224512,Q2,,-0.012578987696111543
1474283904,Q4_고가,,0.01741830918541537
1474345152,Q4_고가,1.0,0.026359266164063505
1474497344,Q2,,0.03313214734748929
1474541888,Q2,0.0,-0.07099049481752856
1474560448,Q2,,0.022291201913174297
1474734912,Q3,,-0.01925776781487415
1474870400,Q4_고가,0.0,0.006146191126337824
1474937216,Q1_저가,1.0,0.05308415551316977
1474985472,Q2,0.0,0.05065952084123182
1475141376,Q2,,-0.007195531041683384
1475193344,Q1_저가,0.0,0.03282102748189028
1475239744,Q3,0.0,0.08426414723212397
1475672192,Q1_저가,,0.04916620966265052
1475700032,Q1_저가,0.0,0.04491317794228365
1475835520,Q2,1.0,-0.0008571970002249074
1476030400,Q2,1.0,0.05186072186773183
1476112064,Q3,0.0,0.00951543503837915
1476143616,Q3,0.0,0.16317440133832584
1476375616,Q2,0.0,0.03890564438027029
1476648448,Q3,,0.0812592353762448
1476694848,Q4_고가,0.0,0.0387313185404206
1476770944,Q3,0.0,-0.022825385532539766
1476960256,Q1_저가,0.0,0.038176074572449925
1477021504,Q1_저가,0.0,0.020971156397872504
1477648832,Q4_고가,1.0,0.01693169322924945
1477656256,Q3,0.0,0.05562437713304411
1477776896,Q2,0.0,0.03959955149474581
1478268736,Q4_고가,1.0,0.04520435875754403
1478313280,Q2,,-0.0036217679026923078
1478348544,Q3,1.0,0.026750567918699897
1478489600,Q3,0.0,0.018743509277594717
1478552704,Q2,0.0,-0.007725663841493757
1478608384,Q2,1.0,0.05472007546016866
1478656640,Q2,0.0,0.009494700666688949
1478812544,Q3,0.0,0.10478985779401667
1478962880,Q2,1.0,0.030544052658343437
1479133632,Q4_고가,0.0,-0.006431261879188133
1479170752,Q3,1.0,-0.028464040430817295
1479250560,Q3,0.0,0.04848639503964361
1479387904,Q2,1.0,0.02635519621718791
1479527104,Q2,0.0,-0.031848992693926576
1479566080,Q4_고가,0.0,0.01387387898991782
1479623616,Q3,1.0,-0.028793044440446836
1479749824,Q4_고가,1.0,0.12535845765937237
1479915008,Q3,,-0.06517463769220622
1480061632,Q4_고가,,0.08402606075221022
1480115456,Q2,0.0,-0.02149608746049203
1480143296,Q1_저가,1.0,0.013193870701749752
1480276928,Q4_고가,0.0,-0.045178362220735735
1480469952,Q4_고가,0.0,0.08537443760818375
1480872704,Q4_고가,0.0,0.05105774139608932
1481052736,Q1_저가,0.0,0.030870379179302035
1481100992,Q2,0.0,-0.09649418274537502
1481138112,Q2,0.0,0.031888872706985816
1481191936,Q3,0.0,0.08087992492732998
1481540864,Q3,0.0,-0.00424373016603713
1481707904,Q2,,-0.022655839050291726
1481711616,Q1_저가,1.0,-0.06196813279422325
1481726464,Q4_고가,,0.012759698968506553
1481798848,Q1_저가,1.0,0.023878786094007926
1481952896,Q4_고가,0.0,0.030461935840037438
1482140352,Q3,0.0,-0.010030407358209786
1482229440,Q1_저가,1.0,0.017696241541702573
1482314816,Q4_고가,0.0,0.04087657529773403
1482606208,Q1_저가,1.0,-0.01665913242050887
1482706432,Q4_고가,,0.05249644595626202
1483090624,Q1_저가,0.0,-0.016439627281943203
1483137024,Q3,,0.05256792363567375
1483300352,Q1_저가,0.0,0.026064330280961376
1483370880,Q4_고가,0.0,-0.04585534445789108
1483387584,Q4_고가,1.0,0.026030777538996616
1483517504,Q3,,0.03435709860296862
1483717952,Q3,0.0,0.002387742896732714
1483966656,Q2,1.0,-0.007405868843387564
1484211648,Q1_저가,0.0,0.05314771918558649
1484354560,Q4_고가,0.0,0.004285537193327665
1484510464,Q1_저가,0.0,0.0015316748664450375
1484710912,Q2,0.0,0.027907010315848524
1484838976,Q3,1.0,0.1318492738000232
1484985600,Q2,0.0,0.03398910369878538
1485113664,Q2,1.0,0.03351053514941575
1485182336,Q3,0.0,0.0045114396611334595
1485199040,Q3,,-0.039524385816052804
1485356800,Q1_저가,1.0,0.0025641871852255527
1485419904,Q4_고가,0.0,-0.038738166925998185
1485494144,Q1_저가,0.0,0.037392444376947664
1485629632,Q2,0.0,0.033822514583393914
1486030528,Q2,,-0.033225691381210815
1486069504,Q2,0.0,0.015213240678645323
1486099200,Q4_고가,0.0,0.04727061967708543
1486600320,Q2,,0.036405670986544125
1486604032,Q4_고가,1.0,0.02431164974263486
1486717248,Q3,0.0,-0.0358011047275589
1486746944,Q4_고가,1.0,0.01082651224413178
1486772928,Q1_저가,1.0,0.02838525665174077
1486984512,Q4_고가,1.0,0.06131337721505052
1487056896,Q4_고가,,0.04034935862971224
1487118144,Q1_저가,,-0.015276843054469524
1487296320,Q4_고가,,0.0035284885936679444
1487309312,Q3,0.0,0.0018160444631872968
1487687936,Q4_고가,,0.022437648302785385
1487795584,Q4_고가,0.0,0.030719266882039187
1487799296,Q3,0.0,-0.10686023500025627
1487810432,Q1_저가,1.0,0.11616024036403994
1487847552,Q2,0.0,-0.0024255191434184586
1487925504,Q2,0.0,0.009065102322144747
1487932928,Q1_저가,0.0,0.04442016660052954
1487936640,Q3,0.0,-0.053125070678545105
1488066560,Q3,,-0.07288837769412793
1488085120,Q4_고가,0.0,0.062157661747587994
1488281856,Q1_저가,0.0,0.027016161889013734
1488435904,Q3,0.0,-0.02154367016065517
1488480448,Q2,,0.1168616420730837
1488599232,Q2,0.0,0.0271242295737833
1488788544,Q3,,0.042443090241712896
1488903616,Q1_저가,0.0,0.040453906608411486
1488912896,Q2,0.0,-0.028261185644982256
1489011264,Q2,0.0,0.02613408586525326
1489113344,Q3,0.0,0.135640083011763
1489506816,Q2,0.0,0.05720261402017268
1489532800,Q1_저가,0.0,0.020664118029266265
1489549504,Q1_저가,0.0,0.031008385489225188
1489670144,Q3,0.0,0.14909703537275432
1489744384,Q1_저가,,-0.0257024850751576
1489746240,Q1_저가,1.0,0.02393518082201196
1490121152,Q4_고가,1.0,-0.02847599067263601
1490169408,Q3,0.0,0.033336536728341734
1490230656,Q1_저가,0.0,-0.0046474965944999225
1490386560,Q1_저가,,0.011448518894817905
1490596288,Q1_저가,1.0,-0.01641931893822912
1490637120,Q3,0.0,0.03142414214201211
1490878400,Q1_저가,0.0,-0.04597377435402683
1490954496,Q1_저가,0.0,-0.010854730454571332
1490965632,Q1_저가,0.0,-0.07258407866507255
1491669056,Q1_저가,0.0,-0.018722135557374453
1491899200,Q1_저가,0.0,0.017660728447199195
1492335360,Q2,0.0,0.06326604785850132
1492439296,Q1_저가,0.0,-0.02308849092090165
1492539520,Q4_고가,0.0,0.05301490342374282
1492541376,Q3,0.0,-0.00307882099632667
1492578496,Q4_고가,0.0,0.01925075871589421
1492678720,Q2,0.0,0.006846025040593673
1492914432,Q2,0.0,0.05501029923736342
1493088896,Q4_고가,0.0,-0.040456524109356906
1493139008,Q1_저가,,-0.12075998332835924
1493367296,Q3,0.0,-0.026875727454545806
1493402560,Q4_고가,0.0,0.06896413058396789
1493404416,Q1_저가,1.0,0.006068257833883428
1493450816,Q2,0.0,0.043239835044823496
1493526912,Q3,0.0,0.011503765598650961
1493840576,Q3,1.0,0.03619119198255982
1493912960,Q2,,-0.01320406190486853
1494215488,Q2,0.0,0.013970740139019625
1494573696,Q1_저가,0.0,-0.02395353642815712
1494675776,Q2,0.0,-0.03941487394781784
1494761152,Q2,0.0,0.001579431414886534
1494803840,Q3,0.0,-0.017143021412920373
1494852096,Q3,0.0,0.025927445899417007
1495230720,Q4_고가,,0.05272225290586535
1495336512,Q3,,-0.05172113143876328
1495685440,Q2,1.0,-0.008626785408478416
1495872896,Q3,,-0.08791782694495986
1495980544,Q1_저가,0.0,-0.03161011652686396
1496060352,Q1_저가,0.0,-0.06686385837920228
1496290496,Q3,0.0,0.007718397047040804
1496346176,Q1_저가,,-0.007000235867750282
1496622720,Q2,0.0,0.029838353099746348
1496687680,Q4_고가,0.0,0.017933442786320572
1496808320,Q4_고가,,0.03594747038459739
1496871424,Q2,0.0,0.04205801332528081
1497212928,Q3,,0.01545885005759566
1497240768,Q4_고가,0.0,0.01889104557447098
1497428224,Q4_고가,0.0,-0.0010591694121512285
1497769728,Q2,1.0,0.015941089606837267
1497849536,Q1_저가,0.0,0.003264591843291975
1498049984,Q3,0.0,-0.010563201482717055
1498300544,Q1_저가,1.0,0.07096928944878855
1498367360,Q2,,-0.04517817739226415
1498599360,Q2,1.0,0.03887168891697246
1498630912,Q3,,0.002098159337428074
1498835072,Q4_고가,1.0,0.11609215747753554
1499159872,Q4_고가,,0.06496398438823983
1499508800,Q4_고가,0.0,0.03701509139863246
1499688832,Q4_고가,0.0,0.034312878403201866
1499865152,Q1_저가,,0.05759899633563144
1500227072,Q3,1.0,-0.012354358126019482
1500505472,Q1_저가,0.0,0.04128924762963376
1500629824,Q3,0.0,0.0044083152398300685
1500707776,Q2,0.0,-0.012601685302873311
1500999168,Q3,1.0,0.030422421038237835
1501065984,Q4_고가,1.0,0.020802657036668476
1501110528,Q3,0.0,0.0675431591982435
1501169920,Q4_고가,0.0,0.020868027918453977
1501528128,Q4_고가,,0.010786174369728174
1501643200,Q4_고가,1.0,0.030229167479364993
1501663616,Q2,0.0,-0.04413422879875023
1501776832,Q1_저가,1.0,0.024005985750022163
1501851072,Q2,1.0,0.028185107136599566
1501880768,Q1_저가,0.0,0.0287309500509374
1501947584,Q1_저가,,0.029345022029040713
1502073792,Q3,0.0,0.029219282985976702
1502094208,Q1_저가,0.0,0.015249299708368969
1502096064,Q2,0.0,0.16727484056250475
1502103488,Q3,0.0,-0.0018562901778349516
1502112768,Q3,0.0,0.05159537718147278
1502174016,Q2,0.0,0.023753103769720618
1502428288,Q4_고가,0.0,0.02310940918079496
1502459840,Q2,0.0,-0.06702125643482082
1502550784,Q3,,-0.06295987913127954
1502567488,Q1_저가,0.0,0.03046114774414896
1502821760,Q2,,-0.021826543335638826
1502983232,Q3,,-0.07492817944436769
1503011072,Q1_저가,,-0.0026026353366538357
1503040768,Q2,0.0,0.035265249204775584
1503096448,Q3,0.0,-0.030290727955106622
1503178112,Q2,1.0,0.024283800865376293
1503497344,Q3,0.0,-0.002377340538167294
1503499200,Q2,0.0,-0.02351272855885922
1503757184,Q1_저가,0.0,0.057694653655251615
1503859264,Q2,0.0,-0.009844166269826371
1503875968,Q1_저가,,0.009457987769597304
1503985472,Q4_고가,0.0,-0.00853389274782379
1504030016,Q3,0.0,-0.010794203839364691
1504115392,Q2,0.0,0.07910924889788318
1504291712,Q1_저가,0.0,0.0588357023682764
1504410496,Q4_고가,0.0,0.00695568799567739
1504417920,Q2,1.0,-0.014919042112960357
1504549696,Q4_고가,1.0,0.07708778472518385
1504978432,Q4_고가,,0.05707525683797607
1505130624,Q4_고가,0.0,0.033593668344622074
1505238272,Q1_저가,0.0,-0.07249842287648556
1505258688,Q2,0.0,-0.05598398345653066
1505958400,Q4_고가,0.0,0.018290415416419403
1506125440,Q2,0.0,0.06495402850249565
1506195968,Q4_고가,,0.02210131715621312
1506320320,Q1_저가,0.0,0.008832065240034048
1506504064,Q4_고가,0.0,0.08867815488266473
1506652544,Q2,0.0,-0.04729101601324737
1506656256,Q2,,-0.04213592896124779
1506869696,Q1_저가,0.0,0.023135458097501782
1506929088,Q3,1.0,0.03650102430966444
1507092416,Q1_저가,1.0,0.023712921058489767
1507361536,Q3,,0.017889454291651452
1507443200,Q4_고가,,0.10926734941062122
1507511872,Q2,0.0,0.057828329793296246
1507671488,Q3,,-0.09977566476010996
1507703040,Q2,,0.04398315923895087
1507780992,Q4_고가,0.0,0.005445294779199639
1507877504,Q3,0.0,-0.04066753205746709
1508285824,Q3,0.0,0.012472046639121076
1508369344,Q4_고가,0.0,0.009335706430215474
1508475136,Q1_저가,,-0.012270735983303666
1508614336,Q1_저가,0.0,0.018491931090571956
1508736832,Q2,0.0,0.04981159975448923
1508740544,Q2,0.0,0.03999795810461031
1508983680,Q2,,0.001295098267498962
1509135872,Q3,0.0,-0.02162377328295295
1509482944,Q2,,0.009630017747762912
1509492224,Q4_고가,0.0,-0.025985306330389868
1509527488,Q3,0.0,-0.010619247181116065
1509536768,Q3,0.0,0.07917760215205583
1509703808,Q3,1.0,0.028904962050054328
1509778048,Q2,,0.008463534337018574
1509893120,Q3,0.0,-0.002807626791882234
1510080576,Q3,,0.008356121075216938
1510132544,Q3,0.0,0.12117948119235811
1510151104,Q3,0.0,0.023782008097582352
1510245760,Q2,0.0,0.10062527451376846
1510277312,Q2,1.0,-0.01566328107757331
1510993728,Q4_고가,0.0,0.08286693334373313
1511138496,Q4_고가,0.0,0.053698098327199406
1511277696,Q2,,0.013662222252385892
1511775104,Q3,1.0,-0.017162231235818504
1511931008,Q1_저가,0.0,0.003635078674320835
1511942144,Q2,0.0,0.013155031747924095
1512038656,Q1_저가,0.0,-0.057038437984745394
1512419136,Q1_저가,0.0,0.0178274005296368
1512732800,Q3,0.0,-0.012386862285223454
1512766208,Q3,0.0,0.0434204871534037
1512840448,Q2,0.0,0.026792198838281184
1513040896,Q1_저가,0.0,0.041905154640360785
1513272896,Q2,0.0,-0.02010159647604362
1513657088,Q4_고가,0.0,0.030657244809826012
1513709056,Q1_저가,0.0,0.0291830506956281
1513857536,Q1_저가,,0.04330631122743675
1513916928,Q3,1.0,0.003437545400569536
1514367936,Q2,,0.007691731676367497
1514406912,Q4_고가,0.0,0.036454686042353565
1514540544,Q1_저가,,0.02802227511341296
1514542400,Q2,0.0,0.016915755753988543
1514559104,Q3,0.0,0.004995323508493216
1514560960,Q4_고가,0.0,-0.0001940456547848135
1514783680,Q4_고가,0.0,-0.020258066786129375
1514798528,Q2,0.0,-0.009872050693288587
1514820800,Q2,0.0,0.040903246850937935
1514904320,Q4_고가,0.0,0.004574867801812932
1515221696,Q2,0.0,0.0485361426109876
1515232832,Q3,0.0,0.03677131996781051
1515253248,Q2,0.0,0.0790922746665455
1515312640,Q1_저가,,-0.05866017621462277
1515466688,Q3,0.0,0.0032409594237094996
1515509376,Q2,0.0,-0.04517083058438842
1515615168,Q1_저가,0.0,-0.0007043632725523552
1515693120,Q2,0.0,-0.003404145467258868
1515756224,Q1_저가,0.0,-0.04034965112016109
1515817472,Q1_저가,1.0,0.09555405707159459
1515836032,Q4_고가,0.0,-0.00928480566182699
1516010496,Q3,,0.02665059702091878
1516012352,Q2,1.0,0.036314723056221035
1516121856,Q4_고가,,0.049931559681356985
1516478208,Q3,,-0.027971632981292682
1516548736,Q2,,-0.021699392828995523
1516619264,Q2,0.0,0.04643326660876117
1516910656,Q1_저가,0.0,0.01647873602410238
1517317120,Q1_저가,0.0,0.027985977268288928
1517400640,Q1_저가,0.0,0.00800390314456606
1517471168,Q1_저가,0.0,0.026477284599078388
1517953728,Q3,,0.02395328340241676
1518193152,Q1_저가,,-0.0009335904931629946
1518215424,Q2,,0.03585417955633253
1518278528,Q2,0.0,0.060055438923242666
1518482688,Q2,0.0,0.01852683218093304
1518612608,Q2,,-0.07647620208210759
1518699840,Q1_저가,0.0,0.026478186862255643
1518727680,Q3,0.0,0.0017749812978875568
1518905856,Q1_저가,0.0,-0.019443900248939855
1519178688,Q2,0.0,0.06165890492366044
1519247360,Q3,0.0,0.025374784556228158
1519258496,Q3,0.0,0.04408224305235686
1519685376,Q2,0.0,0.03721195979917885
1519731776,Q2,0.0,0.05330999120470359
1519813440,Q3,0.0,-0.027937080305881046
1520039872,Q1_저가,0.0,-0.0993602648972639
1520051008,Q3,1.0,-0.04982543190560443
1520052864,Q3,0.0,-0.0006459546745498368
1520205056,Q1_저가,0.0,0.03225705206151201
1520245888,Q1_저가,0.0,-0.011493387868426463
1520281152,Q3,0.0,0.019209716838945984
1520288576,Q3,0.0,0.004133329450711223
1520531712,Q2,0.0,0.04253150772536707
1520561408,Q3,0.0,0.13253319718765777
1520804544,Q2,0.0,0.01964772583855695
1520836096,Q1_저가,0.0,-0.009533625466065343
1521021696,Q3,1.0,0.01494406247120933
1521053248,Q2,,-0.020376171640464347
1521088512,Q3,0.0,0.028078604562283727
1521092224,Q1_저가,0.0,-0.012557181835236658
1521209152,Q2,0.0,0.0133318364689676
1521268544,Q1_저가,0.0,0.021817792947429082
1521342784,Q1_저가,0.0,-0.01628046880424225
1521344640,Q2,0.0,0.020925035327278504
1521352064,Q1_저가,0.0,-0.04259912492039891
1521405888,Q3,0.0,0.09321525926657984
1521450432,Q4_고가,0.0,0.007977320036229446
1521825344,Q1_저가,0.0,-0.016994070094971947
1522267072,Q1_저가,0.0,0.027804921846644917
1522311616,Q1_저가,,-0.002906754116253185
1522523200,Q1_저가,,0.035423786636424995
1522614144,Q2,0.0,-0.003981403679343354
1522723648,Q1_저가,0.0,-0.050373259412241356
1522909248,Q4_고가,0.0,0.03439031512837565
1522914816,Q1_저가,0.0,0.0597751120992738
1522987200,Q4_고가,,0.07298988360771252
1523031744,Q4_고가,,0.026935105717668648
1523039168,Q4_고가,0.0,0.048622696612446836
1523195072,Q2,0.0,0.0003668119937911829
1523349120,Q2,0.0,0.13333148121451954
1523467904,Q2,0.0,0.012880913913977277
1523581120,Q4_고가,0.0,0.008805201076428251
1523582976,Q2,0.0,0.038319061804979765
1523638656,Q1_저가,0.0,0.04070950574287924
1523672064,Q3,0.0,0.024245842009082086
1523673920,Q1_저가,0.0,-0.011840173712600155
1523874368,Q4_고가,0.0,0.026363340464210988
1523900352,Q4_고가,0.0,0.006829562564206901
1524115648,Q3,,-0.0674194279783189
1524254848,Q3,0.0,0.012058390083068415
1524390336,Q2,0.0,-0.03027907284250149
1524392192,Q1_저가,0.0,0.07380714111589762
1524401472,Q1_저가,0.0,-0.0027373476264244967
1524579648,Q2,,-0.12692181573727473
1524728128,Q4_고가,0.0,0.06017358592012459
1524746688,Q4_고가,0.0,0.011498270025804225
1524752256,Q2,0.0,0.02103787523698028
1524796800,Q1_저가,,0.008284862908486942
1524828352,Q3,0.0,0.017835043098074044
1524869184,Q4_고가,,-0.03676938113636741
1525116032,Q4_고가,0.0,0.015830178667324113
1525333184,Q2,0.0,-0.013382670770924032
1525448256,Q4_고가,0.0,0.0670304701596407
1525466816,Q4_고가,1.0,0.0012269945782110714
1525557760,Q2,0.0,0.026464082797439746
1525672832,Q1_저가,0.0,0.03678522651375158
1526261184,Q3,,-0.014250893524217156
1526673216,Q3,0.0,0.05139768608711137
1526723328,Q3,0.0,0.006427012282534977
1526910784,Q3,,-0.0021885099370169137
1527053696,Q2,0.0,0.03036525401935919
1527098240,Q3,0.0,0.04366944757264968
1527317248,Q2,,0.01724787391791971
1527397056,Q1_저가,0.0,0.03435579301984992
1527462016,Q1_저가,0.0,-0.03709565493380218
1527744128,Q1_저가,0.0,-0.008606687408092867
1527803520,Q2,0.0,0.027539522547233422
1528209984,Q2,0.0,-0.05819119666826711
1528230400,Q3,0.0,-0.0030326268266310796
1528321344,Q2,0.0,-0.016128835973960476
1528351040,Q3,0.0,-0.050129079759034245
1528538496,Q1_저가,0.0,0.004945593896254791
1528607168,Q3,0.0,-0.06029366236108158
1528618304,Q3,0.0,-0.03001735506104175
1528662848,Q3,1.0,-0.015337469469143883
1528781632,Q4_고가,1.0,0.007201035232245689
1528813184,Q3,1.0,0.004534784806692227
1528883712,Q2,0.0,0.029504291553694204
1528978368,Q1_저가,,0.024679880124967288
1529158400,Q2,0.0,0.02531060393781795
1529176960,Q1_저가,,0.05631858346877669
1529193664,Q3,0.0,0.024704627025202028
1529197376,Q2,0.0,0.02626771213291265
1529358848,Q4_고가,0.0,-0.058418418560541974
1529527744,Q4_고가,,0.034426583076119344
1529648384,Q1_저가,0.0,0.0380764822404063
1529711488,Q4_고가,0.0,0.03345420139751354
1529798720,Q2,1.0,0.02464901375840234
1529876672,Q3,,-0.041829668833221645
1529887808,Q1_저가,0.0,0.023631966337838595
1529962048,Q3,1.0,-0.016493939043662476
1529993600,Q2,,0.017494406128725548
1530032576,Q2,0.0,-0.08198953294069034
1530047424,Q1_저가,0.0,0.06988737809147438
1530140224,Q2,0.0,-0.018592691715176746
1530260864,Q1_저가,0.0,0.04226931929899051
1530297984,Q2,0.0,-0.1211089291539793
1530307264,Q1_저가,0.0,0.015365614616833431
1530377792,Q2,0.0,-0.010440535671442472
1530426048,Q4_고가,,0.06743511765107568
1530427904,Q4_고가,,0.02161064073378921
1530437184,Q3,0.0,0.04369814266761167
1530455744,Q1_저가,0.0,0.031482316394441594
1530559680,Q4_고가,0.0,0.11022753332402446
1530591232,Q4_고가,0.0,0.025560031055252064
1530624640,Q1_저가,,-0.08201632705778861
1530784256,Q3,,-0.02853617790289026
1530984704,Q1_저가,0.0,0.022192614320669504
1531021824,Q2,0.0,-0.014376676688607093
1531088640,Q1_저가,0.0,0.04501886242997032
1531391168,Q2,0.0,0.044952464241828805
1531673280,Q2,0.0,0.011874723163802225
1531894144,Q3,,-0.00014776340352110062
1531897856,Q1_저가,0.0,0.05065781009640484
1531901568,Q1_저가,,0.04310155288503419
1531942400,Q3,0.0,-0.019934157123524643
1531999936,Q1_저가,0.0,0.016013436675225604
1532139136,Q1_저가,0.0,-0.016671449566631594
1532152128,Q1_저가,,0.0057208190470945525
1532211520,Q2,0.0,-0.00899286198155258
1532356288,Q4_고가,0.0,0.10501783238293783
1532406400,Q1_저가,,0.033467261922483275
1532465792,Q3,0.0,-0.03347837599886516
1532617984,Q4_고가,0.0,0.03737699948571355
1532916800,Q1_저가,,-0.058774511422156284
1532968768,Q4_고가,,0.020524238824170093
1532985472,Q2,0.0,0.010157872879286156
1533005888,Q3,0.0,-0.027431171050004255
1533056000,Q4_고가,,0.04034167765204566
1533085696,Q2,0.0,0.057816320954816314
1533094976,Q1_저가,0.0,-0.0021067831788935537
1533260160,Q2,0.0,-3.937782619115038e-05
1533284288,Q1_저가,0.0,-0.08329146877884575
1533315840,Q3,0.0,0.0066584415878803704
1533347392,Q4_고가,0.0,0.03536858765821489
1533560832,Q1_저가,0.0,0.012102553780475117
1533586816,Q2,0.0,0.01758244174198559
1533720448,Q3,,0.04755459977356009
1533870784,Q2,,-0.0034468214453960977
1533956160,Q3,1.0,0.037434261568692534
1534115776,Q3,1.0,0.023356417542373192
1534243840,Q4_고가,1.0,0.02817035698991234
1534293952,Q4_고가,,0.015563504346675971
1534427584,Q2,,0.03141202923356956
1534459136,Q1_저가,,0.060956690385261456
1534694848,Q2,,-0.006669302347201311
1534698560,Q3,0.0,0.040260305099505844
1534802496,Q4_고가,0.0,0.025626078338232883
1535370432,Q4_고가,0.0,0.0063075754045395505
1535403840,Q2,0.0,0.14528227609030164
1535509632,Q1_저가,0.0,-0.013785791904929567
1535561600,Q3,0.0,0.09143654893707076
1535602432,Q4_고가,,0.06504114898343988
1535613568,Q3,0.0,-0.007870698717023478
1535723072,Q1_저가,1.0,-0.005902512443001218
1535752768,Q1_저가,0.0,0.004073500049618595
1535763904,Q3,,0.03124884257931973
1535817728,Q3,0.0,0.011644691274412117
1536097984,Q3,0.0,0.1772548006732143
1536309568,Q3,0.0,0.03984357518180656
1536331840,Q4_고가,0.0,0.025851376894835812
1536506304,Q3,0.0,-0.06393875536074328
1536675200,Q1_저가,0.0,0.039469038448023165
1536996288,Q3,0.0,0.009995576949386409
1537120640,Q2,0.0,0.01963329054890975
1537206016,Q3,0.0,-0.03503483627061302
1537471424,Q1_저가,0.0,-0.03277221228733096
1537560512,Q3,0.0,-0.04627543391786049
1537801792,Q3,0.0,0.005080192174312548
1537812928,Q2,1.0,0.008340782861181548
1537924288,Q1_저가,0.0,0.04420170249969308
1538250944,Q1_저가,0.0,0.04542691270280577
1538267648,Q2,1.0,-0.018949550036464397
1538321472,Q1_저가,0.0,-0.0004527396927220817
1538379008,Q1_저가,1.0,0.025282766715150284
1538533056,Q3,1.0,0.03150944052211191
1539088000,Q3,1.0,0.04381221323010345
1539121408,Q1_저가,0.0,0.02666512839341066
1539206784,Q3,0.0,-0.061068085037551234
1539338560,Q2,,-0.006841741825204084
1539368256,Q2,,0.010554573885722007
1539459200,Q2,1.0,0.03728664394602732
1539596544,Q3,,-0.023366915842645608
1539772864,Q4_고가,0.0,0.07935328697570765
1539917632,Q2,,-0.006646237655151266
1539954752,Q4_고가,,-0.01008697025047206
1540253568,Q3,,0.006072888970685697
1540268416,Q1_저가,0.0,0.00609940426899333
1540283264,Q2,,0.09324843054518833
1540316672,Q2,,0.03241545432463144
1540515264,Q1_저가,,0.036512858785211044
1540569088,Q3,0.0,0.011949166302663516
1540686016,Q4_고가,1.0,-0.014453091665058815
1540832640,Q2,1.0,0.03643256963281091
1540879040,Q4_고가,,-0.0036364884480812876
1541086912,Q2,,-0.030865567802027344
1541343040,Q3,0.0,-0.08313676208623128
1541378304,Q4_고가,0.0,0.0047589091754984825
1541406144,Q4_고가,,0.05957532000451693
1542055744,Q2,0.0,-0.03134572001520031
1542274752,Q3,,0.0022280699735616194
1542462208,Q2,0.0,0.10002491285473147
1542475200,Q3,0.0,0.028661833787348066
1542621824,Q2,1.0,0.012950027997786329
1542699776,Q4_고가,,0.009134266195354762
1542781440,Q3,1.0,0.0010741003344857392
1542952192,Q4_고가,0.0,0.050389143569297315
1543000448,Q1_저가,0.0,0.03616325934715425
1543119232,Q1_저가,0.0,-0.030465963112767613
1543143360,Q1_저가,0.0,0.025972437105009072
1543252864,Q4_고가,1.0,0.05455817569546187
1543637056,Q1_저가,0.0,0.010468546551340469
1543880192,Q1_저가,0.0,-0.0009955394993885203
1543902464,Q1_저가,0.0,0.02879471683427036
1543937728,Q1_저가,,-0.0029081223710119286
1543960000,Q4_고가,0.0,-0.00843365918639788
1544045376,Q1_저가,1.0,-0.07215426933130265
1544050944,Q2,1.0,0.009828188886523093
1544156736,Q3,0.0,0.023524516372465276
1544167872,Q2,1.0,-0.06960956400038121
1544169728,Q4_고가,0.0,0.09052445537853615
1544173440,Q2,0.0,0.011516550641399448
1544299648,Q2,,-0.1067214658452385
1544312640,Q1_저가,,0.03525546517356802
1544360896,Q4_고가,0.0,-0.014553989529953404
1544381312,Q3,,0.049458808617286076
1544637440,Q2,,0.01973142285981122
1544977088,Q1_저가,0.0,0.1364869273905564
1545196096,Q3,0.0,-0.020658903396023526
1545364992,Q3,,0.12130517764773663
1546070272,Q2,1.0,0.003351245760232935
1546348672,Q3,0.0,-0.0051460764291212935
1546437760,Q4_고가,0.0,0.03795245721158613
1546530560,Q1_저가,0.0,0.041575795856461005
1546864640,Q2,0.0,-0.047443839624264156
1546877632,Q1_저가,0.0,0.06092560856228524
1546903616,Q3,0.0,-0.039391814882406395
1547040960,Q1_저가,0.0,-0.01671960434443026
1547241408,Q1_저가,0.0,-0.0970861507987768
1547285952,Q1_저가,0.0,0.025802961882601602
1547417728,Q4_고가,0.0,-0.016298133022117578
1547430720,Q1_저가,0.0,-0.0498642543186584
1547451136,Q3,0.0,-0.002411778364461714
1547579200,Q3,1.0,0.014293554054834137
1547814912,Q1_저가,1.0,0.0016655042444164436
1547857600,Q1_저가,0.0,0.058088813011187804
1547978240,Q3,0.0,-0.018120092066345572
1548084032,Q2,0.0,-0.00992255097004413
1548217664,Q4_고가,1.0,0.012554398363193275
1548345728,Q1_저가,0.0,0.023828413731339038
1548562880,Q1_저가,,0.02710003244944044
1548596288,Q4_고가,1.0,0.028922889388110773
1548913664,Q1_저가,0.0,0.04061788603710922
1548947072,Q4_고가,0.0,0.002093274337207518
1549101120,Q3,,-0.016389652412753225
1549143808,Q2,1.0,-0.01039571711403639
1549299712,Q1_저가,,0.03452821194200119
1549412928,Q4_고가,0.0,0.020425105368395813
1549429632,Q2,0.0,-0.035063635826188544
1549524288,Q3,1.0,0.02707694650277659
1549533568,Q4_고가,0.0,0.1379952484383083
1549698752,Q2,0.0,0.07157858329092265
1549969728,Q1_저가,0.0,-0.04525853936715862
1549986432,Q2,1.0,0.00144228077392905
1550069952,Q3,0.0,0.025854408772126913
1550075520,Q3,0.0,-0.04933364435542692
1550392896,Q4_고가,0.0,0.0403290503125954
1550548800,Q4_고가,0.0,0.007694331225720483
1550662016,Q3,0.0,-0.020810148991134425
1550960832,Q2,0.0,-0.04027162724254063
1550968256,Q2,1.0,-0.05843476080617088
1550997952,Q1_저가,0.0,0.0729593600597001
1551109312,Q4_고가,0.0,0.01983808083565604
1551302336,Q4_고가,0.0,-0.01263785537309825
1551322752,Q3,0.0,0.057801759826202725
1551350592,Q4_고가,0.0,0.05572121674548197
1551393280,Q1_저가,0.0,-0.003239235458069256
1551400704,Q1_저가,0.0,0.06983855324143384
1551525056,Q4_고가,0.0,0.06875791585299638
1551621568,Q1_저가,,0.05932341573557741
1551716224,Q1_저가,,0.06613178308688979
1551784896,Q2,0.0,0.034726829510968796
1551816448,Q3,0.0,-0.0878566605119413
1552100416,Q2,0.0,-0.016432251887419258
1552128256,Q2,,0.051947975079756015
1552196928,Q4_고가,0.0,0.01046438178213599
1552209920,Q1_저가,0.0,-0.12236578529877384
1552313856,Q1_저가,1.0,0.02090474303239717
1552510592,Q4_고가,1.0,0.03154544345317556
1552545856,Q1_저가,0.0,0.016459680249511846
1552555136,Q1_저가,1.0,0.01132990942671798
1552607104,Q4_고가,0.0,0.02631536847145341
1552629376,Q1_저가,0.0,0.03531312481335891
1552892928,Q3,0.0,-0.021151469553755686
1553271552,Q3,0.0,0.15227895392012258
1553410752,Q1_저가,,0.04896661781599046
1553446016,Q1_저가,,0.029778594375468294
1553601920,Q4_고가,0.0,0.12267181879037709
1553624192,Q2,0.0,0.049322815190163516
1553817216,Q4_고가,0.0,-0.0015057748217793543
1553867328,Q3,0.0,0.01451609408152521
1553882176,Q1_저가,0.0,0.05517372882693698
1553960128,Q3,,0.11727396311020277
1554013952,Q3,0.0,0.1899999846126782
1554270080,Q4_고가,0.0,0.10790217503550317
1554346176,Q2,1.0,0.019261659219476188
1554606016,Q4_고가,,0.005121246571302057
1554722944,Q1_저가,1.0,-0.02679283380100353
1554743360,Q1_저가,1.0,0.0284037900134934
1554791616,Q1_저가,,-0.02703517638852701
1554802752,Q3,,0.04983481100942466
1554878848,Q3,0.0,0.044140597777979074
1555483904,Q4_고가,0.0,0.014967530751198443
1555535872,Q3,0.0,0.026466162376940938
1555782720,Q3,0.0,0.005487856789109416
1555823552,Q4_고가,0.0,0.05901916396898929
1555882944,Q4_고가,1.0,-0.023335510607359722
1555905216,Q2,0.0,0.03925680206538701
1555981312,Q2,0.0,-0.07859336423356073
1556218880,Q3,,0.003958277127876719
1556354368,Q1_저가,0.0,0.032918220132797486
1556497280,Q1_저가,0.0,0.03905151378756096
1556541824,Q1_저가,0.0,-0.09310769698130106
1556543680,Q1_저가,,0.03089358754092164
1556603072,Q3,,-0.060909814959761166
1556690304,Q4_고가,0.0,-0.008041406378879068
1556697728,Q3,0.0,0.06347918311176992
1556720000,Q4_고가,0.0,0.04474032750583923
1556768256,Q4_고가,0.0,0.016770372273321815
1557126464,Q2,0.0,-0.013771710987100755
1557343616,Q2,1.0,-0.05490398799152496
1557391872,Q4_고가,,0.0473704577134563
1557527360,Q4_고가,0.0,0.006035722651138387
1557646144,Q2,1.0,0.005377662784747661
1557785344,Q1_저가,,0.03685004629238671
1557824320,Q2,0.0,-0.021116257949057415
1557831744,Q4_고가,1.0,0.040851045007685466
1557905984,Q1_저가,0.0,0.05297597531475216
1558258624,Q4_고가,,0.062265941135856706
1558531456,Q4_고가,0.0,0.06919615442383331
1558570432,Q1_저가,,-0.024143742442735705
1558720768,Q4_고가,0.0,0.03625473758809643
1558739328,Q3,,0.06628284773485493
1559149504,Q4_고가,0.0,0.02761356755845716
1559210752,Q4_고가,0.0,0.07762312629097534
1559704448,Q4_고가,0.0,0.03003134780835033
1559956864,Q1_저가,0.0,0.026937439069339333
1559969856,Q1_저가,,-0.06457462019202354
1559993984,Q1_저가,0.0,0.043521265023733983
1560170304,Q4_고가,0.0,0.07378567053040896
1560272384,Q2,0.0,0.1080122668223879
1560541504,Q2,0.0,-0.027503231029783692
1560977664,Q4_고가,0.0,0.07368181947685903
1561083456,Q3,0.0,0.0424678888950864
1561126144,Q2,0.0,-0.031957231101762684
1561150272,Q1_저가,1.0,0.05521499831385855
1561185536,Q4_고가,0.0,-0.01040540703737261
1561365568,Q3,1.0,-0.08678258614631867
1561408256,Q2,0.0,0.021519958451704513
1561556736,Q2,,0.051112777257696806
1561645824,Q2,0.0,-0.010003630246216866
1561779456,Q3,0.0,0.035696287280891636
1561888960,Q4_고가,0.0,-0.01392641331542488
1562035584,Q1_저가,0.0,-0.009456560405507686
1562061568,Q2,1.0,-0.17094615690649106
1562152512,Q4_고가,1.0,-0.0057244739401594025
1562395648,Q3,0.0,0.05174595926705383
1562471744,Q1_저가,0.0,0.037397757256290354
1562772416,Q1_저가,0.0,0.029056021534763124
1563026688,Q2,,0.022660168982097995
1563041536,Q1_저가,0.0,0.03973060840807506
1563117632,Q4_고가,,0.04479242128734273
1563165888,Q2,0.0,-0.038357723868739924
1563253120,Q4_고가,0.0,-0.00598682934926531
1563277248,Q2,0.0,0.012902604854639121
1563293952,Q3,,-0.08664612762495966
1563312512,Q4_고가,1.0,0.06337840156782115
1563394176,Q1_저가,0.0,-0.027283758917184542
1563563072,Q1_저가,0.0,0.042925615702810616
1563577920,Q4_고가,0.0,0.04691455151645285
1563724544,Q2,0.0,0.026624818563786068
1563832192,Q1_저가,0.0,0.05992309240911354
1563902720,Q1_저가,,0.021404821501686738
1563930560,Q1_저가,,0.0009650034966827981
1563932416,Q3,0.0,-0.008470310672255343
1563941696,Q3,0.0,-0.00977252274772783
1563950976,Q4_고가,0.0,0.17713680856078817
1564019648,Q3,1.0,0.02624742003103131
1564160704,Q2,0.0,0.08727424498935099
1564840000,Q3,1.0,0.017938332385356692
1564899392,Q1_저가,0.0,0.00549647642489437
1565235328,Q4_고가,0.0,0.04635302121664184
1565348544,Q3,0.0,0.020994504360904886
1565378240,Q3,0.0,0.017610136070963733
1565495168,Q2,0.0,0.04113874001991025
1565649216,Q4_고가,0.0,-0.0004927976439649262
1565808832,Q1_저가,0.0,0.013015608727046032
1565819968,Q4_고가,0.0,0.006269183183386817
1565845952,Q1_저가,0.0,-0.011361173360521337
1565909056,Q1_저가,0.0,-0.017369679836087226
1565925760,Q1_저가,0.0,0.03333888415222572
1565949888,Q1_저가,0.0,-0.016321060623941064
1565979584,Q3,0.0,0.17564421364239102
1566343360,Q4_고가,0.0,-0.004036218963252125
1566391616,Q1_저가,,0.005950734529046181
1566528960,Q1_저가,0.0,0.008851016900857989
1566701568,Q1_저가,0.0,0.029385132126959534
1567302912,Q4_고가,1.0,0.027733983950384733
1567319616,Q3,0.0,-0.06173822197732143
1567373440,Q4_고가,0.0,0.048472811186033304
1567416128,Q1_저가,,0.006192436076623731
1567434688,Q3,,-0.033569396922502936
1567546048,Q3,0.0,0.06951948823182558
1567551616,Q1_저가,1.0,0.016052204470000442
1567601728,Q2,,-0.012394901687736992
1567735360,Q2,,0.029967996848119793
1567846720,Q4_고가,0.0,-0.02346872974230907
1567883840,Q1_저가,0.0,0.08539796339462191
1568271744,Q1_저가,1.0,0.03039761737243736
1568277312,Q4_고가,0.0,-0.004434983700690842
1568294016,Q3,1.0,-0.06303564709572523
1568631808,Q3,1.0,0.04446062169822246
1568767296,Q1_저가,1.0,0.02036590200094973
1568895360,Q1_저가,0.0,0.00592763832919474
1569145920,Q4_고가,0.0,0.022838356286652317
1569205312,Q3,1.0,-0.05888044451080732
1569209024,Q1_저가,1.0,0.03889765373741748
1569270272,Q2,0.0,0.013207197282035038
1569296256,Q2,0.0,0.026418696126902556
1569678592,Q2,0.0,0.026851151907315796
1569682304,Q2,0.0,0.041876927790860274
1569776960,Q2,0.0,0.04821547335628015
1569853056,Q3,0.0,0.018277200542089367
1569914304,Q3,0.0,-0.023063117757348928
1569944000,Q1_저가,0.0,-0.03597451159426682
1570046080,Q1_저가,0.0,-0.009601234577677864
1570227968,Q3,0.0,0.09423475617835075
1570266944,Q4_고가,,0.06925098888589354
1570272512,Q2,1.0,0.04908775727378367
1570309632,Q2,0.0,0.019677845181765602
1570406144,Q1_저가,,-0.04948214517882299
1570504512,Q1_저가,0.0,0.039846319186961215
1570536064,Q3,0.0,0.017384030994387234
1570623296,Q4_고가,,0.020037936270652035
1570632576,Q1_저가,1.0,0.04221318673374265
1571081728,Q4_고가,,0.032486814078299855
1571226496,Q1_저가,0.0,-0.0015297187269535661
1571271040,Q2,1.0,-0.006866561493897527
1571586560,Q3,0.0,-0.017866407106862825
1571807424,Q2,0.0,-0.02930905180246926
1571922496,Q4_고가,,0.02065305001245976
1571926208,Q2,,0.04630739220117855
1571994880,Q2,1.0,-0.032385434406766
1572200896,Q4_고가,,0.032589757895232205
1572241728,Q1_저가,,0.01551736965630543
1572334528,Q1_저가,0.0,0.040342576759419754
1572432896,Q4_고가,1.0,-0.0016987061526673175
1572668608,Q4_고가,1.0,-0.04853278978210612
1572703872,Q4_고가,0.0,-0.008782672423623433
1572763264,Q4_고가,,-0.033609241105752974
1572878336,Q1_저가,,0.028589094365198853
1572926592,Q4_고가,0.0,0.0007742454137210086
1572947008,Q2,0.0,0.11398566866778209
1573236544,Q2,0.0,0.04206811079544047
1573462976,Q2,1.0,0.0070786615398209796
1573908416,Q3,1.0,-0.041504265773478044
1574107008,Q4_고가,,0.006451692157596722
1574327872,Q4_고가,0.0,0.02727433836917896
1574426240,Q2,0.0,0.012993578540371392
1574509760,Q1_저가,0.0,0.05135612536952894
1574589568,Q1_저가,,0.04557902722006659
1574669376,Q4_고가,1.0,0.00786849007452492
1574738048,Q1_저가,0.0,0.017804628005472986
1574823424,Q4_고가,0.0,0.0075708302010706885
1574973760,Q1_저가,0.0,0.0017119969486749653
1574992320,Q4_고가,1.0,0.01822835277829682
1575018304,Q2,0.0,0.05677588672404532
1575259584,Q1_저가,0.0,0.010825237249168784
1575439616,Q3,0.0,0.07639947897319399
1575445184,Q2,0.0,0.03839415415583483
1575447040,Q1_저가,,0.016064064065185568
1575469312,Q3,0.0,0.004697698242040471
1575859072,Q3,0.0,0.05146366178308015
1576208000,Q3,0.0,0.1276103253473176
1576233984,Q4_고가,0.0,0.042134310829486696
1576306368,Q1_저가,0.0,-0.0023206708329434195
1576308224,Q1_저가,0.0,0.05272713731051365
1576391744,Q2,,-0.06692704563568747
1576473408,Q4_고가,0.0,0.026565973147836888
1576614464,Q2,0.0,-0.0997323550070317
1576820480,Q4_고가,0.0,0.033164094644498904
1577097024,Q3,0.0,0.04733215825987612
1577106304,Q3,,0.05989690456951702
1577197248,Q2,0.0,-0.0031995143667632453
1577373568,Q2,0.0,-0.01080524046733422
1577432960,Q4_고가,0.0,0.04481848769859276
1577449664,Q1_저가,,0.053254872149708594
1577486784,Q4_고가,0.0,0.07137947638515121
1577527616,Q1_저가,1.0,-0.04722063584768166
1577574016,Q3,0.0,0.044312901396149296
1577587008,Q4_고가,1.0,0.132685147824117
1577752192,Q1_저가,,0.06048609479480352
1578145664,Q3,0.0,0.022405787549772294
1578153088,Q4_고가,0.0,0.04791278910227226
1578193920,Q1_저가,0.0,-0.05059494095872297
1578236608,Q3,1.0,0.039912940155611476
1578242176,Q3,,0.04192499589267562
1578247744,Q1_저가,1.0,0.027931761557783125
1578255168,Q1_저가,0.0,0.022149761109419172
1578390656,Q2,1.0,-0.013645013068058542
1578433344,Q3,0.0,0.031990463350255155
1578904768,Q1_저가,,0.033301455149960565
1579118208,Q2,,-0.017936677439144955
1579157184,Q2,0.0,0.06448581584492888
1579352064,Q3,0.0,0.03607814954116206
1579593344,Q1_저가,,0.040874503023636766
1579602624,Q1_저가,0.0,0.02039091163233961
1579929280,Q1_저가,0.0,-0.003322342285695973
1579947840,Q2,1.0,0.00031872109507813384
1580018368,Q4_고가,0.0,0.05640010989519462
1580066624,Q1_저가,0.0,0.04983293992441262
1580623424,Q2,0.0,0.03238217536171925
1580710656,Q3,0.0,0.04914689947651945
1580712512,Q1_저가,0.0,-0.04111459690313307
1580918528,Q1_저가,0.0,-0.03925760561951663
1580972352,Q2,0.0,-0.03736930139453523
1581054016,Q3,0.0,-0.07946881684845342
1581078144,Q1_저가,0.0,0.02947978159179844
1581170944,Q1_저가,0.0,0.014130762911252148
1581182080,Q2,0.0,0.013046194107294906
1581428928,Q1_저가,0.0,0.03568992950841464
1581499456,Q3,0.0,0.006717212161662253
1581529152,Q4_고가,,0.07300915985434331
1581865088,Q3,0.0,0.03486308748134828
1581872512,Q3,0.0,0.030568325439038993
1582258560,Q2,,0.021697789932542455
1582293824,Q1_저가,0.0,0.013958000909015791
1582648320,Q4_고가,0.0,0.038561062280125624
1582765248,Q4_고가,0.0,0.02867030851530873
1582793088,Q4_고가,0.0,0.029144434074247633
1582794944,Q1_저가,1.0,0.026656658831523017
1582965696,Q4_고가,0.0,0.03237004008789688
1583021376,Q1_저가,0.0,-0.016041350996648357
1583589312,Q1_저가,,0.03594146194296538
1583637568,Q2,,0.014264090673626564
1584142400,Q4_고가,0.0,0.001991435567104405
1584201792,Q3,0.0,0.04115446303928448
1584207360,Q1_저가,,-0.04717001479774008
1584209216,Q1_저가,0.0,0.042855945207749505
1584459776,Q3,0.0,0.022660051444596707
1584498752,Q1_저가,,-0.062246818775709034
1584511744,Q2,0.0,-0.025286234974681895
1584734464,Q1_저가,0.0,0.020910185908236595
1584760448,Q4_고가,0.0,0.04541069324591655
1585382208,Q2,1.0,-0.0540628398015911
1590918656,Q3,0.0,0.01974149963548477
1591985856,Q1_저가,,0.06976707314672763
1593103168,Q4_고가,,0.04197618065973019
1596243520,Q2,0.0,-0.03280184599759245
1596670400,Q2,,0.016730501734643966
1597041600,Q1_저가,,-0.04963685300475884
1597268032,Q2,0.0,0.009838935688533695
1597496320,Q3,0.0,0.019059625279364445
1597609536,Q1_저가,0.0,-0.015431374863180192
1597618816,Q3,0.0,0.018581654961295935
1597858240,Q1_저가,0.0,0.02270129143609617
1598047552,Q1_저가,0.0,-0.13461520932053817
1598209024,Q1_저가,0.0,0.014047941880339754
1598428032,Q4_고가,0.0,0.07009455035674517
1598719424,Q2,0.0,0.024604130003038405
1598728704,Q3,1.0,-0.06449745076503538
1598732416,Q3,0.0,0.03228947480288366
1598769536,Q3,1.0,0.13070370787486885
1598925440,Q2,0.0,0.006491885114191909
1599085056,Q1_저가,0.0,0.04951385706048293
1599153728,Q2,0.0,-0.07594828203212922
1599257664,Q1_저가,0.0,-0.0018286342308569403
1599730944,Q4_고가,,0.0370204415406761
1599779200,Q1_저가,0.0,-0.0314099558459115
1599816320,Q3,0.0,0.07993879767435857
1599823744,Q4_고가,0.0,0.010698468585805865
1599829312,Q2,0.0,-0.04714549137980234
1600040896,Q4_고가,,-0.022358459081662563
1600302592,Q2,,-0.07238184987583501
1600436224,Q3,0.0,-0.0034296489452701473
1600542016,Q2,,0.024490081918103423
1600638528,Q1_저가,0.0,0.008262974285689922
1600642240,Q4_고가,0.0,0.00035582412371854
1600877952,Q3,1.0,0.10786000391108952
1600952192,Q1_저가,0.0,0.03874590960239885
1601037568,Q4_고가,1.0,-0.027017136050861534
1601052416,Q2,,0.02898602121921337
1601102528,Q2,0.0,-0.012595640876302605
1601145216,Q1_저가,0.0,0.00024187342534609524
1601161920,Q2,0.0,-0.013080511141887269
1601236160,Q4_고가,1.0,0.015645754848969684
1601282560,Q1_저가,,0.026305954725335645
1601369792,Q3,1.0,0.023442244499092157
1601553536,Q2,,-0.025036143682823697
1601648192,Q2,0.0,0.04499112744314586
1602295936,Q2,0.0,0.03215953174635963
1602385024,Q1_저가,0.0,-0.02328190163679633
1602403584,Q4_고가,0.0,0.07174870811190848
1602644864,Q2,,-0.042280062491372006
1602912128,Q1_저가,0.0,0.04574573037226366
1602945536,Q4_고가,,0.029121823714998843
1603270336,Q3,1.0,0.015901003569584626
1603275904,Q1_저가,,0.038938016918593554
1603504192,Q4_고가,0.0,0.013889165431097153
1603506048,Q3,,0.051441423897062744
1603559872,Q2,0.0,-0.005048896365654643
1603571008,Q3,,0.0414964465427724
1603613696,Q3,0.0,0.008265016886834536
1603821568,Q4_고가,0.0,0.009089055593548473
1603966336,Q4_고가,1.0,0.05771480340977714
1604060992,Q3,0.0,-0.019243928290439916
1604376512,Q3,1.0,0.039332406533733905
1604393216,Q4_고가,,0.034208659228988775
1604454464,Q1_저가,0.0,-0.07375785045843797
1604552832,Q2,,0.02067093010009574
1604731008,Q2,0.0,0.031571258510165845
1604866496,Q1_저가,0.0,0.03407105526690721
1605180160,Q2,0.0,0.06867120116471537
1605182016,Q4_고가,0.0,0.0023218385553811505
1605185728,Q1_저가,0.0,-0.0822678468471078
1605310080,Q2,,0.05667695435914316
1605495680,Q4_고가,0.0,0.06796898690248321
1605532800,Q2,0.0,-0.005164164762363477
1605625600,Q1_저가,1.0,0.044749163952218285
1605651584,Q2,0.0,-0.001545449168352253
1605904000,Q1_저가,1.0,0.04560903054007161
1605963392,Q2,1.0,0.04237630472406184
1606124864,Q1_저가,0.0,0.013360074152019369
1606308608,Q4_고가,1.0,0.006587365485641261
1606401408,Q3,0.0,0.011433249629494768
1606958208,Q1_저가,,0.007547538669718801
1607149376,Q3,0.0,0.031076225682078795
1607164224,Q1_저가,1.0,0.029243698377047378
1607216192,Q1_저가,0.0,0.01949909629927707
1607360960,Q1_저가,0.0,0.022120282678112918
1607531712,Q2,0.0,-0.046069068048588235
1607535424,Q1_저가,1.0,-0.04814510665861327
1607617088,Q3,0.0,0.018970750445020806
1607672768,Q1_저가,0.0,0.011912710025175105
1607878784,Q4_고가,0.0,0.024701884910510424
1607990144,Q1_저가,,0.002184339459512241
1608010560,Q4_고가,0.0,0.08864249594523321
1608353920,Q1_저가,0.0,0.03783714142430317
1608498688,Q1_저가,,-0.025940883566749173
1608688000,Q4_고가,0.0,0.012669664415118256
1608778944,Q2,0.0,-0.03793276100512588
1609669824,Q3,,0.015195537091628464
1609807168,Q1_저가,0.0,0.03271608484906252
1609927808,Q2,0.0,0.03670137448880642
1610007616,Q1_저가,,-0.07235146217819088
1610015040,Q3,1.0,-0.08203097860664021
1610048448,Q4_고가,0.0,0.04244175331672867
1610102272,Q4_고가,0.0,-0.014784271350513606
1610167232,Q2,,0.05660242609926451
1610180224,Q1_저가,1.0,0.030933009528022734
1610261888,Q2,0.0,0.04299341616300302
1610267456,Q2,,0.03476851794999014
1610408512,Q1_저가,,0.032228502991800925
1610822400,Q2,0.0,-0.036015382216621844
1610829824,Q2,,0.037769817809487724
1610842816,Q1_저가,,-0.0027779230756988516
1610931904,Q1_저가,0.0,0.00253089251591998
1611358784,Q3,0.0,0.02008810204751893
1611484992,Q4_고가,0.0,0.011413569336349627
1611689152,Q3,,0.03381151244510086
1611776384,Q1_저가,,0.04035072658707212
1611837632,Q4_고가,,-0.04835550842779884
1611863616,Q1_저가,0.0,-0.05886436509798676
1611967552,Q2,0.0,-0.01135857540451396
1612026944,Q2,1.0,-0.08820353464836472
1612279360,Q2,,0.0012100830387449246
1612294208,Q2,0.0,0.07548762344428768
1612307200,Q4_고가,,0.08126679527446279
1612392576,Q1_저가,0.0,0.018081587269364152
1612546624,Q3,,-0.03818748580159459
1612622720,Q3,,0.03873187307890025
1612808320,Q4_고가,0.0,0.01705913039637741
1612813888,Q4_고가,0.0,0.052272430631046474
1613005056,Q4_고가,0.0,0.002380875930786036
1613018048,Q1_저가,,0.00481063946814414
1613190656,Q4_고가,1.0,0.02073007356217836
1613487616,Q2,1.0,0.012151243728097477
1613582272,Q2,1.0,-0.01298921059911623
1613695488,Q1_저가,1.0,-0.04756754457776374
1614285696,Q1_저가,0.0,0.013497379734356385
1614296832,Q4_고가,1.0,0.010147262340912344
1614656896,Q2,0.0,0.019639887785297294
1614751552,Q4_고가,,0.06240031683951802
1614866624,Q1_저가,0.0,0.037890639507700524
1615323200,Q3,,0.06622723038955186
1615427136,Q2,0.0,0.0077158347580631725
1615499520,Q3,0.0,0.012474751854275434
1615512512,Q1_저가,,-0.03404146994939414
1615581184,Q1_저가,1.0,0.05074918710498015
1615672128,Q3,0.0,0.011117146268037503
1615805760,Q3,,0.0489761263424698
1615963520,Q4_고가,0.0,0.04561260773358625
1616149120,Q1_저가,1.0,0.03909537870638753
1616163968,Q3,0.0,0.04164480437201934
1616230784,Q3,,-0.007764171087892013
1616238208,Q1_저가,,0.04211883258983186
1616397824,Q2,0.0,-0.02199249033283529
1616449792,Q2,0.0,0.016391944620386012
1616498048,Q3,0.0,-0.026771529330146093
1616620544,Q2,0.0,0.022818194516313978
1616694784,Q4_고가,0.0,0.05173473636869963
1616891520,Q4_고가,,0.009998844178055855
1617220032,Q3,1.0,0.06610312660507711
1617377792,Q4_고가,1.0,0.02123323668971576
1617489152,Q3,1.0,0.030346955970078804
1617836224,Q1_저가,0.0,0.014087893447354727
1618307648,Q2,,0.008406392262360035
1618320640,Q3,0.0,0.05661887636928331
1618521088,Q4_고가,1.0,0.13077266208120242
1618823616,Q2,1.0,-0.023736105299732385
1618842176,Q1_저가,0.0,0.03898242846021778
1618866304,Q3,,0.022099884034930684
1619016640,Q3,,0.0009108348096288355
1619385984,Q2,0.0,0.047598556037631634
1619536320,Q3,1.0,0.04325427744614063
1619723776,Q1_저가,0.0,0.03770441116535847
1619757184,Q4_고가,,-0.024245419025659798
1619877824,Q2,1.0,0.005063607291950406
1620061568,Q3,0.0,0.03601967569229492
1620313984,Q4_고가,,0.027759458162987624
1620315840,Q1_저가,0.0,0.048233204971033644
1620334400,Q3,0.0,0.019834041065763836
1620339968,Q2,0.0,-0.10115038687660338
1620347392,Q1_저가,1.0,0.047324500137447975
1620380800,Q3,,0.04127679469421276
1620616512,Q4_고가,0.0,-0.004405853564283468
1621043392,Q2,,0.05664068424724433
1621473984,Q1_저가,0.0,0.027930701112739167
1621524096,Q3,,0.017921810922930742
1621648448,Q3,,0.03242645037236491
1621746816,Q2,0.0,0.047337816305546065
1621767232,Q4_고가,1.0,0.05359036259468686
1622066048,Q1_저가,,-0.032932095940963135
1622071616,Q2,0.0,0.001342689153534693
1622149568,Q4_고가,0.0,-0.005543067248224398
1622244224,Q2,,0.031565476110911594
1622275776,Q1_저가,0.0,0.05019136769899646
1622288768,Q1_저가,0.0,0.045414749869012117
1622565312,Q2,0.0,-0.0042257382940473764
1622619136,Q4_고가,0.0,0.009798002183201149
1622639552,Q4_고가,1.0,0.02262625182034346
1622765760,Q1_저가,0.0,0.04675540695626032
1623422784,Q2,0.0,0.056381384829458814
1623461760,Q1_저가,,0.04123805080158238
1623665920,Q4_고가,0.0,0.038352112136735825
1623671488,Q2,,0.023425762590657317
1623760576,Q1_저가,1.0,0.003263233096787166
1624113216,Q2,0.0,-0.04296269769836361
1624283968,Q1_저가,0.0,0.05011681471416751
1624632896,Q3,0.0,0.027428974374660714
1624644032,Q2,0.0,0.018805886899614377
1624668160,Q1_저가,1.0,-0.010911915945066325
1624877888,Q3,1.0,-0.022173642142487737
1624937280,Q1_저가,0.0,0.04787741414678352
1625289920,Q2,1.0,0.01986602178589225
1626344128,Q2,0.0,0.03357695358697954
1626518592,Q1_저가,1.0,-0.013896737948718985
1626628096,Q1_저가,,-0.0034463069226077225
1626891648,Q4_고가,0.0,0.04280717421016142
1627003008,Q4_고가,,0.02469710284739264
1627433600,Q4_고가,0.0,0.04666178243802244
1627548672,Q3,,-0.04677255518319823
1628021952,Q4_고가,1.0,0.005625486180410089
1628233536,Q1_저가,,-0.009875825568387842
1628302208,Q1_저가,1.0,-0.025461196745060366
1628543488,Q1_저가,1.0,0.026359829845034932
1628704960,Q3,0.0,0.071604688021973
1628859008,Q1_저가,1.0,0.008269355795645472
1628931392,Q2,1.0,0.05113178408026392
1629013056,Q3,0.0,0.016731592812033874
1629321152,Q1_저가,0.0,-0.0007096542872143119
1629553152,Q4_고가,1.0,0.04278633213591729
1629564288,Q3,0.0,-0.007038921760915723
1629642240,Q2,0.0,0.047169588880344046
1629785152,Q3,1.0,0.024207414894482318
1629915072,Q1_저가,,0.038317025818617456
1629920640,Q3,0.0,0.05178986110507555
1630117376,Q3,1.0,0.019919782144303344
1630124800,Q4_고가,0.0,-0.027944814150616865
1630315968,Q3,1.0,0.0682017982717687
1630325248,Q1_저가,1.0,0.04687916470287917
1630449600,Q3,0.0,-0.014665334039782402
1630715008,Q4_고가,,0.002615384938722959
1631089920,Q1_저가,0.0,0.029663788778596503
1631321920,Q2,1.0,-0.005589578679431967
1631500096,Q1_저가,1.0,-0.00991513515246939
1631821184,Q3,,0.058273394333907935
1631871296,Q4_고가,0.0,0.03609953173483839
1631880576,Q1_저가,1.0,-0.009970697248141841
1632530176,Q1_저가,0.0,0.011675725743935078
1632578432,Q3,0.0,-0.014447490098813243
1632667520,Q1_저가,,0.01648902247489542
1632747328,Q4_고가,0.0,0.01906185692115031
1633159360,Q4_고가,0.0,0.01040128090271375
1633298560,Q3,0.0,-0.004512620255597621
1633363520,Q1_저가,0.0,0.07257050657036418
1633393216,Q2,0.0,0.046552888101137405
1633872064,Q3,1.0,-0.006586995506084853
1634167168,Q4_고가,0.0,0.02611478340211848
1634323072,Q1_저가,0.0,0.09061043613498776
1634415872,Q2,0.0,-0.022723395371192223
1634486400,Q2,1.0,0.07632929593986265
1635000512,Q2,0.0,0.052959982366613034
1635319744,Q1_저가,0.0,0.019194307629882668
1635620416,Q1_저가,0.0,0.029317214079139425
1635794880,Q2,0.0,-0.021398913851065876
1636032448,Q4_고가,0.0,0.03697305884434757
1636290432,Q2,0.0,0.057354745811795144
1636303424,Q4_고가,0.0,0.04300605717209202
1636535424,Q2,0.0,0.04932587794784532
1636574400,Q4_고가,,0.05800271849855518
1636648640,Q1_저가,,0.01013918542445974
1636832384,Q2,0.0,0.05746357720083173
1636973440,Q1_저가,1.0,0.018096257416054806
1637973824,Q3,0.0,0.06786006978343365
1637990528,Q4_고가,0.0,0.06083355814952676
1638192832,Q3,0.0,0.04821860326849853
1638346880,Q2,0.0,0.07647786734026082
1638439680,Q4_고가,1.0,0.02690548901055248
1638515776,Q4_고가,0.0,0.10405095286178614
1639254464,Q1_저가,0.0,0.08792870473449152
1639291584,Q1_저가,,0.06107208980737136
1639443776,Q1_저가,,0.06976787008080951
1639837248,Q1_저가,1.0,0.033808107506979934
1639889216,Q4_고가,,0.041382761174653615
1640002432,Q4_고가,1.0,0.03960162809195222
1640074816,Q3,,0.03177559989940329
1640117504,Q1_저가,0.0,0.002437367222625497
1640149056,Q2,0.0,-0.001321557952363328
1640241856,Q3,0.0,0.03132099905947017
1640251136,Q1_저가,0.0,0.03696921118988858
1640382912,Q4_고가,0.0,0.03795994849296819
1640410752,Q4_고가,,0.022412728199767556
1640479424,Q3,0.0,0.011224065424866425
1640913728,Q4_고가,0.0,0.022531095707611415
1641019520,Q4_고가,0.0,0.05793588143559453
1670400000,Q4_고가,0.0,-0.09812301191584172
1670606016,Q4_고가,,0.10269084744060347
1670620864,Q2,,0.13751777030354118
