회원번호,가격구간,uplift_logit,uplift_rf,double_verified,single_verified,revenue_risk_flag,targeting_tier
1274589440,Q1_저가,0.1387348095967885,0.20005245360285,True,False,False,Tier1_최우선
349423552,Q4_고가,0.1196494623830232,0.1734083451445168,True,False,False,Tier1_최우선
77901888,Q3,0.03045771145011,0.156997184233763,True,False,False,Tier1_최우선
753368960,Q4_고가,0.0406188980849019,0.1566988459667151,True,False,False,Tier1_최우선
588862400,Q3,0.0346887802913243,0.1532571868431965,True,False,False,Tier1_최우선
765330880,Q4_고가,0.0463088636915665,0.1522829842930664,True,False,False,Tier1_최우선
567939712,Q4_고가,0.0502024287000429,0.1515655577236048,True,False,False,Tier1_최우선
202107264,Q4_고가,0.0356527979789857,0.1485865831336316,True,False,False,Tier1_최우선
743385536,Q2,0.0450114706184081,0.1473459721645169,True,False,False,Tier1_최우선
618272576,Q1_저가,0.1358456599078008,0.1461094378576773,True,False,False,Tier1_최우선
782075712,Q4_고가,0.0774449425877013,0.1447994309248073,True,False,False,Tier1_최우선
396194752,Q2,0.051820685293012,0.1422563975201889,True,False,False,Tier1_최우선
610607296,Q4_고가,0.0426898048968282,0.1416696756894941,True,False,False,Tier1_최우선
1451401280,Q4_고가,0.0376235184847191,0.1402018550611613,True,False,False,Tier1_최우선
1063656896,Q1_저가,0.0635779643858822,0.1393748206182983,True,False,False,Tier1_최우선
80080832,Q4_고가,0.0326234484418048,0.1392260778588697,True,False,False,Tier1_최우선
198087168,Q3,0.0327266846140368,0.1387994027137347,True,False,False,Tier1_최우선
767782656,Q3,0.0279249314898348,0.1386983292173065,True,False,False,Tier1_최우선
1391075712,Q1_저가,0.0270372939073775,0.1374414578374951,True,False,False,Tier1_최우선
1456948864,Q3,0.1259481158168984,0.1370558420715313,True,False,False,Tier1_최우선
1544977088,Q1_저가,0.0375593002919778,0.1364869273905564,True,False,False,Tier1_최우선
1489113344,Q3,0.0483436445133524,0.135640083011763,True,False,False,Tier1_최우선
749682944,Q3,0.0294516074976459,0.1356052475164897,True,False,False,Tier1_최우선
349172992,Q3,0.0494679400522117,0.1355501720466588,True,False,False,Tier1_최우선
1523349120,Q2,0.0429376406985464,0.1333314812145195,True,False,False,Tier1_최우선
1520561408,Q3,0.1250096694562879,0.1325331971876577,True,False,False,Tier1_최우선
75438976,Q4_고가,0.0575788620273803,0.1324092964704308,True,False,False,Tier1_최우선
238379072,Q4_고가,0.0427624867631384,0.1317150276884745,True,False,False,Tier1_최우선
1010144704,Q2,0.0497837764680315,0.1314776756068096,True,False,False,Tier1_최우선
850524992,Q4_고가,0.0454362746234483,0.129343713225447,True,False,False,Tier1_최우선
328602944,Q3,0.0354835599261557,0.1288725094783902,True,False,False,Tier1_최우선
965598848,Q2,0.0319163525378349,0.1283633351513946,True,False,False,Tier1_최우선
1066225600,Q3,0.0379262971170804,0.1268970707272501,True,False,False,Tier1_최우선
310699968,Q3,0.0340295906561308,0.1263480820056307,True,False,False,Tier1_최우선
279736320,Q1_저가,0.0362859677084902,0.1258669890939268,True,False,False,Tier1_최우선
597943808,Q4_고가,0.0281898575621803,0.1253059917122144,True,False,False,Tier1_최우선
769798272,Q1_저가,0.1286989944568928,0.1250664484544634,True,False,False,Tier1_최우선
777808768,Q3,0.03951765494568,0.1250076563153869,True,False,False,Tier1_최우선
42955264,Q4_고가,0.027446376600463,0.1249067397669972,True,False,False,Tier1_최우선
1280359744,Q3,0.1185892916393004,0.1246404414203091,True,False,False,Tier1_최우선
152184576,Q4_고가,0.0553347390536634,0.1245653006370168,True,False,False,Tier1_최우선
204323328,Q4_고가,0.0537095905915722,0.1241087679461089,True,False,False,Tier1_최우선
384858304,Q3,0.0356462482030628,0.1239901172211909,True,False,False,Tier1_최우선
64861632,Q4_고가,0.0325547560209004,0.1220883947856511,True,False,False,Tier1_최우선
71465280,Q4_고가,0.0468636729415279,0.1217948950199234,True,False,False,Tier1_최우선
819869440,Q3,0.0326135863790841,0.1212491912706004,True,False,False,Tier1_최우선
762184960,Q3,0.0491645404985842,0.1201571339564528,True,False,False,Tier1_최우선
1444912704,Q3,0.0913220348149136,0.1197793934795048,True,False,False,Tier1_최우선
82426816,Q3,0.0338092410249872,0.1180160021136254,True,False,False,Tier1_최우선
437345984,Q1_저가,0.0361013111696779,0.1179934975721528,True,False,False,Tier1_최우선
1345033920,Q3,0.0293153731035221,0.1168533600412065,True,False,False,Tier1_최우선
1223250624,Q1_저가,0.0423822665128608,0.1163458092617794,True,False,False,Tier1_최우선
714363264,Q2,0.051054985259006,0.1156825553196431,True,False,False,Tier1_최우선
444354240,Q4_고가,0.0404413827503594,0.1151328763690788,True,False,False,Tier1_최우선
861712960,Q3,0.0374259408749446,0.1150662000335757,True,False,False,Tier1_최우선
154396928,Q2,0.0563089702501825,0.1132398380417489,True,False,False,Tier1_최우선
86940608,Q3,0.0490449238325673,0.1127379952160598,True,False,False,Tier1_최우선
85413120,Q3,0.0505516297281887,0.1123807032073385,True,False,False,Tier1_최우선
489321408,Q3,0.0528785589167837,0.1122215525821062,True,False,False,Tier1_최우선
761596608,Q4_고가,0.0384482228260364,0.1119147831660966,True,False,False,Tier1_최우선
1057712128,Q3,0.0364720982373448,0.1118788974343782,True,False,False,Tier1_최우선
62361600,Q1_저가,0.0308467873969584,0.1116865630558385,True,False,False,Tier1_최우선
46348032,Q3,0.0292216213818323,0.1087517599445082,True,False,False,Tier1_최우선
261618048,Q3,0.0422246187557737,0.1080868940704063,True,False,False,Tier1_최우선
354419904,Q4_고가,0.0307710732445817,0.1073632316608986,True,False,False,Tier1_최우선
447960448,Q4_고가,0.0429592944800008,0.1067962375942239,True,False,False,Tier1_최우선
306117504,Q3,0.0394141513302219,0.106298244736373,True,False,False,Tier1_최우선
1336583552,Q3,0.1062317963237741,0.1061652768822576,True,False,False,Tier1_최우선
1007830272,Q1_저가,0.0556618949984759,0.1057593658937564,True,False,False,Tier1_최우선
348768384,Q1_저가,0.0460104375811202,0.1054239372723723,True,False,False,Tier1_최우선
870144768,Q3,0.0561037710742138,0.1053312478110336,True,False,False,Tier1_최우선
66472640,Q3,0.0416036209828658,0.1049285482267057,True,False,False,Tier1_최우선
254585664,Q4_고가,0.0392596486906537,0.1048166872827552,True,False,False,Tier1_최우선
179846400,Q3,0.0290502147049995,0.1039760872630889,True,False,False,Tier1_최우선
1355356992,Q3,0.0644222994185909,0.1035129585284554,True,False,False,Tier1_최우선
57272448,Q3,0.04911413108216,0.1031678110306008,True,False,False,Tier1_최우선
963122944,Q3,0.0560650942677943,0.1030673214820314,True,False,False,Tier1_최우선
360450048,Q4_고가,0.0371532376810536,0.1027530151210519,True,False,False,Tier1_최우선
1087500928,Q3,0.1110946479810154,0.1027102970801677,True,False,False,Tier1_최우선
1356533696,Q2,0.0326087472293155,0.1017078760245916,True,False,False,Tier1_최우선
881228800,Q1_저가,0.1263812699796761,0.1007962780985622,True,False,False,Tier1_최우선
632367040,Q4_고가,0.0435946479767449,0.1006556363126683,True,False,False,Tier1_최우선
433121728,Q4_고가,0.049600220427978,0.1002103660330422,True,False,False,Tier1_최우선
1297112000,Q1_저가,0.0322591473378297,0.0997160967828796,True,False,False,Tier1_최우선
472346432,Q2,0.0690455608093487,0.0995980294877866,True,False,False,Tier1_최우선
292576128,Q3,0.0295154928183184,0.0986303643445222,True,False,False,Tier1_최우선
543603840,Q4_고가,0.0402726603317856,0.0982649846339042,True,False,False,Tier1_최우선
763285568,Q4_고가,0.0877040749792618,0.0982037896657589,True,False,False,Tier1_최우선
573439040,Q3,0.0405122450307764,0.0980522775302994,True,False,False,Tier1_최우선
260385664,Q3,0.0334000171124073,0.0968218426396195,True,False,False,Tier1_최우선
1100958784,Q2,0.0287023569463847,0.0965069443320659,True,False,False,Tier1_최우선
387662720,Q3,0.0602833276849603,0.096447816645147,True,False,False,Tier1_최우선
963050560,Q3,0.0396997543432317,0.0960055777439016,True,False,False,Tier1_최우선
1292145344,Q2,0.042725789650691,0.095712221881784,True,False,False,Tier1_최우선
348764672,Q3,0.1001814839175707,0.0954874192642165,True,False,False,Tier1_최우선
252662848,Q1_저가,0.1320539467320446,0.0951753473575635,True,False,False,Tier1_최우선
768899968,Q2,0.0480537150739855,0.0949185458985168,True,False,False,Tier1_최우선
1028782656,Q4_고가,0.1255054625032127,0.0943178942012893,True,False,False,Tier1_최우선
1570227968,Q3,0.0605011962962602,0.0942347561783507,True,False,False,Tier1_최우선
1521405888,Q3,0.0706730995245253,0.0932152592665798,True,False,False,Tier1_최우선
561157888,Q1_저가,0.0404309695530672,0.0928551627919389,True,False,False,Tier1_최우선
1535561600,Q3,0.0638236935233115,0.0914365489370707,True,False,False,Tier1_최우선
645065792,Q4_고가,0.0626456506584974,0.0914281303585186,True,False,False,Tier1_최우선
1197446656,Q4_고가,0.0538966362067578,0.0910625624335128,True,False,False,Tier1_최우선
1107772160,Q4_고가,0.0435378789512509,0.0909536086749461,True,False,False,Tier1_최우선
1634323072,Q1_저가,0.0548429807398385,0.0906104361349877,True,False,False,Tier1_최우선
1544169728,Q4_고가,0.0376097368445093,0.0905244553785361,True,False,False,Tier1_최우선
875011200,Q3,0.0460429380826215,0.0902670851704665,True,False,False,Tier1_최우선
241589952,Q3,0.0626296403504907,0.0896166666656337,True,False,False,Tier1_최우선
105895936,Q1_저가,0.0652147441207822,0.0893502710970156,True,False,False,Tier1_최우선
749716352,Q3,0.0337372139803553,0.0889877269938718,True,False,False,Tier1_최우선
369395968,Q4_고가,0.0624899858792232,0.0889650545602466,True,False,False,Tier1_최우선
68891008,Q1_저가,0.0416824778928309,0.0888112818476791,True,False,False,Tier1_최우선
698000768,Q2,0.0531767279230694,0.0887412091073552,True,False,False,Tier1_최우선
1608010560,Q4_고가,0.0525000722738263,0.0886424959452332,True,False,False,Tier1_최우선
297132608,Q4_고가,0.1072880132011163,0.0884103411457031,True,False,False,Tier1_최우선
854925568,Q1_저가,0.1083246817268006,0.0882277382932382,True,False,False,Tier1_최우선
564513536,Q3,0.0619485222745594,0.0881595083415607,True,False,False,Tier1_최우선
1639254464,Q1_저가,0.0311993281871822,0.0879287047344915,True,False,False,Tier1_최우선
538421888,Q2,0.0506229676164907,0.0875291953027522,True,False,False,Tier1_최우선
879510144,Q2,0.0267401826312715,0.0864832763503604,True,False,False,Tier1_최우선
1345360576,Q2,0.0397559279614375,0.0859260122966878,True,False,False,Tier1_최우선
682122688,Q3,0.0517152428381421,0.0857320124762673,True,False,False,Tier1_최우선
552729792,Q3,0.0340143804029745,0.0853189140039847,True,False,False,Tier1_최우선
377972544,Q3,0.0596176288606694,0.0852464739732595,True,False,False,Tier1_최우선
1090858432,Q2,0.0355108136970665,0.0851535059818585,True,False,False,Tier1_최우선
859044032,Q4_고가,0.0983771929521465,0.084599058755084,True,False,False,Tier1_최우선
1475239744,Q3,0.0333228745039185,0.0842641472321239,True,False,False,Tier1_최우선
541805376,Q3,0.0519608212994076,0.0840608181381386,True,False,False,Tier1_최우선
883751104,Q1_저가,0.0619512835093102,0.0840377160304387,True,False,False,Tier1_최우선
264157056,Q4_고가,0.0346048080724398,0.08370796747843,True,False,False,Tier1_최우선
172097600,Q3,0.0596368264209506,0.0835352370012951,True,False,False,Tier1_최우선
456182528,Q2,0.0281338396618962,0.083398647948061,True,False,False,Tier1_최우선
482374400,Q2,0.044657182011068,0.0826852247416991,True,False,False,Tier1_최우선
813581312,Q3,0.0318846925937207,0.0823342542599031,True,False,False,Tier1_최우선
854173888,Q2,0.1281940624183615,0.0823253756251676,True,False,False,Tier1_최우선
991536448,Q3,0.0287260421820244,0.0821489951371199,True,False,False,Tier1_최우선
745471680,Q1_저가,0.030245183109279,0.0816777456434428,True,False,False,Tier1_최우선
254246016,Q3,0.0478756866214685,0.0813906264572111,True,False,False,Tier1_최우선
115031168,Q4_고가,0.0300467602855288,0.0808027654917986,True,False,False,Tier1_최우선
1172661632,Q2,0.0491584973064168,0.0807066476918486,True,False,False,Tier1_최우선
1368165248,Q3,0.0355167412091774,0.0806830921003083,True,False,False,Tier1_최우선
1282067264,Q3,0.0286685666890647,0.0806711721946773,True,False,False,Tier1_최우선
323591744,Q3,0.0276469456799335,0.07978824893885,True,False,False,Tier1_최우선
1376506112,Q3,0.0521621985797666,0.0797046001814159,True,False,False,Tier1_최우선
1504115392,Q2,0.047055846910559,0.0791092488978831,True,False,False,Tier1_최우선
781019648,Q3,0.0368528401151804,0.0790952772061683,True,False,False,Tier1_최우선
1123876672,Q3,0.0508853709676906,0.0790093209786181,True,False,False,Tier1_최우선
1384381120,Q4_고가,0.0367878267204142,0.0786278313709298,True,False,False,Tier1_최우선
1014920192,Q1_저가,0.0359453844279197,0.0773660892349793,True,False,False,Tier1_최우선
549884544,Q3,0.027940451320062,0.0770812093647025,True,False,False,Tier1_최우선
932768064,Q4_고가,0.1007209139103113,0.0767362703347791,True,False,False,Tier1_최우선
1030716608,Q3,0.1021015844332323,0.0766405450724166,True,False,False,Tier1_최우선
1638346880,Q2,0.1182527144794865,0.0764778673402608,True,False,False,Tier1_최우선
986089088,Q2,0.0274911739610783,0.0764139610851133,True,False,False,Tier1_최우선
1575439616,Q3,0.0315013888927133,0.0763994789731939,True,False,False,Tier1_최우선
1068701504,Q2,0.0271587390660491,0.0762506921141314,True,False,False,Tier1_최우선
53382272,Q2,0.027987768007496,0.0761670886815542,True,False,False,Tier1_최우선
274092224,Q1_저가,0.0416155871424965,0.075759836199306,True,False,False,Tier1_최우선
747676608,Q2,0.0345036861090816,0.0755821636587321,True,False,False,Tier1_최우선
1612294208,Q2,0.027876984470684,0.0754876234442876,True,False,False,Tier1_최우선
928317376,Q3,0.0299530303929551,0.0754753903888338,True,False,False,Tier1_최우선
768371008,Q4_고가,0.0736686936687551,0.0752694959304851,True,False,False,Tier1_최우선
1321202880,Q2,0.0294939292698791,0.0750268504386549,True,False,False,Tier1_최우선
411185664,Q2,0.0421740880833171,0.0746443406359259,True,False,False,Tier1_최우선
357443328,Q4_고가,0.0312962842114297,0.0744740615678921,True,False,False,Tier1_최우선
1224841216,Q3,0.0404464331950343,0.0743251501193802,True,False,False,Tier1_최우선
1190471808,Q3,0.0300513796359896,0.0741987398478741,True,False,False,Tier1_최우선
1524392192,Q1_저가,0.0346740869072605,0.0738071411158976,True,False,False,Tier1_최우선
744747840,Q4_고가,0.0342678023128586,0.0737636860649351,True,False,False,Tier1_최우선
248611200,Q3,0.0333325348845203,0.073563643706393,True,False,False,Tier1_최우선
693145472,Q4_고가,0.02713082461192,0.0734625505050324,True,False,False,Tier1_최우선
236495232,Q4_고가,0.0421400556159036,0.0734314832533381,True,False,False,Tier1_최우선
327816000,Q4_고가,0.1034021731777199,0.0733881715646388,True,False,False,Tier1_최우선
1464601152,Q2,0.0457784607835074,0.0733859338903745,True,False,False,Tier1_최우선
1244360768,Q2,0.0636850014333087,0.0730657752586489,True,False,False,Tier1_최우선
1550997952,Q1_저가,0.1174283531798238,0.0729593600597001,True,False,False,Tier1_최우선
48859200,Q4_고가,0.0380514976883682,0.0726414678374632,True,False,False,Tier1_최우선
1413518464,Q2,0.0293444785895226,0.0726299680686865,True,False,False,Tier1_최우선
763964864,Q4_고가,0.0298374873505324,0.0722442453253165,True,False,False,Tier1_최우선
480726272,Q4_고가,0.1037979548614316,0.0722336157026531,True,False,False,Tier1_최우선
775564864,Q3,0.0344485451978513,0.0720386068911794,True,False,False,Tier1_최우선
436215680,Q3,0.056371671051978,0.0716342589482259,True,False,False,Tier1_최우선
1628704960,Q3,0.1596175370849026,0.071604688021973,True,False,False,Tier1_최우선
730647808,Q3,0.0346981922852575,0.0715399517559692,True,False,False,Tier1_최우선
1024729152,Q3,0.026498540224394,0.0714456770480531,True,False,False,Tier1_최우선
798299008,Q3,0.0342840846735216,0.0714318064887205,True,False,False,Tier1_최우선
553835968,Q1_저가,0.0568656080240149,0.0712479154636085,True,False,False,Tier1_최우선
1220418368,Q2,0.0453933473653758,0.0711848189233627,True,False,False,Tier1_최우선
742912256,Q4_고가,0.0336111491198665,0.0709798692773213,True,False,False,Tier1_최우선
374171456,Q3,0.029813709351495,0.0706324914144153,True,False,False,Tier1_최우선
889410048,Q4_고가,0.0328800532829874,0.0705796675930802,True,False,False,Tier1_최우선
936145984,Q4_고가,0.0475120391899843,0.0704197368061035,True,False,False,Tier1_최우선
49178432,Q3,0.1252039082690704,0.0700923750797541,True,False,False,Tier1_최우선
1530047424,Q1_저가,0.0353348136132227,0.0698873780914743,True,False,False,Tier1_최우선
1551400704,Q1_저가,0.1260955442647231,0.0698385532414338,True,False,False,Tier1_최우선
127668672,Q4_고가,0.047353948359384,0.0698145346715573,True,False,False,Tier1_최우선
1567546048,Q3,0.0323445432145555,0.0695194882318255,True,False,False,Tier1_최우선
91992640,Q3,0.0796527775576554,0.069434449444237,True,False,False,Tier1_최우선
1558531456,Q4_고가,0.0282854941067164,0.0691961544238333,True,False,False,Tier1_최우선
1493402560,Q4_고가,0.0364989640366878,0.0689641305839678,True,False,False,Tier1_최우선
1605180160,Q2,0.0348248505480453,0.0686712011647153,True,False,False,Tier1_최우선
1213439808,Q3,0.0435487952296773,0.0685490834242291,True,False,False,Tier1_최우선
123069504,Q3,0.027197789791035,0.068450763814608,True,False,False,Tier1_최우선
744285696,Q1_저가,0.0441357096756561,0.0683672885007884,True,False,False,Tier1_최우선
546038912,Q4_고가,0.061547755289568,0.0683036683012684,True,False,False,Tier1_최우선
38862784,Q3,0.0320896417829388,0.0681752354264421,True,False,False,Tier1_최우선
1605495680,Q4_고가,0.0512156085373632,0.0679689869024832,True,False,False,Tier1_최우선
1135899840,Q3,0.0399508934719615,0.0678606771381781,True,False,False,Tier1_최우선
786409472,Q1_저가,0.0407141286174584,0.0678489371830051,True,False,False,Tier1_최우선
852427392,Q1_저가,0.0363761185718928,0.0678239918821206,True,False,False,Tier1_최우선
977213696,Q1_저가,0.0484515978161462,0.0676332289276564,True,False,False,Tier1_최우선
1501110528,Q3,0.0341234809307364,0.0675431591982435,True,False,False,Tier1_최우선
550940608,Q4_고가,0.0297245579215714,0.0673319186858492,True,False,False,Tier1_최우선
1425465536,Q3,0.0979763239555662,0.0671244950546247,True,False,False,Tier1_최우선
632940544,Q1_저가,0.030473176505432,0.0667813671923658,True,False,False,Tier1_최우선
799366208,Q1_저가,0.0517007120613738,0.0665696622350026,True,False,False,Tier1_최우선
386820096,Q3,0.0301527105802941,0.0662880499759517,True,False,False,Tier1_최우선
177858624,Q2,0.0336231439019989,0.0655450408182597,True,False,False,Tier1_최우선
709641600,Q3,0.0413896907298868,0.0655440850776556,True,False,False,Tier1_최우선
1167743232,Q3,0.0425728368052608,0.0650232346217098,True,False,False,Tier1_최우선
865742336,Q2,0.0319325411341586,0.0650121753288346,True,False,False,Tier1_최우선
92514176,Q4_고가,0.0379806112214523,0.0649800848770774,True,False,False,Tier1_최우선
1120866240,Q4_고가,0.0536404949543937,0.0644450675469544,True,False,False,Tier1_최우선
1323656512,Q3,0.0991791419408332,0.0643256480452402,True,False,False,Tier1_최우선
747153216,Q3,0.028468237545039,0.064066696231358,True,False,False,Tier1_최우선
544917888,Q1_저가,0.1173512729430861,0.0638196350885803,True,False,False,Tier1_최우선
657163200,Q2,0.0419027139649261,0.0636264209750335,True,False,False,Tier1_최우선
238085824,Q2,0.0342287513499919,0.0635664858331499,True,False,False,Tier1_최우선
363441920,Q3,0.0335802625424738,0.0634996970513989,True,False,False,Tier1_최우선
672729472,Q1_저가,0.0361829388910061,0.0634958150964438,True,False,False,Tier1_최우선
298218368,Q2,0.0446882951846364,0.0634037216378009,True,False,False,Tier1_최우선
743417088,Q2,0.1525371180264603,0.0633700844444434,True,False,False,Tier1_최우선
204041216,Q3,0.0354634483144117,0.0630502037725395,True,False,False,Tier1_최우선
765275200,Q4_고가,0.0298359950674137,0.0627426650565065,True,False,False,Tier1_최우선
648395456,Q2,0.0354030580711235,0.0626181356897984,True,False,False,Tier1_최우선
415641920,Q3,0.0340786959282597,0.0621865892220782,True,False,False,Tier1_최우선
127141568,Q4_고가,0.0331174028708122,0.0619380030659113,True,False,False,Tier1_최우선
447754432,Q2,0.0528180661345925,0.0617737911113487,True,False,False,Tier1_최우선
408956608,Q2,0.0371962788344341,0.0614564220204658,True,False,False,Tier1_최우선
746112000,Q2,0.0408628710460597,0.0613065278353908,True,False,False,Tier1_최우선
1267759360,Q3,0.0538999200301506,0.061141551789235,True,False,False,Tier1_최우선
735339776,Q3,0.0266929865867132,0.0609831276685075,True,False,False,Tier1_최우선
1546877632,Q1_저가,0.0343426365650288,0.0609256085622852,True,False,False,Tier1_최우선
1398299264,Q3,0.0436106505549587,0.0607708174866437,True,False,False,Tier1_최우선
694554176,Q3,0.0327778585420166,0.0598648956425588,True,False,False,Tier1_최우선
265005248,Q2,0.0313224597859649,0.0597977736797271,True,False,False,Tier1_최우선
561449280,Q2,0.0577293093821975,0.0597150181149687,True,False,False,Tier1_최우선
1072578688,Q3,0.0353293736888065,0.0596733359985516,True,False,False,Tier1_최우선
362929664,Q4_고가,0.1335352216426976,0.0596389002512804,True,False,False,Tier1_최우선
1220984448,Q3,0.0486862478022356,0.0595892434637668,True,False,False,Tier1_최우선
1159031168,Q4_고가,0.043204118037578,0.0595390784703046,True,False,False,Tier1_최우선
140326592,Q4_고가,0.032613713938446,0.0594962242554771,True,False,False,Tier1_최우선
216476416,Q3,0.0389812418737418,0.0593977525521648,True,False,False,Tier1_최우선
138708160,Q3,0.0366268419980533,0.0593964393052319,True,False,False,Tier1_최우선
1473651008,Q2,0.0334109135279661,0.0592287414024205,True,False,False,Tier1_최우선
273171648,Q1_저가,0.0338456883975091,0.0590951440054407,True,False,False,Tier1_최우선
1504291712,Q1_저가,0.0376900685461574,0.0588357023682764,True,False,False,Tier1_최우선
780306944,Q3,0.0883390317614785,0.0586925464298537,True,False,False,Tier1_최우선
1237413760,Q1_저가,0.0275788694715235,0.0583740123477347,True,False,False,Tier1_최우선
921333248,Q1_저가,0.0385332739294072,0.0581838522341162,True,False,False,Tier1_최우선
502604800,Q3,0.0291056226965299,0.0581459385390951,True,False,False,Tier1_최우선
1179927872,Q3,0.0322261443924729,0.0580310854801707,True,False,False,Tier1_최우선
747413056,Q3,0.0459551716571505,0.0578921995608525,True,False,False,Tier1_최우선
842681536,Q3,0.0491868256170313,0.0578700351023089,True,False,False,Tier1_최우선
1253609216,Q3,0.0512431464200663,0.0577584109954328,True,False,False,Tier1_최우선
1365652224,Q3,0.0306757429720178,0.0577085977411347,True,False,False,Tier1_최우선
1072756864,Q2,0.0428944685711701,0.0576752311377876,True,False,False,Tier1_최우선
1036403392,Q2,0.0526892401764935,0.057633206229248,True,False,False,Tier1_최우선
744246720,Q3,0.0459504197697461,0.0575006101922423,True,False,False,Tier1_최우선
442656000,Q3,0.0423822397466283,0.0573358841575889,True,False,False,Tier1_최우선
262870848,Q3,0.0356962805397229,0.057198477344603,True,False,False,Tier1_최우선
573852928,Q2,0.0460791132272334,0.0571014992639722,True,False,False,Tier1_최우선
969568832,Q3,0.0403541393740914,0.0570373644786502,True,False,False,Tier1_최우선
698555712,Q1_저가,0.0300293096352285,0.0570362187258843,True,False,False,Tier1_최우선
1575018304,Q2,0.061702987623124,0.0567758867240453,True,False,False,Tier1_최우선
1382408192,Q4_고가,0.0316733918525201,0.0562436340115121,True,False,False,Tier1_최우선
950971712,Q3,0.0641762884020568,0.0561229291430023,True,False,False,Tier1_최우선
947755264,Q3,0.0332377114962736,0.0561122494584078,True,False,False,Tier1_최우선
79473920,Q3,0.0434235805595623,0.0556483075894745,True,False,False,Tier1_최우선
923773888,Q4_고가,0.0362085021022894,0.0556230916234194,True,False,False,Tier1_최우선
623092608,Q2,0.0465905897137913,0.0556121150098076,True,False,False,Tier1_최우선
1449159232,Q4_고가,0.0582388429036955,0.055498530355189,True,False,False,Tier1_최우선
283138368,Q2,0.1319383232606252,0.055437709448922,True,False,False,Tier1_최우선
718984704,Q3,0.044720006699406,0.0554247263153901,True,False,False,Tier1_최우선
161689152,Q2,0.040849065514095,0.0553540049153274,True,False,False,Tier1_최우선
744179904,Q3,0.0299724642931972,0.0552878496572283,True,False,False,Tier1_최우선
747221888,Q3,0.0340959050427626,0.0552092077071815,True,False,False,Tier1_최우선
618599232,Q2,0.1352145774522953,0.0550549659687652,True,False,False,Tier1_최우선
736971200,Q4_고가,0.0284492550366433,0.054938862487402,True,False,False,Tier1_최우선
1260559936,Q3,0.0345482248293526,0.0544918811587581,True,False,False,Tier1_최우선
690417152,Q1_저가,0.0527347033352354,0.054453829567452,True,False,False,Tier1_최우선
405964736,Q3,0.0423970677461649,0.0542441581189874,True,False,False,Tier1_최우선
76545152,Q4_고가,0.0299658887552833,0.0539498326010631,True,False,False,Tier1_최우선
743773440,Q4_고가,0.0305321181536049,0.0538245996995354,True,False,False,Tier1_최우선
466546432,Q4_고가,0.028153276291426,0.0537422485468923,True,False,False,Tier1_최우선
1511138496,Q4_고가,0.0414114796552792,0.0536980983271994,True,False,False,Tier1_최우선
564572928,Q3,0.0272198095869511,0.0536844314763408,True,False,False,Tier1_최우선
809568640,Q3,0.0276827179158239,0.0534961944812155,True,False,False,Tier1_최우선
1416081600,Q2,0.026404573467362,0.0534504933903262,True,False,False,Tier1_최우선
886323520,Q4_고가,0.0586100860468574,0.0534189629109742,True,False,False,Tier1_최우선
882485312,Q1_저가,0.0409281178330783,0.053344557152396,True,False,False,Tier1_최우선
1519731776,Q2,0.0330530507877723,0.0533099912047035,True,False,False,Tier1_최우선
797367296,Q4_고가,0.0368396620068556,0.0533065096445382,True,False,False,Tier1_최우선
811940608,Q2,0.0411520069659833,0.0533046629526303,True,False,False,Tier1_최우선
922706688,Q2,0.0429885661676333,0.0532865592268331,True,False,False,Tier1_최우선
883715840,Q4_고가,0.0529935525866897,0.0531776723541903,True,False,False,Tier1_최우선
1484211648,Q1_저가,0.0330610760539039,0.0531477191855864,True,False,False,Tier1_최우선
752622848,Q4_고가,0.0391236745120514,0.0531460106170672,True,False,False,Tier1_최우선
1447995520,Q2,0.0335984416795118,0.0530756744412778,True,False,False,Tier1_최우선
55548224,Q1_저가,0.0479980178121272,0.0528872065142154,True,False,False,Tier1_최우선
821305984,Q2,0.0507589210597662,0.0527252043403198,True,False,False,Tier1_최우선
408156672,Q1_저가,0.1200722650640261,0.0527164648987259,True,False,False,Tier1_최우선
1020172672,Q2,0.031421564007902,0.0525592944340573,True,False,False,Tier1_최우선
408908352,Q3,0.0348754567487117,0.052551086599023,True,False,False,Tier1_최우선
156741056,Q2,0.0266536501213308,0.0525164554195347,True,False,False,Tier1_최우선
437661504,Q4_고가,0.1006303805215029,0.0525080935927659,True,False,False,Tier1_최우선
117004096,Q3,0.036199464750552,0.0524033665651398,True,False,False,Tier1_최우선
810763904,Q4_고가,0.0443472338707022,0.052216242551505,True,False,False,Tier1_최우선
726317760,Q1_저가,0.0351473010086322,0.0519406200966068,True,False,False,Tier1_최우선
67105536,Q4_고가,0.0283536596319665,0.0518512956074566,True,False,False,Tier1_최우선
1371056896,Q4_고가,0.039769035504463,0.0518462271701614,True,False,False,Tier1_최우선
224934208,Q2,0.0471365729736898,0.0518026562887214,True,False,False,Tier1_최우선
1629920640,Q3,0.0285504165996695,0.0517898611050755,True,False,False,Tier1_최우선
982226752,Q4_고가,0.0494176115641993,0.0517784255480873,True,False,False,Tier1_최우선
1255094016,Q1_저가,0.0339049513452756,0.0517057271743901,True,False,False,Tier1_최우선
1502112768,Q3,0.0354904565802389,0.0515953771814727,True,False,False,Tier1_최우선
1160361920,Q1_저가,0.1264545704012282,0.051537861747234,True,False,False,Tier1_최우선
1037945728,Q3,0.0292731115066234,0.0515057111410472,True,False,False,Tier1_최우선
1205856192,Q3,0.0541267662659919,0.0514378390479939,True,False,False,Tier1_최우선
1526673216,Q3,0.0952028885294389,0.0513976860871113,True,False,False,Tier1_최우선
510678400,Q3,0.0267354009459924,0.0513400103713791,True,False,False,Tier1_최우선
678961920,Q3,0.0270974751505599,0.0509658602230321,True,False,False,Tier1_최우선
748871872,Q4_고가,0.0481371954320796,0.0507461549585281,True,False,False,Tier1_최우선
1474985472,Q2,0.0420853839593692,0.0506595208412318,True,False,False,Tier1_최우선
763762560,Q4_고가,0.0393732248332994,0.0503282743539562,True,False,False,Tier1_최우선
610132160,Q3,0.027595982162065,0.0501383191580272,True,False,False,Tier1_최우선
714238912,Q1_저가,0.0327055629682702,0.0501185085117455,True,False,False,Tier1_최우선
214095168,Q4_고가,0.0514868089966528,0.0501084295299879,True,False,False,Tier1_최우선
761366464,Q3,0.033432474247757,0.0500875830689473,True,False,False,Tier1_최우선
315291712,Q1_저가,0.0294818651610973,0.0499522340204341,True,False,False,Tier1_최우선
929013376,Q3,0.0425155430463144,0.0498875546133308,True,False,False,Tier1_최우선
1508736832,Q2,0.0370227016478823,0.0498115997544892,True,False,False,Tier1_최우선
801469056,Q2,0.0459294379859344,0.0497413979834072,True,False,False,Tier1_최우선
751605760,Q2,0.0308006113435176,0.04966233694282,True,False,False,Tier1_최우선
1211791680,Q3,0.1114715497707929,0.0496565456916006,True,False,False,Tier1_최우선
768307904,Q4_고가,0.0644957743267621,0.0496057464865131,True,False,False,Tier1_최우선
580412032,Q2,0.0366636449137667,0.0494634240886872,True,False,False,Tier1_최우선
1331796928,Q3,0.0348027585642967,0.0494617118144221,True,False,False,Tier1_최우선
121549440,Q2,0.0594286480284965,0.0493901712070224,True,False,False,Tier1_최우선
1636535424,Q2,0.0376860497420811,0.0493258779478453,True,False,False,Tier1_최우선
547752000,Q2,0.0301769944084021,0.0492397263933021,True,False,False,Tier1_최우선
575291328,Q4_고가,0.0387603556238348,0.0491990805727081,True,False,False,Tier1_최우선
549984768,Q4_고가,0.0433521617404925,0.0491298515460244,True,False,False,Tier1_최우선
1038073792,Q2,0.0299704775294151,0.0488178197164597,True,False,False,Tier1_최우선
996052096,Q2,0.0353124040217409,0.048798976566839,True,False,False,Tier1_최우선
332179456,Q3,0.0368839402816012,0.0486541657892847,True,False,False,Tier1_최우선
1164066496,Q2,0.026798859845487,0.0485840974163541,True,False,False,Tier1_최우선
1515221696,Q2,0.0443388960811803,0.0485361426109876,True,False,False,Tier1_최우선
1280415424,Q2,0.0431848166872428,0.0484679555971647,True,False,False,Tier1_최우선
861985792,Q3,0.0380327914762731,0.0484163645888324,True,False,False,Tier1_최우선
884163136,Q3,0.0312969004035588,0.0483850400437613,True,False,False,Tier1_최우선
641840064,Q3,0.0311469260664042,0.0481735930504199,True,False,False,Tier1_최우선
598801280,Q1_저가,0.0367423631921274,0.04807469653076,True,False,False,Tier1_최우선
604532608,Q2,0.0308054999314507,0.0480110836801029,True,False,False,Tier1_최우선
251257856,Q3,0.036704643705108,0.0479299492677987,True,False,False,Tier1_최우선
226638016,Q3,0.0266085473869831,0.0478793466625931,True,False,False,Tier1_최우선
887912256,Q2,0.0313843949292758,0.0478738662194376,True,False,False,Tier1_최우선
806708544,Q4_고가,0.0283777985101972,0.0478663204297993,True,False,False,Tier1_최우선
1010515904,Q2,0.0778666347540855,0.0478263098004549,True,False,False,Tier1_최우선
1189128064,Q3,0.0555020212397304,0.0477653081088822,True,False,False,Tier1_최우선
775962048,Q3,0.0330512539887511,0.0477584269608504,True,False,False,Tier1_최우선
1113182400,Q2,0.0300684183617639,0.0477467552942816,True,False,False,Tier1_최우선
1087244800,Q3,0.0271734881997574,0.0477276888020107,True,False,False,Tier1_최우선
580005568,Q3,0.0314363183950979,0.0474623484094399,True,False,False,Tier1_최우선
1621746816,Q2,0.0445344771575788,0.047337816305546,True,False,False,Tier1_최우선
1364147008,Q1_저가,0.0548897137439339,0.0472932847126814,True,False,False,Tier1_최우선
1486099200,Q4_고가,0.0264824454569059,0.0472706196770854,True,False,False,Tier1_최우선
289652928,Q2,0.04339929633586,0.0471801222933764,True,False,False,Tier1_최우선
723728640,Q2,0.0386864868435712,0.0471236125873207,True,False,False,Tier1_최우선
743435648,Q3,0.0795232015342413,0.0470444095828358,True,False,False,Tier1_최우선
373618368,Q3,0.027120802546388,0.0469755992204826,True,False,False,Tier1_최우선
951190720,Q3,0.0368087290135689,0.0468292968692563,True,False,False,Tier1_최우선
1103898688,Q3,0.0270402485911475,0.0467641924089271,True,False,False,Tier1_최우선
805472448,Q1_저가,0.0477183411788997,0.0467414436901604,True,False,False,Tier1_최우선
1122454976,Q1_저가,0.0318381616283882,0.0465532419297905,True,False,False,Tier1_최우선
141412352,Q3,0.032675543096425,0.046414955430027,True,False,False,Tier1_최우선
412598080,Q3,0.0367085530027611,0.0462011213748995,True,False,False,Tier1_최우선
601763456,Q2,0.0306550774694109,0.0460495662875021,True,False,False,Tier1_최우선
1312739520,Q1_저가,0.0300294021820939,0.0459791072666767,True,False,False,Tier1_최우선
92371264,Q3,0.0320989926995483,0.0459434745838882,True,False,False,Tier1_최우선
467927296,Q3,0.0269601383310311,0.0457082539468092,True,False,False,Tier1_최우선
1026546176,Q3,0.0364542641448807,0.045704289299897,True,False,False,Tier1_최우선
337133120,Q2,0.0296160030605148,0.0454217785213215,True,False,False,Tier1_최우선
334725888,Q4_고가,0.0318292420067138,0.045304511627616,True,False,False,Tier1_최우선
1002106368,Q3,0.0300435757244503,0.0452739597363829,True,False,False,Tier1_최우선
1076428032,Q3,0.0343190257589078,0.0451586968021432,True,False,False,Tier1_최우선
801936768,Q2,0.0379325845015642,0.0449461901175179,True,False,False,Tier1_최우선
1247142912,Q2,0.0278381806493722,0.0449372985213863,True,False,False,Tier1_최우선
1291226624,Q1_저가,0.0291286786686271,0.0448703146006758,True,False,False,Tier1_최우선
1034623488,Q3,0.0397675231700338,0.0447488235915092,True,False,False,Tier1_최우선
914662784,Q2,0.0405094377167266,0.0447171485841645,True,False,False,Tier1_최우선
572247488,Q3,0.0869683180910104,0.0445479375186842,True,False,False,Tier1_최우선
50798720,Q4_고가,0.0393119948609161,0.0445030677764305,True,False,False,Tier1_최우선
561848320,Q4_고가,0.0925526931180997,0.0444660840748049,True,False,False,Tier1_최우선
189297152,Q4_고가,0.0369980509269802,0.0443646791601555,True,False,False,Tier1_최우선
1577574016,Q3,0.0274156472582206,0.0443129013961492,True,False,False,Tier1_최우선
418481600,Q4_고가,0.0377299982139508,0.0441819576119438,True,False,False,Tier1_최우선
69804160,Q3,0.0309260422020005,0.0441384517405647,True,False,False,Tier1_최우선
1519258496,Q3,0.0565054609657076,0.0440822430523568,True,False,False,Tier1_최우선
130634560,Q1_저가,0.0293353973596004,0.0440136929401736,True,False,False,Tier1_최우선
748057088,Q3,0.0297820186377521,0.0440126829453869,True,False,False,Tier1_최우선
272187968,Q4_고가,0.0321136164012839,0.0439720979105818,True,False,False,Tier1_최우선
1174268928,Q1_저가,0.0561346501344275,0.0438171147607123,True,False,False,Tier1_최우선
1038044096,Q3,0.0278794996799963,0.0438128194896053,True,False,False,Tier1_최우선
895642496,Q3,0.033007287798237,0.0435918553183514,True,False,False,Tier1_최우선
1013136576,Q1_저가,0.0285641935737469,0.0434609372512799,True,False,False,Tier1_최우선
1015449152,Q2,0.0475743986901684,0.0433267268596871,True,False,False,Tier1_최우선
1563950976,Q4_고가,0.0946678857342627,0.1771368085607881,True,False,True,Tier2_신호강함_매출리스크주의
837893056,Q4_고가,0.0337233441073486,0.1730365923113291,True,False,True,Tier2_신호강함_매출리스크주의
1066531840,Q4_고가,0.1000533144017546,0.1653885434089338,True,False,True,Tier2_신호강함_매출리스크주의
842187840,Q4_고가,0.1173135922260184,0.1484427632658583,True,False,True,Tier2_신호강함_매출리스크주의
1151627584,Q4_고가,0.0348833808368155,0.1424830739810483,True,False,True,Tier2_신호강함_매출리스크주의
1359481024,Q4_고가,0.0431673574259717,0.1401695691372102,True,False,True,Tier2_신호강함_매출리스크주의
1271313600,Q4_고가,0.0446693872290511,0.1350426522447015,True,False,True,Tier2_신호강함_매출리스크주의
855452672,Q4_고가,0.0379797469908748,0.1302824180961229,True,False,True,Tier2_신호강함_매출리스크주의
450462336,Q4_고가,0.0394012628906021,0.1293848815748812,True,False,True,Tier2_신호강함_매출리스크주의
223510656,Q4_고가,0.0271239052188052,0.1194425009071681,True,False,True,Tier2_신호강함_매출리스크주의
764328640,Q4_고가,0.0311211353145463,0.1120950822158196,True,False,True,Tier2_신호강함_매출리스크주의
374650304,Q4_고가,0.1244957660271934,0.1071283632570615,True,False,True,Tier2_신호강함_매출리스크주의
1363842624,Q4_고가,0.1171572475946947,0.1067476131772019,True,False,True,Tier2_신호강함_매출리스크주의
594745920,Q4_고가,0.10961171109229,0.1066856612383192,True,False,True,Tier2_신호강함_매출리스크주의
544570816,Q4_고가,0.0354993855787597,0.1028485479668777,True,False,True,Tier2_신호강함_매출리스크주의
480950848,Q4_고가,0.0324851385226818,0.1013585494257816,True,False,True,Tier2_신호강함_매출리스크주의
955498496,Q4_고가,0.0288023166442328,0.0963645570294326,True,False,True,Tier2_신호강함_매출리스크주의
407902400,Q4_고가,0.0295748012985294,0.0920638935289307,True,False,True,Tier2_신호강함_매출리스크주의
1033040320,Q4_고가,0.0874922908654504,0.0899660875151424,True,False,True,Tier2_신호강함_매출리스크주의
817787008,Q4_고가,0.0855748842447192,0.0877218272407287,True,False,True,Tier2_신호강함_매출리스크주의
515778688,Q4_고가,0.029589603237542,0.0863520605700309,True,False,True,Tier2_신호강함_매출리스크주의
427253056,Q4_고가,0.0334712137229235,0.0844546253401257,True,False,True,Tier2_신호강함_매출리스크주의
233362304,Q4_고가,0.0295148886805768,0.082323747052539,True,False,True,Tier2_신호강함_매출리스크주의
894311744,Q4_고가,0.0280302599585694,0.0810039653702699,True,False,True,Tier2_신호강함_매출리스크주의
771448256,Q4_고가,0.0398565561274401,0.0778566928222287,True,False,True,Tier2_신호강함_매출리스크주의
747305408,Q4_고가,0.0293241943974014,0.0769279026281049,True,False,True,Tier2_신호강함_매출리스크주의
507805312,Q4_고가,0.049836038711349,0.0759887733097299,True,False,True,Tier2_신호강함_매출리스크주의
617151552,Q4_고가,0.0279049708661137,0.0751530769611282,True,False,True,Tier2_신호강함_매출리스크주의
1178146112,Q4_고가,0.1248172451925748,0.0750467483610539,True,False,True,Tier2_신호강함_매출리스크주의
1560170304,Q4_고가,0.0935774541631709,0.0737856705304089,True,False,True,Tier2_신호강함_매출리스크주의
1560977664,Q4_고가,0.0357093271461731,0.073681819476859,True,False,True,Tier2_신호강함_매출리스크주의
1145068480,Q4_고가,0.1103830481175803,0.0733720674626461,True,False,True,Tier2_신호강함_매출리스크주의
104754496,Q4_고가,0.0314909151012194,0.0731805071110667,True,False,True,Tier2_신호강함_매출리스크주의
100548800,Q4_고가,0.0378214067415474,0.0716044166441297,True,False,True,Tier2_신호강함_매출리스크주의
748587904,Q4_고가,0.0425463571327873,0.0713190060931953,True,False,True,Tier2_신호강함_매출리스크주의
1136232064,Q4_고가,0.1077721100447732,0.0712671673824515,True,False,True,Tier2_신호강함_매출리스크주의
102328704,Q4_고가,0.1107243862478085,0.0708252668305217,True,False,True,Tier2_신호강함_매출리스크주의
744098240,Q4_고가,0.0412939110967129,0.06865372366622,True,False,True,Tier2_신호강함_매출리스크주의
1469467584,Q4_고가,0.0519311823868784,0.067744484034218,True,False,True,Tier2_신호강함_매출리스크주의
878266624,Q4_고가,0.039282618933663,0.0672445751442097,True,False,True,Tier2_신호강함_매출리스크주의
42058816,Q4_고가,0.0265265930690394,0.0664889195247783,True,False,True,Tier2_신호강함_매출리스크주의
873531968,Q4_고가,0.1034212645483427,0.0657321913319074,True,False,True,Tier2_신호강함_매출리스크주의
748470976,Q4_고가,0.028996311701789,0.063826541444222,True,False,True,Tier2_신호강함_매출리스크주의
1334820352,Q4_고가,0.0402765279906273,0.0634470426075418,True,False,True,Tier2_신호강함_매출리스크주의
217307904,Q4_고가,0.0326730694765636,0.0620766053682671,True,False,True,Tier2_신호강함_매출리스크주의
562540608,Q4_고가,0.0264954522872583,0.0620248209680077,True,False,True,Tier2_신호강함_매출리스크주의
226914560,Q4_고가,0.039280623109294,0.0619714405759309,True,False,True,Tier2_신호강함_매출리스크주의
1237029568,Q4_고가,0.0296943324628394,0.0616980509924893,True,False,True,Tier2_신호강함_매출리스크주의
889534400,Q4_고가,0.0287298404616551,0.0609648513249347,True,False,True,Tier2_신호강함_매출리스크주의
616364608,Q4_고가,0.0358778476963472,0.0599355579194644,True,False,True,Tier2_신호강함_매출리스크주의
379186368,Q4_고가,0.0293176977146429,0.0583292211629556,True,False,True,Tier2_신호강함_매출리스크주의
941793792,Q4_고가,0.0325836459588603,0.0580357813783292,True,False,True,Tier2_신호강함_매출리스크주의
227244928,Q4_고가,0.032075638480178,0.0570285671641815,True,False,True,Tier2_신호강함_매출리스크주의
202536000,Q4_고가,0.0325808568724644,0.0569196179607858,True,False,True,Tier2_신호강함_매출리스크주의
1123767168,Q4_고가,0.0276517778132153,0.0568949189131745,True,False,True,Tier2_신호강함_매출리스크주의
836348864,Q4_고가,0.0363079693569908,0.0566760818694748,True,False,True,Tier2_신호강함_매출리스크주의
761952960,Q4_고가,0.036839707761165,0.056475042834831,True,False,True,Tier2_신호강함_매출리스크주의
1580018368,Q4_고가,0.0379039782838012,0.0564001098951946,True,False,True,Tier2_신호강함_매출리스크주의
1169159360,Q4_고가,0.0391881294033387,0.0561622459551546,True,False,True,Tier2_신호강함_매출리스크주의
722173312,Q4_고가,0.0789172640422637,0.0555398954897857,True,False,True,Tier2_신호강함_매출리스크주의
1452286592,Q4_고가,0.1012020059382082,0.0540536215830328,True,False,True,Tier2_신호강함_매출리스크주의
720701504,Q4_고가,0.0313221703834585,0.0535073974161124,True,False,True,Tier2_신호강함_매출리스크주의
704283328,Q4_고가,0.0353074119391083,0.0533332147921771,True,False,True,Tier2_신호강함_매출리스크주의
1264244096,Q4_고가,0.0292166664932487,0.0531274746445518,True,False,True,Tier2_신호강함_매출리스크주의
1435387712,Q4_고가,0.0718511502141303,0.0527544838449277,True,False,True,Tier2_신호강함_매출리스크주의
748949824,Q4_고가,0.0369717457194151,0.0523698548638236,True,False,True,Tier2_신호강함_매출리스크주의
130614144,Q4_고가,0.0275984780498603,0.052348158974591,True,False,True,Tier2_신호강함_매출리스크주의
1612813888,Q4_고가,0.0365019024842341,0.0522724306310464,True,False,True,Tier2_신호강함_매출리스크주의
1348254080,Q4_고가,0.0760955253005872,0.0519018940188034,True,False,True,Tier2_신호강함_매출리스크주의
89518592,Q4_고가,0.0288906712314938,0.0513130033535805,True,False,True,Tier2_신호강함_매출리스크주의
480551808,Q4_고가,0.0269988229708577,0.0509207515177664,True,False,True,Tier2_신호강함_매출리스크주의
919351040,Q4_고가,0.0326574273898613,0.0508272289867242,True,False,True,Tier2_신호강함_매출리스크주의
1374846848,Q4_고가,0.0758155376759034,0.0507007562340217,True,False,True,Tier2_신호강함_매출리스크주의
530153408,Q4_고가,0.0350809507745926,0.0506719412822416,True,False,True,Tier2_신호강함_매출리스크주의
461681856,Q4_고가,0.0359446854762609,0.0504178942543345,True,False,True,Tier2_신호강함_매출리스크주의
1357045952,Q4_고가,0.0879631766351608,0.0499917365671085,True,False,True,Tier2_신호강함_매출리스크주의
204429120,Q4_고가,0.0960960214942041,0.0498055337533512,True,False,True,Tier2_신호강함_매출리스크주의
1206012096,Q4_고가,0.0276680802931338,0.0484906825938473,True,False,True,Tier2_신호강함_매출리스크주의
974683968,Q4_고가,0.0283974305268546,0.0483321292295962,True,False,True,Tier2_신호강함_매출리스크주의
53384128,Q4_고가,0.11834321298185,0.0476666676666645,True,False,True,Tier2_신호강함_매출리스크주의
883454144,Q4_고가,0.0353087475802611,0.0473998690638503,True,False,True,Tier2_신호강함_매출리스크주의
756553856,Q4_고가,0.0279471947162976,0.0472979162949378,True,False,True,Tier2_신호강함_매출리스크주의
1450293248,Q4_고가,0.0295140161137162,0.0465730718479767,True,False,True,Tier2_신호강함_매출리스크주의
587689408,Q4_고가,0.0310901331366646,0.0464596076600161,True,False,True,Tier2_신호강함_매출리스크주의
1298353664,Q4_고가,0.0281847472326083,0.0464041343524412,True,False,True,Tier2_신호강함_매출리스크주의
1036336576,Q4_고가,0.0307832434037189,0.0463198367788896,True,False,True,Tier2_신호강함_매출리스크주의
1202337216,Q4_고가,0.0363500779219053,0.0461954741716293,True,False,True,Tier2_신호강함_매출리스크주의
750024448,Q4_고가,0.0264964268811895,0.0460827756362168,True,False,True,Tier2_신호강함_매출리스크주의
881299328,Q4_고가,0.0274269663748809,0.0457932557473051,True,False,True,Tier2_신호강함_매출리스크주의
311837696,Q4_고가,0.0403275178561244,0.045589805524575,True,False,True,Tier2_신호강함_매출리스크주의
888866240,Q4_고가,0.0517209218429002,0.0455851101309462,True,False,True,Tier2_신호강함_매출리스크주의
313001408,Q4_고가,0.0275384385909344,0.0450790102283132,True,False,True,Tier2_신호강함_매출리스크주의
1211296128,Q4_고가,0.0409414626346548,0.0446321317981623,True,False,True,Tier2_신호강함_매출리스크주의
499720576,Q4_고가,0.0976687941109446,0.0446005662596196,True,False,True,Tier2_신호강함_매출리스크주의
838329216,Q4_고가,0.0301320937745764,0.0445371259945941,True,False,True,Tier2_신호강함_매출리스크주의
547954304,Q3,-0.0063390789183239,0.215415744696748,False,True,False,Tier3_보조신호
1227901760,Q3,-0.0064023536902412,0.2027910364387321,False,True,False,Tier3_보조신호
300657152,Q2,-0.0055087112375659,0.2023718917154135,False,True,False,Tier3_보조신호
939239936,Q2,0.0071055143945637,0.2013649339675062,False,True,False,Tier3_보조신호
431059712,Q3,-0.0161849996039887,0.1990344419299125,False,True,False,Tier3_보조신호
446329024,Q3,0.0033212671787611,0.1988144335414529,False,True,False,Tier3_보조신호
478599296,Q4_고가,-0.0235921753763194,0.1983741288782149,False,True,False,Tier3_보조신호
683505408,Q3,-0.0064886887730462,0.1953809547335921,False,True,False,Tier3_보조신호
831346944,Q4_고가,-0.0090996306824516,0.1907447381989844,False,True,False,Tier3_보조신호
1554013952,Q3,-0.0038354568624338,0.1899999846126782,False,True,False,Tier3_보조신호
1468003200,Q4_고가,-0.0129075547736601,0.189668130043988,False,True,False,Tier3_보조신호
766088128,Q3,0.0045798705121379,0.1879427837761809,False,True,False,Tier3_보조신호
1445842560,Q4_고가,0.0033167042288397,0.1841910014813118,False,True,False,Tier3_보조신호
1014120256,Q3,0.0057792156508372,0.1790924510538888,False,True,False,Tier3_보조신호
312316544,Q2,-0.0051089426228703,0.1788916204583816,False,True,False,Tier3_보조신호
1536097984,Q3,0.0073882611740356,0.1772548006732143,False,True,False,Tier3_보조신호
1565979584,Q3,0.0002324821803985,0.175644213642391,False,True,False,Tier3_보조신호
1164872000,Q3,0.0073549772136689,0.1742238161069299,False,True,False,Tier3_보조신호
1381535872,Q3,0.0079395405498789,0.1725994677952601,False,True,False,Tier3_보조신호
1440272704,Q3,0.0055263926882029,0.1724537395485259,False,True,False,Tier3_보조신호
315265728,Q2,0.0040819224087595,0.1710036952685806,False,True,False,Tier3_보조신호
625839488,Q3,0.0059827756400752,0.1689131726863167,False,True,False,Tier3_보조신호
848947392,Q2,-0.0116662964416721,0.1685824238934872,False,True,False,Tier3_보조신호
1286276672,Q4_고가,0.0034362501409557,0.1684951126420115,False,True,False,Tier3_보조신호
661303936,Q4_고가,-0.0040254748459749,0.1673998924480909,False,True,False,Tier3_보조신호
184735104,Q3,-0.0011973334026934,0.1673953039018544,False,True,False,Tier3_보조신호
1502096064,Q2,-0.0034197919152482,0.1672748405625047,False,True,False,Tier3_보조신호
1368916928,Q3,0.0028604658026394,0.1661564711061319,False,True,False,Tier3_보조신호
559971904,Q2,0.0120014547450736,0.1660348887757411,False,True,False,Tier3_보조신호
517126144,Q3,0.0063432702168676,0.1660205575222163,False,True,False,Tier3_보조신호
747988416,Q4_고가,-0.0065579601786753,0.1658980070920632,False,True,False,Tier3_보조신호
1476143616,Q3,0.0100188243339323,0.1631744013383258,False,True,False,Tier3_보조신호
692566400,Q4_고가,-0.0180297236360745,0.1622735750770979,False,True,False,Tier3_보조신호
1453520832,Q2,0.0039380335195402,0.1606700587826001,False,True,False,Tier3_보조신호
954633600,Q3,0.0068141935963217,0.1606155787195178,False,True,False,Tier3_보조신호
765863552,Q2,0.0112542051986345,0.1603127293650655,False,True,False,Tier3_보조신호
835313216,Q2,0.0072371420655273,0.1579199603587053,False,True,False,Tier3_보조신호
1188948032,Q1_저가,0.0154691739918695,0.1575957230252493,False,True,False,Tier3_보조신호
687196992,Q2,0.0100264809985547,0.1572296546661118,False,True,False,Tier3_보조신호
1223707200,Q2,0.0132475597279986,0.1564715960359777,False,True,False,Tier3_보조신호
635212288,Q3,0.009486639339464,0.1546918439194178,False,True,False,Tier3_보조신호
176689344,Q3,0.0025382899801751,0.1535696112876646,False,True,False,Tier3_보조신호
1387643968,Q3,0.0003073531221511,0.1524184554717251,False,True,False,Tier3_보조신호
1553271552,Q3,0.0089477094675507,0.1522789539201225,False,True,False,Tier3_보조신호
777664000,Q2,0.002498530711224,0.1520487814276634,False,True,False,Tier3_보조신호
94271808,Q3,-0.0068684484552223,0.151359621329873,False,True,False,Tier3_보조신호
510524352,Q3,-0.0151087068925798,0.150253862804772,False,True,False,Tier3_보조신호
69503488,Q2,-0.0103849311465307,0.150073624042904,False,True,False,Tier3_보조신호
840441344,Q3,0.0054444589503508,0.1495519899741254,False,True,False,Tier3_보조신호
61197888,Q4_고가,0.0235110434637917,0.1492697103309302,False,True,False,Tier3_보조신호
1489670144,Q3,0.009877925126417,0.1490970353727543,False,True,False,Tier3_보조신호
1535403840,Q2,-0.0035725153759358,0.1452822760903016,False,True,False,Tier3_보조신호
434291008,Q4_고가,0.0014698308041465,0.1443312629566396,False,True,False,Tier3_보조신호
1006891136,Q3,0.0017802432242897,0.1435917253118277,False,True,False,Tier3_보조신호
1215238272,Q3,0.0090570299656863,0.140719938427391,False,True,False,Tier3_보조신호
864222272,Q4_고가,0.0234275909422693,0.1392379575233291,False,True,False,Tier3_보조신호
1310454784,Q4_고가,0.0194290473381195,0.1386969958987126,False,True,False,Tier3_보조신호
1264227392,Q3,0.0103536382236157,0.1374306707447066,False,True,False,Tier3_보조신호
38903616,Q3,-0.0120217507502617,0.1362928467252487,False,True,False,Tier3_보조신호
62012672,Q4_고가,0.0020058534885573,0.1341535370787114,False,True,False,Tier3_보조신호
887451968,Q3,0.0139032171443532,0.1336259805474765,False,True,False,Tier3_보조신호
284209280,Q4_고가,0.0035051892913641,0.1332218201261698,False,True,False,Tier3_보조신호
52821760,Q4_고가,-0.0052296223450473,0.1330640695456493,False,True,False,Tier3_보조신호
1166826368,Q3,0.0104411227881808,0.1319756167936872,False,True,False,Tier3_보조신호
1199777792,Q2,0.0133460836817688,0.1318105363627038,False,True,False,Tier3_보조신호
335202880,Q3,0.0052259562288531,0.1309082816182643,False,True,False,Tier3_보조신호
1318905152,Q3,-0.0035110819072147,0.1296419839598887,False,True,False,Tier3_보조신호
341626496,Q3,0.0026999344747267,0.1294598268268725,False,True,False,Tier3_보조신호
1097150272,Q2,0.0076430841546651,0.1287720980573202,False,True,False,Tier3_보조신호
251309824,Q3,-0.0086969529498761,0.1278884552155606,False,True,False,Tier3_보조신호
1576208000,Q3,0.0081566888357236,0.1276103253473176,False,True,False,Tier3_보조신호
651541376,Q4_고가,0.0042338594035217,0.1263541148528717,False,True,False,Tier3_보조신호
1277163712,Q2,0.0101947511800616,0.1252679245560184,False,True,False,Tier3_보조신호
424886656,Q3,0.006434903420693,0.1252515585924819,False,True,False,Tier3_보조신호
730540160,Q3,0.0042890543850732,0.1244680755655541,False,True,False,Tier3_보조신호
1346583680,Q2,-0.0030034643529767,0.1240597462557611,False,True,False,Tier3_보조신호
293732416,Q4_고가,0.0072430222288488,0.1237705367391773,False,True,False,Tier3_보조신호
460293568,Q2,0.0162194878809778,0.1235947723238725,False,True,False,Tier3_보조신호
189904064,Q3,-0.0146355049610394,0.1222906296629064,False,True,False,Tier3_보조신호
509145344,Q3,0.0078879196979283,0.1216441714310357,False,True,False,Tier3_보조신호
1510132544,Q3,0.0042119429186032,0.1211794811923581,False,True,False,Tier3_보조신호
466011904,Q4_고가,0.0054392398373899,0.1206114497203635,False,True,False,Tier3_보조신호
280950144,Q2,0.0068192530359302,0.1205407503572411,False,True,False,Tier3_보조신호
1471704064,Q2,0.0049453280713628,0.1199246317861235,False,True,False,Tier3_보조신호
1164656704,Q3,0.0072487084563095,0.1191222184272357,False,True,False,Tier3_보조신호
591657536,Q4_고가,0.0254921592862202,0.1159023683370524,False,True,False,Tier3_보조신호
198335872,Q3,-0.0133244254516265,0.1146207710105343,False,True,False,Tier3_보조신호
1572947008,Q2,0.021814226967984,0.113985668667782,False,True,False,Tier3_보조신호
723442816,Q3,0.0031815073514198,0.1137009583543884,False,True,False,Tier3_보조신호
1233746304,Q2,0.0051431070781373,0.1135115876665558,False,True,False,Tier3_보조신호
1407625664,Q2,0.0220743590031671,0.1121687392672788,False,True,False,Tier3_보조신호
548962112,Q3,0.0225749625200093,0.1116472995215208,False,True,False,Tier3_보조신호
151568384,Q3,0.0116516467168019,0.1091551207260386,False,True,False,Tier3_보조신호
809963968,Q3,0.0146476984499568,0.1091385927030611,False,True,False,Tier3_보조신호
1560272384,Q2,0.0001525885979096,0.1080122668223879,False,True,False,Tier3_보조신호
1554270080,Q4_고가,-0.0145653895509699,0.1079021750355031,False,True,False,Tier3_보조신호
580283968,Q2,0.0181639481506505,0.1074461676462315,False,True,False,Tier3_보조신호
747632064,Q4_고가,0.0042160394721484,0.1058675442624386,False,True,False,Tier3_보조신호
398986176,Q4_고가,0.018422074456852,0.1058314546087341,False,True,False,Tier3_보조신호
1188426496,Q3,0.0112697184763238,0.1049660481966568,False,True,False,Tier3_보조신호
1478812544,Q3,-0.0008150294225686,0.1047898577940166,False,True,False,Tier3_보조신호
788155968,Q3,0.0132014980664759,0.1040958040581996,False,True,False,Tier3_보조신호
1638515776,Q4_고가,0.0107192133820784,0.1040509528617861,False,True,False,Tier3_보조신호
1197680512,Q2,0.0068826196311637,0.1039231449015355,False,True,False,Tier3_보조신호
349588736,Q2,0.0173152429244936,0.1038087749250542,False,True,False,Tier3_보조신호
71489408,Q3,0.0006029520533794,0.1036681601330066,False,True,False,Tier3_보조신호
789271424,Q3,0.0123242728973231,0.1032923931630805,False,True,False,Tier3_보조신호
69950784,Q4_고가,0.0179740526166625,0.101771573537022,False,True,False,Tier3_보조신호
1225281088,Q3,0.0019316501455005,0.1016733420071325,False,True,False,Tier3_보조신호
235333376,Q2,0.0057982587646818,0.1013366981568102,False,True,False,Tier3_보조신호
764742528,Q2,0.0137250552562365,0.1012625348837948,False,True,False,Tier3_보조신호
821573248,Q1_저가,-0.0129101198597184,0.1010863722204035,False,True,False,Tier3_보조신호
439768064,Q2,0.0160682005126318,0.1006942865164506,False,True,False,Tier3_보조신호
1510245760,Q2,0.0100900227388975,0.1006252745137684,False,True,False,Tier3_보조신호
336427840,Q4_고가,0.019352100025716,0.100160851295773,False,True,False,Tier3_보조신호
365721088,Q3,0.0119541466700384,0.1000892059378888,False,True,False,Tier3_보조신호
1542462208,Q2,0.0090006977201109,0.1000249128547314,False,True,False,Tier3_보조신호
906403584,Q3,0.0118527701032461,0.0999882637931843,False,True,False,Tier3_보조신호
1206652416,Q2,-0.0185712669374717,0.0990752209491809,False,True,False,Tier3_보조신호
625071104,Q3,0.0247613151830217,0.0988315530143416,False,True,False,Tier3_보조신호
423325760,Q3,0.012803688732033,0.0983693178151247,False,True,False,Tier3_보조신호
975155392,Q2,0.014063039463608,0.098028636985476,False,True,False,Tier3_보조신호
1006670272,Q3,0.0257567333693858,0.0974590381275156,False,True,False,Tier3_보조신호
808278720,Q2,0.010709935480609,0.0964188120366377,False,True,False,Tier3_보조신호
366261184,Q3,0.0052767504458788,0.0956869797292739,False,True,False,Tier3_보조신호
1310920640,Q4_고가,-0.0133101110685164,0.0955453759991787,False,True,False,Tier3_보조신호
475158272,Q3,0.0227192360353042,0.0949469454671819,False,True,False,Tier3_보조신호
830457920,Q4_고가,-0.0039412351593102,0.0948831843793093,False,True,False,Tier3_보조신호
318922048,Q3,-0.0028315899352206,0.0947643759853313,False,True,False,Tier3_보조신호
1143268160,Q4_고가,0.0065948117752655,0.0940930605484887,False,True,False,Tier3_보조신호
53361856,Q4_고가,-0.0190558284697915,0.0939778130562485,False,True,False,Tier3_보조신호
1078363840,Q1_저가,0.007829880497732,0.0939312560908821,False,True,False,Tier3_보조신호
1138379456,Q2,0.0088386586421927,0.0939067635981839,False,True,False,Tier3_보조신호
974760064,Q4_고가,0.00194076806402,0.0936785948369267,False,True,False,Tier3_보조신호
760100672,Q3,0.0141293695431492,0.0935661071410377,False,True,False,Tier3_보조신호
1292921152,Q4_고가,0.0009823234168294,0.0933728898292644,False,True,False,Tier3_보조신호
290421312,Q3,0.0053270257384859,0.0933221498890821,False,True,False,Tier3_보조신호
642489664,Q3,0.0098162202809773,0.0917018286601618,False,True,False,Tier3_보조신호
586817088,Q1_저가,0.0146530790276324,0.0915301324138617,False,True,False,Tier3_보조신호
818466304,Q1_저가,0.0181810855005449,0.0912255093065375,False,True,False,Tier3_보조신호
850120384,Q2,-0.0563314663687399,0.0912148520952604,False,True,False,Tier3_보조신호
1449313280,Q3,0.0018444401941128,0.0907200764420577,False,True,False,Tier3_보조신호
838199296,Q2,0.0008436350831135,0.0889535100562273,False,True,False,Tier3_보조신호
775542592,Q4_고가,0.0060000868562591,0.0887486038231512,False,True,False,Tier3_보조신호
196010304,Q2,0.0006949070588022,0.0887243541046059,False,True,False,Tier3_보조신호
1506504064,Q4_고가,-0.0178251663771543,0.0886781548826647,False,True,False,Tier3_보조신호
1013056768,Q3,0.0121247802343336,0.0886346892474629,False,True,False,Tier3_보조신호
601898944,Q1_저가,0.0008239321130146,0.0883206414455917,False,True,False,Tier3_보조신호
869172224,Q4_고가,0.0142088345654398,0.0879190826696032,False,True,False,Tier3_보조신호
749580864,Q2,0.0133094448808065,0.0879133368047027,False,True,False,Tier3_보조신호
1564160704,Q2,-0.0059841789478442,0.0872742449893509,False,True,False,Tier3_보조신호
832542208,Q3,0.0234709708229744,0.087217749709058,False,True,False,Tier3_보조신호
769460480,Q2,0.0167913304551498,0.0870852796081863,False,True,False,Tier3_보조신호
749556736,Q4_고가,0.008774970888405,0.0870814361942247,False,True,False,Tier3_보조신호
1219033792,Q1_저가,-0.013284087090887,0.0869410756113102,False,True,False,Tier3_보조신호
1027136384,Q1_저가,0.0177211096283983,0.0864863675545568,False,True,False,Tier3_보조신호
533986048,Q2,0.0002676654656474,0.0855675543503732,False,True,False,Tier3_보조신호
893858880,Q4_고가,-0.0179026751767755,0.0854148996407762,False,True,False,Tier3_보조신호
1567883840,Q1_저가,0.0234157018075703,0.0853979633946219,False,True,False,Tier3_보조신호
1145337600,Q4_고가,0.00076962993492,0.0853272083346204,False,True,False,Tier3_보조신호
337166528,Q4_고가,-0.0328856769945978,0.0851008325353397,False,True,False,Tier3_보조신호
862334720,Q4_고가,0.0152638650255921,0.0850755624607852,False,True,False,Tier3_보조신호
994732480,Q3,0.0192748536273947,0.0849062836524633,False,True,False,Tier3_보조신호
148177472,Q3,-0.0200153756360653,0.084871592553642,False,True,False,Tier3_보조신호
744378496,Q4_고가,0.020170205650016,0.0839632419552417,False,True,False,Tier3_보조신호
1089254848,Q3,0.0251411839084371,0.0839548742061668,False,True,False,Tier3_보조신호
58560512,Q4_고가,0.0259813453782778,0.0838046489661089,False,True,False,Tier3_보조신호
263938048,Q3,0.02557154236681,0.0836318622061245,False,True,False,Tier3_보조신호
335544384,Q2,0.0116045034088841,0.0833004721677962,False,True,False,Tier3_보조신호
749226368,Q3,0.005540555982017,0.0832555086003773,False,True,False,Tier3_보조신호
840252032,Q2,0.0153353548705146,0.083099423912096,False,True,False,Tier3_보조신호
1510993728,Q4_고가,-0.0164251327495302,0.0828669333437331,False,True,False,Tier3_보조신호
716798336,Q3,0.0082652045318792,0.0828034624943433,False,True,False,Tier3_보조신호
748910848,Q2,0.0140150492788535,0.0822363104314172,False,True,False,Tier3_보조신호
774054080,Q3,0.007186424486003,0.0820247532216746,False,True,False,Tier3_보조신호
749335872,Q3,0.0086620487346723,0.081937856101984,False,True,False,Tier3_보조신호
66485632,Q3,0.0210509936339096,0.0812217065154662,False,True,False,Tier3_보조신호
1481191936,Q3,0.0045598180387052,0.0808799249273299,False,True,False,Tier3_보조신호
1006614592,Q3,0.0218436788280125,0.0801841371550493,False,True,False,Tier3_보조신호
1599816320,Q3,0.0192848524778816,0.0799387976743585,False,True,False,Tier3_보조신호
768706944,Q3,0.0234690641773523,0.0798549084623514,False,True,False,Tier3_보조신호
207916544,Q2,0.0028902933464647,0.0797502686408359,False,True,False,Tier3_보조신호
830860672,Q3,0.0248848450361379,0.079623088349704,False,True,False,Tier3_보조신호
701783296,Q2,-0.0039948147879374,0.0795390096853176,False,True,False,Tier3_보조신호
1509536768,Q3,-0.0059251090576054,0.0791776021520558,False,True,False,Tier3_보조신호
1515253248,Q2,-0.0185557804622653,0.0790922746665455,False,True,False,Tier3_보조신호
831057408,Q2,0.0229606895704556,0.0789950378447233,False,True,False,Tier3_보조신호
736776320,Q3,-0.0114346808501925,0.0785896657319145,False,True,False,Tier3_보조신호
1113267776,Q1_저가,0.0255248143962463,0.078576076344849,False,True,False,Tier3_보조신호
905280704,Q3,0.0075515673485452,0.0784442039823365,False,True,False,Tier3_보조신호
1385409344,Q3,0.0137895267858214,0.0777319486611473,False,True,False,Tier3_보조신호
870998528,Q3,0.0247995299683826,0.0775704662525273,False,True,False,Tier3_보조신호
847479296,Q2,0.0259716383531934,0.0774852344110145,False,True,False,Tier3_보조신호
1279268416,Q2,0.0085337241677313,0.0773941100803897,False,True,False,Tier3_보조신호
82430528,Q1_저가,0.0010714496697239,0.0773709240049405,False,True,False,Tier3_보조신호
389847232,Q3,0.0186764434906172,0.077113431248601,False,True,False,Tier3_보조신호
1265255616,Q3,0.0148827640977691,0.0769951926405491,False,True,False,Tier3_보조신호
41307136,Q1_저가,0.0023481442107702,0.0756225133089042,False,True,False,Tier3_보조신호
1221611776,Q2,0.0049865119439976,0.0754744844806689,False,True,False,Tier3_보조신호
1439721472,Q4_고가,-0.0020665747108072,0.075443781278833,False,True,False,Tier3_보조신호
377950272,Q1_저가,0.0136469733657025,0.0753722728601352,False,True,False,Tier3_보조신호
747210752,Q1_저가,-0.0015887866583888,0.075271172509918,False,True,False,Tier3_보조신호
768974208,Q3,0.0234081104500949,0.0752314413147015,False,True,False,Tier3_보조신호
1087959360,Q4_고가,0.0012637196036079,0.0751816976919911,False,True,False,Tier3_보조신호
580395328,Q2,0.0170568696401537,0.0747621158165149,False,True,False,Tier3_보조신호
1325081920,Q2,0.0142028553133177,0.0746485553768266,False,True,False,Tier3_보조신호
306952704,Q1_저가,0.0146219564255774,0.0746310946282395,False,True,False,Tier3_보조신호
768035072,Q3,-0.0412309830392644,0.0746244611974618,False,True,False,Tier3_보조신호
1248887552,Q2,0.0071345790150156,0.0744660150876436,False,True,False,Tier3_보조신호
769532864,Q2,0.0253818631089872,0.0743154794785988,False,True,False,Tier3_보조신호
75596736,Q1_저가,-0.0017983717073398,0.0742289833831471,False,True,False,Tier3_보조신호
978789440,Q3,-0.0337359357513816,0.0741812139370395,False,True,False,Tier3_보조신호
551009280,Q2,0.0257957176243698,0.0740306066656889,False,True,False,Tier3_보조신호
1004825408,Q4_고가,0.0130514263145421,0.0740162114459555,False,True,False,Tier3_보조신호
473608512,Q4_고가,0.0062813943012355,0.0740063466926199,False,True,False,Tier3_보조신호
86985152,Q4_고가,0.0034863246133035,0.073904021642605,False,True,False,Tier3_보조신호
281258240,Q3,0.0257031314548021,0.0738079156479322,False,True,False,Tier3_보조신호
1097616128,Q3,-0.004422854887929,0.0732741317651428,False,True,False,Tier3_보조신호
1348267072,Q3,0.0059730181285335,0.0732646253501654,False,True,False,Tier3_보조신호
159634560,Q3,-0.0029304799996687,0.0731463659659969,False,True,False,Tier3_보조신호
455115328,Q3,0.023816005430441,0.0731097715581714,False,True,False,Tier3_보조신호
140512192,Q4_고가,-0.0182074215657734,0.0730140840952914,False,True,False,Tier3_보조신호
1133496320,Q1_저가,0.0179931197878093,0.0729702190988696,False,True,False,Tier3_보조신호
316752384,Q2,0.0150450583197199,0.0726590981062893,False,True,False,Tier3_보조신호
1633363520,Q1_저가,0.0052024302655178,0.0725705065703641,False,True,False,Tier3_보조신호
743741888,Q2,0.0004358249025144,0.0722816961725676,False,True,False,Tier3_보조신호
888398528,Q2,0.0120746740362045,0.0721939726358854,False,True,False,Tier3_보조신호
1249310720,Q2,0.013072087755204,0.0719663958751818,False,True,False,Tier3_보조신호
1241886720,Q3,0.0106403475735811,0.071649282937026,False,True,False,Tier3_보조신호
749374848,Q1_저가,-0.0002269772679755,0.0716346051496545,False,True,False,Tier3_보조신호
1549698752,Q2,0.0202757961535857,0.0715785832909226,False,True,False,Tier3_보조신호
187773376,Q3,0.0100417967978775,0.071456964850012,False,True,False,Tier3_보조신호
743866240,Q3,0.0180436271124077,0.0714206943309375,False,True,False,Tier3_보조신호
769712896,Q3,-0.0120420771175518,0.0713786420489898,False,True,False,Tier3_보조신호
733615552,Q4_고가,0.0216315062630193,0.0713418124962966,False,True,False,Tier3_보조신호
1333988864,Q3,0.0247063152740044,0.0711029274638426,False,True,False,Tier3_보조신호
1036759744,Q2,0.0160102489002474,0.0709776134401547,False,True,False,Tier3_보조신호
676877632,Q3,0.0257715549545041,0.0708462380398768,False,True,False,Tier3_보조신호
409043840,Q4_고가,-0.0169331352384984,0.070669410512153,False,True,False,Tier3_보조신호
763010880,Q4_고가,-0.0155230631033839,0.07066546692992,False,True,False,Tier3_보조신호
192522880,Q1_저가,0.025923992934739,0.0705641533841726,False,True,False,Tier3_보조신호
636702656,Q3,0.0256792124054974,0.0705601566851422,False,True,False,Tier3_보조신호
332064384,Q4_고가,0.016397027326485,0.0704423008917462,False,True,False,Tier3_보조신호
166611264,Q3,-0.0111242223530607,0.0703853770819683,False,True,False,Tier3_보조신호
611203072,Q2,0.001926798062293,0.0703528528845521,False,True,False,Tier3_보조신호
745087488,Q4_고가,0.0131403303535108,0.0703168789480335,False,True,False,Tier3_보조신호
74425600,Q2,-0.008508721631008,0.0701786217901356,False,True,False,Tier3_보조신호
1598428032,Q4_고가,0.0211826458997736,0.0700945503567451,False,True,False,Tier3_보조신호
240949632,Q4_고가,0.0238096941975469,0.0700526128621344,False,True,False,Tier3_보조신호
278010240,Q2,0.0223058323398759,0.069929322088341,False,True,False,Tier3_보조신호
1266371072,Q1_저가,0.0057470481625053,0.0699171404595227,False,True,False,Tier3_보조신호
717973184,Q3,-0.01094300423673,0.0691828943026375,False,True,False,Tier3_보조신호
1186073088,Q1_저가,-0.003917035751036,0.0690251842066893,False,True,False,Tier3_보조신호
247510592,Q3,0.0214192855817199,0.0688831967675431,False,True,False,Tier3_보조신호
1090509504,Q2,0.0172534391665126,0.0688738399419307,False,True,False,Tier3_보조신호
907977472,Q3,0.0120420860047145,0.0688683409726446,False,True,False,Tier3_보조신호
1073417600,Q3,0.0200913459560106,0.0688436645619312,False,True,False,Tier3_보조신호
380775104,Q1_저가,0.0007706835523103,0.0688251570635404,False,True,False,Tier3_보조신호
474467840,Q1_저가,0.0035607595190144,0.0687923607816547,False,True,False,Tier3_보조신호
647951872,Q2,-0.0013940091220735,0.0686847260187507,False,True,False,Tier3_보조신호
596473856,Q1_저가,0.0212361699007129,0.0683275687799691,False,True,False,Tier3_보조신호
838960256,Q3,0.0251640750505895,0.0682853351443941,False,True,False,Tier3_보조신호
1248250944,Q3,-0.0028134155950732,0.0682849013678465,False,True,False,Tier3_보조신호
1369186048,Q2,0.0238231239744589,0.0682347663632809,False,True,False,Tier3_보조신호
308521024,Q4_고가,0.0022797073204411,0.068200209128951,False,True,False,Tier3_보조신호
769544000,Q3,-0.0041873338462916,0.0681312786755292,False,True,False,Tier3_보조신호
385635968,Q3,-0.0091778505189124,0.0679369215102096,False,True,False,Tier3_보조신호
1637973824,Q3,0.0120523463205195,0.0678600697834336,False,True,False,Tier3_보조신호
743626816,Q2,0.0042493321840692,0.0677379269168038,False,True,False,Tier3_보조신호
243690944,Q2,-0.0095129137820805,0.0675182229593305,False,True,False,Tier3_보조신호
125708736,Q1_저가,0.0084762744798593,0.0674772357320668,False,True,False,Tier3_보조신호
753519296,Q4_고가,-0.0116027748828845,0.0673905649944528,False,True,False,Tier3_보조신호
670730560,Q3,0.0196945521769766,0.0673324553795845,False,True,False,Tier3_보조신호
1347398464,Q3,0.0145439529805645,0.0670258031487214,False,True,False,Tier3_보조신호
847067264,Q2,0.0208831639509505,0.0669698616071609,False,True,False,Tier3_보조신호
907179392,Q3,0.0127869352297914,0.0668361655278371,False,True,False,Tier3_보조신호
456653952,Q3,-0.0115601898307447,0.0668151093965775,False,True,False,Tier3_보조신호
1012713408,Q2,-0.0085163153441056,0.0665695310422302,False,True,False,Tier3_보조신호
718732288,Q2,-0.0055827485248946,0.0664355574585224,False,True,False,Tier3_보조신호
1471852544,Q1_저가,-0.0486606515377752,0.066271821732755,False,True,False,Tier3_보조신호
1181754176,Q3,-0.0013729934086995,0.0660158454069511,False,True,False,Tier3_보조신호
1191149248,Q3,-0.0089518229176175,0.066003348710286,False,True,False,Tier3_보조신호
641680448,Q3,-0.008297368649552,0.0659766349830091,False,True,False,Tier3_보조신호
1041837760,Q1_저가,0.012429712208201,0.0658207787484208,False,True,False,Tier3_보조신호
1011139520,Q3,0.0079905817766495,0.0655800617308151,False,True,False,Tier3_보조신호
963592512,Q3,0.0177974467898295,0.0655749774327383,False,True,False,Tier3_보조신호
57209344,Q3,-0.0006108494217963,0.065500586096865,False,True,False,Tier3_보조신호
783540096,Q4_고가,-0.0033886504990477,0.0653946534723589,False,True,False,Tier3_보조신호
768740352,Q4_고가,-0.0234736704338137,0.065353850857116,False,True,False,Tier3_보조신호
899788800,Q1_저가,0.0056049497768827,0.0652372893126204,False,True,False,Tier3_보조신호
131250752,Q4_고가,0.0013834477873921,0.065159540722832,False,True,False,Tier3_보조신호
290623616,Q4_고가,-0.0122897947012682,0.0650289760233309,False,True,False,Tier3_보조신호
1506125440,Q2,0.0237832014501836,0.0649540285024956,False,True,False,Tier3_보조신호
886549952,Q4_고가,-0.000170298784649,0.0648602518424261,False,True,False,Tier3_보조신호
748914560,Q4_고가,0.0221676214360674,0.0647820169120423,False,True,False,Tier3_보조신호
1160657024,Q4_고가,0.0259891048375279,0.064756381831646,False,True,False,Tier3_보조신호
974709952,Q2,0.0049423287991414,0.0646579202114109,False,True,False,Tier3_보조신호
643304448,Q4_고가,-0.000713795293555,0.0645773858793269,False,True,False,Tier3_보조신호
1460182016,Q3,-0.0033978114470255,0.06454950632333,False,True,False,Tier3_보조신호
1339011200,Q4_고가,0.0061098801639761,0.0645192189402361,False,True,False,Tier3_보조신호
634685184,Q2,-0.0072319583308942,0.064499839497355,False,True,False,Tier3_보조신호
1579157184,Q2,0.0214235794815945,0.0644858158449288,False,True,False,Tier3_보조신호
719569344,Q2,-0.0053132071802218,0.0644686244810354,False,True,False,Tier3_보조신호
609653312,Q3,0.0118191703141619,0.0643219831746534,False,True,False,Tier3_보조신호
283507712,Q4_고가,-0.0004494911377888,0.0643064470865718,False,True,False,Tier3_보조신호
155417728,Q3,0.0152859729176804,0.0641530949398142,False,True,False,Tier3_보조신호
282574144,Q1_저가,0.0008401824517594,0.0641474542437202,False,True,False,Tier3_보조신호
1030729600,Q3,0.0184561752562478,0.0641342035907353,False,True,False,Tier3_보조신호
966907328,Q1_저가,0.0235272967032252,0.0639582549428745,False,True,False,Tier3_보조신호
1290857280,Q3,0.0091855782780063,0.0638708961551645,False,True,False,Tier3_보조신호
622199872,Q3,-0.0092075492239845,0.0637574481500953,False,True,False,Tier3_보조신호
1316681664,Q1_저가,0.0100843578082833,0.0637220324751332,False,True,False,Tier3_보조신호
476648640,Q1_저가,-0.0015575759104744,0.0637137723939117,False,True,False,Tier3_보조신호
621557696,Q1_저가,0.0107642904197907,0.0637039140116594,False,True,False,Tier3_보조신호
688147264,Q2,-0.0103555563699839,0.0635578889119552,False,True,False,Tier3_보조신호
1556697728,Q3,-0.0131213476139546,0.0634791831117699,False,True,False,Tier3_보조신호
909493824,Q3,-0.0026988085267065,0.0634349843812111,False,True,False,Tier3_보조신호
74566656,Q1_저가,0.0090352759713536,0.0634199474960282,False,True,False,Tier3_보조신호
869023744,Q3,-0.0355963253839349,0.0634098108223597,False,True,False,Tier3_보조신호
328363520,Q1_저가,0.0045211410967871,0.0633706078863343,False,True,False,Tier3_보조신호
341296128,Q4_고가,0.0209881189700977,0.0633625809931899,False,True,False,Tier3_보조신호
749428672,Q3,0.0071938320472929,0.0633360389911514,False,True,False,Tier3_보조신호
1492335360,Q2,-0.0081829207200403,0.0632660478585013,False,True,False,Tier3_보조신호
337480192,Q3,-0.0059381959168168,0.0631569772659493,False,True,False,Tier3_보조신호
981048192,Q3,-0.0099358429898273,0.0631388876542774,False,True,False,Tier3_보조신호
560812672,Q4_고가,-0.0052108036745842,0.0631132254990339,False,True,False,Tier3_보조신호
83904192,Q1_저가,-0.0027580052759308,0.0630882507953166,False,True,False,Tier3_보조신호
1190824448,Q1_저가,0.0020149272374726,0.062952276102606,False,True,False,Tier3_보조신호
1249860096,Q2,0.0005866213634153,0.0629488689816687,False,True,False,Tier3_보조신호
1000925952,Q1_저가,0.0007189614693088,0.062904555749338,False,True,False,Tier3_보조신호
1287462656,Q4_고가,0.0221309102854549,0.0628998658866887,False,True,False,Tier3_보조신호
678182400,Q4_고가,-0.015105267695356,0.0628788884004235,False,True,False,Tier3_보조신호
964880576,Q1_저가,0.0235304068367994,0.0626148282329038,False,True,False,Tier3_보조신호
50793152,Q4_고가,0.0174006863472692,0.0625947543897282,False,True,False,Tier3_보조신호
917404096,Q3,0.0228160472168044,0.0625677212999272,False,True,False,Tier3_보조신호
39955968,Q3,0.0007103061571276,0.0624618033138065,False,True,False,Tier3_보조신호
865801728,Q4_고가,0.0216788857917762,0.0624130214721957,False,True,False,Tier3_보조신호
485392256,Q2,-0.0076814548309357,0.0623146837181691,False,True,False,Tier3_보조신호
788543872,Q2,0.019092017339862,0.0622754427262961,False,True,False,Tier3_보조신호
1473569344,Q3,0.0177136221035587,0.0622348610028604,False,True,False,Tier3_보조신호
834808384,Q1_저가,0.0171632755671259,0.0622152017339948,False,True,False,Tier3_보조신호
746754176,Q3,-0.011325967096779,0.0620835067849974,False,True,False,Tier3_보조신호
843498176,Q2,0.0216522449329166,0.0620733098417612,False,True,False,Tier3_보조신호
693481408,Q4_고가,0.0046070939097816,0.0620702204393364,False,True,False,Tier3_보조신호
480201024,Q4_고가,-0.0097207418510232,0.0620280194367501,False,True,False,Tier3_보조신호
761314496,Q3,-0.0522705737910343,0.062018418886237,False,True,False,Tier3_보조신호
187927424,Q3,-0.0058053043847054,0.061948741263874,False,True,False,Tier3_보조신호
1012191872,Q2,-0.0076095146029907,0.061874478947279,False,True,False,Tier3_보조신호
946959040,Q4_고가,0.0260446469574878,0.0618451131689379,False,True,False,Tier3_보조신호
1519178688,Q2,-0.0029108147830771,0.0616589049236604,False,True,False,Tier3_보조신호
1454053504,Q3,0.0103000296830969,0.0615817114013572,False,True,False,Tier3_보조신호
746210368,Q1_저가,0.0190425548956114,0.0615530566548504,False,True,False,Tier3_보조신호
1166549824,Q3,-0.0093453047489625,0.0614605107244168,False,True,False,Tier3_보조신호
231528576,Q3,-0.0006385486947783,0.061416464234594,False,True,False,Tier3_보조신호
1187281344,Q3,0.0159184720303777,0.0614116006557728,False,True,False,Tier3_보조신호
626891840,Q1_저가,-0.0030933896445286,0.0614019432244807,False,True,False,Tier3_보조신호
728116224,Q1_저가,0.0074902705140877,0.0613633621805728,False,True,False,Tier3_보조신호
615228736,Q2,-0.0097217500379317,0.0612630477676345,False,True,False,Tier3_보조신호
1458478208,Q2,0.0090220926333464,0.0612318434379879,False,True,False,Tier3_보조신호
267093248,Q3,0.0193524354902059,0.0609663240081378,False,True,False,Tier3_보조신호
1044241280,Q1_저가,0.0045765948805153,0.0608839501673597,False,True,False,Tier3_보조신호
1637990528,Q4_고가,0.020666776020576,0.0608335581495267,False,True,False,Tier3_보조신호
415569536,Q2,-0.0001099964605454,0.0607901090836345,False,True,False,Tier3_보조신호
786357504,Q1_저가,-0.0064638538454901,0.0607405626486571,False,True,False,Tier3_보조신호
766076992,Q4_고가,-0.0373209423578596,0.060684072184916,False,True,False,Tier3_보조신호
623725504,Q1_저가,0.0029533104383422,0.0606165245814434,False,True,False,Tier3_보조신호
1429253632,Q3,0.0206724198982557,0.0604562093862195,False,True,False,Tier3_보조신호
749207808,Q2,0.0236055296997996,0.0602900068329039,False,True,False,Tier3_보조신호
837143232,Q4_고가,0.0205285926116718,0.0602664732637222,False,True,False,Tier3_보조신호
1298873344,Q2,-0.0097490483022258,0.0602500844239707,False,True,False,Tier3_보조신호
138316544,Q1_저가,-0.0018151766347711,0.0601358797783124,False,True,False,Tier3_보조신호
746533312,Q1_저가,0.0066875733761873,0.0601290845690935,False,True,False,Tier3_보조신호
398833984,Q2,-0.0096730703163722,0.0601256956985291,False,True,False,Tier3_보조신호
536489792,Q2,0.0008474799622534,0.0600893057487969,False,True,False,Tier3_보조신호
1325672128,Q3,0.0217374625013032,0.0600697425942241,False,True,False,Tier3_보조신호
1518278528,Q2,0.0038880615481112,0.0600554389232426,False,True,False,Tier3_보조신호
1340384640,Q2,0.0147612605012185,0.0600264395542647,False,True,False,Tier3_보조신호
1262375104,Q1_저가,-0.0070762305762212,0.0600129661170084,False,True,False,Tier3_보조신호
1563832192,Q1_저가,-0.0110108406438294,0.0599230924091135,False,True,False,Tier3_보조신호
924935744,Q1_저가,0.0151227631651339,0.0598193304022922,False,True,False,Tier3_보조신호
1100301760,Q3,-0.0067798305497503,0.0597758277924969,False,True,False,Tier3_보조신호
1522914816,Q1_저가,-0.0081827424094918,0.0597751120992738,False,True,False,Tier3_보조신호
186708032,Q3,-0.003430591942625,0.0597590166551865,False,True,False,Tier3_보조신호
389437056,Q3,-0.0041814286862127,0.0597498015908245,False,True,False,Tier3_보조신호
388067328,Q1_저가,0.012088482661849,0.0596369882924476,False,True,False,Tier3_보조신호
42402176,Q3,0.0182599933901433,0.0596251499891417,False,True,False,Tier3_보조신호
431872640,Q4_고가,0.0166192665390979,0.0595579462174827,False,True,False,Tier3_보조신호
742414848,Q3,0.021468560324324,0.0594828732491671,False,True,False,Tier3_보조신호
582342272,Q2,-0.0077511947506557,0.0594366712243907,False,True,False,Tier3_보조신호
1045137728,Q4_고가,0.0027458538044725,0.0593270853331801,False,True,False,Tier3_보조신호
747669184,Q4_고가,-0.0006044351310923,0.0592503964639152,False,True,False,Tier3_보조신호
223458688,Q1_저가,-0.0087971790919926,0.0591874292079287,False,True,False,Tier3_보조신호
387850176,Q3,-0.0109248386570608,0.0591489448686452,False,True,False,Tier3_보조신호
1355614976,Q2,-0.009010759506553,0.0590930193621447,False,True,False,Tier3_보조신호
67556544,Q3,-0.0044751007167014,0.0590640310400286,False,True,False,Tier3_보조신호
479208064,Q2,-0.0034845705524164,0.0590546974602314,False,True,False,Tier3_보조신호
1555823552,Q4_고가,0.0013620276757045,0.0590191639689892,False,True,False,Tier3_보조신호
552070912,Q1_저가,-0.0068913359775679,0.0589707609309456,False,True,False,Tier3_보조신호
1314807104,Q1_저가,0.0049918183812317,0.0588846780327517,False,True,False,Tier3_보조신호
51207040,Q3,0.0123760164274336,0.0588844671699037,False,True,False,Tier3_보조신호
1433704320,Q2,0.0066376885591174,0.058845524981632,False,True,False,Tier3_보조신호
971803456,Q3,-0.0111681922885019,0.0588190084075104,False,True,False,Tier3_보조신호
242779648,Q4_고가,0.0021810432383064,0.0588036982826059,False,True,False,Tier3_보조신호
1091777152,Q2,-0.0134114490561991,0.0587973825285671,False,True,False,Tier3_보조신호
473653056,Q3,0.0236188365655536,0.0587782308251623,False,True,False,Tier3_보조신호
1112306368,Q2,-0.0128362783943252,0.0587625924920519,False,True,False,Tier3_보조신호
1019866432,Q3,0.0118434776621462,0.0587253955965816,False,True,False,Tier3_보조신호
1439528448,Q4_고가,-0.0093417179826934,0.058534711553882,False,True,False,Tier3_보조신호
1120942336,Q3,-0.0137272030806258,0.0584981530672959,False,True,False,Tier3_보조신호
818870912,Q4_고가,-0.0266025033467112,0.0583999815181285,False,True,False,Tier3_보조신호
545615744,Q4_고가,0.0139938521304769,0.0583640929484761,False,True,False,Tier3_보조신호
305788992,Q3,-0.0092761114193526,0.0583450103681243,False,True,False,Tier3_보조신호
568574464,Q4_고가,-0.0073507765909804,0.0582131701253596,False,True,False,Tier3_보조신호
40898816,Q1_저가,-0.0061237570144011,0.0582098877757427,False,True,False,Tier3_보조신호
1547857600,Q1_저가,0.0225859137672968,0.0580888130111878,False,True,False,Tier3_보조신호
1310636672,Q4_고가,-0.0117170646632078,0.0580470324782292,False,True,False,Tier3_보조신호
1181399680,Q1_저가,-0.0089639795926145,0.0579825514136945,False,True,False,Tier3_보조신호
354137792,Q4_고가,-0.0265336734567498,0.0579428798361616,False,True,False,Tier3_보조신호
1354284224,Q3,0.0193026535239338,0.0578687018459648,False,True,False,Tier3_보조신호
1015935424,Q4_고가,-0.0019341886426907,0.0578297776681643,False,True,False,Tier3_보조신호
1507511872,Q2,0.0124488008954285,0.0578283297932962,False,True,False,Tier3_보조신호
1533085696,Q2,-0.006609350252792,0.0578163209548163,False,True,False,Tier3_보조신호
1551322752,Q3,0.0177235815012613,0.0578017598262027,False,True,False,Tier3_보조신호
1503757184,Q1_저가,0.0259838591370476,0.0576946536552516,False,True,False,Tier3_보조신호
357085120,Q3,0.0109890713488449,0.0576422349303053,False,True,False,Tier3_보조신호
1345375424,Q1_저가,-0.0009912989022389,0.0576056806620096,False,True,False,Tier3_보조신호
735087360,Q4_고가,-0.0111332284045972,0.0574893950028589,False,True,False,Tier3_보조신호
1636832384,Q2,0.0173557330967844,0.0574635772008317,False,True,False,Tier3_보조신호
406889024,Q1_저가,-0.0090282405794469,0.0574599750147962,False,True,False,Tier3_보조신호
1093557056,Q1_저가,0.026300663114693,0.0574538643284534,False,True,False,Tier3_보조신호
1636290432,Q2,0.0207987453605022,0.0573547458117951,False,True,False,Tier3_보조신호
1457932544,Q1_저가,-0.0075335742653838,0.0573334890173359,False,True,False,Tier3_보조신호
240003072,Q2,-0.013096656393796,0.057331209530469,False,True,False,Tier3_보조신호
890731520,Q2,0.0252595457215436,0.0573157820951503,False,True,False,Tier3_보조신호
472205376,Q2,-0.0085138923308102,0.0573100220600451,False,True,False,Tier3_보조신호
312340672,Q3,0.0244956416884288,0.0572562776289045,False,True,False,Tier3_보조신호
730105856,Q3,0.0226399833609189,0.0572376376557834,False,True,False,Tier3_보조신호
343983616,Q4_고가,0.0173244088643387,0.0572290346959344,False,True,False,Tier3_보조신호
1489506816,Q2,0.0173072845306326,0.0572026140201726,False,True,False,Tier3_보조신호
435655168,Q3,-0.0103572786743097,0.0572010486036873,False,True,False,Tier3_보조신호
1207352128,Q2,0.0078586225909879,0.0571135147975913,False,True,False,Tier3_보조신호
1031954560,Q2,-0.0131473081733251,0.0570633513016193,False,True,False,Tier3_보조신호
942144576,Q1_저가,-0.0087671085157414,0.0570584925544233,False,True,False,Tier3_보조신호
609265408,Q3,-0.0086249631217494,0.0568906627240376,False,True,False,Tier3_보조신호
1461117440,Q4_고가,-0.0019447741108772,0.0568598691794244,False,True,False,Tier3_보조신호
678466368,Q2,0.0227791362952226,0.0567442923893134,False,True,False,Tier3_보조신호
908131520,Q1_저가,0.0077366826484681,0.0566359226034828,False,True,False,Tier3_보조신호
1618320640,Q3,-0.0110069580191703,0.0566188763692833,False,True,False,Tier3_보조신호
149270656,Q4_고가,0.0134758769959967,0.056593784838604,False,True,False,Tier3_보조신호
83573824,Q1_저가,-0.010675429337862,0.0565580149130681,False,True,False,Tier3_보조신호
762132992,Q3,-0.0116440338566062,0.0565564829982543,False,True,False,Tier3_보조신호
682761152,Q3,0.0178633824055438,0.0564068454247298,False,True,False,Tier3_보조신호
1623422784,Q2,0.0254189925458528,0.0563813848294588,False,True,False,Tier3_보조신호
81101632,Q1_저가,0.0109692349406624,0.0563746033873366,False,True,False,Tier3_보조신호
426039232,Q2,0.0132383890875703,0.0563462301368292,False,True,False,Tier3_보조신호
437193792,Q2,0.0196050386986387,0.0562706659931717,False,True,False,Tier3_보조신호
242987520,Q4_고가,0.0216146021933292,0.0562398628264087,False,True,False,Tier3_보조신호
1302772800,Q4_고가,-0.0064113344174988,0.0561930948511614,False,True,False,Tier3_보조신호
1108913600,Q4_고가,-0.0044988592219183,0.0561607224393452,False,True,False,Tier3_보조신호
1138036096,Q2,0.0191474656076617,0.0560644559270155,False,True,False,Tier3_보조신호
918586368,Q2,0.0091922139574892,0.0560061764378592,False,True,False,Tier3_보조신호
231545280,Q4_고가,-0.0136566107364619,0.055970943066801,False,True,False,Tier3_보조신호
1257486400,Q1_저가,-0.006409452171235,0.0559459310008164,False,True,False,Tier3_보조신호
63553152,Q3,0.0178403506702814,0.0559355530675301,False,True,False,Tier3_보조신호
199848512,Q1_저가,-0.0032374109428482,0.0558504852497878,False,True,False,Tier3_보조신호
1128498112,Q2,0.0187702895878427,0.055812390190605,False,True,False,Tier3_보조신호
1075704192,Q2,-0.0128510302200457,0.0556697902976265,False,True,False,Tier3_보조신호
1477656256,Q3,0.0083448104262028,0.0556243771330441,False,True,False,Tier3_보조신호
1186240128,Q3,0.0200873012134987,0.0555217555099487,False,True,False,Tier3_보조신호
902491136,Q1_저가,-0.010033757887981,0.0555170687842846,False,True,False,Tier3_보조신호
814193792,Q3,-0.0106689804300147,0.0554113842108612,False,True,False,Tier3_보조신호
348751680,Q1_저가,-0.0078484172897188,0.055401958599782,False,True,False,Tier3_보조신호
161538816,Q1_저가,0.0104068411451891,0.0554017211939687,False,True,False,Tier3_보조신호
330069184,Q1_저가,-0.0019072409390381,0.0553792805319675,False,True,False,Tier3_보조신호
899866752,Q3,0.0123110327140916,0.0552646825161404,False,True,False,Tier3_보조신호
645375744,Q3,-0.0012962692398739,0.0552597311536835,False,True,False,Tier3_보조신호
577548224,Q2,-0.0084825147291398,0.0552594942572807,False,True,False,Tier3_보조신호
747242304,Q4_고가,0.0185120906099253,0.0551899981888822,False,True,False,Tier3_보조신호
1553882176,Q1_저가,-0.0037145330263489,0.0551737288269369,False,True,False,Tier3_보조신호
449265216,Q1_저가,0.0168162539991893,0.0550999204461064,False,True,False,Tier3_보조신호
411122560,Q1_저가,-0.0094727898884987,0.0550274110888346,False,True,False,Tier3_보조신호
1492914432,Q2,-0.0017307619383252,0.0550102992373634,False,True,False,Tier3_보조신호
674403584,Q1_저가,-0.0053033599573154,0.0549842413970459,False,True,False,Tier3_보조신호
95114432,Q1_저가,0.0137709810365473,0.0549326599871628,False,True,False,Tier3_보조신호
889465728,Q2,-0.0088370991059193,0.0549011738571507,False,True,False,Tier3_보조신호
539099328,Q1_저가,-0.0003412622849004,0.0548798329148029,False,True,False,Tier3_보조신호
631260864,Q2,0.0164575397572099,0.0548422978032679,False,True,False,Tier3_보조신호
94060224,Q3,0.0175436924651588,0.0548063365653247,False,True,False,Tier3_보조신호
1132932096,Q2,-0.0124181645845068,0.05479393504729,False,True,False,Tier3_보조신호
1231944128,Q4_고가,-0.0120906891867745,0.0547862144803922,False,True,False,Tier3_보조신호
965958912,Q3,-0.0088214940622246,0.0547499870435896,False,True,False,Tier3_보조신호
229282816,Q3,0.0255161213565799,0.0546918931719099,False,True,False,Tier3_보조신호
1294444928,Q3,0.0115690046135003,0.0546431739484148,False,True,False,Tier3_보조신호
607862272,Q1_저가,-0.0056602888808236,0.0546208296788397,False,True,False,Tier3_보조신호
51897472,Q3,0.0195017219041055,0.054519166034542,False,True,False,Tier3_보조신호
1126287616,Q3,0.0160131296587445,0.0545064883423906,False,True,False,Tier3_보조신호
1366288832,Q2,-0.0093234008423597,0.0544703081241329,False,True,False,Tier3_보조신호
661281664,Q1_저가,-0.0080960661795043,0.0544568909114622,False,True,False,Tier3_보조신호
676289280,Q1_저가,-0.0091429092628589,0.054434154908828,False,True,False,Tier3_보조신호
796236992,Q2,0.0134491628244229,0.0544066637892354,False,True,False,Tier3_보조신호
60802560,Q3,-0.0103690216120172,0.054394405712828,False,True,False,Tier3_보조신호
1228226560,Q4_고가,0.001785818707703,0.0543863417101382,False,True,False,Tier3_보조신호
1291183936,Q1_저가,0.0109771530768537,0.05434051456692,False,True,False,Tier3_보조신호
263427648,Q3,0.0211171547656823,0.0543284859945434,False,True,False,Tier3_보조신호
270545408,Q1_저가,-0.0057144493996947,0.0542016181923867,False,True,False,Tier3_보조신호
474434432,Q3,0.0222636901092825,0.0541844883066101,False,True,False,Tier3_보조신호
683141632,Q3,-0.0118720830222745,0.0541761315860471,False,True,False,Tier3_보조신호
577635456,Q2,0.016199752587173,0.0541310331935604,False,True,False,Tier3_보조신호
739586304,Q1_저가,0.0137451200362111,0.0540397922386356,False,True,False,Tier3_보조신호
51203328,Q1_저가,0.0141283938001254,0.0540267069901876,False,True,False,Tier3_보조신호
767032832,Q2,-0.0091562866290275,0.0540248712154131,False,True,False,Tier3_보조신호
770091520,Q1_저가,-0.0041401928959796,0.0540013080457194,False,True,False,Tier3_보조신호
26110208,Q3,-0.0070202350477816,0.0539845728855316,False,True,False,Tier3_보조신호
589842368,Q3,0.0222459347811575,0.0539493587687159,False,True,False,Tier3_보조신호
564695424,Q3,0.0206552749100121,0.0539351316486005,False,True,False,Tier3_보조신호
94971520,Q4_고가,-0.0116303756686133,0.0538971078317132,False,True,False,Tier3_보조신호
1177392576,Q1_저가,-0.0082827312420001,0.0537743323337233,False,True,False,Tier3_보조신호
838950976,Q2,-0.0025681005401832,0.0537186200575237,False,True,False,Tier3_보조신호
336338752,Q4_고가,-0.0175119475133102,0.0536501449611765,False,True,False,Tier3_보조신호
227610560,Q3,0.0098668993969804,0.0536480375585037,False,True,False,Tier3_보조신호
641281408,Q2,-0.0126214892999192,0.0535886766740162,False,True,False,Tier3_보조신호
764428864,Q1_저가,0.0063209378510978,0.0535622210762234,False,True,False,Tier3_보조신호
395619392,Q1_저가,0.0124164259101007,0.0535349589287978,False,True,False,Tier3_보조신호
668327040,Q2,0.0163201166678558,0.0535172428094514,False,True,False,Tier3_보조신호
515062272,Q3,0.017560325062863,0.0534772581569337,False,True,False,Tier3_보조신호
1065147264,Q1_저가,-0.006679958331519,0.0534039863191657,False,True,False,Tier3_보조신호
1219145152,Q4_고가,-0.0045494665275191,0.0531345537521316,False,True,False,Tier3_보조신호
660047424,Q1_저가,0.0147918042390738,0.0530970764225,False,True,False,Tier3_보조신호
1326280896,Q3,-0.0134916016534929,0.0530910747730674,False,True,False,Tier3_보조신호
747155072,Q3,0.0111966474711182,0.0530786285595752,False,True,False,Tier3_보조신호
472862400,Q4_고가,-0.0046219640811706,0.053036308801443,False,True,False,Tier3_보조신호
964973376,Q2,-0.0125698527373656,0.0529901266967912,False,True,False,Tier3_보조신호
1557905984,Q1_저가,-0.0122164678328816,0.0529759753147521,False,True,False,Tier3_보조신호
872680064,Q1_저가,-0.0018132925081812,0.0529646856270164,False,True,False,Tier3_보조신호
1635000512,Q2,0.0143337936771239,0.052959982366613,False,True,False,Tier3_보조신호
661058944,Q1_저가,-0.0042431466790546,0.052950233243553,False,True,False,Tier3_보조신호
402941312,Q2,-0.0128800895143944,0.0529387826027692,False,True,False,Tier3_보조신호
226161024,Q1_저가,-0.0016569404790191,0.0528662158925751,False,True,False,Tier3_보조신호
554570944,Q4_고가,-0.002799472747097,0.0528629550189304,False,True,False,Tier3_보조신호
881694656,Q3,-0.0132123495662324,0.0528484518200007,False,True,False,Tier3_보조신호
1235080768,Q1_저가,-0.0084142417943622,0.0528338885980798,False,True,False,Tier3_보조신호
1157813632,Q3,0.018587100402012,0.05276662190351,False,True,False,Tier3_보조신호
1211214464,Q1_저가,-0.0034049024747192,0.0527476066928796,False,True,False,Tier3_보조신호
1576308224,Q1_저가,-0.0036201732430093,0.0527271373105136,False,True,False,Tier3_보조신호
1124379648,Q1_저가,0.0098225423599322,0.05261941422001,False,True,False,Tier3_보조신호
1290508352,Q3,0.0110052753902951,0.0525963008423082,False,True,False,Tier3_보조신호
344887488,Q4_고가,0.0262360678246149,0.0525590474827688,False,True,False,Tier3_보조신호
1258676096,Q3,-0.0102878862545132,0.052540817103032,False,True,False,Tier3_보조신호
967046528,Q3,0.0256244544992724,0.05252230767129,False,True,False,Tier3_보조신호
264517120,Q1_저가,0.0123090598754298,0.0524417357709297,False,True,False,Tier3_보조신호
748012544,Q4_고가,0.0223025213675182,0.0524093976508904,False,True,False,Tier3_보조신호
743561856,Q3,0.0082095023289725,0.0523169870800263,False,True,False,Tier3_보조신호
1159164800,Q4_고가,-0.0119166560100924,0.0522693416314747,False,True,False,Tier3_보조신호
327791872,Q2,0.016353321354581,0.0522681377667156,False,True,False,Tier3_보조신호
444315264,Q1_저가,-0.0097141796808778,0.0522217093458508,False,True,False,Tier3_보조신호
761147456,Q3,-0.0088065335824597,0.0520934278193642,False,True,False,Tier3_보조신호
398657664,Q1_저가,-0.0061390742477456,0.0520866551532024,False,True,False,Tier3_보조신호
1005942720,Q2,-0.0094066892294883,0.0520289753022115,False,True,False,Tier3_보조신호
789208320,Q3,-0.0088740944714472,0.0519628643660408,False,True,False,Tier3_보조신호
1387137280,Q3,-0.0124630068423725,0.0519310099477276,False,True,False,Tier3_보조신호
105060736,Q3,-0.0066839123258355,0.0518994773761567,False,True,False,Tier3_보조신호
838594624,Q1_저가,-0.0015322246590313,0.0518975588027253,False,True,False,Tier3_보조신호
760393920,Q3,0.0183474136871218,0.0518888345189293,False,True,False,Tier3_보조신호
858774912,Q3,0.022401048932526,0.0518204021507838,False,True,False,Tier3_보조신호
1219787328,Q2,-0.0158201364955209,0.0517713467232257,False,True,False,Tier3_보조신호
1562395648,Q3,0.0184148017517794,0.0517459592670538,False,True,False,Tier3_보조신호
1375062144,Q3,-0.00749472097791,0.0517281360044474,False,True,False,Tier3_보조신호
233078336,Q1_저가,-0.0067652109717688,0.0516643815026455,False,True,False,Tier3_보조신호
1321234432,Q2,-0.0075079311341556,0.0516625040296244,False,True,False,Tier3_보조신호
373256448,Q3,-0.0132541941370383,0.0516549569347416,False,True,False,Tier3_보조신호
752513344,Q1_저가,-0.0028275845085823,0.0515869929291917,False,True,False,Tier3_보조신호
1184397120,Q2,0.0092394613080438,0.0515750519618164,False,True,False,Tier3_보조신호
1575859072,Q3,-0.0096762186231601,0.0514636617830801,False,True,False,Tier3_보조신호
551436160,Q1_저가,0.0211989431937396,0.0514343787948815,False,True,False,Tier3_보조신호
408152960,Q2,0.0168971928494642,0.051369816139894,False,True,False,Tier3_보조신호
1574509760,Q1_저가,0.0080687243697964,0.0513561253695289,False,True,False,Tier3_보조신호
212382080,Q1_저가,-0.0066636681655559,0.051236758566485,False,True,False,Tier3_보조신호
908183488,Q3,0.0169244787579158,0.0512345883017106,False,True,False,Tier3_보조신호
721182208,Q2,-0.0092423678316249,0.051179427621244,False,True,False,Tier3_보조신호
158932992,Q3,-0.0106185419494324,0.0511721645151027,False,True,False,Tier3_보조신호
1263948992,Q3,-0.0102907662363239,0.0511135103716211,False,True,False,Tier3_보조신호
854890304,Q1_저가,-0.0078445138134377,0.0510961451813346,False,True,False,Tier3_보조신호
567548096,Q1_저가,-0.0048155301715998,0.0510382411943414,False,True,False,Tier3_보조신호
1283592896,Q3,-0.0090502005702131,0.0510352228409354,False,True,False,Tier3_보조신호
425367360,Q2,-0.0006914604799668,0.0510122829873461,False,True,False,Tier3_보조신호
745464256,Q2,-0.0092804241872691,0.0509995719596553,False,True,False,Tier3_보조신호
761886144,Q3,-0.0135746362153334,0.0509869615853936,False,True,False,Tier3_보조신호
1359570112,Q1_저가,-0.0122039600744953,0.050984900576481,False,True,False,Tier3_보조신호
626320192,Q1_저가,-0.0067754800983282,0.0509300261950146,False,True,False,Tier3_보조신호
637051584,Q1_저가,0.0200963345828514,0.0509224133323392,False,True,False,Tier3_보조신호
194980224,Q4_고가,0.0231891478480127,0.0508984394619604,False,True,False,Tier3_보조신호
605937600,Q3,-0.0121709138411669,0.0508733160850599,False,True,False,Tier3_보조신호
765342016,Q1_저가,-0.0087939641388591,0.0508291777157376,False,True,False,Tier3_보조신호
316548224,Q2,0.0260388312145711,0.0507749679374074,False,True,False,Tier3_보조신호
654663168,Q4_고가,0.0137274423409724,0.0507597455503344,False,True,False,Tier3_보조신호
566740736,Q3,-0.0094087376952007,0.0507397542165051,False,True,False,Tier3_보조신호
719170304,Q3,0.0182542924936552,0.0507345007816407,False,True,False,Tier3_보조신호
51184768,Q2,0.0131517300264266,0.0506866115160185,False,True,False,Tier3_보조신호
1531897856,Q1_저가,-0.0060164609060119,0.0506578100964048,False,True,False,Tier3_보조신호
757307392,Q2,0.00999744916375,0.0504869658084296,False,True,False,Tier3_보조신호
760796672,Q2,-0.0108389519107707,0.0504565246873077,False,True,False,Tier3_보조신호
853101120,Q3,0.0226273346723249,0.0504164898522901,False,True,False,Tier3_보조신호
1542952192,Q4_고가,-0.0139230192966331,0.0503891435692973,False,True,False,Tier3_보조신호
192771584,Q1_저가,-0.0064040062551153,0.050375927166549,False,True,False,Tier3_보조신호
1013507776,Q1_저가,0.0218321119252612,0.0503458005354891,False,True,False,Tier3_보조신호
195611264,Q1_저가,-0.0111181403194109,0.0503444432767764,False,True,False,Tier3_보조신호
1440235584,Q3,-0.0134909361256359,0.0502859758500331,False,True,False,Tier3_보조신호
1346368384,Q1_저가,-0.007651719648026,0.0502498180101879,False,True,False,Tier3_보조신호
861150592,Q2,-0.0238871091735024,0.0502465036951432,False,True,False,Tier3_보조신호
1259964160,Q2,0.0237015444408644,0.0502425289764345,False,True,False,Tier3_보조신호
1208007296,Q1_저가,0.0140457091166225,0.050203060557802,False,True,False,Tier3_보조신호
607121728,Q4_고가,-0.0108975206921186,0.0501964973812068,False,True,False,Tier3_보조신호
178758784,Q3,-0.0117312571816831,0.0501949047947408,False,True,False,Tier3_보조신호
1622275776,Q1_저가,-0.0056117072210276,0.0501913676989964,False,True,False,Tier3_보조신호
390045824,Q1_저가,0.0100869405398148,0.0501830671946486,False,True,False,Tier3_보조신호
585848256,Q1_저가,-0.0089760958349148,0.050166011173454,False,True,False,Tier3_보조신호
742255232,Q4_고가,-0.0122447736602951,0.0501459477369104,False,True,False,Tier3_보조신호
308025472,Q2,-0.001826142611525,0.0501452595298704,False,True,False,Tier3_보조신호
1624283968,Q1_저가,-0.0088043663269349,0.0501168147141675,False,True,False,Tier3_보조신호
1204083712,Q1_저가,-0.0001290818471587,0.0500355503116242,False,True,False,Tier3_보조신호
309803520,Q4_고가,-0.011911837324605,0.0500235691050471,False,True,False,Tier3_보조신호
1374264064,Q1_저가,0.0201524393323294,0.0500198395325929,False,True,False,Tier3_보조신호
130523200,Q4_고가,-0.0121573513150894,0.050007334327819,False,True,False,Tier3_보조신호
1168387264,Q3,-0.0132315989132995,0.0499426933265999,False,True,False,Tier3_보조신호
1073753536,Q1_저가,-0.0026952765814124,0.049834431137509,False,True,False,Tier3_보조신호
1580066624,Q1_저가,0.0148032656391996,0.0498329399244126,False,True,False,Tier3_보조신호
172407552,Q1_저가,-0.0002497333866842,0.0496562539323302,False,True,False,Tier3_보조신호
1372361664,Q4_고가,0.0029420996359664,0.0496085330914895,False,True,False,Tier3_보조신호
757693440,Q1_저가,0.022464223164454,0.0496075392845767,False,True,False,Tier3_보조신호
18792000,Q1_저가,0.0129609043273881,0.0495853553608855,False,True,False,Tier3_보조신호
579849664,Q3,-0.0023947836272825,0.049580776674273,False,True,False,Tier3_보조신호
1168379840,Q1_저가,-0.0068933911603257,0.0495764754619721,False,True,False,Tier3_보조신호
330919232,Q3,0.0154323316379824,0.0495649920072873,False,True,False,Tier3_보조신호
162147584,Q1_저가,-0.0040437289914353,0.0495488965639634,False,True,False,Tier3_보조신호
119312960,Q3,-0.0115111182349654,0.0495229461165355,False,True,False,Tier3_보조신호
1599085056,Q1_저가,0.016836620909737,0.0495138570604829,False,True,False,Tier3_보조신호
981779456,Q2,-0.054638074334239,0.0494799505541873,False,True,False,Tier3_보조신호
1172589248,Q1_저가,-0.0026974532756386,0.0494513807094156,False,True,False,Tier3_보조신호
749517760,Q3,-0.0133575354357248,0.0494396934088441,False,True,False,Tier3_보조신호
472619264,Q1_저가,-0.0015106584872157,0.0494226618653567,False,True,False,Tier3_보조신호
688869248,Q3,0.0135914158951055,0.0494119411438911,False,True,False,Tier3_보조신호
245793792,Q2,-0.0125813688187988,0.0493801803071433,False,True,False,Tier3_보조신호
1267028096,Q1_저가,-0.0071870457536268,0.0493423276386729,False,True,False,Tier3_보조신호
1553624192,Q2,0.0008609862011565,0.0493228151901635,False,True,False,Tier3_보조신호
61220160,Q1_저가,-0.0124456834124822,0.0493194931076048,False,True,False,Tier3_보조신호
183465600,Q1_저가,0.0051207620791146,0.0493183982998032,False,True,False,Tier3_보조신호
1249188224,Q1_저가,-0.0012703150541625,0.0493047463940545,False,True,False,Tier3_보조신호
450451200,Q3,-0.0122898538172177,0.0492746586496648,False,True,False,Tier3_보조신호
1358256064,Q1_저가,-0.0068905812939481,0.0492642155717953,False,True,False,Tier3_보조신호
1256662336,Q1_저가,0.0200206693255607,0.0492322230781526,False,True,False,Tier3_보조신호
919404864,Q1_저가,0.01073269447296,0.0492201495106316,False,True,False,Tier3_보조신호
233109888,Q4_고가,-0.0035289888073545,0.0491982301071683,False,True,False,Tier3_보조신호
1247566080,Q3,-0.0069575222698628,0.0491698191562044,False,True,False,Tier3_보조신호
967222848,Q1_저가,-0.0112507301760176,0.0491635540911867,False,True,False,Tier3_보조신호
1580710656,Q3,0.0126688804528691,0.0491468994765194,False,True,False,Tier3_보조신호
683832064,Q1_저가,-0.0054537990743333,0.0491147340613873,False,True,False,Tier3_보조신호
432227136,Q1_저가,-0.0065340165085454,0.0491100080254815,False,True,False,Tier3_보조신호
49083776,Q4_고가,0.0249774452260865,0.0490944342564121,False,True,False,Tier3_보조신호
1268627968,Q2,0.0172440041464092,0.0490850084406419,False,True,False,Tier3_보조신호
904282176,Q3,-0.0085286950170125,0.0490780487329618,False,True,False,Tier3_보조신호
776737856,Q1_저가,0.0138875742006,0.0490066633683407,False,True,False,Tier3_보조신호
1284160832,Q3,0.0043089692712323,0.0489964399345418,False,True,False,Tier3_보조신호
1385470592,Q2,-0.0127812370047467,0.0489823551436259,False,True,False,Tier3_보조신호
757916160,Q3,-0.0116963271208456,0.0489609346257027,False,True,False,Tier3_보조신호
1181407104,Q1_저가,0.0058495326811162,0.0489595413361135,False,True,False,Tier3_보조신호
725233856,Q3,0.0200588305741343,0.048927893031923,False,True,False,Tier3_보조신호
1177143872,Q1_저가,0.0136252226738179,0.0488639259571521,False,True,False,Tier3_보조신호
515351808,Q1_저가,-0.0101732581673658,0.0488454140138605,False,True,False,Tier3_보조신호
1340041280,Q1_저가,-0.0042915047990077,0.048842717711641,False,True,False,Tier3_보조신호
1352532160,Q2,0.0080977020272374,0.0488410495938405,False,True,False,Tier3_보조신호
650080704,Q3,-0.0122427411426156,0.0488334734325229,False,True,False,Tier3_보조신호
1058985344,Q2,0.0192901698969965,0.0487969373509798,False,True,False,Tier3_보조신호
926407552,Q2,0.0080198263677503,0.0487941962985908,False,True,False,Tier3_보조신호
1258583296,Q3,-0.0042009181720679,0.048793639307459,False,True,False,Tier3_보조신호
1126250496,Q2,0.0161679535736992,0.0487649665631468,False,True,False,Tier3_보조신호
1447670720,Q1_저가,-0.0102586051492724,0.0487111683422139,False,True,False,Tier3_보조신호
843893504,Q1_저가,-0.0121745941912988,0.048682651836904,False,True,False,Tier3_보조신호
935991936,Q1_저가,-0.0081154763662378,0.0486381152345574,False,True,False,Tier3_보조신호
1523039168,Q4_고가,0.0018445758671967,0.0486226966124468,False,True,False,Tier3_보조신호
57105408,Q1_저가,-0.0113235345238289,0.0485769943068585,False,True,False,Tier3_보조신호
749679232,Q3,0.0142487321984392,0.0485580344640069,False,True,False,Tier3_보조신호
677582912,Q3,0.016378683909506,0.0485400015460218,False,True,False,Tier3_보조신호
371261248,Q2,-0.0104019550325846,0.0485371317353778,False,True,False,Tier3_보조신호
1193673408,Q1_저가,-0.0110213276077498,0.0485371292006079,False,True,False,Tier3_보조신호
270575104,Q1_저가,0.0130887664358606,0.048521387666447,False,True,False,Tier3_보조신호
1334996672,Q2,0.019362059948308,0.0485150914528098,False,True,False,Tier3_보조신호
1479250560,Q3,0.0148390156049569,0.0484863950396436,False,True,False,Tier3_보조신호
1567373440,Q4_고가,0.0132042802743932,0.0484728111860333,False,True,False,Tier3_보조신호
795732160,Q4_고가,0.0113010218403318,0.0484402364177933,False,True,False,Tier3_보조신호
579675200,Q3,-0.0020866455814431,0.0483985243369629,False,True,False,Tier3_보조신호
752999616,Q3,0.0113575499584863,0.0483884467698867,False,True,False,Tier3_보조신호
1328793920,Q3,-0.0142918831130443,0.0483865123801618,False,True,False,Tier3_보조신호
736137856,Q4_고가,-0.0108860692786193,0.0483664675285736,False,True,False,Tier3_보조신호
726076480,Q2,-0.015164471746894,0.0483530068953828,False,True,False,Tier3_보조신호
1188716032,Q1_저가,0.0160249196588174,0.0483464078687447,False,True,False,Tier3_보조신호
479737024,Q3,0.0135922634390243,0.0483349300874864,False,True,False,Tier3_보조신호
480709568,Q1_저가,-0.0063830113754862,0.0482707160519104,False,True,False,Tier3_보조신호
612702720,Q2,-0.0069553002503246,0.0482473313179885,False,True,False,Tier3_보조신호
1620315840,Q1_저가,0.0006427698870153,0.0482332049710336,False,True,False,Tier3_보조신호
1638192832,Q3,0.0033830572044813,0.0482186032684985,False,True,False,Tier3_보조신호
1569776960,Q2,-0.0001511673301817,0.0482154733562801,False,True,False,Tier3_보조신호
1453092096,Q2,0.0207085659045268,0.0481423886415011,False,True,False,Tier3_보조신호
1123236352,Q1_저가,-0.0089842266383285,0.0481163092580274,False,True,False,Tier3_보조신호
1132065344,Q4_고가,0.0068288173151835,0.0480820517920551,False,True,False,Tier3_보조신호
1265736320,Q1_저가,-0.0058098909980888,0.0480705295458908,False,True,False,Tier3_보조신호
747962432,Q1_저가,-0.0029507787078321,0.0480569364610938,False,True,False,Tier3_보조신호
922827328,Q4_고가,0.0130159175628083,0.0480474788887598,False,True,False,Tier3_보조신호
1040746432,Q1_저가,-0.0072833319623073,0.048017898208999,False,True,False,Tier3_보조신호
200761664,Q2,-0.0090897807867843,0.0480135794877034,False,True,False,Tier3_보조신호
948143168,Q3,-0.0109808166585881,0.0480054856965646,False,True,False,Tier3_보조신호
303088512,Q2,-0.009602232626512,0.04796803498078,False,True,False,Tier3_보조신호
482307584,Q2,-0.0114603094311843,0.0479636580644937,False,True,False,Tier3_보조신호
46056640,Q3,-0.0132910590459081,0.0479631863535841,False,True,False,Tier3_보조신호
556790720,Q3,0.0232582133329408,0.047930910843977,False,True,False,Tier3_보조신호
1578153088,Q4_고가,-0.0128023487336634,0.0479127891022722,False,True,False,Tier3_보조신호
653306432,Q3,0.0161395820378884,0.047904529728125,False,True,False,Tier3_보조신호
278283072,Q1_저가,0.0013425891006458,0.0478843949522689,False,True,False,Tier3_보조신호
1624937280,Q1_저가,-0.0059097798716855,0.0478774141467835,False,True,False,Tier3_보조신호
1381285312,Q4_고가,-0.0039885712826507,0.047865343253704,False,True,False,Tier3_보조신호
323502656,Q1_저가,-0.017092934627729,0.0478439721785842,False,True,False,Tier3_보조신호
999682432,Q3,-0.0134033944314469,0.0477975227749233,False,True,False,Tier3_보조신호
904517888,Q1_저가,-0.0078200038125771,0.0477325173350315,False,True,False,Tier3_보조신호
1001612672,Q3,-0.0019297980230474,0.0476955372427399,False,True,False,Tier3_보조신호
1619385984,Q2,-0.0100953860612344,0.0475985560376316,False,True,False,Tier3_보조신호
769510592,Q2,0.0154932998041502,0.0475754174394665,False,True,False,Tier3_보조신호
1434481984,Q1_저가,-0.0123162279733595,0.0475366273891415,False,True,False,Tier3_보조신호
417846848,Q1_저가,-0.0090612108839007,0.0475347710087636,False,True,False,Tier3_보조신호
193204032,Q4_고가,0.0169006521973373,0.0475211385209962,False,True,False,Tier3_보조신호
1246940608,Q2,-0.011079261303332,0.047499320083234,False,True,False,Tier3_보조신호
397924544,Q3,0.0170847193416969,0.0474838927751918,False,True,False,Tier3_보조신호
932836736,Q4_고가,-0.002370360525614,0.0474763177766334,False,True,False,Tier3_보조신호
453439360,Q2,-0.0094796556945889,0.0474379004146612,False,True,False,Tier3_보조신호
58122496,Q1_저가,-0.0039616838600644,0.0474317607577714,False,True,False,Tier3_보조신호
67563968,Q3,-0.0057947847350254,0.0474069509437666,False,True,False,Tier3_보조신호
265465536,Q1_저가,-0.0101411137765754,0.0473996239380913,False,True,False,Tier3_보조신호
1276924288,Q4_고가,0.0213544371499861,0.0473930721650266,False,True,False,Tier3_보조신호
840803264,Q1_저가,0.0001797918678847,0.0473747464313178,False,True,False,Tier3_보조신호
695036736,Q2,-0.0110104622716785,0.0473530161090241,False,True,False,Tier3_보조신호
1577097024,Q3,0.0228273365414825,0.0473321582598761,False,True,False,Tier3_보조신호
1267516224,Q1_저가,-0.0113084950923245,0.0473095815975329,False,True,False,Tier3_보조신호
1248176704,Q1_저가,-0.0114727497436902,0.047278809667435,False,True,False,Tier3_보조신호
735139328,Q1_저가,-0.0105996117783619,0.0472695697145372,False,True,False,Tier3_보조신호
975105280,Q1_저가,0.0114628206878405,0.0471930874425192,False,True,False,Tier3_보조신호
517939072,Q3,-0.0156147391980539,0.0471918171007878,False,True,False,Tier3_보조신호
1629642240,Q2,-0.0071767806505272,0.047169588880344,False,True,False,Tier3_보조신호
748454272,Q3,-0.0125930595004763,0.047101058531533,False,True,False,Tier3_보조신호
936530176,Q3,-0.0134822773157163,0.0470777380852139,False,True,False,Tier3_보조신호
1287258496,Q1_저가,-0.0092679328926102,0.0470757573351173,False,True,False,Tier3_보조신호
883537664,Q3,-0.0120283300833461,0.0470745369184968,False,True,False,Tier3_보조신호
999986816,Q1_저가,-0.0067715083382321,0.0470468002085079,False,True,False,Tier3_보조신호
859467200,Q2,0.021176739958123,0.0470180548779262,False,True,False,Tier3_보조신호
409455872,Q4_고가,0.0080630831101574,0.0470137618694502,False,True,False,Tier3_보조신호
736817152,Q1_저가,-0.0074616877024995,0.0469984982141158,False,True,False,Tier3_보조신호
762966336,Q4_고가,0.0120101119006421,0.0469949819737925,False,True,False,Tier3_보조신호
1191908352,Q2,0.0179864338875502,0.0469928657768474,False,True,False,Tier3_보조신호
482010624,Q1_저가,-0.0083164425710078,0.0469877263602626,False,True,False,Tier3_보조신호
27210816,Q1_저가,-0.0058098909980888,0.0469415429241569,False,True,False,Tier3_보조신호
1563577920,Q4_고가,0.0146070731542992,0.0469145515164528,False,True,False,Tier3_보조신호
1190505216,Q1_저가,0.0262644377924394,0.0468678389293923,False,True,False,Tier3_보조신호
742724800,Q2,0.0033329258458591,0.0468645148382846,False,True,False,Tier3_보조신호
498985600,Q1_저가,-0.0003524562092233,0.0468471540166455,False,True,False,Tier3_보조신호
1367727232,Q1_저가,-0.0105110528709174,0.0467955528821906,False,True,False,Tier3_보조신호
1357721536,Q4_고가,-0.0115968057563079,0.0467634345430757,False,True,False,Tier3_보조신호
665934656,Q3,-0.0032677422124614,0.0467583536710079,False,True,False,Tier3_보조신호
1622765760,Q1_저가,0.007881863428296,0.0467554069562603,False,True,False,Tier3_보조신호
861707392,Q1_저가,-0.0089287847134194,0.0467271432621876,False,True,False,Tier3_보조신호
536614144,Q1_저가,0.0200237197945431,0.0467112834828344,False,True,False,Tier3_보조신호
483890752,Q4_고가,-0.010706494019133,0.0467072904007605,False,True,False,Tier3_보조신호
437490752,Q3,-0.0118657291788063,0.0466699933774476,False,True,False,Tier3_보조신호
1627433600,Q4_고가,0.0033708133035045,0.0466617824380224,False,True,False,Tier3_보조신호
927847808,Q1_저가,0.0084435193213275,0.0466208097095941,False,True,False,Tier3_보조신호
767146048,Q1_저가,0.0242383754950961,0.0465920681938754,False,True,False,Tier3_보조신호
1130359680,Q1_저가,0.0208573741480926,0.0465772872838947,False,True,False,Tier3_보조신호
447958592,Q3,-0.0139461837711806,0.0465663711862638,False,True,False,Tier3_보조신호
1633393216,Q2,-0.007838860147145,0.0465528881011374,False,True,False,Tier3_보조신호
1142059904,Q1_저가,0.0108390270437137,0.0465463359378571,False,True,False,Tier3_보조신호
1335998912,Q2,-0.0079373036193266,0.0465353997968301,False,True,False,Tier3_보조신호
746280896,Q1_저가,-0.0071913331121991,0.0465348680112821,False,True,False,Tier3_보조신호
1284571008,Q1_저가,-0.0109146806380403,0.0465059023482862,False,True,False,Tier3_보조신호
909228416,Q1_저가,-0.0055997205498246,0.046480399234882,False,True,False,Tier3_보조신호
1268011776,Q1_저가,-0.009835116064639,0.0464586815084782,False,True,False,Tier3_보조신호
1391768000,Q1_저가,-0.0027157419641372,0.046437450036418,False,True,False,Tier3_보조신호
1516619264,Q2,-0.0082113112159755,0.0464332666087611,False,True,False,Tier3_보조신호
761403584,Q3,-0.0044414687414167,0.0463932409913401,False,True,False,Tier3_보조신호
1262666496,Q3,-0.0102560504367764,0.0463686745465519,False,True,False,Tier3_보조신호
1287668672,Q1_저가,-0.011595788619043,0.0463634123980829,False,True,False,Tier3_보조신호
673770688,Q3,0.0210244511554232,0.0463558891823162,False,True,False,Tier3_보조신호
1565235328,Q4_고가,-0.0016118207664353,0.0463530212166418,False,True,False,Tier3_보조신호
1288327552,Q1_저가,-0.0114709588752075,0.0463292588763807,False,True,False,Tier3_보조신호
837887488,Q3,0.0180048606572025,0.0463069156033034,False,True,False,Tier3_보조신호
1148613440,Q2,0.0130010452653482,0.0462872443419247,False,True,False,Tier3_보조신호
461845184,Q2,-0.0082493501581538,0.0462834197166118,False,True,False,Tier3_보조신호
1166147072,Q3,0.0251226360875753,0.0462769579203472,False,True,False,Tier3_보조신호
1251406144,Q1_저가,-0.0090650117465116,0.0462731915862995,False,True,False,Tier3_보조신호
1014086848,Q3,-0.0026387459173023,0.0462727452518444,False,True,False,Tier3_보조신호
1149012480,Q4_고가,-0.0086739360528324,0.0462515187390755,False,True,False,Tier3_보조신호
203133632,Q3,-0.0017778828254551,0.046225985734842,False,True,False,Tier3_보조신호
674737664,Q3,-0.0071255659750139,0.0461733348653707,False,True,False,Tier3_보조신호
1104743168,Q3,0.0215294412726133,0.0461729955518412,False,True,False,Tier3_보조신호
1324306112,Q1_저가,-0.0119113155481535,0.0461346901025492,False,True,False,Tier3_보조신호
283645056,Q2,0.0213599264831254,0.0461012896591456,False,True,False,Tier3_보조신호
542521792,Q1_저가,-0.0042550018351172,0.0460610295012252,False,True,False,Tier3_보조신호
417356864,Q2,-0.0118354086615247,0.0460542680193345,False,True,False,Tier3_보조신호
894218944,Q1_저가,0.0070533628503703,0.0459418781053491,False,True,False,Tier3_보조신호
139754944,Q3,-0.00260274768639,0.0459214901983958,False,True,False,Tier3_보조신호
1001592256,Q3,-0.0050179495307422,0.0458729603399634,False,True,False,Tier3_보조신호
927504448,Q1_저가,-0.0060970282762923,0.0458202923503695,False,True,False,Tier3_보조신호
433691520,Q1_저가,-0.0114693161435693,0.0458168938459137,False,True,False,Tier3_보조신호
286119104,Q1_저가,-0.0104684454956708,0.0458031540043306,False,True,False,Tier3_보조신호
143810304,Q4_고가,0.0026647265792924,0.0457804733987331,False,True,False,Tier3_보조신호
540834688,Q1_저가,-0.0062514369996129,0.0457761093948595,False,True,False,Tier3_보조신호
1602912128,Q1_저가,-0.0019027224067036,0.0457457303722636,False,True,False,Tier3_보조신호
1301792832,Q1_저가,0.010061509105859,0.0457281031297815,False,True,False,Tier3_보조신호
768107456,Q1_저가,-0.0063031674070926,0.0456964485455252,False,True,False,Tier3_보조신호
743370688,Q1_저가,-0.0042641358546733,0.045687998639981,False,True,False,Tier3_보조신호
745854016,Q1_저가,-0.0059756718386466,0.0456594224121357,False,True,False,Tier3_보조신호
839641408,Q1_저가,-0.0067235597708016,0.0456542281495431,False,True,False,Tier3_보조신호
967313792,Q2,-0.0053014067725898,0.0456330469314361,False,True,False,Tier3_보조신호
550888640,Q3,-0.009090050547214,0.0456134666758795,False,True,False,Tier3_보조신호
1615963520,Q4_고가,0.0190535767773999,0.0456126077335862,False,True,False,Tier3_보조신호
773051840,Q1_저가,-0.0077047666482565,0.0455787333258938,False,True,False,Tier3_보조신호
1332936512,Q1_저가,0.0152121181426676,0.0455531998724817,False,True,False,Tier3_보조신호
579025600,Q2,-0.0154574110124634,0.0455430638766786,False,True,False,Tier3_보조신호
733530176,Q4_고가,0.0017187834928368,0.0455337198627845,False,True,False,Tier3_보조신호
918452736,Q1_저가,-0.009860510410424,0.0454713374651803,False,True,False,Tier3_보조신호
461167744,Q1_저가,0.0106681786544791,0.0454622804373207,False,True,False,Tier3_보조신호
746238208,Q3,-0.0100085011397999,0.0454486577532739,False,True,False,Tier3_보조신호
1538250944,Q1_저가,-0.0113455428065404,0.0454269127028057,False,True,False,Tier3_보조신호
1622288768,Q1_저가,-0.0072609340704261,0.0454147498690121,False,True,False,Tier3_보조신호
469861248,Q3,-0.0118934749725993,0.045408205545458,False,True,False,Tier3_보조신호
260443200,Q1_저가,-0.0099154984626997,0.0453919975548569,False,True,False,Tier3_보조신호
499716864,Q4_고가,0.0206759702891156,0.0453678597182253,False,True,False,Tier3_보조신호
111311744,Q3,-0.0126904349825637,0.045362169695975,False,True,False,Tier3_보조신호
946303872,Q4_고가,-0.0018036863052262,0.0453615743145066,False,True,False,Tier3_보조신호
985469184,Q1_저가,0.012222691190609,0.0453575927423902,False,True,False,Tier3_보조신호
828293824,Q2,-0.0096674917765162,0.0453277321664984,False,True,False,Tier3_보조신호
219496128,Q3,0.017599304010951,0.0453148743450942,False,True,False,Tier3_보조신호
1128392320,Q3,-0.0129403457909166,0.0453100411330164,False,True,False,Tier3_보조신호
1129739776,Q3,-0.01252717603252,0.0452880670153163,False,True,False,Tier3_보조신호
744493568,Q4_고가,-0.0112251499337192,0.0451380065132585,False,True,False,Tier3_보조신호
388748480,Q3,-0.0133332016857299,0.0451371924428294,False,True,False,Tier3_보조신호
1041917568,Q1_저가,0.0201445225224861,0.0451283650847573,False,True,False,Tier3_보조신호
1241402304,Q4_고가,0.0200836525159535,0.0451279701845285,False,True,False,Tier3_보조신호
1276532672,Q3,-0.0132993154479108,0.0451146192884336,False,True,False,Tier3_보조신호
639208256,Q4_고가,0.025103834664023,0.0451095288369287,False,True,False,Tier3_보조신호
668481088,Q1_저가,-0.0068123064205757,0.0451090289426304,False,True,False,Tier3_보조신호
56576448,Q3,0.0188680801740817,0.0451056106359415,False,True,False,Tier3_보조신호
789030144,Q1_저가,-0.0099510522322446,0.0450761033170172,False,True,False,Tier3_보조신호
258527808,Q3,0.0169470663756416,0.0450714130328165,False,True,False,Tier3_보조신호
1358514048,Q3,0.02540981331147,0.0450415371427814,False,True,False,Tier3_보조신호
1531088640,Q1_저가,0.0123665564275481,0.0450188624299703,False,True,False,Tier3_보조신호
1601648192,Q2,-0.0017371750011235,0.0449911274431458,False,True,False,Tier3_보조신호
660351808,Q3,-0.0123983305925638,0.0449704349656146,False,True,False,Tier3_보조신호
1286484544,Q2,-0.0029972492207844,0.0449545615455168,False,True,False,Tier3_보조신호
1531391168,Q2,-0.0044994525542908,0.0449524642418288,False,True,False,Tier3_보조신호
1167780352,Q1_저가,-0.0114434143421403,0.0449501857906439,False,True,False,Tier3_보조신호
636852992,Q1_저가,-0.0066406584850522,0.0449132755275025,False,True,False,Tier3_보조신호
1475700032,Q1_저가,-0.003937261448281,0.0449131779422836,False,True,False,Tier3_보조신호
1361620992,Q1_저가,-0.0098260095877963,0.044865171083339,False,True,False,Tier3_보조신호
198714496,Q1_저가,-0.0118850881856334,0.0448449858470402,False,True,False,Tier3_보조신호
878884672,Q3,0.0045785793094842,0.044819957013073,False,True,False,Tier3_보조신호
1577432960,Q4_고가,0.0194248483332432,0.0448184876985927,False,True,False,Tier3_보조신호
226756800,Q1_저가,-0.0026379405693805,0.0448028198334596,False,True,False,Tier3_보조신호
467888320,Q3,-0.0136251874732129,0.0447851904795595,False,True,False,Tier3_보조신호
602786112,Q3,0.0238529448279192,0.0447704819045823,False,True,False,Tier3_보조신호
1556720000,Q4_고가,0.0029714730314289,0.0447403275058392,False,True,False,Tier3_보조신호
748303936,Q1_저가,-0.0086034129400259,0.0447383331224521,False,True,False,Tier3_보조신호
745065216,Q1_저가,-0.0054525942605136,0.0446963597492657,False,True,False,Tier3_보조신호
339013248,Q2,-0.0079250818035717,0.0446635226358981,False,True,False,Tier3_보조신호
971692096,Q1_저가,-0.0044018615250526,0.0446540297785173,False,True,False,Tier3_보조신호
663044864,Q3,-0.011283740900947,0.044649290512706,False,True,False,Tier3_보조신호
928198592,Q1_저가,0.0143765883462984,0.0445830820064218,False,True,False,Tier3_보조신호
699617344,Q2,-0.0072784580412475,0.0445626493806803,False,True,False,Tier3_보조신호
186743296,Q1_저가,0.0030221933901485,0.0445610013092205,False,True,False,Tier3_보조신호
827486464,Q4_고가,0.0144717416085822,0.0445044558524294,False,True,False,Tier3_보조신호
970582208,Q3,-0.0130747554239727,0.0444624048233764,False,True,False,Tier3_보조신호
84332928,Q1_저가,-0.011096935016049,0.0444331495295335,False,True,False,Tier3_보조신호
1487932928,Q1_저가,-0.0104693683447535,0.0444201666005295,False,True,False,Tier3_보조신호
48088960,Q1_저가,-0.0089425731493933,0.0444158558355128,False,True,False,Tier3_보조신호
1120825408,Q1_저가,-0.0100078522571878,0.0444128985427092,False,True,False,Tier3_보조신호
941201728,Q3,0.0128743932659726,0.0443810170908167,False,True,False,Tier3_보조신호
556952192,Q3,-0.013368700794639,0.0443605432597479,False,True,False,Tier3_보조신호
705799680,Q2,-0.0111562308060343,0.0443281732701565,False,True,False,Tier3_보조신호
884170560,Q1_저가,-0.011652147218135,0.0442804802831277,False,True,False,Tier3_보조신호
397304640,Q1_저가,-0.0106730538420453,0.0442716500991092,False,True,False,Tier3_보조신호
432982528,Q1_저가,-0.010004463318347,0.0442079670224066,False,True,False,Tier3_보조신호
1537924288,Q1_저가,-0.0114611368815185,0.044201702499693,False,True,False,Tier3_보조신호
1121150208,Q1_저가,0.0198387431576171,0.0441803158039291,False,True,False,Tier3_보조신호
1554878848,Q3,0.0154307049083562,0.044140597777979,False,True,False,Tier3_보조신호
741273408,Q3,0.0148885256280556,0.044057525118935,False,True,False,Tier3_보조신호
815162624,Q1_저가,-0.0096673850649058,0.0440407677644378,False,True,False,Tier3_보조신호
21457216,Q1_저가,-0.0048687643537427,0.0440399504354137,False,True,False,Tier3_보조신호
1181102720,Q3,-0.0118189198681427,0.0440148006601938,False,True,False,Tier3_보조신호
64859776,Q1_저가,-0.0093240775351257,0.0440101984646532,False,True,False,Tier3_보조신호
1046871232,Q3,0.0170466751945152,0.0440066235472481,False,True,False,Tier3_보조신호
1458673088,Q3,0.0016814675085637,0.0439419301457815,False,True,False,Tier3_보조신호
1146957888,Q2,-0.0109559015150285,0.0439306241833664,False,True,False,Tier3_보조신호
788757312,Q2,0.0184015003599909,0.0439217274575188,False,True,False,Tier3_보조신호
231797696,Q3,0.0201581746664815,0.0439128165589198,False,True,False,Tier3_보조신호
1193086912,Q2,-0.0124370288337317,0.0438577705735285,False,True,False,Tier3_보조신호
466724608,Q4_고가,-0.0061147389932385,0.0438364196955961,False,True,False,Tier3_보조신호
749280192,Q4_고가,0.0195818204952521,0.0438065646693246,False,True,False,Tier3_보조신호
872633664,Q2,0.0055637765127323,0.043772605056539,False,True,False,Tier3_보조신호
1227912896,Q3,-0.0048784940233328,0.0437261179939912,False,True,False,Tier3_보조신호
85582016,Q4_고가,0.0191760466156486,0.0437112867886548,False,True,False,Tier3_보조신호
1530437184,Q3,-0.0012702583825641,0.0436981426676116,False,True,False,Tier3_보조신호
1201875072,Q3,0.0057024163858044,0.0436979306698993,False,True,False,Tier3_보조신호
336912256,Q3,-0.0037044391883679,0.0436753855029299,False,True,False,Tier3_보조신호
462478080,Q3,-0.0124585883900474,0.0436745170250359,False,True,False,Tier3_보조신호
1527098240,Q3,0.0015722280162756,0.0436694475726496,False,True,False,Tier3_보조신호
1253195328,Q1_저가,-0.0102741163670248,0.0436677856481485,False,True,False,Tier3_보조신호
188727360,Q3,0.0071105008340728,0.0436633662965092,False,True,False,Tier3_보조신호
1135949952,Q2,-0.0094424105795516,0.0436406078193686,False,True,False,Tier3_보조신호
763359808,Q4_고가,-0.012444259118685,0.0435947209612458,False,True,False,Tier3_보조신호
1015517824,Q2,0.0141642046965393,0.0435767836481647,False,True,False,Tier3_보조신호
451566656,Q2,0.0102776753201702,0.0435674547199083,False,True,False,Tier3_보조신호
921730432,Q1_저가,-0.0110521409442382,0.0435417773260567,False,True,False,Tier3_보조신호
973544384,Q1_저가,-0.0109663402910557,0.0435264824547984,False,True,False,Tier3_보조신호
1559993984,Q1_저가,-0.0122349523087403,0.0435212650237339,False,True,False,Tier3_보조신호
635665152,Q1_저가,-0.0120748892197447,0.0434904571474175,False,True,False,Tier3_보조신호
719229696,Q1_저가,-0.0111449834593148,0.043467083528109,False,True,False,Tier3_보조신호
205334848,Q3,-0.0332606472433216,0.0434596042055346,False,True,False,Tier3_보조신호
348419456,Q3,-0.0137782405495891,0.0434302694266775,False,True,False,Tier3_보조신호
1512766208,Q3,-0.0134145753729323,0.0434204871534037,False,True,False,Tier3_보조신호
623304192,Q2,-0.0119001506536929,0.0434106772553149,False,True,False,Tier3_보조신호
424543296,Q1_저가,-0.0121376395859715,0.0434039612379329,False,True,False,Tier3_보조신호
977354752,Q1_저가,-0.0123534967069087,0.0433799362527001,False,True,False,Tier3_보조신호
705476736,Q2,-0.0082565165045484,0.043365782332683,False,True,False,Tier3_보조신호
1351038080,Q1_저가,-0.0091698175094701,0.0433546167181992,False,True,False,Tier3_보조신호
142303232,Q4_고가,-0.0105406459032158,0.0433324371898061,False,True,False,Tier3_보조신호
397881856,Q3,-0.0133063446590052,0.0433224930528479,False,True,False,Tier3_보조신호
121133696,Q2,0.0348272295567013,0.0432712279407389,False,True,False,Tier3_보조신호
589558400,Q4_고가,0.0827032788466259,0.0432444979346429,False,True,False,Tier3_보조신호
734870208,Q1_저가,0.055346342919418,0.0430928708311514,False,True,False,Tier3_보조신호
1327548544,Q3,0.0720573697868501,0.0430769079338122,False,True,False,Tier3_보조신호
388110016,Q4_고가,0.0281241984413815,0.0429869329433914,False,True,False,Tier3_보조신호
742876992,Q1_저가,0.0332460088363079,0.0429806091998455,False,True,False,Tier3_보조신호
335481280,Q4_고가,0.0572431459162533,0.0428504736197753,False,True,False,Tier3_보조신호
111731200,Q2,0.0812439539734453,0.0427889728945894,False,True,False,Tier3_보조신호
177585792,Q2,0.0600214473396422,0.0427871042904825,False,True,False,Tier3_보조신호
472545024,Q2,0.0397875061673262,0.0427673430618196,False,True,False,Tier3_보조신호
377612480,Q3,0.0507213006134797,0.0426785621235406,False,True,False,Tier3_보조신호
199520000,Q3,0.1234929722951186,0.0426252581542747,False,True,False,Tier3_보조신호
1311980416,Q3,0.0275296058408385,0.0423317787026734,False,True,False,Tier3_보조신호
749519616,Q2,0.0910962475018,0.0422812332084876,False,True,False,Tier3_보조신호
1382525120,Q3,0.0278689071103457,0.0422590978241287,False,True,False,Tier3_보조신호
1256981568,Q3,0.0308031253095582,0.0422446945726985,False,True,False,Tier3_보조신호
761622592,Q3,0.029764766334174,0.0422342999909362,False,True,False,Tier3_보조신호
758684544,Q1_저가,0.0829628774928312,0.0421279858625293,False,True,False,Tier3_보조신호
52953536,Q3,0.029955615505779,0.0421097994980006,False,True,False,Tier3_보조신호
921745280,Q3,0.0650561608283277,0.0420776020109667,False,True,False,Tier3_보조신호
1496871424,Q2,0.0408341517793108,0.0420580133252808,False,True,False,Tier3_보조신호
292811840,Q1_저가,0.049466289592213,0.0420442614518458,False,True,False,Tier3_보조신호
601639104,Q4_고가,0.0301517316364915,0.0419315559502869,False,True,False,Tier3_보조신호
1388312128,Q2,0.0280435843644796,0.0418252680351981,False,True,False,Tier3_보조신호
104678400,Q4_고가,0.0443667320014312,0.0418113949946169,False,True,False,Tier3_보조신호
1616163968,Q3,0.0376879911546628,0.0416448043720193,False,True,False,Tier3_보조신호
1278913920,Q4_고가,0.0504176419621785,0.0416296887628768,False,True,False,Tier3_보조신호
1305547520,Q4_고가,0.0510871413277848,0.0414399599655143,False,True,False,Tier3_보조신호
427331008,Q2,0.0323354119974143,0.0413227536981701,False,True,False,Tier3_보조신호
840047872,Q3,0.0367884362066662,0.0409477269133027,False,True,False,Tier3_보조신호
1114108544,Q3,0.0304883742735625,0.0409410546388001,False,True,False,Tier3_보조신호
183339392,Q2,0.0272544477541266,0.0408126203655508,False,True,False,Tier3_보조신호
65511232,Q3,0.0293764958020925,0.0407673035155783,False,True,False,Tier3_보조신호
950542976,Q3,0.0336384820680023,0.040759574460563,False,True,False,Tier3_보조신호
531818240,Q2,0.0265867270266356,0.0405467717046786,False,True,False,Tier3_보조신호
567676160,Q1_저가,0.0570692347725022,0.0405035284908871,False,True,False,Tier3_보조신호
1000281920,Q3,0.0282123987630529,0.040453530751379,False,True,False,Tier3_보조신호
764432576,Q1_저가,0.0373436522560252,0.0404118799188026,False,True,False,Tier3_보조신호
1047426176,Q3,0.0489289873676328,0.0404019216836315,False,True,False,Tier3_보조신호
1550392896,Q4_고가,0.0317503481234369,0.0403290503125954,False,True,False,Tier3_보조신호
1534698560,Q3,0.0554049680229347,0.0402603050995058,False,True,False,Tier3_보조신호
256816576,Q3,0.0285375338363449,0.0402352605649128,False,True,False,Tier3_보조신호
874049792,Q2,0.0435621849837826,0.0401391945489582,False,True,False,Tier3_보조신호
437076864,Q3,0.0329003437703279,0.0400685707152682,False,True,False,Tier3_보조신호
1216418688,Q2,0.0668115976725156,0.0399205917995999,False,True,False,Tier3_보조신호
565010944,Q2,0.0804867604484775,0.0398768476463921,False,True,False,Tier3_보조신호
1570504512,Q1_저가,0.0936002407105351,0.0398463191869612,False,True,False,Tier3_보조신호
361381760,Q4_고가,0.0307619171650155,0.0397614156648258,False,True,False,Tier3_보조신호
1085856512,Q4_고가,0.0433053323168765,0.0397162837612729,False,True,False,Tier3_보조신호
820179392,Q1_저가,0.0521194705108906,0.0397077137858105,False,True,False,Tier3_보조신호
1008116096,Q2,0.0566087790985906,0.0396135201964981,False,True,False,Tier3_보조신호
1477776896,Q2,0.0324463681941433,0.0395995514947458,False,True,False,Tier3_보조신호
127438528,Q2,0.0316199453484812,0.0393361782454225,False,True,False,Tier3_보조신호
766897344,Q2,0.056910307217562,0.0393281390911487,False,True,False,Tier3_보조신호
840381952,Q3,0.0416854258861472,0.0390760559305451,False,True,False,Tier3_보조신호
985161088,Q3,0.0371606422505347,0.0390137204279595,False,True,False,Tier3_보조신호
897995904,Q3,0.0316034563464534,0.0390087811998343,False,True,False,Tier3_보조신호
231498880,Q3,0.0304973331188834,0.0389369922398555,False,True,False,Tier3_보조신호
1066054848,Q2,0.0406809076311254,0.0387646037058529,False,True,False,Tier3_보조신호
96679040,Q3,0.0270717564960267,0.0385377318358919,False,True,False,Tier3_보조신호
1575445184,Q2,0.0856341541051469,0.0383941541558348,False,True,False,Tier3_보조신호
936416960,Q2,0.0350431716187603,0.0383908135391057,False,True,False,Tier3_보조신호
441432896,Q2,0.0405105693949102,0.038365503336018,False,True,False,Tier3_보조신호
857835776,Q3,0.0320270735914625,0.0383382302982995,False,True,False,Tier3_보조신호
1523582976,Q2,0.0279330115743391,0.0383190618049797,False,True,False,Tier3_보조신호
1024036864,Q3,0.0347033476522394,0.0382595558298154,False,True,False,Tier3_보조신호
653896640,Q2,0.0421298824110373,0.0382257265384309,False,True,False,Tier3_보조신호
1006712960,Q2,0.073136941001247,0.038216712212116,False,True,False,Tier3_보조신호
553331136,Q3,0.0493459158678465,0.0380961516884007,False,True,False,Tier3_보조신호
689821376,Q1_저가,0.0341842746420726,0.0379686685867399,False,True,False,Tier3_보조신호
1312681984,Q2,0.0567703723424197,0.0378370086415774,False,True,False,Tier3_보조신호
764180160,Q3,0.0589535435446639,0.0378110857154584,False,True,False,Tier3_보조신호
859461632,Q3,0.032383079971672,0.0378038207627924,False,True,False,Tier3_보조신호
796133056,Q3,0.0514279310292222,0.0376093842003689,False,True,False,Tier3_보조신호
378416128,Q4_고가,0.048536457037198,0.0374514116451428,False,True,False,Tier3_보조신호
773649472,Q2,0.0349888463281706,0.0373892985797251,False,True,False,Tier3_보조신호
709973824,Q2,0.1021548905758242,0.0373466571793154,False,True,False,Tier3_보조신호
845096192,Q3,0.0299494669760005,0.0372649983730538,False,True,False,Tier3_보조신호
764811200,Q2,0.0651427769337909,0.0372537736893817,False,True,False,Tier3_보조신호
757830784,Q3,0.0318024773173052,0.0371879400218602,False,True,False,Tier3_보조신호
547455040,Q2,0.0292616613094907,0.0371296291464555,False,True,False,Tier3_보조신호
739343168,Q3,0.0311473838949951,0.0370325775435027,False,True,False,Tier3_보조신호
762561728,Q2,0.0417480829984295,0.0369752171494651,False,True,False,Tier3_보조신호
586304832,Q2,0.0377043851643698,0.0367986578492944,False,True,False,Tier3_보조신호
424643520,Q1_저가,0.0826591632235567,0.0365921539323746,False,True,False,Tier3_보조신호
805038144,Q1_저가,0.027787655815095,0.0364183502328214,False,True,False,Tier3_보조신호
997909952,Q2,0.0411891305273351,0.0363161568359147,False,True,False,Tier3_보조신호
676825664,Q3,0.0283382603001984,0.0362189868301769,False,True,False,Tier3_보조신호
53543744,Q3,0.0272286111628394,0.0362115443846395,False,True,False,Tier3_보조신호
742477952,Q3,0.0763154173393911,0.0361922993822031,False,True,False,Tier3_보조신호
868435392,Q3,0.0394264870035916,0.0360593752979362,False,True,False,Tier3_보조신호
1620061568,Q3,0.0309898977627952,0.0360196756922949,False,True,False,Tier3_보조신호
718246016,Q2,0.0337104609353935,0.0359960384326991,False,True,False,Tier3_보조신호
616680128,Q3,0.0314819315401733,0.0359715785649232,False,True,False,Tier3_보조신호
969451904,Q3,0.0376349977958414,0.035935446898875,False,True,False,Tier3_보조신호
214657536,Q2,0.0385466730334813,0.0357438426996741,False,True,False,Tier3_보조신호
275023936,Q1_저가,0.0428361578830366,0.0356597037271651,False,True,False,Tier3_보조신호
114878976,Q2,0.0307537918621987,0.0356514550124645,False,True,False,Tier3_보조신호
772851392,Q2,0.0303123153963001,0.0356195840356681,False,True,False,Tier3_보조신호
300800064,Q2,0.0268113807224656,0.0356165480097149,False,True,False,Tier3_보조신호
1013446528,Q2,0.0415961430328736,0.0356154895728287,False,True,False,Tier3_보조신호
143168128,Q3,0.0300604472097234,0.0354496139213912,False,True,False,Tier3_보조신호
158352064,Q4_고가,0.0419771842030576,0.0353694854024284,False,True,False,Tier3_보조신호
836462080,Q2,0.0364059265495051,0.0353396487946123,False,True,False,Tier3_보조신호
1223399104,Q3,0.0306628390169232,0.0349539599253715,False,True,False,Tier3_보조신호
1236797568,Q4_고가,0.0271044072120835,0.0349045786866654,False,True,False,Tier3_보조신호
717546304,Q2,0.0376685002313401,0.0346250871871574,False,True,False,Tier3_보조신호
748381888,Q3,0.0330261792130502,0.0344563905908652,False,True,False,Tier3_보조신호
1289650880,Q2,0.045678158189908,0.0343546674202583,False,True,False,Tier3_보조신호
546554880,Q3,0.0461436049156886,0.0343208626763278,False,True,False,Tier3_보조신호
578849280,Q2,0.0336163584430306,0.0341492961485818,False,True,False,Tier3_보조신호
65639296,Q4_고가,0.057159346075197,0.0340887777515201,False,True,False,Tier3_보조신호
1484985600,Q2,0.0346858605723455,0.0339891036987853,False,True,False,Tier3_보조신호
929846720,Q2,0.0345582049844953,0.0338853024656115,False,True,False,Tier3_보조신호
1249264320,Q3,0.0308649423330172,0.0338624505908726,False,True,False,Tier3_보조신호
817931776,Q2,0.0607753961570971,0.0338553796566292,False,True,False,Tier3_보조신호
563522432,Q2,0.0322419336181868,0.0337921714327142,False,True,False,Tier3_보조신호
562561024,Q2,0.1604738405341147,0.0336964135014731,False,True,False,Tier3_보조신호
938560640,Q4_고가,0.0548011932306047,0.0336646048593735,False,True,False,Tier3_보조신호
798317568,Q3,0.0814740980053298,0.0336591635203822,False,True,False,Tier3_보조신호
1019894272,Q3,0.0446136061395234,0.0336151173305312,False,True,False,Tier3_보조신호
1505130624,Q4_고가,0.0363190861579921,0.033593668344622,False,True,False,Tier3_보조신호
1626344128,Q2,0.0563140798723652,0.0335769535869795,False,True,False,Tier3_보조신호
364626048,Q4_고가,0.0297841304745025,0.0335470438942752,False,True,False,Tier3_보조신호
325041280,Q1_저가,0.0415911016152565,0.0334643501252371,False,True,False,Tier3_보조신호
481433408,Q3,0.0492839457399146,0.0333673117109317,False,True,False,Tier3_보조신호
320161856,Q3,0.0420606099896053,0.033286405026716,False,True,False,Tier3_보조신호
913283776,Q3,0.0455807134253828,0.0332534877632435,False,True,False,Tier3_보조신호
1018008576,Q2,0.0801967349098246,0.0332255114958129,False,True,False,Tier3_보조신호
1379624192,Q3,0.0362407453802151,0.0329751258547932,False,True,False,Tier3_보조신호
1296956096,Q3,0.0891754605545211,0.0329690809041922,False,True,False,Tier3_보조신호
740473472,Q2,0.0622243185808844,0.0329644429209072,False,True,False,Tier3_보조신호
629180288,Q1_저가,0.0299676804612358,0.0328469687308802,False,True,False,Tier3_보조신호
596982400,Q3,0.0319009768781485,0.0327755926037038,False,True,False,Tier3_보조신호
535895872,Q3,0.0487365704213128,0.0327333054903186,False,True,False,Tier3_보조신호
1609807168,Q1_저가,0.1021626605748303,0.0327160848490625,False,True,False,Tier3_보조신호
832722240,Q3,0.0399338027806374,0.0326318705356588,False,True,False,Tier3_보조신호
554166336,Q1_저가,0.1450701269260036,0.0326255793812381,False,True,False,Tier3_보조신호
1283039808,Q3,0.0384210826587343,0.0325571376224725,False,True,False,Tier3_보조신호
65888000,Q3,0.0463098296972266,0.032311385719642,False,True,False,Tier3_보조신호
1602295936,Q2,0.0519713321285023,0.0321595317463596,False,True,False,Tier3_보조신호
875807424,Q2,0.0543469595380872,0.0320592541500625,False,True,False,Tier3_보조신호
19727424,Q4_고가,0.0539499963526693,0.0319939940629095,False,True,False,Tier3_보조신호
1111404352,Q4_고가,0.0626484100949282,0.0319224008751328,False,True,False,Tier3_보조신호
762140416,Q1_저가,0.0692858063099858,0.0318400843413535,False,True,False,Tier3_보조신호
474180160,Q1_저가,0.0278928552626367,0.0317018606121448,False,True,False,Tier3_보조신호
1604731008,Q2,0.0540072000518313,0.0315712585101658,False,True,False,Tier3_보조신호
637090560,Q2,0.0427436220432932,0.0311616417677164,False,True,False,Tier3_보조신호
444760704,Q2,0.0266042303156813,0.0310891703294221,False,True,False,Tier3_보조신호
762682368,Q2,0.0372959951406437,0.0310856037537605,False,True,False,Tier3_보조신호
214507200,Q3,0.0287265304251024,0.0309630936509637,False,True,False,Tier3_보조신호
1285545408,Q4_고가,0.065295514132441,0.0307439950505454,False,True,False,Tier3_보조신호
1487795584,Q4_고가,0.0915523338309218,0.0307192668820391,False,True,False,Tier3_보조신호
469460352,Q3,0.0346952987031329,0.0305488592984115,False,True,False,Tier3_보조신호
747478016,Q4_고가,0.0534038060472182,0.0304485367168724,False,True,False,Tier3_보조신호
90916160,Q3,0.0304570132294792,0.0303205908270853,False,True,False,Tier3_보조신호
971508352,Q4_고가,0.0509358151573239,0.030082187697197,False,True,False,Tier3_보조신호
434786560,Q3,0.0358924433479427,0.0300643565035066,False,True,False,Tier3_보조신호
768469376,Q4_고가,0.0391123432562817,0.0300307516412264,False,True,False,Tier3_보조신호
197896000,Q2,0.0324172843760428,0.0298076443237597,False,True,False,Tier3_보조신호
1218644032,Q3,0.0427488152730701,0.0297618869329729,False,True,False,Tier3_보조신호
1121616064,Q2,0.0550427346883586,0.0297106482514225,False,True,False,Tier3_보조신호
751641024,Q4_고가,0.030756372376942,0.0295845550860617,False,True,False,Tier3_보조신호
619118912,Q1_저가,0.1197843179453204,0.0294246052884009,False,True,False,Tier3_보조신호
751097216,Q4_고가,0.0264166098113828,0.029399496299011,False,True,False,Tier3_보조신호
283036288,Q2,0.0439582017102496,0.029227552791862,False,True,False,Tier3_보조신호
1158054912,Q2,0.0438771613439865,0.0292188550692793,False,True,False,Tier3_보조신호
700157440,Q3,0.0307457954523322,0.029016245077627,False,True,False,Tier3_보조신호
931838208,Q2,0.0465784081364688,0.0289478219913285,False,True,False,Tier3_보조신호
250021760,Q2,0.0385649966430549,0.0289465981577221,False,True,False,Tier3_보조신호
1302190016,Q1_저가,0.0363510584033557,0.028888013523246,False,True,False,Tier3_보조신호
188658688,Q3,0.0269981440376498,0.0288566126477722,False,True,False,Tier3_보조신호
1178110848,Q1_저가,0.0754898401763933,0.0288006912548206,False,True,False,Tier3_보조신호
748940544,Q2,0.0458863303793514,0.0287475209836219,False,True,False,Tier3_보조신호
1501880768,Q1_저가,0.0402766473628883,0.0287309500509374,False,True,False,Tier3_보조신호
1056847232,Q1_저가,0.0628671340914685,0.0286368726611194,False,True,False,Tier3_보조신호
506353920,Q3,0.032046489020837,0.0286164868876536,False,True,False,Tier3_보조신호
411207936,Q2,0.0280873583168175,0.0286091596891396,False,True,False,Tier3_보조신호
1213573440,Q2,0.0952061404805002,0.0285985978304784,False,True,False,Tier3_보조신호
723955072,Q4_고가,0.069580540239002,0.0285601477869708,False,True,False,Tier3_보조신호
38842368,Q2,0.0373862876084496,0.0283625275127199,False,True,False,Tier3_보조신호
27066048,Q3,0.0264701260858549,0.0283536920724563,False,True,False,Tier3_보조신호
225452032,Q2,0.0333180810906138,0.0283504389964348,False,True,False,Tier3_보조신호
463190784,Q4_고가,0.0299720655168454,0.0283203135534348,False,True,False,Tier3_보조신호
768935232,Q1_저가,0.0356842263629651,0.0283107873986375,False,True,False,Tier3_보조신호
365947520,Q2,0.0296383936152418,0.0282599462837457,False,True,False,Tier3_보조신호
354921024,Q3,0.0438039288225891,0.0282391364760838,False,True,False,Tier3_보조신호
1521088512,Q3,0.0316977628371089,0.0280786045622837,False,True,False,Tier3_보조신호
607611712,Q1_저가,0.0274786619846957,0.028061925220624,False,True,False,Tier3_보조신호
258737536,Q3,0.0300660773365822,0.0280184120383315,False,True,False,Tier3_보조신호
1389013696,Q2,0.07289413397416,0.0279788349906563,False,True,False,Tier3_보조신호
1325362176,Q3,0.0313514071934601,0.0279650858027684,False,True,False,Tier3_보조신호
1301325120,Q2,0.0398176155822854,0.0279229146637667,False,True,False,Tier3_보조신호
706826048,Q2,0.0426657040382199,0.0279116954350575,False,True,False,Tier3_보조신호
97096640,Q3,0.0371406599770742,0.0278070689786441,False,True,False,Tier3_보조신호
778965056,Q3,0.0292479368869671,0.0277906916852819,False,True,False,Tier3_보조신호
76541440,Q2,0.0346685469009692,0.027784693319056,False,True,False,Tier3_보조신호
561937408,Q3,0.0308071743783983,0.0277171952406439,False,True,False,Tier3_보조신호
1147421888,Q2,0.067304281449478,0.0277167598815151,False,True,False,Tier3_보조신호
932214976,Q3,0.1082638342339692,0.0274942025377172,False,True,False,Tier3_보조신호
1164383872,Q2,0.0816990385807175,0.02743441812347,False,True,False,Tier3_보조신호
592164224,Q2,0.0908299252380191,0.0274336740215154,False,True,False,Tier3_보조신호
269259200,Q3,0.0274062475903532,0.0273648900444475,False,True,False,Tier3_보조신호
554216448,Q2,0.0300419943257185,0.0273506603915462,False,True,False,Tier3_보조신호
393538816,Q1_저가,0.0399922491772541,0.027238850348918,False,True,False,Tier3_보조신호
713368448,Q3,0.0805801687788783,0.0270327582861965,False,True,False,Tier3_보조신호
252202560,Q3,0.0423603233403745,0.0269310919333258,False,True,False,Tier3_보조신호
199919040,Q1_저가,0.0349609657898496,0.0267873518745241,False,True,False,Tier3_보조신호
357415488,Q1_저가,0.0804520045939218,0.0267529033607508,False,True,False,Tier3_보조신호
248100800,Q3,0.0426539010025004,0.0267221765925927,False,True,False,Tier3_보조신호
565447104,Q1_저가,0.0286764761476376,0.0266379920601096,False,True,False,Tier3_보조신호
1273765376,Q2,0.0375541054965,0.0265879067258936,False,True,False,Tier3_보조신호
1555535872,Q3,0.0501771982661986,0.0264661623769409,False,True,False,Tier3_보조신호
192890368,Q2,0.0344934241527083,0.0263155885514307,False,True,False,Tier3_보조신호
307845440,Q2,0.0403419497099268,0.0261872589098656,False,True,False,Tier3_보조신호
558479680,Q3,0.0303228193744826,0.0261211884811211,False,True,False,Tier3_보조신호
679791552,Q1_저가,0.0547137228576625,0.0260863965810832,False,True,False,Tier3_보조신호
840476608,Q2,0.0309921455946925,0.0258901012647885,False,True,False,Tier3_보조신호
1331420160,Q2,0.0288936869642612,0.0258685545217866,False,True,False,Tier3_보조신호
200631744,Q2,0.0332539255003394,0.0257603005468434,False,True,False,Tier3_보조신호
352038656,Q1_저가,0.0266150151951461,0.0255995390903633,False,True,False,Tier3_보조신호
800992064,Q1_저가,0.0347350128839847,0.0255636683096326,False,True,False,Tier3_보조신호
1019435840,Q2,0.0310260056173162,0.0254002645585685,False,True,False,Tier3_보조신호
1069239744,Q1_저가,0.0341889409714613,0.0252942838082419,False,True,False,Tier3_보조신호
602181056,Q2,0.0375961188033031,0.0252904524346555,False,True,False,Tier3_보조신호
1349440064,Q4_고가,0.0656896741961748,0.0252406600045624,False,True,False,Tier3_보조신호
964949248,Q2,0.0387742957864534,0.0251429048017042,False,True,False,Tier3_보조신호
437288448,Q3,0.0511692396773791,0.0250355983147638,False,True,False,Tier3_보조신호
564305664,Q2,0.085288142326331,0.0250278982026106,False,True,False,Tier3_보조신호
1124153216,Q3,0.0397108009225438,0.0250063464090763,False,True,False,Tier3_보조신호
273904768,Q2,0.0479967897800533,0.0248228004915317,False,True,False,Tier3_보조신호
1387358144,Q1_저가,0.067963207021251,0.0247661596504243,False,True,False,Tier3_보조신호
777463552,Q2,0.0335259963312045,0.0246750043317368,False,True,False,Tier3_보조신호
606034112,Q2,0.0374708195737284,0.0246574304681879,False,True,False,Tier3_보조신호
1346589248,Q1_저가,0.026678371922894,0.0246242150661412,False,True,False,Tier3_보조신호
1289387328,Q4_고가,0.0494557724028096,0.0245078831266931,False,True,False,Tier3_보조신호
38933312,Q3,0.0396895667553315,0.0243869395240906,False,True,False,Tier3_보조신호
414442944,Q2,0.0938708442888416,0.0241704916467695,False,True,False,Tier3_보조신호
761830464,Q4_고가,0.0297657465114449,0.0240728849560429,False,True,False,Tier3_보조신호
924364096,Q2,0.0804940960614958,0.0240641238185901,False,True,False,Tier3_보조신호
598361408,Q1_저가,0.0438286326709531,0.0240394872678662,False,True,False,Tier3_보조신호
1363244992,Q3,0.0514672761619897,0.0240143138775936,False,True,False,Tier3_보조신호
414095872,Q2,0.0590926041956295,0.0238726368451784,False,True,False,Tier3_보조신호
837909760,Q4_고가,0.0405289071168232,0.0238166815503817,False,True,False,Tier3_보조신호
869471040,Q2,0.0296171313228482,0.0237137042191944,False,True,False,Tier3_보조신호
157158656,Q4_고가,0.0301897681923801,0.0236866167377473,False,True,False,Tier3_보조신호
1010334016,Q2,0.033418960408247,0.0236645578681179,False,True,False,Tier3_보조신호
743877376,Q3,0.0667182046781268,0.0236235014173488,False,True,False,Tier3_보조신호
742461248,Q3,0.0564382456638946,0.0235404254414719,False,True,False,Tier3_보조신호
847612928,Q3,0.0361084994594985,0.0234492539141477,False,True,False,Tier3_보조신호
401272768,Q3,0.0272514388387078,0.0234136317346784,False,True,False,Tier3_보조신호
1165714624,Q4_고가,0.0482344956998886,0.0232974516138326,False,True,False,Tier3_보조신호
731148928,Q3,0.0416860170586197,0.0232698938738001,False,True,False,Tier3_보조신호
445131904,Q3,0.0447665560875986,0.0232579466663988,False,True,False,Tier3_보조신호
174400896,Q2,0.0274488167110682,0.0232556805077693,False,True,False,Tier3_보조신호
1300900096,Q2,0.0334732605143345,0.0231218327953124,False,True,False,Tier3_보조신호
1125190720,Q3,0.0371120466773959,0.0230390932875992,False,True,False,Tier3_보조신호
1391964736,Q1_저가,0.086058872705716,0.0230201365145403,False,True,False,Tier3_보조신호
729502656,Q2,0.030317225745409,0.0229909006683231,False,True,False,Tier3_보조신호
865940928,Q3,0.111733704990932,0.022802485631033,False,True,False,Tier3_보조신호
1060098944,Q3,0.046787899718152,0.0227829341828799,False,True,False,Tier3_보조신호
867856320,Q3,0.0485292861871278,0.022644961704736,False,True,False,Tier3_보조신호
398551872,Q4_고가,0.0300319859440278,0.0225550402383476,False,True,False,Tier3_보조신호
1640913728,Q4_고가,0.0304690050534585,0.0225310957076114,False,True,False,Tier3_보조신호
653443776,Q3,0.0402803262155287,0.0225232465346162,False,True,False,Tier3_보조신호
1225212416,Q4_고가,0.0364163716848909,0.0224223364600161,False,True,False,Tier3_보조신호
534398080,Q1_저가,0.034983488173709,0.0222088341545494,False,True,False,Tier3_보조신호
412915456,Q2,0.0439623116777789,0.0219349920404418,False,True,False,Tier3_보조신호
1176791232,Q2,0.029323194745343,0.0216999179476707,False,True,False,Tier3_보조신호
51142080,Q3,0.0481394106817467,0.0216548730521314,False,True,False,Tier3_보조신호
1282308544,Q1_저가,0.0740522035948425,0.0216386233978932,False,True,False,Tier3_보조신호
677664576,Q2,0.0455100764226994,0.0215864421854295,False,True,False,Tier3_보조신호
423064064,Q3,0.0276044461810484,0.0214150171904397,False,True,False,Tier3_보조신호
241877632,Q2,0.0296810912449546,0.021386709373214,False,True,False,Tier3_보조신호
154096256,Q3,0.033323107472446,0.02132775296263,False,True,False,Tier3_보조신호
42307520,Q2,0.032516816394397,0.0212305104631046,False,True,False,Tier3_보조신호
211140416,Q2,0.0312574821989136,0.02111485206968,False,True,False,Tier3_보조신호
801422656,Q2,0.0456949246749212,0.0210958037527505,False,True,False,Tier3_보조신호
439040512,Q3,0.0541145794641452,0.0210383329160783,False,True,False,Tier3_보조신호
1565348544,Q3,0.038925398474613,0.0209945043609048,False,True,False,Tier3_보조신호
972842816,Q2,0.0284866766835538,0.0209622825303027,False,True,False,Tier3_보조신호
159216960,Q4_고가,0.0274934542768305,0.0209572829271442,False,True,False,Tier3_보조신호
566928192,Q3,0.032636345180611,0.0207439468318748,False,True,False,Tier3_보조신호
709129344,Q3,0.0408892536954523,0.0206752716934425,False,True,False,Tier3_보조신호
723494784,Q3,0.0813058832767116,0.0206475579282027,False,True,False,Tier3_보조신호
864515520,Q2,0.0445459042565558,0.0206090151552799,False,True,False,Tier3_보조신호
448552512,Q4_고가,0.0528818693210985,0.0205400045570098,False,True,False,Tier3_보조신호
903816320,Q3,0.0304727256759264,0.0205180606041075,False,True,False,Tier3_보조신호
54078272,Q2,0.0378980299654162,0.0205060068734324,False,True,False,Tier3_보조신호
1223920640,Q1_저가,0.0302216027653333,0.0205013617019937,False,True,False,Tier3_보조신호
1579602624,Q1_저가,0.0386987687729841,0.0203909116323396,False,True,False,Tier3_보조신호
849596992,Q3,0.0787202659504238,0.0202582421127436,False,True,False,Tier3_보조신호
280816512,Q2,0.068755093177026,0.0201728371864126,False,True,False,Tier3_보조신호
836668096,Q3,0.0274971905206461,0.0201284303596142,False,True,False,Tier3_보조신호
650852800,Q2,0.0377735234204151,0.0200305905637427,False,True,False,Tier3_보조신호
769577408,Q3,0.027066637407163,0.0200217107840249,False,True,False,Tier3_보조신호
552664832,Q2,0.0289516475997279,0.019998205837416,False,True,False,Tier3_보조신호
304630848,Q4_고가,0.0380502239217426,0.0199884249008853,False,True,False,Tier3_보조신호
902201600,Q2,0.0548097359737936,0.019859093128459,False,True,False,Tier3_보조신호
1590918656,Q3,0.1054865552893913,0.0197414996354847,False,True,False,Tier3_보조신호
657367360,Q2,0.0348537500145536,0.0196773113808955,False,True,False,Tier3_보조신호
183461888,Q1_저가,0.0362011592994145,0.0196325192476702,False,True,False,Tier3_보조신호
564916288,Q3,0.028049149628805,0.0196139533565334,False,True,False,Tier3_보조신호
748960960,Q2,0.0678356434540401,0.0195790597696748,False,True,False,Tier3_보조신호
397441984,Q3,0.0270957412678017,0.0194443320947803,False,True,False,Tier3_보조신호
700357888,Q2,0.0349418404873532,0.0194259677472179,False,True,False,Tier3_보조신호
763478592,Q4_고가,0.0416631052509005,0.019391056806543,False,True,False,Tier3_보조신호
751340352,Q4_고가,0.0286284526156778,0.0193604111100665,False,True,False,Tier3_보조신호
422355072,Q2,0.0314535503368378,0.0193014284052099,False,True,False,Tier3_보조신호
830101568,Q3,0.0376969362245496,0.0192937110309913,False,True,False,Tier3_보조신호
1238469824,Q2,0.0762366999241657,0.0192763284163079,False,True,False,Tier3_보조신호
842636992,Q3,0.0318675064964787,0.0192554771876862,False,True,False,Tier3_보조신호
1492578496,Q4_고가,0.0331089274892232,0.0192507587158942,False,True,False,Tier3_보조신호
61426176,Q1_저가,0.0457228880452783,0.0192329174755531,False,True,False,Tier3_보조신호
1635319744,Q1_저가,0.0364465434433627,0.0191943076298826,False,True,False,Tier3_보조신호
656491328,Q1_저가,0.0534066825694439,0.019177129036128,False,True,False,Tier3_보조신호
1597496320,Q3,0.0482595424356995,0.0190596252793644,False,True,False,Tier3_보조신호
747088256,Q2,0.0434592747766215,0.0188905443552549,False,True,False,Tier3_보조신호
1283980800,Q1_저가,0.0335177492737784,0.0188464279694017,False,True,False,Tier3_보조신호
186832384,Q4_고가,0.1176425773728593,0.018837392458793,False,True,False,Tier3_보조신호
1624644032,Q2,0.0281164333320292,0.0188058868996143,False,True,False,Tier3_보조신호
325015296,Q1_저가,0.0527862206955777,0.0186646974803722,False,True,False,Tier3_보조신호
1052526464,Q1_저가,0.0852221156512537,0.0186467671258913,False,True,False,Tier3_보조신호
1117653504,Q3,0.0388438904565787,0.0186305309920873,False,True,False,Tier3_보조신호
180496000,Q2,0.0309123081998126,0.0186046480740057,False,True,False,Tier3_보조신호
945567040,Q3,0.048004950116678,0.018579272927102,False,True,False,Tier3_보조신호
766115968,Q2,0.0264970320493006,0.0185537327226216,False,True,False,Tier3_보조신호
1248041216,Q2,0.0308470144052572,0.0185445284251585,False,True,False,Tier3_보조신호
976736704,Q1_저가,0.0376854306220052,0.018533807983425,False,True,False,Tier3_보조신호
1099241984,Q2,0.0532724578500677,0.0184575370475909,False,True,False,Tier3_보조신호
1269919744,Q4_고가,0.0486848661459221,0.0184089979495678,False,True,False,Tier3_보조신호
686647616,Q2,0.054385444605607,0.0184004699172475,False,True,False,Tier3_보조신호
1033149824,Q3,0.0271275056367447,0.0183782177330373,False,True,False,Tier3_보조신호
968948928,Q3,0.0281675373161394,0.0183364735212148,False,True,False,Tier3_보조신호
1569853056,Q3,0.0513952983070409,0.0182772005420893,False,True,False,Tier3_보조신호
1443921600,Q1_저가,0.0619578847797149,0.0182170015830233,False,True,False,Tier3_보조신호
837388224,Q2,0.0320528673176633,0.0181299251077909,False,True,False,Tier3_보조신호
468240960,Q3,0.0274930105427161,0.0180529475301667,False,True,False,Tier3_보조신호
672666368,Q3,0.0667252437627448,0.0179257561488354,False,True,False,Tier3_보조신호
1274895680,Q3,0.0802357798680143,0.0178788415877357,False,True,False,Tier3_보조신호
1320894784,Q1_저가,0.034330050985822,0.0178141912080015,False,True,False,Tier3_보조신호
982462464,Q1_저가,0.0674196312408297,0.0178121279039685,False,True,False,Tier3_보조신호
770427456,Q2,0.0291928337959813,0.0177479816795168,False,True,False,Tier3_보조신호
684914112,Q3,0.1117678584145807,0.0177319659166954,False,True,False,Tier3_보조신호
401707072,Q2,0.030714561419019,0.0175790834880759,False,True,False,Tier3_보조신호
572932352,Q3,0.0306592970819246,0.0175641817727332,False,True,False,Tier3_보조신호
1381762304,Q2,0.0311578823712669,0.0175519021627628,False,True,False,Tier3_보조신호
821395072,Q3,0.0463363190783643,0.0174023180678157,False,True,False,Tier3_보조신호
627123840,Q2,0.0820769082947556,0.0173645007134863,False,True,False,Tier3_보조신호
1386183296,Q4_고가,0.0430096330150887,0.017270875498595,False,True,False,Tier3_보조신호
449489792,Q2,0.0440174522855513,0.0171810344566457,False,True,False,Tier3_보조신호
249548480,Q1_저가,0.0269184728856431,0.0171633191008688,False,True,False,Tier3_보조신호
243291904,Q2,0.029032676350274,0.0171219403162797,False,True,False,Tier3_보조신호
748276096,Q3,0.0588220204213875,0.0170538327789988,False,True,False,Tier3_보조신호
491511488,Q3,0.0400327066526097,0.0169764872606774,False,True,False,Tier3_보조신호
747104960,Q2,0.0359433426448291,0.0169051436315553,False,True,False,Tier3_보조신호
579278016,Q2,0.0324988430861,0.0168638479334052,False,True,False,Tier3_보조신호
765930368,Q2,0.031363224640755,0.016794570791186,False,True,False,Tier3_보조신호
1556768256,Q4_고가,0.032424539670078,0.0167703722733218,False,True,False,Tier3_보조신호
745248960,Q4_고가,0.0440036531386511,0.016696334664633,False,True,False,Tier3_보조신호
860441600,Q1_저가,0.031329175739305,0.0165167960956633,False,True,False,Tier3_보조신호
497500800,Q4_고가,0.0289266793589038,0.0165036960035058,False,True,False,Tier3_보조신호
867464704,Q1_저가,0.0539315827210771,0.0164177839719814,False,True,False,Tier3_보조신호
849474496,Q3,0.1286690958417313,0.0163790280979668,False,True,False,Tier3_보조신호
187571072,Q2,0.0336804565713005,0.0163596184768212,False,True,False,Tier3_보조신호
1144782656,Q3,0.0279077076338765,0.0163187654926747,False,True,False,Tier3_보조신호
743810560,Q3,0.0662880506089707,0.0163125725050382,False,True,False,Tier3_보조신호
541222592,Q1_저가,0.044044101025668,0.016235989610173,False,True,False,Tier3_보조신호
307284928,Q3,0.0272225319079221,0.0162055724835207,False,True,False,Tier3_보조신호
1395060544,Q1_저가,0.0342153348646992,0.0162029249752806,False,True,False,Tier3_보조신호
196431616,Q3,0.0294140546794706,0.016194199830108,False,True,False,Tier3_보조신호
153745472,Q2,0.0326514502835364,0.0161165107593576,False,True,False,Tier3_보조신호
173838528,Q4_고가,0.0339550030410716,0.0160881644377515,False,True,False,Tier3_보조신호
263071296,Q3,0.0265784915555183,0.0160497747519804,False,True,False,Tier3_보조신호
251174336,Q4_고가,0.0428874659500687,0.0159615708977022,False,True,False,Tier3_보조신호
379362688,Q2,0.1013478550112875,0.0158192229176926,False,True,False,Tier3_보조신호
106972416,Q2,0.0285872529613316,0.0157939489723953,False,True,False,Tier3_보조신호
857483136,Q3,0.0275354549936243,0.0157166106804516,False,True,False,Tier3_보조신호
596726272,Q3,0.0263877220554863,0.0156774444096846,False,True,False,Tier3_보조신호
1302243840,Q4_고가,0.0800354763386374,0.0156390424969298,False,True,False,Tier3_보조신호
811641792,Q2,0.043551925893442,0.0155282155895647,False,True,False,Tier3_보조신호
1074594304,Q1_저가,0.0275176915129645,0.0154926398889508,False,True,False,Tier3_보조신호
1308606208,Q2,0.0294729601223554,0.0154632500733392,False,True,False,Tier3_보조신호
416894720,Q4_고가,0.0270226425738218,0.0154270609350126,False,True,False,Tier3_보조신호
1350035840,Q2,0.0590929731827112,0.0153182456709142,False,True,False,Tier3_보조신호
147355264,Q1_저가,0.1475650654280571,0.0152493422911688,False,True,False,Tier3_보조신호
63967040,Q2,0.0379754739604617,0.0151694460546107,False,True,False,Tier3_보조신호
1323322432,Q2,0.0408451709275835,0.0151025491484867,False,True,False,Tier3_보조신호
517231936,Q3,0.0338324040652818,0.0149537008690068,False,True,False,Tier3_보조신호
604120576,Q1_저가,0.0436055040143338,0.0149147053468791,False,True,False,Tier3_보조신호
849060608,Q1_저가,0.0310401855323335,0.0148680124319604,False,True,False,Tier3_보조신호
369859968,Q3,0.0498539617806219,0.0146027128244116,False,True,False,Tier3_보조신호
356431808,Q2,0.0359590598812017,0.0145525066321466,False,True,False,Tier3_보조신호
1232480512,Q3,0.0354378632158675,0.0144822065071884,False,True,False,Tier3_보조신호
230756480,Q2,0.0343971706862248,0.0144542326492752,False,True,False,Tier3_보조신호
824672768,Q2,0.0337170488615248,0.0141950897646935,False,True,False,Tier3_보조신호
1617836224,Q1_저가,0.0498081697878753,0.0140878934473547,False,True,False,Tier3_보조신호
643408384,Q3,0.0399758280565546,0.0140600673910419,False,True,False,Tier3_보조신호
695428352,Q4_고가,0.0651716810689949,0.0140215075043791,False,True,False,Tier3_보조신호
322335232,Q1_저가,0.0479049311191164,0.0140176242176805,False,True,False,Tier3_보조신호
660541120,Q1_저가,0.0323920059935836,0.0139889817802054,False,True,False,Tier3_보조신호
733676800,Q4_고가,0.0285214407985367,0.0139249123752965,False,True,False,Tier3_보조신호
366075584,Q2,0.0516089510333147,0.013820525790304,False,True,False,Tier3_보조신호
1224351232,Q3,0.0286030800122416,0.0137298857589596,False,True,False,Tier3_보조신호
60654080,Q2,0.0396334324855136,0.013728483954977,False,True,False,Tier3_보조신호
241838656,Q4_고가,0.0300057727077677,0.0136924279027497,False,True,False,Tier3_보조신호
838366336,Q1_저가,0.0295928709483187,0.0135930385063002,False,True,False,Tier3_보조신호
1164571328,Q4_고가,0.0266628591949451,0.0135046008598646,False,True,False,Tier3_보조신호
1614285696,Q1_저가,0.0533770180039453,0.0134973797343563,False,True,False,Tier3_보조신호
467582080,Q1_저가,0.0398308684127496,0.0134707434875318,False,True,False,Tier3_보조신호
127277056,Q3,0.0300138900554097,0.0134438699835445,False,True,False,Tier3_보조신호
380834496,Q3,0.0274221392534299,0.0134284491402572,False,True,False,Tier3_보조신호
92014912,Q2,0.0284174941707865,0.0133708300406771,False,True,False,Tier3_보조신호
857809792,Q3,0.0272713812076559,0.0132994032344632,False,True,False,Tier3_보조신호
232913152,Q2,0.0274873256909257,0.0132650972224279,False,True,False,Tier3_보조신호
457327680,Q3,0.0305591745498939,0.0131823489250949,False,True,False,Tier3_보조신호
1511942144,Q2,0.0314122736249365,0.013155031747924,False,True,False,Tier3_보조신호
135113088,Q3,0.038967988279045,0.0131231149529855,False,True,False,Tier3_보조신호
1255455936,Q1_저가,0.0717626130150086,0.0130790771661678,False,True,False,Tier3_보조신호
1284847552,Q2,0.059237853543239,0.0130695760701927,False,True,False,Tier3_보조신호
1581182080,Q2,0.0601857541297795,0.0130461941072949,False,True,False,Tier3_보조신호
748320640,Q2,0.0308924791753633,0.0129082604677238,False,True,False,Tier3_보조신호
1523467904,Q2,0.109077256040414,0.0128809139139772,False,True,False,Tier3_보조신호
1149550720,Q3,0.0354680107825984,0.0128795602494198,False,True,False,Tier3_보조신호
1328459840,Q3,0.0594353438935534,0.012869236108831,False,True,False,Tier3_보조신호
423127168,Q3,0.0338551924948059,0.01273355826498,False,True,False,Tier3_보조신호
1127781696,Q1_저가,0.0440451613129482,0.0126960799327005,False,True,False,Tier3_보조신호
977828032,Q2,0.0281380246258257,0.0125835719614176,False,True,False,Tier3_보조신호
872769152,Q1_저가,0.1094020597193505,0.0125155927209079,False,True,False,Tier3_보조신호
673282560,Q4_고가,0.0264890930657927,0.0125117158300394,False,True,False,Tier3_보조신호
1263477568,Q2,0.0855933800172988,0.0123826068093932,False,True,False,Tier3_보조신호
1060110080,Q2,0.1114995815201295,0.0122800145043912,False,True,False,Tier3_보조신호
1047496704,Q1_저가,0.1238315731822349,0.0121839849968852,False,True,False,Tier3_보조신호
936658240,Q3,0.0511429464038927,0.0121316152124979,False,True,False,Tier3_보조신호
55204864,Q1_저가,0.1218593991735824,0.0120980383328886,False,True,False,Tier3_보조신호
1524254848,Q3,0.0493062671149547,0.0120583900830684,False,True,False,Tier3_보조신호
805867776,Q2,0.0540927354558382,0.0119408306579026,False,True,False,Tier3_보조신호
907006784,Q3,0.0266042469865186,0.0119324374562248,False,True,False,Tier3_보조신호
394155008,Q2,0.045491942183267,0.011928348733013,False,True,False,Tier3_보조신호
510600448,Q1_저가,0.1228293896700809,0.0119261273056616,False,True,False,Tier3_보조신호
1531673280,Q2,0.0374034393300347,0.0118747231638022,False,True,False,Tier3_보조신호
831777536,Q1_저가,0.0323382825819921,0.0118708552288573,False,True,False,Tier3_보조신호
888580416,Q4_고가,0.0346434515226263,0.0118561650051725,False,True,False,Tier3_보조신호
735037248,Q2,0.0347530358788865,0.0118222701779662,False,True,False,Tier3_보조신호
1469256000,Q2,0.0382482114947891,0.0115898320505619,False,True,False,Tier3_보조신호
323545344,Q3,0.043188958082488,0.0115053804734467,False,True,False,Tier3_보조신호
484683264,Q1_저가,0.0774079762892875,0.0114621997262801,False,True,False,Tier3_보조신호
1606401408,Q3,0.040854214972362,0.0114332496294947,False,True,False,Tier3_보조신호
119936576,Q3,0.0391816943891379,0.0113303604415803,False,True,False,Tier3_보조신호
928896448,Q3,0.0287367522311062,0.0110765649159937,False,True,False,Tier3_보조신호
439372736,Q2,0.0327158467538178,0.0109426439930844,False,True,False,Tier3_보조신호
97130048,Q3,0.0269638703041351,0.0109382959194268,False,True,False,Tier3_보조신호
843780288,Q1_저가,0.0283920502877336,0.0107898088182144,False,True,False,Tier3_보조신호
791756608,Q2,0.0387894774051449,0.0107071777223639,False,True,False,Tier3_보조신호
472097728,Q2,0.0271358680068565,0.0106882480454192,False,True,False,Tier3_보조신호
643235776,Q2,0.0944932554577808,0.0103616598524922,False,True,False,Tier3_보조신호
808456896,Q3,0.026423720662748,0.0101840539353175,False,True,False,Tier3_보조신호
336657984,Q2,0.0266500398803345,0.0100422755694196,False,True,False,Tier3_보조신호
164094528,Q3,0.0498152549450722,0.0096556602650798,False,True,False,Tier3_보조신호
1476112064,Q3,0.0485053053995019,0.0095154350383791,False,True,False,Tier3_보조신호
1107735040,Q3,0.0319963998048092,0.0095151709955929,False,True,False,Tier3_보조신호
762288896,Q2,0.0345180306532235,0.009285239977155,False,True,False,Tier3_보조신호
326904704,Q3,0.0302259103998436,0.0092211903860245,False,True,False,Tier3_보조신호
550242752,Q3,0.0285947114052125,0.0092146572553513,False,True,False,Tier3_보조신호
825895872,Q2,0.0287911098031359,0.0091500458910061,False,True,False,Tier3_보조신호
1487925504,Q2,0.029586475707132,0.0090651023221447,False,True,False,Tier3_보조신호
148535680,Q3,0.0459467644060138,0.0089161716929422,False,True,False,Tier3_보조신호
843054592,Q2,0.0331405806335872,0.0088848762695958,False,True,False,Tier3_보조신호
1566528960,Q1_저가,0.0314564929499414,0.0088510169008579,False,True,False,Tier3_보조신호
1005142784,Q2,0.0268827089018285,0.0087459454706948,False,True,False,Tier3_보조신호
1311531264,Q3,0.0539810370287765,0.0086242633411656,False,True,False,Tier3_보조신호
1314183488,Q2,0.0691174171303571,0.0085713145671255,False,True,False,Tier3_보조신호
1168804864,Q1_저가,0.0742401183298606,0.0084481286843954,False,True,False,Tier3_보조신호
276913344,Q4_고가,0.0413000973603835,0.0081454210185079,False,True,False,Tier3_보조신호
1070063808,Q2,0.1071983377235085,0.0080459405790563,False,True,False,Tier3_보조신호
869938752,Q2,0.027839642544989,0.0079363064432463,False,True,False,Tier3_보조신호
1238081920,Q2,0.0396261462532713,0.0078689581006808,False,True,False,Tier3_보조신호
1243805824,Q2,0.035320839704373,0.0077959983869126,False,True,False,Tier3_보조신호
1226168256,Q4_고가,0.0561031334529382,0.0077634119305859,False,True,False,Tier3_보조신호
1496290496,Q3,0.0326006553920252,0.0077183970470408,False,True,False,Tier3_보조신호
429806912,Q1_저가,0.1078626996370384,0.0076329044998956,False,True,False,Tier3_보조신호
1227692032,Q1_저가,0.0299463075800808,0.0075467793394567,False,True,False,Tier3_보조신호
587253248,Q3,0.0279966160953785,0.0074507641551408,False,True,False,Tier3_보조신호
837128384,Q3,0.0427274553987518,0.0074368833212765,False,True,False,Tier3_보조신호
611583552,Q3,0.0391988059405553,0.0074011072308446,False,True,False,Tier3_보조신호
925522240,Q3,0.0802117777604613,0.0072247559790881,False,True,False,Tier3_보조신호
808649920,Q4_고가,0.0287842721867443,0.0070671658311285,False,True,False,Tier3_보조신호
874242816,Q2,0.0441658868558858,0.0069063940524064,False,True,False,Tier3_보조신호
1492678720,Q2,0.036528548249148,0.0068460250405936,False,True,False,Tier3_보조신호
952087168,Q2,0.0392486526407817,0.0067322302451228,False,True,False,Tier3_보조신호
385257344,Q2,0.033508867734609,0.0067123307649044,False,True,False,Tier3_보조신호
1259470464,Q2,0.0758589730298642,0.0066949126119008,False,True,False,Tier3_보조신호
527881664,Q4_고가,0.04485044725259,0.0066444788513362,False,True,False,Tier3_보조신호
1088286016,Q1_저가,0.0444350499778198,0.0064754533398958,False,True,False,Tier3_보조신호
743669504,Q3,0.0355535326091759,0.0062871151417106,False,True,False,Tier3_보조신호
686926016,Q2,0.0280449113653263,0.0062484740214578,False,True,False,Tier3_보조신호
822070656,Q2,0.0531610513257914,0.0062256340518718,False,True,False,Tier3_보조신호
606878592,Q1_저가,0.0367140939077424,0.0061329715442846,False,True,False,Tier3_보조신호
1075706048,Q2,0.039530317613118,0.0059558515443597,False,True,False,Tier3_보조신호
1568895360,Q1_저가,0.0269924140348893,0.0059276383291947,False,True,False,Tier3_보조신호
1441291648,Q1_저가,0.0416039986572601,0.0054725368993704,False,True,False,Tier3_보조신호
686831360,Q3,0.0286137977016469,0.0053121336871795,False,True,False,Tier3_보조신호
1117599680,Q2,0.0421979365450086,0.0052763967442538,False,True,False,Tier3_보조신호
307927104,Q2,0.0297771881641088,0.0052712234217099,False,True,False,Tier3_보조신호
87586496,Q3,0.0477666789148465,0.0051683828061104,False,True,False,Tier3_보조신호
659793152,Q4_고가,0.0471468390852996,0.0050431866312183,False,True,False,Tier3_보조신호
1232775616,Q2,0.0367907605572885,0.0047186729747946,False,True,False,Tier3_보조신호
1575469312,Q3,0.0279493931497514,0.0046976982420404,False,True,False,Tier3_보조신호
683262272,Q3,0.0502189924249264,0.0045808509912294,False,True,False,Tier3_보조신호
1067673280,Q3,0.1114442799489424,0.0045477687066197,False,True,False,Tier3_보조신호
744074112,Q3,0.0303680919882878,0.0042664823994071,False,True,False,Tier3_보조신호
120615872,Q1_저가,0.0296579096735657,0.0041461527619749,False,True,False,Tier3_보조신호
190002432,Q4_고가,0.0321404288476747,0.0041089039811689,False,True,False,Tier3_보조신호
295180096,Q1_저가,0.0705914805986069,0.0040535162285263,False,True,False,Tier3_보조신호
862820992,Q4_고가,0.0598009418378537,0.0039479082132025,False,True,False,Tier3_보조신호
269944064,Q4_고가,0.037888921829773,0.0039190255716697,False,True,False,Tier3_보조신호
1439727040,Q4_고가,0.0544987857397456,0.0038232240286122,False,True,False,Tier3_보조신호
760377216,Q1_저가,0.0465978860998992,0.0036948256806697,False,True,False,Tier3_보조신호
720842560,Q3,0.0274521446247351,0.0036527954545235,False,True,False,Tier3_보조신호
1335735360,Q3,0.0540383738294614,0.003633272083245,False,True,False,Tier3_보조신호
765538752,Q2,0.0551955425290807,0.0035602818459923,False,True,False,Tier3_보조신호
349627712,Q2,0.0349963870580896,0.0035437781801096,False,True,False,Tier3_보조신호
1227734720,Q2,0.0403262768149923,0.0032911735548721,False,True,False,Tier3_보조신호
768406272,Q1_저가,0.0754242940050045,0.0031039284347574,False,True,False,Tier3_보조신호
1088874368,Q1_저가,0.0545967224759176,0.0030064957188033,False,True,False,Tier3_보조신호
555608448,Q2,0.0277148075118025,0.0029139768998085,False,True,False,Tier3_보조신호
744684736,Q4_고가,0.0416385934353519,0.0028405018935471,False,True,False,Tier3_보조신호
702041280,Q2,0.0289759163293882,0.0028025990048172,False,True,False,Tier3_보조신호
115001472,Q2,0.0389988669606845,0.0025987954505981,False,True,False,Tier3_보조신호
1610931904,Q1_저가,0.0606843665929244,0.0025308925159199,False,True,False,Tier3_보조신호
1640117504,Q1_저가,0.0465745989471703,0.0024373672226254,False,True,False,Tier3_보조신호
869331840,Q2,0.0348977019049121,0.0023526906118468,False,True,False,Tier3_보조신호
1051138176,Q2,0.0369260632027392,0.0022362483289158,False,True,False,Tier3_보조신호
662224512,Q2,0.0735700230275291,0.0019831239994047,False,True,False,Tier3_보조신호
1574973760,Q1_저가,0.0719038777098135,0.0017119969486749,False,True,False,Tier3_보조신호
213872448,Q3,0.0369089134684574,0.0016750761246623,False,True,False,Tier3_보조신호
980734528,Q3,0.0323494791334449,0.0016679823371311,False,True,False,Tier3_보조신호
860638336,Q3,0.0275940630631189,0.0016006353055353,False,True,False,Tier3_보조신호
1324781248,Q1_저가,0.1247465513034968,0.0014556961711217,False,True,False,Tier3_보조신호
1001440064,Q1_저가,0.03159703540344,0.0014243029077554,False,True,False,Tier3_보조신호
452626432,Q3,0.0496381777471829,0.0013677381204162,False,True,False,Tier3_보조신호
1201979008,Q2,0.0293818854255165,0.0012274149595229,False,True,False,Tier3_보조신호
1008955008,Q3,0.030303654687964,0.0012030885828522,False,True,False,Tier3_보조신호
747359232,Q1_저가,0.0263978572578013,0.0011751719911293,False,True,False,Tier3_보조신호
1352610112,Q3,0.0808982366340316,0.0011542438453513,False,True,False,Tier3_보조신호
330123008,Q2,0.0529300231079997,0.0008763759782935,False,True,False,Tier3_보조신호
1388562688,Q2,0.0547745841164345,0.0007583568198038,False,True,False,Tier3_보조신호
902938432,Q1_저가,0.0380502156531222,0.0005855796947016,False,True,False,Tier3_보조신호
365633856,Q2,0.0266441165665227,0.0004193148165509,False,True,False,Tier3_보조신호
1601145216,Q1_저가,0.0454345288064252,0.000241873425346,False,True,False,Tier3_보조신호
473190912,Q3,0.0357518334502299,0.0002066429135224,False,True,False,Tier3_보조신호
943427072,Q2,0.0297292443673944,4.564673043661038e-06,False,True,False,Tier3_보조신호
151546112,Q4_고가,0.0516307676065061,-7.040196612451144e-05,False,True,False,Tier3_보조신호
1310733184,Q2,0.0818610825544608,-0.0001655486287991,False,True,False,Tier3_보조신호
1188478464,Q2,0.0298968828791509,-0.0002122131931037,False,True,False,Tier3_보조신호
1163403904,Q4_고가,0.0645872006175847,-0.0003034763584229,False,True,False,Tier3_보조신호
780436864,Q2,0.0430961607357276,-0.0003326868482474,False,True,False,Tier3_보조신호
1538321472,Q1_저가,0.0531381263435396,-0.000452739692722,False,True,False,Tier3_보조신호
843719040,Q2,0.0458025106824738,-0.0005051210631885,False,True,False,Tier3_보조신호
423485376,Q2,0.029676293840264,-0.0006190608083593,False,True,False,Tier3_보조신호
440207936,Q2,0.0341194230608512,-0.000689838427918,False,True,False,Tier3_보조신호
999398464,Q2,0.0343097261340761,-0.0006928963558681,False,True,False,Tier3_보조신호
731586944,Q3,0.0462958225212074,-0.0007353128960411,False,True,False,Tier3_보조신호
740022464,Q2,0.0458257572777716,-0.0007813688559015,False,True,False,Tier3_보조신호
916780480,Q4_고가,0.0982961896410753,-0.0009388799003131,False,True,False,Tier3_보조신호
768293056,Q4_고가,0.0384026295500659,-0.0009392943969471,False,True,False,Tier3_보조신호
698982592,Q2,0.0365618932373431,-0.0009883979260262,False,True,False,Tier3_보조신호
748058944,Q1_저가,0.0330586398850381,-0.0010462058430252,False,True,False,Tier3_보조신호
1497428224,Q4_고가,0.048852060615079,-0.0010591694121512,False,True,False,Tier3_보조신호
717897088,Q2,0.0304382976912572,-0.0012674251610076,False,True,False,Tier3_보조신호
92350848,Q1_저가,0.045089422541009,-0.0013311739412272,False,True,False,Tier3_보조신호
1204033600,Q3,0.0423254793229274,-0.0013810368127707,False,True,False,Tier3_보조신호
1277354880,Q3,0.0458434253534195,-0.0014060498329337,False,True,False,Tier3_보조신호
301961920,Q3,0.0379309819690675,-0.0017909813754426,False,True,False,Tier3_보조신호
1206218112,Q2,0.0466178572093144,-0.0019116322236298,False,True,False,Tier3_보조신호
748246400,Q4_고가,0.0513649273796075,-0.0019526765527208,False,True,False,Tier3_보조신호
1247063104,Q2,0.0327636617941592,-0.0020716751953155,False,True,False,Tier3_보조신호
1088018752,Q2,0.0291925407422067,-0.0021887062549426,False,True,False,Tier3_보조신호
889202176,Q2,0.1311741892256513,-0.0022408248239666,False,True,False,Tier3_보조신호
1139619264,Q3,0.0957183485845345,-0.0022456639672189,False,True,False,Tier3_보조신호
727368256,Q2,0.02784514855892,-0.0022798850716305,False,True,False,Tier3_보조신호
833691072,Q2,0.0451382078833116,-0.0023499650555285,False,True,False,Tier3_보조신호
558769216,Q3,0.0280512017817515,-0.0024846042928203,False,True,False,Tier3_보조신호
386365376,Q1_저가,0.0279726915166458,-0.002523492742431,False,True,False,Tier3_보조신호
432659584,Q2,0.0618862729729019,-0.0025390261709382,False,True,False,Tier3_보조신호
518338112,Q1_저가,0.028593454515648,-0.0029424244470533,False,True,False,Tier3_보조신호
437540864,Q2,0.0266854702731109,-0.0030263258274705,False,True,False,Tier3_보조신호
1528230400,Q3,0.1096033991080194,-0.003032626826631,False,True,False,Tier3_보조신호
1201362816,Q2,0.0336618738212641,-0.0031008426617198,False,True,False,Tier3_보조신호
1577197248,Q2,0.029559251675248,-0.0031995143667632,False,True,False,Tier3_보조신호
1551393280,Q1_저가,0.0396691621756545,-0.0032392354580692,False,True,False,Tier3_보조신호
759770304,Q2,0.0374890548737175,-0.0032536523854344,False,True,False,Tier3_보조신호
1579929280,Q1_저가,0.0464637240245678,-0.0033223422856959,False,True,False,Tier3_보조신호
1600436224,Q3,0.0379580040350598,-0.0034296489452701,False,True,False,Tier3_보조신호
448932992,Q3,0.0336798404551208,-0.003852084895919,False,True,False,Tier3_보조신호
266480768,Q1_저가,0.0704936918243031,-0.0039152602746093,False,True,False,Tier3_보조신호
768792320,Q2,0.0343102754091569,-0.0039300045347565,False,True,False,Tier3_보조신호
806420864,Q2,0.0267462904800476,-0.0041131919154351,False,True,False,Tier3_보조신호
1622565312,Q2,0.0504312407830378,-0.0042257382940473,False,True,False,Tier3_보조신호
1011145088,Q2,0.0268624281551078,-0.0042383484299403,False,True,False,Tier3_보조신호
1481540864,Q3,0.0319758466498248,-0.0042437301660371,False,True,False,Tier3_보조신호
566980160,Q2,0.0416866463897591,-0.004249051987139,False,True,False,Tier3_보조신호
343588288,Q2,0.0289290495021624,-0.0042966388359384,False,True,False,Tier3_보조신호
1293418560,Q2,0.0323691663154886,-0.0043027719096597,False,True,False,Tier3_보조신호
1191266176,Q3,0.0485306420850293,-0.0043335963599308,False,True,False,Tier3_보조신호
837158080,Q3,0.0438867998741345,-0.0044395530181483,False,True,False,Tier3_보조신호
157845376,Q1_저가,0.032626547657626,-0.0044656269135849,False,True,False,Tier3_보조신호
1633298560,Q3,0.0688193609993083,-0.0045126202555976,False,True,False,Tier3_보조신호
998360960,Q3,0.033341496551067,-0.0045210630444921,False,True,False,Tier3_보조신호
1490230656,Q1_저가,0.0321016652594656,-0.0046474965944999,False,True,False,Tier3_보조신호
44620096,Q2,0.0592039639891336,-0.0046699813865487,False,True,False,Tier3_보조신호
712468288,Q2,0.0300205178349481,-0.0050734009958272,False,True,False,Tier3_보조신호
451559232,Q3,0.0398575780092691,-0.0050843341343833,False,True,False,Tier3_보조신호
409487424,Q1_저가,0.0369500521516394,-0.0050898099607356,False,True,False,Tier3_보조신호
1064549632,Q3,0.0410052712912055,-0.0052584368177266,False,True,False,Tier3_보조신호
1344683136,Q1_저가,0.0391166528375422,-0.0053795560760268,False,True,False,Tier3_보조신호
777045952,Q3,0.0289030082140219,-0.0058077247185394,False,True,False,Tier3_보조신호
636160704,Q2,0.0285699876875423,-0.0058652971858945,False,True,False,Tier3_보조신호
506801216,Q1_저가,0.0318776286554662,-0.005897497241657,False,True,False,Tier3_보조신호
641223872,Q4_고가,0.0484068649617728,-0.0059201375288214,False,True,False,Tier3_보조신호
263208640,Q1_저가,0.042810430013075,-0.005971159298802,False,True,False,Tier3_보조신호
950865920,Q2,0.0492367259939553,-0.0060211603639598,False,True,False,Tier3_보조신호
681935232,Q2,0.0311869211716517,-0.0061658846067564,False,True,False,Tier3_보조신호
449777472,Q1_저가,0.0411608302975211,-0.0062396953514365,False,True,False,Tier3_보조신호
764211712,Q4_고가,0.044327405012285,-0.0062441408017456,False,True,False,Tier3_보조신호
1469419328,Q2,0.0329795048909459,-0.0062964363758313,False,True,False,Tier3_보조신호
759059456,Q3,0.0272555213693249,-0.0064234470126718,False,True,False,Tier3_보조신호
755943232,Q1_저가,0.03181659311174,-0.0064450906122905,False,True,False,Tier3_보조신호
854185024,Q2,0.0503308367539593,-0.0066160533783454,False,True,False,Tier3_보조신호
748068224,Q3,0.0443418004487548,-0.0066914905525888,False,True,False,Tier3_보조신호
489616512,Q2,0.068567691443555,-0.006725167730462,False,True,False,Tier3_보조신호
1447334784,Q1_저가,0.039102403283647,-0.0067426801373772,False,True,False,Tier3_보조신호
844014144,Q2,0.0381978536796069,-0.0068100956528975,False,True,False,Tier3_보조신호
68276672,Q4_고가,0.0511775088701222,-0.0068884353521598,False,True,False,Tier3_보조신호
768525056,Q2,0.029374527359079,-0.0069071531151471,False,True,False,Tier3_보조신호
547833664,Q2,0.0301773982522627,-0.0069781129811741,False,True,False,Tier3_보조신호
1629564288,Q3,0.0510280544687509,-0.0070389217609157,False,True,False,Tier3_보조신호
139574912,Q3,0.0341986938221144,-0.0070617921181832,False,True,False,Tier3_보조신호
45022848,Q4_고가,0.0909897764301833,-0.0071505870555209,False,True,False,Tier3_보조신호
472223936,Q1_저가,0.0350304699127623,-0.007203690149077,False,True,False,Tier3_보조신호
1456070976,Q3,0.026679010576102,-0.0072419080921212,False,True,False,Tier3_보조신호
1210587136,Q3,0.0575194693141112,-0.0073309788493386,False,True,False,Tier3_보조신호
1186219712,Q2,0.028444750519567,-0.0074130079266379,False,True,False,Tier3_보조신호
850235456,Q3,0.0367654914255618,-0.0074381427681942,False,True,False,Tier3_보조신호
561391744,Q3,0.0430227942890228,-0.0074452910496269,False,True,False,Tier3_보조신호
998444480,Q1_저가,0.0504652387796725,-0.0075267241011803,False,True,False,Tier3_보조신호
854745536,Q1_저가,0.0758016021856977,-0.0076520628517805,False,True,False,Tier3_보조신호
1051836032,Q1_저가,0.0294916479412284,-0.0078601425777357,False,True,False,Tier3_보조신호
64679744,Q2,0.0313395259285806,-0.0079484579587857,False,True,False,Tier3_보조신호
740479040,Q4_고가,0.0430791367060106,-0.0083409301433298,False,True,False,Tier3_보조신호
551180032,Q2,0.0282726634651756,-0.0083486602391238,False,True,False,Tier3_보조신호
214052480,Q3,0.0434370026261146,-0.0084664592615277,False,True,False,Tier3_보조신호
1563932416,Q3,0.0299192007948764,-0.0084703106722553,False,True,False,Tier3_보조신호
1452878656,Q2,0.0382777277468289,-0.0086271984046755,False,True,False,Tier3_보조신호
894560448,Q3,0.0338142302233007,-0.0087696642242912,False,True,False,Tier3_보조신호
826354304,Q1_저가,0.0538486259378246,-0.0089020777153555,False,True,False,Tier3_보조신호
1195135936,Q1_저가,0.0626523459648938,-0.0090143262019879,False,True,False,Tier3_보조신호
902064256,Q3,0.0337658654828616,-0.0090777467753107,False,True,False,Tier3_보조신호
1001776000,Q3,0.0923723376190061,-0.009116022203453,False,True,False,Tier3_보조신호
1012026688,Q2,0.0381752218184829,-0.0092095664052623,False,True,False,Tier3_보조신호
831281984,Q1_저가,0.0459751328488952,-0.0094122047669494,False,True,False,Tier3_보조신호
1562035584,Q1_저가,0.0363200948514481,-0.0094565604055076,False,True,False,Tier3_보조신호
287659584,Q2,0.0390560554529872,-0.0095397031558441,False,True,False,Tier3_보조신호
573017728,Q3,0.0531053373391668,-0.0095581627229576,False,True,False,Tier3_보조신호
730586560,Q2,0.0349413558481925,-0.0095617712402213,False,True,False,Tier3_보조신호
231200064,Q2,0.0302633706899652,-0.0096388707822111,False,True,False,Tier3_보조신호
212079552,Q2,0.0307904242860664,-0.0097562516090181,False,True,False,Tier3_보조신호
438105088,Q3,0.0728623080321959,-0.009939055864373,False,True,False,Tier3_보조신호
115630656,Q2,0.0272906164220839,-0.0099571589856312,False,True,False,Tier3_보조신호
1561645824,Q2,0.0263916960567249,-0.0100036302462168,False,True,False,Tier3_보조신호
1212957248,Q1_저가,0.0451370187408841,-0.0100598989671107,False,True,False,Tier3_보조신호
663434624,Q2,0.047671376829559,-0.0101158328698965,False,True,False,Tier3_보조신호
750427200,Q4_고가,0.0320736403177774,-0.0103041491284179,False,True,False,Tier3_보조신호
434281728,Q4_고가,0.0288706408348463,-0.0103675793330046,False,True,False,Tier3_보조신호
1498049984,Q3,0.1045284037141242,-0.010563201482717,False,True,False,Tier3_보조신호
60912064,Q3,0.0322784873751196,-0.010631983650468,False,True,False,Tier3_보조신호
405090560,Q2,0.0358116884529411,-0.0107024173105317,False,True,False,Tier3_보조신호
1107079872,Q3,0.0511323528841144,-0.0107207249653548,False,True,False,Tier3_보조신호
912769664,Q1_저가,0.0391085006287658,-0.010829348746962,False,True,False,Tier3_보조신호
745377024,Q3,0.0437310473499845,-0.0108606802474888,False,True,False,Tier3_보조신호
1283954816,Q2,0.0560991142381889,-0.0112140683246239,False,True,False,Tier3_보조신호
1006132032,Q1_저가,0.0306935362689763,-0.0112886795974789,False,True,False,Tier3_보조신호
577048960,Q1_저가,0.0322620299561997,-0.0113396555453585,False,True,False,Tier3_보조신호
1565845952,Q1_저가,0.0366045333645915,-0.0113611733605213,False,True,False,Tier3_보조신호
1320742592,Q1_저가,0.0272221522483079,-0.0114477183450243,False,True,False,Tier3_보조신호
1247946560,Q3,0.032098983412506,-0.0120280721087678,False,True,False,Tier3_보조신호
883773376,Q2,0.0500818061158986,-0.0120309908189518,False,True,False,Tier3_보조신호
746299456,Q2,0.0439644508049808,-0.0120945366378686,False,True,False,Tier3_보조신호
281276800,Q1_저가,0.0384535086177275,-0.0122227513389193,False,True,False,Tier3_보조신호
1034675456,Q3,0.0331138131901003,-0.0123263654524621,False,True,False,Tier3_보조신호
193324672,Q4_고가,0.0309884852182327,-0.0124864251351091,False,True,False,Tier3_보조신호
423479808,Q4_고가,0.0671755322159565,-0.0126025797159985,False,True,False,Tier3_보조신호
763331968,Q2,0.1033034603040569,-0.0127797645029941,False,True,False,Tier3_보조신호
61867904,Q1_저가,0.0316983995838218,-0.0127866743610703,False,True,False,Tier3_보조신호
97141184,Q2,0.0286307667415643,-0.0129556954158643,False,True,False,Tier3_보조신호
1214360384,Q2,0.0439792878165118,-0.0130190449333106,False,True,False,Tier3_보조신호
1525333184,Q2,0.0350164905528699,-0.013382670770924,False,True,False,Tier3_보조신호
1008370368,Q1_저가,0.0313173644279819,-0.013466361964338,False,True,False,Tier3_보조신호
1115216576,Q2,0.0478661870353858,-0.0134858337144398,False,True,False,Tier3_보조신호
1557126464,Q2,0.0748286425281807,-0.0137717109871007,False,True,False,Tier3_보조신호
470341952,Q3,0.0667834326953934,-0.0138172363459126,False,True,False,Tier3_보조신호
526146304,Q1_저가,0.0872032415300864,-0.0138685181785799,False,True,False,Tier3_보조신호
838332928,Q1_저가,0.0368944893124576,-0.0140288428454221,False,True,False,Tier3_보조신호
1379956416,Q2,0.0409689614087332,-0.0142300080912494,False,True,False,Tier3_보조신호
1314786688,Q1_저가,0.0531176831869186,-0.0142529213102347,False,True,False,Tier3_보조신호
786110656,Q1_저가,0.0496107911732073,-0.0142626499245318,False,True,False,Tier3_보조신호
774393728,Q2,0.0493597851799262,-0.0143072231475058,False,True,False,Tier3_보조신호
1045185984,Q1_저가,0.0318439344705779,-0.0143598481643536,False,True,False,Tier3_보조신호
1531021824,Q2,0.0337342730062824,-0.014376676688607,False,True,False,Tier3_보조신호
1632578432,Q3,0.1599172874363186,-0.0144474900988132,False,True,False,Tier3_보조신호
1053834944,Q1_저가,0.0754172943318836,-0.0145314472552276,False,True,False,Tier3_보조신호
1630449600,Q3,0.0320183469136031,-0.0146653340397824,False,True,False,Tier3_보조신호
706027968,Q2,0.0285644671617658,-0.0147342137162944,False,True,False,Tier3_보조신호
93098816,Q2,0.0696736834177321,-0.0152028095808806,False,True,False,Tier3_보조신호
1597609536,Q1_저가,0.0374898180060607,-0.0154313748631801,False,True,False,Tier3_보조신호
1056314560,Q3,0.03288802089638,-0.0157617337628069,False,True,False,Tier3_보조신호
437552000,Q3,0.0314566382086075,-0.0161041507757485,False,True,False,Tier3_보조신호
995727296,Q1_저가,0.0374472197370691,-0.0162196494487451,False,True,False,Tier3_보조신호
655364736,Q1_저가,0.0304532370362884,-0.0162542684700569,False,True,False,Tier3_보조신호
1565949888,Q1_저가,0.0462912325426395,-0.016321060623941,False,True,False,Tier3_보조신호
304491648,Q1_저가,0.0280244862704344,-0.0163330572837695,False,True,False,Tier3_보조신호
1552100416,Q2,0.0850228941364902,-0.0164322518874192,False,True,False,Tier3_보조신호
804535168,Q3,0.02660494618395,-0.0164390654325225,False,True,False,Tier3_보조신호
1454864576,Q2,0.037558234404266,-0.0167023699905382,False,True,False,Tier3_보조신호
285772032,Q1_저가,0.0327202071480625,-0.0167363045408682,False,True,False,Tier3_보조신호
1222493376,Q2,0.0317945578943825,-0.0167830486604289,False,True,False,Tier3_보조신호
1565909056,Q1_저가,0.0456502439025018,-0.0173696798360872,False,True,False,Tier3_보조신호
762513472,Q4_고가,0.035807879256573,-0.017435384017074,False,True,False,Tier3_보조신호
592071424,Q1_저가,0.0272810869812329,-0.0177179484839122,False,True,False,Tier3_보조신호
1457440704,Q3,0.0339463409557523,-0.0177843432964285,False,True,False,Tier3_보조신호
762305600,Q4_고가,0.0806553444572236,-0.0182699126317011,False,True,False,Tier3_보조신호
286171072,Q2,0.0475616471510067,-0.0189018699268056,False,True,False,Tier3_보조신호
750403072,Q3,0.0300035582099659,-0.0190955633812559,False,True,False,Tier3_보조신호
746485056,Q1_저가,0.0611512821537234,-0.0191740593209416,False,True,False,Tier3_보조신호
270346816,Q1_저가,0.0368409221757182,-0.0192088628043586,False,True,False,Tier3_보조신호
1604060992,Q3,0.0360181631539757,-0.0192439282904399,False,True,False,Tier3_보조신호
515875200,Q2,0.0766168465562953,-0.0193805738401547,False,True,False,Tier3_보조신호
925793216,Q1_저가,0.0370571780735144,-0.0194787360074208,False,True,False,Tier3_보조신호
740477184,Q1_저가,0.0404819246809715,-0.0195745345383316,False,True,False,Tier3_보조신호
432314368,Q2,0.1013614817511627,-0.0196957608766081,False,True,False,Tier3_보조신호
273041728,Q4_고가,0.0275038861067054,-0.0198124097411679,False,True,False,Tier3_보조신호
124515328,Q2,0.0382488895454697,-0.0198185951176266,False,True,False,Tier3_보조신호
1196208704,Q2,0.0364328565733659,-0.0199308780800958,False,True,False,Tier3_보조신호
947213312,Q2,0.0433668645584961,-0.0203735371168889,False,True,False,Tier3_보조신호
1225873152,Q3,0.0334860952915436,-0.0205857814783422,False,True,False,Tier3_보조신호
335540672,Q1_저가,0.0365881034637445,-0.0207310975312391,False,True,False,Tier3_보조신호
525778816,Q1_저가,0.0342036015453703,-0.0207593641852565,False,True,False,Tier3_보조신호
640668928,Q1_저가,0.0278329905401972,-0.0208786357531914,False,True,False,Tier3_보조신호
763482304,Q1_저가,0.029462921959532,-0.0211956796337106,False,True,False,Tier3_보조신호
689374080,Q1_저가,0.0373711473004335,-0.0212445818269099,False,True,False,Tier3_보조신호
514583424,Q1_저가,0.0266568740952339,-0.0212730141449952,False,True,False,Tier3_보조신호
1172745152,Q1_저가,0.0723068822736259,-0.0213274505444934,False,True,False,Tier3_보조신호
1480115456,Q2,0.0300308844188185,-0.021496087460492,False,True,False,Tier3_보조신호
1488435904,Q3,0.0481465066643831,-0.0215436701606551,False,True,False,Tier3_보조신호
1509135872,Q3,0.0268402409999972,-0.0216237732829529,False,True,False,Tier3_보조신호
779505152,Q2,0.0376881921633921,-0.0216577673398633,False,True,False,Tier3_보조신호
767572928,Q2,0.0369569459115178,-0.0216789696276585,False,True,False,Tier3_보조신호
342554496,Q2,0.0345666722354471,-0.0218234479502236,False,True,False,Tier3_보조신호
207491520,Q2,0.0727087891445621,-0.0218417997539428,False,True,False,Tier3_보조신호
62615872,Q1_저가,0.0278284885205104,-0.0220815559722544,False,True,False,Tier3_보조신호
1228894720,Q1_저가,0.0268683358353954,-0.0220965115475029,False,True,False,Tier3_보조신호
762695360,Q4_고가,0.0684134530157277,-0.0221778681406623,False,True,False,Tier3_보조신호
859296448,Q3,0.0994280789948953,-0.0224536441663328,False,True,False,Tier3_보조신호
748769792,Q2,0.0427046133166882,-0.0224734034274757,False,True,False,Tier3_보조신호
378319616,Q1_저가,0.0434038926859771,-0.0226150283572869,False,True,False,Tier3_보조신호
1359854080,Q3,0.0341180641903762,-0.0228622203689342,False,True,False,Tier3_보조신호
451046976,Q4_고가,0.0311064801053231,-0.0230113775351576,False,True,False,Tier3_보조신호
404075328,Q3,0.0413213999350748,-0.0230567937679991,False,True,False,Tier3_보조신호
728994112,Q2,0.0350114887006121,-0.0230683611665055,False,True,False,Tier3_보조신호
1492439296,Q1_저가,0.0276740904245363,-0.0230884909209016,False,True,False,Tier3_보조신호
592789696,Q2,0.0497256460316701,-0.0231768940564437,False,True,False,Tier3_보조신호
1602385024,Q1_저가,0.0458449231233483,-0.0232819016367963,False,True,False,Tier3_보조신호
1503499200,Q2,0.0339300001175634,-0.0235127285588592,False,True,False,Tier3_보조신호
750620224,Q1_저가,0.0273596573524724,-0.0237262977426925,False,True,False,Tier3_보조신호
581104320,Q3,0.0338522838703607,-0.023904435048601,False,True,False,Tier3_보조신호
659236352,Q1_저가,0.0313996781612856,-0.0242725598308987,False,True,False,Tier3_보조신호
473781120,Q2,0.0335745919854365,-0.0244702258375287,False,True,False,Tier3_보조신호
124615552,Q2,0.0266917531230581,-0.0246010562745313,False,True,False,Tier3_보조신호
1213515904,Q1_저가,0.0335748025993732,-0.0246040245676387,False,True,False,Tier3_보조신호
1120112704,Q1_저가,0.0284793739803264,-0.0246982173957057,False,True,False,Tier3_보조신호
773113088,Q1_저가,0.0323061090527171,-0.0248344683626969,False,True,False,Tier3_보조신호
1442013632,Q1_저가,0.0285989969389864,-0.024843108710818,False,True,False,Tier3_보조신호
664035968,Q2,0.0338243677853662,-0.024845771333289,False,True,False,Tier3_보조신호
702007872,Q2,0.0613871202152043,-0.0249134760812216,False,True,False,Tier3_보조신호
1352038464,Q2,0.033337541760796,-0.025130587972528,False,True,False,Tier3_보조신호
1259672768,Q1_저가,0.0286010739574003,-0.0251352979651916,False,True,False,Tier3_보조신호
52515520,Q2,0.0283842286733009,-0.0251596488175055,False,True,False,Tier3_보조신호
857644608,Q2,0.118337330075717,-0.0255922221501536,False,True,False,Tier3_보조신호
338573376,Q1_저가,0.0467756889211212,-0.0256856115504006,False,True,False,Tier3_보조신호
1223521600,Q1_저가,0.121914705357404,-0.0257901347965605,False,True,False,Tier3_보조신호
745751936,Q1_저가,0.0352110388967216,-0.0258906940874728,False,True,False,Tier3_보조신호
663835520,Q4_고가,0.0692119515055669,-0.0260978385652958,False,True,False,Tier3_보조신호
1158802880,Q4_고가,0.0614046008138218,-0.0261830594317288,False,True,False,Tier3_보조신호
1205640896,Q2,0.034779881031583,-0.0263710609708304,False,True,False,Tier3_보조신호
668135872,Q1_저가,0.0326466586078422,-0.0264446815905549,False,True,False,Tier3_보조신호
254539264,Q1_저가,0.0373100692353667,-0.0272250723025204,False,True,False,Tier3_보조신호
1239464640,Q2,0.0285641147151555,-0.0272807344885878,False,True,False,Tier3_보조신호
872384960,Q2,0.0443539573614202,-0.0276778449512247,False,True,False,Tier3_보조신호
1488912896,Q2,0.0327911122910838,-0.0282611856449822,False,True,False,Tier3_보조신호
833292032,Q2,0.1349496090902732,-0.0285960294098536,False,True,False,Tier3_보조신호
658518080,Q2,0.0444785512899822,-0.0288963779184193,False,True,False,Tier3_보조신호
153888384,Q2,0.0352096216027645,-0.0294281454505584,False,True,False,Tier3_보조신호
599020288,Q4_고가,0.0607339722156909,-0.0295154778268199,False,True,False,Tier3_보조신호
696582784,Q2,0.0308245236538702,-0.0296339390971676,False,True,False,Tier3_보조신호
64460736,Q2,0.0402885948188964,-0.0299247083321235,False,True,False,Tier3_보조신호
430931648,Q1_저가,0.0478736758188733,-0.02998088479329,False,True,False,Tier3_보조신호
1528618304,Q3,0.0516779982843764,-0.0300173550610417,False,True,False,Tier3_보조신호
998498304,Q1_저가,0.0495081761740171,-0.0303741345062719,False,True,False,Tier3_보조신호
1543119232,Q1_저가,0.0543484358469058,-0.0304659631127676,False,True,False,Tier3_보조신호
846213504,Q2,0.0335531842087664,-0.0305052984941371,False,True,False,Tier3_보조신호
873170048,Q1_저가,0.0269225396096069,-0.0306696982777432,False,True,False,Tier3_보조신호
619126336,Q1_저가,0.0413854663266692,-0.0307571317552449,False,True,False,Tier3_보조신호
554045696,Q2,0.0401572423924615,-0.0308090716829395,False,True,False,Tier3_보조신호
82202240,Q2,0.0463250411207171,-0.030937649944895,False,True,False,Tier3_보조신호
1330007744,Q2,0.027008738592557,-0.0312653108432955,False,True,False,Tier3_보조신호
1044965120,Q1_저가,0.0404640630528445,-0.0313179766666108,False,True,False,Tier3_보조신호
798490176,Q1_저가,0.0272630343168855,-0.0315910069403932,False,True,False,Tier3_보조신호
1166412480,Q1_저가,0.0417011911741151,-0.0317547083126957,False,True,False,Tier3_보조신호
1466906304,Q1_저가,0.0359202268420933,-0.032240682337112,False,True,False,Tier3_보조신호
904189376,Q2,0.0331807323590694,-0.032274649037149,False,True,False,Tier3_보조신호
965455936,Q1_저가,0.0272780492853174,-0.0324143337682588,False,True,False,Tier3_보조신호
765054336,Q1_저가,0.0282291760167638,-0.032896875039546,False,True,False,Tier3_보조신호
747832512,Q2,0.0520858480037301,-0.0330254970071192,False,True,False,Tier3_보조신호
707497920,Q2,0.0295593907075841,-0.0331946768866506,False,True,False,Tier3_보조신호
1046088000,Q3,0.029861246019122,-0.0340547936292315,False,True,False,Tier3_보조신호
766730304,Q1_저가,0.059012391651079,-0.0342416288225685,False,True,False,Tier3_보조신호
455395584,Q2,0.0310386446919667,-0.0345382106830615,False,True,False,Tier3_보조신호
763517568,Q3,0.1077333351920648,-0.0354415498425502,False,True,False,Tier3_보조신호
768820160,Q1_저가,0.0516081394948222,-0.0355205371752014,False,True,False,Tier3_보조신호
1119466816,Q1_저가,0.029675285245866,-0.0360895075779135,False,True,False,Tier3_보조신호
595477184,Q1_저가,0.0503809489607183,-0.0366612824285585,False,True,False,Tier3_보조신호
78516224,Q3,0.0410135061142376,-0.037117884458805,False,True,False,Tier3_보조신호
797539904,Q1_저가,0.0513758536407105,-0.0373409363821048,False,True,False,Tier3_보조신호
344662912,Q2,0.0996720248486854,-0.0374936098938726,False,True,False,Tier3_보조신호
247881792,Q4_고가,0.0319749555248084,-0.0376353316769236,False,True,False,Tier3_보조신호
1608778944,Q2,0.0427365694240934,-0.0379327610051258,False,True,False,Tier3_보조신호
1563165888,Q2,0.0893890705691335,-0.0383577238687399,False,True,False,Tier3_보조신호
579196352,Q1_저가,0.0275816404277707,-0.0387085149899542,False,True,False,Tier3_보조신호
1580918528,Q1_저가,0.0344917868806488,-0.0392576056195166,False,True,False,Tier3_보조신호
941879168,Q1_저가,0.0520732412629229,-0.0394483644093262,False,True,False,Tier3_보조신호
257011456,Q2,0.039691565183961,-0.039596889436866,False,True,False,Tier3_보조신호
173853376,Q3,0.0474580226198616,-0.0398520381430971,False,True,False,Tier3_보조신호
1086127488,Q3,0.0286010845189924,-0.0399713450301454,False,True,False,Tier3_보조신호
1349714752,Q1_저가,0.0351648387055657,-0.0402484651034549,False,True,False,Tier3_보조신호
1515756224,Q1_저가,0.033298841556651,-0.040349651120161,False,True,False,Tier3_보조신호
705276288,Q4_고가,0.0338995598404956,-0.0403597493210369,False,True,False,Tier3_보조신호
1507877504,Q3,0.0450631880106336,-0.040667532057467,False,True,False,Tier3_보조신호
767966400,Q3,0.0743029990665009,-0.0410665971957035,False,True,False,Tier3_보조신호
1387046336,Q2,0.1071638180236499,-0.0410817352212865,False,True,False,Tier3_보조신호
575874112,Q1_저가,0.0353018522066279,-0.0411090816315887,False,True,False,Tier3_보조신호
88831872,Q2,0.0274017113434108,-0.0418478463273336,False,True,False,Tier3_보조신호
1274721216,Q3,0.0287245648719134,-0.0420033184714778,False,True,False,Tier3_보조신호
1106127744,Q3,0.0272847296170217,-0.0423102299218314,False,True,False,Tier3_보조신호
948055936,Q2,0.0479515358253678,-0.0425285532235226,False,True,False,Tier3_보조신호
764310080,Q2,0.0496899326220394,-0.0425705151119871,False,True,False,Tier3_보조신호
1187335168,Q3,0.0731445461386235,-0.0425902065230573,False,True,False,Tier3_보조신호
1134515264,Q1_저가,0.0317627839997777,-0.042724245394473,False,True,False,Tier3_보조신호
769729600,Q1_저가,0.0398669037313791,-0.0435102913581251,False,True,False,Tier3_보조신호
61424320,Q1_저가,0.0527885930712497,-0.0435719097811937,False,True,False,Tier3_보조신호
1197713920,Q2,0.0470768798988651,-0.0437465472235145,False,True,False,Tier3_보조신호
241823808,Q2,0.039421077261767,-0.0437781854677701,False,True,False,Tier3_보조신호
827603392,Q2,0.0315853818847442,-0.0438782308836089,False,True,False,Tier3_보조신호
874517504,Q2,0.0280256245752306,-0.0439142515328145,False,True,False,Tier3_보조신호
1351964224,Q1_저가,0.0286407863215403,-0.0445039650933307,False,True,False,Tier3_보조신호
556161536,Q1_저가,0.0403183336972786,-0.0447549302570969,False,True,False,Tier3_보조신호
1274799168,Q1_저가,0.0268405411013593,-0.0447973675089082,False,True,False,Tier3_보조신호
1071878976,Q2,0.0504970141730026,-0.0450002571359448,False,True,False,Tier3_보조신호
1039577152,Q3,0.029450632143523,-0.0453900030865245,False,True,False,Tier3_보조신호
1326195520,Q2,0.0424751292927605,-0.0454431351706509,False,True,False,Tier3_보조신호
346888256,Q2,0.0452300191431997,-0.0456166952834165,False,True,False,Tier3_보조신호
1061643136,Q2,0.0292688454183268,-0.0456973336896451,False,True,False,Tier3_보조신호
1351565184,Q2,0.0354156033825943,-0.0460142162040397,False,True,False,Tier3_보조신호
1293774912,Q2,0.0441934033275174,-0.0462645337166125,False,True,False,Tier3_보조신호
593068096,Q4_고가,0.0407544772790953,-0.0466817880621137,False,True,False,Tier3_보조신호
1014729024,Q1_저가,0.0351586986865539,-0.0471345693322691,False,True,False,Tier3_보조신호
475076608,Q1_저가,0.033174486153273,-0.0471617420359891,False,True,False,Tier3_보조신호
1172448192,Q2,0.0339996625428671,-0.0472167717736966,False,True,False,Tier3_보조신호
1506652544,Q2,0.0271495087155102,-0.0472910160132473,False,True,False,Tier3_보조신호
183300416,Q3,0.0277211401408114,-0.0474770231230686,False,True,False,Tier3_보조신호
647562112,Q1_저가,0.0340497105532107,-0.0475066212581828,False,True,False,Tier3_보조신호
1006998784,Q1_저가,0.0492016704589265,-0.0475124735511337,False,True,False,Tier3_보조신호
1000122304,Q2,0.0560524573997466,-0.0475802189850991,False,True,False,Tier3_보조신호
628033280,Q1_저가,0.0462903798778974,-0.0477008620254807,False,True,False,Tier3_보조신호
1240240448,Q1_저가,0.0342708677982236,-0.0477965718711422,False,True,False,Tier3_보조신호
1144381760,Q1_저가,0.0465644218201045,-0.0478005125184528,False,True,False,Tier3_보조신호
466462912,Q2,0.036185496452857,-0.0482678197062772,False,True,False,Tier3_보조신호
1049465920,Q1_저가,0.0320737312794419,-0.0483525133827018,False,True,False,Tier3_보조신호
617066176,Q1_저가,0.0327970949405219,-0.0487029398633404,False,True,False,Tier3_보조신호
1241645440,Q1_저가,0.0299327339770142,-0.0488883433561113,False,True,False,Tier3_보조신호
221808704,Q3,0.0317383284964124,-0.0489266145318292,False,True,False,Tier3_보조신호
999738112,Q3,0.0453264614861704,-0.0490969659080759,False,True,False,Tier3_보조신호
130452672,Q1_저가,0.0450421851638864,-0.0499896428705951,False,True,False,Tier3_보조신호
689780544,Q2,0.0352867764704646,-0.0500242014676219,False,True,False,Tier3_보조신호
215438912,Q3,0.048930612614,-0.0501260805566994,False,True,False,Tier3_보조신호
740738880,Q3,0.0756399421717434,-0.0502310968553361,False,True,False,Tier3_보조신호
314527040,Q1_저가,0.0268445000075178,-0.0503519321918317,False,True,False,Tier3_보조신호
1522723648,Q1_저가,0.0284305085081215,-0.0503732594122413,False,True,False,Tier3_보조신호
968551744,Q2,0.0598037992378031,-0.0507405032908874,False,True,False,Tier3_보조신호
1106484096,Q1_저가,0.0445611473830955,-0.0507740372069135,False,True,False,Tier3_보조신호
923406400,Q2,0.0442915248702091,-0.0518270450265719,False,True,False,Tier3_보조신호
877288512,Q3,0.026633696532707,-0.0528400226729711,False,True,False,Tier3_보조신호
673293696,Q2,0.0311316031443441,-0.0532783942556542,False,True,False,Tier3_보조신호
1139817856,Q1_저가,0.0357606617194297,-0.0534231626589608,False,True,False,Tier3_보조신호
1096920128,Q3,0.0352477758704066,-0.0535074904776282,False,True,False,Tier3_보조신호
590302656,Q1_저가,0.0266523640541306,-0.0538343463155123,False,True,False,Tier3_보조신호
98262208,Q2,0.0377276432818418,-0.0540204553019569,False,True,False,Tier3_보조신호
876158208,Q3,0.037337033758419,-0.0540228537563588,False,True,False,Tier3_보조신호
1112881728,Q3,0.0302040067589862,-0.0545048663562104,False,True,False,Tier3_보조신호
785117696,Q1_저가,0.0522364696453773,-0.0547072489898182,False,True,False,Tier3_보조신호
477357632,Q2,0.0767988368125504,-0.0549462546716021,False,True,False,Tier3_보조신호
71678720,Q3,0.0463017029083876,-0.0557923336053884,False,True,False,Tier3_보조신호
1505258688,Q2,0.0354341251389689,-0.0559839834565306,False,True,False,Tier3_보조신호
287973248,Q2,0.0326496765642849,-0.0567392933654244,False,True,False,Tier3_보조신호
1512038656,Q1_저가,0.0311882898918328,-0.0570384379847453,False,True,False,Tier3_보조신호
324469632,Q1_저가,0.0429076609418394,-0.0577227333037521,False,True,False,Tier3_보조신호
745612736,Q2,0.0391049470201892,-0.0581014646974289,False,True,False,Tier3_보조신호
562084032,Q1_저가,0.0283558604487492,-0.0587062066163286,False,True,False,Tier3_보조신호
154344960,Q1_저가,0.0394905985516041,-0.0588006871998654,False,True,False,Tier3_보조신호
1259325696,Q2,0.0639018922864345,-0.0588095978494854,False,True,False,Tier3_보조신호
1058345024,Q1_저가,0.0449337727847473,-0.0600886768996512,False,True,False,Tier3_보조신호
1337565376,Q2,0.0292940060392,-0.0602001411653452,False,True,False,Tier3_보조신호
862642816,Q3,0.0486151668340656,-0.0603678023108998,False,True,False,Tier3_보조신호
750260160,Q1_저가,0.0399110797292262,-0.0606362890366254,False,True,False,Tier3_보조신호
806938688,Q1_저가,0.0427067077801862,-0.0608652328548283,False,True,False,Tier3_보조신호
1094546304,Q2,0.0807574249109879,-0.0610670941295375,False,True,False,Tier3_보조신호
537211776,Q1_저가,0.0424951533117959,-0.0615325592803434,False,True,False,Tier3_보조신호
665799168,Q3,0.0647464636143753,-0.0622272651294664,False,True,False,Tier3_보조신호
678230656,Q3,0.0494618421904451,-0.0624287216494108,False,True,False,Tier3_보조신호
1313572864,Q1_저가,0.0349071986677068,-0.0630831228677865,False,True,False,Tier3_보조신호
690526656,Q2,0.0343361259849804,-0.0638005331483859,False,True,False,Tier3_보조신호
1334356352,Q2,0.0373929293242247,-0.0638175424966668,False,True,False,Tier3_보조신호
664178880,Q3,0.0412016044763426,-0.0640656064698538,False,True,False,Tier3_보조신호
1184747904,Q2,0.041661555989477,-0.0642923023343268,False,True,False,Tier3_보조신호
787743936,Q2,0.1203976399805726,-0.0644768844373279,False,True,False,Tier3_보조신호
975300160,Q1_저가,0.0375526084087165,-0.0644851777328076,False,True,False,Tier3_보조신호
1054961536,Q3,0.1095880422892905,-0.0653584064830088,False,True,False,Tier3_보조신호
1211043712,Q1_저가,0.0868881449588858,-0.0659064774924913,False,True,False,Tier3_보조신호
685786432,Q2,0.0801312682573642,-0.0659647831931601,False,True,False,Tier3_보조신호
975248192,Q1_저가,0.0959270907450254,-0.0665373180094436,False,True,False,Tier3_보조신호
287822912,Q2,0.0275204595976477,-0.0665449842109067,False,True,False,Tier3_보조신호
863934592,Q1_저가,0.0839494772882635,-0.0667622266397702,False,True,False,Tier3_보조신호
1496060352,Q1_저가,0.0277315751219374,-0.0668638583792022,False,True,False,Tier3_보조신호
836890816,Q2,0.040429369041834,-0.0670023113513458,False,True,False,Tier3_보조신호
1502459840,Q2,0.0397689594647808,-0.0670212564348208,False,True,False,Tier3_보조신호
1006334336,Q1_저가,0.0273602662006557,-0.0675076515563464,False,True,False,Tier3_보조신호
1308656320,Q2,0.0335923587129688,-0.0683497328165204,False,True,False,Tier3_보조신호
1075386816,Q3,0.0395830554969187,-0.0692545176560507,False,True,False,Tier3_보조신호
744426752,Q3,0.1406645088790329,-0.0697642035356955,False,True,False,Tier3_보조신호
683618624,Q3,0.0467912576801885,-0.0701405863605882,False,True,False,Tier3_보조신호
150881664,Q2,0.0277860875206495,-0.0703984247483811,False,True,False,Tier3_보조신호
640594688,Q1_저가,0.0469140847110672,-0.0709446558161518,False,True,False,Tier3_보조신호
92731328,Q3,0.0361968227276144,-0.0717758789714648,False,True,False,Tier3_보조신호
1490965632,Q1_저가,0.0305575243831491,-0.0725840786650725,False,True,False,Tier3_보조신호
935431424,Q1_저가,0.0263721130617455,-0.0726045854059928,False,True,False,Tier3_보조신호
747899328,Q3,0.0397138763720972,-0.0730428667705391,False,True,False,Tier3_보조신호
1161720512,Q3,0.0497789411613918,-0.0736308550541512,False,True,False,Tier3_보조신호
1604454464,Q1_저가,0.0410882168764582,-0.0737578504584379,False,True,False,Tier3_보조신호
109472448,Q1_저가,0.0404442230948469,-0.0739672628875638,False,True,False,Tier3_보조신호
1103484800,Q2,0.0949752372165452,-0.0746267408646293,False,True,False,Tier3_보조신호
743439360,Q1_저가,0.0423630442163242,-0.0753042105788333,False,True,False,Tier3_보조신호
180492288,Q1_저가,0.0369354319752784,-0.0757993581862429,False,True,False,Tier3_보조신호
840814400,Q2,0.0834302218091124,-0.0759441006737991,False,True,False,Tier3_보조신호
1599153728,Q2,0.108627790514721,-0.0759482820321292,False,True,False,Tier3_보조신호
710679104,Q1_저가,0.026890504725643,-0.0760641195833503,False,True,False,Tier3_보조신호
677928128,Q3,0.0309707606177528,-0.0762914865718537,False,True,False,Tier3_보조신호
265242816,Q2,0.0301084805572395,-0.0764117311661741,False,True,False,Tier3_보조신호
1036906368,Q1_저가,0.0538635936296226,-0.0766027472115257,False,True,False,Tier3_보조신호
649364288,Q2,0.0336825549261472,-0.0778046711435537,False,True,False,Tier3_보조신호
818813376,Q2,0.0343348233699987,-0.0779971052432497,False,True,False,Tier3_보조신호
934804096,Q1_저가,0.0291057051005366,-0.0785029220034272,False,True,False,Tier3_보조신호
709585920,Q2,0.0364733940473509,-0.0789232761616783,False,True,False,Tier3_보조신호
970732544,Q2,0.0385441008143785,-0.079337279115321,False,True,False,Tier3_보조신호
1034656896,Q1_저가,0.0332992004806613,-0.0793569851835194,False,True,False,Tier3_보조신호
1448132864,Q2,0.0266420687836528,-0.0798735457366686,False,True,False,Tier3_보조신호
736809728,Q1_저가,0.0374737224918196,-0.0799119698989114,False,True,False,Tier3_보조신호
271076224,Q3,0.0342499569128801,-0.0799474588102209,False,True,False,Tier3_보조신호
442112192,Q3,0.0266288239955027,-0.0802155366027663,False,True,False,Tier3_보조신호
1315191296,Q1_저가,0.0473399219275486,-0.0806292034855076,False,True,False,Tier3_보조신호
1057814208,Q2,0.0334578792229762,-0.0814332336419376,False,True,False,Tier3_보조신호
1605185728,Q1_저가,0.0401927393561534,-0.0822678468471078,False,True,False,Tier3_보조신호
1105635904,Q2,0.114944563945572,-0.0829325589215194,False,True,False,Tier3_보조신호
294255808,Q1_저가,0.0334546256670752,-0.0833178427826148,False,True,False,Tier3_보조신호
668078336,Q2,0.0312009398562771,-0.0842374526766556,False,True,False,Tier3_보조신호
639243520,Q1_저가,0.1026973379219003,-0.0850545737483858,False,True,False,Tier3_보조신호
100932992,Q2,0.0275830218574089,-0.0856115164657438,False,True,False,Tier3_보조신호
1237874048,Q3,0.0486755942717427,-0.0861624211972507,False,True,False,Tier3_보조신호
163435648,Q3,0.1052671908184657,-0.0862029740461188,False,True,False,Tier3_보조신호
380329664,Q1_저가,0.0937423776929822,-0.0879398004992729,False,True,False,Tier3_보조신호
685862528,Q2,0.0412001712280212,-0.0884199138086117,False,True,False,Tier3_보조신호
823228800,Q2,0.0426306996645758,-0.0895881029976676,False,True,False,Tier3_보조신호
885995008,Q1_저가,0.0345355495638893,-0.0903176522378903,False,True,False,Tier3_보조신호
614434368,Q2,0.0940428636921086,-0.0911544782760981,False,True,False,Tier3_보조신호
1332923520,Q1_저가,0.0400731154479965,-0.0913326879136744,False,True,False,Tier3_보조신호
1031245568,Q3,0.0564695865416144,-0.0915617808116806,False,True,False,Tier3_보조신호
724855232,Q2,0.0282695439399187,-0.0918512748388021,False,True,False,Tier3_보조신호
310963520,Q1_저가,0.0908986417769219,-0.092150925673886,False,True,False,Tier3_보조신호
574680704,Q3,0.0361058730825446,-0.0926193344979811,False,True,False,Tier3_보조신호
1225216128,Q2,0.033572249641494,-0.0928558475228804,False,True,False,Tier3_보조신호
1556541824,Q1_저가,0.0519780652289586,-0.093107696981301,False,True,False,Tier3_보조신호
989578368,Q1_저가,0.0314124565379938,-0.0949515000748252,False,True,False,Tier3_보조신호
296484864,Q1_저가,0.0324171648708763,-0.0957198424566099,False,True,False,Tier3_보조신호
282809856,Q1_저가,0.0414571551175109,-0.0960321250424947,False,True,False,Tier3_보조신호
123965952,Q1_저가,0.0292189277282671,-0.0961276563366169,False,True,False,Tier3_보조신호
611329280,Q2,0.0418325977864927,-0.0987827198485279,False,True,False,Tier3_보조신호
355893568,Q1_저가,0.0368375816064457,-0.102035158692728,False,True,False,Tier3_보조신호
936801152,Q2,0.0445549694951484,-0.1021241814090607,False,True,False,Tier3_보조신호
487019968,Q3,0.0431962423661532,-0.1029809192091054,False,True,False,Tier3_보조신호
795149376,Q2,0.0322694967417493,-0.1032847691513156,False,True,False,Tier3_보조신호
715809088,Q2,0.031756021166111,-0.1037260884235441,False,True,False,Tier3_보조신호
1385062272,Q1_저가,0.0299780152360347,-0.1045138051074149,False,True,False,Tier3_보조신호
889220736,Q3,0.0287290759613605,-0.1060523258974796,False,True,False,Tier3_보조신호
714446784,Q1_저가,0.0287166418143737,-0.1064622376147538,False,True,False,Tier3_보조신호
1209779776,Q2,0.0314778723156984,-0.1080661522759092,False,True,False,Tier3_보조신호
792573248,Q2,0.0411040846963265,-0.1085833377507209,False,True,False,Tier3_보조신호
1227452608,Q1_저가,0.0484056968632022,-0.1091738753826794,False,True,False,Tier3_보조신호
290824064,Q1_저가,0.0478154727216026,-0.11102488008088,False,True,False,Tier3_보조신호
585282176,Q1_저가,0.0330621822909811,-0.112925894440385,False,True,False,Tier3_보조신호
1167555776,Q1_저가,0.033543577842388,-0.1131823126089044,False,True,False,Tier3_보조신호
1130929472,Q1_저가,0.0729838930419788,-0.1192076771264172,False,True,False,Tier3_보조신호
1383373312,Q1_저가,0.0321325067207902,-0.1215639619560992,False,True,False,Tier3_보조신호
1552209920,Q1_저가,0.0365525189305366,-0.1223657852987738,False,True,False,Tier3_보조신호
559326016,Q1_저가,0.0267429738568879,-0.1263112375794066,False,True,False,Tier3_보조신호
1143416640,Q1_저가,0.0297983623112618,-0.1297728544405156,False,True,False,Tier3_보조신호
1354900416,Q1_저가,0.0274688248636016,-0.1302690572517438,False,True,False,Tier3_보조신호
731059840,Q2,0.0339857398404466,-0.1369124718720545,False,True,False,Tier3_보조신호
70988288,Q1_저가,0.0369022916293457,-0.1462632797307886,False,True,False,Tier3_보조신호
1206683968,Q1_저가,0.0361138015136541,-0.1529738598161494,False,True,False,Tier3_보조신호
1242939072,Q4_고가,-0.0101944291389098,0.2276189833839747,False,True,True,비타겟
895126528,Q4_고가,-0.0011575855813344,0.1910755955661636,False,True,True,비타겟
998223616,Q4_고가,-0.0218786297211655,0.1808040044130658,False,True,True,비타겟
1149699200,Q4_고가,-0.0218247146618797,0.1790335248409279,False,True,True,비타겟
1018615488,Q4_고가,-0.0304522055856872,0.1784292281052769,False,True,True,비타겟
1291764864,Q4_고가,-0.0142822404884329,0.1770116780158337,False,True,True,비타겟
1448225664,Q4_고가,-0.0245449120113869,0.1755274368669168,False,True,True,비타겟
106256000,Q4_고가,-0.0105780945776943,0.1752065060466123,False,True,True,비타겟
280135360,Q4_고가,-0.0094299950899755,0.1747881746188702,False,True,True,비타겟
902758400,Q4_고가,0.0033530292040442,0.170545970946956,False,True,True,비타겟
66205376,Q4_고가,-0.0024398205308602,0.1663382808961711,False,True,True,비타겟
826315328,Q4_고가,0.0055977315914713,0.1616820744448784,False,True,True,비타겟
334324992,Q4_고가,-0.0189944570621085,0.1608437519548027,False,True,True,비타겟
185432960,Q4_고가,-0.0018555755494938,0.1553698066596123,False,True,True,비타겟
742914112,Q4_고가,0.020118171997681,0.1543585971017387,False,True,True,비타겟
166770880,Q4_고가,0.0047045865554953,0.1508887815413769,False,True,True,비타겟
1061342464,Q4_고가,-0.0137885581372038,0.1506684611551983,False,True,True,비타겟
1180781632,Q4_고가,0.0212341588887183,0.144402224159895,False,True,True,비타겟
1222949952,Q4_고가,-0.0192352229980809,0.1441054700991585,False,True,True,비타겟
607101312,Q4_고가,0.0080829768731927,0.1404924052352261,False,True,True,비타겟
743192512,Q4_고가,-0.0306459471205122,0.138592913025934,False,True,True,비타겟
1549533568,Q4_고가,0.0057315857787925,0.1379952484383083,False,True,True,비타겟
1057554368,Q4_고가,-0.0055592662179991,0.1365369481287918,False,True,True,비타겟
1205299392,Q4_고가,0.0057199980160668,0.134876065504548,False,True,True,비타겟
58037120,Q4_고가,0.0086354804591437,0.1338501080510616,False,True,True,비타겟
1279576512,Q4_고가,-0.0082065625280106,0.1297115394914078,False,True,True,비타겟
752149568,Q4_고가,-0.0077865703622068,0.1288108830935872,False,True,True,비타겟
900857856,Q4_고가,-0.0023411986397461,0.1274920380602788,False,True,True,비타겟
1176241856,Q4_고가,0.0236768554782887,0.125944691104047,False,True,True,비타겟
762608128,Q4_고가,0.0085973891387525,0.1257154910700587,False,True,True,비타겟
249572608,Q4_고가,-0.0011083610978381,0.1250250474172736,False,True,True,비타겟
1553601920,Q4_고가,0.0082217637843202,0.122671818790377,False,True,True,비타겟
993041664,Q4_고가,0.0036778657903694,0.1218407036562234,False,True,True,비타겟
1355279040,Q4_고가,-0.0183067961660026,0.1177273166276383,False,True,True,비타겟
233373440,Q4_고가,0.0025664079593388,0.1169564287024618,False,True,True,비타겟
438459584,Q4_고가,0.0087610241557638,0.1146282493202758,False,True,True,비타겟
568867712,Q4_고가,0.0109549339448939,0.1125892896544009,False,True,True,비타겟
1058291200,Q4_고가,0.0116375096325105,0.1111787107071374,False,True,True,비타겟
1530559680,Q4_고가,0.0201536820524675,0.1102275333240244,False,True,True,비타겟
1399576192,Q4_고가,-0.0062006496841206,0.1100041143295664,False,True,True,비타겟
399893760,Q4_고가,0.010084322133459,0.1077350293494264,False,True,True,비타겟
1532356288,Q4_고가,0.0177511969868927,0.1050178323829378,False,True,True,비타겟
938811200,Q4_고가,-0.0084326120124095,0.0991642524274686,False,True,True,비타겟
170514432,Q4_고가,0.0062893985296214,0.0988869566267223,False,True,True,비타겟
464579072,Q4_고가,-0.0027060848438044,0.0952571728619715,False,True,True,비타겟
1266426752,Q4_고가,-0.0150332820541405,0.0940981819677352,False,True,True,비타겟
827401088,Q4_고가,0.0041406725817528,0.0940618114467187,False,True,True,비타겟
591522048,Q4_고가,0.0097395696634565,0.09201516873805,False,True,True,비타겟
744423040,Q4_고가,0.0218240948201557,0.091640008038053,False,True,True,비타겟
507378432,Q4_고가,-0.0152057306711796,0.0891614275779351,False,True,True,비타겟
1099845184,Q4_고가,0.0052880774757842,0.088933216542403,False,True,True,비타겟
727854528,Q4_고가,0.014796959958515,0.0887390925041472,False,True,True,비타겟
300610752,Q4_고가,-0.0067424944552414,0.085533568224802,False,True,True,비타겟
1480469952,Q4_고가,0.0205323706103072,0.0853744376081837,False,True,True,비타겟
676382080,Q4_고가,-0.0021948785305995,0.0842173995324104,False,True,True,비타겟
718359232,Q4_고가,0.0224566796406376,0.0839699263402654,False,True,True,비타겟
263284736,Q4_고가,0.0236355504897372,0.0819475956008441,False,True,True,비타겟
605271296,Q4_고가,-0.0274594910148748,0.081391269728511,False,True,True,비타겟
359015360,Q4_고가,0.0079308785552692,0.0806332774210578,False,True,True,비타겟
1467294208,Q4_고가,0.0193419883876313,0.0804825043850378,False,True,True,비타겟
1012941696,Q4_고가,-0.0382955914800439,0.0803612299405471,False,True,True,비타겟
483341376,Q4_고가,-0.0161486052052833,0.0794112797833458,False,True,True,비타겟
1539772864,Q4_고가,-0.01817826648641,0.0793532869757076,False,True,True,비타겟
1073183744,Q4_고가,0.0137467469082132,0.078754434072485,False,True,True,비타겟
800219968,Q4_고가,0.0177724842081749,0.0783251248558627,False,True,True,비타겟
1559210752,Q4_고가,0.0068485089115793,0.0776231262909753,False,True,True,비타겟
883259264,Q4_고가,0.023967736670945,0.0754670161665617,False,True,True,비타겟
907381696,Q4_고가,-0.0107232484312729,0.0746097460465969,False,True,True,비타겟
556323008,Q4_고가,0.0255751281612234,0.0745547521211614,False,True,True,비타겟
747461312,Q4_고가,0.0122982708918821,0.0745423186061779,False,True,True,비타겟
746243776,Q4_고가,0.0222336223842145,0.0730861757668994,False,True,True,비타겟
473775552,Q4_고가,0.0216295082612604,0.0729987123987871,False,True,True,비타겟
357539840,Q4_고가,0.0250775391490927,0.0729811408123384,False,True,True,비타겟
267705728,Q4_고가,0.0261919696535095,0.0727232583549644,False,True,True,비타겟
1250095808,Q4_고가,-0.0171479490146027,0.0727015670398474,False,True,True,비타겟
957584640,Q4_고가,-0.0071370642828583,0.0725248191333265,False,True,True,비타겟
210262528,Q4_고가,0.0128354017922813,0.0721909214893187,False,True,True,비타겟
1602403584,Q4_고가,0.0141803850279272,0.0717487081119084,False,True,True,비타겟
1337110656,Q4_고가,-0.0136252182633004,0.0716064818992434,False,True,True,비타겟
748582336,Q4_고가,0.0190110034023217,0.0715822940612894,False,True,True,비타겟
1577486784,Q4_고가,0.0257042575192637,0.0713794763851512,False,True,True,비타겟
37188672,Q4_고가,0.0219076733925424,0.0704004001172279,False,True,True,비타겟
763515712,Q4_고가,0.0171409326159812,0.0698316158329815,False,True,True,비타겟
74824640,Q4_고가,-0.0071899206116405,0.0692352669110758,False,True,True,비타겟
818987840,Q4_고가,-0.0125051170612263,0.069181559009883,False,True,True,비타겟
1551525056,Q4_고가,-0.0108815358530598,0.0687579158529963,False,True,True,비타겟
1411181760,Q4_고가,0.0244855485397373,0.0675138995244934,False,True,True,비타겟
590967104,Q4_고가,-0.0073299702808183,0.0672838139311967,False,True,True,비타겟
218091136,Q4_고가,-0.0046517762726359,0.067043040557241,False,True,True,비타겟
1525448256,Q4_고가,-0.0129438870757402,0.0670304701596407,False,True,True,비타겟
372890816,Q4_고가,0.0171654761222355,0.0669209414834274,False,True,True,비타겟
559483776,Q4_고가,0.0181265619960556,0.0668845884600793,False,True,True,비타겟
273741440,Q4_고가,0.0009963657495938,0.0668698522546593,False,True,True,비타겟
473229888,Q4_고가,-0.0064008476085358,0.0668179619193282,False,True,True,비타겟
484141312,Q4_고가,0.010302653486322,0.0667521587971513,False,True,True,비타겟
392679488,Q4_고가,0.0219725196115275,0.0657635836247816,False,True,True,비타겟
1203105600,Q4_고가,-0.0072331478014146,0.0649118986522475,False,True,True,비타겟
1113384704,Q4_고가,-0.0065676207241844,0.0647770817163236,False,True,True,비타겟
886472000,Q4_고가,0.0142169569669159,0.064375698197725,False,True,True,비타겟
879426624,Q4_고가,0.0172873195130192,0.0639020941098914,False,True,True,비타겟
336190272,Q4_고가,0.0243293132925616,0.0628603542389925,False,True,True,비타겟
768042496,Q4_고가,0.0233941793654285,0.0628498222384557,False,True,True,비타겟
1140790400,Q4_고가,0.015966524543026,0.0623155962205755,False,True,True,비타겟
1488085120,Q4_고가,0.0180865184123216,0.0621576617475879,False,True,True,비타겟
743105280,Q4_고가,0.0227909455580754,0.061599170713503,False,True,True,비타겟
930952896,Q4_고가,0.0205529968439494,0.0614506608900065,False,True,True,비타겟
1043070144,Q4_고가,0.0215301208036353,0.0609169283464557,False,True,True,비타겟
530257344,Q4_고가,-0.0389118995169604,0.060822487415643,False,True,True,비타겟
763066560,Q4_고가,0.0183507568094834,0.0606041645172496,False,True,True,비타겟
1524728128,Q4_고가,-0.0176766325877208,0.0601735859201245,False,True,True,비타겟
1193567616,Q4_고가,0.0202630221606344,0.0600729172342262,False,True,True,비타겟
849448512,Q4_고가,0.0092912366945594,0.060030494517031,False,True,True,비타겟
857195456,Q4_고가,-0.0069713401876507,0.059899806801843,False,True,True,비타겟
975008768,Q4_고가,0.0101159341170955,0.0595782879850935,False,True,True,비타겟
210969664,Q4_고가,0.0209358916905522,0.0595330132626938,False,True,True,비타겟
422694720,Q4_고가,-0.0217692966394299,0.0594971888486184,False,True,True,비타겟
819238400,Q4_고가,0.0218391053681037,0.0590623988906671,False,True,True,비타겟
1128371904,Q4_고가,0.0039908213883482,0.0587757872561995,False,True,True,비타겟
764352768,Q4_고가,0.025678951738651,0.0583351934228817,False,True,True,비타겟
549619136,Q4_고가,-0.0103616775082065,0.0582705922171106,False,True,True,비타겟
89023040,Q4_고가,0.0245904123117082,0.0581281155349501,False,True,True,비타겟
457400064,Q4_고가,0.010856684200411,0.0579908168832846,False,True,True,비타겟
1641019520,Q4_고가,0.0041458816651056,0.0579358814355945,False,True,True,비타겟
575939072,Q4_고가,0.0096004405163751,0.0578258134145972,False,True,True,비타겟
120159296,Q4_고가,0.0182937339730187,0.0577670371182635,False,True,True,비타겟
543720768,Q4_고가,0.0207293758617181,0.0577285415067743,False,True,True,비타겟
1009894144,Q4_고가,0.0170554995577095,0.0575604104338993,False,True,True,비타겟
886169472,Q4_고가,0.0129460898496144,0.0569043936804346,False,True,True,비타겟
418615232,Q4_고가,-0.0060203160123232,0.0567551366245589,False,True,True,비타겟
413771072,Q4_고가,-0.0171093321099097,0.0565520674099804,False,True,True,비타겟
817065024,Q4_고가,0.020654494918408,0.0560820825141132,False,True,True,비타겟
753446912,Q4_고가,-0.0157265669211599,0.0560136529775266,False,True,True,비타겟
768953792,Q4_고가,0.0216076183402551,0.0557690991731026,False,True,True,비타겟
1551350592,Q4_고가,-0.0184736594608194,0.0557212167454819,False,True,True,비타겟
1456026432,Q4_고가,-0.0003196274097263,0.0557070537880297,False,True,True,비타겟
743728896,Q4_고가,0.0220566032377481,0.0556141265974282,False,True,True,비타겟
753138816,Q4_고가,0.0136880085901169,0.0554888511060126,False,True,True,비타겟
1335005952,Q4_고가,0.0233626633642452,0.055331121506047,False,True,True,비타겟
1376851328,Q4_고가,0.0253522840176128,0.0551537737916429,False,True,True,비타겟
501771456,Q4_고가,0.0211000864593499,0.0549526677454516,False,True,True,비타겟
882292288,Q4_고가,0.0215723873466173,0.0547543464122419,False,True,True,비타겟
637883072,Q4_고가,0.0256865177991252,0.0547143625911052,False,True,True,비타겟
574844032,Q4_고가,0.0224287633627896,0.054555598145214,False,True,True,비타겟
1061958656,Q4_고가,-0.0457297275494934,0.0545197853245914,False,True,True,비타겟
315245312,Q4_고가,-0.0117529526826202,0.0542888322797208,False,True,True,비타겟
489005888,Q4_고가,-0.0051512477361513,0.054267484419304,False,True,True,비타겟
1040785408,Q4_고가,0.0076773037877243,0.0538024838983438,False,True,True,비타겟
384585472,Q4_고가,0.0240283354618052,0.0534980138361548,False,True,True,비타겟
1332325888,Q4_고가,0.0195189257966283,0.0534904098639386,False,True,True,비타겟
25145088,Q4_고가,-0.0184144164441095,0.0533949077223787,False,True,True,비타겟
689238592,Q4_고가,0.0107899617401799,0.0533278085690245,False,True,True,비타겟
1129719360,Q4_고가,-0.0145780669254045,0.0532754022010133,False,True,True,비타겟
591909952,Q4_고가,-0.0106785142985947,0.0530969332944092,False,True,True,비타겟
1005230016,Q4_고가,-0.020600990267452,0.0530606763687488,False,True,True,비타겟
1492539520,Q4_고가,-0.0052887725857511,0.0530149034237428,False,True,True,비타겟
323283648,Q4_고가,0.0196332184930142,0.0529959236292685,False,True,True,비타겟
761299648,Q4_고가,-0.0061632262271261,0.0528738480937143,False,True,True,비타겟
943434496,Q4_고가,0.0166527245712647,0.0528324598873033,False,True,True,비타겟
108843264,Q4_고가,0.0194608897525843,0.052699579011571,False,True,True,비타겟
761346048,Q4_고가,0.0113110232014325,0.0524040578868409,False,True,True,비타겟
130805312,Q4_고가,-0.011070246319433,0.0521420722379379,False,True,True,비타겟
449710656,Q4_고가,0.0115439099613174,0.0521304565560627,False,True,True,비타겟
329996800,Q4_고가,0.0181182100608446,0.0519935153415568,False,True,True,비타겟
308134976,Q4_고가,-0.0050726472620961,0.0518856880793228,False,True,True,비타겟
1616694784,Q4_고가,0.0154864208530227,0.0517347363686996,False,True,True,비타겟
1480872704,Q4_고가,0.0150035549592069,0.0510577413960893,False,True,True,비타겟
873481856,Q4_고가,0.0262704871319697,0.0509553253546528,False,True,True,비타겟
769521728,Q4_고가,0.020127073268799,0.0509360993158675,False,True,True,비타겟
1099288384,Q4_고가,0.0117070596463982,0.0508870047258792,False,True,True,비타겟
1158056768,Q4_고가,-0.0146764089591944,0.0507714631422624,False,True,True,비타겟
1437343936,Q4_고가,0.0067753838217488,0.0501421331791618,False,True,True,비타겟
315438336,Q4_고가,0.0130989017893473,0.0498541233652065,False,True,True,비타겟
745176576,Q4_고가,0.0182779203310686,0.049493703447474,False,True,True,비타겟
1185655488,Q4_고가,0.018502727383632,0.0492321631738745,False,True,True,비타겟
709159040,Q4_고가,0.010163828976673,0.0490965774039918,False,True,True,비타겟
594211392,Q4_고가,-0.0336384038775765,0.0488989983671792,False,True,True,비타겟
396870336,Q4_고가,0.0071154036082614,0.048633168144647,False,True,True,비타겟
452323904,Q4_고가,-0.0077849323963327,0.0483390673525744,False,True,True,비타겟
1356710016,Q4_고가,-0.0075306127218126,0.0483256709859695,False,True,True,비타겟
202378240,Q4_고가,-0.0155493377957179,0.0481251263764293,False,True,True,비타겟
1293407424,Q4_고가,0.0185626771436137,0.0475653463996514,False,True,True,비타겟
1297414528,Q4_고가,-0.0102602559049817,0.0475602320537373,False,True,True,비타겟
18942336,Q4_고가,0.0111402774779924,0.0473813242508233,False,True,True,비타겟
748762368,Q4_고가,-0.0106487762895303,0.047322767526746,False,True,True,비타겟
79401536,Q4_고가,-0.0123532058513328,0.0468937980872357,False,True,True,비타겟
1366576512,Q4_고가,-0.0032960309236967,0.0467162994744531,False,True,True,비타겟
1137418048,Q4_고가,-0.0104805986504051,0.0466928450311012,False,True,True,비타겟
475885824,Q4_고가,-0.0414980062186014,0.0466878098871736,False,True,True,비타겟
764332352,Q4_고가,0.0076687143655891,0.0464065232183626,False,True,True,비타겟
944433024,Q4_고가,-0.0067251399839955,0.0459888687042932,False,True,True,비타겟
112479168,Q4_고가,0.0246514786879176,0.0459493812950334,False,True,True,비타겟
375273920,Q4_고가,0.0065842386041183,0.0459006357251678,False,True,True,비타겟
79761600,Q4_고가,0.0091499535993429,0.0458918633997184,False,True,True,비타겟
745211840,Q4_고가,0.0250599419369824,0.0456980147941784,False,True,True,비타겟
1005389632,Q4_고가,0.0191017737181542,0.0456264577381102,False,True,True,비타겟
1257315648,Q4_고가,-0.0116134694147601,0.0455439188392753,False,True,True,비타겟
1584760448,Q4_고가,-0.0071166565448754,0.0454106932459165,False,True,True,비타겟
859294592,Q4_고가,-0.0112088542172304,0.0453356505673107,False,True,True,비타겟
48398912,Q4_고가,-0.0071986522200393,0.0453043685711467,False,True,True,비타겟
540645376,Q4_고가,-0.0162291765318484,0.0448163368196253,False,True,True,비타겟
1104952896,Q4_고가,-0.0441486732465837,0.0446830092747415,False,True,True,비타겟
748294656,Q4_고가,0.0065825151344222,0.0445403924300347,False,True,True,비타겟
1096129472,Q4_고가,0.0165274394399215,0.0442236892028723,False,True,True,비타겟
1121217024,Q4_고가,-0.0139832807547147,0.0440852339033406,False,True,True,비타겟
501563584,Q4_고가,0.0077311735615526,0.04394432046992,False,True,True,비타겟
790728384,Q4_고가,-0.0082234366688715,0.0438623530342391,False,True,True,비타겟
1375923328,Q4_고가,-0.038291450847434,0.0434869923468232,False,True,True,비타겟
1454988928,Q4_고가,0.0203785413011945,0.0434776938584891,False,True,True,비타겟
801701056,Q4_고가,0.0255113704854131,0.0434339170923077,False,True,True,비타겟
1245823296,Q4_고가,-0.0081497573870166,0.0433838942898425,False,True,True,비타겟
767203584,Q4_고가,-0.0112865300153629,0.0433822411209121,False,True,True,비타겟
350334848,Q3,-0.0060280275104928,0.0433079098730664,False,False,False,비타겟
1453082816,Q4_고가,0.0286321728972684,0.0433074734528743,False,True,True,비타겟
1006167296,Q2,0.0187874476937138,0.0433060208911015,False,False,False,비타겟
815374208,Q2,-0.0125324341137475,0.0433056252414604,False,False,False,비타겟
918107520,Q2,-0.0112708022326499,0.0432903149089984,False,False,False,비타겟
1338393152,Q1_저가,-0.0109212675633088,0.0432805928271755,False,False,False,비타겟
384906560,Q1_저가,-0.0113595907305376,0.0432624092371775,False,False,False,비타겟
1493450816,Q2,-0.0114291291597053,0.0432398350448234,False,False,False,비타겟
349618432,Q2,-0.0126035438510396,0.0432122259782049,False,False,False,비타겟
752474368,Q4_고가,0.0176285149860398,0.0432109779035262,False,False,False,비타겟
715408192,Q1_저가,-0.0105293475162206,0.0432050363889056,False,False,False,비타겟
558490816,Q1_저가,-0.0110454917129331,0.0432015601946161,False,False,False,비타겟
236047936,Q3,-0.0130684847837371,0.0432000503232962,False,False,False,비타겟
106757120,Q3,-0.0122456167127769,0.0431871201436005,False,False,False,비타겟
449736640,Q1_저가,-0.0152259768437766,0.0431792049233327,False,False,False,비타겟
192021760,Q1_저가,0.0177131884313401,0.0431303912138007,False,False,False,비타겟
477561792,Q4_고가,-0.0069635342734954,0.0431048222595206,False,False,True,비타겟
1331329216,Q1_저가,-0.0102849737403709,0.0430117919221707,False,False,False,비타겟
1636303424,Q4_고가,0.0228958937963158,0.043006057172092,False,False,False,비타겟
1610261888,Q2,-0.0100862222910389,0.042993416163003,False,False,False,비타겟
266662656,Q4_고가,0.0225338249333026,0.0429915299085757,False,False,True,비타겟
484675840,Q4_고가,0.0228934774625888,0.0429368322873253,False,False,True,비타겟
669206784,Q3,-0.0127570831196699,0.0429276006755493,False,False,False,비타겟
1563563072,Q1_저가,-0.0123019448841336,0.0429256157028106,False,False,False,비타겟
1119919680,Q1_저가,-0.0068570123589854,0.042887696226167,False,False,False,비타겟
767114496,Q1_저가,-0.0118133006944529,0.0428827500947496,False,False,False,비타겟
1378510592,Q4_고가,0.0165587741991718,0.0428747952124286,False,False,False,비타겟
628307968,Q1_저가,-0.0113954842925644,0.0428630840399457,False,False,False,비타겟
1584209216,Q1_저가,-0.0109929247523508,0.0428559452077495,False,False,False,비타겟
1061400000,Q1_저가,-0.0104701011207496,0.0428526446107911,False,False,False,비타겟
472212800,Q3,0.0146567371044119,0.0428237905448622,False,False,False,비타겟
1158294336,Q3,-0.0324175884559489,0.0428155966932804,False,False,False,비타겟
288873408,Q1_저가,-0.0102348681851211,0.0428141286586211,False,False,False,비타겟
1626891648,Q4_고가,0.007216079809443,0.0428071742101614,False,False,False,비타겟
1398195328,Q1_저가,-0.010793516906636,0.0428008966601011,False,False,False,비타겟
184803776,Q1_저가,-0.0073665748241699,0.0427916094577217,False,False,False,비타겟
120875712,Q2,0.0164645678071518,0.0427490248113847,False,False,False,비타겟
1075878656,Q1_저가,-0.0066290635233154,0.042746622580484,False,False,False,비타겟
1390938368,Q4_고가,0.0145046662743119,0.0427416103648436,False,False,True,비타겟
1316934080,Q4_고가,0.0200998038487285,0.0427161603010911,False,False,True,비타겟
896791360,Q3,-0.0135839378484317,0.0427043093252524,False,False,False,비타겟
259570880,Q1_저가,-0.0051465834198089,0.042690695099952,False,False,False,비타겟
603383744,Q3,-0.0063727573416993,0.0426625218673701,False,False,False,비타겟
1232135296,Q3,-0.0123934960188913,0.0426022035857455,False,False,False,비타겟
827597824,Q1_저가,0.0003761237881768,0.0426004241665811,False,False,False,비타겟
268895424,Q3,-0.0136641165944582,0.0425661752576585,False,False,False,비타겟
1149808704,Q1_저가,-0.0110358124036501,0.0425533659097732,False,False,False,비타겟
643078016,Q3,-0.0119222699444937,0.0425507261577002,False,False,False,비타겟
994723200,Q1_저가,-0.0115600863445756,0.0425418979855928,False,False,False,비타겟
1520531712,Q2,0.0206336708940472,0.042531507725367,False,False,False,비타겟
553874944,Q1_저가,-0.0121482933107854,0.0425163225136276,False,False,False,비타겟
391779328,Q1_저가,-0.0105775185997903,0.0424793446939245,False,False,False,비타겟
865033344,Q2,-0.0128188213353559,0.0424764185060405,False,False,False,비타겟
1561083456,Q3,0.008108123956614,0.0424678888950864,False,False,False,비타겟
1108770688,Q4_고가,0.0091168169296502,0.0424629926031416,False,False,True,비타겟
639557184,Q4_고가,-0.007506573206472,0.0424585355528521,False,False,True,비타겟
1610048448,Q4_고가,0.0218241592979073,0.0424417533167286,False,False,True,비타겟
619128192,Q1_저가,-0.0111105529606429,0.0424341023088224,False,False,False,비타겟
669095424,Q2,-0.0126888545101258,0.0424314175671369,False,False,False,비타겟
140189248,Q1_저가,-0.0120705163138202,0.0424129695824096,False,False,False,비타겟
722893440,Q1_저가,-0.0040238529966747,0.0423968631517873,False,False,False,비타겟
639726080,Q1_저가,-0.0120090000942966,0.0423902118945404,False,False,False,비타겟
606635456,Q2,-0.0102332186481745,0.0423615066268309,False,False,False,비타겟
1105600640,Q4_고가,-0.0118070648590648,0.0423361155330143,False,False,False,비타겟
595690624,Q3,-0.0007964384196698,0.0423341639694594,False,False,False,비타겟
1234061824,Q1_저가,-0.0120552493956083,0.0422856327474061,False,False,False,비타겟
53905664,Q4_고가,0.021546611988459,0.0422696087916251,False,False,False,비타겟
1530260864,Q1_저가,-0.0089844428995882,0.0422693192989905,False,False,False,비타겟
1157828480,Q2,0.0108659727153754,0.0422671384405672,False,False,False,비타겟
824340544,Q4_고가,0.0137719341035777,0.0422465015147228,False,False,False,비타겟
131544000,Q1_저가,-0.0107230912470408,0.0422430735827368,False,False,False,비타겟
1083350912,Q3,-0.0105513112542999,0.0422331456119558,False,False,False,비타겟
387733248,Q4_고가,-0.0140084523106278,0.0422230838360461,False,False,True,비타겟
195538880,Q2,-0.0113144469015851,0.0422101216660074,False,False,False,비타겟
110320640,Q2,-0.0113097347662449,0.0421484344221969,False,False,False,비타겟
1576233984,Q4_고가,-0.0005368040268818,0.0421343108294866,False,False,False,비타겟
303170176,Q1_저가,-0.0119685286307241,0.0421044173916779,False,False,False,비타겟
627498752,Q1_저가,-0.0118133006944529,0.0420990421131998,False,False,False,비타겟
1573236544,Q2,-0.0123122739026449,0.0420681107954404,False,False,False,비타겟
761182720,Q1_저가,-0.0092723664019313,0.0420606522438143,False,False,False,비타겟
572499904,Q4_고가,0.0294690835221744,0.0420437226297987,False,True,True,비타겟
579743872,Q4_고가,-0.0066458399712481,0.0420400172163139,False,False,True,비타겟
1396200128,Q1_저가,-0.0111014293843731,0.0420360639359561,False,False,False,비타겟
1370782208,Q4_고가,0.0151505001490597,0.0420304026586675,False,False,True,비타겟
1136228352,Q1_저가,-0.0124085044367558,0.0420232815901938,False,False,False,비타겟
39287808,Q4_고가,-0.013273318143397,0.0420083302198227,False,False,False,비타겟
1317199488,Q1_저가,-0.0123392273984336,0.0419999001121963,False,False,False,비타겟
936376128,Q1_저가,0.0185180935849003,0.0419973600815158,False,False,False,비타겟
863080832,Q1_저가,-0.0113304097110387,0.0419964189196572,False,False,False,비타겟
412054272,Q4_고가,0.0391632160554724,0.0419851756714363,False,True,True,비타겟
266942912,Q1_저가,0.0120415632091297,0.0419769030765998,False,False,False,비타겟
316028544,Q4_고가,-0.0159924874555527,0.0419655989621894,False,False,True,비타겟
407106176,Q3,0.0240153069972212,0.0419654668673155,False,False,False,비타겟
925854464,Q1_저가,-0.0143611512707723,0.0419556459944375,False,False,False,비타겟
83642496,Q4_고가,-0.0073523901799524,0.0419298706699123,False,False,True,비타겟
515437184,Q1_저가,-0.0109303280024075,0.0419192334569276,False,False,False,비타겟
743697344,Q3,-0.0079707984907069,0.0419146853775108,False,False,False,비타겟
1513040896,Q1_저가,-0.0094680660218078,0.0419051546403607,False,False,False,비타겟
1442624256,Q3,-0.0138836350009425,0.0418902735782303,False,False,False,비타겟
593777088,Q2,0.0244316242276201,0.0418863420656611,False,False,False,비타겟
1569682304,Q2,-0.0054015606050341,0.0418769277908602,False,False,False,비타겟
183714304,Q1_저가,-0.0116000424932828,0.0418607807115625,False,False,False,비타겟
272360576,Q1_저가,-0.006091370760989,0.0418273990433085,False,False,False,비타겟
1355342144,Q1_저가,-0.0113799084549052,0.0418215258520602,False,False,False,비타겟
1074917248,Q4_고가,-0.0139835892845646,0.0418206466097468,False,False,True,비타겟
864432000,Q3,-0.0136672803314802,0.0418051300714941,False,False,False,비타겟
349401280,Q1_저가,-0.0061610779124801,0.0417927980006853,False,False,False,비타겟
567900736,Q2,-0.0118928322082341,0.0417746619104179,False,False,False,비타겟
433125440,Q1_저가,-0.0103672938795802,0.0417035619662692,False,False,False,비타겟
267343808,Q1_저가,-0.0095901180478799,0.0416982173641004,False,False,False,비타겟
1403702080,Q3,-0.0177689094038473,0.0416953110454871,False,False,False,비타겟
610924672,Q4_고가,0.0310609445389224,0.0416291122783661,False,True,True,비타겟
1323482048,Q4_고가,0.0183193267755222,0.0416114664827307,False,False,True,비타겟
443387264,Q4_고가,-0.0115952346564868,0.041607191826333,False,False,False,비타겟
461965824,Q4_고가,0.0286737154737188,0.0415786561227624,False,True,True,비타겟
1546530560,Q1_저가,-0.007077319738937,0.041575795856461,False,False,False,비타겟
1200661248,Q4_고가,-0.0083371805735091,0.0415728907854545,False,False,True,비타겟
732132608,Q1_저가,-0.0094501205270273,0.0415649576263905,False,False,False,비타겟
767604480,Q1_저가,-0.0104609921902028,0.0415329553912412,False,False,False,비타겟
1265094144,Q2,0.0244362724705817,0.0415021342699803,False,False,False,비타겟
745627584,Q4_고가,0.025886976493562,0.0414759329565405,False,False,False,비타겟
745076352,Q2,-0.0128570695113593,0.0414507133354558,False,False,False,비타겟
746676224,Q4_고가,0.0114772911325629,0.041438006054334,False,False,False,비타겟
518777984,Q1_저가,-0.0099323732056478,0.0414362887304821,False,False,False,비타겟
1456063552,Q4_고가,0.015088692585802,0.0413849783885855,False,False,False,비타겟
1123097152,Q4_고가,-0.0224286252687198,0.0413768499776977,False,False,True,비타겟
713698816,Q2,-0.013204954042868,0.0413588726809042,False,False,False,비타겟
942842432,Q1_저가,-0.0118989816893168,0.0413521847341425,False,False,False,비타겟
1192457728,Q4_고가,-0.0056335896598774,0.041340523491399,False,False,False,비타겟
669685632,Q4_고가,0.0152425999330936,0.0413392967142128,False,False,True,비타겟
472387264,Q3,-0.0135349089274387,0.0413361292144843,False,False,False,비타겟
1161349312,Q1_저가,-0.0097238928203163,0.0413298104575932,False,False,False,비타겟
1115803072,Q4_고가,0.0706183792156618,0.0413192928677738,False,True,True,비타겟
1009495104,Q1_저가,0.025024564459751,0.0413111888347873,False,False,False,비타겟
1300677376,Q2,-0.0126930133471971,0.0413026557782774,False,False,False,비타겟
1090537344,Q4_고가,-0.014028204996018,0.0413007079076059,False,False,True,비타겟
1126959488,Q3,-0.0029935456434375,0.0412953097064829,False,False,False,비타겟
824865792,Q1_저가,-0.0113201980564487,0.0412925927312147,False,False,False,비타겟
1500505472,Q1_저가,-0.012328973738401,0.0412892476296337,False,False,False,비타겟
595068864,Q4_고가,0.0239198587775638,0.0412889931269802,False,False,True,비타겟
772947904,Q4_고가,-0.0155472304109748,0.0412856683638327,False,False,True,비타겟
836584576,Q4_고가,-0.0062531345344386,0.0412355955068718,False,False,True,비타겟
602522560,Q3,-0.0056579419665752,0.0412136902402367,False,False,False,비타겟
811311424,Q1_저가,-0.0109193589919429,0.0412111699597009,False,False,False,비타겟
445272960,Q1_저가,-0.0186298791412162,0.0411973999767383,False,False,False,비타겟
910826432,Q2,0.002030269959492,0.0411828761480013,False,False,False,비타겟
709921856,Q4_고가,-0.0176973538760352,0.0411711799348813,False,False,False,비타겟
1584201792,Q3,-0.0121330688580989,0.0411544630392844,False,False,False,비타겟
1044441728,Q1_저가,-0.010484738488683,0.041146460116753,False,False,False,비타겟
1565495168,Q2,-0.035017588573572,0.0411387400199102,False,False,False,비타겟
1138687552,Q4_고가,0.1123194897821304,0.0411325772072467,False,True,True,비타겟
1354813184,Q4_고가,-0.0010443443980007,0.0411066615943728,False,False,True,비타겟
932571328,Q2,-0.0110414465124929,0.0411053928743175,False,False,False,비타겟
758330048,Q2,0.017697433277702,0.0410895172601067,False,False,False,비타겟
103700288,Q4_고가,0.0188604480510242,0.0410893108488553,False,False,False,비타겟
454382208,Q1_저가,-0.0116125446360091,0.041084388123973,False,False,False,비타겟
1463868032,Q1_저가,-0.011568418459375,0.0410832762839991,False,False,False,비타겟
453361408,Q3,-0.010797101940068,0.0410819414491901,False,False,False,비타겟
746778304,Q3,-0.0136262212458202,0.0410712717045221,False,False,False,비타겟
1453999680,Q1_저가,0.0058100186750658,0.0410524450292321,False,False,False,비타겟
1171527616,Q1_저가,-0.0110287117082326,0.0410510613915827,False,False,False,비타겟
587258816,Q1_저가,-0.0118147382095643,0.0410457865465591,False,False,False,비타겟
1213283904,Q3,-0.0135868129203055,0.0410455615796118,False,False,False,비타겟
598905216,Q3,0.0199727010406131,0.0410365581443264,False,False,False,비타겟
128208768,Q1_저가,-0.0087513854733078,0.0410272940234817,False,False,False,비타겟
935999360,Q3,0.0155885696404538,0.0410266186332988,False,False,False,비타겟
333218816,Q4_고가,0.0135261047564723,0.0409815174946877,False,False,False,비타겟
1372942592,Q1_저가,-0.0073834025479431,0.0409473595733404,False,False,False,비타겟
480824640,Q1_저가,-0.0089311080601588,0.0409447178103931,False,False,False,비타겟
1244069376,Q1_저가,-0.0102074801387824,0.0409311984671466,False,False,False,비타겟
1514820800,Q2,-0.0114240774227972,0.0409032468509379,False,False,False,비타겟
1482314816,Q4_고가,0.0200243884257418,0.040876575297734,False,False,False,비타겟
595575552,Q4_고가,-0.0379759796395495,0.0408712380782092,False,False,False,비타겟
1119624576,Q2,0.0255749110344186,0.040867422072599,False,False,False,비타겟
1089199168,Q1_저가,0.0091482143314711,0.0408508568538792,False,False,False,비타겟
73545856,Q4_고가,0.0262841652601605,0.0408482760362158,False,False,True,비타겟
743316864,Q1_저가,-0.0104096533622304,0.0408274037339869,False,False,False,비타겟
1248557184,Q2,-0.0042036832052563,0.0408212109634885,False,False,False,비타겟
973484992,Q1_저가,-0.0118161106004749,0.0408114280797695,False,False,False,비타겟
1241509952,Q3,0.0177958119806393,0.0408022207469574,False,False,False,비타겟
579432064,Q1_저가,-0.0206671372586255,0.040796958266262,False,False,False,비타겟
727366400,Q2,-0.0126553497676656,0.0407547641240872,False,False,False,비타겟
840257600,Q3,0.0252330040458031,0.0407398375550234,False,False,False,비타겟
1296789056,Q1_저가,-0.0101298132969296,0.0407314262495032,False,False,False,비타겟
786981120,Q3,-0.0134981243721456,0.0407206356265277,False,False,False,비타겟
262367872,Q3,-0.0038657946755538,0.0407205412007092,False,False,False,비타겟
561226560,Q1_저가,-0.0122489291621158,0.0407095810029234,False,False,False,비타겟
1523638656,Q1_저가,0.0066243292492611,0.0407095057428792,False,False,False,비타겟
266658944,Q2,0.0091046235973781,0.0406870703507753,False,False,False,비타겟
1471440512,Q1_저가,-0.0102484644259926,0.0406754708488184,False,False,False,비타겟
1354145024,Q4_고가,0.0142134551734591,0.0406554688665206,False,False,True,비타겟
251630912,Q1_저가,-0.0095251161446305,0.0406376013753997,False,False,False,비타겟
1227831232,Q3,-0.0130479268932705,0.0406370487294962,False,False,False,비타겟
1025156032,Q3,-0.0127353655935198,0.0406325764701248,False,False,False,비타겟
746592704,Q4_고가,-0.0142103329041123,0.0406319713956827,False,False,True,비타겟
952918656,Q1_저가,-0.0094249180884276,0.0406297732287845,False,False,False,비타겟
1548913664,Q1_저가,-0.0107502375053536,0.0406178860371092,False,False,False,비타겟
241610368,Q3,-0.0120433245705571,0.0406171403883355,False,False,False,비타겟
885347264,Q1_저가,-0.0121498194909062,0.0405970880905941,False,False,False,비타겟
649807872,Q4_고가,0.0193145076900544,0.0405802752572285,False,False,True,비타겟
591043200,Q1_저가,-0.0107443806902168,0.0405634721262285,False,False,False,비타겟
470408768,Q1_저가,-0.0083792440491935,0.0405400544288886,False,False,False,비타겟
1235964224,Q4_고가,-0.0084342595569915,0.0405283348584959,False,False,True,비타겟
127529472,Q3,-0.013462896278848,0.040525614862516,False,False,False,비타겟
1041958400,Q4_고가,0.0233800964281279,0.0405244749840014,False,False,True,비타겟
764263680,Q3,-0.0133458221333061,0.0405088826769567,False,False,False,비타겟
67602944,Q3,0.0189450408062755,0.0404997498453127,False,False,False,비타겟
1114123392,Q1_저가,-0.0121940124540371,0.0404981071789725,False,False,False,비타겟
919996928,Q2,-0.0126078170362462,0.0404837099291493,False,False,False,비타겟
980821760,Q3,-0.0172010944695781,0.0404813070081924,False,False,False,비타겟
585606976,Q3,0.0160731411900999,0.0404755042720528,False,False,False,비타겟
152739520,Q4_고가,-0.0142840145735089,0.0404729574519043,False,False,True,비타겟
1023006784,Q3,-0.0135107748764208,0.0404647864893523,False,False,False,비타겟
641678592,Q4_고가,-0.0144192178729045,0.0404583742951838,False,False,True,비타겟
1488903616,Q1_저가,-0.0101228407081424,0.0404539066084114,False,False,False,비타겟
1233946752,Q1_저가,-0.0112887894009174,0.0404496810760831,False,False,False,비타겟
274704704,Q2,-0.0035097631013994,0.0404467163110525,False,False,False,비타겟
1205739264,Q2,-0.0127401778750974,0.0404429135119879,False,False,False,비타겟
263292160,Q1_저가,0.0263107210045121,0.0404327387683626,False,False,False,비타겟
486192192,Q2,-0.0129150504956119,0.0404272965163154,False,False,False,비타겟
152607744,Q3,-0.0132688787647579,0.0404183253450246,False,False,False,비타겟
362693952,Q3,-0.013977312746554,0.0404171492131875,False,False,False,비타겟
1012731968,Q3,-0.0130267302137566,0.0404135416534655,False,False,False,비타겟
771468672,Q4_고가,-0.0100285044444417,0.0404051203000118,False,False,False,비타겟
41396224,Q1_저가,-0.0113922414627359,0.0403901131930459,False,False,False,비타겟
516064512,Q1_저가,-0.0106250003138068,0.0403832263975332,False,False,False,비타겟
1572334528,Q1_저가,-0.0102915421378971,0.0403425767594197,False,False,False,비타겟
1328181440,Q3,-0.0130023965641248,0.0403205076655108,False,False,False,비타겟
670762112,Q2,-0.010753687957979,0.0403077815685412,False,False,False,비타겟
703320064,Q3,-0.0132216824602351,0.0402818740137379,False,False,False,비타겟
1253364224,Q1_저가,-0.0107483348460897,0.0402716225680115,False,False,False,비타겟
101319040,Q3,0.022406903440256,0.040270041462637,False,False,False,비타겟
755384576,Q3,-0.0165471884881902,0.040254614735466,False,False,False,비타겟
533785600,Q1_저가,-0.0022547915013269,0.040248439587998,False,False,False,비타겟
852278912,Q3,-0.0153459911649799,0.0402397484752685,False,False,False,비타겟
360767424,Q3,-0.0169956557740163,0.0402395878811527,False,False,False,비타겟
195210368,Q3,0.0217231067872494,0.0402348043970062,False,False,False,비타겟
582100992,Q1_저가,-0.0107797844360261,0.0402238699146269,False,False,False,비타겟
1310512320,Q1_저가,-0.0113026166949751,0.0401853074685515,False,False,False,비타겟
1444808768,Q2,-0.0111483614237709,0.0401651092454665,False,False,False,비타겟
275656832,Q2,0.0167106862808145,0.0401618977431292,False,False,False,비타겟
1027546560,Q1_저가,-0.0094243969337355,0.0401614418704106,False,False,False,비타겟
761739520,Q4_고가,0.0075210423196107,0.0401405843228943,False,False,True,비타겟
367209600,Q4_고가,0.1499012158690823,0.0401388115136621,False,True,True,비타겟
1321934144,Q1_저가,-0.0124580806977179,0.0401269939933256,False,False,False,비타겟
872396096,Q4_고가,0.0296328851792453,0.0401181134175843,False,True,True,비타겟
1247749824,Q1_저가,-0.0092326626197873,0.0401071364518287,False,False,False,비타겟
1232267072,Q1_저가,-0.0036357879169702,0.0400979678719304,False,False,False,비타겟
965867968,Q4_고가,0.0234430983517341,0.0400948434458167,False,False,True,비타겟
37314880,Q3,-0.0133223684113689,0.0400926968054583,False,False,False,비타겟
1273509248,Q1_저가,-0.0003999717563946,0.0400732751087813,False,False,False,비타겟
847926592,Q1_저가,-0.0112971658287203,0.0400578958976654,False,False,False,비타겟
1052101440,Q4_고가,0.0252065184265533,0.0400566183761961,False,False,True,비타겟
515860352,Q1_저가,-0.0081910093545645,0.040052912033906,False,False,False,비타겟
813328896,Q1_저가,-0.0184806561876705,0.0400313589007295,False,False,False,비타겟
781359296,Q4_고가,0.0157098926736581,0.0400255364032391,False,False,True,비타겟
658982080,Q4_고가,-0.0076389352402198,0.0400195347285165,False,False,True,비타겟
1071552320,Q1_저가,-0.0066879118291108,0.0400089872427258,False,False,False,비타겟
1168433664,Q1_저가,-0.0089423705014236,0.0400007935033238,False,False,False,비타겟
1508740544,Q2,-0.0132298398269108,0.0399979581046103,False,False,False,비타겟
364362496,Q1_저가,-0.0112337113035966,0.039991746583181,False,False,False,비타겟
179980032,Q4_고가,0.0381721089639024,0.0399861935766059,False,True,True,비타겟
209460736,Q1_저가,0.00623288047184,0.0399680908673276,False,False,False,비타겟
877947392,Q3,-0.0130548072695174,0.039966823544685,False,False,False,비타겟
746689216,Q4_고가,0.0384927712951602,0.0399176475790339,False,True,True,비타겟
809024832,Q4_고가,-0.0297982234908501,0.0399019127142023,False,False,True,비타겟
55947264,Q4_고가,0.000707158755433,0.0398989416600812,False,False,False,비타겟
651353920,Q3,-0.0038358952769896,0.0398940241684588,False,False,False,비타겟
968405120,Q3,-0.013244932286745,0.0398907817572555,False,False,False,비타겟
325731712,Q4_고가,-0.0094355215265066,0.0398904219527463,False,False,False,비타겟
280289408,Q1_저가,-0.008865321753678,0.039878267867141,False,False,False,비타겟
1150571520,Q1_저가,-0.0103462649684108,0.0398771707017461,False,False,False,비타겟
471693120,Q3,-0.0052047125460589,0.0398491314223587,False,False,False,비타겟
1196834176,Q1_저가,-0.0104108504583171,0.0398481565515766,False,False,False,비타겟
1536309568,Q3,-0.0114091254759998,0.0398435751818065,False,False,False,비타겟
1355666944,Q2,-0.0129728013859696,0.0398327145553635,False,False,False,비타겟
1059538432,Q1_저가,-0.0088204593393699,0.0398159452902572,False,False,False,비타겟
74470144,Q4_고가,-0.0136177858672337,0.0398139380141211,False,False,True,비타겟
415053568,Q3,-0.0173539659318885,0.0397994459473038,False,False,False,비타겟
1136673792,Q2,0.0003994233336328,0.0397771057776692,False,False,False,비타겟
1039816576,Q2,0.0225392261018484,0.0397630089020799,False,False,False,비타겟
1039222656,Q2,0.0217940122579626,0.0397532198731608,False,False,False,비타겟
721163648,Q2,-0.0019088778946703,0.039736873934522,False,False,False,비타겟
872618816,Q1_저가,-0.0027451926518899,0.0397324362129714,False,False,False,비타겟
1563041536,Q1_저가,-0.0094404074226488,0.039730608408075,False,False,False,비타겟
749244928,Q4_고가,0.0169251438153932,0.0397216219791121,False,False,False,비타겟
903916544,Q4_고가,-0.0006279676770809,0.0397204289276766,False,False,True,비타겟
924605376,Q3,-0.0133154148710355,0.0397053184188035,False,False,False,비타겟
52777216,Q1_저가,-0.0050974442558823,0.0397021728074402,False,False,False,비타겟
1006436416,Q1_저가,-0.0113756861991242,0.0396963042497453,False,False,False,비타겟
1162177088,Q2,-0.0127029945475536,0.039691589495171,False,False,False,비타겟
425263424,Q1_저가,-0.0120756320941709,0.0396827589284718,False,False,False,비타겟
1266165056,Q1_저가,-0.0120765250079093,0.0396807174927818,False,False,False,비타겟
437598400,Q1_저가,-0.0024617474763912,0.0396722013984482,False,False,False,비타겟
945704384,Q1_저가,-0.0120718516398316,0.039635796595508,False,False,False,비타겟
766051008,Q4_고가,0.0292459232072477,0.0396110305582345,False,True,True,비타겟
383314112,Q1_저가,-0.0088511790788122,0.0395946182363491,False,False,False,비타겟
774326912,Q1_저가,-0.0117036724402115,0.0395790161100055,False,False,False,비타겟
1361891968,Q2,-0.0118076939268651,0.0395592805984266,False,False,False,비타겟
572859968,Q3,0.0214451170015862,0.0395584471479024,False,False,False,비타겟
424385536,Q2,-0.0034730649558908,0.0395462270896869,False,False,False,비타겟
796034688,Q2,-0.0122811648202686,0.0395216599554292,False,False,False,비타겟
674875008,Q3,0.0187331848698599,0.0395214053453945,False,False,False,비타겟
135900032,Q1_저가,-0.0108662422981534,0.039521215145763,False,False,False,비타겟
546087168,Q4_고가,0.0274900388677363,0.0394982107020723,False,True,True,비타겟
597979072,Q1_저가,0.005372110647178,0.0394737788055328,False,False,False,비타겟
1536675200,Q1_저가,0.0131047644587155,0.0394690384480231,False,False,False,비타겟
1054148608,Q2,-0.001013484317072,0.0394402404611639,False,False,False,비타겟
1450354496,Q4_고가,-0.0143716151823567,0.0394243468335076,False,False,True,비타겟
492255744,Q2,0.0108082263521956,0.0394181435109397,False,False,False,비타겟
1150289408,Q3,-0.0097996335662265,0.0394087915894703,False,False,False,비타겟
239611456,Q1_저가,-0.018426814962466,0.0394003189899107,False,False,False,비타겟
1349248896,Q1_저가,-0.0109446032710444,0.039383058189554,False,False,False,비타겟
768437824,Q1_저가,-0.0104087345425726,0.0393713709555197,False,False,False,비타겟
627407808,Q1_저가,-0.0083313462575683,0.0393694144585583,False,False,False,비타겟
358686848,Q1_저가,-0.0081091355537194,0.0393369313200065,False,False,False,비타겟
1138373888,Q1_저가,-0.0100782367629781,0.0393193103977304,False,False,False,비타겟
1144535808,Q2,-0.0114784220017076,0.0393030689425668,False,False,False,비타겟
147242048,Q3,-0.0135208289021928,0.039299186516784,False,False,False,비타겟
176518592,Q1_저가,-0.0098508079316722,0.0392876838203197,False,False,False,비타겟
1555905216,Q2,0.005827778765998,0.039256802065387,False,False,False,비타겟
1001492032,Q3,-0.0137947112391451,0.0392472716254509,False,False,False,비타겟
405890496,Q4_고가,-0.0165917209056932,0.0392302006939396,False,False,True,비타겟
853548416,Q4_고가,-0.0158071887494565,0.0392225727258461,False,False,True,비타겟
919835456,Q2,-0.0149271554748656,0.0391675535707179,False,False,False,비타겟
1060381056,Q2,-0.0024073931748722,0.0391269763624075,False,False,False,비타겟
795778560,Q1_저가,-0.0393144881336806,0.0391254264606026,False,False,False,비타겟
764358336,Q1_저가,-0.0100846880123859,0.0391031654060362,False,False,False,비타겟
866636928,Q1_저가,-0.009402042222176,0.0390998847376777,False,False,False,비타겟
100856896,Q1_저가,-0.0061503956944257,0.0390973958067443,False,False,False,비타겟
745495808,Q4_고가,-0.010537863233704,0.0390958435359462,False,False,False,비타겟
838680000,Q4_고가,-0.0162328947588965,0.039080278570684,False,False,True,비타겟
410046080,Q2,0.006112332410619,0.03907842320038,False,False,False,비타겟
662150272,Q4_고가,0.0213567104349928,0.0390675898125495,False,False,True,비타겟
89886080,Q2,-0.0090744804790973,0.0390577232697016,False,False,False,비타겟
1556497280,Q1_저가,-0.0097857459469089,0.0390515137875609,False,False,False,비타겟
659988032,Q3,0.0182937516779757,0.0390514075999909,False,False,False,비타겟
825908864,Q4_고가,-0.0236026005256137,0.0390218720721565,False,False,True,비타겟
1203578880,Q1_저가,-0.0101528554827423,0.0390109839775604,False,False,False,비타겟
713045504,Q1_저가,-0.0116800083830363,0.0390051097166334,False,False,False,비타겟
965932928,Q1_저가,-0.0094462564298539,0.0390043030712668,False,False,False,비타겟
1618842176,Q1_저가,-0.0094447924380824,0.0389824284602177,False,False,False,비타겟
680162752,Q4_고가,0.0177947279417665,0.0389533737716359,False,False,True,비타겟
907630400,Q4_고가,-0.0027925797795605,0.0389304855532048,False,False,False,비타겟
1476375616,Q2,-0.0109123405566225,0.0389056443802702,False,False,False,비타겟
294677120,Q3,0.0057504794818601,0.0388630635451506,False,False,False,비타겟
1163704576,Q1_저가,-0.0085211872987481,0.0388595589132843,False,False,False,비타겟
548438720,Q4_고가,-0.0102500986540738,0.0388508907230087,False,False,True,비타겟
170766848,Q3,0.0188041657892911,0.0388048649597494,False,False,False,비타겟
389425920,Q1_저가,-0.0240207453137568,0.0387985311260238,False,False,False,비타겟
485711488,Q3,-0.0132990823222594,0.0387957952564325,False,False,False,비타겟
141020736,Q4_고가,-0.0160410552614716,0.0387724249293375,False,False,True,비타겟
666046016,Q4_고가,-0.0110588027780392,0.0387680803318256,False,False,False,비타겟
722928704,Q4_고가,-0.0289893160124735,0.0387656539580524,False,False,True,비타겟
1600952192,Q1_저가,-0.0080352855272009,0.0387459096023988,False,False,False,비타겟
87536384,Q4_고가,-0.0138640400655689,0.0387436274765999,False,False,True,비타겟
884139008,Q1_저가,-0.0117010588888717,0.0387413771509872,False,False,False,비타겟
795346112,Q3,-0.0132804912626568,0.0387403542498764,False,False,False,비타겟
556484480,Q4_고가,0.0008458928919469,0.0387334532284739,False,False,True,비타겟
1476694848,Q4_고가,-0.0112748950810508,0.0387313185404206,False,False,False,비타겟
1190392000,Q2,-0.0127125050832228,0.0387266945886532,False,False,False,비타겟
667989248,Q3,-0.013855664636514,0.0387062391254598,False,False,False,비타겟
1204980160,Q3,0.0158837226750155,0.0386928854716002,False,False,False,비타겟
978264192,Q3,-0.0131780283662338,0.0386906994280473,False,False,False,비타겟
83100544,Q1_저가,-0.0123438768084078,0.0386715397943713,False,False,False,비타겟
999615616,Q1_저가,-0.0120547325299918,0.0386664164949777,False,False,False,비타겟
1030273024,Q4_고가,-0.0127598769926844,0.0386663561775894,False,False,True,비타겟
1093757504,Q4_고가,-0.0072594729472934,0.0386593311941578,False,False,True,비타겟
1202428160,Q1_저가,-0.0133560690850053,0.0386416363971697,False,False,False,비타겟
890826176,Q2,0.0232879848566468,0.0386377949861866,False,False,False,비타겟
742802752,Q4_고가,0.0283028435044556,0.03861894302566,False,True,True,비타겟
570281984,Q4_고가,-0.0138352110517087,0.0386096141449488,False,False,True,비타겟
269049472,Q2,-0.0109613903820701,0.0386038049341625,False,False,False,비타겟
1229312320,Q1_저가,-0.0069014954032234,0.0386018835503138,False,False,False,비타겟
519822912,Q4_고가,0.0198941172120666,0.038580193857362,False,False,False,비타겟
1582648320,Q4_고가,0.0463098354371516,0.0385610622801256,False,True,True,비타겟
52931264,Q4_고가,0.0272706720772282,0.0385606139116072,False,True,True,비타겟
278856576,Q1_저가,-0.0058465073865332,0.0385518974513327,False,False,False,비타겟
96200192,Q1_저가,0.0043400167834728,0.0385446490218745,False,False,False,비타겟
878029056,Q4_고가,0.0086872035026415,0.0385306833554724,False,False,True,비타겟
412683456,Q1_저가,-0.0121175754510994,0.0385272513171704,False,False,False,비타겟
215296000,Q2,-0.0138898306057925,0.0385147919949218,False,False,False,비타겟
836363712,Q3,0.0186645018272195,0.0385065841405424,False,False,False,비타겟
938963392,Q4_고가,0.0188723489945883,0.0384736443732779,False,False,True,비타겟
56567168,Q4_고가,0.0380972865534878,0.0384552998044259,False,True,True,비타겟
289242752,Q4_고가,-0.0159007759315477,0.038450650818259,False,False,True,비타겟
448439296,Q3,-0.0134675789013846,0.0384454430781485,False,False,False,비타겟
829778624,Q3,-0.0134552458619149,0.0384454430781485,False,False,False,비타겟
276226624,Q1_저가,-0.0116960578629711,0.0384379344315061,False,False,False,비타겟
1153979136,Q4_고가,0.0107250771987718,0.0384331057528779,False,False,True,비타겟
901828544,Q1_저가,-0.0096675228638499,0.038417834169467,False,False,False,비타겟
476739584,Q3,0.0227558379606386,0.0384148977926307,False,False,False,비타겟
1296570048,Q2,0.0099609517127745,0.0384139488597163,False,False,False,비타겟
610074624,Q2,-0.012606442745295,0.0384092449972696,False,False,False,비타겟
185479360,Q1_저가,0.0222953622224015,0.0383705681040348,False,False,False,비타겟
649999040,Q4_고가,-0.0161995338020321,0.0383523538644155,False,False,True,비타겟
1623665920,Q4_고가,-0.0113063556510841,0.0383521121367358,False,False,False,비타겟
1113672384,Q1_저가,-0.0106200263978206,0.038351695690107,False,False,False,비타겟
703321920,Q2,-0.0104961129255103,0.0383240228191624,False,False,False,비타겟
204044928,Q3,0.0014400220815794,0.038299789000648,False,False,False,비타겟
846954048,Q1_저가,-0.0118563191059931,0.0382983814494246,False,False,False,비타겟
106437888,Q3,-0.012529844049946,0.0382795269690124,False,False,False,비타겟
875141120,Q1_저가,-0.0115757645925723,0.038270530251129,False,False,False,비타겟
1128772800,Q1_저가,-0.0112950287002164,0.0382668775230186,False,False,False,비타겟
361507968,Q1_저가,-0.0115240496220482,0.0382614318382658,False,False,False,비타겟
1253854208,Q1_저가,-0.0120014891811665,0.0382485900975842,False,False,False,비타겟
351051264,Q1_저가,0.0125949074148972,0.0382117349355601,False,False,False,비타겟
1239420096,Q1_저가,-0.01135088793621,0.0382107972044529,False,False,False,비타겟
160183936,Q2,-0.0128855877372857,0.0382102394190819,False,False,False,비타겟
851976384,Q1_저가,-0.0045750731129679,0.0381941725337406,False,False,False,비타겟
1178760448,Q4_고가,-0.0069205858804592,0.0381856138655949,False,False,True,비타겟
1476960256,Q1_저가,-0.0131081842106715,0.0381760745724499,False,False,False,비타겟
657812800,Q2,-0.0116001289217042,0.0381255393560982,False,False,False,비타겟
54109824,Q4_고가,0.020258841973733,0.0381152326238825,False,False,False,비타겟
1262185792,Q1_저가,0.0163567050069236,0.0381046300721586,False,False,False,비타겟
1529648384,Q1_저가,-0.0081350370569954,0.0380764822404063,False,False,False,비타겟
955381568,Q4_고가,-0.0165687784496856,0.0380617123573803,False,False,True,비타겟
296186048,Q1_저가,-0.0110688596837657,0.0380611394883265,False,False,False,비타겟
918263424,Q4_고가,0.0179501568512976,0.0380529532981239,False,False,True,비타겟
1162100992,Q1_저가,-0.010250217803457,0.0380284387039832,False,False,False,비타겟
248592640,Q3,-0.0020441893767399,0.0380169733847949,False,False,False,비타겟
855176128,Q2,-0.0035736344389896,0.0380140498536007,False,False,False,비타겟
576388224,Q4_고가,0.0440255305720194,0.0380037327617068,False,True,True,비타겟
224932352,Q3,-0.0026359420907202,0.0380017789506891,False,False,False,비타겟
305829824,Q1_저가,0.0050404529150565,0.0380006853103027,False,False,False,비타겟
271243264,Q1_저가,-0.0120201116479221,0.0379991008994231,False,False,False,비타겟
1108080256,Q4_고가,0.0328329962577765,0.0379933173768365,False,True,True,비타겟
601399680,Q4_고가,0.0777191957247384,0.0379813731724771,False,True,True,비타겟
223352896,Q1_저가,-0.0117061444311206,0.0379762230465336,False,False,False,비타겟
1640382912,Q4_고가,0.004447738946054,0.0379599484929681,False,False,True,비타겟
917788288,Q2,0.0114324276928107,0.0379553644008699,False,False,False,비타겟
1388390080,Q4_고가,-0.0085476084174495,0.0379540452253537,False,False,True,비타겟
828761536,Q1_저가,-0.0053101941613469,0.0379537008700009,False,False,False,비타겟
1546437760,Q4_고가,0.0241306128238997,0.0379524572115861,False,False,True,비타겟
173712320,Q2,-0.0121690716640806,0.0379138898277549,False,False,False,비타겟
1124205184,Q2,-0.0131262782486584,0.0379083551800454,False,False,False,비타겟
1614866624,Q1_저가,-0.0088941055796159,0.0378906395077005,False,False,False,비타겟
917571136,Q1_저가,-0.0063782726870998,0.0378785572896757,False,False,False,비타겟
1124730432,Q1_저가,0.022656276005588,0.0378727914837948,False,False,False,비타겟
1298071552,Q2,-0.011184624997886,0.0378673276785413,False,False,False,비타겟
819834176,Q3,0.0244531694209714,0.0378672512091262,False,False,False,비타겟
811582400,Q4_고가,-0.0156688845439649,0.0378645247170503,False,False,True,비타겟
1321535104,Q1_저가,-0.021727202508433,0.0378464803491612,False,False,False,비타겟
73217344,Q3,0.0213649595505761,0.0378453957384472,False,False,False,비타겟
628463872,Q1_저가,-0.0109340550771091,0.0378384143305157,False,False,False,비타겟
1608353920,Q1_저가,-0.011036158739638,0.0378371414243031,False,False,False,비타겟
1057430016,Q1_저가,-0.0117151163783588,0.0378234018118702,False,False,False,비타겟
683427456,Q2,-0.0109439833708216,0.0378232556619964,False,False,False,비타겟
1029083328,Q1_저가,-0.0094342892755108,0.0378209669518257,False,False,False,비타겟
232809216,Q1_저가,-0.0103824670059522,0.0378057113670725,False,False,False,비타겟
1189337792,Q4_고가,0.0553366978450412,0.0377890954558284,False,True,True,비타겟
664329216,Q2,-0.0111725157641894,0.0377790044418771,False,False,False,비타겟
719708544,Q4_고가,0.0174130107693564,0.0377417259558062,False,False,False,비타겟
709350208,Q3,-0.0136378501347486,0.0377348681532885,False,False,False,비타겟
126659008,Q1_저가,-0.0119863743542139,0.0377334666008531,False,False,False,비타겟
740718464,Q4_고가,-0.0101282933231077,0.0377177182425471,False,False,True,비타겟
1619723776,Q1_저가,-0.0080151721514394,0.0377044111653584,False,False,False,비타겟
688525888,Q3,-0.0008919329552852,0.0376835358498282,False,False,False,비타겟
804613120,Q3,-0.0084632893068729,0.0376551676945979,False,False,False,비타겟
677846464,Q4_고가,-0.0142763763555744,0.0376491880723801,False,False,True,비타겟
937963008,Q1_저가,-0.0113891540418795,0.0376271657883878,False,False,False,비타겟
654008000,Q2,-0.0019057522823648,0.037618245222279,False,False,False,비타겟
375630272,Q2,-0.0129005192119109,0.0376068622339538,False,False,False,비타겟
421753728,Q1_저가,-0.0121864359516127,0.0376006880990975,False,False,False,비타겟
761702400,Q4_고가,-0.0139428392741414,0.0375850301491409,False,False,True,비타겟
529442560,Q4_고가,-0.0125412354383376,0.0375837995044843,False,False,False,비타겟
593095936,Q1_저가,-0.0055419362209628,0.0375825422595758,False,False,False,비타겟
107640576,Q1_저가,-0.0149307540306027,0.0375652860001119,False,False,False,비타겟
917925632,Q3,-0.0126665204767955,0.0375557899081805,False,False,False,비타겟
843273600,Q3,0.0227338773533124,0.0375311515341038,False,False,False,비타겟
454469440,Q3,-0.0117308889029694,0.0375113659575048,False,False,False,비타겟
1065780160,Q3,-0.0134727296224255,0.0374997517866308,False,False,False,비타겟
1333645504,Q1_저가,-0.0093617718236178,0.0374924460555969,False,False,False,비타겟
1167604032,Q3,-0.013357639224568,0.0374814393172076,False,False,False,비타겟
406515968,Q4_고가,-0.0137622261087467,0.0374813047607184,False,False,True,비타겟
473380224,Q3,-0.0131733611113747,0.0374442959681402,False,False,False,비타겟
544626496,Q1_저가,-0.0043161049605295,0.0374188136973634,False,False,False,비타겟
1014159232,Q1_저가,-0.007595920994697,0.0374132105753649,False,False,False,비타겟
1150423040,Q4_고가,-0.0143549937459069,0.0374041328800025,False,False,True,비타겟
161475712,Q1_저가,-0.0189554980870772,0.0373985648419073,False,False,False,비타겟
1562471744,Q1_저가,-0.0091580564082892,0.0373977572562903,False,False,False,비타겟
1485494144,Q1_저가,-0.0090513265328771,0.0373924443769476,False,False,False,비타겟
1000565888,Q1_저가,-0.0225443347943502,0.0373871847346446,False,False,False,비타겟
722286528,Q1_저가,-0.0119296807164857,0.0373797833567722,False,False,False,비타겟
1532617984,Q4_고가,0.0207340082172196,0.0373769994857135,False,False,True,비타겟
305059584,Q3,-0.0137673684941257,0.0373461752807642,False,False,False,비타겟
476754432,Q3,-0.0176250542099835,0.037324454917465,False,False,False,비타겟
541150208,Q4_고가,0.1005804847760531,0.0373173721791342,False,True,True,비타겟
61713856,Q3,-0.0132954450896845,0.0373166499600435,False,False,False,비타겟
1073438016,Q4_고가,0.0375959943465807,0.037309066608699,False,True,True,비타겟
804884096,Q1_저가,-0.0114367182840106,0.0372986558587833,False,False,False,비타겟
800633856,Q2,-0.0132286462159404,0.0372841748100541,False,False,False,비타겟
1110613696,Q2,-0.0028734286003027,0.0372806364655673,False,False,False,비타겟
971081472,Q4_고가,0.0047184163210854,0.0372725452868349,False,False,False,비타겟
770100800,Q1_저가,-0.0101256498097481,0.0372718082602845,False,False,False,비타겟
939564736,Q1_저가,-0.0097481149778291,0.0372630780371536,False,False,False,비타겟
1107339712,Q4_고가,-0.0054829439062471,0.0372602854640286,False,False,True,비타겟
109804672,Q1_저가,-0.0105077209141797,0.0372504209762631,False,False,False,비타겟
87025984,Q1_저가,-0.0100597996414807,0.0372397212800212,False,False,False,비타겟
855810880,Q2,0.0190577054020515,0.0372394478338861,False,False,False,비타겟
981309888,Q1_저가,-0.0097615568064008,0.0372277324039298,False,False,False,비타겟
234938048,Q1_저가,-0.0152153099411798,0.037225921898812,False,False,False,비타겟
261432448,Q4_고가,-0.0136932785441365,0.0372221568862534,False,False,True,비타겟
746356992,Q1_저가,-0.0091569312739014,0.0372194634928508,False,False,False,비타겟
1519685376,Q2,0.0030855706706351,0.0372119597991788,False,False,False,비타겟
65290368,Q1_저가,-0.0104880708965248,0.0371766766504072,False,False,False,비타겟
689342528,Q1_저가,-0.012253160677717,0.0371665163490776,False,False,False,비타겟
1456397632,Q4_고가,-0.0071158774057812,0.0371657374929189,False,False,True,비타겟
1464454528,Q1_저가,-0.0092967996784808,0.0371556158284675,False,False,False,비타겟
182075456,Q1_저가,-0.0069240160853127,0.0371417017793881,False,False,False,비타겟
62426560,Q1_저가,-0.0173362250524752,0.0371398495726573,False,False,False,비타겟
654106368,Q3,-0.0175472604912099,0.0371392251269093,False,False,False,비타겟
290309952,Q1_저가,-0.0109712461348507,0.0371108208831204,False,False,False,비타겟
447199488,Q3,-0.0127203873479277,0.0370976501669602,False,False,False,비타겟
297921408,Q1_저가,-0.0120014444764826,0.037093046803056,False,False,False,비타겟
577076800,Q1_저가,-0.0029639155393912,0.0370773062011316,False,False,False,비타겟
945533632,Q1_저가,-0.0042313477515253,0.0370634495842981,False,False,False,비타겟
278902976,Q1_저가,-0.0055167908602539,0.0370570124800484,False,False,False,비타겟
27021504,Q1_저가,-0.0103556864636156,0.037047664447921,False,False,False,비타겟
1263917440,Q4_고가,-0.0139188014691512,0.0370380431114658,False,False,True,비타겟
749133568,Q3,-0.0120341164036784,0.0370340384671114,False,False,False,비타겟
1453838208,Q3,-0.0117146313834513,0.0370234833475794,False,False,False,비타겟
796584064,Q2,-0.0107895638856355,0.0370170490242021,False,False,False,비타겟
1499508800,Q4_고가,0.0213812401885146,0.0370150913986324,False,False,True,비타겟
1456974848,Q1_저가,-0.0095710601517185,0.0370060600454889,False,False,False,비타겟
1389713408,Q3,-0.0135434458776249,0.0369952034731401,False,False,False,비타겟
876408768,Q3,0.0132363479557363,0.0369927423374039,False,False,False,비타겟
313675136,Q4_고가,-0.0111049664168796,0.0369828063215627,False,False,False,비타겟
883307520,Q4_고가,-0.0141870950892098,0.0369801602572327,False,False,True,비타겟
855898112,Q4_고가,-0.0160535353171655,0.036979167281676,False,False,True,비타겟
108956480,Q2,-0.0098205257545114,0.0369784695710892,False,False,False,비타겟
1636032448,Q4_고가,0.0058150513785152,0.0369730588443475,False,False,False,비타겟
1640251136,Q1_저가,0.0069022335511144,0.0369692111898885,False,False,False,비타겟
767829056,Q3,0.0244137298912152,0.0369607827581124,False,False,False,비타겟
354616640,Q1_저가,-0.0109275098446126,0.0369557002380681,False,False,False,비타겟
510431552,Q3,-0.0134218538897457,0.0369225930761708,False,False,False,비타겟
728073536,Q3,0.004301398780856,0.0369096084427114,False,False,False,비타겟
732288512,Q4_고가,-0.0335087441063441,0.0369033882124013,False,False,False,비타겟
660416768,Q4_고가,0.0087781039634589,0.0368754456431095,False,False,False,비타겟
1039376704,Q1_저가,-0.0153920694355996,0.0368685290140164,False,False,False,비타겟
766973440,Q1_저가,-0.0098239011690689,0.0368663323882323,False,False,False,비타겟
266766592,Q2,-0.0074133109087237,0.0368592218039883,False,False,False,비타겟
183641920,Q4_고가,-0.0160457780633042,0.0368440369914773,False,False,True,비타겟
784284352,Q1_저가,-0.0111926013708384,0.0368326096447231,False,False,False,비타겟
263106560,Q3,-0.0162970673345571,0.0368204180993188,False,False,False,비타겟
379162240,Q4_고가,-0.0139249124506573,0.0368040296790572,False,False,True,비타겟
1525672832,Q1_저가,-0.0084272657864754,0.0367852265137515,False,False,False,비타겟
1515232832,Q3,-0.0133225946429532,0.0367713199678105,False,False,False,비타겟
1031195456,Q4_고가,-0.0084040063473821,0.0367710206234393,False,False,True,비타겟
443635968,Q3,-0.0009182097678424,0.0367705676775352,False,False,False,비타겟
1183073792,Q1_저가,-0.0107240075954586,0.036763116463868,False,False,False,비타겟
1349356544,Q1_저가,-0.011968537045549,0.0367620047183124,False,False,False,비타겟
1609927808,Q2,-0.0060834366941313,0.0367013744888064,False,False,False,비타겟
1200934080,Q4_고가,-0.0128658405485607,0.0366948530176857,False,False,False,비타겟
586932160,Q2,0.0210719832274716,0.036687666371436,False,False,False,비타겟
60210496,Q1_저가,-0.0113460913210316,0.0366752863691459,False,False,False,비타겟
1132765056,Q2,-0.0106299051668381,0.03667172453325,False,False,False,비타겟
74137920,Q1_저가,-0.0075082447225483,0.0366645438613018,False,False,False,비타겟
1238635008,Q4_고가,0.0242739883064543,0.0366533763175688,False,False,True,비타겟
951196288,Q4_고가,-0.0069435603055589,0.0366518707379509,False,False,True,비타겟
769512448,Q2,-0.0096941247517614,0.0366276146815574,False,False,False,비타겟
186836096,Q4_고가,-0.0158636478992167,0.0366265354909981,False,False,True,비타겟
905039424,Q3,-0.013463727149485,0.0366253938494304,False,False,False,비타겟
57471040,Q1_저가,-0.0043831775797578,0.0366160498922285,False,False,False,비타겟
888910784,Q2,-0.013007531886128,0.0366092007955731,False,False,False,비타겟
1454565760,Q3,-0.0131434845250458,0.0365975271595603,False,False,False,비타겟
1415485824,Q1_저가,-0.0080939155342038,0.0365919447909905,False,False,False,비타겟
1031863616,Q1_저가,-0.0100044134478134,0.0365846368085798,False,False,False,비타겟
1348603008,Q1_저가,-0.0184923293890129,0.0365752542700101,False,False,False,비타겟
623094464,Q4_고가,0.0258459276232008,0.0365709515024984,False,False,True,비타겟
43924096,Q4_고가,-0.0032407569459201,0.0365594473420666,False,False,False,비타겟
527709056,Q2,-0.0045666615880817,0.0365554954676721,False,False,False,비타겟
826749632,Q3,-0.0088646054953763,0.0365497241444206,False,False,False,비타겟
932734656,Q3,-0.012752107894184,0.0365416287376564,False,False,False,비타겟
342044096,Q3,0.0175156938099055,0.0365313369384416,False,False,False,비타겟
386027584,Q2,0.0208492806314279,0.0365155176144612,False,False,False,비타겟
1039248640,Q1_저가,-0.0096421624054737,0.0365097983415493,False,False,False,비타겟
1013168128,Q2,0.0218099347046609,0.0364709891543375,False,False,False,비타겟
742826880,Q3,0.0238522341404475,0.0364585609953103,False,False,False,비타겟
1514406912,Q4_고가,-0.0155137432907732,0.0364546860423535,False,False,True,비타겟
673882048,Q3,-0.0136491778724386,0.0364344742792556,False,False,False,비타겟
676924032,Q1_저가,-0.0117521457525144,0.0364301504046723,False,False,False,비타겟
548852608,Q1_저가,-0.0108596281283423,0.0364224564516198,False,False,False,비타겟
748805056,Q2,-0.0115013226858736,0.0364220817929653,False,False,False,비타겟
1098035584,Q1_저가,-0.0108427243799878,0.0363818781803925,False,False,False,비타겟
358775936,Q4_고가,-0.0141129340500094,0.0363795125328389,False,False,True,비타겟
518421632,Q1_저가,-0.0061439807789905,0.0363660352758413,False,False,False,비타겟
747505856,Q2,-0.0132611258613922,0.0363600943590639,False,False,False,비타겟
1057114496,Q2,-0.0132057040404879,0.0363600943590639,False,False,False,비타겟
451340224,Q1_저가,-0.0101250287248764,0.036355539379628,False,False,False,비타겟
342103488,Q3,0.0261388017117681,0.0363504257187056,False,False,False,비타겟
682701760,Q3,-0.0118014305789953,0.0363337141278413,False,False,False,비타겟
742765632,Q1_저가,-0.0122548213320436,0.0363059010634932,False,False,False,비타겟
745291648,Q2,-0.0127927006402065,0.0362914127145518,False,False,False,비타겟
700333760,Q1_저가,-0.007930359939908,0.0362894142527753,False,False,False,비타겟
313318784,Q2,-0.012676217745636,0.0362729530334286,False,False,False,비타겟
907077312,Q3,-0.0127155806870781,0.0362598570047982,False,False,False,비타겟
1558720768,Q4_고가,-0.0136555734112777,0.0362547375880964,False,False,True,비타겟
744153920,Q2,-0.012614425258349,0.0362365996641546,False,False,False,비타겟
467925440,Q4_고가,-0.0137046841518779,0.0362338741972444,False,False,False,비타겟
1325867008,Q1_저가,-0.0099347026759169,0.0362182278963907,False,False,False,비타겟
568218112,Q1_저가,-0.0098383564316403,0.0362151890707887,False,False,False,비타겟
359006080,Q4_고가,-0.0114251609604643,0.036210797931823,False,False,False,비타겟
312693312,Q1_저가,-0.0109007141304498,0.0361888267970447,False,False,False,비타겟
745594176,Q4_고가,-0.0035955577957112,0.0361857449559971,False,False,True,비타겟
889547392,Q4_고가,-0.0118596653355745,0.0361827366249309,False,False,False,비타겟
1465260032,Q2,-0.013014229991364,0.0361762030139683,False,False,False,비타겟
1058875840,Q1_저가,-0.0093608036450529,0.0361716105150038,False,False,False,비타겟
416076224,Q4_고가,0.0250438567933303,0.0361714048968239,False,False,True,비타겟
1543000448,Q1_저가,-0.0100123010453193,0.0361632593471542,False,False,False,비타겟
806437568,Q1_저가,-0.0042578465640981,0.0361505589246255,False,False,False,비타겟
883303808,Q3,-0.0125507515775449,0.0361403815622854,False,False,False,비타겟
404238656,Q4_고가,-0.0143551857573083,0.036121976891722,False,False,True,비타겟
1056297856,Q2,0.0054119920569363,0.0361040787578486,False,False,False,비타겟
1631871296,Q4_고가,-0.0118779043893117,0.0360995317348383,False,False,False,비타겟
196388928,Q4_고가,0.0313102254241277,0.0360982175419622,False,True,True,비타겟
1579352064,Q3,-0.0130869539887817,0.036078149541162,False,False,False,비타겟
819804480,Q4_고가,-0.012800756912592,0.0360587566009554,False,False,False,비타겟
947500992,Q4_고가,0.0302946104444955,0.0360504329178691,False,True,True,비타겟
1374921088,Q4_고가,-0.0044423951577294,0.0360448117184952,False,False,False,비타겟
982887488,Q1_저가,-0.011315881631074,0.0360337189531916,False,False,False,비타겟
475362432,Q2,-0.0060652398570965,0.0360322396453948,False,False,False,비타겟
1385526272,Q1_저가,-0.0120793089368695,0.03601636892978,False,False,False,비타겟
613279936,Q2,-0.0090744804790973,0.0360147789461179,False,False,False,비타겟
1358382272,Q3,-0.0050138813324867,0.0360072832303889,False,False,False,비타겟
1265168384,Q2,0.0230866819410886,0.0360038050910364,False,False,False,비타겟
566794560,Q4_고가,-0.0090250377287195,0.0360030647640331,False,False,True,비타겟
1311624064,Q4_고가,-0.006480342609158,0.0359946666074027,False,False,True,비타겟
1029894400,Q1_저가,-0.0112047352007177,0.0359578735156998,False,False,False,비타겟
1005924160,Q2,0.0211677225053422,0.0359516131141012,False,False,False,비타겟
763972288,Q1_저가,-0.011874421801725,0.0359432360713266,False,False,False,비타겟
833904512,Q3,0.0179048809885471,0.0359059113991386,False,False,False,비타겟
1122982080,Q1_저가,0.011812962084034,0.0358968077856643,False,False,False,비타겟
1094980608,Q1_저가,-0.0121588678598214,0.0358778318370991,False,False,False,비타겟
635332928,Q4_고가,-0.0141686605378941,0.0358568829113156,False,False,True,비타겟
328025728,Q3,-0.0157163984383506,0.0358499849061361,False,False,False,비타겟
1064364032,Q1_저가,-0.0093876768390091,0.0358262533661858,False,False,False,비타겟
764365760,Q1_저가,-0.008530819813206,0.0358207385277459,False,False,False,비타겟
692354816,Q4_고가,-0.0497648818505351,0.0358126315019533,False,False,False,비타겟
1201268160,Q4_고가,-0.0075563215352447,0.035804689545531,False,False,True,비타겟
127200960,Q2,-0.0119969874100961,0.0357760106983845,False,False,False,비타겟
805934592,Q2,-0.0253430895844611,0.0357643242653908,False,False,False,비타겟
948046656,Q3,-0.0135146121915394,0.0357222946472476,False,False,False,비타겟
817779584,Q3,-0.0118285419133609,0.0357214644834018,False,False,False,비타겟
1233922624,Q1_저가,-0.0111570629213533,0.0357180249297177,False,False,False,비타겟
1561779456,Q3,-0.0138820749549785,0.0356962872808916,False,False,False,비타겟
349263936,Q1_저가,0.0239905584388473,0.0356944618633897,False,False,False,비타겟
1581428928,Q1_저가,-0.0108846839211849,0.0356899295084146,False,False,False,비타겟
770301248,Q4_고가,0.0113808190389533,0.0356598046380804,False,False,False,비타겟
863108672,Q1_저가,-0.0104016136214925,0.0356486437591943,False,False,False,비타겟
169111296,Q1_저가,-0.0102936362079674,0.0356266550237502,False,False,False,비타겟
1169166784,Q2,0.0001487842172581,0.0356218329225415,False,False,False,비타겟
966745856,Q3,-0.0069944655933365,0.0355988359029345,False,False,False,비타겟
163925632,Q4_고가,0.0098892971526092,0.0355919752314566,False,False,False,비타겟
204102464,Q1_저가,0.0221640487618111,0.0355900798184038,False,False,False,비타겟
1038686272,Q4_고가,-0.0096009652334123,0.0355339301917565,False,False,False,비타겟
861798336,Q4_고가,0.0410472509528118,0.0355258085328132,False,True,True,비타겟
1120199936,Q2,-0.0128439001165686,0.0355094816482591,False,False,False,비타겟
889866624,Q2,-0.0124977620359043,0.0355094525795896,False,False,False,비타겟
101946368,Q1_저가,-0.0112980122589719,0.0355067333446236,False,False,False,비타겟
218362112,Q1_저가,0.0182431154224378,0.0354973322620791,False,False,False,비타겟
695370816,Q1_저가,-0.0077287151911323,0.0354935316333957,False,False,False,비타겟
354057984,Q1_저가,-0.0087928046897862,0.0354901787562188,False,False,False,비타겟
1190291776,Q1_저가,-0.0104639863930523,0.0354835878173036,False,False,False,비타겟
1083950400,Q1_저가,-0.0073197506188487,0.0354752016518737,False,False,False,비타겟
1161568320,Q4_고가,-0.0093672360834763,0.0354468254723687,False,False,True,비타겟
246339456,Q4_고가,-0.0140852725299682,0.0354439227641741,False,False,True,비타겟
1035777920,Q1_저가,-0.0187675045470094,0.0354392072686587,False,False,False,비타겟
42097792,Q3,-0.0060071902519526,0.0354290970675799,False,False,False,비타겟
856935616,Q1_저가,-0.0095387581821582,0.0354189577508994,False,False,False,비타겟
213603328,Q4_고가,0.0256825774313254,0.0353906825580421,False,False,True,비타겟
443674944,Q3,-0.0121598535934074,0.0353794426257822,False,False,False,비타겟
337552576,Q3,-0.0129473731499434,0.0353787511431329,False,False,False,비타겟
1533347392,Q4_고가,-0.0088134374071257,0.0353685876582148,False,False,True,비타겟
763142656,Q2,-0.0046197489341486,0.0353663275737665,False,False,False,비타겟
1376478272,Q2,-0.0191087226134729,0.0353586060982491,False,False,False,비타겟
781786176,Q3,-0.0129386779181003,0.0353431369108913,False,False,False,비타겟
1343898048,Q2,-0.0176269334022052,0.0353204397230671,False,False,False,비타겟
998728448,Q1_저가,-0.0114121946518462,0.0353141666930937,False,False,False,비타겟
1552629376,Q1_저가,-0.0067718591480552,0.0353131248133589,False,False,False,비타겟
830866240,Q2,-0.0129055003922424,0.0352902674101568,False,False,False,비타겟
838429440,Q1_저가,-0.0090885175246503,0.0352900274974661,False,False,False,비타겟
214453376,Q2,-0.0077464656603987,0.0352826494069451,False,False,False,비타겟
493677440,Q4_고가,0.0242551093410464,0.0352689874464723,False,False,True,비타겟
1503040768,Q2,0.0206964581758462,0.0352652492047755,False,False,False,비타겟
1375229184,Q1_저가,-0.0098001489177107,0.0352583589208452,False,False,False,비타겟
1433635648,Q2,0.0226085329838616,0.0352540892857927,False,False,False,비타겟
635494400,Q1_저가,-0.0108215553095667,0.0352359462508423,False,False,False,비타겟
760991552,Q1_저가,-0.004920494619966,0.035231757501532,False,False,False,비타겟
640962176,Q2,-0.012409026846039,0.0352225030020204,False,False,False,비타겟
724762432,Q4_고가,0.0163036595205616,0.0352167787477503,False,False,False,비타겟
356979328,Q1_저가,-0.0107484800042953,0.0352109226550683,False,False,False,비타겟
1364572032,Q1_저가,-0.0111848678164454,0.0352040991530393,False,False,False,비타겟
464764672,Q2,-0.0121778554782039,0.0352035465091221,False,False,False,비타겟
553680064,Q1_저가,-0.0038411558227235,0.0352020130273801,False,False,False,비타겟
970164608,Q4_고가,-0.0364087335788362,0.0352010235076839,False,False,True,비타겟
1050286272,Q3,-0.0131793070700145,0.035200090112534,False,False,False,비타겟
795366528,Q2,-0.0132214968329073,0.0351996656353833,False,False,False,비타겟
331034304,Q1_저가,-0.0101385617678637,0.0351981863344573,False,False,False,비타겟
867043392,Q1_저가,-0.0114503877516837,0.0351951217963383,False,False,False,비타겟
56470656,Q3,-0.0132443828157912,0.0351902035141819,False,False,False,비타겟
1398386496,Q2,-0.0042893710002737,0.0351781523734723,False,False,False,비타겟
932073920,Q1_저가,-0.0096679171815765,0.0351745063430207,False,False,False,비타겟
749347008,Q4_고가,-0.0139541288610386,0.0351583959765232,False,False,True,비타겟
362747776,Q2,-0.0125958714034701,0.0351519905446899,False,False,False,비타겟
927049728,Q1_저가,-0.0121183258861245,0.0351414347204911,False,False,False,비타겟
88759488,Q3,0.0250697977578062,0.0351391549703412,False,False,False,비타겟
1249190080,Q4_고가,-0.0086795095668446,0.0351348831770913,False,False,True,비타겟
397544064,Q2,-0.0126225110402592,0.0351341265004502,False,False,False,비타겟
771895552,Q3,-0.0135487009657619,0.0351325367675465,False,False,False,비타겟
19391488,Q1_저가,-0.008772854894498,0.0351324019533561,False,False,False,비타겟
999641600,Q2,-0.0125931388402645,0.0351011047595316,False,False,False,비타겟
857303104,Q1_저가,-0.0047247913203906,0.0350948109389863,False,False,False,비타겟
353590272,Q3,0.0179785135037537,0.0350834686986579,False,False,False,비타겟
424521024,Q4_고가,0.0377781942638497,0.0350834393307983,False,True,True,비타겟
176273600,Q3,-0.0128075763083235,0.035069835498847,False,False,False,비타겟
62688256,Q4_고가,-0.0090513645200863,0.0350691278447252,False,False,True,비타겟
359627840,Q3,0.0206152666227398,0.0350613114729229,False,False,False,비타겟
1069984000,Q4_고가,-0.0044942806380696,0.0350611339975388,False,False,False,비타겟
742906688,Q4_고가,0.0250675131934789,0.0350587013759895,False,False,False,비타겟
276772288,Q1_저가,-0.0100737568298797,0.0350450724550248,False,False,False,비타겟
1123789440,Q3,-0.0132658150697317,0.0350402885567924,False,False,False,비타겟
816127744,Q3,-0.0124099949502879,0.0350398187128145,False,False,False,비타겟
859422656,Q2,-0.013002954584865,0.0350262624387906,False,False,False,비타겟
648042816,Q3,-0.0129957826054581,0.03501863677272,False,False,False,비타겟
716393728,Q4_고가,-0.0050458775001524,0.034985018855287,False,False,True,비타겟
884352448,Q3,0.0041041500573789,0.0349722886192996,False,False,False,비타겟
843409088,Q4_고가,-0.0134026012964219,0.0349688179676231,False,False,True,비타겟
1248494080,Q4_고가,-0.015848718663043,0.0349584556650814,False,False,True,비타겟
409615488,Q1_저가,-0.0104137521492409,0.0349582611957709,False,False,False,비타겟
1051308928,Q1_저가,-0.0121020765786451,0.0349530812811175,False,False,False,비타겟
313682560,Q1_저가,-0.0038421176504095,0.0349488773238465,False,False,False,비타겟
700073920,Q4_고가,-0.0161558537797262,0.0349422378006334,False,False,True,비타겟
56528192,Q1_저가,-0.0036695695865759,0.0349290418681376,False,False,False,비타겟
943146816,Q3,-0.0128881400862338,0.0349275006552322,False,False,False,비타겟
919222976,Q2,0.0230048199588145,0.0349216547671389,False,False,False,비타겟
1280996352,Q4_고가,-0.0107149807893372,0.03489309274043,False,False,True,비타겟
1075429504,Q4_고가,-0.0104526169235788,0.0348894210355633,False,False,False,비타겟
1202984960,Q2,-0.0128685925845585,0.0348863824111172,False,False,False,비타겟
322448448,Q4_고가,-0.0167617748813221,0.0348835921975291,False,False,True,비타겟
1450502976,Q1_저가,-0.0110190421751479,0.0348654060205326,False,False,False,비타겟
1581865088,Q3,-0.0109888564797571,0.0348630874813482,False,False,False,비타겟
1135294784,Q1_저가,-0.0037735214804177,0.0348422140963127,False,False,False,비타겟
1381964608,Q1_저가,-0.0124365934080338,0.0347949102291683,False,False,False,비타겟
1159517440,Q3,-0.0135452009191165,0.0347422378730621,False,False,False,비타겟
1313678656,Q4_고가,-0.0127866642427096,0.0347394429070459,False,False,False,비타겟
798518016,Q1_저가,-0.0091845827691955,0.0347386770448759,False,False,False,비타겟
946248192,Q1_저가,-0.0103466996107932,0.0347378230727579,False,False,False,비타겟
1551784896,Q2,-0.0056736868687127,0.0347268295109687,False,False,False,비타겟
1462034304,Q3,0.0135283010684055,0.0347103157159738,False,False,False,비타겟
766143808,Q1_저가,-0.0115911177128351,0.034694918970301,False,False,False,비타겟
344076416,Q1_저가,-0.0096858416292549,0.0346948656357296,False,False,False,비타겟
843581696,Q4_고가,-0.0134694861666071,0.0346940435961533,False,False,True,비타겟
1362617664,Q2,0.0120335407531743,0.0346589684907027,False,False,False,비타겟
864589760,Q3,-0.0132127964777088,0.0346553790350397,False,False,False,비타겟
233516352,Q3,-0.0132981259876443,0.0346457535271801,False,False,False,비타겟
480581504,Q3,-0.0124323157333058,0.0346348318550508,False,False,False,비타겟
693692992,Q3,-0.0110785575072746,0.0346170586770616,False,False,False,비타겟
1226927360,Q1_저가,-0.0114974757687195,0.0346159781050608,False,False,False,비타겟
848579904,Q4_고가,0.0222476638870818,0.0346128880235239,False,False,False,비타겟
1355952768,Q2,-0.0034546560509934,0.0346016762293804,False,False,False,비타겟
64972992,Q4_고가,-0.0138175178928207,0.034601670550824,False,False,True,비타겟
735078080,Q1_저가,-0.0096063978928606,0.0345927001599804,False,False,False,비타겟
1109063936,Q2,0.0026326653846457,0.0345751058876507,False,False,False,비타겟
1334965120,Q2,-0.0387718100242468,0.0345744315743825,False,False,False,비타겟
955223808,Q1_저가,-0.0094277960548204,0.0345705724729629,False,False,False,비타겟
994387264,Q1_저가,-0.0119570561631431,0.0345387006664878,False,False,False,비타겟
387269248,Q4_고가,-0.0013672830581159,0.0345335726556636,False,False,False,비타겟
804808000,Q4_고가,0.015336159443593,0.0345252914957798,False,False,True,비타겟
544901184,Q4_고가,0.019016695359287,0.034519701039439,False,False,True,비타겟
235244288,Q4_고가,-0.0138159607386871,0.0345171768925066,False,False,True,비타겟
793989376,Q4_고가,-0.0084744460071249,0.0345121142491916,False,False,True,비타겟
790670848,Q1_저가,-0.0086540612939765,0.03449853380347,False,False,False,비타겟
474634880,Q2,-0.0118083691231457,0.0344853192929984,False,False,False,비타겟
29658880,Q3,-0.0133064301906072,0.034477188506318,False,False,False,비타겟
1371103296,Q4_고가,-0.0140859672696353,0.0344695233290721,False,False,True,비타겟
1303587584,Q1_저가,0.0240250526534779,0.0344560075426474,False,False,False,비타겟
422614912,Q4_고가,-0.0072474493564218,0.0344474478271885,False,False,True,비타겟
1277297344,Q1_저가,-0.0107764723950456,0.0344453049262393,False,False,False,비타겟
776745280,Q3,-0.0128647733426278,0.0344206175814223,False,False,False,비타겟
345000704,Q1_저가,-0.0148945308256775,0.0344064997603403,False,False,False,비타겟
1522909248,Q4_고가,0.0250427470490798,0.0343903151283756,False,False,True,비타겟
797872128,Q3,-0.0135354404335918,0.0343870420595921,False,False,False,비타겟
1108947008,Q4_고가,-0.0073712335055526,0.034386142872412,False,False,True,비타겟
1275782848,Q2,-0.0126959025892266,0.0343826928674664,False,False,False,비타겟
211274048,Q3,0.0248225117479731,0.0343665698330077,False,False,False,비타겟
1527397056,Q1_저가,0.0111693751876465,0.0343557930198499,False,False,False,비타겟
1185635072,Q1_저가,-0.0115990163115802,0.0343503777156125,False,False,False,비타겟
962297024,Q3,0.0240227713804805,0.0343495163989568,False,False,False,비타겟
478875840,Q3,-0.0130386429778346,0.0343438884335829,False,False,False,비타겟
890738944,Q3,0.0241647725456251,0.0343388547519194,False,False,False,비타겟
1147488704,Q1_저가,-0.0114076242997536,0.03433676995612,False,False,False,비타겟
51927168,Q3,-0.0118704890518969,0.0343132051335657,False,False,False,비타겟
1499688832,Q4_고가,-0.0232676046600331,0.0343128784032018,False,False,True,비타겟
436939520,Q2,-0.0536770626801951,0.0343026856186354,False,False,False,비타겟
1010404544,Q1_저가,-0.0107791144002317,0.0342966839298378,False,False,False,비타겟
925509248,Q4_고가,0.0066243330843805,0.0342868485627082,False,False,False,비타겟
787901696,Q1_저가,-0.0110099913560121,0.0342626332060849,False,False,False,비타겟
461524096,Q1_저가,-0.0118498697234754,0.0342528483139329,False,False,False,비타겟
1217274304,Q4_고가,0.0008203436823762,0.0342477481631109,False,False,True,비타겟
1023609984,Q1_저가,-0.0089538728119751,0.034239470465951,False,False,False,비타겟
1096079360,Q2,-0.0122713268426838,0.0342344422246933,False,False,False,비타겟
836749760,Q2,-0.0031158067453218,0.034228585883021,False,False,False,비타겟
1195367936,Q3,-0.0131555088062361,0.0342173433604414,False,False,False,비타겟
885345408,Q3,-0.0121813812539498,0.0341737902040514,False,False,False,비타겟
350498176,Q3,0.0246725980283543,0.0341704377516105,False,False,False,비타겟
1150731136,Q4_고가,-0.0158480769236646,0.0341681886480101,False,False,True,비타겟
745727808,Q4_고가,0.0241945869470894,0.0341592095344036,False,False,True,비타겟
1167982656,Q4_고가,-0.0144176215030539,0.0341454410760026,False,False,True,비타겟
63723904,Q1_저가,-0.0108361262213127,0.0341290262621922,False,False,False,비타겟
1263691008,Q3,-0.0134300789836397,0.0341066273175048,False,False,False,비타겟
1604866496,Q1_저가,-0.0107118794275896,0.0340710552669072,False,False,False,비타겟
947562240,Q3,-0.0102762404275459,0.0340703220786031,False,False,False,비타겟
376636224,Q3,-0.0133321679876985,0.0340367377095608,False,False,False,비타겟
800182848,Q4_고가,-0.0145391282378865,0.0340333889239993,False,False,True,비타겟
252701824,Q1_저가,-0.0099479658509184,0.0340283606801805,False,False,False,비타겟
628926016,Q2,-0.0129172318377795,0.0340119142282967,False,False,False,비타겟
1356171776,Q2,0.0129604384033434,0.0340118446538655,False,False,False,비타겟
289248320,Q4_고가,0.0303573498075994,0.0340098805177566,False,True,True,비타겟
1043857088,Q1_저가,-0.0122016317054965,0.0339962804828306,False,False,False,비타겟
291417984,Q3,-0.0138804844125902,0.0339792551689747,False,False,False,비타겟
1452032320,Q4_고가,-0.0144118121770912,0.0339644216614129,False,False,True,비타겟
398967616,Q4_고가,-0.0079027057379987,0.0339523536440136,False,False,True,비타겟
848958528,Q1_저가,-0.0029837829549428,0.033928722761764,False,False,False,비타겟
152746944,Q4_고가,-0.0387710931655425,0.0338929179624276,False,False,True,비타겟
229917568,Q1_저가,-0.001956421572588,0.0338682202586562,False,False,False,비타겟
171873024,Q4_고가,-0.0150286435885441,0.0338663511954856,False,False,True,비타겟
711055872,Q4_고가,0.0320135795811981,0.0338598255639438,False,True,True,비타겟
602377792,Q2,-0.0195606428075434,0.0338553576701181,False,False,False,비타겟
70305280,Q3,-0.0133636509390338,0.0338465862019429,False,False,False,비타겟
1204588544,Q2,-0.0130269972170639,0.0338380644566821,False,False,False,비타겟
766297856,Q2,-0.0126908594257124,0.0338242977139875,False,False,False,비타겟
1485629632,Q2,0.0220939268813825,0.0338225145833939,False,False,False,비타겟
602060416,Q4_고가,-0.0170034339497388,0.0338083382331126,False,False,True,비타겟
1087979776,Q2,-0.0129575429590609,0.033805828098684,False,False,False,비타겟
300744384,Q4_고가,-0.0112600267869785,0.0338033930908235,False,False,False,비타겟
666357824,Q4_고가,-0.0138704320890378,0.033796464635888,False,False,False,비타겟
879476736,Q3,-0.0132966354252238,0.0337854796520375,False,False,False,비타겟
214664960,Q4_고가,-0.0129970552490233,0.033777431443284,False,False,True,비타겟
544340672,Q3,0.0067058296458584,0.0337735696071255,False,False,False,비타겟
1000491648,Q3,0.0181659454195918,0.0337478044194,False,False,False,비타겟
574884864,Q1_저가,-0.0183320794502752,0.0337471773701088,False,False,False,비타겟
876648192,Q2,-0.0129265901861737,0.03373804990108,False,False,False,비타겟
1463838336,Q2,-0.0154471187985724,0.0337201352875158,False,False,False,비타겟
1370548352,Q1_저가,-0.0074018583704204,0.0337081415463468,False,False,False,비타겟
853026880,Q4_고가,0.0188475439470547,0.0337027631675591,False,False,True,비타겟
152572480,Q1_저가,-0.0102651513001343,0.0336805117817647,False,False,False,비타겟
677180160,Q3,-0.0129205411169813,0.0336804354991353,False,False,False,비타겟
474837184,Q1_저가,-0.0101988175533418,0.0336491770513612,False,False,False,비타겟
704585856,Q1_저가,-0.0119624567097297,0.0336411897440571,False,False,False,비타겟
1136271040,Q1_저가,-0.0109894136492854,0.0336205665651563,False,False,False,비타겟
889881472,Q1_저가,-0.0098707677510878,0.0336147844970961,False,False,False,비타겟
886321664,Q3,0.0251707178384942,0.0336113885163221,False,False,False,비타겟
652116736,Q1_저가,-0.0084185162983686,0.0335971418408886,False,False,False,비타겟
551126208,Q3,-0.0126913949971076,0.0335836122937408,False,False,False,비타겟
415630784,Q3,-0.0127303282972451,0.0335780651354724,False,False,False,비타겟
862017344,Q1_저가,-0.0113456116210733,0.0335690428466419,False,False,False,비타겟
846905792,Q1_저가,-0.0035022461748177,0.0335605476358627,False,False,False,비타겟
271887296,Q1_저가,0.0239404416749531,0.0335379497674858,False,False,False,비타겟
907203520,Q4_고가,-0.0147161237495222,0.0335197834797811,False,False,True,비타겟
454372928,Q1_저가,-0.0114099081886254,0.0335141846139079,False,False,False,비타겟
762342720,Q1_저가,0.0180479614735867,0.0335132088095694,False,False,False,비타겟
893912704,Q1_저가,-0.0114185589827353,0.0335124998945242,False,False,False,비타겟
192105280,Q4_고가,-0.0137647277251676,0.0335111714056673,False,False,True,비타겟
826055488,Q4_고가,-0.0140590566828777,0.0335046087854082,False,False,True,비타겟
1312114048,Q2,-0.0120463242794111,0.033503206874158,False,False,False,비타겟
1529711488,Q4_고가,-0.0172111830598159,0.0334542013975135,False,False,True,비타겟
746923072,Q3,-0.0058053573760936,0.0334360336550388,False,False,False,비타겟
611282880,Q2,0.0231727932782716,0.033424597488258,False,False,False,비타겟
749892672,Q3,-0.0127109019070089,0.0334015758815432,False,False,False,비타겟
201674816,Q4_고가,-0.0139261692773571,0.033398234120919,False,False,True,비타겟
841595776,Q2,-0.0130642190902358,0.0333967522946813,False,False,False,비타겟
1047836352,Q1_저가,-0.0099253396836369,0.0333948563208873,False,False,False,비타겟
584066496,Q3,0.0094650589559336,0.0333851133793325,False,False,False,비타겟
432867456,Q1_저가,-0.0121299562448978,0.033384377777253,False,False,False,비타겟
923196672,Q2,-0.0125650572387843,0.0333442436174101,False,False,False,비타겟
1565925760,Q1_저가,-0.0084656340280265,0.0333388841522257,False,False,False,비타겟
1490169408,Q3,-0.008423822154745,0.0333365367283417,False,False,False,비타겟
1016210112,Q3,-0.0326372142511547,0.0332888459550883,False,False,False,비타겟
297372032,Q2,-0.012776614347608,0.033288106164923,False,False,False,비타겟
540541440,Q3,-0.0138609639616973,0.0332578590881478,False,False,False,비타겟
130684672,Q3,-0.0124545232082283,0.0332428298872775,False,False,False,비타겟
748075648,Q4_고가,0.0232311824102078,0.0332402410666455,False,False,True,비타겟
577145472,Q2,-0.0116705099657401,0.0332378406212937,False,False,False,비타겟
78785344,Q3,-0.0136771685970118,0.0332267457130288,False,False,False,비타겟
744172480,Q4_고가,0.0274059879722389,0.0332064441768119,False,True,True,비타겟
89420224,Q4_고가,-0.0141587389369033,0.0331999887152511,False,False,True,비타겟
957523392,Q3,-0.0127943284872744,0.033193526953913,False,False,False,비타겟
752832576,Q4_고가,0.0694897179257502,0.0331833342796865,False,True,True,비타겟
238562816,Q3,0.0177241078079504,0.0331681908077947,False,False,False,비타겟
1576820480,Q4_고가,-0.0154399184182622,0.0331640946444989,False,False,True,비타겟
707351296,Q1_저가,-0.0116821835055664,0.0331598085756803,False,False,False,비타겟
1001744448,Q3,-0.0210194668538493,0.0331528663872364,False,False,False,비타겟
907025344,Q1_저가,-0.0159720436887065,0.0331492427989655,False,False,False,비타겟
181702400,Q4_고가,0.0314118785337724,0.0331424176983606,False,True,True,비타겟
352777344,Q4_고가,-0.0289024280105308,0.0331302846157135,False,False,True,비타겟
523388288,Q4_고가,-0.0140291307670762,0.0331224858690488,False,False,True,비타겟
1218606912,Q1_저가,-0.0099697769945795,0.0331136721274816,False,False,False,비타겟
1040393792,Q3,0.012738440937539,0.033105665188972,False,False,False,비타겟
489930176,Q4_고가,-0.0063835476153874,0.0331050943325781,False,False,True,비타겟
37253632,Q2,-0.0128422042021139,0.0331033663509043,False,False,False,비타겟
286378944,Q1_저가,-0.0123679922969192,0.0330876087261316,False,False,False,비타겟
763660480,Q1_저가,-0.0095962450493948,0.0330728134754025,False,False,False,비타겟
1295584512,Q1_저가,-0.0103576253299259,0.0330464345269926,False,False,False,비타겟
636411264,Q4_고가,-0.0155468223201423,0.0330326959885956,False,False,True,비타겟
1291959744,Q1_저가,-0.0081070887141406,0.0330051636872909,False,False,False,비타겟
1351737792,Q1_저가,-0.0100968260518633,0.0329925720778269,False,False,False,비타겟
1208703296,Q2,0.0101529460153688,0.0329880708656291,False,False,False,비타겟
978273472,Q1_저가,-0.0063905992196336,0.0329858740783925,False,False,False,비타겟
1376236992,Q1_저가,-0.0095160669355044,0.0329817582971034,False,False,False,비타겟
1010204096,Q2,-0.0123330242206831,0.0329688004216808,False,False,False,비타겟
1015762816,Q4_고가,0.0127217824066393,0.0329614864510327,False,False,True,비타겟
931021568,Q3,-0.0130764962046879,0.0329543994099056,False,False,False,비타겟
761164160,Q2,-0.0125014214241331,0.0329540719095671,False,False,False,비타겟
503517952,Q1_저가,-0.0095363624866692,0.0329400781427715,False,False,False,비타겟
149168576,Q4_고가,-0.0142657593528525,0.0329395092094311,False,False,True,비타겟
547570112,Q1_저가,-0.0095566568505667,0.0329335479302746,False,False,False,비타겟
1556354368,Q1_저가,-0.011725099070247,0.0329182201327974,False,False,False,비타겟
133593024,Q2,0.0221011866495701,0.0328990181613066,False,False,False,비타겟
894205952,Q2,-0.0143991046765135,0.0328903130039624,False,False,False,비타겟
856041024,Q1_저가,0.0065346035063807,0.0328876196111651,False,False,False,비타겟
192313152,Q1_저가,-0.0115902626893046,0.0328687384399499,False,False,False,비타겟
621600384,Q1_저가,-0.0113328981968823,0.0328466108764982,False,False,False,비타겟
777127616,Q2,-0.0198450939072927,0.0328345249164574,False,False,False,비타겟
1475193344,Q1_저가,-0.0212684246582173,0.0328210274818902,False,False,False,비타겟
764855744,Q4_고가,-0.0065204423071684,0.0328122082542396,False,False,True,비타겟
826706944,Q1_저가,-0.0074711290986446,0.0327882325220812,False,False,False,비타겟
1039965056,Q1_저가,-0.0097427382929442,0.0327816641282544,False,False,False,비타겟
381472960,Q2,-0.0128028954095978,0.0327808431649523,False,False,False,비타겟
604020352,Q2,-0.0012165422831386,0.0327762035082266,False,False,False,비타겟
320122880,Q1_저가,-0.011315701753986,0.0327712903120305,False,False,False,비타겟
112648064,Q4_고가,0.0220088240724388,0.0327604051225942,False,False,False,비타겟
529912128,Q1_저가,-0.0086256356147289,0.0327367733925501,False,False,False,비타겟
225312832,Q4_고가,0.0241303140163652,0.0327294726394797,False,False,False,비타겟
768502784,Q4_고가,-0.0145776760277704,0.0327065266809779,False,False,False,비타겟
472190528,Q3,0.0255133475931523,0.0326947461716577,False,False,False,비타겟
1334746112,Q2,-0.0130126703190105,0.032679344518838,False,False,False,비타겟
1328109056,Q1_저가,-0.0116134590689998,0.0326724937763819,False,False,False,비타겟
769235904,Q2,0.0170390004772181,0.0326639643306631,False,False,False,비타겟
981603136,Q4_고가,-0.0128789685986415,0.0326552237010963,False,False,False,비타겟
519152896,Q1_저가,-0.0114267117371682,0.0326455275933158,False,False,False,비타겟
100225856,Q2,-0.0128816683316782,0.0326416639128351,False,False,False,비타겟
761067648,Q4_고가,0.0520196285842569,0.0326329929633245,False,True,True,비타겟
761533504,Q1_저가,0.0107193173288673,0.0326291725629833,False,False,False,비타겟
1067003264,Q4_고가,-0.0142052113487357,0.0326151682027086,False,False,True,비타겟
1290415552,Q1_저가,0.0069876595256198,0.0326140622228172,False,False,False,비타겟
680366912,Q4_고가,0.0141114372663945,0.032596482593025,False,False,False,비타겟
205709760,Q2,-0.0126472210255056,0.0325951839944596,False,False,False,비타겟
406580928,Q1_저가,-0.0123373429571984,0.0325923604863915,False,False,False,비타겟
20258240,Q1_저가,-0.01008161807373,0.0325901073765487,False,False,False,비타겟
759625536,Q1_저가,-0.0120842654034837,0.0325872162058738,False,False,False,비타겟
416506816,Q4_고가,-0.0171734287691363,0.0325771083610024,False,False,True,비타겟
748185152,Q4_고가,0.0594329588508153,0.0325730134694109,False,True,True,비타겟
639844864,Q1_저가,-0.0114554360838136,0.032572549265849,False,False,False,비타겟
187587776,Q4_고가,-0.0091578502291359,0.0325710153291122,False,False,True,비타겟
1269427904,Q4_고가,0.005457790431019,0.0325616739170374,False,False,True,비타겟
431349248,Q4_고가,-0.0136450593415875,0.0325494940039981,False,False,False,비타겟
381042368,Q1_저가,-0.011539236336625,0.0325476948355009,False,False,False,비타겟
544351808,Q3,0.0175812243491791,0.0325378426365705,False,False,False,비타겟
943805696,Q2,-0.0160984721001399,0.0325348807737453,False,False,False,비타겟
765638976,Q3,-0.0133746684441684,0.0325288047591631,False,False,False,비타겟
368184000,Q4_고가,-0.0139756864616285,0.0325156575796442,False,False,True,비타겟
863394496,Q4_고가,-0.0121448844121989,0.0325098890165195,False,False,False,비타겟
1183548928,Q1_저가,-0.0121931454455339,0.0324995025690912,False,False,False,비타겟
160937472,Q3,-0.0168524156050759,0.0324914803672278,False,False,False,비타겟
1005475008,Q1_저가,-0.010317463711499,0.0324785414799382,False,False,False,비타겟
276059584,Q1_저가,-0.0091647682004937,0.0324518423611073,False,False,False,비타겟
1463708416,Q1_저가,-0.0121051907299562,0.0324358521230156,False,False,False,비타겟
999654592,Q4_고가,-0.0141674773495868,0.032435134871055,False,False,True,비타겟
902854912,Q2,-0.0113151597170393,0.0324320644005545,False,False,False,비타겟
413494528,Q1_저가,-0.0110046388017399,0.0324280099875982,False,False,False,비타겟
116974400,Q3,0.0180645094281081,0.0324279387002525,False,False,False,비타겟
991614400,Q2,-0.0005643028854859,0.0324225190411091,False,False,False,비타겟
763215040,Q1_저가,-0.0044367566325222,0.0324095016089518,False,False,False,비타겟
1357625024,Q1_저가,0.0019267713227151,0.0323937566432284,False,False,False,비타겟
791550592,Q4_고가,-0.0041108297137468,0.0323857394858372,False,False,False,비타겟
1580623424,Q2,-0.0151224143612342,0.0323821753617192,False,False,False,비타겟
409619200,Q4_고가,-0.0072458169867643,0.0323790114616721,False,False,True,비타겟
1582965696,Q4_고가,-0.0140918956765195,0.0323700400878968,False,False,True,비타겟
721592384,Q1_저가,0.0100837740776381,0.0323535296676018,False,False,False,비타겟
926706368,Q4_고가,-0.0105935464596268,0.0323438630580901,False,False,True,비타겟
750920896,Q3,-0.0122452516630533,0.0323390182099969,False,False,False,비타겟
1095884480,Q1_저가,-0.012124153987688,0.032335220826149,False,False,False,비타겟
1321195456,Q3,-0.0124818173864856,0.0323319473283359,False,False,False,비타겟
548557504,Q3,-0.0130416472516081,0.0323156454954176,False,False,False,비타겟
215362816,Q1_저가,-0.0170994528683861,0.0323127231887222,False,False,False,비타겟
893227840,Q2,5.057535969438254e-06,0.0322972379593621,False,False,False,비타겟
1026275200,Q2,0.0211900714595291,0.0322950410203722,False,False,False,비타겟
723784320,Q2,-0.014739258855112,0.032293120691984,False,False,False,비타겟
1598732416,Q3,-0.0131413972478213,0.0322894748028836,False,False,False,비타겟
214809728,Q4_고가,-0.0151958364727193,0.0322739784957402,False,False,True,비타겟
999593344,Q1_저가,-0.0114789883726048,0.0322694265141611,False,False,False,비타겟
853117824,Q2,-0.0117400316746193,0.0322624837084924,False,False,False,비타겟
940321984,Q1_저가,-0.0117386365467572,0.032261787422005,False,False,False,비타겟
1520205056,Q1_저가,-0.0008701057661215,0.032257052061512,False,False,False,비타겟
435378624,Q2,-0.0127371382266843,0.0322501504849122,False,False,False,비타겟
508724032,Q2,-0.0101445915840953,0.0322424124994925,False,False,False,비타겟
1004617536,Q2,-0.0122861601314568,0.0322385680424371,False,False,False,비타겟
871622144,Q3,0.0222478770623478,0.0322291194062569,False,False,False,비타겟
1258958208,Q1_저가,-0.0039825129183414,0.0322091770556376,False,False,False,비타겟
748027392,Q1_저가,-0.0083184635257683,0.0322007991077787,False,False,False,비타겟
368373312,Q2,0.0194839367525135,0.032179778074098,False,False,False,비타겟
685435648,Q1_저가,-0.013830397363639,0.0321736390752892,False,False,False,비타겟
592260736,Q4_고가,-0.0136239005248992,0.0321690622635303,False,False,True,비타겟
653636800,Q3,-0.0135990089382301,0.0321634456023999,False,False,False,비타겟
804759744,Q4_고가,0.0218637887121246,0.0321399805816953,False,False,False,비타겟
1226674944,Q2,-0.0119357967540055,0.0321344101851319,False,False,False,비타겟
821328256,Q4_고가,0.0560429064912447,0.0321255128798422,False,True,True,비타겟
120428416,Q1_저가,-0.0110392896311556,0.0321212362133295,False,False,False,비타겟
38270720,Q2,-0.0162388574697951,0.032112865194149,False,False,False,비타겟
455219264,Q3,0.0222208661276125,0.0321107492976568,False,False,False,비타겟
660054848,Q3,-0.0134390280740695,0.0320852305283629,False,False,False,비타겟
1286488256,Q1_저가,-0.0110060767707373,0.0320837886772352,False,False,False,비타겟
452600448,Q1_저가,-0.0117937470800758,0.0320704695949083,False,False,False,비타겟
999179456,Q2,-0.0050346792308015,0.0320648908093224,False,False,False,비타겟
958657408,Q3,0.0248509051602536,0.0320593833529156,False,False,False,비타겟
149359744,Q4_고가,0.0409507157611097,0.0320279874961404,False,True,True,비타겟
941003136,Q2,-0.012284724263196,0.0320107035727133,False,False,False,비타겟
1578433344,Q3,-0.0282545160474013,0.0319904633502551,False,False,False,비타겟
355177152,Q4_고가,0.0131658589419239,0.0319898596338349,False,False,False,비타겟
925559360,Q4_고가,-0.0128565174988448,0.0319840907728219,False,False,True,비타겟
593519104,Q4_고가,-0.0050936336308684,0.0319804966894133,False,False,True,비타겟
1006313920,Q1_저가,-0.011045781309975,0.0319775344953949,False,False,False,비타겟
1068037056,Q1_저가,-0.0081973914287864,0.0319753116510245,False,False,False,비타겟
973106368,Q4_고가,0.0280651933107215,0.0319551646166789,False,True,True,비타겟
624514304,Q4_고가,-0.0027254233732721,0.0319530031192473,False,False,False,비타겟
724185216,Q1_저가,-0.0103150132008224,0.0319426623563799,False,False,False,비타겟
747617216,Q4_고가,-0.0104957707449347,0.031940744986604,False,False,False,비타겟
1040816960,Q1_저가,-0.0116950028835794,0.0319395517255337,False,False,False,비타겟
1378206208,Q1_저가,-0.0211344764121396,0.0319285364956858,False,False,False,비타겟
1181245632,Q3,0.0181843550132122,0.0319083026763724,False,False,False,비타겟
526194560,Q4_고가,-0.0156036722292568,0.0318995390805513,False,False,True,비타겟
1481138112,Q2,0.0231541837065736,0.0318888727069858,False,False,False,비타겟
182409536,Q3,-0.0132767371224909,0.031887586029734,False,False,False,비타겟
270118528,Q4_고가,-0.0087745470999913,0.0318710661445119,False,False,True,비타겟
580595776,Q1_저가,-0.0079511108573992,0.031863658348292,False,False,False,비타겟
1107683072,Q1_저가,-0.0094483231840461,0.0318602901339917,False,False,False,비타겟
1298246016,Q1_저가,-0.0093738155185117,0.0318564751656837,False,False,False,비타겟
317281344,Q4_고가,0.0239553360438778,0.0318542864514936,False,False,False,비타겟
608647360,Q3,-0.0004004793777204,0.0318236730375646,False,False,False,비타겟
745833600,Q1_저가,-0.0123790680733524,0.0318149345873264,False,False,False,비타겟
1151401152,Q4_고가,0.0081697362493781,0.0317843170758825,False,False,True,비타겟
286792832,Q1_저가,-0.0095363987018795,0.0317648848530216,False,False,False,비타겟
1222216832,Q1_저가,-0.0106225155668004,0.0317387967045571,False,False,False,비타겟
702284416,Q1_저가,-0.0106807322658005,0.0317364655866559,False,False,False,비타겟
769857664,Q4_고가,-0.00630680045597,0.0317292227182918,False,False,True,비타겟
650958592,Q3,-0.0013153966613069,0.031714181828171,False,False,False,비타겟
712401472,Q1_저가,-0.0093262921687594,0.0317069181794791,False,False,False,비타겟
1214109824,Q1_저가,-0.0113284334149119,0.0317036104209042,False,False,False,비타겟
574883008,Q1_저가,-0.0117285153510152,0.031703095420535,False,False,False,비타겟
762990464,Q1_저가,-0.0091447197343156,0.031688934150424,False,False,False,비타겟
39284096,Q3,-0.0122257456373781,0.031680948025682,False,False,False,비타겟
974221824,Q1_저가,-0.0121180931380858,0.0316790337038292,False,False,False,비타겟
124236928,Q1_저가,-0.0122203316372842,0.0316753481028355,False,False,False,비타겟
1298260864,Q3,0.0170681360010481,0.0316395003650016,False,False,False,비타겟
1021475584,Q4_고가,-0.0137182052117757,0.0316363691542627,False,False,True,비타겟
1112913280,Q2,0.0152565962907258,0.0316193881596547,False,False,False,비타겟
1346600384,Q1_저가,-0.0117489716232951,0.0316181229032739,False,False,False,비타겟
348824064,Q4_고가,0.0253940035782862,0.0315980503633649,False,False,False,비타겟
747919744,Q1_저가,-0.0112581339229126,0.0315943960762729,False,False,False,비타겟
761680128,Q2,-0.0189619266873257,0.0315860970014599,False,False,False,비타겟
368395584,Q3,-0.0109988332133794,0.0315821826981391,False,False,False,비타겟
1295643904,Q3,0.0243415463957583,0.0315813633212734,False,False,False,비타겟
1094655808,Q1_저가,-0.0114002068613821,0.0315566851869825,False,False,False,비타겟
554028992,Q1_저가,-0.0110012188741616,0.0315393572312153,False,False,False,비타겟
950565248,Q4_고가,-0.0141472542061523,0.0315305731961985,False,False,True,비타겟
234069440,Q1_저가,0.0121587157333678,0.031517762194959,False,False,False,비타겟
906505664,Q2,-0.0112389403311247,0.0314965506890073,False,False,False,비타겟
111350720,Q4_고가,-0.0073460312431671,0.0314844278865214,False,False,True,비타겟
760412480,Q1_저가,-0.0066726769148812,0.0314837208276185,False,False,False,비타겟
1530455744,Q1_저가,-0.0120323674070116,0.0314823163944415,False,False,False,비타겟
299194624,Q4_고가,-0.003752548028772,0.0314755952284729,False,False,False,비타겟
1200200960,Q2,-0.012472491276794,0.0314649420745334,False,False,False,비타겟
391473088,Q1_저가,-0.0158122684737991,0.0314582143216345,False,False,False,비타겟
1386812480,Q3,-0.0208472369417651,0.0314402791943598,False,False,False,비타겟
1190520064,Q1_저가,0.0005499348549792,0.0314371465788134,False,False,False,비타겟
1490637120,Q3,0.0054296696173211,0.0314241421420121,False,False,False,비타겟
601559296,Q4_고가,-0.0151636049733061,0.0314235085367694,False,False,True,비타겟
983355200,Q1_저가,-0.0100390305794462,0.0314044164945908,False,False,False,비타겟
651552512,Q4_고가,0.0214872884711435,0.0313983295522621,False,False,False,비타겟
1104850816,Q2,-0.0092688379924146,0.0313963215326957,False,False,False,비타겟
570493568,Q1_저가,-0.0115247824349801,0.0313962959293927,False,False,False,비타겟
893944256,Q3,-0.007104270412657,0.0313867967564924,False,False,False,비타겟
1375039872,Q2,0.0230071354582369,0.0313792119998952,False,False,False,비타겟
547919040,Q1_저가,-0.0084633703293563,0.0313763991699719,False,False,False,비타겟
766823104,Q1_저가,-0.0111267789681611,0.0313715315369092,False,False,False,비타겟
456284608,Q4_고가,-0.0067601538133733,0.0313549532738269,False,False,True,비타겟
422908160,Q4_고가,0.0316060303179103,0.0313409953912956,False,True,True,비타겟
832028096,Q4_고가,-0.0145275963762852,0.0313356903610294,False,False,True,비타겟
350988160,Q1_저가,-0.0107880645605778,0.0313353733657983,False,False,False,비타겟
1033227776,Q1_저가,-0.0058730712605386,0.031321954891968,False,False,False,비타겟
1640241856,Q3,0.0047604932448165,0.0313209990594701,False,False,False,비타겟
1282477440,Q3,-0.0098468927918576,0.0313136046669954,False,False,False,비타겟
652213248,Q3,-0.0123926054809371,0.0313092024059985,False,False,False,비타겟
1098360384,Q3,-0.0134245242949285,0.0313061500883679,False,False,False,비타겟
768356160,Q2,-0.0128812277339106,0.031304212703462,False,False,False,비타겟
476526144,Q2,-0.0128923854100071,0.031298841737294,False,False,False,비타겟
244832384,Q1_저가,-0.0098719697635926,0.0312963144653302,False,False,False,비타겟
231524864,Q2,-0.0109583985220601,0.0312940964842898,False,False,False,비타겟
641390912,Q2,-0.0129407554335936,0.0312930866670722,False,False,False,비타겟
751579776,Q1_저가,0.0131382860510905,0.0312919725917521,False,False,False,비타겟
1006568192,Q3,-0.0133743182181816,0.0312919510075574,False,False,False,비타겟
1087539904,Q4_고가,-0.0130434803950417,0.0312817510964107,False,False,True,비타겟
1391925760,Q4_고가,0.0302058288507862,0.0312789345184737,False,True,True,비타겟
1367916544,Q1_저가,-0.010143005350793,0.0312782824705016,False,False,False,비타겟
207560192,Q4_고가,-0.0086132451620575,0.0312696719140988,False,False,True,비타겟
1417043008,Q1_저가,-0.0117274335867595,0.0312692793112788,False,False,False,비타겟
916984640,Q3,-0.0069632763937782,0.0312679873667491,False,False,False,비타겟
375552320,Q2,-0.0130205495398041,0.0312172218631488,False,False,False,비타겟
395699200,Q4_고가,-0.0143958998137393,0.0311848236553737,False,False,True,비타겟
710144576,Q2,0.018088133297064,0.031180120048093,False,False,False,비타겟
1382061120,Q1_저가,-0.0046490742320903,0.0311794915424094,False,False,False,비타겟
1321514688,Q4_고가,-0.014018457922348,0.0311741753765568,False,False,True,비타겟
252592320,Q2,-0.0255956010815918,0.0311705482055443,False,False,False,비타겟
764493824,Q2,0.0063524486795163,0.0311619021877354,False,False,False,비타겟
1469926016,Q4_고가,-0.011304672268186,0.0311533337739216,False,False,False,비타겟
1313901376,Q1_저가,-0.006230460972164,0.0311511663390561,False,False,False,비타겟
676111104,Q4_고가,-0.0161130836238276,0.0311401986259066,False,False,True,비타겟
155488256,Q1_저가,-0.0112622141402405,0.0311363004603651,False,False,False,비타겟
266701632,Q4_고가,-0.011689450446996,0.0311343911516342,False,False,True,비타겟
977341760,Q1_저가,-0.0124051211168902,0.0311154033248897,False,False,False,비타겟
869081280,Q1_저가,-0.0085907354568188,0.0311132798622233,False,False,False,비타겟
40822720,Q2,-0.0125441457515434,0.0311070945091866,False,False,False,비타겟
96719872,Q4_고가,-0.0084133922059469,0.031087520997954,False,False,True,비타겟
1119650560,Q1_저가,-0.0123852508300792,0.0310872747304441,False,False,False,비타겟
1607149376,Q3,-0.0181469083155683,0.0310762256820787,False,False,False,비타겟
838670720,Q1_저가,-0.0094477918384566,0.0310616968847144,False,False,False,비타겟
1042752768,Q2,0.0260552017429124,0.0310603837408005,False,False,False,비타겟
1459471168,Q2,-0.0048681703034735,0.0310396975560137,False,False,False,비타겟
1489549504,Q1_저가,-0.0023436541977097,0.0310083854892251,False,False,False,비타겟
281646144,Q4_고가,-0.0059190266126533,0.0310035446639011,False,False,True,비타겟
551187456,Q1_저가,-0.0099423270345061,0.0310007954455989,False,False,False,비타겟
740584832,Q1_저가,-0.0171832497345021,0.0309930538085404,False,False,False,비타겟
238087680,Q1_저가,-0.0124653384299429,0.0309819746153502,False,False,False,비타겟
880991232,Q1_저가,-0.011361060457564,0.0309658115908011,False,False,False,비타겟
729068352,Q4_고가,-0.0097170800518895,0.030960602190009,False,False,True,비타겟
1231945984,Q2,-0.0034349818071156,0.0309519130751267,False,False,False,비타겟
759955904,Q3,-0.0330007489480881,0.0309261481675988,False,False,False,비타겟
1022813760,Q1_저가,-0.0109377048843065,0.0309076941572944,False,False,False,비타겟
312659904,Q3,-0.0213559900831061,0.0309053953350559,False,False,False,비타겟
895241600,Q1_저가,-0.0120661558287554,0.0308982303158415,False,False,False,비타겟
1481052736,Q1_저가,-0.0103788281502169,0.030870379179302,False,False,False,비타겟
1082369088,Q4_고가,-0.0132855072528239,0.0308663756839714,False,False,False,비타겟
408299584,Q4_고가,-0.0139300463946268,0.0308640071204795,False,False,True,비타겟
184866880,Q1_저가,-0.010850887584406,0.0308270380101373,False,False,False,비타겟
468870144,Q3,-0.0171623001342158,0.0308210919183965,False,False,False,비타겟
204718656,Q1_저가,-0.0064140127078185,0.0308057026580182,False,False,False,비타겟
104871424,Q1_저가,-0.0118953935020011,0.0307881744033332,False,False,False,비타겟
836712640,Q3,0.0222359170860609,0.0307847462742769,False,False,False,비타겟
575881536,Q1_저가,-0.0094371302380129,0.0307709465345322,False,False,False,비타겟
975901504,Q2,-0.0128894335099252,0.0307663002987041,False,False,False,비타겟
1056193920,Q2,-0.0128968268573139,0.0307629859275068,False,False,False,비타겟
748916416,Q4_고가,0.027321484631866,0.0307525825085317,False,True,True,비타겟
312904896,Q1_저가,-0.0053521215536808,0.0307499862056271,False,False,False,비타겟
639020800,Q1_저가,-0.0103276538065331,0.0307497895479823,False,False,False,비타겟
1293891840,Q3,-0.0033909682720574,0.0307225927591619,False,False,False,비타겟
632758656,Q1_저가,-0.0242437468567769,0.0307185551485407,False,False,False,비타겟
823095168,Q1_저가,-0.0118070764902118,0.030714903015432,False,False,False,비타겟
657580800,Q1_저가,-0.0097486473052821,0.0306994537840608,False,False,False,비타겟
1098211904,Q4_고가,0.02591813050214,0.0306669140952586,False,False,True,비타겟
258887872,Q4_고가,0.0128020352284565,0.0306659221065061,False,False,False,비타겟
358508672,Q4_고가,-0.0076621235765315,0.0306619578716454,False,False,False,비타겟
1513657088,Q4_고가,0.023506960712633,0.030657244809826,False,False,True,비타겟
385539456,Q4_고가,-0.0412588015231034,0.0306394631041338,False,False,True,비타겟
1317049152,Q1_저가,-0.0111541078256517,0.0306224385397071,False,False,False,비타겟
909094784,Q3,-0.0134913741694482,0.030617609990116,False,False,False,비타겟
1132325184,Q3,-0.0132402769927157,0.030612535704596,False,False,False,비타겟
840255744,Q2,0.0223071767199805,0.0305988403200005,False,False,False,비타겟
841267264,Q1_저가,-0.0110113081272022,0.0305976423848326,False,False,False,비타겟
729539776,Q4_고가,-0.0119687997574376,0.030589551028393,False,False,False,비타겟
1242796160,Q2,-0.0193188921380671,0.0305861284438081,False,False,False,비타겟
420152000,Q2,-0.0126463006197109,0.0305710291027079,False,False,False,비타겟
764271104,Q4_고가,0.0312977142245193,0.0305708611810846,False,True,True,비타겟
1581872512,Q3,-0.0118439285520343,0.0305683254390389,False,False,False,비타겟
1035028096,Q4_고가,-0.0101220685463328,0.0305532190640958,False,False,False,비타겟
484664704,Q1_저가,-0.0099399087667515,0.0305340180694905,False,False,False,비타겟
62343040,Q3,0.0241876929798097,0.0305286584930231,False,False,False,비타겟
1329153984,Q4_고가,-0.0128201050831673,0.0305221292726429,False,False,True,비타겟
733608128,Q1_저가,-0.0122350463318478,0.0305140722009765,False,False,False,비타겟
364097088,Q4_고가,-0.0141857012560743,0.0305121584556955,False,False,True,비타겟
407817024,Q4_고가,-0.0138763028878562,0.0305107390813655,False,False,True,비타겟
993281088,Q1_저가,-0.0119883836838817,0.0305074307957187,False,False,False,비타겟
603424576,Q1_저가,-0.0045920655093407,0.0304981882205869,False,False,False,비타겟
893806912,Q1_저가,-0.0119232793674054,0.0304976070050081,False,False,False,비타겟
304202112,Q2,-0.0129334105365336,0.0304735860184471,False,False,False,비타겟
1481952896,Q4_고가,-0.0075193393838434,0.0304619358400374,False,False,True,비타겟
1502567488,Q1_저가,-0.0011656873596059,0.0304611477441489,False,False,False,비타겟
610937664,Q1_저가,-0.0175683955981487,0.0304477527455047,False,False,False,비타겟
1376771520,Q1_저가,-0.0108083904880349,0.0304463152574817,False,False,False,비타겟
889874048,Q1_저가,-0.0116188291711814,0.0304436683766405,False,False,False,비타겟
1075785856,Q1_저가,-0.0103536495127406,0.03044296826119,False,False,False,비타겟
840328128,Q1_저가,-0.0094648559950799,0.0304333183221105,False,False,False,비타겟
271516096,Q4_고가,-0.0111465521957139,0.03042387668691,False,False,True,비타겟
693553792,Q4_고가,-0.0137213666937562,0.0304198618346414,False,False,True,비타겟
1322034368,Q4_고가,-0.0335054189541854,0.0303995560309002,False,False,False,비타겟
1158385280,Q4_고가,0.0064751997317602,0.0303937809708504,False,False,False,비타겟
1019649280,Q1_저가,-0.012046455606503,0.030393415208126,False,False,False,비타겟
336028800,Q4_고가,0.0127472147934105,0.0303804227046828,False,False,True,비타겟
1283733952,Q3,-0.013416899957447,0.030378718582585,False,False,False,비타겟
1189508544,Q1_저가,-0.0091828159386007,0.0303732767799637,False,False,False,비타겟
745926400,Q4_고가,0.0141966188269993,0.0303671128184735,False,False,False,비타겟
1527053696,Q2,0.0097307626158885,0.0303652540193591,False,False,False,비타겟
49742656,Q1_저가,-0.0106986733195652,0.0303367180569918,False,False,False,비타겟
559552448,Q3,0.0054581341950026,0.0303361175757504,False,False,False,비타겟
769519872,Q1_저가,-0.0107503520615976,0.0303330033374219,False,False,False,비타겟
715345088,Q1_저가,-0.0120869996479749,0.0303255487555261,False,False,False,비타겟
212875776,Q1_저가,-0.0074711290986446,0.0303246445501727,False,False,False,비타겟
46487232,Q2,0.0237402345929259,0.0302975432509193,False,False,False,비타겟
1234355072,Q1_저가,-0.0229229860473917,0.0302695295810773,False,False,False,비타겟
718591232,Q1_저가,-0.0122255677276261,0.0302640590769586,False,False,False,비타겟
219587072,Q1_저가,-0.0121731479348845,0.0302399595828763,False,False,False,비타겟
38859072,Q1_저가,-0.0035333263923164,0.0301835450924854,False,False,False,비타겟
316154752,Q1_저가,-0.0180845654423062,0.0301826464525444,False,False,False,비타겟
1357188864,Q1_저가,-0.0044026018897975,0.0301678572448137,False,False,False,비타겟
353452928,Q1_저가,-0.0082231854572133,0.0301635794704469,False,False,False,비타겟
681096320,Q4_고가,-0.0109582174367335,0.0301410121183311,False,False,False,비타겟
1334443584,Q2,-0.0004566616422114,0.0301352634678432,False,False,False,비타겟
552124736,Q4_고가,-0.0222606716215508,0.0301283425837012,False,False,True,비타겟
747470592,Q4_고가,-0.0139596569017715,0.0301242191785091,False,False,True,비타겟
1057253696,Q1_저가,-0.0143459144997727,0.0301158131749044,False,False,False,비타겟
99062144,Q1_저가,-0.0118003704513902,0.0301128878648057,False,False,False,비타겟
252854016,Q2,-0.0122742003653601,0.0301125931565593,False,False,False,비타겟
453617536,Q3,0.0213439787933954,0.0300964435500676,False,False,False,비타겟
471086208,Q1_저가,-0.0123606289496858,0.0300778413087692,False,False,False,비타겟
1183569344,Q4_고가,-0.0136086553779355,0.0300778262756849,False,False,True,비타겟
796491264,Q4_고가,-0.0140394930446777,0.0300669453820241,False,False,True,비타겟
805067840,Q3,0.024752453824746,0.030061422634245,False,False,False,비타겟
373805824,Q2,-0.0061808057190274,0.0300570332329484,False,False,False,비타겟
1025131904,Q1_저가,-0.0080441248503599,0.0300566049163781,False,False,False,비타겟
1559704448,Q4_고가,-0.0179012697770443,0.0300313478083503,False,False,False,비타겟
1011625792,Q2,-0.0123293544404667,0.030028135165338,False,False,False,비타겟
958538624,Q1_저가,-0.0101606708726819,0.030024527295134,False,False,False,비타겟
784802176,Q1_저가,-0.0095890947134776,0.0300057202332799,False,False,False,비타겟
402720448,Q4_고가,-0.0148389924224918,0.0300027922434152,False,False,True,비타겟
1205382912,Q4_고가,-0.0324355293051117,0.0299911529608979,False,False,False,비타겟
1412980224,Q2,-0.0128768149441506,0.0299749031571474,False,False,False,비타겟
933269184,Q4_고가,-0.014306957757479,0.0299656893385966,False,False,True,비타겟
586770688,Q2,-0.0042490669305231,0.0299624993343911,False,False,False,비타겟
849125568,Q1_저가,-0.0198636607862142,0.0299549901459934,False,False,False,비타겟
317004800,Q4_고가,-0.0053224423136938,0.0299457376196783,False,False,True,비타겟
1022654144,Q4_고가,-0.0142796607758792,0.0299188456976453,False,False,True,비타겟
566371392,Q4_고가,-0.015714609711949,0.0299042902333656,False,False,False,비타겟
39376896,Q4_고가,-0.0217857557230308,0.029892130970146,False,False,True,비타겟
744053696,Q3,-0.0179108719362645,0.0298897500092308,False,False,False,비타겟
1379858048,Q1_저가,-0.003698675411799,0.0298649108927299,False,False,False,비타겟
91420992,Q1_저가,-0.0112083544463706,0.0298488254941883,False,False,False,비타겟
569029184,Q1_저가,-0.0181629300842886,0.0298487443417251,False,False,False,비타겟
749343296,Q3,-0.0132414389159098,0.0298454674113535,False,False,False,비타겟
1246903488,Q3,-0.0122075623290942,0.0298412362356964,False,False,False,비타겟
555007104,Q1_저가,-0.0110236375130192,0.0298399868224552,False,False,False,비타겟
1496622720,Q2,-0.0126330586483461,0.0298383530997463,False,False,False,비타겟
272924800,Q1_저가,0.0082454647154079,0.0298244587102005,False,False,False,비타겟
1017498176,Q2,-0.0126797809796583,0.0298141305067058,False,False,False,비타겟
1397787008,Q1_저가,-0.0101799178527415,0.0298133107178107,False,False,False,비타겟
1171574016,Q3,-0.0069450271090317,0.0298004103755066,False,False,False,비타겟
1286779648,Q2,-0.0122365018764262,0.0297901666165967,False,False,False,비타겟
733775168,Q1_저가,-0.0109313224191737,0.0297584960842738,False,False,False,비타겟
190917440,Q4_고가,0.0268174272544133,0.0297422456244739,False,True,True,비타겟
111649536,Q1_저가,-0.0106090384553059,0.0297333180953279,False,False,False,비타겟
54612800,Q4_고가,-0.0145743247572735,0.0297189158011136,False,False,True,비타겟
481160576,Q2,-0.0359790224078443,0.029687976513733,False,False,False,비타겟
1047680448,Q1_저가,-0.0289629539557242,0.0296843900900271,False,False,False,비타겟
1631089920,Q1_저가,-0.0068021198798389,0.0296637887785965,False,False,False,비타겟
184414016,Q4_고가,-0.0063337834717765,0.0296578117741903,False,False,False,비타겟
294910976,Q1_저가,-0.0118965558093108,0.0296577588637598,False,False,False,비타겟
838592768,Q1_저가,-0.0060019601267921,0.0295872629966593,False,False,False,비타겟
648456704,Q4_고가,0.0123517691680597,0.0295852205154345,False,False,True,비타겟
697720512,Q2,-0.0050670195584152,0.029583111529195,False,False,False,비타겟
222495424,Q2,-0.0039765180340338,0.0295740740383144,False,False,False,비타겟
475156416,Q3,0.02144920296367,0.0295678109243112,False,False,False,비타겟
476979008,Q4_고가,-0.0051732991067702,0.0295669514930896,False,False,True,비타겟
858847296,Q1_저가,-0.0117523619024552,0.0295560710516646,False,False,False,비타겟
744380352,Q1_저가,-0.010598724755197,0.0295484990803375,False,False,False,비타겟
1318322368,Q4_고가,-0.0128978445651344,0.0295348929724639,False,False,True,비타겟
57797696,Q4_고가,-0.0144746944593811,0.0295336510023005,False,False,True,비타겟
865603136,Q1_저가,-0.0143529690018307,0.0295311843235709,False,False,False,비타겟
413327488,Q3,-0.0126524303644636,0.0295231283076425,False,False,False,비타겟
1102514112,Q4_고가,-0.0135780686219052,0.0295099261918838,False,False,True,비타겟
837737152,Q1_저가,-0.0088122480872272,0.0295096252986657,False,False,False,비타겟
1528883712,Q2,-0.0045899996415568,0.0295042915536942,False,False,False,비타겟
46038080,Q4_고가,-0.0155064612126876,0.0294933451192621,False,False,True,비타겟
78872576,Q2,0.0233605449674073,0.0294823400131246,False,False,False,비타겟
1581078144,Q1_저가,-0.0115423362096738,0.0294797815917984,False,False,False,비타겟
1099017408,Q1_저가,-0.0099939270246923,0.0294702117748494,False,False,False,비타겟
545480256,Q2,-0.015978304202084,0.029438288874806,False,False,False,비타겟
427670656,Q2,0.0143359426845462,0.0294171048994543,False,False,False,비타겟
648820480,Q3,-0.0119613191495793,0.0294113958073939,False,False,False,비타겟
1024710592,Q1_저가,-0.0106276261962734,0.0294083106953546,False,False,False,비타겟
897780608,Q4_고가,0.0109668084306528,0.0294043956579908,False,False,False,비타겟
1566701568,Q1_저가,-0.0114043913411288,0.0293851321269595,False,False,False,비타겟
351110656,Q4_고가,0.1223042015533941,0.0293631897614078,False,True,True,비타겟
402128384,Q2,-0.0129861842625052,0.029345400483494,False,False,False,비타겟
688900800,Q1_저가,-0.0118586688901898,0.0293426210636401,False,False,False,비타겟
1635620416,Q1_저가,-0.0041908827617041,0.0293172140791394,False,False,False,비타겟
423925248,Q4_고가,-0.0133565782114384,0.0293052938208582,False,False,True,비타겟
123958528,Q2,-0.0250335877475854,0.0293021603234838,False,False,False,비타겟
679392512,Q1_저가,-0.0026365687927106,0.0292982214480266,False,False,False,비타겟
1027806400,Q1_저가,0.0072812227724695,0.0292450411211871,False,False,False,비타겟
1258512768,Q3,0.0254313182152511,0.0292216720338179,False,False,False,비타겟
114429824,Q1_저가,-0.0046867516652542,0.0292207206466767,False,False,False,비타겟
1502073792,Q3,-0.0118251283160572,0.0292192829859767,False,False,False,비타겟
609892736,Q2,-0.016956229838736,0.0292064469327205,False,False,False,비타겟
329844608,Q1_저가,-0.0108860245052728,0.0291969756891088,False,False,False,비타겟
547345536,Q3,-0.0124054781920502,0.0291933485535918,False,False,False,비타겟
1513709056,Q1_저가,-0.0093228773081251,0.0291830506956281,False,False,False,비타겟
675854976,Q4_고가,-0.037204979262292,0.0291762908201853,False,False,True,비타겟
445070656,Q1_저가,-0.0194399530169668,0.0291709587684268,False,False,False,비타겟
194280512,Q1_저가,-0.0110555403464651,0.0291693958374862,False,False,False,비타겟
1582793088,Q4_고가,0.0086753962813549,0.0291444340742476,False,False,True,비타겟
803364032,Q4_고가,-0.0151777567760132,0.0291367246451449,False,False,True,비타겟
106760832,Q1_저가,-0.0088941404408559,0.0291246122932708,False,False,False,비타겟
365320192,Q4_고가,-0.0146338683137738,0.0291150000706256,False,False,True,비타겟
839156992,Q2,-0.0125822546569372,0.02909737191264,False,False,False,비타겟
780381184,Q1_저가,-0.021249758757833,0.0290703306566861,False,False,False,비타겟
1562772416,Q1_저가,-0.0119258683862018,0.0290560215347631,False,False,False,비타겟
1210824704,Q2,0.0189396689698323,0.0290325789258854,False,False,False,비타겟
886440448,Q4_고가,-0.0136704461827198,0.0290319547146994,False,False,True,비타겟
759593984,Q2,-0.0163493027208212,0.0290297356736268,False,False,False,비타겟
979669184,Q4_고가,0.007227305178862,0.0289490159073615,False,False,True,비타겟
986738688,Q1_저가,-0.0180064740204736,0.0289395158989139,False,False,False,비타겟
1290267072,Q3,-0.0063776839930189,0.0289145043422897,False,False,False,비타겟
746108288,Q1_저가,-0.0109355633100522,0.0289108176528307,False,False,False,비타겟
922433856,Q4_고가,-0.0137592880773269,0.028908934354544,False,False,True,비타겟
769983872,Q1_저가,-0.0116490387677914,0.0289073833191457,False,False,False,비타겟
635488832,Q2,-0.013762369836976,0.0289024227707122,False,False,False,비타겟
401523328,Q3,0.0201973519175093,0.0288956872700427,False,False,False,비타겟
492413504,Q2,-0.012242618179458,0.0288942477785453,False,False,False,비타겟
611748736,Q1_저가,-0.0111134014167422,0.028873319414222,False,False,False,비타겟
629243392,Q1_저가,-0.0106442863094282,0.028872002844959,False,False,False,비타겟
174126208,Q4_고가,-0.0082209157574684,0.0288245578354717,False,False,True,비타겟
1543902464,Q1_저가,-0.0170837840826436,0.0287947168342703,False,False,False,비타겟
875501184,Q4_고가,-0.0094719156441934,0.0287742762755799,False,False,True,비타겟
813150720,Q4_고가,-0.0112831835732151,0.0287725874252283,False,False,True,비타겟
366136832,Q1_저가,-0.0082955649955653,0.0287725499029113,False,False,False,비타겟
19996544,Q4_고가,0.0106014892987197,0.0287671211527736,False,False,False,비타겟
141165504,Q4_고가,-0.0153177380786358,0.0287503779885898,False,False,True,비타겟
713058496,Q2,-0.0131952151774895,0.0286933366517561,False,False,False,비타겟
40124864,Q4_고가,-0.0110378204295075,0.0286894576038443,False,False,False,비타겟
1582765248,Q4_고가,-0.0157510140429647,0.0286703085153087,False,False,True,비타겟
1542475200,Q3,-0.0132522403395495,0.028661833787348,False,False,False,비타겟
1464487936,Q3,-0.0124675147574125,0.0286578930316689,False,False,False,비타겟
479473472,Q3,0.0186488412560674,0.0286549265574419,False,False,False,비타겟
1187492928,Q2,0.0148616096579004,0.0286397946591742,False,False,False,비타겟
1066414912,Q4_고가,-0.0129937417370328,0.0286096646751089,False,False,False,비타겟
1281931776,Q1_저가,0.0238748428392109,0.0286041985154444,False,False,False,비타겟
426326912,Q1_저가,-0.0116696013822772,0.0285812622689857,False,False,False,비타겟
745931968,Q1_저가,-0.0122932908491234,0.0285723293967554,False,False,False,비타겟
240088448,Q3,0.0179503762432027,0.0285626672642477,False,False,False,비타겟
695148096,Q2,-0.0131209008807022,0.0285516165364911,False,False,False,비타겟
972547712,Q4_고가,-0.0145386992524464,0.0285500695535951,False,False,True,비타겟
362304192,Q4_고가,-0.0246976305027004,0.0285366856209465,False,False,True,비타겟
745570048,Q3,-0.0027890365950115,0.0285360842458338,False,False,False,비타겟
843290304,Q4_고가,0.0147363599975852,0.0285293950587183,False,False,True,비타겟
451910016,Q1_저가,-0.0232671127925886,0.0285281184441689,False,False,False,비타겟
679921472,Q3,0.0206945859170623,0.0285232212892219,False,False,False,비타겟
1169805248,Q1_저가,-0.0100730793392927,0.0285225359815342,False,False,False,비타겟
318077568,Q4_고가,0.0120253512254466,0.0285216526393009,False,False,False,비타겟
876694592,Q3,0.0131170559228522,0.0285211203829907,False,False,False,비타겟
1019346752,Q2,-0.012153327602536,0.0285179293346662,False,False,False,비타겟
267681600,Q2,-0.0124187234358156,0.0284979658068697,False,False,False,비타겟
1121560384,Q4_고가,-0.0128942560357911,0.0284974850975551,False,False,True,비타겟
1346676480,Q1_저가,-0.0050570081920341,0.0284797402182951,False,False,False,비타겟
239997504,Q1_저가,-0.0104582912609469,0.0284705814810725,False,False,False,비타겟
386599232,Q3,-0.0126120050034885,0.0284614993323084,False,False,False,비타겟
447101120,Q2,-0.0111964403262437,0.0284573956764494,False,False,False,비타겟
297999360,Q4_고가,0.0181474470181421,0.0284522397543255,False,False,False,비타겟
570283840,Q1_저가,-0.0015877186441094,0.0283984372782361,False,False,False,비타겟
235467008,Q2,-0.0128623767446627,0.0283934895486985,False,False,False,비타겟
595560704,Q1_저가,-0.0183787841243017,0.0283920793302082,False,False,False,비타겟
917177664,Q4_고가,-0.0137510944770328,0.028387767100822,False,False,True,비타겟
1110545024,Q1_저가,-0.0109975751592886,0.0283406975068654,False,False,False,비타겟
436013376,Q4_고가,-0.0225912932218682,0.0283391929445069,False,False,True,비타겟
966833088,Q1_저가,-0.0110290089160014,0.0283075434753531,False,False,False,비타겟
125354240,Q3,-0.0137383683111628,0.0282890896715531,False,False,False,비타겟
72202112,Q3,-0.0127811118415173,0.0282888557013027,False,False,False,비타겟
1453775104,Q3,-0.0082856978390951,0.0282827485895822,False,False,False,비타겟
708928896,Q1_저가,-0.005913330259166,0.02827924622367,False,False,False,비타겟
657617920,Q4_고가,-0.0116235950349249,0.0282783663254065,False,False,False,비타겟
1226149696,Q4_고가,-0.0123676948714577,0.0282752088905244,False,False,False,비타겟
1217547136,Q2,-0.0182164880496537,0.0282733207403603,False,False,False,비타겟
616151168,Q4_고가,-0.012135182138063,0.0282706209627328,False,False,False,비타겟
768272640,Q2,-0.012401047698758,0.0282603666433034,False,False,False,비타겟
348985536,Q4_고가,-0.0296987133403038,0.0282597284266793,False,False,True,비타겟
1010391552,Q4_고가,0.0111828139203822,0.0282175098813494,False,False,True,비타겟
744859200,Q1_저가,-0.0054932960903004,0.0282037102868292,False,False,False,비타겟
1108447744,Q2,-0.0074454045150015,0.0282009924865528,False,False,False,비타겟
1162659648,Q4_고가,-0.0147004887349769,0.0281949070571011,False,False,True,비타겟
844940288,Q4_고가,-0.0140205093410987,0.0281901702271635,False,False,True,비타겟
743268608,Q4_고가,-0.0151242956293065,0.0281868607881744,False,False,True,비타겟
1053473024,Q1_저가,-0.0107410340302381,0.028179485727074,False,False,False,비타겟
1054053952,Q2,0.0049627079513042,0.028150231432283,False,False,False,비타겟
143613568,Q1_저가,-0.011957852679666,0.0281496863331979,False,False,False,비타겟
588209088,Q3,-0.0134969644393316,0.0281252185574282,False,False,False,비타겟
284831040,Q3,-0.0124606632922425,0.028122041084714,False,False,False,비타겟
192257472,Q1_저가,-0.0119460789448024,0.0281199894371186,False,False,False,비타겟
551694144,Q2,-0.0126610887359246,0.0281009622899605,False,False,False,비타겟
876865344,Q3,-0.0131546185580578,0.0280811308101671,False,False,False,비타겟
315505152,Q1_저가,0.0027662917620981,0.0280549642541619,False,False,False,비타겟
1025852032,Q1_저가,-0.0105908569331077,0.028054867183854,False,False,False,비타겟
766672768,Q1_저가,-0.0112231911473444,0.0280385661456299,False,False,False,비타겟
1219835584,Q1_저가,-0.011639923251795,0.0280196679701356,False,False,False,비타겟
48183616,Q1_저가,-0.0090374910480848,0.0280093089817805,False,False,False,비타겟
833518464,Q1_저가,-0.0095084699411917,0.0280054881191491,False,False,False,비타겟
773270848,Q4_고가,-0.0141424563574353,0.0280042259541072,False,False,True,비타겟
585092864,Q1_저가,-0.0124618728844428,0.0279946415370437,False,False,False,비타겟
1517317120,Q1_저가,-0.0112657900193063,0.0279859772682889,False,False,False,비타겟
1250268416,Q1_저가,-0.0108242331478957,0.0279619211183035,False,False,False,비타겟
69455232,Q1_저가,-0.0119644572936732,0.0279559278808917,False,False,False,비타겟
744718144,Q2,-0.0138581730745883,0.027948880565786,False,False,False,비타겟
624562560,Q1_저가,0.0247245148103628,0.0279470335581543,False,False,False,비타겟
1621473984,Q1_저가,-0.0038046565687566,0.0279307011127391,False,False,False,비타겟
1484710912,Q2,-0.0082402311738313,0.0279070103158485,False,False,False,비타겟
418754432,Q4_고가,-0.010631068030412,0.0278987718112814,False,False,True,비타겟
803184000,Q2,-0.0125506552762368,0.02788273656755,False,False,False,비타겟
815689728,Q4_고가,-0.0317154084762111,0.0278825488703244,False,False,False,비타겟
1240427904,Q3,-0.0139117489592275,0.0278753796472204,False,False,False,비타겟
1189584640,Q3,-0.0081890578316067,0.027872807742704,False,False,False,비타겟
424391104,Q2,-0.0125934713924308,0.0278603699316822,False,False,False,비타겟
746791296,Q2,0.0059749622125325,0.02785789611133,False,False,False,비타겟
724461760,Q2,-0.0128668358596024,0.0278481344293238,False,False,False,비타겟
53365568,Q4_고가,-0.0077479905527153,0.0278072147841355,False,False,True,비타겟
298353856,Q4_고가,0.008938880677502,0.0278061729360314,False,False,True,비타겟
1522267072,Q1_저가,-0.0100953855261823,0.0278049218466449,False,False,False,비타겟
118659648,Q2,-0.0126972782137919,0.0278042979393079,False,False,False,비타겟
205364544,Q4_고가,-0.0149952590339493,0.0278013362399306,False,False,True,비타겟
154589952,Q2,-0.012331749704203,0.0277970355402434,False,False,False,비타겟
1103627712,Q4_고가,0.0362553878624485,0.0277908949253181,False,True,True,비타겟
207450688,Q4_고가,-0.014854207169774,0.0277868045293519,False,False,True,비타겟
1180460544,Q4_고가,-0.0146005823511718,0.0277843262174184,False,False,True,비타겟
1009671424,Q1_저가,-0.011627226715887,0.0277823068949727,False,False,False,비타겟
858808320,Q1_저가,-0.0121622005166921,0.0277773494740527,False,False,False,비타겟
948158016,Q1_저가,-0.0117722885281104,0.0277682010688481,False,False,False,비타겟
181850880,Q4_고가,-0.0068230485456174,0.027759642372271,False,False,False,비타겟
414236928,Q3,0.0153172210640626,0.0277481960562206,False,False,False,비타겟
56674816,Q1_저가,-0.0124572684381184,0.0277372604792392,False,False,False,비타겟
980211136,Q3,-0.0135656892373135,0.0277056951247099,False,False,False,비타겟
871076480,Q4_고가,-0.009918116587071,0.0276971472626517,False,False,False,비타겟
745525504,Q4_고가,0.0255356093202235,0.0276832022206574,False,False,False,비타겟
227859264,Q1_저가,-0.0089911647740025,0.0276825376060085,False,False,False,비타겟
1140786688,Q1_저가,-0.015964852116979,0.027681017411319,False,False,False,비타겟
747819520,Q2,-0.0125089550660202,0.0276792615633014,False,False,False,비타겟
223673984,Q3,-0.0067075543869253,0.027674142539491,False,False,False,비타겟
1229965632,Q2,0.0229963263588507,0.0276694613812098,False,False,False,비타겟
213731392,Q4_고가,-0.0152480067942464,0.0276430982396297,False,False,True,비타겟
721755712,Q1_저가,-0.0100359397205263,0.0276395968027516,False,False,False,비타겟
1086478272,Q2,0.01283820630307,0.0276314057577152,False,False,False,비타겟
105758592,Q1_저가,-0.0088670222951083,0.0276233390616068,False,False,False,비타겟
48590080,Q2,-0.0045419089069489,0.0276204864621741,False,False,False,비타겟
1559149504,Q4_고가,-0.0144349858471284,0.0276135675584571,False,False,True,비타겟
1140862784,Q1_저가,-0.0100898464610866,0.0276132464363621,False,False,False,비타겟
888914496,Q4_고가,-0.009927237238204,0.0276128155956076,False,False,False,비타겟
1001712896,Q1_저가,-0.0138670939357049,0.0276064420186746,False,False,False,비타겟
886672448,Q2,0.015018114118165,0.027594126739268,False,False,False,비타겟
877457408,Q2,-0.012225200319156,0.0275886061216714,False,False,False,비타겟
1345373568,Q2,-0.0118852591320141,0.0275703118549283,False,False,False,비타겟
1527803520,Q2,-0.012132254059166,0.0275395225472334,False,False,False,비타겟
193109376,Q4_고가,-0.0041628005650058,0.0275062307913703,False,False,True,비타겟
1304899776,Q3,-0.0129173641774972,0.0274935305990472,False,False,False,비타겟
52534080,Q3,-0.014561607566564,0.0274571601109641,False,False,False,비타겟
1624632896,Q3,-0.0207339049800361,0.0274289743746607,False,False,False,비타겟
624083712,Q1_저가,-0.0114649226061711,0.0274257298646681,False,False,False,비타겟
761847168,Q4_고가,0.0368140719863849,0.0274189113201487,False,True,True,비타겟
140233792,Q3,0.0176753098882352,0.0274182362141418,False,False,False,비타겟
778116864,Q1_저가,-0.0073324805547314,0.0274177646916012,False,False,False,비타겟
1342476352,Q1_저가,-0.0074338297746714,0.0274119798441078,False,False,False,비타겟
840892352,Q2,0.006633534829637,0.027409869398029,False,False,False,비타겟
916979072,Q1_저가,-0.0086287467712141,0.027400585281034,False,False,False,비타겟
328255872,Q4_고가,0.0244977614183582,0.0273741305838955,False,False,True,비타겟
538861760,Q4_고가,0.0739878551669291,0.0273461105965558,False,True,True,비타겟
135181760,Q2,-0.0204276763684053,0.0273408034953721,False,False,False,비타겟
127692800,Q1_저가,-0.0188299254661048,0.0273340441367811,False,False,False,비타겟
1139507904,Q4_고가,0.1247626105906962,0.0273233778526528,False,True,True,비타겟
774699968,Q4_고가,-0.0166836350813069,0.0273156381484537,False,False,True,비타겟
475388416,Q3,0.0207763448142298,0.0273063606389855,False,False,False,비타겟
745622016,Q1_저가,-0.0104794168969869,0.0272887505214541,False,False,False,비타겟
700001536,Q3,-0.0138381349541067,0.0272783486710651,False,False,False,비타겟
1574327872,Q4_고가,-0.0153140631818191,0.0272743383691789,False,False,True,비타겟
1144947840,Q2,0.0200424617662566,0.0272725671955668,False,False,False,비타겟
870655168,Q3,-0.0333141607356357,0.0272529870370442,False,False,False,비타겟
872268032,Q1_저가,-0.0120840690059378,0.0272385650741933,False,False,False,비타겟
1008511424,Q3,0.017231817072978,0.0272370649974309,False,False,False,비타겟
744725568,Q3,0.0214737197665518,0.0272240908218542,False,False,False,비타겟
959028608,Q4_고가,-0.01452555206593,0.0272184725080001,False,False,True,비타겟
692451328,Q4_고가,-0.022701830501464,0.0272176817515236,False,False,True,비타겟
858526208,Q2,-0.012390217586386,0.0272118618878053,False,False,False,비타겟
1188090560,Q1_저가,-0.0089017045462257,0.0272060179436864,False,False,False,비타겟
743730752,Q4_고가,0.0249187666222675,0.0272042246438887,False,False,False,비타겟
1149506176,Q4_고가,-0.0139546614893265,0.027177399042368,False,False,False,비타겟
125617792,Q4_고가,-0.0136015459153813,0.0271593048593986,False,False,True,비타겟
341641344,Q2,0.02392052733838,0.0271382845902932,False,False,False,비타겟
1226561728,Q2,-0.0131016888171997,0.0271381137644472,False,False,False,비타겟
1321343936,Q3,-0.0129170742342218,0.0271375400293714,False,False,False,비타겟
1267616448,Q3,-0.0049186274965354,0.0271248182486084,False,False,False,비타겟
1488599232,Q2,-0.0152598330464499,0.0271242295737833,False,False,False,비타겟
263145536,Q3,-0.0121213993951541,0.0271207134285356,False,False,False,비타겟
50290176,Q1_저가,-0.0105047733183227,0.0271176600068869,False,False,False,비타겟
270627072,Q2,-0.019804174253505,0.0271065701669015,False,False,False,비타겟
705396928,Q2,-0.0129686135131654,0.0271032519360857,False,False,False,비타겟
846052032,Q3,-0.0172415182470463,0.0270878994292768,False,False,False,비타겟
598350272,Q3,0.0236336434029231,0.0270741002030642,False,False,False,비타겟
1245067904,Q4_고가,-0.0137619189362971,0.0270562347141544,False,False,True,비타겟
947577088,Q4_고가,-0.014297718604825,0.0270491346899027,False,False,True,비타겟
744038848,Q4_고가,-0.0066195593599697,0.0270301500063814,False,False,True,비타겟
68310080,Q4_고가,-0.0387919543381043,0.0270296027960075,False,False,True,비타겟
1488281856,Q1_저가,0.0260108814837205,0.0270161618890137,False,False,False,비타겟
941728832,Q1_저가,-0.0047183009476281,0.0270141857946634,False,False,False,비타겟
1007820992,Q2,0.0143071968707874,0.0270086961875506,False,False,False,비타겟
651799360,Q1_저가,0.0004021097274413,0.0269841727117298,False,False,False,비타겟
865777600,Q4_고가,-0.0145448719596055,0.0269810122164578,False,False,True,비타겟
187964544,Q2,-0.0129677261329321,0.0269688088554756,False,False,False,비타겟
818666752,Q1_저가,-0.0112317132577991,0.0269629160621145,False,False,False,비타겟
888381824,Q4_고가,0.0031108997946368,0.0269540266152292,False,False,False,비타겟
747509568,Q1_저가,-0.0106371719328728,0.0269401523535433,False,False,False,비타겟
1559956864,Q1_저가,-0.0107122890823913,0.0269374390693393,False,False,False,비타겟
826931520,Q4_고가,-0.0142177460690508,0.0269196640448637,False,False,True,비타겟
1454118464,Q1_저가,-0.0101576219814213,0.0268869535655941,False,False,False,비타겟
713711808,Q1_저가,0.0186043465056067,0.0268786396359415,False,False,False,비타겟
235916160,Q3,-0.0207341555817715,0.0268769239757273,False,False,False,비타겟
595724032,Q1_저가,-0.0068066643466805,0.0268713298200379,False,False,False,비타겟
888775296,Q4_고가,0.0190312083465289,0.0268712678110064,False,False,True,비타겟
663304704,Q4_고가,-0.0240350510440155,0.0268669034505909,False,False,True,비타겟
857202880,Q2,-0.0128540295474379,0.0268561672614249,False,False,False,비타겟
1569678592,Q2,0.0255021725631567,0.0268511519073157,False,False,False,비타겟
667074240,Q1_저가,-0.0114262435134147,0.0268315282737857,False,False,False,비타겟
868513344,Q1_저가,-0.0108614066379061,0.026820173153821,False,False,False,비타겟
1512840448,Q2,-0.0197527498143993,0.0267921988382811,False,False,False,비타겟
278956800,Q1_저가,-0.01769050207665,0.0267789237934762,False,False,False,비타겟
387918848,Q2,-0.0260509327267927,0.0267578333121036,False,False,False,비타겟
1398225024,Q2,-0.0114761187062624,0.0267523123552442,False,False,False,비타겟
749048192,Q3,0.0213592863705286,0.0267340563640235,False,False,False,비타겟
1290712512,Q1_저가,0.0233509907087726,0.0266963166241448,False,False,False,비타겟
777461696,Q4_고가,-0.0136872693409103,0.0266919964461741,False,False,True,비타겟
1268707776,Q1_저가,-0.0189688837713185,0.0266910955665913,False,False,False,비타겟
920115712,Q2,-0.0115327204874915,0.0266737056407304,False,False,False,비타겟
145085376,Q2,-0.0100039325984634,0.026672881419485,False,False,False,비타겟
1025100352,Q1_저가,0.0090916691238915,0.0266705548038983,False,False,False,비타겟
1539121408,Q1_저가,-0.0102232165737962,0.0266651283934106,False,False,False,비타겟
177507840,Q1_저가,-0.0098123607473438,0.0266645025162081,False,False,False,비타겟
748341056,Q3,0.0169511725771447,0.0266629020956555,False,False,False,비타겟
876312256,Q4_고가,-0.0226921695207131,0.0266540789988717,False,False,True,비타겟
959130688,Q4_고가,-0.0137605809422091,0.026653470436101,False,False,True,비타겟
1391639936,Q2,-0.0132050905325712,0.0266518372700211,False,False,False,비타겟
562306752,Q2,-0.0111121809111154,0.0266499138750101,False,False,False,비타겟
1563724544,Q2,0.0137478947209538,0.026624818563786,False,False,False,비타겟
769959744,Q1_저가,-0.0040449042610656,0.026618888564023,False,False,False,비타겟
1170579200,Q3,-0.0130808667594158,0.026613658422376,False,False,False,비타겟
565907392,Q2,-0.0113360969170659,0.0266018964077062,False,False,False,비타겟
1213387840,Q4_고가,-0.0189680622279703,0.0265957146563914,False,False,True,비타겟
783079808,Q4_고가,0.0159053098510218,0.0265708509039743,False,False,False,비타겟
1576473408,Q4_고가,-0.0233658570804218,0.0265659731478368,False,False,True,비타겟
758203840,Q4_고가,-0.0141718257969706,0.0265619934904534,False,False,True,비타겟
1451258368,Q4_고가,-0.0112373536672601,0.0265612338515502,False,False,False,비타겟
766685760,Q2,0.0184237904388315,0.0265565995969706,False,False,False,비타겟
146876416,Q3,0.0139263334693365,0.0265292485515539,False,False,False,비타겟
719665856,Q4_고가,-0.0146214193267988,0.0265093970198302,False,False,True,비타겟
747748992,Q2,-0.0045164788389402,0.0264927802702602,False,False,False,비타겟
1288398080,Q2,0.0261761016534748,0.0264869533285629,False,False,False,비타겟
1470785344,Q1_저가,-0.0115185534898728,0.0264844147964035,False,False,False,비타겟
1518699840,Q1_저가,-0.0108099659448425,0.0264781868622556,False,False,False,비타겟
1517471168,Q1_저가,-0.0161481113887845,0.0264772845990783,False,False,False,비타겟
856518016,Q3,-0.0103214152960596,0.0264751306926852,False,False,False,비타겟
1525557760,Q2,-0.012485911680867,0.0264640827974397,False,False,False,비타겟
674537216,Q4_고가,-0.0125412694272427,0.0264572802286301,False,False,True,비타겟
198913088,Q1_저가,-0.0210508598688538,0.0264545416580358,False,False,False,비타겟
1069850368,Q1_저가,-0.0112543412928171,0.0264489590905648,False,False,False,비타겟
1092883328,Q2,0.0155648032469698,0.0264251419973625,False,False,False,비타겟
1569296256,Q2,-0.0123170674688325,0.0264186961269025,False,False,False,비타겟
1013156992,Q3,-0.0211647167861785,0.0264051250653982,False,False,False,비타겟
1054595904,Q3,-0.0009518299531728,0.0263868038597402,False,False,False,비타겟
1316993472,Q4_고가,0.0266694211116568,0.0263756154426527,False,True,True,비타겟
1523874368,Q4_고가,-0.0157928572636444,0.0263633404642109,False,False,True,비타겟
1369299264,Q4_고가,-0.0142178432718484,0.0263604348628739,False,False,True,비타겟
1171579584,Q4_고가,-0.0068125702616634,0.0263537941479927,False,False,True,비타겟
1294797568,Q3,-0.0196460669382372,0.0263479074651508,False,False,False,비타겟
1552607104,Q4_고가,-0.0224192334733804,0.0263153684714534,False,False,True,비타겟
198617984,Q3,-0.0129005581410299,0.026307568595673,False,False,False,비타겟
863715584,Q1_저가,-0.0118798999622955,0.0262841033816465,False,False,False,비타겟
325340096,Q4_고가,0.0159561279697358,0.026275734699478,False,False,False,비타겟
77760832,Q4_고가,0.013699603010538,0.0262744515000145,False,False,True,비타겟
1529197376,Q2,0.0054833725553978,0.0262677121329126,False,False,False,비타겟
886579648,Q4_고가,0.026013691037155,0.0262638926870392,False,False,True,비타겟
785067584,Q1_저가,-0.0111496342341391,0.0262609140139369,False,False,False,비타겟
387430720,Q1_저가,-0.0087659119257048,0.0262566110637491,False,False,False,비타겟
475236224,Q1_저가,-0.0134669062800186,0.0262425575825789,False,False,False,비타겟
1461781888,Q4_고가,-0.003042334972603,0.0262244420027787,False,False,False,비타겟
997601856,Q4_고가,-0.0139872437128972,0.0262140966047417,False,False,True,비타겟
677614464,Q2,-0.0040004792640267,0.0262036146356864,False,False,False,비타겟
181076928,Q2,-0.0129429128783332,0.0261770800020605,False,False,False,비타겟
588771456,Q4_고가,-0.0132650545472136,0.0261599339837902,False,False,True,비타겟
749328448,Q4_고가,-0.0142642805391857,0.0261575752662185,False,False,True,비타겟
669631808,Q1_저가,-0.0105633501108232,0.0261573599812856,False,False,False,비타겟
147371968,Q3,-0.01445707637893,0.0261525293534999,False,False,False,비타겟
1489011264,Q2,-0.0057056082882195,0.0261340858652532,False,False,False,비타겟
1634167168,Q4_고가,-0.0016025923330064,0.0261147834021184,False,False,True,비타겟
825964544,Q4_고가,-0.0139859501187977,0.0261141548864536,False,False,True,비타겟
743437504,Q2,-0.0126473154415055,0.0260979251452197,False,False,False,비타겟
1179909312,Q1_저가,0.0098419245252514,0.0260950331751729,False,False,False,비타겟
253817280,Q2,-0.0154864306468904,0.0260723969404643,False,False,False,비타겟
1483300352,Q1_저가,-0.0107018668326952,0.0260643302809613,False,False,False,비타겟
1306507072,Q1_저가,-0.0105898909121881,0.0260465882361558,False,False,False,비타겟
1111161216,Q4_고가,-0.0140515270010781,0.026045026398412,False,False,True,비타겟
520169984,Q4_고가,-0.0153936299648906,0.0260444591815354,False,False,True,비타겟
815776960,Q1_저가,-0.0044406070551796,0.0260287524603143,False,False,False,비타겟
234381248,Q2,0.0227800730100122,0.026028549965123,False,False,False,비타겟
1168624832,Q2,-0.0025109166636958,0.026021375319905,False,False,False,비타겟
1391040448,Q3,-0.0012856610297321,0.026016897730643,False,False,False,비타겟
245465280,Q3,-0.020788288589237,0.0260021584110623,False,False,False,비타겟
756462912,Q4_고가,-0.0144046186110854,0.0259983768847221,False,False,True,비타겟
45364352,Q4_고가,0.0082880135203154,0.0259968031697429,False,False,False,비타겟
435955840,Q2,-0.0110657659868873,0.0259948932022117,False,False,False,비타겟
835097920,Q2,0.0238578285090101,0.0259825461344332,False,False,False,비타겟
1369057984,Q2,0.0109980983700463,0.0259775372878042,False,False,False,비타겟
286189632,Q3,-0.0208070095069388,0.0259773433259711,False,False,False,비타겟
1543143360,Q1_저가,-0.0139713866842386,0.025972437105009,False,False,False,비타겟
434844096,Q2,-0.009001206251774,0.025964875508577,False,False,False,비타겟
401781312,Q2,0.0150846016748951,0.0259575704806734,False,False,False,비타겟
1171624128,Q4_고가,-0.0136924634498309,0.0259461650283815,False,False,True,비타겟
1104368256,Q2,-0.010843014719809,0.0259447681105937,False,False,False,비타겟
808117248,Q4_고가,0.0090111191793715,0.025939571571307,False,False,True,비타겟
1494852096,Q3,-0.0066723389088508,0.025927445899417,False,False,False,비타겟
701928064,Q1_저가,-0.0033354710197586,0.0259212959391103,False,False,False,비타겟
620228800,Q3,-0.0081198824445434,0.0259189652113865,False,False,False,비타겟
875970752,Q3,-0.0130538878523185,0.025911227124383,False,False,False,비타겟
686150208,Q4_고가,0.0124549998468449,0.0259096884384577,False,False,True,비타겟
1273462848,Q4_고가,-0.0161118006783178,0.0259040154871114,False,False,True,비타겟
145916864,Q4_고가,-0.0293861099986636,0.0258982237661107,False,False,True,비타겟
1153522560,Q4_고가,-0.0212134985003424,0.0258793178385515,False,False,True,비타겟
747201472,Q1_저가,-0.0096517665817975,0.0258719478430262,False,False,False,비타겟
1550069952,Q3,-0.0140844121174624,0.0258544087721269,False,False,False,비타겟
1536331840,Q4_고가,-0.0140063069716382,0.0258513768948358,False,False,True,비타겟
578255360,Q4_고가,-0.0129536945296121,0.0258428583409534,False,False,True,비타겟
1243046720,Q4_고가,-0.0119186503798512,0.0258363195614177,False,False,True,비타겟
1172440768,Q1_저가,-0.0081436984150302,0.0258202235047246,False,False,False,비타겟
982896768,Q2,-0.013235904022027,0.0258194705402421,False,False,False,비타겟
1547285952,Q1_저가,-0.0112467674258802,0.0258029618826016,False,False,False,비타겟
1447305088,Q4_고가,-0.0138273034158781,0.0257851115660025,False,False,True,비타겟
1205846912,Q4_고가,0.0220661009897115,0.0257814135518498,False,False,False,비타겟
1286954112,Q4_고가,-0.0140868498568056,0.0257674699490125,False,False,True,비타겟
46752640,Q4_고가,-0.0140203963921622,0.0257573202964161,False,False,True,비타겟
693800640,Q1_저가,-0.0110205937708108,0.0257350073244346,False,False,False,비타겟
714988736,Q1_저가,-0.00476771262425,0.0257327523281785,False,False,False,비타겟
1187635840,Q4_고가,-0.0135186380934527,0.0257318944975578,False,False,True,비타겟
998470464,Q1_저가,-0.0094975123348811,0.0257253019342384,False,False,False,비타겟
196244160,Q4_고가,-0.0128415659278529,0.0257102523653382,False,False,True,비타겟
1110092160,Q4_고가,0.0166454344260932,0.0256832844388587,False,False,False,비타겟
196034432,Q4_고가,-0.0101990407183387,0.0256764909523173,False,False,False,비타겟
923814720,Q1_저가,-0.0113037203197331,0.0256764822360347,False,False,False,비타겟
737216192,Q2,-0.0129654744053032,0.0256674622477898,False,False,False,비타겟
1159860800,Q1_저가,-0.0090671619861925,0.0256621694369368,False,False,False,비타겟
1448882688,Q3,0.006019156842623,0.0256591822908827,False,False,False,비타겟
864114624,Q4_고가,-0.014116344114828,0.0256577603835213,False,False,True,비타겟
870877888,Q1_저가,-0.0113738448554478,0.0256568400539275,False,False,False,비타겟
1132041216,Q2,0.0153283001334695,0.0256415277315146,False,False,False,비타겟
402072704,Q3,-0.0125430246621693,0.0256284434786869,False,False,False,비타겟
1534802496,Q4_고가,-0.0101683622746754,0.0256260783382328,False,False,True,비타겟
1211151360,Q4_고가,-0.0145612608005426,0.0256238866946489,False,False,True,비타겟
68200576,Q1_저가,-0.010419844558477,0.0256041856999532,False,False,False,비타겟
1267334336,Q4_고가,-0.0032506884118473,0.0255991932548312,False,False,True,비타겟
879031296,Q4_고가,0.0120996372794007,0.0255838958215852,False,False,True,비타겟
1164588032,Q1_저가,-0.0119415928154711,0.0255734948010329,False,False,False,비타겟
805895616,Q4_고가,-0.0148292465194111,0.025567060582083,False,False,True,비타겟
1530591232,Q4_고가,0.0152391441281199,0.025560031055252,False,False,False,비타겟
1050750272,Q2,0.0079490550789349,0.0255533557618786,False,False,False,비타겟
69199104,Q4_고가,-0.0213906721378655,0.0255248965643746,False,False,True,비타겟
1209800192,Q4_고가,-0.0215945101157357,0.0255151640476888,False,False,True,비타겟
1352146112,Q3,-0.0038619731211816,0.0255041610108247,False,False,False,비타겟
930900928,Q2,-0.0127906335510529,0.025501327209456,False,False,False,비타겟
802352512,Q1_저가,-0.0113050680287546,0.0254766007083865,False,False,False,비타겟
1312128896,Q4_고가,-0.0165673398432391,0.0254595388101113,False,False,True,비타겟
621908480,Q2,-0.0333507037530238,0.0254579637558866,False,False,False,비타겟
940375808,Q4_고가,0.0163506538152679,0.0254516572329788,False,False,True,비타겟
714754880,Q1_저가,-0.004231510315228,0.0254382902312871,False,False,False,비타겟
1112347200,Q3,-0.0162053706071327,0.0254342730905667,False,False,False,비타겟
1408598208,Q2,-0.0196127550516683,0.0254314235688649,False,False,False,비타겟
1173149760,Q2,-0.0131413825800518,0.0254181613826775,False,False,False,비타겟
149239104,Q1_저가,-0.0191833392070151,0.0254157723598554,False,False,False,비타겟
1275784704,Q3,-0.0205394078989887,0.0254119850130544,False,False,False,비타겟
1250457728,Q3,0.0142907849130553,0.0254021707018192,False,False,False,비타겟
1160536384,Q4_고가,-0.0143503292987636,0.0253903606024302,False,False,True,비타겟
1397202368,Q1_저가,0.0154135609583567,0.0253837716682243,False,False,False,비타겟
1519247360,Q3,-0.0169460783955456,0.0253747845562281,False,False,False,비타겟
907687936,Q4_고가,-0.0142618948944725,0.025373660366844,False,False,True,비타겟
290673728,Q4_고가,-0.0142350935309928,0.0253532187993065,False,False,True,비타겟
448255552,Q2,0.0220820740765778,0.0253415432342344,False,False,False,비타겟
795240320,Q2,-0.0060750461900028,0.0253359095128238,False,False,False,비타겟
945043648,Q1_저가,-0.0152086848928897,0.0253322689162386,False,False,False,비타겟
1010465792,Q4_고가,-0.0144960767194492,0.0253210451789229,False,False,True,비타겟
1152711488,Q4_고가,-0.0145480535012371,0.0253148282897448,False,False,True,비타겟
1529158400,Q2,-0.0128091100466112,0.0253106039378179,False,False,False,비타겟
881171264,Q4_고가,-0.0344956423975544,0.0252940031011762,False,False,True,비타겟
742849152,Q3,0.0201874699096666,0.0252929052643025,False,False,False,비타겟
1007635392,Q2,-0.0071121811301624,0.0252823141213176,False,False,False,비타겟
1296876288,Q3,-0.0205725945891139,0.0252740039842503,False,False,False,비타겟
733604416,Q4_고가,-0.0118619254367561,0.025267333087712,False,False,False,비타겟
1276330368,Q1_저가,0.0234423137103649,0.0252420026558352,False,False,False,비타겟
364035840,Q2,-0.0196752469033836,0.0252417306248918,False,False,False,비타겟
762660096,Q4_고가,0.0316959405684904,0.025203737711276,False,True,True,비타겟
118761728,Q2,0.0140745523912033,0.0251958220686463,False,False,False,비타겟
769774144,Q4_고가,-0.0152646958131992,0.0251928252378496,False,False,True,비타겟
839776896,Q3,0.0178288257362344,0.0251117202997236,False,False,False,비타겟
562796736,Q3,0.0252770532313993,0.0251094982588117,False,False,False,비타겟
670771392,Q4_고가,-0.0146780701218598,0.0251037383683774,False,False,True,비타겟
938686848,Q4_고가,-0.0148242201218423,0.0250882227521965,False,False,True,비타겟
408746880,Q1_저가,-0.0149193480134914,0.0250755334358716,False,False,False,비타겟
836621696,Q1_저가,-0.0119131861466695,0.0250696655316568,False,False,False,비타겟
1183103488,Q4_고가,0.0137576023303729,0.025060608316585,False,False,True,비타겟
1025699840,Q1_저가,-0.0091658421425896,0.0250541288626802,False,False,False,비타겟
939915520,Q4_고가,-0.0162061333050887,0.0250464474985105,False,False,True,비타겟
200906432,Q3,-0.0199105125447422,0.0250141768278553,False,False,False,비타겟
1380598592,Q4_고가,0.0042607801864605,0.0249938016298335,False,False,True,비타겟
1001042880,Q1_저가,-0.0065084968445641,0.0249317930842595,False,False,False,비타겟
1006917120,Q2,0.0238753732243737,0.0249263837392735,False,False,False,비타겟
749660672,Q2,-0.0127233172483683,0.0249210350171144,False,False,False,비타겟
1001146816,Q1_저가,-0.0112726056471357,0.0249185600522975,False,False,False,비타겟
224832128,Q2,-0.0122613979074562,0.0249133028317744,False,False,False,비타겟
837161792,Q2,-0.0127660760166843,0.0249023458928203,False,False,False,비타겟
349896832,Q4_고가,-0.0051881788942659,0.0248928508122672,False,False,False,비타겟
894905664,Q1_저가,0.0184881345301156,0.0248831395831398,False,False,False,비타겟
685999872,Q3,-0.0198024901294254,0.0248660947886901,False,False,False,비타겟
1235513216,Q1_저가,-0.0109286046743034,0.0248386253476355,False,False,False,비타겟
393277120,Q2,0.0245121526259101,0.0248212680225834,False,False,False,비타겟
843307008,Q1_저가,-0.010066407777015,0.0248151849176488,False,False,False,비타겟
91422848,Q4_고가,-0.0127125188798392,0.0248013155706971,False,False,True,비타겟
1144732544,Q2,-0.0129639012478455,0.0247787050652939,False,False,False,비타겟
1364685248,Q1_저가,-0.0284235592552905,0.0247733287819554,False,False,False,비타겟
1386836608,Q3,-0.0202068007419561,0.0247540046622076,False,False,False,비타겟
304493504,Q4_고가,0.0134866100246824,0.0247457709001662,False,False,True,비타겟
629367744,Q1_저가,-0.0022192178755089,0.0247293635405784,False,False,False,비타겟
1438882560,Q1_저가,-0.0115517569985764,0.0247056331839641,False,False,False,비타겟
702729856,Q2,0.0250477426343205,0.024705197498522,False,False,False,비타겟
1529193664,Q3,-0.0204270613774922,0.024704627025202,False,False,False,비타겟
1607878784,Q4_고가,-0.0014395660386981,0.0247018849105104,False,False,False,비타겟
59011520,Q2,0.0137905190173355,0.0247004717284607,False,False,False,비타겟
919976512,Q4_고가,-0.0061303863777741,0.0246805463118191,False,False,True,비타겟
94214272,Q2,-0.0129240587650681,0.0246648803798412,False,False,False,비타겟
409149632,Q4_고가,0.0564199138925677,0.0246639386198164,False,True,True,비타겟
186709888,Q3,0.0250016529295493,0.0246468598734562,False,False,False,비타겟
1094425664,Q4_고가,-0.0064766744310354,0.0246450745416987,False,False,True,비타겟
1356806528,Q1_저가,-0.0043934052857977,0.0246383477885477,False,False,False,비타겟
798365824,Q2,-0.0103920833256588,0.0246368937162847,False,False,False,비타겟
687317632,Q2,-0.0132211178232546,0.024625672822899,False,False,False,비타겟
1095437184,Q2,-0.0105625193388491,0.0246143040316936,False,False,False,비타겟
740471616,Q4_고가,-0.0140612898409889,0.0246063389042017,False,False,True,비타겟
1111994560,Q4_고가,-0.0231145070065912,0.0246056288388512,False,False,True,비타겟
1598719424,Q2,0.0216383506879549,0.0246041300030384,False,False,False,비타겟
481580032,Q4_고가,-0.0140215775730781,0.0246015971574526,False,False,True,비타겟
361003136,Q1_저가,-0.0031517110147915,0.0245867133661283,False,False,False,비타겟
1234598208,Q2,-0.0127034198613731,0.0245854186224861,False,False,False,비타겟
1150079680,Q3,-0.0206082308247737,0.0245788794700479,False,False,False,비타겟
1090266368,Q2,-0.0119164028780811,0.0245616402959977,False,False,False,비타겟
349700096,Q2,0.0219813900325882,0.0245403172973754,False,False,False,비타겟
312103104,Q3,-0.0134560388564452,0.0245278893197167,False,False,False,비타겟
362948224,Q4_고가,-0.0135416263786001,0.0245140614914253,False,False,False,비타겟
654562944,Q3,-0.0124218171880768,0.0245039504210743,False,False,False,비타겟
989285120,Q1_저가,-0.0103456091021781,0.0244926080558113,False,False,False,비타겟
425107520,Q1_저가,-0.0087526209494996,0.0244806670240868,False,False,False,비타겟
1231847616,Q2,-0.0180942842537586,0.0244458194888675,False,False,False,비타겟
279875520,Q3,-0.0212412729728144,0.024441234985627,False,False,False,비타겟
519394176,Q3,0.0227200953511306,0.0244156998851704,False,False,False,비타겟
562124864,Q4_고가,-0.0140625005237321,0.0243943670268325,False,False,True,비타겟
721358528,Q4_고가,-0.0230496507322315,0.0243908437510037,False,False,True,비타겟
793319360,Q2,0.0044417581386099,0.0243863937644505,False,False,False,비타겟
178667840,Q3,-0.0207513272976811,0.024367279989152,False,False,False,비타겟
707685376,Q2,-0.0130806071953645,0.0243563464132036,False,False,False,비타겟
187190592,Q4_고가,-0.0218130777031946,0.0243534429999734,False,False,True,비타겟
1241741952,Q4_고가,-0.014620667261515,0.0243490952135627,False,False,True,비타겟
723049344,Q4_고가,-0.0140536973358631,0.0243457596825876,False,False,True,비타겟
794316032,Q4_고가,-0.0147205229232309,0.0243301487536586,False,False,True,비타겟
474306368,Q2,-0.0114632053462639,0.0243294508289057,False,False,False,비타겟
660136512,Q2,0.0195634623552561,0.0243096540149885,False,False,False,비타겟
728299968,Q4_고가,-0.0135481190122053,0.0242985532217621,False,False,True,비타겟
857813504,Q3,0.0165713801145835,0.0242924657020653,False,False,False,비타겟
310505088,Q4_고가,-0.0092120136469526,0.0242904692022874,False,False,True,비타겟
433517056,Q3,-0.0048378223596178,0.0242852744046015,False,False,False,비타겟
1096524800,Q3,0.020126332899002,0.0242851452351041,False,False,False,비타겟
1111565824,Q2,-0.0127280587522558,0.0242842732217628,False,False,False,비타겟
648536512,Q3,-0.0127677052233288,0.0242731802622416,False,False,False,비타겟
358102208,Q1_저가,-0.0093334667858161,0.024247226521962,False,False,False,비타겟
1523672064,Q3,0.0187091610456573,0.024245842009082,False,False,False,비타겟
748342912,Q2,0.0077152680501309,0.0242356360176812,False,False,False,비타겟
975988736,Q2,-0.0124163564423684,0.0242313795287228,False,False,False,비타겟
1008800960,Q2,-0.0257889029194984,0.0242232222948056,False,False,False,비타겟
64004160,Q3,-0.0065977520253555,0.0241983564740957,False,False,False,비타겟
154543552,Q2,-0.0379038861753824,0.0241883201189397,False,False,False,비타겟
636416832,Q2,0.0158073357462288,0.0241837217468406,False,False,False,비타겟
764438144,Q3,-0.0131324867809909,0.0241823547662969,False,False,False,비타겟
1075921344,Q4_고가,-0.0174705218974131,0.0241723203198225,False,False,True,비타겟
720022208,Q4_고가,0.0226948752425836,0.0241693507651158,False,False,False,비타겟
190696576,Q3,0.0152858284895311,0.0241581804293196,False,False,False,비타겟
355221696,Q1_저가,-0.0116064223180754,0.0241455364404742,False,False,False,비타겟
109325824,Q3,0.0160677611063798,0.0241103851694521,False,False,False,비타겟
1096727104,Q1_저가,-0.0083962528697407,0.0241057170357735,False,False,False,비타겟
838525952,Q3,-0.0203518513117779,0.0241047580107234,False,False,False,비타겟
748680704,Q3,0.0176501716310268,0.0241033396992905,False,False,False,비타겟
419353920,Q4_고가,-0.0134527679395362,0.0240993664095918,False,False,True,비타겟
61201600,Q4_고가,-0.0177126804142061,0.0240693554821239,False,False,False,비타겟
201570880,Q4_고가,-0.0226497847125249,0.0240427751951388,False,False,True,비타겟
1025014976,Q2,-0.0116871253619297,0.0240365373211487,False,False,False,비타겟
1150517696,Q3,0.0178426387607215,0.0239966559314347,False,False,False,비타겟
371027392,Q4_고가,-0.0487741879773476,0.0239908896494234,False,False,True,비타겟
1231426304,Q3,-0.021035402732311,0.0239866131621565,False,False,False,비타겟
780054528,Q4_고가,-0.0147728780212146,0.0239843388166066,False,False,True,비타겟
638801792,Q1_저가,-0.0118577855707664,0.0239744629922191,False,False,False,비타겟
674888000,Q2,0.0188660561158316,0.0239564920739624,False,False,False,비타겟
1451778048,Q3,-0.0048289882410915,0.0239517776144712,False,False,False,비타겟
1187307328,Q2,-0.0122072017455527,0.0239512834863153,False,False,False,비타겟
1026960064,Q2,-0.0116800445753286,0.0239412577954654,False,False,False,비타겟
767803072,Q2,-0.0131511243420481,0.0239227955073902,False,False,False,비타겟
65036096,Q4_고가,-0.0141838492898711,0.0238489714437428,False,False,True,비타겟
1548345728,Q1_저가,-0.0113496786861589,0.023828413731339,False,False,False,비타겟
1135484096,Q4_고가,-0.0148648888536957,0.0238273356878364,False,False,False,비타겟
765032064,Q2,-0.0161993530999847,0.0238192285053149,False,False,False,비타겟
838089792,Q4_고가,-0.014235923000462,0.0238088973947014,False,False,True,비타겟
527859392,Q1_저가,-0.0174131600023243,0.023805172701221,False,False,False,비타겟
151429184,Q4_고가,0.0180791176224283,0.0237898409308571,False,False,False,비타겟
1510151104,Q3,-0.0011652701276819,0.0237820080975823,False,False,False,비타겟
1179525120,Q4_고가,-0.0164696788288445,0.0237788992946202,False,False,False,비타겟
746954624,Q1_저가,-0.0070959656986347,0.0237758287456161,False,False,False,비타겟
1502174016,Q2,-0.0199729940900969,0.0237531037697206,False,False,False,비타겟
698986304,Q2,-0.0124124093601841,0.0237504509875165,False,False,False,비타겟
764801920,Q1_저가,-0.0175940664386096,0.0237486611025585,False,False,False,비타겟
1016874560,Q1_저가,-0.0111118067743897,0.0237463319427753,False,False,False,비타겟
1468157248,Q3,-0.0044078146796437,0.0237397441168779,False,False,False,비타겟
1251205696,Q3,0.0218860178065185,0.0237239374398008,False,False,False,비타겟
1164593600,Q1_저가,-0.0154489634639141,0.0237205544509806,False,False,False,비타겟
771093760,Q2,0.0259662119765385,0.0237112067979688,False,False,False,비타겟
395849536,Q1_저가,-0.0111992198760412,0.023688712472526,False,False,False,비타겟
1458209088,Q1_저가,-0.0091491594276459,0.0236762054393348,False,False,False,비타겟
1000163136,Q4_고가,0.0213278180215638,0.0236698825758502,False,False,True,비타겟
1180692544,Q4_고가,0.0775394544569776,0.0236657304416295,False,True,True,비타겟
669609536,Q1_저가,-0.0083538363587412,0.0236630342954707,False,False,False,비타겟
598907072,Q2,0.02278566179318,0.0236382143419786,False,False,False,비타겟
1398171200,Q3,-0.0215335985903665,0.0236342119081633,False,False,False,비타겟
1529887808,Q1_저가,-0.0031278924045834,0.0236319663378385,False,False,False,비타겟
968252928,Q3,-0.0210979723439646,0.0236298702735148,False,False,False,비타겟
517194816,Q2,0.016887302201504,0.0236043352200542,False,False,False,비타겟
443546880,Q1_저가,-0.0117453884036263,0.0235527787852578,False,False,False,비타겟
309656896,Q1_저가,-0.008901653768814,0.0235436845167099,False,False,False,비타겟
138585664,Q4_고가,-0.0147438459658823,0.0235258723508076,False,False,True,비타겟
1544156736,Q3,5.3880947956885805e-05,0.0235245163724652,False,False,False,비타겟
299684608,Q4_고가,0.0095486304517017,0.0235184466043473,False,False,False,비타겟
745388160,Q4_고가,-0.0148172554094687,0.0234854644870524,False,False,True,비타겟
301698368,Q2,0.0219422478196149,0.0234763250555084,False,False,False,비타겟
73222912,Q4_고가,0.0095304217178681,0.0234580149292181,False,False,False,비타겟
903944384,Q3,0.0249906827215429,0.0234555790176616,False,False,False,비타겟
1169443328,Q1_저가,0.0045682388382097,0.0234370099695179,False,False,False,비타겟
1268787584,Q1_저가,0.0215423755456423,0.0234369513866489,False,False,False,비타겟
455950528,Q2,-0.0125373516271706,0.023432429226087,False,False,False,비타겟
125281856,Q2,-0.012572733550615,0.0234181718675169,False,False,False,비타겟
877566912,Q2,-0.011848500268061,0.0234156550687569,False,False,False,비타겟
1066431616,Q3,-0.0127788586148702,0.0234049308387404,False,False,False,비타겟
1456674176,Q4_고가,-0.0227881350911551,0.0233945567930842,False,False,True,비타겟
489790976,Q4_고가,-0.022825989758615,0.0233894663801068,False,False,True,비타겟
1059376960,Q2,0.0222416890943789,0.0233651030835307,False,False,False,비타겟
1342893952,Q1_저가,-0.0101900690153494,0.0233635238782863,False,False,False,비타겟
628647616,Q1_저가,-0.0099261245512395,0.0233375905625322,False,False,False,비타겟
134871808,Q2,-0.0128782628111366,0.0233142948783279,False,False,False,비타겟
710048064,Q2,-0.0063793791820919,0.023278620985671,False,False,False,비타겟
799583360,Q1_저가,-0.0113754885327037,0.0232723380327427,False,False,False,비타겟
199364096,Q4_고가,0.0418507095511505,0.0232474424621501,False,True,True,비타겟
748777216,Q2,-0.0127130508117711,0.0232384363179237,False,False,False,비타겟
1214208192,Q3,-0.0008149191013514,0.0232341989317626,False,False,False,비타겟
955431680,Q4_고가,-0.0146674211685215,0.0232328636799474,False,False,True,비타겟
211287040,Q4_고가,-0.0143677199368894,0.0232260173854673,False,False,False,비타겟
296618496,Q1_저가,-0.0101190784581742,0.02322512349697,False,False,False,비타겟
916555904,Q1_저가,-0.0117285790643612,0.0232216671769281,False,False,False,비타겟
54954304,Q4_고가,-0.014624519131345,0.0231871161001532,False,False,True,비타겟
516522944,Q2,-0.0195444331084051,0.023185527404319,False,False,False,비타겟
748717824,Q4_고가,-0.0152197455135262,0.023173897539458,False,False,True,비타겟
1135018240,Q2,-0.0138614155640282,0.0231689069314134,False,False,False,비타겟
745894848,Q1_저가,-0.0066811060916036,0.0231454926765534,False,False,False,비타겟
1506869696,Q1_저가,-0.0333723729194666,0.0231354580975017,False,False,False,비타겟
1502428288,Q4_고가,-0.0099244765163992,0.0231094091807949,False,False,True,비타겟
1263414464,Q1_저가,-0.0045117182897912,0.0230944909335329,False,False,False,비타겟
581158144,Q1_저가,-0.0152631376583877,0.0230936353965626,False,False,False,비타겟
816922112,Q4_고가,-0.0274150524629716,0.023065315220596,False,False,True,비타겟
460898624,Q1_저가,-0.0087521356351664,0.0230631884388101,False,False,False,비타겟
707590720,Q4_고가,0.0339823058938272,0.0230004675910658,False,True,True,비타겟
171052672,Q2,-0.0126627267936745,0.022960720236649,False,False,False,비타겟
391695808,Q4_고가,-0.0141832000787437,0.0229568222316233,False,False,True,비타겟
244529856,Q4_고가,-0.0138425959878204,0.0229480492983028,False,False,True,비타겟
748125760,Q4_고가,-0.0206315602696893,0.0229474780548782,False,False,True,비타겟
404099456,Q1_저가,-0.0119461922844631,0.0229470965160609,False,False,False,비타겟
789843072,Q1_저가,-0.0113525827325039,0.0229382832437161,False,False,False,비타겟
951717824,Q2,-0.0128017669974545,0.0229272517105733,False,False,False,비타겟
1192960704,Q2,-0.0127979883472113,0.0229272517105733,False,False,False,비타겟
387371328,Q3,-0.0145891743819637,0.0229028798960823,False,False,False,비타겟
671174144,Q2,0.0240853428362073,0.0228863388123914,False,False,False,비타겟
995684608,Q3,-0.004668293085598,0.0228532936180347,False,False,False,비타겟
899515968,Q4_고가,-0.022257275737274,0.0228497713485758,False,False,True,비타겟
241473024,Q4_고가,0.0258446688162941,0.0228432865111071,False,False,True,비타겟
1569145920,Q4_고가,0.0001203256967201,0.0228383562866523,False,False,False,비타겟
516855168,Q4_고가,-0.0198882709356303,0.0228353529696172,False,False,True,비타겟
1032281216,Q3,-0.0211147229426973,0.0228318062849238,False,False,False,비타겟
977646144,Q3,0.0226262215224765,0.0228213888130889,False,False,False,비타겟
1616620544,Q2,-0.0173261674027109,0.0228181945163139,False,False,False,비타겟
121480768,Q4_고가,0.012250182679752,0.0227968969182208,False,False,True,비타겟
482686208,Q4_고가,-0.0280941337330673,0.0227875314783673,False,False,True,비타겟
1044846336,Q4_고가,0.0177833320565857,0.0227847988094165,False,False,True,비타겟
1017975168,Q1_저가,-0.0185811338847182,0.0227489109449839,False,False,False,비타겟
1261322752,Q3,0.0145258270463309,0.0227327615266602,False,False,False,비타겟
1221153344,Q2,-0.0040150567299945,0.0227197991078999,False,False,False,비타겟
1329309888,Q4_고가,-0.0066549824736732,0.0227170537538492,False,False,True,비타겟
797309760,Q4_고가,0.0043899746759453,0.0227042178045031,False,False,True,비타겟
610997056,Q3,0.0225629295637259,0.0227029164224483,False,False,False,비타겟
1597858240,Q1_저가,0.0194796489536237,0.0227012914360961,False,False,False,비타겟
1359380800,Q4_고가,-0.0215683708503366,0.0226994236547941,False,False,True,비타겟
190973120,Q1_저가,-0.0116086373015546,0.0226953176194174,False,False,False,비타겟
225841792,Q3,0.0152843757159337,0.0226845007846955,False,False,False,비타겟
1584459776,Q3,0.0056674744870104,0.0226600514445967,False,False,False,비타겟
561237696,Q2,0.0173931062368115,0.0226595069762768,False,False,False,비타겟
255643584,Q1_저가,-0.0112104735141852,0.022631032839848,False,False,False,비타겟
260047872,Q2,0.0007975618731336,0.0226255531939904,False,False,False,비타겟
171292096,Q2,-0.0128409726366076,0.0226196273193908,False,False,False,비타겟
1040436480,Q3,0.0144530401177509,0.0226186817730821,False,False,False,비타겟
393733696,Q3,0.0237051033099865,0.0226175698680133,False,False,False,비타겟
609161472,Q4_고가,-0.0094996836986295,0.0226099689312216,False,False,False,비타겟
99268160,Q1_저가,-0.0118556953021782,0.0226008789215053,False,False,False,비타겟
1075015616,Q1_저가,0.0137167744161159,0.0225968612082732,False,False,False,비타겟
276612672,Q2,-0.0123405456112235,0.0225847999490343,False,False,False,비타겟
807901952,Q1_저가,0.000984450941752,0.0225283202803513,False,False,False,비타겟
74188032,Q4_고가,-0.0101673777331617,0.0225234731339322,False,False,False,비타겟
716557056,Q2,-0.0126768023965134,0.0225214243508053,False,False,False,비타겟
947029568,Q1_저가,-0.0233431857256246,0.0225088265227815,False,False,False,비타겟
747966144,Q3,-0.0012758903581203,0.0225063778961152,False,False,False,비타겟
1122885568,Q4_고가,0.0130169479313068,0.0224958700168895,False,False,False,비타겟
1360149184,Q1_저가,-0.008671651679784,0.0224796957469808,False,False,False,비타겟
275005376,Q3,-0.0195690403080579,0.0224469078676466,False,False,False,비타겟
443530176,Q4_고가,0.0305823492130192,0.0224168343080639,False,True,True,비타겟
1578145664,Q3,0.025257379468764,0.0224057875497722,False,False,False,비타겟
811845952,Q4_고가,-0.0222678389685715,0.0223870331939695,False,False,True,비타겟
612214592,Q2,-0.0125229368953242,0.0223819909224372,False,False,False,비타겟
900891264,Q2,-0.0178999286761256,0.022373847511385,False,False,False,비타겟
790255104,Q3,-0.0212407743603533,0.0223574604940743,False,False,False,비타겟
479811264,Q4_고가,0.0251868817502716,0.0223552681021064,False,False,False,비타겟
467147776,Q2,0.0158240025662311,0.0223439867198694,False,False,False,비타겟
578262784,Q3,-0.0212083434256485,0.0223428349627233,False,False,False,비타겟
472435520,Q1_저가,0.0158779885405525,0.0223345314868294,False,False,False,비타겟
459849984,Q4_고가,-0.0132309681307331,0.0223320897164793,False,False,True,비타겟
639681536,Q2,-0.0122934612810093,0.0223055212974418,False,False,False,비타겟
1036434944,Q4_고가,-0.0141331056852491,0.022294562247585,False,False,True,비타겟
1345707648,Q3,-0.0062511056078888,0.0222945147345675,False,False,False,비타겟
748309504,Q4_고가,-0.0137323311004853,0.0222828577657151,False,False,True,비타겟
308021760,Q3,-0.0262637156449213,0.0222588613963004,False,False,False,비타겟
462442816,Q3,-0.0203444806672159,0.0222486614096154,False,False,False,비타겟
1210037760,Q3,0.0204457910560192,0.0221953756791776,False,False,False,비타겟
1530984704,Q1_저가,-0.0148491626089025,0.0221926143206695,False,False,False,비타겟
840101696,Q4_고가,-0.0149953471858457,0.0221815030294268,False,False,True,비타겟
938016832,Q4_고가,-0.0145156394439092,0.0221640421091167,False,False,True,비타겟
598621248,Q2,-0.0009803026278937,0.02216273227779,False,False,False,비타겟
283520704,Q1_저가,-0.0087512668597108,0.0221516962065413,False,False,False,비타겟
1578255168,Q1_저가,-0.0143978833156192,0.0221497611094191,False,False,False,비타겟
211049472,Q2,-0.0065015155251321,0.0221288683975043,False,False,False,비타겟
1607360960,Q1_저가,-0.0198732401412737,0.0221202826781129,False,False,False,비타겟
827989440,Q4_고가,-0.0142903056919103,0.0220923032431072,False,False,True,비타겟
269558016,Q2,0.014761532617146,0.0220804396945608,False,False,False,비타겟
639817024,Q3,-0.0131615589010715,0.0220759604359712,False,False,False,비타겟
482547008,Q1_저가,0.02452712573853,0.0220754333894305,False,False,False,비타겟
230867840,Q1_저가,-0.0119243223284847,0.022058651769885,False,False,False,비타겟
1278936192,Q4_고가,-0.0146648675409709,0.0220556067054256,False,False,True,비타겟
689979136,Q2,-0.018547424782697,0.0220534038988068,False,False,False,비타겟
769850240,Q4_고가,-0.0150191273393289,0.022040516912175,False,False,True,비타겟
1034508416,Q1_저가,-0.0177792600839638,0.0220398597110342,False,False,False,비타겟
740983872,Q1_저가,-0.0112571947563699,0.0220398011628921,False,False,False,비타겟
1285183488,Q4_고가,-0.0080775448959903,0.0220372681788644,False,False,True,비타겟
1388135808,Q2,-0.0410969773562186,0.0220073606756508,False,False,False,비타겟
658390016,Q4_고가,0.0147441902971054,0.0220020184911474,False,False,True,비타겟
344466176,Q4_고가,-0.0226523009072857,0.0219981388502981,False,False,True,비타겟
1023218368,Q4_고가,-0.0208464533278814,0.0219908704937431,False,False,True,비타겟
761110336,Q2,0.012399344087141,0.0219617253111399,False,False,False,비타겟
1263969408,Q3,-0.0199824982093252,0.0218948192102016,False,False,False,비타겟
781010368,Q1_저가,-0.0111302102857952,0.0218933649393508,False,False,False,비타겟
744911168,Q2,-0.0125955247088415,0.021886194241259,False,False,False,비타겟
926205248,Q2,0.0184606620684494,0.0218816002293086,False,False,False,비타겟
1009641728,Q2,0.0064668193496795,0.0218580473188071,False,False,False,비타겟
604445376,Q4_고가,-0.0143627805511405,0.0218567417805854,False,False,True,비타겟
1238464256,Q3,-0.0124331208622617,0.0218531622842259,False,False,False,비타겟
1070945408,Q3,0.0172512974664474,0.0218505473452037,False,False,False,비타겟
125788544,Q1_저가,-0.0080730374000281,0.0218438820032128,False,False,False,비타겟
1521268544,Q1_저가,-0.0151701184912469,0.021817792947429,False,False,False,비타겟
778892672,Q3,-0.0014432861908528,0.0217962816032418,False,False,False,비타겟
1349905920,Q2,0.0074031641271442,0.0217808838886313,False,False,False,비타겟
765728064,Q3,-0.0192456449123683,0.0217766966133407,False,False,False,비타겟
757671168,Q3,-0.0244336998796216,0.0217717485723224,False,False,False,비타겟
979800960,Q1_저가,-0.0104223766025113,0.0217684105604613,False,False,False,비타겟
1397991168,Q1_저가,0.0138696675321104,0.0217548629979653,False,False,False,비타겟
1353881472,Q4_고가,-0.0164343557842867,0.0217492488896703,False,False,True,비타겟
229035968,Q3,-0.013568918760956,0.0217446455701451,False,False,False,비타겟
268327488,Q1_저가,-0.0074654695036059,0.0217098436251828,False,False,False,비타겟
852173120,Q3,0.0052116631948883,0.0216885028827281,False,False,False,비타겟
761767360,Q3,0.0137831833557988,0.0216806293226441,False,False,False,비타겟
875621824,Q2,-0.0196783127745862,0.0216764994272769,False,False,False,비타겟
563891776,Q1_저가,-0.0194212383646047,0.0216689800764989,False,False,False,비타겟
1378766720,Q4_고가,-0.0140283413072363,0.0216567208506149,False,False,True,비타겟
581586880,Q2,-0.0117352411515413,0.0216509039576518,False,False,False,비타겟
434125824,Q1_저가,-0.0090193484545334,0.0216344164928308,False,False,False,비타겟
848039808,Q2,-0.0124379416055954,0.0215876160107468,False,False,False,비타겟
477823488,Q2,-0.0074772467365345,0.0215873210287425,False,False,False,비타겟
598955328,Q4_고가,-0.0138081451327558,0.0215863928374301,False,False,True,비타겟
1138724672,Q3,-0.0061503728761314,0.0215658198854108,False,False,False,비타겟
1561408256,Q2,0.0199484418628252,0.0215199584517045,False,False,False,비타겟
1115225856,Q3,-0.02748181522681,0.0215188262812024,False,False,False,비타겟
762762176,Q3,-0.0342111904839857,0.02150982602709,False,False,False,비타겟
840630656,Q4_고가,-0.0147005135195923,0.0214813108743728,False,False,True,비타겟
746637248,Q4_고가,0.012054805894148,0.021471557702001,False,False,False,비타겟
443424384,Q4_고가,-0.035508754708127,0.0214563485028153,False,False,False,비타겟
218423360,Q4_고가,-0.0236994918890891,0.0214488313734902,False,False,True,비타겟
770575936,Q4_고가,0.0014698724672089,0.021446837320336,False,False,False,비타겟
369108288,Q2,-0.016406114635355,0.0214363661174929,False,False,False,비타겟
219267840,Q4_고가,-0.0143807985022075,0.0214350412609105,False,False,True,비타겟
93971136,Q3,0.0248600166927789,0.0214151492482561,False,False,False,비타겟
1209605312,Q4_고가,-0.0058153608232142,0.0214129133288192,False,False,True,비타겟
1175475328,Q4_고가,0.0007410353173065,0.0213516402618053,False,False,False,비타겟
358788928,Q2,-0.0123591208528071,0.0213329080224331,False,False,False,비타겟
1108369792,Q4_고가,-0.0345097993492363,0.0213002635781128,False,False,False,비타겟
272529472,Q4_고가,0.0358705789635395,0.0212815757373964,False,True,True,비타겟
747734144,Q4_고가,-0.0018420353365835,0.0212778199450333,False,False,True,비타겟
556167104,Q2,-0.0142822392157474,0.0212595872863771,False,False,False,비타겟
1344319360,Q4_고가,-0.0150668973759098,0.0212545162773075,False,False,True,비타겟
787385728,Q1_저가,-0.0202972656458466,0.0212444248368543,False,False,False,비타겟
1007219648,Q4_고가,-0.0092149569038843,0.0212407490309879,False,False,False,비타겟
1069976576,Q4_고가,0.0171640285828827,0.0212197232507165,False,False,False,비타겟
397685120,Q2,0.0038318244861645,0.0212098708666839,False,False,False,비타겟
1333638080,Q4_고가,-0.0137528412535394,0.0211969864995386,False,False,True,비타겟
661951680,Q2,-0.012981799465626,0.0211903713888355,False,False,False,비타겟
176002624,Q4_고가,0.0044432955553803,0.0211885765747408,False,False,False,비타겟
1176609344,Q2,-0.0125864291685756,0.0211871741446249,False,False,False,비타겟
551079808,Q1_저가,-0.0107686447598712,0.021147140064197,False,False,False,비타겟
583736128,Q2,-0.0288278862950524,0.0211456411811096,False,False,False,비타겟
1170516096,Q2,-0.0308071710576059,0.0211294709985557,False,False,False,비타겟
64921024,Q3,0.0206278948369982,0.0211105316785593,False,False,False,비타겟
274710272,Q4_고가,-0.0152654388049253,0.0211088154002532,False,False,True,비타겟
636105024,Q1_저가,-0.0109679143588108,0.02108999027651,False,False,False,비타겟
653026176,Q1_저가,-0.0116319853827147,0.0210885617703259,False,False,False,비타겟
187359488,Q3,0.0131910492233673,0.0210652087348254,False,False,False,비타겟
482303872,Q1_저가,-0.0119065524804497,0.0210416746174172,False,False,False,비타겟
1524752256,Q2,-0.0170376088128028,0.0210378752369802,False,False,False,비타겟
1382582656,Q4_고가,0.0224377866897158,0.021001810934133,False,False,False,비타겟
1464172416,Q2,-0.0197097269550899,0.0209950573067137,False,False,False,비타겟
1379232576,Q2,-0.0083694391889334,0.0209866889197368,False,False,False,비타겟
1477021504,Q1_저가,0.0234117480924002,0.0209711563978725,False,False,False,비타겟
563630080,Q2,-0.0001758984215178,0.0209636255776114,False,False,False,비타겟
1426382400,Q2,0.0119087954897282,0.0209479688534363,False,False,False,비타겟
1115842048,Q2,-0.0087936451218067,0.0209330581403243,False,False,False,비타겟
1521344640,Q2,-0.0166477818753983,0.0209250353272785,False,False,False,비타겟
460510720,Q4_고가,0.0159328175847527,0.0209210934978919,False,False,False,비타겟
1584734464,Q1_저가,-0.0043726708713919,0.0209101859082365,False,False,False,비타겟
218837248,Q4_고가,-0.0223959690926966,0.0209090748054622,False,False,True,비타겟
287262400,Q3,-0.0212383017063657,0.0209084338060654,False,False,False,비타겟
878415104,Q4_고가,0.0136851697919291,0.0209054447046345,False,False,False,비타겟
716833600,Q4_고가,-0.0140137198917281,0.0208945890979257,False,False,True,비타겟
1454040512,Q2,-0.0086540416128192,0.020891770909904,False,False,False,비타겟
219293824,Q3,0.0211542470100571,0.0208834189064213,False,False,False,비타겟
1501169920,Q4_고가,-0.0133783019244078,0.0208680279184539,False,False,True,비타겟
917457920,Q3,0.0112176211560524,0.0208673467868386,False,False,False,비타겟
151689024,Q2,0.0236013965550743,0.020846901243877,False,False,False,비타겟
913476800,Q4_고가,-0.0128923346654557,0.0208423312458774,False,False,False,비타겟
797899968,Q3,0.0239950611351791,0.0208273363216865,False,False,False,비타겟
144454336,Q4_고가,-0.0274117834869283,0.0208087565520056,False,False,True,비타겟
871648128,Q3,0.0178914667121907,0.0207929438518222,False,False,False,비타겟
76498752,Q3,0.025152484397607,0.0207756406683021,False,False,False,비타겟
656077440,Q2,0.0245247711127193,0.0207414486355367,False,False,False,비타겟
1270866304,Q1_저가,-0.0108361777535633,0.020740355865582,False,False,False,비타겟
763135232,Q4_고가,-0.0150604958823245,0.0207378425655055,False,False,True,비타겟
635182592,Q4_고가,-0.0144400063675977,0.0207354829046668,False,False,True,비타겟
762121856,Q1_저가,0.0036489736435839,0.0207329837245009,False,False,False,비타겟
1001111552,Q3,0.0255964574961177,0.0207015060760822,False,False,False,비타겟
1255470784,Q2,-0.0124337212383,0.0206769961250607,False,False,False,비타겟
1489532800,Q1_저가,-0.0190699007991738,0.0206641180292662,False,False,False,비타겟
732689408,Q3,-0.0108425780759437,0.0206546533478016,False,False,False,비타겟
943068864,Q2,-0.0125345533642584,0.0206526866405359,False,False,False,비타겟
762173824,Q1_저가,-0.0126303387984573,0.0206463996173455,False,False,False,비타겟
766652352,Q4_고가,-0.0212498523707388,0.0206391121773367,False,False,True,비타겟
897337024,Q4_고가,-0.0227233543492885,0.0206314782131235,False,False,True,비타겟
1083013120,Q1_저가,-0.0168790350834726,0.0206309542627652,False,False,False,비타겟
1084598144,Q4_고가,-0.009145467944319,0.0206106900155071,False,False,False,비타겟
1283997504,Q3,0.0244526622181503,0.0205984172705139,False,False,False,비타겟
556742464,Q1_저가,-0.0139134863249784,0.0205977578491471,False,False,False,비타겟
857819072,Q2,0.0145527756917139,0.0205725406193262,False,False,False,비타겟
942825728,Q4_고가,-0.0090380665700772,0.0205620674619357,False,False,True,비타겟
1244711552,Q1_저가,-0.0101650316105791,0.0205462611537509,False,False,False,비타겟
1172897344,Q1_저가,-0.0253921731844743,0.0205352026073802,False,False,False,비타겟
1067368896,Q2,-0.0121892920181157,0.020518796258072,False,False,False,비타겟
308762304,Q4_고가,-0.0187740259611343,0.0204819910719141,False,False,False,비타겟
245565504,Q4_고가,-0.0044751428182861,0.0204797780023289,False,False,True,비타겟
636788032,Q2,0.0235066225431225,0.0204520128762818,False,False,False,비타겟
1549412928,Q4_고가,0.0203169490908433,0.0204251053683958,False,False,True,비타겟
1070750528,Q3,0.0240509115096827,0.0204058800426231,False,False,False,비타겟
187036544,Q2,0.0226389045904268,0.0203786671690634,False,False,False,비타겟
387445568,Q3,0.0175712551651092,0.0203447606406422,False,False,False,비타겟
1192702720,Q1_저가,-0.0255009662828171,0.0203409799514694,False,False,False,비타겟
1134452160,Q3,0.0244788512492254,0.0203407507390667,False,False,False,비타겟
122564672,Q2,-0.0124286153149328,0.0203166272888094,False,False,False,비타겟
65650432,Q2,-0.0116361766404498,0.0203020365371176,False,False,False,비타겟
232851904,Q2,-0.0127608261372693,0.0202825888536989,False,False,False,비타겟
52879296,Q3,-0.0208476536663995,0.0202787514370831,False,False,False,비타겟
549556032,Q2,-0.0123449083473345,0.0202584780603493,False,False,False,비타겟
748142464,Q1_저가,-0.0108461399057968,0.0202580222528719,False,False,False,비타겟
165818752,Q1_저가,-0.0013707593881116,0.020252593290642,False,False,False,비타겟
1304626944,Q4_고가,-0.0114666565520931,0.0202484875041237,False,False,False,비타겟
1144513536,Q1_저가,0.0262045613369196,0.020223107243117,False,False,False,비타겟
44666496,Q1_저가,-0.0076296573454644,0.020217757006158,False,False,False,비타겟
258804352,Q4_고가,-0.0174527902087517,0.0202044681850817,False,False,False,비타겟
1200687232,Q2,-0.0128525289201829,0.020199561981582,False,False,False,비타겟
1013530048,Q1_저가,-0.0095333512308033,0.020199000971404,False,False,False,비타겟
415272576,Q4_고가,-0.0018343146926745,0.0201917704918304,False,False,True,비타겟
179272896,Q3,-0.0163161165353828,0.0201814859860486,False,False,False,비타겟
1097582720,Q1_저가,-0.0094365004552613,0.020153928753483,False,False,False,비타겟
663015168,Q4_고가,0.0115437982042531,0.0201467738534771,False,False,True,비타겟
1044606912,Q1_저가,-0.0108637604576765,0.0201237191364676,False,False,False,비타겟
1611358784,Q3,-0.0176676387506138,0.0200881020475189,False,False,False,비타겟
767133056,Q2,-0.0125622393343381,0.0200612450567244,False,False,False,비타겟
350206784,Q4_고가,0.0753228559990309,0.0200603556162417,False,True,True,비타겟
483036992,Q4_고가,-0.0147229121066599,0.0200215581828573,False,False,True,비타겟
590575488,Q1_저가,-0.016746611770784,0.0199851970069719,False,False,False,비타겟
1310757312,Q3,-0.019711207309193,0.0199632504246551,False,False,False,비타겟
1173450432,Q2,-0.0198190065467727,0.0199556294541467,False,False,False,비타겟
1145528768,Q3,-0.020619054990747,0.0199510554935884,False,False,False,비타겟
1136334144,Q2,-0.0180559490686442,0.0199317638498063,False,False,False,비타겟
668377152,Q3,-0.0068330593883098,0.0199177109013715,False,False,False,비타겟
1235179136,Q4_고가,-0.0037376268387998,0.0199171621852431,False,False,True,비타겟
224004352,Q4_고가,0.0150360227463474,0.0198998596096451,False,False,True,비타겟
1050664896,Q3,-0.005421847792428,0.0198908133756577,False,False,False,비타겟
270382080,Q2,-0.0245047012789244,0.0198780811052139,False,False,False,비타겟
1442887808,Q1_저가,-0.0037506771986957,0.0198566367979388,False,False,False,비타겟
976122368,Q4_고가,0.0179709524348542,0.0198489215846792,False,False,True,비타겟
383483008,Q4_고가,-0.0135598083782617,0.0198385890671567,False,False,True,비타겟
1551109312,Q4_고가,-0.0138035410478096,0.019838080835656,False,False,False,비타겟
1620334400,Q3,-0.0177771708339276,0.0198340410657638,False,False,False,비타겟
677991232,Q4_고가,-0.0070792635924188,0.0198286429461485,False,False,True,비타겟
1299417152,Q1_저가,-0.0072540436207398,0.0198271127011112,False,False,False,비타겟
588327872,Q4_고가,-0.0136652452995916,0.0198203883694381,False,False,True,비타겟
670420608,Q4_고가,-0.0149442272405081,0.0198036995892441,False,False,True,비타겟
179948480,Q2,-0.0118183234705153,0.0197879327873376,False,False,False,비타겟
422208448,Q4_고가,-0.0149767388812189,0.0197804981318267,False,False,True,비타겟
1351405568,Q4_고가,-0.0224300479522712,0.0197804370761552,False,False,True,비타겟
932562048,Q4_고가,-0.0121330584566065,0.0197334919874601,False,False,True,비타겟
1241708544,Q2,0.0087528374813392,0.0197216873502157,False,False,False,비타겟
170859648,Q1_저가,-0.0327959323071546,0.0196920017464311,False,False,False,비타겟
749016640,Q4_고가,-0.0147567754778558,0.0196870505150657,False,False,True,비타겟
1180408576,Q2,0.0207928132134672,0.0196810008415195,False,False,False,비타겟
1570309632,Q2,-0.0239980340199935,0.0196778451817656,False,False,False,비타겟
1332461376,Q3,-0.0027593120648877,0.0196679004490729,False,False,False,비타겟
999721408,Q3,-0.0183124001543442,0.0196501840610955,False,False,False,비타겟
1520804544,Q2,0.0069534709903528,0.0196477258385569,False,False,False,비타겟
1614656896,Q2,0.0176006267077101,0.0196398877852972,False,False,False,비타겟
1537120640,Q2,-0.0124991717225114,0.0196332905489097,False,False,False,비타겟
766553984,Q4_고가,-0.0036974665088115,0.0196314399452816,False,False,False,비타겟
369906368,Q3,-0.0136556766796628,0.0196220087989475,False,False,False,비타겟
917133120,Q3,-0.0132119453669596,0.0196134604365143,False,False,False,비타겟
1347621184,Q2,-0.0127714508894769,0.0196112068187531,False,False,False,비타겟
192864384,Q4_고가,0.0314063290817329,0.0196069784275645,False,True,True,비타겟
432113920,Q4_고가,0.0371503854136076,0.0195968720621673,False,True,True,비타겟
1321601920,Q2,-0.0126580064156497,0.0195960056183173,False,False,False,비타겟
289402368,Q3,-0.0068259969625224,0.0195725950216878,False,False,False,비타겟
570475008,Q3,0.0238452226172097,0.0195622235174097,False,False,False,비타겟
1323476480,Q3,-0.0168338984977729,0.0195435990655027,False,False,False,비타겟
1352173952,Q4_고가,-0.0072566013464992,0.0195427163176278,False,False,True,비타겟
771539200,Q2,0.0238580140664876,0.0195386721601147,False,False,False,비타겟
1607216192,Q1_저가,-0.0106924120453741,0.019499096299277,False,False,False,비타겟
1377976064,Q3,-0.0404890697215664,0.0194867075125046,False,False,False,비타겟
646337152,Q4_고가,-0.0152322719246231,0.0194643041103288,False,False,True,비타겟
65514944,Q3,0.021781220936179,0.0194600160488132,False,False,False,비타겟
732472256,Q2,-0.0124029559024062,0.0194476924989559,False,False,False,비타겟
932968512,Q4_고가,-0.0141425517657811,0.0194476649942331,False,False,True,비타겟
292904640,Q4_고가,-0.022036875698522,0.0194436238957144,False,False,True,비타겟
1118052544,Q3,-0.0063923395443219,0.0194395224997305,False,False,False,비타겟
393533248,Q3,0.0060388950976721,0.0194125999680125,False,False,False,비타겟
244258880,Q3,0.0160744511031688,0.0194073216126902,False,False,False,비타겟
1388854080,Q2,-0.0121841415644291,0.0194061369367897,False,False,False,비타겟
1014198208,Q3,-0.017574472561804,0.0193986353118129,False,False,False,비타겟
1270023680,Q2,-0.0011050690199541,0.0193882431021621,False,False,False,비타겟
847082112,Q1_저가,-0.03124869160913,0.0193874643788528,False,False,False,비타겟
1372506432,Q4_고가,-0.0018407629217706,0.0193860077183694,False,False,True,비타겟
539633856,Q4_고가,0.0310251522338321,0.0193622699835492,False,True,True,비타겟
139359616,Q1_저가,-0.0245983241992027,0.0193281665259,False,False,False,비타겟
651866176,Q4_고가,0.0130063891301334,0.0193259228522212,False,False,False,비타겟
940438912,Q2,-0.0127122307320797,0.0193232130059852,False,False,False,비타겟
172457664,Q3,0.0262134976482123,0.0193200651768544,False,False,False,비타겟
483712576,Q3,-0.0134627529744644,0.0193140294226037,False,False,False,비타겟
415343104,Q2,-0.0192447289579285,0.0193097366919754,False,False,False,비타겟
697731648,Q4_고가,-0.0142485576119056,0.0192994145585856,False,False,True,비타겟
396348800,Q4_고가,-0.0368150949169007,0.0192932981171456,False,False,True,비타겟
188946368,Q2,-0.0197940580037893,0.0192839414849134,False,False,False,비타겟
694968064,Q4_고가,-0.0105249036823299,0.019276962434482,False,False,True,비타겟
1015562368,Q2,-0.0127107153835383,0.0192616592194761,False,False,False,비타겟
1263143488,Q1_저가,-0.0238237311661102,0.0192588945005968,False,False,False,비타겟
769263744,Q4_고가,0.025241152680163,0.0192521391096076,False,False,False,비타겟
1028272256,Q4_고가,0.0229115506573136,0.0192510512911391,False,False,True,비타겟
895447616,Q1_저가,-0.0069044805158074,0.0192422466380479,False,False,False,비타겟
274346496,Q4_고가,-0.0215132439166685,0.0192398994432273,False,False,True,비타겟
343126144,Q4_고가,-0.0371204000167348,0.0192369759304897,False,False,True,비타겟
798310144,Q4_고가,-0.0135000839765031,0.019225852577876,False,False,False,비타겟
202871936,Q4_고가,-0.0148614327422694,0.0192098153244873,False,False,True,비타겟
1520281152,Q3,-0.0125162521338443,0.0192097168389459,False,False,False,비타겟
1397284032,Q4_고가,-0.0221102971246452,0.0191991710678871,False,False,True,비타겟
855057344,Q4_고가,-0.0174945569456681,0.0191734209160509,False,False,False,비타겟
321615104,Q1_저가,0.014452574013322,0.0191678072628831,False,False,False,비타겟
683137920,Q2,-0.0116494654945392,0.0191472933576297,False,False,False,비타겟
304196544,Q2,0.0251237206172011,0.0191300750067191,False,False,False,비타겟
167075264,Q1_저가,-0.0117422601561754,0.0191277074359944,False,False,False,비타겟
508805696,Q4_고가,-0.0179461558610745,0.0190802557706516,False,False,False,비타겟
423587456,Q4_고가,-0.0364261672546598,0.019075756286228,False,False,False,비타겟
774789056,Q3,-0.0203441160290214,0.0190728765512393,False,False,False,비타겟
1462960448,Q2,-0.019715024166224,0.0190728083876631,False,False,False,비타겟
630839552,Q4_고가,0.0252456666530065,0.0190721792963,False,False,True,비타겟
1292843200,Q2,-0.012548324382501,0.0190672024631216,False,False,False,비타겟
1352708480,Q2,-0.020505629051441,0.019065104130572,False,False,False,비타겟
1632747328,Q4_고가,0.0169143724744765,0.0190618569211503,False,False,True,비타겟
1385030720,Q4_고가,-0.0220331006851429,0.0190564060870868,False,False,True,비타겟
1083913280,Q3,-0.0171170071925549,0.0190543126835303,False,False,False,비타겟
1104559424,Q2,-0.0123590522449211,0.0190452074077324,False,False,False,비타겟
900275072,Q3,-0.0338711212867368,0.0190268141683937,False,False,False,비타겟
761149312,Q1_저가,-0.0165821138909849,0.0190231424774684,False,False,False,비타겟
393373632,Q4_고가,0.0204564066136422,0.0190143454403385,False,False,False,비타겟
1168760320,Q4_고가,0.0242843026386508,0.0190034406794168,False,False,True,비타겟
245576640,Q3,0.0241498423824557,0.0190030543002697,False,False,False,비타겟
622307520,Q4_고가,-0.0210265510601283,0.0189930298358492,False,False,True,비타겟
62743936,Q4_고가,0.0119893409999816,0.0189799152367219,False,False,False,비타겟
252263808,Q3,-0.0131698924379119,0.018979394374689,False,False,False,비타겟
743864384,Q3,0.0234457424841971,0.0189764994779358,False,False,False,비타겟
1607617088,Q3,-0.0014683248255971,0.0189707504450208,False,False,False,비타겟
998990144,Q1_저가,-0.0013296702623756,0.018931652745417,False,False,False,비타겟
135220736,Q1_저가,-0.007493031659809,0.0189263977728822,False,False,False,비타겟
762732480,Q2,-0.0186666664268072,0.0189114575856696,False,False,False,비타겟
1267239680,Q3,-0.03859139020064,0.0189043071726052,False,False,False,비타겟
1497240768,Q4_고가,-0.0231627265771406,0.0188910455744709,False,False,True,비타겟
766505728,Q3,0.0253325381233233,0.0188861230844966,False,False,False,비타겟
645403584,Q3,-0.0191067094997704,0.0188769433569343,False,False,False,비타겟
1456960000,Q4_고가,0.0207216349083122,0.0188415204218106,False,False,False,비타겟
1223042752,Q1_저가,-0.0185051185018751,0.0188344732940019,False,False,False,비타겟
1025809344,Q3,-0.0081799462792565,0.0188331971705804,False,False,False,비타겟
806428288,Q4_고가,0.0205696756461233,0.0188297467017034,False,False,True,비타겟
628389632,Q2,0.0207390071279647,0.0188197089241604,False,False,False,비타겟
56511488,Q1_저가,-0.0108858871215723,0.0188149766268104,False,False,False,비타겟
1330300992,Q3,-0.0248618628092496,0.0188021529746765,False,False,False,비타겟
65873152,Q4_고가,-0.0119849963283607,0.0187714330680005,False,False,True,비타겟
330908096,Q4_고가,-0.0080943595788327,0.0187686230301993,False,False,True,비타겟
928322944,Q3,-0.0085810327080668,0.0187636862313393,False,False,False,비타겟
60956608,Q4_고가,-0.0142587975695305,0.0187439446415316,False,False,True,비타겟
1478489600,Q3,0.0248277246570842,0.0187435092775947,False,False,False,비타겟
354941440,Q2,0.0216735114437075,0.0187315010014833,False,False,False,비타겟
842958080,Q2,-0.0188202181217686,0.0187257900835801,False,False,False,비타겟
743194368,Q2,0.0168104453727466,0.0187210857132957,False,False,False,비타겟
945851008,Q2,-0.0119445452831482,0.0187200356804029,False,False,False,비타겟
841640320,Q1_저가,-0.0179363780388897,0.0187197408032013,False,False,False,비타겟
651365056,Q1_저가,-0.0099909661141097,0.0186776792955734,False,False,False,비타겟
827170944,Q3,-0.0213629049745964,0.0186633574796501,False,False,False,비타겟
352018240,Q4_고가,0.0131848396686375,0.0186597652459978,False,False,True,비타겟
532161600,Q3,-0.0105643034504538,0.0186416699485841,False,False,False,비타겟
1207220352,Q3,-0.0120138951184351,0.0186291258668769,False,False,False,비타겟
759638528,Q4_고가,0.0189617306199111,0.0186281022768386,False,False,False,비타겟
852499776,Q3,0.0229964104540157,0.0185997362821829,False,False,False,비타겟
850383936,Q3,-0.0133421549618013,0.018584143694195,False,False,False,비타겟
1597618816,Q3,-0.0063848654600301,0.0185816549612959,False,False,False,비타겟
894541888,Q1_저가,-0.010634869941727,0.0185766995699646,False,False,False,비타겟
1042452096,Q4_고가,-0.0224139109219831,0.0185656701620765,False,False,True,비타겟
878318592,Q3,-0.0201920337088651,0.0185603768803035,False,False,False,비타겟
872900928,Q1_저가,-0.0176153976244109,0.0185583637382649,False,False,False,비타겟
1187338880,Q1_저가,-0.0150899412825246,0.0185566816186168,False,False,False,비타겟
778656960,Q1_저가,-0.011543056570813,0.0185318193856923,False,False,False,비타겟
1518482688,Q2,-0.0163675636552412,0.018526832180933,False,False,False,비타겟
654809792,Q3,0.0263493095472623,0.0185111108635835,False,False,False,비타겟
1110823424,Q1_저가,-0.0111532079893401,0.0185092291448471,False,False,False,비타겟
256733056,Q3,-0.020665502901432,0.0184984614898467,False,False,False,비타겟
1130665920,Q1_저가,-0.0183357767705105,0.0184934300038359,False,False,False,비타겟
1508614336,Q1_저가,0.010176041033654,0.0184919310905719,False,False,False,비타겟
476546560,Q4_고가,-0.0220489295729973,0.0184753577584027,False,False,True,비타겟
409880896,Q4_고가,-0.0189353702055183,0.0184718696828666,False,False,False,비타겟
255101632,Q3,-0.0132930470391216,0.0184670965475544,False,False,False,비타겟
917517312,Q1_저가,-0.0235983489510165,0.01846643002966,False,False,False,비타겟
969219904,Q1_저가,0.0035944557783728,0.0184531096292257,False,False,False,비타겟
1000577024,Q4_고가,-0.0131383337964854,0.0184387846538187,False,False,True,비타겟
766236608,Q2,0.0234095574018768,0.018433292658305,False,False,False,비타겟
108934208,Q2,0.0211859466224814,0.018431213580491,False,False,False,비타겟
267685312,Q3,0.0130807089510301,0.0184290200933713,False,False,False,비타겟
610794752,Q1_저가,-0.0155220321578777,0.0184140997926752,False,False,False,비타겟
284545216,Q2,0.0001023123611053,0.0184039629413916,False,False,False,비타겟
67601088,Q2,-0.011866022348682,0.0184004263522315,False,False,False,비타겟
299860928,Q3,0.0115658412513301,0.0183813045066997,False,False,False,비타겟
844461440,Q4_고가,0.0240152214125255,0.0183690351857261,False,False,True,비타겟
845318912,Q3,-0.0168362587336174,0.0183592504127428,False,False,False,비타겟
536892544,Q2,-0.017758264508806,0.0183588192155723,False,False,False,비타겟
1379635328,Q4_고가,0.0250127738273132,0.0183404412322047,False,False,True,비타겟
1019597312,Q2,0.0248459163597593,0.0183390273998353,False,False,False,비타겟
1470681408,Q1_저가,-0.0134889330751117,0.0183303673546141,False,False,False,비타겟
279743744,Q2,0.0154903946109528,0.0183285173181193,False,False,False,비타겟
1198441472,Q4_고가,-0.0139251031570282,0.0183209827058792,False,False,True,비타겟
1093024384,Q1_저가,-0.0146584560020355,0.0183167618127892,False,False,False,비타겟
1008335104,Q3,-0.0231568089386003,0.0183037224838552,False,False,False,비타겟
1359399360,Q4_고가,-0.0150267500410191,0.0183025822807465,False,False,True,비타겟
746518464,Q1_저가,-0.0120790439819186,0.0182953574483733,False,False,False,비타겟
1505958400,Q4_고가,0.0134468348725544,0.0182904154164194,False,False,False,비타겟
1041203008,Q2,-0.0166482920857264,0.0182833848272856,False,False,False,비타겟
869272448,Q2,-0.0038751468007872,0.0182748877642148,False,False,False,비타겟
725185600,Q1_저가,0.0200193897872466,0.0182704586162257,False,False,False,비타겟
645173440,Q1_저가,-0.0111304112213157,0.0182125992434054,False,False,False,비타겟
872260608,Q4_고가,0.0143824965951768,0.0182125027072643,False,False,False,비타겟
1026351296,Q1_저가,0.0070793879220405,0.0182044054093227,False,False,False,비타겟
786392768,Q4_고가,0.0183907493004124,0.0181907619318633,False,False,False,비타겟
162344320,Q1_저가,-0.01022564119283,0.018151218644188,False,False,False,비타겟
540305728,Q4_고가,-0.0004167735859586,0.018130816529442,False,False,True,비타겟
747266432,Q2,-0.0196898821602218,0.0181244907919818,False,False,False,비타겟
207946240,Q4_고가,-0.0154712621025041,0.0181119495180785,False,False,True,비타겟
1612392576,Q1_저가,0.0182561806953337,0.0180815872693641,False,False,False,비타겟
572008064,Q1_저가,-0.0182596530539793,0.0180663504321507,False,False,False,비타겟
486537408,Q4_고가,0.0210614242910665,0.0180629407410074,False,False,False,비타겟
430725632,Q2,0.0223976964311469,0.0180624718492746,False,False,False,비타겟
1015321088,Q2,-0.0169049413735341,0.0180559052014399,False,False,False,비타겟
639297344,Q1_저가,-0.0175250664919039,0.0180530274414219,False,False,False,비타겟
1383484672,Q2,-0.0123085490013684,0.0180461859354154,False,False,False,비타겟
446967488,Q1_저가,-0.0181288581337446,0.0180436702032642,False,False,False,비타겟
229585344,Q2,0.0247907573154723,0.0180171840561965,False,False,False,비타겟
765709504,Q4_고가,-0.0162632304979205,0.0180026111442452,False,False,True,비타겟
1306206400,Q3,0.0001433424553476,0.0179779189864116,False,False,False,비타겟
610419840,Q4_고가,0.0066851716345771,0.0179605692647302,False,False,True,비타겟
820335296,Q3,-0.0204082713660667,0.017944485043506,False,False,False,비타겟
1496687680,Q4_고가,-0.0142818890224931,0.0179334427863205,False,False,True,비타겟
1273115776,Q4_고가,-0.0002919155340532,0.0179263325287557,False,False,False,비타겟
1298333248,Q3,0.0241843617778917,0.017915467958861,False,False,False,비타겟
619349056,Q3,-0.0098759011101996,0.0178997993176374,False,False,False,비타겟
1388250880,Q2,-0.0067669488868939,0.0178897875573406,False,False,False,비타겟
418012032,Q4_고가,-0.0111598182287121,0.0178817595720496,False,False,False,비타겟
664813632,Q1_저가,-0.0122785817598796,0.0178683620287737,False,False,False,비타겟
452956800,Q4_고가,0.0443503563200688,0.0178678028871355,False,True,True,비타겟
775227072,Q1_저가,-0.0161742180369449,0.0178596919640076,False,False,False,비타겟
1172559552,Q1_저가,-0.0190416934978563,0.0178555204226624,False,False,False,비타겟
241957440,Q2,-0.0203271381157662,0.0178397066805044,False,False,False,비타겟
746429376,Q2,-0.0125865219218445,0.0178377281325291,False,False,False,비타겟
1524828352,Q3,-0.0050365187742347,0.017835043098074,False,False,False,비타겟
1512419136,Q1_저가,-0.0190049816995389,0.0178274005296368,False,False,False,비타겟
1069098688,Q3,0.0194963658936887,0.0178185718262737,False,False,False,비타겟
108280896,Q1_저가,-0.007655533239955,0.0178087684866915,False,False,False,비타겟
1574738048,Q1_저가,-0.0083770835342897,0.0178046280054729,False,False,False,비타겟
838058240,Q3,0.0158742858634416,0.017790500064477,False,False,False,비타겟
688080448,Q2,-0.0127524390774803,0.0177377295341412,False,False,False,비타겟
1116202112,Q3,-0.0126300038748447,0.0177339807810818,False,False,False,비타겟
894662528,Q4_고가,0.0156084644718453,0.0177165158389708,False,False,False,비타겟
959433216,Q4_고가,0.0018511131104155,0.0177035658634522,False,False,False,비타겟
789145216,Q3,-0.0319742989149738,0.0176897757265685,False,False,False,비타겟
127637120,Q1_저가,-0.0161654034564905,0.0176844988753479,False,False,False,비타겟
1491899200,Q1_저가,-0.0171858188950125,0.0176607284471991,False,False,False,비타겟
994142272,Q4_고가,0.0148741220044132,0.0176242261823097,False,False,False,비타겟
575937216,Q3,-0.0272552307184362,0.0176210753415981,False,False,False,비타겟
1026698368,Q3,-0.0209248638809168,0.0176117765353101,False,False,False,비타겟
1565378240,Q3,0.0202823156771883,0.0176101360709637,False,False,False,비타겟
1175041024,Q1_저가,-0.0116962418848057,0.017600823355344,False,False,False,비타겟
1024706880,Q2,0.0122892479076892,0.0175975556167924,False,False,False,비타겟
1533586816,Q2,-0.0274688535137557,0.0175824417419855,False,False,False,비타겟
656819840,Q3,0.0252600538331829,0.0175670434007813,False,False,False,비타겟
587420288,Q4_고가,-0.0146609332583766,0.0175298878616759,False,False,True,비타겟
1044365632,Q1_저가,-0.0142310790755527,0.017516720922638,False,False,False,비타겟
1017912064,Q3,0.022670191194078,0.0175023496508056,False,False,False,비타겟
206439168,Q3,-0.0263138005078931,0.0175000982398181,False,False,False,비타겟
275530624,Q4_고가,-0.0142997123194245,0.0174960859098588,False,False,True,비타겟
1264054784,Q1_저가,-0.034849424088829,0.0174901684729027,False,False,False,비타겟
972367680,Q4_고가,0.0127931033905899,0.0174892483685104,False,False,True,비타겟
241987136,Q1_저가,-0.0148150290206905,0.0174850603372696,False,False,False,비타겟
906436992,Q2,-0.0196262099398931,0.0174846501091344,False,False,False,비타겟
761696832,Q2,-0.0128185335894284,0.0174752872565812,False,False,False,비타겟
395337280,Q4_고가,-0.0133567054919191,0.0174715106803274,False,False,True,비타겟
133583744,Q1_저가,-0.0179645543115624,0.0174612637340109,False,False,False,비타겟
1461575872,Q3,-0.0256646286716146,0.0174507132515083,False,False,False,비타겟
1047168192,Q4_고가,0.0206719603511221,0.0174354102993988,False,False,False,비타겟
1570536064,Q3,-0.0210251352221927,0.0173840309943872,False,False,False,비타겟
543891520,Q4_고가,-0.0126217925803497,0.017359445729449,False,False,True,비타겟
838605760,Q2,-0.011915917299318,0.0173483290808971,False,False,False,비타겟
717984320,Q1_저가,-0.0097606012255074,0.0173407743177149,False,False,False,비타겟
1144430016,Q2,-0.0190757889791472,0.0173399024853612,False,False,False,비타겟
747609792,Q2,0.0261728646193534,0.0173096396050838,False,False,False,비타겟
826523200,Q2,-0.0348870012458801,0.017308500155412,False,False,False,비타겟
1248505216,Q2,-0.0127198213814163,0.0172891120475806,False,False,False,비타겟
1344833472,Q4_고가,-0.0193584608786467,0.0172699554979125,False,False,True,비타겟
163461632,Q3,0.0166872125366066,0.0172600186851462,False,False,False,비타겟
906140032,Q1_저가,-0.0271039271619486,0.0172530787905135,False,False,False,비타겟
1017633664,Q2,0.013849349451428,0.0172503306858182,False,False,False,비타겟
641212736,Q2,-0.0129062071209566,0.0172499983114348,False,False,False,비타겟
283487296,Q2,-0.0068050151736176,0.0172471268924688,False,False,False,비타겟
998784128,Q2,0.0222047957812786,0.0172412811547127,False,False,False,비타겟
207897984,Q2,0.0227336208774745,0.0172340201527462,False,False,False,비타겟
887201408,Q2,-0.0115383118398759,0.0172284515993086,False,False,False,비타겟
479523584,Q3,0.017642160462109,0.0171914734909707,False,False,False,비타겟
1238898560,Q1_저가,-0.0048134712916423,0.0171822914138007,False,False,False,비타겟
843047168,Q4_고가,-0.0146145038391371,0.0171739867418183,False,False,False,비타겟
728877184,Q4_고가,-0.0091427341561503,0.0171682301734522,False,False,True,비타겟
962295168,Q4_고가,-0.0148693852317732,0.0171644952963145,False,False,True,비타겟
1030573696,Q1_저가,-0.007522197880082,0.0171232768549554,False,False,False,비타겟
181438848,Q2,-0.0198531827372327,0.0171178750555312,False,False,False,비타겟
1140150080,Q4_고가,-0.0346789901273075,0.0170975268274806,False,False,True,비타겟
548293952,Q1_저가,-0.0237466724521226,0.017092106564683,False,False,False,비타겟
470904320,Q1_저가,-0.0065999422087165,0.0170855838007982,False,False,False,비타겟
1359278720,Q1_저가,-0.0168473363415057,0.0170723161253708,False,False,False,비타겟
803117184,Q2,-0.018620578314191,0.0170653906304198,False,False,False,비타겟
765846848,Q4_고가,-0.0146176146537237,0.0170640157370088,False,False,True,비타겟
584059072,Q2,0.0238115343050936,0.0170608883216821,False,False,False,비타겟
611331136,Q3,-0.0136448613605235,0.017060330858148,False,False,False,비타겟
1612808320,Q4_고가,-0.0218616218145975,0.0170591303963774,False,False,True,비타겟
54256448,Q3,-0.0368875778253136,0.0170518322264492,False,False,False,비타겟
127080320,Q1_저가,0.0072614059925863,0.017044304299174,False,False,False,비타겟
763931456,Q2,-0.0118613411645056,0.0170360383821267,False,False,False,비타겟
688327296,Q1_저가,0.0052627209969648,0.0170074027632633,False,False,False,비타겟
1407287872,Q1_저가,-0.0276089908407697,0.0169972694550848,False,False,False,비타겟
1257850176,Q4_고가,-0.0037685566348242,0.0169967610274121,False,False,False,비타겟
996863168,Q1_저가,0.0204812104287892,0.0169468707322754,False,False,False,비타겟
1239110144,Q4_고가,-0.0150728612888078,0.0169373968818225,False,False,True,비타겟
1514542400,Q2,-0.0175868626613123,0.0169157557539885,False,False,False,비타겟
263897216,Q1_저가,-0.0120897175673413,0.0169134383889784,False,False,False,비타겟
406931712,Q2,0.0236306591327771,0.016904472420545,False,False,False,비타겟
1071795456,Q3,-0.0080723510000901,0.0169007100858469,False,False,False,비타겟
514145408,Q3,0.0210012048873412,0.0168882835287178,False,False,False,비타겟
1375641216,Q1_저가,-0.0237035098070192,0.0168234097267133,False,False,False,비타겟
744744128,Q4_고가,-0.0157541998477518,0.0167949068979823,False,False,True,비타겟
739790464,Q1_저가,-0.0166771783554458,0.0167783563059183,False,False,False,비타겟
1028376192,Q2,-0.0195026763153694,0.0167616665243863,False,False,False,비타겟
1340447744,Q4_고가,-0.0074016999684015,0.0167600600995547,False,False,True,비타겟
867112064,Q2,0.0120972628285843,0.0167577874512629,False,False,False,비타겟
241038720,Q3,0.0088246630780882,0.0167489763532567,False,False,False,비타겟
1282880192,Q4_고가,-0.0241891073895955,0.0167461085590673,False,False,True,비타겟
1629013056,Q3,0.0097285116118152,0.0167315928120338,False,False,False,비타겟
1020070592,Q2,0.025657103295295,0.0166737984340759,False,False,False,비타겟
747995840,Q4_고가,0.016595198500466,0.0166637508422015,False,False,False,비타겟
304684672,Q3,0.0182888355471279,0.0166482366871591,False,False,False,비타겟
1218059392,Q3,-0.027297530894929,0.0166364685594831,False,False,False,비타겟
206719424,Q2,-0.0164671013761963,0.0165817988538634,False,False,False,비타겟
932047936,Q1_저가,-0.0276332612202777,0.0165788120572859,False,False,False,비타겟
862754176,Q3,-0.0070271860178316,0.0165785310887668,False,False,False,비타겟
922884864,Q4_고가,-0.0259355125267905,0.0165626764115194,False,False,False,비타겟
1260166464,Q2,0.0208002294387434,0.0165492242298449,False,False,False,비타겟
828052544,Q4_고가,-0.0136516270453811,0.0165446805677654,False,False,True,비타겟
395094144,Q2,0.0235480644141613,0.0165360420633216,False,False,False,비타겟
295204224,Q4_고가,0.030092458596843,0.0165148167327769,False,True,True,비타겟
530958912,Q4_고가,-0.006578562814038,0.0164949173262143,False,False,True,비타겟
1033853248,Q3,0.0036678586475109,0.0164862416166628,False,False,False,비타겟
768001664,Q2,-0.0146345511959847,0.0164857970134079,False,False,False,비타겟
1516910656,Q1_저가,-0.0100781200096556,0.0164787360241023,False,False,False,비타겟
821036864,Q2,-0.0192709784187943,0.0164614818677854,False,False,False,비타겟
1552545856,Q1_저가,-0.016828105321235,0.0164596802495118,False,False,False,비타겟
1026139712,Q3,-0.0204090403226091,0.0164542786574791,False,False,False,비타겟
287670720,Q2,-0.0301723831421844,0.0164098237696249,False,False,False,비타겟
990107328,Q1_저가,-0.0101075141974772,0.0163974586146303,False,False,False,비타겟
1616449792,Q2,0.0106962327050736,0.016391944620386,False,False,False,비타겟
168751232,Q3,0.0206343281618534,0.016384298564928,False,False,False,비타겟
1158045632,Q2,-0.0196917880030685,0.0163804505419058,False,False,False,비타겟
239411008,Q1_저가,-0.0144234923303509,0.0163706554025216,False,False,False,비타겟
310744512,Q4_고가,0.0163548216089009,0.0163599755987945,False,False,True,비타겟
130712512,Q2,0.015546513788215,0.0163216472481083,False,False,False,비타겟
1455053888,Q2,-0.0187987544732646,0.0162981666430303,False,False,False,비타겟
90910592,Q4_고가,0.0267543676342947,0.0162916693806945,False,True,True,비타겟
743676928,Q4_고가,-0.0148441295530544,0.0162907555072879,False,False,True,비타겟
256547456,Q4_고가,-0.0001042029739434,0.0162882040713521,False,False,True,비타겟
60275456,Q1_저가,-0.0171363423779327,0.0162805833128798,False,False,False,비타겟
222434176,Q2,0.0194090360133502,0.0162683134942195,False,False,False,비타겟
918408192,Q2,-0.0190053547688974,0.0162668185190981,False,False,False,비타겟
1182960576,Q1_저가,0.0007306669939339,0.0162602763771609,False,False,False,비타겟
669531584,Q3,-0.0126223110889401,0.0162525470689401,False,False,False,비타겟
1095769408,Q4_고가,-0.0150242245008315,0.0162146638053399,False,False,True,비타겟
20636864,Q3,0.0219167905603706,0.0162131197108245,False,False,False,비타겟
407375296,Q3,0.0211013889998488,0.0161932933470888,False,False,False,비타겟
498087296,Q2,0.0194692621330823,0.0161873823036904,False,False,False,비타겟
1223254336,Q2,-0.0118077817451648,0.016178428066595,False,False,False,비타겟
745052224,Q4_고가,0.0031051999624789,0.016173548130985,False,False,True,비타겟
585167104,Q1_저가,-0.0105676778967133,0.0161574836576831,False,False,False,비타겟
676606656,Q4_고가,-0.0136612704431861,0.0161524294427705,False,False,True,비타겟
131245184,Q2,-0.0205381407852996,0.0161521066456857,False,False,False,비타겟
754998528,Q2,-0.0120538141500503,0.0161416699285963,False,False,False,비타겟
1278904640,Q4_고가,-0.0139241766998627,0.0161332638821917,False,False,True,비타겟
571991360,Q2,0.024800842832965,0.0161289343972221,False,False,False,비타겟
1006213696,Q3,-0.0137759401866937,0.0161186606669254,False,False,False,비타겟
744449024,Q4_고가,0.019119954044823,0.016092807712615,False,False,False,비타겟
1383497664,Q1_저가,-0.0131248961919753,0.0160875248159181,False,False,False,비타겟
1008613504,Q4_고가,-0.013538713669843,0.0160839021645721,False,False,True,비타겟
409140352,Q2,-0.0128180605681831,0.0160750499211683,False,False,False,비타겟
747264576,Q4_고가,0.0180942677686526,0.0160695176732902,False,False,True,비타겟
258822912,Q4_고가,0.0152547813428193,0.0160568749759576,False,False,True,비타겟
474195008,Q4_고가,-0.0139300283239827,0.0160325316959192,False,False,True,비타겟
1531999936,Q1_저가,-0.0096540132740231,0.0160134366752256,False,False,False,비타겟
1106675264,Q1_저가,0.0228318123484638,0.0159887778330011,False,False,False,비타겟
764983808,Q1_저가,-0.0168615473067743,0.0159747233355903,False,False,False,비타겟
151046848,Q1_저가,-0.0188050159320273,0.0159660506616845,False,False,False,비타겟
673922880,Q2,-0.0124564732853604,0.0159294726114399,False,False,False,비타겟
427563008,Q4_고가,-0.0297145889637474,0.015907283767364,False,False,True,비타겟
1015194880,Q2,0.0113647904682308,0.0159070095037091,False,False,False,비타겟
663351104,Q3,-0.0078793828835306,0.0158987044715926,False,False,False,비타겟
600423424,Q2,0.0186403185527995,0.0158885770766523,False,False,False,비타겟
1032179136,Q4_고가,0.0299014399591006,0.0158815459599404,False,True,True,비타겟
369152832,Q4_고가,0.0247447620402149,0.0158693189002012,False,False,True,비타겟
1140703168,Q4_고가,-0.0172295915968076,0.0158673284069386,False,False,False,비타겟
61541248,Q4_고가,-0.0133674034616341,0.0158635759458968,False,False,False,비타겟
1242248640,Q4_고가,-0.0069765811149895,0.0158451520037053,False,False,True,비타겟
762496768,Q2,-0.0193911785169753,0.015833200429137,False,False,False,비타겟
1525116032,Q4_고가,-0.000158382179444,0.0158301786673241,False,False,False,비타겟
592888064,Q4_고가,-0.0076021340232842,0.0158299725730117,False,False,True,비타겟
567637184,Q4_고가,0.0138467142840986,0.01582241521305,False,False,False,비타겟
642213120,Q1_저가,-0.01326517570508,0.015787391875396,False,False,False,비타겟
722691136,Q2,-0.0202654584139401,0.0156971006197403,False,False,False,비타겟
173840384,Q1_저가,-0.0070595500169979,0.0156962578172153,False,False,False,비타겟
181585472,Q4_고가,-0.0040818748313312,0.0156614280128796,False,False,False,비타겟
196691456,Q2,-0.0184142854555237,0.0156394384870193,False,False,False,비타겟
741358784,Q1_저가,0.0130588270414572,0.0156248932282044,False,False,False,비타겟
624531008,Q4_고가,0.0139297855373512,0.0156024737040729,False,False,False,비타겟
1075938048,Q1_저가,-0.0110540340461381,0.0155775803089082,False,False,False,비타겟
641043840,Q3,0.0262404432089609,0.015564468995541,False,False,False,비타겟
895796544,Q3,-0.0132499133366842,0.0155154537140677,False,False,False,비타겟
1046748736,Q3,-0.0204003195217476,0.015508282428231,False,False,False,비타겟
1187700800,Q1_저가,-0.0099077050104104,0.0154841319429088,False,False,False,비타겟
880889152,Q2,-0.005018497146774,0.0154429651345559,False,False,False,비타겟
1076680448,Q3,0.0182486930835871,0.0154414115523067,False,False,False,비타겟
1372105536,Q4_고가,0.0126796054274292,0.0154263924327722,False,False,False,비타겟
467502272,Q3,-0.024430506772186,0.0154239071925655,False,False,False,비타겟
200839616,Q2,0.0240311247747823,0.0154050344966167,False,False,False,비타겟
752054912,Q1_저가,-0.012748423716215,0.0153950581201207,False,False,False,비타겟
1223050176,Q2,0.0238185762129863,0.0153809239193334,False,False,False,비타겟
1464810880,Q2,-0.0193549111037757,0.0153762346324046,False,False,False,비타겟
393986112,Q2,0.0243081598495648,0.0153753626926628,False,False,False,비타겟
266619968,Q2,-0.0401589813268277,0.0153724571446867,False,False,False,비타겟
1530307264,Q1_저가,-0.0092063735748307,0.0153656146168334,False,False,False,비타겟
1128473984,Q4_고가,-0.0138916745976845,0.0153517677777359,False,False,True,비타겟
362835008,Q2,0.0215938354398879,0.0153497092499267,False,False,False,비타겟
883817920,Q2,-0.0118461963317108,0.0153335523042103,False,False,False,비타겟
1244709696,Q2,-0.0169013903668007,0.0153112623953537,False,False,False,비타겟
1006319488,Q3,0.024592877225093,0.0153112015346704,False,False,False,비타겟
741523968,Q4_고가,-0.000225368542974,0.0152612201280296,False,False,False,비타겟
1502094208,Q1_저가,0.0033481022783141,0.0152492997083689,False,False,False,비타겟
317112448,Q4_고가,-0.0300283400122449,0.0152458433706622,False,False,True,비타겟
948067072,Q4_고가,-0.0213203336290466,0.0152265555607251,False,False,True,비타겟
1342990464,Q1_저가,-0.0159499064307193,0.0152222361501389,False,False,False,비타겟
1051099200,Q3,0.0116102835267469,0.0152169394594831,False,False,False,비타겟
1486069504,Q2,-0.0185905317777361,0.0152132406786453,False,False,False,비타겟
939167552,Q4_고가,-0.0142601034768708,0.0152037615625557,False,False,True,비타겟
516578624,Q4_고가,-0.0263893774518907,0.0151818994715485,False,False,True,비타겟
619282240,Q2,0.0245714631486744,0.0151813440094723,False,False,False,비타겟
1076147776,Q1_저가,0.0103301335825148,0.0151781132115189,False,False,False,비타겟
1269823232,Q1_저가,-0.0165579495324995,0.0151747418302972,False,False,False,비타겟
437160384,Q3,0.0250391237488063,0.0151743611079415,False,False,False,비타겟
1440025856,Q1_저가,-0.0207443494561626,0.0151364836053948,False,False,False,비타겟
715413760,Q2,-0.0200780841133792,0.0151359541012794,False,False,False,비타겟
998583680,Q3,-0.0191225400100522,0.015134887896485,False,False,False,비타겟
684791616,Q4_고가,0.0022180458615246,0.0151085857621654,False,False,True,비타겟
1388206336,Q4_고가,-0.0297570913198437,0.0151058884912128,False,False,True,비타겟
792363520,Q2,-0.0153028286954882,0.0151021449661761,False,False,False,비타겟
889851776,Q1_저가,-0.0036564095906727,0.015085830875256,False,False,False,비타겟
673577664,Q1_저가,-0.0333316928920738,0.0150852463147164,False,False,False,비타겟
929425408,Q3,-0.023075559127049,0.0150631311806971,False,False,False,비타겟
505635648,Q2,-0.0042721141044849,0.0150548256041602,False,False,False,비타겟
380806656,Q4_고가,-0.0140479752254856,0.0150333900611429,False,False,True,비타겟
288734208,Q3,-0.0152231021557728,0.0150275789487689,False,False,False,비타겟
696009280,Q2,0.0033686408479295,0.0150175242036105,False,False,False,비타겟
744515840,Q3,0.0190589374735589,0.0150129670357514,False,False,False,비타겟
1146603392,Q4_고가,-0.0140912603257512,0.0149993852160921,False,False,True,비타겟
453379968,Q1_저가,-0.0109042354942324,0.0149883731883369,False,False,False,비타겟
1062521024,Q3,-0.0396675292629047,0.0149863260208043,False,False,False,비타겟
640848960,Q2,0.0136004113856506,0.0149751503965028,False,False,False,비타겟
1473472832,Q4_고가,-0.0138628294503766,0.0149725564404857,False,False,True,비타겟
1555483904,Q4_고가,-0.0338368974240332,0.0149675307511984,False,False,True,비타겟
1242857408,Q2,-0.0167604377913167,0.0149653431985984,False,False,False,비타겟
1458235072,Q3,-0.0321352368083666,0.0149642074995848,False,False,False,비타겟
464892736,Q4_고가,-0.0110415511267731,0.014946631613539,False,False,True,비타겟
903920256,Q2,-0.0177131750751934,0.0149454324742789,False,False,False,비타겟
1364521920,Q2,-0.0201232899246049,0.014910687277269,False,False,False,비타겟
715952000,Q3,-0.0253154380144942,0.0149033134164292,False,False,False,비타겟
371509952,Q2,-0.0126243821924542,0.0148850602195198,False,False,False,비타겟
567217728,Q2,-0.0123117347863383,0.0148601390005025,False,False,False,비타겟
964186432,Q4_고가,-0.0146721054869353,0.0148561334134335,False,False,True,비타겟
60312576,Q4_고가,0.0178333353257379,0.0148512913011821,False,False,False,비타겟
612277696,Q2,-0.0166940290200556,0.0148482863091916,False,False,False,비타겟
874122176,Q4_고가,-0.0104677792110576,0.0147574870591746,False,False,True,비타겟
98223232,Q4_고가,-0.0043658921200952,0.0147496126323971,False,False,False,비타겟
1149504320,Q4_고가,-0.0120813244528551,0.0147307260617427,False,False,True,비타겟
1169098112,Q4_고가,-0.0224949856920244,0.0147099235605655,False,False,True,비타겟
184915136,Q4_고가,0.0206155727458264,0.0146828353363589,False,False,False,비타겟
1092616064,Q3,-0.0138783247402545,0.0146566939105039,False,False,False,비타겟
1005976128,Q2,0.0171355768866894,0.0146307386037303,False,False,False,비타겟
795051008,Q4_고가,0.0301086328140829,0.0146147270712709,False,True,True,비타겟
143231232,Q2,0.018300244327453,0.0145992892959785,False,False,False,비타겟
1146666496,Q2,-0.018640862439411,0.0145985413854735,False,False,False,비타겟
300582912,Q3,-0.0251256858768392,0.0145897490191875,False,False,False,비타겟
433830720,Q1_저가,0.0019323101783822,0.0145573421509659,False,False,False,비타겟
783480704,Q3,0.013439479550359,0.0145504641732182,False,False,False,비타겟
1387571584,Q4_고가,-0.023011239080275,0.014526418819409,False,False,True,비타겟
1553867328,Q3,0.0231520361112759,0.0145160940815252,False,False,False,비타겟
1054293376,Q4_고가,-0.0419463091737362,0.014491399962321,False,False,True,비타겟
872052736,Q1_저가,0.0093738826139482,0.0144715614861011,False,False,False,비타겟
1101805120,Q2,0.0047579597112425,0.0144369671199923,False,False,False,비타겟
1466830208,Q2,0.0132602104678748,0.0144328287068078,False,False,False,비타겟
1214805824,Q1_저가,-0.0177349216386589,0.014427622811437,False,False,False,비타겟
1013004800,Q1_저가,-0.0181468542549658,0.0144235852453464,False,False,False,비타겟
351778816,Q3,0.0188099330670813,0.0143994812093626,False,False,False,비타겟
1011100544,Q2,-0.0052923489459265,0.0143891318113148,False,False,False,비타겟
900429120,Q4_고가,-0.0153812697108216,0.0143874905635067,False,False,True,비타겟
869987008,Q2,-0.0070271464554673,0.0143789703055915,False,False,False,비타겟
1430252160,Q2,-0.0128120613345425,0.0143505896566613,False,False,False,비타겟
706274816,Q3,-0.0243682240676038,0.0143418709865313,False,False,False,비타겟
1377250368,Q2,-0.0053663220535383,0.0143164032697745,False,False,False,비타겟
1394785856,Q3,0.0216391259570885,0.0142894202431917,False,False,False,비타겟
104663552,Q3,0.0241927807515167,0.0142775318255893,False,False,False,비타겟
816370880,Q2,-0.0128473194951913,0.0142594780272136,False,False,False,비타겟
346661824,Q2,0.0205011576589263,0.0142571512182257,False,False,False,비타겟
557739136,Q1_저가,-0.0208149836183073,0.0142567795602858,False,False,False,비타겟
866783552,Q4_고가,-0.0026633066608504,0.0142230043033095,False,False,True,비타겟
180483008,Q4_고가,0.0215167731229969,0.0141843473831235,False,False,True,비타겟
1084002368,Q3,-0.019468499382501,0.0141741335668027,False,False,False,비타겟
550458048,Q4_고가,-0.0174124429881828,0.0141643899395635,False,False,True,비타겟
1274385280,Q3,-0.0061621873159531,0.0141639577557054,False,False,False,비타겟
763742144,Q4_고가,-0.0133319736116276,0.0141591954786849,False,False,True,비타겟
903330048,Q4_고가,0.0203253526066901,0.0141412107178311,False,False,False,비타겟
454506560,Q3,0.0216386563616389,0.0141384502572555,False,False,False,비타겟
1581170944,Q1_저가,-0.0228955737731107,0.0141307629112521,False,False,False,비타겟
1199729536,Q2,-0.0184619337749927,0.014093386717108,False,False,False,비타겟
138001024,Q4_고가,-0.0288105229119964,0.0140717449285377,False,False,True,비타겟
879524992,Q3,-0.0172409758481083,0.0140623300538032,False,False,False,비타겟
1598209024,Q1_저가,0.0009305008685148,0.0140479418803397,False,False,False,비타겟
263320000,Q2,9.89950075893642e-05,0.0140477790782262,False,False,False,비타겟
937376512,Q2,-0.0041948643732904,0.0140349094007346,False,False,False,비타겟
792615936,Q1_저가,-0.0051108015542322,0.0140259783805335,False,False,False,비타겟
1382920448,Q4_고가,-0.0229309216329251,0.0140035581054008,False,False,True,비타겟
1268421952,Q2,0.0200834662370308,0.0139936684209855,False,False,False,비타겟
473744000,Q3,-0.0075486771771831,0.0139787489353987,False,False,False,비타겟
1494215488,Q2,-0.0124528923241509,0.0139707401390196,False,False,False,비타겟
195084160,Q4_고가,-0.0209804401207017,0.0139632083793707,False,False,True,비타겟
1582293824,Q1_저가,-0.0113935175910887,0.0139580009090157,False,False,False,비타겟
745093056,Q4_고가,0.0159901328239888,0.013934476205511,False,False,False,비타겟
459053760,Q4_고가,-0.0151476589325492,0.0139264890761584,False,False,True,비타겟
1027277440,Q3,-0.0061575404408343,0.0138934489730999,False,False,False,비타겟
1603504192,Q4_고가,-0.0135681025326079,0.0138891654310971,False,False,True,비타겟
1479566080,Q4_고가,-0.0140044074957783,0.0138738789899178,False,False,True,비타겟
217705088,Q4_고가,-0.0145537560768038,0.0138730279417375,False,False,True,비타겟
146297344,Q2,0.0228407055686423,0.0138691356763986,False,False,False,비타겟
143802880,Q4_고가,-0.0126579711526816,0.0138658617506264,False,False,True,비타겟
634714880,Q3,-0.0279144589564891,0.0138605603619139,False,False,False,비타겟
1110867968,Q3,0.0035825013311555,0.0138483323643084,False,False,False,비타겟
747491008,Q4_고가,0.0223574451365838,0.0138451460620976,False,False,False,비타겟
720829568,Q4_고가,0.0400462597719217,0.0138256224763251,False,True,True,비타겟
749729344,Q3,-0.0044622625747739,0.0138207490135632,False,False,False,비타겟
714550720,Q2,0.0179522419015253,0.0137859286454982,False,False,False,비타겟
1308671168,Q4_고가,-0.0150875636155659,0.0137837667009737,False,False,True,비타겟
86929472,Q4_고가,-0.013589450651308,0.0137240667367972,False,False,True,비타겟
89579840,Q2,0.0035854854809601,0.0137225016607462,False,False,False,비타겟
1322841728,Q4_고가,-0.0213811212338277,0.0137176695438075,False,False,True,비타겟
1086693568,Q1_저가,-0.0047496533237306,0.013711182088771,False,False,False,비타겟
579998144,Q1_저가,-0.0207535190800147,0.013687377174011,False,False,False,비타겟
97219136,Q4_고가,0.0133899393565157,0.0136858390458318,False,False,False,비타겟
947692160,Q3,0.0061866672496311,0.0136846817707863,False,False,False,비타겟
155642304,Q2,0.0132876541577486,0.0136646435892042,False,False,False,비타겟
1259004608,Q4_고가,-0.0089381639455758,0.0136325091812177,False,False,True,비타겟
898168512,Q2,0.0219309976505376,0.0136047484663628,False,False,False,비타겟
841779520,Q4_고가,0.0121059726484695,0.0135581003934766,False,False,True,비타겟
278949376,Q4_고가,-0.0202474097080576,0.0135539621312569,False,False,True,비타겟
66053184,Q3,-0.010340218224018,0.0135407595884668,False,False,False,비타겟
1230407360,Q2,-0.0139187933182217,0.0135394482144716,False,False,False,비타겟
1369572096,Q2,-0.0169716075171867,0.0135086579459188,False,False,False,비타겟
636027072,Q4_고가,-0.0115171756510236,0.0134934058417022,False,False,False,비타겟
1084687232,Q2,-0.0118985697066798,0.013488677576006,False,False,False,비타겟
1160170752,Q1_저가,-0.021796588196261,0.0134767536803209,False,False,False,비타겟
838110208,Q1_저가,0.0094302861844217,0.0134738696888396,False,False,False,비타겟
857774528,Q4_고가,-0.0141588274467328,0.0134692849177123,False,False,True,비타겟
646305600,Q3,0.0242859683305339,0.0134669368260161,False,False,False,비타겟
38808960,Q4_고가,0.0121003265815905,0.0134409523354616,False,False,False,비타겟
114311040,Q2,-0.0127408155327288,0.0134222000388676,False,False,False,비타겟
1326008064,Q3,-0.0231141980091687,0.0134002253513105,False,False,False,비타겟
1174940800,Q1_저가,0.0142489045683971,0.0133737929363769,False,False,False,비타겟
869799552,Q2,0.024482423282118,0.0133697154252055,False,False,False,비타겟
1606124864,Q1_저가,-0.0154857457044876,0.0133600741520193,False,False,False,비타겟
327313024,Q2,-0.0275384058169551,0.0133360095467603,False,False,False,비타겟
1521209152,Q2,0.0099950517564064,0.0133318364689676,False,False,False,비타겟
1105342656,Q1_저가,-0.0110887311724416,0.0133208954706355,False,False,False,비타겟
1470039232,Q1_저가,-0.0106427529622978,0.0133121532785163,False,False,False,비타겟
205329280,Q4_고가,-0.0117219840829639,0.0133003320405022,False,False,True,비타겟
1042869696,Q3,0.0145963909011883,0.0132914678004183,False,False,False,비타겟
624586688,Q4_고가,-0.01996356503142,0.0132743959004738,False,False,True,비타겟
1218499264,Q1_저가,-0.0177076001329018,0.0132627703962758,False,False,False,비타겟
1217257600,Q2,0.0160266943188569,0.0132582098284732,False,False,False,비타겟
230702656,Q2,0.0176814719212081,0.0132440255968147,False,False,False,비타겟
1453088384,Q4_고가,-0.015653561561739,0.013243438698964,False,False,True,비타겟
1274964352,Q3,-0.0215222052145545,0.0132294529867052,False,False,False,비타겟
40969344,Q2,-0.0123055018973681,0.0132270861193437,False,False,False,비타겟
1569270272,Q2,0.0220398646052845,0.013207197282035,False,False,False,비타겟
1213096448,Q2,-0.0129062661946855,0.0131902518240307,False,False,False,비타겟
1381925632,Q3,-0.0261825792896611,0.0131874913308798,False,False,False,비타겟
748554496,Q4_고가,0.018630803590235,0.0131718505383521,False,False,False,비타겟
737960448,Q4_고가,0.0123756917228674,0.0131476598093959,False,False,True,비타겟
1146614528,Q3,-0.0060034088686922,0.0131421617836399,False,False,False,비타겟
997115584,Q1_저가,-0.0141431249608525,0.0131290952300567,False,False,False,비타겟
1258507200,Q3,0.0252399626066501,0.0131195333554541,False,False,False,비타겟
1377610432,Q4_고가,-0.0134577972900406,0.0130731983420475,False,False,True,비타겟
1102261696,Q3,-0.0305792619689513,0.0130423540570058,False,False,False,비타겟
1381482048,Q4_고가,-0.0233335161746249,0.0130306210809378,False,False,True,비타겟
659587136,Q4_고가,-0.0255990570440133,0.0130275681908664,False,False,False,비타겟
1565808832,Q1_저가,-0.0134489972451068,0.013015608727046,False,False,False,비타겟
703646720,Q4_고가,0.0285838932220255,0.0130153064721266,False,True,True,비타겟
1574426240,Q2,-0.016670912296749,0.0129935785403713,False,False,False,비타겟
1006532928,Q2,-0.011429288860485,0.0129901322481929,False,False,False,비타겟
890365888,Q4_고가,-0.0052806039622845,0.0129779399618039,False,False,False,비타겟
1083718400,Q3,-0.0353567348794596,0.0129389990180087,False,False,False,비타겟
761687552,Q1_저가,-0.0242191958887594,0.0129280081781961,False,False,False,비타겟
1099349632,Q4_고가,0.010555500766169,0.0129140193575307,False,False,False,비타겟
1109054656,Q3,-0.0024826478322727,0.0129109058083665,False,False,False,비타겟
775099008,Q4_고가,-0.0143123321226374,0.0129104684491903,False,False,True,비타겟
1563277248,Q2,0.0087618247160026,0.0129026048546391,False,False,False,비타겟
874309632,Q1_저가,-0.017176541426458,0.0128963781595971,False,False,False,비타겟
897958784,Q4_고가,-0.0167163688740068,0.0128446873437036,False,False,False,비타겟
1386109056,Q3,0.0227336622204095,0.0128172079491419,False,False,False,비타겟
771401856,Q2,-0.011970198355984,0.0127929527545994,False,False,False,비타겟
1304786560,Q1_저가,-0.0142933533034277,0.0127652180912453,False,False,False,비타겟
819769216,Q3,0.0177734139157685,0.0127612796042351,False,False,False,비타겟
1355312448,Q1_저가,0.0016825638078924,0.0127524314886429,False,False,False,비타겟
1333537856,Q3,-0.0111523944898611,0.0127419471675779,False,False,False,비타겟
748116480,Q1_저가,-0.0107264943198328,0.0127364320530053,False,False,False,비타겟
132830208,Q3,-0.0316618487129644,0.0127220227919213,False,False,False,비타겟
179421376,Q3,-0.0072373199862081,0.0127072574026195,False,False,False,비타겟
883658304,Q1_저가,0.0151148965923922,0.0127070937683237,False,False,False,비타겟
1608688000,Q4_고가,-0.0154517312289769,0.0126696644151182,False,False,True,비타겟
1166969280,Q3,0.0140712089428336,0.0126058631474478,False,False,False,비타겟
829678400,Q4_고가,-0.0144265037912091,0.0125996144256794,False,False,True,비타겟
642790336,Q1_저가,-0.0186994237695626,0.0125800555273171,False,False,False,비타겟
305336128,Q4_고가,-0.0079902102302473,0.0125601499275161,False,False,True,비타겟
764592192,Q4_고가,0.0281731098712566,0.0125550658326974,False,True,True,비타겟
699071680,Q3,0.0164770497164959,0.012545096801337,False,False,False,비타겟
159131584,Q2,-0.0153704291479362,0.0125293916068295,False,False,False,비타겟
473357952,Q3,0.0110233563361301,0.0125193078033783,False,False,False,비타겟
590005696,Q3,-0.0288289500926136,0.0125076791747635,False,False,False,비타겟
1615499520,Q3,-0.012544393107441,0.0124747518542754,False,False,False,비타겟
312234880,Q1_저가,-0.0180105344238649,0.0124724713163377,False,False,False,비타겟
1508285824,Q3,-0.0296513901136163,0.012472046639121,False,False,False,비타겟
798943040,Q1_저가,-0.0159043284695466,0.0124642087413714,False,False,False,비타겟
258128768,Q1_저가,-0.0098166474491387,0.0124606958267374,False,False,False,비타겟
417084032,Q4_고가,0.0129312522182035,0.0124458105095707,False,False,True,비타겟
740139392,Q1_저가,-0.0176405865488349,0.0124367011900155,False,False,False,비타겟
1113180544,Q2,0.0257522231352721,0.0124103417484897,False,False,False,비타겟
1233432640,Q2,-0.0024094383611344,0.0124048234327378,False,False,False,비타겟
201515200,Q2,-0.0151799904193799,0.0123974568853609,False,False,False,비타겟
1134465152,Q4_고가,0.0275139444707067,0.012382356002536,False,True,True,비타겟
743608256,Q2,0.0103346703914187,0.0123668656429234,False,False,False,비타겟
112766848,Q1_저가,-0.0018627442170196,0.012328588969823,False,False,False,비타겟
137650240,Q4_고가,-0.0206174061127189,0.0123246557570838,False,False,True,비타겟
765759616,Q3,-0.0206614228333563,0.0123220365458164,False,False,False,비타겟
761657856,Q1_저가,0.0196707656076863,0.0123140320062486,False,False,False,비타겟
815353792,Q2,-0.0181178650913013,0.0123073115519657,False,False,False,비타겟
746219648,Q3,-0.0063696576254987,0.0122974900547788,False,False,False,비타겟
330898816,Q1_저가,-0.016942543974409,0.0122896895299891,False,False,False,비타겟
731035712,Q2,-0.0374704919224598,0.0122890756221318,False,False,False,비타겟
287039680,Q4_고가,-0.0125743810274016,0.0122878879358298,False,False,True,비타겟
550285440,Q1_저가,-0.0244291111578727,0.01227932598084,False,False,False,비타겟
895286144,Q3,-0.0215852830270563,0.0122787603412937,False,False,False,비타겟
424676928,Q4_고가,0.0095461414011783,0.012250490695107,False,False,True,비타겟
743662080,Q1_저가,-0.0185439507259518,0.0122407117844673,False,False,False,비타겟
441551680,Q4_고가,-0.0136374493011233,0.0122403576342137,False,False,True,비타겟
594638272,Q2,-0.0123675750387801,0.0122342922649275,False,False,False,비타겟
141000320,Q2,-0.0240116318860089,0.012213942663477,False,False,False,비타겟
837777984,Q2,0.0176132178776414,0.0122123708592823,False,False,False,비타겟
349432832,Q2,-0.0241749922352537,0.0122061979186505,False,False,False,비타겟
1452266176,Q2,-0.0154123188027042,0.0121894472668088,False,False,False,비타겟
590876160,Q2,0.0166899819002958,0.0121787881369391,False,False,False,비타겟
137449792,Q4_고가,-0.015643911443307,0.0121646365078799,False,False,True,비타겟
358126336,Q2,-0.0113439711943169,0.0121602554786911,False,False,False,비타겟
927433920,Q1_저가,-0.0066597804914732,0.0121539490052346,False,False,False,비타겟
228644352,Q4_고가,-0.0161907096807166,0.0121523570913607,False,False,True,비타겟
312678464,Q4_고가,-0.0100156914356921,0.0121188808262197,False,False,True,비타겟
346216384,Q3,0.0095758811541302,0.0121174167386275,False,False,False,비타겟
1193949952,Q1_저가,-0.0050638704917353,0.0121121553143583,False,False,False,비타겟
923534464,Q1_저가,0.0109795173768827,0.0121080200217914,False,False,False,비타겟
170963584,Q2,0.0187012871760819,0.0121064717347073,False,False,False,비타겟
1533560832,Q1_저가,-0.0128734455216578,0.0121025537804751,False,False,False,비타겟
1109459264,Q4_고가,0.0260788717436892,0.0120799237929535,False,False,False,비타겟
926650688,Q2,-0.0229436690881913,0.012053676076035,False,False,False,비타겟
1012778368,Q2,-0.0196148150530366,0.012048720035577,False,False,False,비타겟
663137664,Q4_고가,-0.0152592949457839,0.0120307389262473,False,False,True,비타겟
1008056704,Q3,-0.0215920170147324,0.0119922141429937,False,False,False,비타겟
774544064,Q4_고가,-0.0009670983862896,0.0119912511092388,False,False,True,비타겟
596275264,Q3,-0.0252933560216588,0.0119906617177626,False,False,False,비타겟
282238208,Q2,0.011777353467303,0.0119686202025623,False,False,False,비타겟
1540569088,Q3,0.0031281792592851,0.0119491663026635,False,False,False,비타겟
1390884544,Q4_고가,-0.0145606419634676,0.0119475238859804,False,False,True,비타겟
675248064,Q4_고가,0.0113351362062582,0.0119437601061106,False,False,False,비타겟
1607672768,Q1_저가,-0.0031793229967259,0.0119127100251751,False,False,False,비타겟
1039235648,Q3,-0.0274318509907988,0.0119068560752657,False,False,False,비타겟
22112384,Q2,-0.011991293910551,0.0118734054410646,False,False,False,비타겟
1387382272,Q4_고가,0.1090615125480514,0.0118684361165388,False,True,True,비타겟
740918912,Q3,0.0117265168818155,0.011857965582415,False,False,False,비타겟
273472320,Q3,0.0232703331059619,0.0118505426850253,False,False,False,비타겟
48296832,Q4_고가,0.02147063517251,0.0118268431446395,False,False,False,비타겟
862984320,Q1_저가,0.0058100751387797,0.0118182919971604,False,False,False,비타겟
712648320,Q2,-0.019267487485037,0.0117983832080352,False,False,False,비타겟
1158446528,Q3,-0.0217202699601779,0.0117705152299372,False,False,False,비타겟
267210176,Q4_고가,0.0150128376346574,0.0117423868051954,False,False,False,비타겟
850339392,Q2,-0.0122722938524882,0.0117399480797568,False,False,False,비타겟
343306176,Q2,0.0154554836276512,0.0117273712332034,False,False,False,비타겟
1040722304,Q3,-0.0121770421541477,0.0117131767076427,False,False,False,비타겟
478961216,Q2,0.0198904783192171,0.0117076484327947,False,False,False,비타겟
826075904,Q2,0.022206237613106,0.0117046539828159,False,False,False,비타겟
689650624,Q2,-0.0184050024469657,0.0117026392636644,False,False,False,비타겟
188634560,Q4_고가,-0.0247267791841172,0.0116837515307888,False,False,True,비타겟
1224909888,Q4_고가,-0.0218234761726317,0.0116818262773042,False,False,True,비타겟
1632530176,Q1_저가,-0.0029283569217063,0.011675725743935,False,False,False,비타겟
395884800,Q1_저가,-0.0184808988411034,0.011673410850891,False,False,False,비타겟
1535817728,Q3,-0.0184346829614643,0.0116446912744121,False,False,False,비타겟
747910464,Q3,0.0153236409024564,0.011637799207359,False,False,False,비타겟
633647680,Q1_저가,-0.0148895230593312,0.0116177305268976,False,False,False,비타겟
866262016,Q2,0.0179437383562982,0.011589807380589,False,False,False,비타겟
768478656,Q2,0.0167640512640098,0.0115642416157647,False,False,False,비타겟
635800640,Q2,-0.0187676512060583,0.0115607861166322,False,False,False,비타겟
538776384,Q4_고가,0.0181671767964419,0.0115463208073823,False,False,False,비타겟
1544173440,Q2,0.0207923119441616,0.0115165506413994,False,False,False,비타겟
264207168,Q3,0.0176919936712089,0.0115126487422152,False,False,False,비타겟
1493526912,Q3,0.0186297093558909,0.0115037655986509,False,False,False,비타겟
1524746688,Q4_고가,-0.0209672759817407,0.0114982700258042,False,False,False,비타겟
1105661888,Q1_저가,-0.0135901215804049,0.011471921629237,False,False,False,비타겟
188933376,Q1_저가,-0.011405024529309,0.0114516868811729,False,False,False,비타겟
921108672,Q4_고가,0.0204353190370819,0.0114369343410473,False,False,False,비타겟
1611484992,Q4_고가,-0.0199437048508777,0.0114135693363496,False,False,True,비타겟
1121551104,Q3,-0.0195400624703539,0.0114089910899089,False,False,False,비타겟
349442112,Q3,0.0233768537883246,0.0113510313138996,False,False,False,비타겟
701807424,Q4_고가,0.0372490629429658,0.0113381167687475,False,True,True,비타겟
764649728,Q4_고가,0.0261150494626597,0.0113289350274644,False,False,False,비타겟
769091136,Q3,0.0178720260906206,0.0113264105361793,False,False,False,비타겟
1327054848,Q4_고가,0.0211304875439262,0.0113235070365963,False,False,False,비타겟
906952960,Q1_저가,0.0105320041022163,0.0112973558127796,False,False,False,비타겟
1359558976,Q1_저가,-0.0257527895179343,0.011270030851223,False,False,False,비타겟
93390208,Q2,-0.0128252863825383,0.0112675970930131,False,False,False,비타겟
64483008,Q1_저가,-0.024003534538217,0.0112570380535001,False,False,False,비타겟
214638976,Q4_고가,-0.0168336208831602,0.0112325166928905,False,False,True,비타겟
1640479424,Q3,0.0062733989127829,0.0112240654248664,False,False,False,비타겟
1343267008,Q2,-0.0013218900180311,0.0112058110784042,False,False,False,비타겟
917684352,Q2,-0.0170293012786796,0.0111983362212533,False,False,False,비타겟
777073792,Q4_고가,-0.0112694281577411,0.0111813628762961,False,False,False,비타겟
1010970624,Q2,0.0156994534603186,0.0111540789183098,False,False,False,비타겟
1256983424,Q1_저가,-0.0047464604091758,0.0111515599078918,False,False,False,비타겟
65900992,Q2,-0.0172330074081085,0.0111377426881173,False,False,False,비타겟
904974464,Q4_고가,0.0310828314696062,0.0111321041583224,False,True,True,비타겟
1615672128,Q3,-0.0180204016406645,0.0111171462680375,False,False,False,비타겟
1069692608,Q3,0.0200557509809865,0.0111095750740654,False,False,False,비타겟
829208832,Q3,-0.0202315431950945,0.0110882373838943,False,False,False,비타겟
1325130176,Q4_고가,0.0189332918232802,0.0110822377329675,False,False,False,비타겟
365177280,Q1_저가,-0.0157358230137998,0.0110729353472076,False,False,False,비타겟
982698176,Q3,0.0171170843264848,0.0110623643353399,False,False,False,비타겟
200123200,Q1_저가,-0.0142613706671566,0.0110605718741163,False,False,False,비타겟
472372416,Q2,0.0202757755054246,0.0110423130691938,False,False,False,비타겟
116120640,Q3,0.0253905747267951,0.0110374848289073,False,False,False,비타겟
609751680,Q4_고가,0.0230934162668559,0.0110248112088694,False,False,True,비타겟
457479872,Q1_저가,-0.0077220145582659,0.0110184809896003,False,False,False,비타겟
422390336,Q4_고가,-0.0143806824728143,0.0110107780759457,False,False,False,비타겟
251753408,Q3,0.0135584356174847,0.0109967389983283,False,False,False,비타겟
742878848,Q1_저가,-0.0124809451580891,0.0109943375024256,False,False,False,비타겟
205193792,Q3,-0.0070958213517198,0.0109793137398105,False,False,False,비타겟
192392960,Q2,-0.0155260495912922,0.0109693145552703,False,False,False,비타겟
204887552,Q4_고가,0.0190426359267767,0.01096650305568,False,False,False,비타겟
57424640,Q4_고가,-0.0112282391905648,0.010935204644418,False,False,True,비타겟
592516864,Q4_고가,0.0276125972618723,0.0109221788741872,False,True,True,비타겟
576167360,Q2,-0.0157593290080604,0.0109057632639915,False,False,False,비타겟
390075520,Q4_고가,0.0232679630309363,0.0109030216733091,False,False,True,비타겟
1279695296,Q4_고가,-0.0210614178145725,0.0108981487658377,False,False,True,비타겟
977063360,Q1_저가,-0.0037848193850831,0.0108817866369307,False,False,False,비타겟
925305088,Q3,-0.0166500873342091,0.0108814189716222,False,False,False,비타겟
763363520,Q3,0.0215899671208229,0.0108431005631368,False,False,False,비타겟
1280671552,Q4_고가,-0.0118401731808489,0.0108430629684111,False,False,True,비타겟
1575259584,Q1_저가,0.0085463588549367,0.0108252372491687,False,False,False,비타겟
836642112,Q3,-0.0035419711946682,0.0108041692230069,False,False,False,비타겟
1030503168,Q3,0.0178494216638517,0.0107847249314968,False,False,False,비타겟
1024471168,Q3,-0.0206682477622591,0.0107778540193663,False,False,False,비타겟
264533824,Q3,0.0096746519852445,0.010777778736026,False,False,False,비타겟
229963968,Q1_저가,-0.0296532191181975,0.0107737971476715,False,False,False,비타겟
1251756928,Q1_저가,-0.0072436200013268,0.0107652323778183,False,False,False,비타겟
727841536,Q2,-0.0186289547507764,0.0107438144692177,False,False,False,비타겟
266449216,Q3,0.0118635798162612,0.0107402053652024,False,False,False,비타겟
715268992,Q2,0.0014345157629245,0.0107388454012361,False,False,False,비타겟
1599823744,Q4_고가,-0.0141989452036091,0.0106984685858058,False,False,True,비타겟
71901440,Q3,0.0191328225223678,0.0106793853282971,False,False,False,비타겟
283672896,Q4_고가,-0.0206707398716154,0.0106726181079654,False,False,True,비타겟
229243840,Q1_저가,-0.0221565449665744,0.0106254716923343,False,False,False,비타겟
463188928,Q3,-0.015711686066652,0.0105960355199147,False,False,False,비타겟
722923136,Q1_저가,0.0164865094169835,0.0105778861915248,False,False,False,비타겟
896936128,Q3,-0.0196386654669738,0.0105479816867979,False,False,False,비타겟
592689472,Q2,-0.0029505549146001,0.0105476261090791,False,False,False,비타겟
746006208,Q2,-0.01228168508076,0.0105066811794629,False,False,False,비타겟
1098575680,Q2,0.0113843117101622,0.010502953560158,False,False,False,비타겟
1000103744,Q3,0.0050042008809995,0.0104998661014947,False,False,False,비타겟
1543637056,Q1_저가,-0.0186640708153517,0.0104685465513404,False,False,False,비타겟
1552196928,Q4_고가,-0.0278349029862378,0.0104643817821359,False,False,True,비타겟
1446733440,Q3,-0.0254943183119726,0.0104626005142262,False,False,False,비타겟
847677888,Q3,-0.0209760519887136,0.0104429826361479,False,False,False,비타겟
625529536,Q4_고가,-0.0137994168243263,0.0104258612640972,False,False,True,비타겟
784911680,Q3,0.0177128175203233,0.0104240216342945,False,False,False,비타겟
889822080,Q4_고가,0.020021555882134,0.0104195103274435,False,False,False,비타겟
1085776704,Q3,-0.0255139602972383,0.0104153083110504,False,False,False,비타겟
1633159360,Q4_고가,-0.0130295897837793,0.0104012809027137,False,False,True,비타겟
365266368,Q3,-0.0001719289966921,0.010356292303051,False,False,False,비타겟
1463738112,Q4_고가,-0.0118572880048681,0.0103323993094517,False,False,False,비타겟
587563200,Q3,0.0135784155118144,0.0103323166272915,False,False,False,비타겟
1183394880,Q2,-0.0184715599344463,0.0103288699978976,False,False,False,비타겟
460525568,Q4_고가,-0.0133086114760974,0.010291838652975,False,False,True,비타겟
183844224,Q4_고가,-0.0147745574080143,0.0102849805418504,False,False,True,비타겟
706727680,Q2,0.0250634485554487,0.0102750295213883,False,False,False,비타겟
1007817280,Q4_고가,0.0151209246750459,0.0102618468976067,False,False,False,비타겟
525556096,Q2,0.0060854429918701,0.0102599854341483,False,False,False,비타겟
372098304,Q4_고가,0.0141724215570291,0.0102413398804372,False,False,False,비타겟
321774720,Q1_저가,-0.0158603363582333,0.0102249399257003,False,False,False,비타겟
598556288,Q2,0.0248939152409228,0.0102066828929422,False,False,False,비타겟
749018496,Q2,0.0201499507850098,0.0101735332476786,False,False,False,비타겟
1235132736,Q3,-0.0072103462887192,0.0101635598115524,False,False,False,비타겟
168073792,Q3,0.0116817460611817,0.0101627864161139,False,False,False,비타겟
1532985472,Q2,0.0172800987550718,0.0101578728792861,False,False,False,비타겟
811313280,Q4_고가,0.0153543386986332,0.0101470334750118,False,False,True,비타겟
881679808,Q2,-0.0077678533514024,0.0101197021295283,False,False,False,비타겟
1408395904,Q2,-0.0304975452966027,0.0101056046094355,False,False,False,비타겟
754322944,Q2,0.0203440950112888,0.0100802911347658,False,False,False,비타겟
278271936,Q2,0.0161721490951013,0.0100788854405995,False,False,False,비타겟
759202368,Q4_고가,-0.0345986239636201,0.0100770246969492,False,False,True,비타겟
769978304,Q2,0.0231287682652681,0.010051205883597,False,False,False,비타겟
614614400,Q4_고가,-0.0150059448501296,0.0100471248971075,False,False,True,비타겟
1536996288,Q3,-0.0199989010498577,0.0099955769493864,False,False,False,비타겟
1283945536,Q4_고가,-0.0036865345220877,0.009954334975049,False,False,True,비타겟
263908352,Q2,-0.0061445923317144,0.0099468376668614,False,False,False,비타겟
422663168,Q3,0.0188863954240683,0.0099346172932276,False,False,False,비타겟
744499136,Q3,-0.0050196698458142,0.0099156247765125,False,False,False,비타겟
412612928,Q4_고가,0.0144408247493704,0.0099132750046243,False,False,True,비타겟
304623424,Q4_고가,-0.0096160116783401,0.0098797829944793,False,False,True,비타겟
804375552,Q2,-0.0235262166435692,0.0098557052970164,False,False,False,비타겟
948193280,Q2,0.0171779991557757,0.0098480888953288,False,False,False,비타겟
1597268032,Q2,-0.0098996253813205,0.0098389356885336,False,False,False,비타겟
479144960,Q4_고가,0.0101358365639264,0.0098188879870222,False,False,False,비타겟
1315378752,Q1_저가,-0.0263039669039407,0.0098092499430634,False,False,False,비타겟
1001714752,Q4_고가,-0.0119057308481846,0.0098075644137654,False,False,True,비타겟
1622619136,Q4_고가,0.0407291254367468,0.0097980021832011,False,True,True,비타겟
839557888,Q2,-0.0202955366329144,0.0097851710533675,False,False,False,비타겟
1063447168,Q3,-0.0064657940463536,0.0097678486489455,False,False,False,비타겟
778790592,Q4_고가,0.0011016273263881,0.0097661025911335,False,False,False,비타겟
606271680,Q3,-0.0170505821190483,0.0097474954465171,False,False,False,비타겟
54907904,Q3,-0.0282703726387098,0.0097278475306259,False,False,False,비타겟
687404864,Q1_저가,0.024902312684762,0.0096936637772976,False,False,False,비타겟
751384896,Q2,0.022483684030655,0.0096820906742846,False,False,False,비타겟
840857088,Q2,0.0230835687580142,0.0096768624401698,False,False,False,비타겟
1019151872,Q4_고가,0.0115320477940044,0.0096290747737397,False,False,True,비타겟
501858688,Q2,0.0167927474019931,0.0096183999369175,False,False,False,비타겟
1222391296,Q1_저가,-0.0048681912022857,0.0096081499400827,False,False,False,비타겟
294678976,Q3,0.0142981630326513,0.0095405583653227,False,False,False,비타겟
809355200,Q4_고가,0.0223863480659337,0.0095285368994779,False,False,True,비타겟
1216890112,Q1_저가,-0.0065217263244263,0.0095231390362581,False,False,False,비타겟
1381402240,Q2,-0.0355561181170421,0.009507197594345,False,False,False,비타겟
1148593024,Q1_저가,-0.0140151020481659,0.0095044993707618,False,False,False,비타겟
822026112,Q4_고가,0.0242047538722312,0.009502061103132,False,False,True,비타겟
665737920,Q2,0.0219140217868889,0.0094981067269966,False,False,False,비타겟
1478656640,Q2,-0.012211077586028,0.0094947006666889,False,False,False,비타겟
720337728,Q2,-0.0099185141435569,0.009492980526042,False,False,False,비타겟
622066240,Q3,-0.0138083599503117,0.0094819589612294,False,False,False,비타겟
198224512,Q4_고가,0.0033520799309903,0.0094808348084053,False,False,False,비타겟
1204146816,Q1_저가,-0.0280503003072931,0.0094743706091322,False,False,False,비타겟
80136512,Q4_고가,-0.0215418907055554,0.0094722735225719,False,False,True,비타겟
1061331328,Q2,0.0148550716739759,0.0094674290463167,False,False,False,비타겟
694982912,Q1_저가,0.022777853270411,0.0093905831130828,False,False,False,비타겟
1508369344,Q4_고가,0.067962244582019,0.0093357064302154,False,True,True,비타겟
89537152,Q3,0.0170262664989111,0.0093176500159402,False,False,False,비타겟
287518528,Q3,0.0161365364360384,0.0092916320378507,False,False,False,비타겟
263351552,Q4_고가,-0.0223388118332988,0.0092861406358842,False,False,True,비타겟
729252096,Q3,0.021060238189706,0.00928335876073,False,False,False,비타겟
397096768,Q2,-0.0205800444657167,0.0092526065312826,False,False,False,비타겟
1089241856,Q3,-0.0023832745418456,0.0092505878886431,False,False,False,비타겟
1019259520,Q2,-0.0001164181620514,0.0092470976376797,False,False,False,비타겟
1025295232,Q1_저가,0.0120797936707472,0.0092288373552805,False,False,False,비타겟
263431360,Q1_저가,-0.0218318001859283,0.0092173467345089,False,False,False,비타겟
489835520,Q2,-0.0196887103843299,0.0091961618879195,False,False,False,비타겟
1090960512,Q2,0.0262345681707976,0.0091831444240587,False,False,False,비타겟
391289344,Q4_고가,0.0166474886193271,0.0091783179697078,False,False,True,비타겟
561723968,Q3,-0.0204958128065382,0.0091438512085798,False,False,False,비타겟
811690048,Q2,0.0161303321099022,0.0091369762153438,False,False,False,비타겟
1401294848,Q4_고가,0.0423743872172261,0.0091214688904923,False,True,True,비타겟
1235409280,Q3,1.7003246732483213e-05,0.0091171732879951,False,False,False,비타겟
743667648,Q4_고가,0.0138218743971577,0.0091157410451249,False,False,True,비타겟
981202240,Q3,0.0190838574744118,0.0091058890671628,False,False,False,비타겟
274047680,Q2,-0.0039860389971798,0.009091933172068,False,False,False,비타겟
1603821568,Q4_고가,0.0015799405223007,0.0090890555935484,False,False,False,비타겟
943542144,Q2,0.0256244996218905,0.0090795986099417,False,False,False,비타겟
854548800,Q3,0.0116645033297039,0.0090751139066262,False,False,False,비타겟
1352836544,Q1_저가,-0.0132054631927176,0.0090700423365949,False,False,False,비타겟
805799104,Q3,0.0141510303965881,0.0090397403146329,False,False,False,비타겟
1120404096,Q2,-0.0177882579856265,0.0090335106583563,False,False,False,비타겟
743224064,Q3,-0.019905980114502,0.0090251540634089,False,False,False,비타겟
388024640,Q1_저가,0.0104712790517728,0.0090054956883346,False,False,False,비타겟
766266304,Q1_저가,-0.0200241346388186,0.0089666880454094,False,False,False,비타겟
168086784,Q4_고가,-0.0183458597959002,0.0089523413019483,False,False,False,비타겟
555712384,Q3,-0.0323662695812999,0.0089324198394592,False,False,False,비타겟
175737216,Q3,-0.0184922662707437,0.0089258355121578,False,False,False,비타겟
618868352,Q1_저가,-0.0247490092273829,0.0089142056703414,False,False,False,비타겟
422549952,Q4_고가,-0.0045580008351041,0.0088977289385411,False,False,True,비타겟
750030016,Q2,0.0241030114596203,0.0088725680950944,False,False,False,비타겟
177767680,Q2,0.0198395467072849,0.0088370895645842,False,False,False,비타겟
1506320320,Q1_저가,-0.0088457565322643,0.008832065240034,False,False,False,비타겟
742787904,Q4_고가,-0.0181188875099164,0.008817070045808,False,False,True,비타겟
1523581120,Q4_고가,-0.014795362905553,0.0088052010764282,False,False,True,비타겟
31691200,Q2,0.0243001526833837,0.0087839663921542,False,False,False,비타겟
436739072,Q3,0.004357105011652,0.0087700785090339,False,False,False,비타겟
1065769024,Q1_저가,0.0152702002847613,0.0087617290821016,False,False,False,비타겟
229323648,Q2,0.0262423930573248,0.0087477480114368,False,False,False,비타겟
292381248,Q2,-0.0292880918222182,0.0087094841742201,False,False,False,비타겟
645305216,Q1_저가,-0.02760988111067,0.0086716192585584,False,False,False,비타겟
866510720,Q3,-0.0193120932197432,0.0086675760927331,False,False,False,비타겟
924343680,Q3,0.0161972442067008,0.0086607668922668,False,False,False,비타겟
311323584,Q3,0.0159920052234333,0.0086522484691561,False,False,False,비타겟
925028544,Q1_저가,-0.0092419637513135,0.0086288240187606,False,False,False,비타겟
176912064,Q3,0.0090506196932483,0.0086241146093457,False,False,False,비타겟
976033280,Q3,-0.0134398800098587,0.0086228769937061,False,False,False,비타겟
998871360,Q2,0.0139314091386018,0.0086057663694589,False,False,False,비타겟
440302592,Q2,-0.0164402799507497,0.0086055003246859,False,False,False,비타겟
859290880,Q3,0.0045758152818342,0.0085906865102174,False,False,False,비타겟
866059712,Q3,0.0199295354201934,0.0085875406793909,False,False,False,비타겟
924980288,Q1_저가,-0.0086296452201614,0.0085735007259198,False,False,False,비타겟
1005174336,Q4_고가,-0.0199450536609897,0.0085108682889353,False,False,False,비타겟
1257427008,Q3,-0.0345794973046206,0.0084963820069815,False,False,False,비타겟
450699904,Q2,0.0153439195895525,0.0084766495238979,False,False,False,비타겟
85127296,Q2,0.0224330410292507,0.0084713127338834,False,False,False,비타겟
669294016,Q1_저가,-0.0201744297705535,0.0084523675415977,False,False,False,비타겟
1239260480,Q3,0.0075916261174633,0.0084324639020891,False,False,False,비타겟
563444480,Q4_고가,0.0042758751078879,0.008430944137692,False,False,False,비타겟
303227712,Q3,-0.0105399504588349,0.0084211559033791,False,False,False,비타겟
137795008,Q3,0.017760912680253,0.0084177956261721,False,False,False,비타겟
946571136,Q3,-0.0200569060526502,0.0083358631379152,False,False,False,비타겟
388505344,Q4_고가,0.0151936179953953,0.0083296750919044,False,False,False,비타겟
157674624,Q3,0.0201020092858823,0.0083204074921021,False,False,False,비타겟
821744000,Q3,-0.0196570271913558,0.0083111028850898,False,False,False,비타겟
746379264,Q2,0.0213868904428814,0.0083084321238693,False,False,False,비타겟
817144832,Q2,0.0182125713613698,0.0083066253831988,False,False,False,비타겟
1603613696,Q3,-0.0113186288830863,0.0082650168868345,False,False,False,비타겟
1600638528,Q1_저가,0.0045621429911618,0.0082629742856899,False,False,False,비타겟
687041088,Q2,0.0262852350136422,0.0082190622641235,False,False,False,비타겟
1208198464,Q4_고가,-0.009789259777454,0.0082091094427548,False,False,True,비타겟
41104832,Q4_고가,0.0149099212660056,0.0082004803308857,False,False,False,비타겟
568485376,Q4_고가,0.0275753646837834,0.0081462864105074,False,True,True,비타겟
1214421632,Q4_고가,-0.0132127566559285,0.0081294150760666,False,False,True,비타겟
583064256,Q3,0.0173450537113177,0.0080965654048441,False,False,False,비타겟
445156032,Q3,-0.0190210655814323,0.0080569673278888,False,False,False,비타겟
44076288,Q4_고가,-0.0028633930162617,0.0080568734606542,False,False,True,비타겟
1226613696,Q3,-0.007643841020153,0.0080342028085779,False,False,False,비타겟
764315648,Q1_저가,-0.0082848799009799,0.0080200551868295,False,False,False,비타겟
223390016,Q4_고가,0.0165257600104234,0.008009485277162,False,False,True,비타겟
175843008,Q4_고가,0.0190055354040655,0.0080086632422806,False,False,True,비타겟
1517400640,Q1_저가,-0.0222846348188778,0.008003903144566,False,False,False,비타겟
1521450432,Q4_고가,-0.0220007106011835,0.0079773200362294,False,False,True,비타겟
695825536,Q1_저가,0.0067753465698469,0.0079740768892315,False,False,False,비타겟
583318528,Q2,0.0163670468357386,0.0079464972885663,False,False,False,비타겟
196823232,Q2,-0.0119899588492334,0.0079398061220893,False,False,False,비타겟
745473536,Q4_고가,-0.0143400779883559,0.0079395650113563,False,False,True,비타겟
1335533056,Q3,-0.0202261194309381,0.0079162775439346,False,False,False,비타겟
748847744,Q2,0.0254016151564778,0.0078727567166322,False,False,False,비타겟
657720000,Q2,0.0184043555831867,0.0078112012927088,False,False,False,비타겟
164979840,Q4_고가,-0.0050271949745723,0.0078076968556689,False,False,False,비타겟
925822912,Q4_고가,0.0196628359016212,0.0078039983609131,False,False,False,비타겟
748224128,Q3,0.024478933817394,0.0077862141156714,False,False,False,비타겟
380929152,Q1_저가,-0.0191222125847332,0.0077443627821206,False,False,False,비타겟
1027758144,Q3,0.0145254976754479,0.0077432577997367,False,False,False,비타겟
1256808960,Q4_고가,0.0169673175226334,0.0077342090224166,False,False,False,비타겟
1615427136,Q2,-0.021418222582474,0.0077158347580631,False,False,False,비타겟
679871360,Q4_고가,-0.0200179521079532,0.0077116750252158,False,False,True,비타겟
55557504,Q1_저가,0.0257312136496339,0.0076948208470715,False,False,False,비타겟
1550548800,Q4_고가,-0.0148044829480478,0.0076943312257204,False,False,True,비타겟
926006656,Q4_고가,-0.0223555991579588,0.0076374296329783,False,False,True,비타겟
271512384,Q2,0.0144963879901018,0.0076328624962974,False,False,False,비타겟
650418496,Q4_고가,0.0269940466415242,0.0076094542207704,False,True,True,비타겟
897682240,Q4_고가,-0.0217932596078278,0.0076053340303165,False,False,True,비타겟
380409472,Q4_고가,0.0216950710164918,0.0075994309681555,False,False,False,비타겟
1209790912,Q2,-0.0196314845591294,0.0075893296595647,False,False,False,비타겟
709999808,Q4_고가,-0.0254241582117364,0.0075881396303911,False,False,True,비타겟
799429312,Q1_저가,-0.027184594385426,0.007583251186206,False,False,False,비타겟
744638336,Q2,0.0189151090615974,0.0075820775836653,False,False,False,비타겟
829871424,Q1_저가,-0.0246558755178375,0.0075806930057354,False,False,False,비타겟
1574823424,Q4_고가,0.0064266186234847,0.0075708302010706,False,False,False,비타겟
60277312,Q4_고가,0.0140553698206075,0.0075443688339188,False,False,True,비타겟
397982080,Q2,-0.0239382679389935,0.0075210042128147,False,False,False,비타겟
593940416,Q4_고가,0.0122887535906869,0.0075092444432421,False,False,True,비타겟
806617600,Q4_고가,0.022554883636351,0.0074846351383002,False,False,False,비타겟
1174979776,Q4_고가,-0.0296274716433179,0.0074386179197779,False,False,True,비타겟
246764480,Q1_저가,-0.0219906807405001,0.0074324999702557,False,False,False,비타겟
1101474752,Q3,-0.0162269562531996,0.007361029301985,False,False,False,비타겟
767545088,Q4_고가,-0.0183892507983351,0.0073470948084462,False,False,False,비타겟
1261541760,Q3,0.0142081296645701,0.0073448074223345,False,False,False,비타겟
583827072,Q4_고가,-0.0131107635713353,0.0073374043886039,False,False,True,비타겟
1224685312,Q2,0.0140421659635023,0.0073330396253391,False,False,False,비타겟
950787968,Q4_고가,0.0256010325978551,0.0073281465325039,False,False,False,비타겟
186824960,Q1_저가,-0.0283714710821359,0.007321175106546,False,False,False,비타겟
765980480,Q4_고가,0.0085612774620146,0.0072808425253674,False,False,True,비타겟
39382464,Q4_고가,0.0113407612094688,0.0072329354063074,False,False,True,비타겟
1126779456,Q2,-0.0181543690375434,0.0072327540745948,False,False,False,비타겟
581811456,Q4_고가,0.0131939310278801,0.0072289712336532,False,False,True,비타겟
888040320,Q1_저가,-0.0193820701379904,0.0072276871478846,False,False,False,비타겟
833071168,Q4_고가,-0.0171213381972844,0.0071904035078299,False,False,True,비타겟
1237189184,Q1_저가,-0.0173989977347606,0.007178894784831,False,False,False,비타겟
678418112,Q1_저가,-0.0084107652212265,0.0071771888076588,False,False,False,비타겟
24883392,Q4_고가,0.0127342790374964,0.0071735209088542,False,False,True,비타겟
1386448704,Q1_저가,-0.0165409351300036,0.0071417983940072,False,False,False,비타겟
642322624,Q2,-0.0126526983485025,0.0071387539949618,False,False,False,비타겟
449280064,Q1_저가,-0.0119349619763671,0.0071263421381725,False,False,False,비타겟
1190974784,Q2,0.0138606059156813,0.0071189149120415,False,False,False,비타겟
578724928,Q2,-0.0264423168557416,0.0071117495019943,False,False,False,비타겟
646019776,Q4_고가,0.0200696868836772,0.0071077500296643,False,False,False,비타겟
762717632,Q3,0.0112445245642662,0.0070797366067583,False,False,False,비타겟
610612864,Q2,0.0217409654493985,0.0070556969264594,False,False,False,비타겟
719548928,Q3,0.0177654758465513,0.0070505991465251,False,False,False,비타겟
1123199232,Q3,-0.0210912940006685,0.0070396407345981,False,False,False,비타겟
1391033024,Q3,-0.0207142376339588,0.0070396407345981,False,False,False,비타겟
934000448,Q3,0.0168797813916771,0.0069967730495587,False,False,False,비타겟
479299008,Q4_고가,-0.0056837661025516,0.0069801818242259,False,False,True,비타겟
1161798464,Q4_고가,0.0057028670264774,0.0069601102215882,False,False,False,비타겟
298736192,Q3,-0.021593831347285,0.0069557582018091,False,False,False,비타겟
1504410496,Q4_고가,0.0204913667325905,0.0069556879956773,False,False,True,비타겟
856341696,Q3,0.0167021068040207,0.006953753600376,False,False,False,비타겟
67109248,Q2,0.0222293815903532,0.0069093085730302,False,False,False,비타겟
1185889344,Q4_고가,0.0154329164823798,0.00690341717841,False,False,True,비타겟
325310400,Q2,-0.0243634938480071,0.0068960485426777,False,False,False,비타겟
619627456,Q2,0.0205840524543158,0.0068903955760887,False,False,False,비타겟
184534656,Q4_고가,-0.0189441829312059,0.0068839730007784,False,False,True,비타겟
96847936,Q1_저가,-0.0246153496752803,0.0068504980487643,False,False,False,비타겟
464295104,Q3,0.0092080716020942,0.0068488167998069,False,False,False,비타겟
1324491712,Q3,-0.011792917522665,0.0068415329107828,False,False,False,비타겟
1523900352,Q4_고가,-0.0095880234236757,0.0068295625642069,False,False,True,비타겟
1000796032,Q2,-0.0148809501799794,0.006822795946365,False,False,False,비타겟
1250520832,Q1_저가,-0.0129457457538161,0.0068049357900054,False,False,False,비타겟
845575040,Q4_고가,-0.0002673006862036,0.0067964932290011,False,False,False,비타겟
1110127424,Q1_저가,-0.0206634158351445,0.0067344550150067,False,False,False,비타겟
559201664,Q3,-0.0097923196943107,0.0067314921028144,False,False,False,비타겟
1581499456,Q3,-0.0200333890911195,0.0067172121616622,False,False,False,비타겟
852148992,Q1_저가,0.0171371504448963,0.0066690179681587,False,False,False,비타겟
974917824,Q2,-0.0102321107419927,0.0066681538728218,False,False,False,비타겟
1533315840,Q3,-0.0273919775464684,0.0066584415878803,False,False,False,비타겟
872672640,Q4_고가,-0.0203868289938092,0.0066561659816847,False,False,True,비타겟
711716608,Q4_고가,0.0168214765131808,0.0065932788446682,False,False,True,비타겟
429916416,Q4_고가,-0.0196722837388789,0.0065753621903751,False,False,True,비타겟
1211550400,Q4_고가,0.0234379340858087,0.0065627550512062,False,False,False,비타겟
349239808,Q3,-0.0064089981080202,0.006547745256284,False,False,False,비타겟
322509696,Q2,0.0120359209091055,0.006540525505706,False,False,False,비타겟
873687872,Q2,0.0086668815838657,0.0065264789077132,False,False,False,비타겟
1598925440,Q2,-0.0243244889288248,0.0064918851141919,False,False,False,비타겟
744577088,Q2,-0.0162560800243442,0.0064824456943859,False,False,False,비타겟
718077120,Q3,-0.0207748654032853,0.0064813637183854,False,False,False,비타겟
1526723328,Q3,-0.0182083580541644,0.0064270122825349,False,False,False,비타겟
364369920,Q2,0.0255091653261366,0.0063749001710671,False,False,False,비타겟
117069056,Q3,-0.0128238445463927,0.0063410318240459,False,False,False,비타겟
258091648,Q1_저가,0.0218270279660151,0.0063404957999957,False,False,False,비타겟
1297034048,Q3,-0.0156330159023151,0.0063404804089766,False,False,False,비타겟
170807680,Q4_고가,-0.0156481097102161,0.0063336198672891,False,False,True,비타겟
647820096,Q1_저가,0.0252909168421277,0.0063334752296513,False,False,False,비타겟
1535370432,Q4_고가,-0.0132260717451995,0.0063075754045395,False,False,False,비타겟
1565819968,Q4_고가,-0.0001283512716728,0.0062691831833868,False,False,False,비타겟
239546496,Q3,-0.0154860524626815,0.0061496963400282,False,False,False,비타겟
1474870400,Q4_고가,-0.0305656061226255,0.0061461911263378,False,False,True,비타겟
761414720,Q2,0.024009780870174,0.0061348177292119,False,False,False,비타겟
907352000,Q1_저가,-0.0131523355136419,0.0061342560713371,False,False,False,비타겟
764751808,Q3,0.022335287180794,0.0061304920179802,False,False,False,비타겟
1289439296,Q3,0.014009913043027,0.0061230806987232,False,False,False,비타겟
1540268416,Q1_저가,-0.0071524581456555,0.0060994042689933,False,False,False,비타겟
1055588864,Q3,0.011567474169146,0.0060855485667169,False,False,False,비타겟
1016844864,Q1_저가,-0.0170982120843166,0.0060705319741943,False,False,False,비타겟
773939008,Q2,-0.0192374155122489,0.0060698734727002,False,False,False,비타겟
267106240,Q3,-0.0126786116536449,0.0060632724597432,False,False,False,비타겟
1190679680,Q4_고가,-0.0107839320077211,0.0060548342793102,False,False,True,비타겟
1557527360,Q4_고가,-0.0502281037092043,0.0060357226511383,False,False,True,비타겟
745657280,Q4_고가,0.0336831067865418,0.0060311434854026,False,True,True,비타겟
190618624,Q1_저가,-0.0147716429239771,0.0060060219858549,False,False,False,비타겟
1211706304,Q1_저가,-0.0217189284197772,0.0059888653378667,False,False,False,비타겟
1301345536,Q3,0.0155140018806843,0.0059792907703003,False,False,False,비타겟
901238336,Q4_고가,0.0133340399902975,0.0059435231996272,False,False,False,비타겟
245751104,Q3,-0.019940161591796,0.0059160993096886,False,False,False,비타겟
1326620544,Q2,-0.0103198884295851,0.005898955206198,False,False,False,비타겟
357853504,Q1_저가,-0.0140719478727805,0.0058989519241333,False,False,False,비타겟
1348029504,Q1_저가,0.0019623374603356,0.005895021383487,False,False,False,비타겟
155174592,Q1_저가,0.0036991285977173,0.005877225050486,False,False,False,비타겟
73265600,Q4_고가,0.017403473645574,0.0058647869396452,False,False,True,비타겟
720901952,Q1_저가,-0.0140404087274366,0.0058566833570726,False,False,False,비타겟
285512192,Q2,0.0096798607333986,0.0058537956495663,False,False,False,비타겟
463029312,Q1_저가,-0.0139130441400183,0.0058437094029178,False,False,False,비타겟
764144896,Q2,-0.0165585803998229,0.0058372967999694,False,False,False,비타겟
268308928,Q2,-0.0222998006412429,0.0057973130557588,False,False,False,비타겟
630494336,Q1_저가,0.0206626679723658,0.0057876706010728,False,False,False,비타겟
1071268352,Q3,0.0221883497406728,0.0057792896987681,False,False,False,비타겟
1037708160,Q2,0.0238242157501787,0.0057767294435419,False,False,False,비타겟
883584064,Q4_고가,-0.0057836929499989,0.0057304020856333,False,False,True,비타겟
751941696,Q2,-0.0175838215441345,0.0057266303826613,False,False,False,비타겟
62261376,Q4_고가,0.0149366153034762,0.0056819158722406,False,False,True,비타겟
54616512,Q2,0.0132265005935352,0.005680028565697,False,False,False,비타겟
748771648,Q1_저가,-0.0306281305460829,0.0056614500939767,False,False,False,비타겟
1075791424,Q1_저가,0.0002560998626398,0.0056465442956112,False,False,False,비타겟
1092747840,Q4_고가,0.0210253377963565,0.0056223271952251,False,False,True,비타겟
595018752,Q1_저가,-0.006969870744482,0.0055579782286012,False,False,False,비타겟
706996800,Q3,-0.0122897940974664,0.0055547498808771,False,False,False,비타겟
860549248,Q3,-0.0079897202233253,0.0055523691540577,False,False,False,비타겟
1371893952,Q1_저가,-0.0151803563497626,0.0055375655248779,False,False,False,비타겟
129240704,Q4_고가,-0.0218756565173544,0.0055313323762041,False,False,True,비타겟
473378368,Q2,-0.0091939214725712,0.0055253810836941,False,False,False,비타겟
553008192,Q1_저가,-0.0328468136734825,0.0055072837135444,False,False,False,비타겟
1564899392,Q1_저가,-0.0148405077167423,0.0054964764248943,False,False,False,비타겟
1555782720,Q3,-0.0201123850466022,0.0054878567891094,False,False,False,비타겟
566479040,Q2,-0.0042088646387585,0.0054583746639037,False,False,False,비타겟
1507780992,Q4_고가,-0.0207825106255373,0.0054452947791996,False,False,True,비타겟
100224000,Q4_고가,0.0195170581704977,0.0054173831674066,False,False,True,비타겟
88191552,Q2,0.0262312159807016,0.0053412804204781,False,False,False,비타겟
759994880,Q2,-0.0157918498636195,0.0053260647353738,False,False,False,비타겟
698871232,Q3,0.023128213167334,0.0052957054184574,False,False,False,비타겟
1173923712,Q3,0.0189851969717167,0.0052347673095853,False,False,False,비타겟
1038955392,Q2,-0.0122968422605181,0.0052317473378213,False,False,False,비타겟
763281856,Q4_고가,0.014223969612088,0.0052210353773584,False,False,False,비타겟
884914816,Q2,-0.0138051859368404,0.0052150186121015,False,False,False,비타겟
1132995200,Q3,-0.002856560517915,0.0051941764292485,False,False,False,비타겟
744588224,Q4_고가,0.0204575549368957,0.0051812885151989,False,False,True,비타겟
76160960,Q1_저가,-0.0127679043468489,0.0051809385204114,False,False,False,비타겟
470065408,Q3,-0.0046540714012591,0.0051489727391684,False,False,False,비타겟
1041319936,Q4_고가,0.0368004581078221,0.0051465406004223,False,True,True,비타겟
1321668736,Q4_고가,-0.0096217379051617,0.005137606373214,False,False,True,비타겟
1465798272,Q2,0.0092520154919131,0.0051112680499979,False,False,False,비타겟
873157056,Q3,0.0228286618927386,0.005107591473053,False,False,False,비타겟
428259008,Q3,0.0229944342457438,0.0050978271876545,False,False,False,비타겟
1310517888,Q1_저가,-0.0113016836393492,0.0050969397766863,False,False,False,비타겟
796003136,Q4_고가,0.0356933760960797,0.0050843591858376,False,True,True,비타겟
218480896,Q4_고가,-0.0286078714885181,0.0050812390854292,False,False,True,비타겟
1537801792,Q3,0.0111116416662598,0.0050801921743125,False,False,False,비타겟
658497664,Q1_저가,-0.0149489896710893,0.0050757802911697,False,False,False,비타겟
1007880384,Q4_고가,-0.002798436499672,0.0050698406777475,False,False,True,비타겟
851811200,Q2,-0.0323598874259097,0.0050685038803438,False,False,False,비타겟
905080256,Q1_저가,0.0156379191909903,0.0050399772595033,False,False,False,비타겟
64330816,Q2,-0.0126944654350087,0.0050074596299655,False,False,False,비타겟
1514559104,Q3,0.0244359057928249,0.0049953235084932,False,False,False,비타겟
683648320,Q4_고가,0.0007198397590448,0.0049881860003125,False,False,False,비타겟
1060692864,Q3,0.0074639630251872,0.0049780666916983,False,False,False,비타겟
1244227136,Q1_저가,-0.0271360516172806,0.0049745286092729,False,False,False,비타겟
1528538496,Q1_저가,-0.0334137118011031,0.0049455938962547,False,False,False,비타겟
824622656,Q1_저가,0.0093450360040261,0.0049116790548716,False,False,False,비타겟
774673984,Q1_저가,-0.0156939054998188,0.0048815178389846,False,False,False,비타겟
775850688,Q2,0.002466988220301,0.0048793001283846,False,False,False,비타겟
400959104,Q4_고가,-0.0168979303248738,0.0048774479006555,False,False,True,비타겟
898693760,Q1_저가,0.0050952731168144,0.0048641084213368,False,False,False,비타겟
748873728,Q4_고가,-0.0141065279971886,0.0048179315480194,False,False,True,비타겟
286980288,Q2,-0.0117875733793728,0.0047980397762805,False,False,False,비타겟
331721024,Q2,-0.0234017692358314,0.0047884087234005,False,False,False,비타겟
439743936,Q1_저가,-0.0187294955551601,0.0047712100446297,False,False,False,비타겟
1541378304,Q4_고가,0.0048881591990637,0.0047589091754984,False,False,False,비타겟
815463296,Q2,0.0249726050583003,0.0047452983682384,False,False,False,비타겟
740415936,Q3,-0.0172715662276362,0.0047250132769979,False,False,False,비타겟
1018734272,Q1_저가,-0.0110550359614851,0.0047028012539314,False,False,False,비타겟
117226816,Q4_고가,0.0250767122767358,0.004679736093837,False,False,False,비타겟
314430528,Q3,0.0142613768999843,0.0046791931026178,False,False,False,비타겟
680383616,Q2,0.0156690693696031,0.0046758708493993,False,False,False,비타겟
403620608,Q1_저가,-0.0241763407385351,0.0046747197835587,False,False,False,비타겟
667696000,Q2,0.0168536354923634,0.0046726388223736,False,False,False,비타겟
1277980352,Q3,-0.0218598127615073,0.0046672859314956,False,False,False,비타겟
1002102656,Q3,0.0243020171283075,0.00465043328525,False,False,False,비타겟
215583680,Q1_저가,-0.0198058934103046,0.00463853152817,False,False,False,비타겟
713691392,Q4_고가,0.021664265659033,0.0046284926022817,False,False,False,비타겟
976757120,Q4_고가,0.0241152469800552,0.0046275861672449,False,False,True,비타겟
90903168,Q1_저가,-0.0228269360132031,0.0046015338809273,False,False,False,비타겟
235370496,Q4_고가,-0.0203770541514232,0.004576005933267,False,False,True,비타겟
1514904320,Q4_고가,0.024283588412222,0.0045748678018129,False,False,True,비타겟
192845824,Q3,-0.0230586985653343,0.0045569222728905,False,False,False,비타겟
190555520,Q4_고가,-0.0139768023095952,0.0045490888401834,False,False,True,비타겟
307071488,Q3,-0.0214691576599773,0.0045335122964906,False,False,False,비타겟
159950080,Q3,-0.0270501510424336,0.0045309839159161,False,False,False,비타겟
350522304,Q4_고가,0.0229087875065459,0.0045177116798778,False,False,False,비타겟
1485182336,Q3,-0.0191899667851414,0.0045114396611334,False,False,False,비타겟
940231040,Q1_저가,-0.0039616838600644,0.0045057964071558,False,False,False,비타겟
1442182528,Q1_저가,0.0019716037045414,0.0044502849639744,False,False,False,비타겟
801242624,Q3,-0.0039301323761493,0.0044286765368208,False,False,False,비타겟
977614592,Q2,-0.0287722669047866,0.0044253925499631,False,False,False,비타겟
1500629824,Q3,0.0015753701790672,0.00440831523983,False,False,False,비타겟
336411136,Q3,0.0193296773589038,0.0044036041411226,False,False,False,비타겟
208276608,Q2,-0.016055014314092,0.0044007631638854,False,False,False,비타겟
296217600,Q4_고가,-0.0321573358286294,0.00438855917099,False,False,True,비타겟
567412608,Q2,0.0047371473299001,0.0043045099806675,False,False,False,비타겟
1484354560,Q4_고가,-0.0285379739157285,0.0042855371933276,False,False,False,비타겟
686235584,Q2,0.0224190613846659,0.0042711456892655,False,False,False,비타겟
1226301888,Q1_저가,-0.0122751877446472,0.0042366741793888,False,False,False,비타겟
769419648,Q2,-0.0317654314351357,0.0042301728234669,False,False,False,비타겟
1328710400,Q1_저가,-0.02170978827033,0.004224009292169,False,False,False,비타겟
744508416,Q4_고가,0.0181341606655786,0.0042144001878968,False,False,False,비타겟
644189760,Q4_고가,0.0299825758748037,0.0042142208631358,False,True,True,비타겟
562173120,Q4_고가,0.0132086251156614,0.0042115436474156,False,False,False,비타겟
574439424,Q1_저가,0.0167524340540468,0.0041852187307702,False,False,False,비타겟
941663872,Q1_저가,0.0201435150178963,0.0041838568259567,False,False,False,비타겟
569413376,Q2,0.0263228634274684,0.0041756950522955,False,False,False,비타겟
77881472,Q4_고가,0.0251471360866897,0.0041721145411495,False,False,False,비타겟
1520288576,Q3,-0.0193426256903917,0.0041333294507112,False,False,False,비타겟
1272532992,Q2,-0.0121800959499202,0.0040997320006018,False,False,False,비타겟
197057088,Q4_고가,0.0275786641618308,0.0040893738690915,False,True,True,비타겟
1245489216,Q3,0.0150831426993686,0.0040748642797638,False,False,False,비타겟
1535752768,Q1_저가,0.0085845033052823,0.0040735000496185,False,False,False,비타겟
836720064,Q4_고가,-0.0357124130026207,0.004068344914085,False,False,True,비타겟
1340104384,Q1_저가,0.0188321571113909,0.0040561314353242,False,False,False,비타겟
127280768,Q4_고가,0.0069924955731307,0.004032367597832,False,False,True,비타겟
672490048,Q3,0.0056566438423888,0.0040309001209576,False,False,False,비타겟
151032000,Q3,0.0259690027968243,0.0040106371345225,False,False,False,비타겟
158350208,Q2,0.0258128603604039,0.0039909507140144,False,False,False,비타겟
740989440,Q3,0.0250189293828125,0.0039909455312502,False,False,False,비타겟
573789824,Q1_저가,-0.0199067559836945,0.0039829748930834,False,False,False,비타겟
1221244288,Q4_고가,-0.0212479654911954,0.0039473361443259,False,False,True,비타겟
66474496,Q4_고가,0.0119491959653194,0.0039340035346699,False,False,True,비타겟
69319744,Q4_고가,-0.0217622785172777,0.0039315217227243,False,False,True,비타겟
53367424,Q4_고가,0.0157050782421628,0.0039200431706898,False,False,True,비타겟
890724096,Q3,0.0119308131475458,0.0038602430781216,False,False,False,비타겟
697972928,Q2,-0.014424700803758,0.0038552396381129,False,False,False,비타겟
780793216,Q4_고가,0.0294832925588202,0.0038224531063872,False,True,True,비타겟
313259392,Q3,-0.0124417196579724,0.0038207798663505,False,False,False,비타겟
759133696,Q1_저가,-0.0120789729722767,0.0038167575888179,False,False,False,비타겟
1458788160,Q4_고가,-0.0240669858852116,0.0038119771363854,False,False,True,비타겟
138910464,Q3,-0.0362494566024751,0.0037532308726211,False,False,False,비타겟
1223530880,Q3,-0.0264937854986466,0.0037461641945013,False,False,False,비타겟
763476736,Q1_저가,-0.0193350766868396,0.0037125837399289,False,False,False,비타겟
1228213568,Q1_저가,-0.0211782532348692,0.0037053296543053,False,False,False,비타겟
1147614912,Q1_저가,-0.019627448422156,0.0036844839161501,False,False,False,비타겟
481724800,Q2,0.0159648745571231,0.0036719993346254,False,False,False,비타겟
718895616,Q1_저가,-0.0092959365851991,0.0036547834344189,False,False,False,비타겟
1511931008,Q1_저가,-0.018185771539443,0.0036350786743208,False,False,False,비타겟
1116751488,Q4_고가,0.0076773882700302,0.0036083243157071,False,False,True,비타겟
1005393344,Q4_고가,-0.0285850883210974,0.0035701645558222,False,False,True,비타겟
1038571200,Q1_저가,-0.01754710155537,0.003517775075376,False,False,False,비타겟
747249728,Q4_고가,0.0238440587485815,0.0035111617016301,False,False,False,비타겟
1049686784,Q3,0.0158629231107418,0.0034756747025831,False,False,False,비타겟
684127168,Q2,-0.0047490589779582,0.0034702556744743,False,False,False,비타겟
1015525248,Q1_저가,-0.0164185457006593,0.003460883455204,False,False,False,비타겟
1053400640,Q4_고가,-0.0147210043236764,0.0034364227049974,False,False,True,비타겟
798510592,Q4_고가,0.0027762424871662,0.0034242446446014,False,False,False,비타겟
780219712,Q3,0.0177476925700994,0.0034052294784555,False,False,False,비타겟
930518592,Q2,0.0166962786076355,0.0033456935073341,False,False,False,비타겟
252699968,Q4_고가,-0.018424358328494,0.0033442198609598,False,False,True,비타겟
976337664,Q2,-0.0092483137284465,0.0032978646416188,False,False,False,비타겟
1202006848,Q4_고가,-0.0009913354367163,0.0032864791342039,False,False,False,비타겟
354438464,Q1_저가,-0.0226575356913181,0.0032718047960635,False,False,False,비타겟
1497849536,Q1_저가,-0.0222318952783564,0.0032645918432919,False,False,False,비타겟
1055369856,Q4_고가,-0.0214284222306648,0.0032415622844278,False,False,True,비타겟
1515466688,Q3,0.0249613058416291,0.0032409594237094,False,False,False,비타겟
745768640,Q3,-0.0123858667197038,0.0032378803205079,False,False,False,비타겟
1149881088,Q3,0.0247229097261998,0.0032120529882854,False,False,False,비타겟
1356906752,Q2,0.0162002957805128,0.0032112704152694,False,False,False,비타겟
377605056,Q2,0.0211811088531864,0.0031937217178628,False,False,False,비타겟
1383967232,Q1_저가,-0.0132305063607519,0.0031893149445757,False,False,False,비타겟
413037952,Q4_고가,0.016411188887214,0.0031828944502158,False,False,False,비타겟
710614144,Q3,-0.0149203649846299,0.0031751047331868,False,False,False,비타겟
441980416,Q2,-0.0083535858915551,0.0031172317170241,False,False,False,비타겟
946090432,Q4_고가,-0.0299728079782101,0.0031082297414774,False,False,True,비타겟
1328363328,Q3,0.0137126238155417,0.0031067958831677,False,False,False,비타겟
1336479616,Q1_저가,-0.0305011347273205,0.0031018253984431,False,False,False,비타겟
49035520,Q3,-0.0111284232877998,0.0030545003041017,False,False,False,비타겟
1320735168,Q1_저가,-0.005904530526199,0.0030451773910934,False,False,False,비타겟
235238720,Q4_고가,0.0159614888325843,0.0030442171999039,False,False,False,비타겟
1440625344,Q3,0.0182191590513561,0.0030342045940902,False,False,False,비타겟
823793024,Q3,-0.0376485219419839,0.0030327157863285,False,False,False,비타겟
573336960,Q1_저가,0.0148429509150203,0.0030009511236897,False,False,False,비타겟
691126144,Q4_고가,-0.0200855256985928,0.0029911743528852,False,False,True,비타겟
1140367232,Q2,-0.0201209023355285,0.0029852721842246,False,False,False,비타겟
156813440,Q4_고가,-0.011523426622378,0.002984491236674,False,False,True,비타겟
762352000,Q4_고가,-0.0010373158045085,0.0029748555613191,False,False,False,비타겟
939939648,Q3,-0.0202358736225112,0.0029574330657818,False,False,False,비타겟
971673536,Q3,0.0170130374760769,0.0029574138474343,False,False,False,비타겟
858882560,Q2,0.0075093737688373,0.0029164044679819,False,False,False,비타겟
1198445184,Q2,-0.0278236376413497,0.0029122052248038,False,False,False,비타겟
817517888,Q3,-0.0071977430240075,0.0028707505095993,False,False,False,비타겟
1402586624,Q2,-0.0200776371714131,0.0028565953546674,False,False,False,비타겟
116434304,Q3,-0.0209923024430932,0.002845492266167,False,False,False,비타겟
99995712,Q4_고가,0.0233041929963416,0.0028358275044916,False,False,True,비타겟
952274624,Q2,0.0163340503182443,0.0027991690296854,False,False,False,비타겟
666086848,Q1_저가,0.0090525741624406,0.0027687780894777,False,False,False,비타겟
375969920,Q3,-0.0265602927930332,0.0027680516274742,False,False,False,비타겟
1017553856,Q3,-0.0323518094867441,0.0027551870259097,False,False,False,비타겟
735599616,Q3,-0.0151516225399942,0.0027470240679029,False,False,False,비타겟
104355456,Q4_고가,-0.0099382564737182,0.0027221104401779,False,False,True,비타겟
82428672,Q3,-0.0126366238548905,0.0026798003424236,False,False,False,비타겟
1085717312,Q4_고가,-0.0215326622317913,0.0026762703897462,False,False,True,비타겟
639109888,Q3,0.0151289968582355,0.0026650954091084,False,False,False,비타겟
83670336,Q4_고가,-0.0030038446548578,0.002658865142085,False,False,True,비타겟
1389832192,Q2,-0.0197851580116801,0.002650487249892,False,False,False,비타겟
745293504,Q2,0.0034700466396587,0.0026372367178318,False,False,False,비타겟
1124940160,Q3,-0.0237314127788689,0.0026370592206736,False,False,False,비타겟
686849920,Q3,-0.0417375350157713,0.0026249051722647,False,False,False,비타겟
1126122432,Q1_저가,-0.0246068289461187,0.0026229795585191,False,False,False,비타겟
142544512,Q2,0.0262719858333022,0.002574610571759,False,False,False,비타겟
618756992,Q1_저가,-0.0163188571099339,0.0025701528013438,False,False,False,비타겟
1002182464,Q1_저가,0.0154722157933003,0.0025700148166303,False,False,False,비타겟
595551424,Q2,0.0203084332821271,0.002564591400237,False,False,False,비타겟
877346048,Q1_저가,-0.0315480905648298,0.0025551937749302,False,False,False,비타겟
340184384,Q4_고가,0.0105475315161278,0.0025321028876534,False,False,False,비타겟
1388744576,Q2,-0.0198517588480588,0.0025186427452098,False,False,False,비타겟
1468569280,Q4_고가,0.0028081921477915,0.0024791319020477,False,False,True,비타겟
291074624,Q2,0.0162718701851712,0.0024688465769939,False,False,False,비타겟
293526400,Q3,-0.0306302277947885,0.0024312435461238,False,False,False,비타겟
410795904,Q1_저가,-0.0249042028459045,0.0024275536304986,False,False,False,비타겟
1018630336,Q2,-0.0033364209409279,0.0023919407909162,False,False,False,비타겟
1483717952,Q3,0.0079299767651989,0.0023877428967327,False,False,False,비타겟
1613005056,Q4_고가,-0.0212932905405068,0.002380875930786,False,False,True,비타겟
1026819008,Q3,-0.0257978652518382,0.0023541223060339,False,False,False,비타겟
918304256,Q4_고가,-0.0218327830934345,0.0023539028151016,False,False,True,비타겟
771051072,Q1_저가,-0.0218711177772478,0.0023503032569223,False,False,False,비타겟
629080064,Q2,0.0142425888538877,0.0023262155025056,False,False,False,비타겟
1605182016,Q4_고가,-0.0143368714838555,0.0023218385553811,False,False,True,비타겟
437884224,Q3,-0.0298445382755893,0.0023084202509413,False,False,False,비타겟
1284589568,Q4_고가,0.0306526022379706,0.0023017506205079,False,True,True,비타겟
272832000,Q1_저가,-0.0203704821946196,0.0022394044534149,False,False,False,비타겟
60314432,Q4_고가,0.0132249134672085,0.0022142814967123,False,False,False,비타겟
174684864,Q2,0.0159292880771672,0.0022138461401227,False,False,False,비타겟
500800768,Q3,0.0040812936058177,0.0022060243329715,False,False,False,비타겟
746303168,Q2,-0.007742861084395,0.0021964252475016,False,False,False,비타겟
1178747456,Q2,-0.0197819064812758,0.0021869181370631,False,False,False,비타겟
612244288,Q3,-0.0266494253284615,0.0021811234901433,False,False,False,비타겟
632903424,Q2,0.0166269133741738,0.0021735087111103,False,False,False,비타겟
790704256,Q4_고가,0.0248017292364749,0.0021588839291002,False,False,True,비타겟
898534144,Q2,-0.0196958995764922,0.0021588133406104,False,False,False,비타겟
1270051520,Q4_고가,0.0224583749065973,0.0021574046715823,False,False,False,비타겟
1203150144,Q4_고가,-0.0196786675221468,0.0021190677176205,False,False,True,비타겟
1246355968,Q2,-0.0202296090215447,0.0021079086939837,False,False,False,비타겟
68976384,Q4_고가,0.0256901212335701,0.0021037519989678,False,False,False,비타겟
744090816,Q1_저가,-0.0170761454705684,0.0021029801804886,False,False,False,비타겟
1548947072,Q4_고가,0.011149776327214,0.0020932743372075,False,False,True,비타겟
836356288,Q2,-0.0208416334939933,0.0020894475697336,False,False,False,비타겟
1385205184,Q1_저가,0.0059925008806815,0.0020882130929421,False,False,False,비타겟
1466973120,Q3,-0.023049355013987,0.0020879850273963,False,False,False,비타겟
1171297472,Q2,-0.0183299578056572,0.0020736469696263,False,False,False,비타겟
747205184,Q3,0.0149343711935859,0.0020666886239097,False,False,False,비타겟
1282575808,Q1_저가,-0.0258901979595888,0.0020658592695069,False,False,False,비타겟
351795520,Q4_고가,0.0119759031455147,0.0020650430773375,False,False,True,비타겟
232105792,Q3,0.0113437004697339,0.0019931215723755,False,False,False,비타겟
1584142400,Q4_고가,-0.0137450889227114,0.0019914355671044,False,False,True,비타겟
53844416,Q4_고가,0.0091599794170001,0.0019805193229971,False,False,False,비타겟
1395487424,Q4_고가,-0.0174963663376652,0.0019796160493178,False,False,True,비타겟
1133136256,Q1_저가,-0.018294989800903,0.0019623436827717,False,False,False,비타겟
162340608,Q1_저가,0.0013803710483173,0.0019613893975894,False,False,False,비타겟
1139758464,Q2,0.0253988880899776,0.0019577145491466,False,False,False,비타겟
1225657856,Q3,-0.0190587139586997,0.00189728836523,False,False,False,비타겟
402215616,Q3,0.0121509221396692,0.0018967083572507,False,False,False,비타겟
871863424,Q3,-0.0187508878787409,0.0018808669374741,False,False,False,비타겟
612316672,Q3,0.0004204437083998,0.0018494591199661,False,False,False,비타겟
1487309312,Q3,-0.0206367030126154,0.0018160444631872,False,False,False,비타겟
1341455552,Q4_고가,0.024374316120644,0.0018159105374538,False,False,True,비타겟
159127872,Q1_저가,-0.0291822632001619,0.0018110120508695,False,False,False,비타겟
678733632,Q2,0.014928880920163,0.0018016522715199,False,False,False,비타겟
515116096,Q1_저가,-0.0184836805205549,0.0017974065171543,False,False,False,비타겟
1518727680,Q3,-0.0220394386420895,0.0017749812978875,False,False,False,비타겟
391003520,Q4_고가,0.0104804218002459,0.0017211498716317,False,False,False,비타겟
1270719680,Q2,0.0138189270509437,0.0016812486498344,False,False,False,비타겟
202135104,Q4_고가,0.0165280569917462,0.001673529135809,False,False,False,비타겟
461737536,Q4_고가,0.0321328974549188,0.0016272141574615,False,True,True,비타겟
305644224,Q2,-0.0251929456564935,0.0016261833842863,False,False,False,비타겟
1271816576,Q4_고가,0.0190838074564534,0.0016163764531827,False,False,False,비타겟
1095498432,Q1_저가,-0.0205803883661616,0.001612480787369,False,False,False,비타겟
784104320,Q4_고가,0.0129516477347804,0.0016109639175677,False,False,False,비타겟
101554752,Q2,-0.0144612782637407,0.001590887185306,False,False,False,비타겟
65527936,Q4_고가,-0.0152987305552439,0.0015881507714359,False,False,True,비타겟
1494761152,Q2,-0.0190078230234204,0.0015794314148865,False,False,False,비타겟
114658112,Q4_고가,0.0193553976249675,0.0015600277828197,False,False,False,비타겟
1484510464,Q1_저가,-0.0210825718157748,0.001531674866445,False,False,False,비타겟
1182648768,Q3,0.0238925125964313,0.0014718170409038,False,False,False,비타겟
166945344,Q4_고가,0.0200739573986308,0.0014303358156546,False,False,False,비타겟
742468672,Q3,-0.0334662440012521,0.0014293309750109,False,False,False,비타겟
103705856,Q1_저가,-0.0170311447093874,0.0013868969625436,False,False,False,비타겟
963119232,Q2,0.008841430161509,0.0013729526255243,False,False,False,비타겟
1040081984,Q3,0.0111702363568502,0.0013520590518993,False,False,False,비타겟
1622071616,Q2,0.007037464275061,0.0013426891535346,False,False,False,비타겟
977733376,Q2,-0.0170553022904189,0.0013132291855465,False,False,False,비타겟
744966848,Q1_저가,-0.0226712611520258,0.0013036303287739,False,False,False,비타겟
517803584,Q1_저가,-0.016122978231478,0.0012967006298933,False,False,False,비타겟
1054163456,Q3,-0.0357114619358578,0.0012946101405737,False,False,False,비타겟
342578624,Q4_고가,0.0135096950352867,0.0012922209501865,False,False,True,비타겟
353016768,Q4_고가,0.0195160667167266,0.0012768751877763,False,False,False,비타겟
763955584,Q1_저가,-0.0073157614157199,0.0012527346067604,False,False,False,비타겟
746572288,Q4_고가,-0.014419430494246,0.0012463978681675,False,False,True,비타겟
839357440,Q4_고가,0.00915376958426,0.001219114627553,False,False,False,비타겟
1315289664,Q4_고가,0.0251017140060804,0.0011858648047277,False,False,True,비타겟
1168363136,Q4_고가,0.0243743806300119,0.0011839477665783,False,False,True,비타겟
1200033920,Q2,-0.0240148828795712,0.0011723873793592,False,False,False,비타겟
479200640,Q2,-0.0312763803898809,0.0011639440901247,False,False,False,비타겟
1234074816,Q1_저가,-0.0208515570071972,0.0011433774645951,False,False,False,비타겟
838676288,Q4_고가,0.0168429298314484,0.0011327133118201,False,False,False,비타겟
1444036672,Q4_고가,-0.0115804702297158,0.0010954240102038,False,False,True,비타겟
118717184,Q4_고가,-0.0237219510061099,0.0010661146717292,False,False,True,비타겟
396788672,Q3,0.0108111347989021,0.0010298984736323,False,False,False,비타겟
150081728,Q4_고가,0.0188722369022652,0.0010257742966958,False,False,False,비타겟
1121718144,Q3,-0.0148246061957266,0.0010235694416107,False,False,False,비타겟
1322453824,Q4_고가,-0.0141305978248492,0.0009997986987037,False,False,True,비타겟
272369856,Q2,0.0088746486771792,0.0009850933480488,False,False,False,비타겟
1257948544,Q1_저가,0.0030599997080446,0.0009487822817155,False,False,False,비타겟
518167360,Q1_저가,-0.0061991649792756,0.0009374855767529,False,False,False,비타겟
1084839424,Q3,-0.0156280364619286,0.0009087725104421,False,False,False,비타겟
311709632,Q3,0.0124243586395198,0.0008775337632531,False,False,False,비타겟
322494848,Q4_고가,0.046346344562641,0.0008759775201931,False,True,True,비타겟
118828544,Q4_고가,-0.013675212309286,0.0008737124775426,False,False,True,비타겟
157372096,Q4_고가,-0.019285013432858,0.0008638474786702,False,False,False,비타겟
390882880,Q3,0.0128275042253707,0.00085453038333,False,False,False,비타겟
762107008,Q2,-0.0236438195793197,0.0008393632736138,False,False,False,비타겟
62341184,Q4_고가,0.0195666287820923,0.0008086742648562,False,False,False,비타겟
98258496,Q3,0.0181051721971204,0.000808217066093,False,False,False,비타겟
770700288,Q1_저가,-0.01042975000576,0.0007990101024645,False,False,False,비타겟
1419671104,Q2,-0.0200011522568626,0.0007771400555036,False,False,False,비타겟
1572926592,Q4_고가,-0.0214589511651197,0.000774245413721,False,False,True,비타겟
309868480,Q3,0.0024235557999872,0.0006842377490509,False,False,False,비타겟
951836608,Q2,-0.011207100042511,0.0006582353018285,False,False,False,비타겟
440614400,Q3,-0.0258715048607915,0.0006341968454657,False,False,False,비타겟
93284416,Q4_고가,-0.0150358852357746,0.000623100353942,False,False,True,비타겟
1452332992,Q2,-1.986128996656067e-05,0.0005757101493335,False,False,False,비타겟
477428160,Q1_저가,0.0231997217036169,0.0005507518378545,False,False,False,비타겟
480780096,Q4_고가,0.152670976527345,0.0004827866045619,False,True,True,비타겟
1334848192,Q4_고가,-0.0129845073947728,0.0004718529707177,False,False,True,비타겟
246287488,Q4_고가,0.0159700050704671,0.0004344261065464,False,False,False,비타겟
1065995456,Q2,-0.0210227599992915,0.0004029239406158,False,False,False,비타겟
1463546944,Q2,-0.0002351978989656,0.0003998799581582,False,False,False,비타겟
1523195072,Q2,0.0245908168566403,0.0003668119937911,False,False,False,비타겟
1600642240,Q4_고가,-0.0221834559587286,0.0003558241237185,False,False,True,비타겟
67634496,Q4_고가,-0.015753768907511,0.0003423362645824,False,False,True,비타겟
403342208,Q3,0.0172165872996016,0.0003278676413633,False,False,False,비타겟
551588352,Q3,0.0096195142807243,0.0003119127308442,False,False,False,비타겟
463613952,Q3,-0.0365889172231879,0.0003118474044114,False,False,False,비타겟
733385408,Q2,-0.0075465300260252,0.0003071708675887,False,False,False,비타겟
602233024,Q3,0.0122534972701934,0.0002758593919282,False,False,False,비타겟
1027535424,Q2,0.0162143736410624,0.000241394134372,False,False,False,비타겟
1211004736,Q2,-0.0231267207619936,0.0002401983424226,False,False,False,비타겟
1177580032,Q2,0.0140137968656554,0.0002366760110815,False,False,False,비타겟
1226884672,Q4_고가,-0.0224450281246109,0.0002111131777928,False,False,True,비타겟
59709376,Q3,-0.0200353219140169,0.0002100875423597,False,False,False,비타겟
264942144,Q2,0.0237194634436587,0.0001959903756381,False,False,False,비타겟
992468160,Q4_고가,-0.0025104256068396,0.0001637371647217,False,False,False,비타겟
150048320,Q1_저가,0.0153662480666583,0.0001609603625508,False,False,False,비타겟
827076288,Q2,0.009613089339779,0.0001475149881334,False,False,False,비타겟
966473024,Q1_저가,-0.002574066961911,0.0001416200614217,False,False,False,비타겟
651472704,Q1_저가,-0.0071498957177117,0.0001411097924993,False,False,False,비타겟
635076800,Q4_고가,0.0112105294404503,0.0001361011392309,False,False,True,비타겟
725291392,Q3,0.0180918132640885,0.0001224104462735,False,False,False,비타겟
1440545536,Q1_저가,-0.0264654927210094,8.74437497991043e-05,False,False,False,비타겟
730035328,Q2,0.0085512704366468,5.983627860450813e-05,False,False,False,비타겟
1179844352,Q2,0.0123306815513847,3.0949818117465e-05,False,False,False,비타겟
1533260160,Q2,-0.0274595064757967,-3.937782619115038e-05,False,False,False,비타겟
1450592064,Q4_고가,0.0164379414286278,-4.20828776431792e-05,False,False,False,비타겟
1164751360,Q2,-0.0124622475484953,-4.589164859650219e-05,False,False,False,비타겟
837796544,Q3,0.0175794297477541,-4.657079936021269e-05,False,False,False,비타겟
1313988608,Q3,-0.0324440419423566,-5.000839892541076e-05,False,False,False,비타겟
1147585216,Q3,-0.0317389104284784,-5.004077381748351e-05,False,False,False,비타겟
697726080,Q1_저가,-0.0232029127600087,-6.987747618772411e-05,False,False,False,비타겟
836471360,Q1_저가,-0.0306101001156544,-7.888478730860848e-05,False,False,False,비타겟
1281460352,Q1_저가,0.0055980136931199,-0.0001285397185849,False,False,False,비타겟
643297024,Q3,-0.0014528185999804,-0.000130750182444,False,False,False,비타겟
26676288,Q3,0.0030518958084776,-0.0001449806909025,False,False,False,비타겟
769286016,Q1_저가,-0.0195952036522145,-0.0001498932744516,False,False,False,비타겟
1302097216,Q1_저가,-0.0158169410561846,-0.0001837702458421,False,False,False,비타겟
1514560960,Q4_고가,-0.0119085529683612,-0.0001940456547848,False,False,True,비타겟
1383280512,Q2,-0.0187221529637851,-0.0002067126241844,False,False,False,비타겟
443533888,Q3,0.01889875309049,-0.0002139902882629,False,False,False,비타겟
896926848,Q3,0.0188087944811828,-0.0002337620494626,False,False,False,비타겟
605471744,Q3,0.0147959513509454,-0.0002382264914255,False,False,False,비타겟
999264832,Q2,-0.0034286484847947,-0.0002423938024898,False,False,False,비타겟
765644544,Q2,0.0166270012235363,-0.0002505099652663,False,False,False,비타겟
936723200,Q4_고가,0.0211253905409869,-0.0002606004432614,False,False,False,비타겟
357357952,Q3,0.0094079576293678,-0.0002660752823058,False,False,False,비타겟
1352801280,Q2,0.0066063323731107,-0.0002908707080152,False,False,False,비타겟
450831680,Q1_저가,-0.0043482755384952,-0.0003180293372024,False,False,False,비타겟
883387328,Q3,-0.0246735493549868,-0.0003593115142557,False,False,False,비타겟
1015011136,Q3,0.0254037855548202,-0.0003814256859933,False,False,False,비타겟
153747328,Q4_고가,0.0103848558610136,-0.0003885284620543,False,False,True,비타겟
1433308992,Q4_고가,-0.0206879689797423,-0.0004028947472409,False,False,True,비타겟
1024695744,Q2,0.0190881742048101,-0.0004134644898756,False,False,False,비타겟
1340139648,Q2,0.0120482423930793,-0.0004148023935104,False,False,False,비타겟
886566656,Q4_고가,-0.0037949417060392,-0.0004178395265327,False,False,True,비타겟
609278400,Q1_저가,-0.0244100341770131,-0.000422106592738,False,False,False,비타겟
676840512,Q3,-0.0273483904183755,-0.0004270730755654,False,False,False,비타겟
641077248,Q2,-0.025134683890515,-0.0004277290043508,False,False,False,비타겟
777051520,Q4_고가,-0.0210983524950348,-0.0004338177744553,False,False,True,비타겟
848114048,Q4_고가,0.0354335539791655,-0.000450262289887,False,True,True,비타겟
831345088,Q4_고가,-0.0067432967169222,-0.0004516511429017,False,False,True,비타겟
1565649216,Q4_고가,0.0165421481925046,-0.0004927976439649,False,False,False,비타겟
1136709056,Q4_고가,0.0372943871256167,-0.0005026212758788,False,True,True,비타겟
1029320896,Q1_저가,-0.0155892204021755,-0.0005914487061885,False,False,False,비타겟
473961152,Q4_고가,0.0247043263910419,-0.0005966651122331,False,False,False,비타겟
1520052864,Q3,0.0018470896966815,-0.0006459546745498,False,False,False,비타겟
947220736,Q2,0.0054928693885301,-0.0006562451001594,False,False,False,비타겟
202981440,Q1_저가,-0.0083412274343118,-0.0006618656611816,False,False,False,비타겟
1515615168,Q1_저가,-0.0084229928688893,-0.0007043632725523,False,False,False,비타겟
792168640,Q1_저가,-0.027312646810687,-0.0007051703622061,False,False,False,비타겟
1629321152,Q1_저가,-0.0030185241880028,-0.0007096542872143,False,False,False,비타겟
801699200,Q3,-0.0320043075654142,-0.0007158689523574,False,False,False,비타겟
1398312256,Q2,0.0158207320689214,-0.0007368449440572,False,False,False,비타겟
234212352,Q2,-0.0315121895958568,-0.0008011778841035,False,False,False,비타겟
708869504,Q2,-0.0063563251894534,-0.0009116714198261,False,False,False,비타겟
836788736,Q2,-0.0180959512788759,-0.0009153960289182,False,False,False,비타겟
87476992,Q2,-0.018110417176566,-0.0009228376102108,False,False,False,비타겟
1088904064,Q4_고가,0.0102619762265226,-0.0009286985768098,False,False,False,비타겟
973167616,Q1_저가,-0.0158865614398983,-0.0009415580385587,False,False,False,비타겟
1434339072,Q3,-0.0322201848251821,-0.0009489384271874,False,False,False,비타겟
1456813376,Q2,-0.0187317029669773,-0.000953461943719,False,False,False,비타겟
1353736704,Q1_저가,0.0035571363670496,-0.0009683005430284,False,False,False,비타겟
775321728,Q2,0.021216616841128,-0.0009817266034676,False,False,False,비타겟
1543880192,Q1_저가,-0.0230063867436517,-0.0009955394993885,False,False,False,비타겟
869563840,Q3,-0.0115764432870658,-0.0010197452162502,False,False,False,비타겟
590636736,Q4_고가,-0.0235683466577866,-0.0010325921550222,False,False,False,비타겟
415634496,Q3,0.0158356744615538,-0.0010377645800692,False,False,False,비타겟
1186414592,Q4_고가,0.0123056653829332,-0.0010667886266059,False,False,False,비타겟
756847104,Q1_저가,0.0078725556149099,-0.0010683265508758,False,False,False,비타겟
1116666112,Q3,0.0180253576108434,-0.0010954779115027,False,False,False,비타겟
23485824,Q2,-0.0340991401646659,-0.0011545159454962,False,False,False,비타겟
1305439872,Q3,-0.0370029882653633,-0.001177231688962,False,False,False,비타겟
1120996160,Q3,0.0180988982323851,-0.0012179107345234,False,False,False,비타겟
442509376,Q4_고가,-0.0280184202118384,-0.0012216191750158,False,False,True,비타겟
589963008,Q1_저가,-0.0264018543000797,-0.0012603298000894,False,False,False,비타겟
1043647360,Q3,0.0251923097777785,-0.0012675919156638,False,False,False,비타겟
846870528,Q2,0.0073320097164705,-0.0012699751389733,False,False,False,비타겟
638573504,Q4_고가,-0.0278948471484683,-0.0012920845547128,False,False,True,비타겟
109309120,Q3,0.0162833445753814,-0.0012983062222039,False,False,False,비타겟
602307264,Q1_저가,0.0167536582229646,-0.0013050700619845,False,False,False,비타겟
762442944,Q4_고가,0.0149722211805296,-0.0013096762557841,False,False,True,비타겟
1032255232,Q3,-0.0178871525026795,-0.0013164626419959,False,False,False,비타겟
1640149056,Q2,0.0150237693213501,-0.0013215579523633,False,False,False,비타겟
1214941312,Q1_저가,-0.0082193126777072,-0.001326790114256,False,False,False,비타겟
698115840,Q4_고가,0.038443389276347,-0.0013346104397952,False,True,True,비타겟
1231958976,Q2,0.0161079652902511,-0.0013647333254952,False,False,False,비타겟
928476992,Q1_저가,-0.0153617122685785,-0.0014009478744552,False,False,False,비타겟
695511872,Q1_저가,-0.0161447415862886,-0.0014061450606834,False,False,False,비타겟
148424320,Q4_고가,0.0144042060963885,-0.001409900617552,False,False,True,비타겟
299400640,Q4_고가,0.0162660961335441,-0.0014252738650549,False,False,True,비타겟
901796992,Q1_저가,-0.0172545260435227,-0.0014254127563409,False,False,False,비타겟
1315122624,Q2,0.0069500108959681,-0.0014391030469949,False,False,False,비타겟
1239449792,Q4_고가,0.015195022142283,-0.0014528151397225,False,False,False,비타겟
203590208,Q4_고가,0.0126169071434529,-0.0014687477936839,False,False,False,비타겟
606854464,Q3,0.0214517252418122,-0.0014880217313815,False,False,False,비타겟
600334336,Q2,0.0239105242526398,-0.0014924161415021,False,False,False,비타겟
1553817216,Q4_고가,-0.00991121195035,-0.0015057748217793,False,False,True,비타겟
1366949568,Q4_고가,-0.021375249058457,-0.001516412885673,False,False,True,비타겟
1571226496,Q1_저가,-0.0251857891358033,-0.0015297187269535,False,False,False,비타겟
1605651584,Q2,-0.0020239412104925,-0.0015454491683522,False,False,False,비타겟
605683328,Q4_고가,0.015892474013613,-0.0015692598644653,False,False,False,비타겟
1074546048,Q1_저가,-0.0216418957172031,-0.0015700716020149,False,False,False,비타겟
1452709760,Q3,0.0151513061595459,-0.0015852636056951,False,False,False,비타겟
1028053248,Q3,-0.0258325410711072,-0.0015861549036682,False,False,False,비타겟
349364160,Q3,0.016718777936896,-0.0015972501759251,False,False,False,비타겟
97553216,Q3,-0.0134040927804169,-0.0015981492630545,False,False,False,비타겟
1347530240,Q4_고가,-0.0152225662220787,-0.0016136988563706,False,False,True,비타겟
898649216,Q3,-0.0279124387885705,-0.0016146442310252,False,False,False,비타겟
381240960,Q2,-0.0191530385755858,-0.0016271770668412,False,False,False,비타겟
700985216,Q3,0.0137100234881551,-0.0016349504036208,False,False,False,비타겟
1335820736,Q1_저가,-0.015839324311299,-0.0016832133915017,False,False,False,비타겟
543325440,Q4_고가,-0.0215230252704863,-0.0016835553156227,False,False,True,비타겟
672877952,Q3,-0.0186490609519517,-0.0016874427327257,False,False,False,비타겟
1043079424,Q3,0.0133971366659965,-0.0016975177808514,False,False,False,비타겟
1033962752,Q3,0.0039617341223969,-0.0017042629126557,False,False,False,비타겟
372838848,Q2,-0.0173072332679829,-0.0017269912598472,False,False,False,비타겟
848264384,Q4_고가,0.0176236637175879,-0.0017329693277216,False,False,False,비타겟
667206016,Q4_고가,-0.029827612861529,-0.0017555970356465,False,False,True,비타겟
803143168,Q3,0.0143041186932801,-0.0018133474523304,False,False,False,비타겟
1599257664,Q1_저가,-0.0277970835194678,-0.0018286342308569,False,False,False,비타겟
58484416,Q4_고가,0.0124011283348584,-0.0018387562116592,False,False,True,비타겟
467765824,Q3,0.0087653747304004,-0.001841939828248,False,False,False,비타겟
328656768,Q1_저가,0.0226437541257466,-0.0018505350368415,False,False,False,비타겟
77062976,Q2,-0.0164034104919664,-0.0018536494198618,False,False,False,비타겟
1283151168,Q3,0.0217493866081499,-0.0018544888721325,False,False,False,비타겟
186468608,Q2,0.0207545989496221,-0.0018551854957191,False,False,False,비타겟
1502103488,Q3,0.0144593213721117,-0.0018562901778349,False,False,False,비타겟
267100672,Q3,0.0116038683594086,-0.0018635828193939,False,False,False,비타겟
1390851136,Q4_고가,0.0107633081425086,-0.001888134727071,False,False,False,비타겟
1110992320,Q2,0.0124857487190674,-0.0018961851267943,False,False,False,비타겟
829795328,Q3,0.0121337980825368,-0.0019144443588042,False,False,False,비타겟
679249600,Q4_고가,-0.0212850421939619,-0.0019706770230453,False,False,True,비타겟
982427200,Q1_저가,-0.0184611022631546,-0.0019736792878667,False,False,False,비타겟
609753536,Q3,0.0100668764149473,-0.001984294668431,False,False,False,비타겟
1254702400,Q2,-0.0186686198960043,-0.0019935425566876,False,False,False,비타겟
1057619328,Q4_고가,0.0147183435132983,-0.0020020767667122,False,False,True,비타겟
483484288,Q3,0.0144659095449526,-0.0020141410678589,False,False,False,비타겟
174603200,Q1_저가,-0.0171304965927057,-0.0020180968342491,False,False,False,비타겟
1048925824,Q3,-0.0063325009960326,-0.0020523017205395,False,False,False,비타겟
1466819072,Q2,-0.0152249567627912,-0.002089989752725,False,False,False,비타겟
929698240,Q2,-0.0205203929954763,-0.0020937103099982,False,False,False,비타겟
1533094976,Q1_저가,-0.012749178021153,-0.0021067831788935,False,False,False,비타겟
124632256,Q2,0.014334292098192,-0.0021799663482999,False,False,False,비타겟
786634048,Q3,-0.0277599513378679,-0.0021819397708335,False,False,False,비타겟
186528000,Q4_고가,0.0160569360063765,-0.0021864660997353,False,False,False,비타겟
1363824064,Q1_저가,-0.0018320076749986,-0.0022212458774233,False,False,False,비타겟
567180608,Q2,0.0230860197391682,-0.0022237707485698,False,False,False,비타겟
440675648,Q1_저가,0.0076680945047353,-0.0022503320926892,False,False,False,비타겟
705305984,Q1_저가,-0.0147177263617117,-0.0022605996278896,False,False,False,비타겟
1213072320,Q1_저가,-0.0055996203438515,-0.002261963699989,False,False,False,비타겟
1032466816,Q3,-0.0211782544264337,-0.0023141641588751,False,False,False,비타겟
1576306368,Q1_저가,-0.0145011223853099,-0.0023206708329434,False,False,False,비타겟
571943104,Q3,-0.0039771364640356,-0.0023496861263291,False,False,False,비타겟
1503497344,Q3,-0.0027357165086948,-0.0023773405381672,False,False,False,비타겟
1547451136,Q3,0.0048575550791055,-0.0024117783644617,False,False,False,비타겟
1164719808,Q2,-0.001448244689624,-0.0024124413762456,False,False,False,비타겟
1487847552,Q2,-0.0307171239836675,-0.0024255191434184,False,False,False,비타겟
861406720,Q4_고가,-0.0310868785081918,-0.0024739422955126,False,False,True,비타겟
185217664,Q3,0.0219408337639811,-0.0024751496307059,False,False,False,비타겟
434578688,Q4_고가,0.0136401417774706,-0.0024905879437068,False,False,True,비타겟
874665984,Q2,0.0146301017198665,-0.002505638952414,False,False,False,비타겟
387725824,Q2,0.0257689710391425,-0.0025137200719359,False,False,False,비타겟
558975232,Q4_고가,0.0027542731246961,-0.0025179039901174,False,False,False,비타겟
761776640,Q3,-0.0474058078244127,-0.0025278719709206,False,False,False,비타겟
137557440,Q1_저가,-0.021240411807566,-0.002533047697829,False,False,False,비타겟
1267761216,Q3,0.009433860304476,-0.0025374939566028,False,False,False,비타겟
781190400,Q4_고가,0.0216066176428182,-0.002542293758977,False,False,True,비타겟
242968960,Q3,-0.0310423615541776,-0.002547167741797,False,False,False,비타겟
662486208,Q1_저가,-0.0032047332889331,-0.0025540107567467,False,False,False,비타겟
207489664,Q2,0.0090070471099786,-0.002561543288663,False,False,False,비타겟
743240768,Q1_저가,-0.0085552522590338,-0.0025791798301507,False,False,False,비타겟
763549120,Q3,0.0173203125130482,-0.0026010627681194,False,False,False,비타겟
941799360,Q4_고가,-0.012919587831966,-0.0026123349174659,False,False,True,비타겟
943250752,Q2,-0.019562064402262,-0.0026226190645522,False,False,False,비타겟
603253824,Q4_고가,-0.0266243944852062,-0.0026461085048371,False,False,True,비타겟
897388992,Q4_고가,0.0114310313561577,-0.0026545211228737,False,False,True,비타겟
1127956160,Q1_저가,-0.0143137570921047,-0.0026757253759972,False,False,False,비타겟
1438451968,Q4_고가,0.0210537519625133,-0.0026987269514899,False,False,True,비타겟
1030087424,Q2,-0.0195525960578277,-0.0027198764227259,False,False,False,비타겟
1110819712,Q3,0.0166433038844359,-0.0027218765278707,False,False,False,비타겟
1026846848,Q4_고가,-0.0185270228132746,-0.0027275748181345,False,False,False,비타겟
1524401472,Q1_저가,-0.0058781673368414,-0.0027373476264244,False,False,False,비타겟
764714688,Q4_고가,0.0111809261654411,-0.0027839609308443,False,False,True,비타겟
1509893120,Q3,0.008609854379777,-0.0028076267918822,False,False,False,비타겟
1124082688,Q3,0.0152909838972964,-0.002830342528196,False,False,False,비타겟
303155328,Q4_고가,0.0160264265782233,-0.0028849343220834,False,False,True,비타겟
37584000,Q3,0.0182691175203622,-0.0029312386110936,False,False,False,비타겟
759699776,Q2,-0.0186381497200719,-0.0029609909555431,False,False,False,비타겟
889491712,Q1_저가,-0.0178890794412388,-0.0030207771723531,False,False,False,비타겟
744434176,Q2,-0.0184692085560228,-0.0030267770427886,False,False,False,비타겟
749140992,Q2,-0.0266230745597769,-0.0030456332753465,False,False,False,비타겟
769319424,Q3,-0.0197539678818791,-0.0030503763984426,False,False,False,비타겟
772307584,Q3,0.018743440956934,-0.0030760950574698,False,False,False,비타겟
1492541376,Q3,-0.0053827173476111,-0.0030788209963266,False,False,False,비타겟
721443904,Q1_저가,-0.0151729819889197,-0.0030938872882912,False,False,False,비타겟
183846080,Q3,-0.013771709010854,-0.0031141966804822,False,False,False,비타겟
594658688,Q4_고가,-0.0145336066703059,-0.003128443240592,False,False,False,비타겟
189644224,Q4_고가,-0.0209394652524233,-0.0031371153664695,False,False,True,비타겟
71355776,Q1_저가,-0.0154085203551168,-0.0031569487695827,False,False,False,비타겟
655938240,Q2,0.0125188280475158,-0.0031742505444891,False,False,False,비타겟
633933504,Q2,-0.0102717161174557,-0.0031957742748023,False,False,False,비타겟
1047351936,Q1_저가,0.0180147951627071,-0.0032026067765262,False,False,False,비타겟
292234624,Q4_고가,-0.0200701753218574,-0.0032122415366851,False,False,False,비타겟
762804864,Q3,0.0102859324812766,-0.0032726825868747,False,False,False,비타겟
251452736,Q2,0.0157399867663385,-0.003292193478795,False,False,False,비타겟
1005430464,Q1_저가,-0.0159349491557698,-0.0033455466420903,False,False,False,비타겟
1321609344,Q4_고가,-0.0264316152104379,-0.0033482573794584,False,False,True,비타겟
631405632,Q2,-0.0069440133124441,-0.0033518090611212,False,False,False,비타겟
940927040,Q1_저가,-0.0220670804533508,-0.0033988750861144,False,False,False,비타겟
587271808,Q4_고가,0.0029829026552637,-0.0034031497835159,False,False,False,비타겟
1515693120,Q2,-0.030673881984185,-0.0034041454672588,False,False,False,비타겟
84360768,Q4_고가,-0.0166678659128221,-0.0034087548885693,False,False,False,비타겟
1069429056,Q3,-0.0002967443203085,-0.0034457996203997,False,False,False,비타겟
59727936,Q1_저가,-0.0082413038087619,-0.0034785837339371,False,False,False,비타겟
734408064,Q4_고가,0.0132840553416516,-0.0034877332857954,False,False,False,비타겟
233969216,Q2,0.013603048486058,-0.0035223095032603,False,False,False,비타겟
174861184,Q1_저가,-0.0054644647222444,-0.0035248814703966,False,False,False,비타겟
766537280,Q4_고가,0.0189596591283045,-0.0035255651560635,False,False,False,비타겟
746986176,Q3,0.0113337950998722,-0.0035539466832494,False,False,False,비타겟
554364928,Q3,0.0222935301984935,-0.0035586565932146,False,False,False,비타겟
1294396672,Q3,-0.0193137340868394,-0.0035615620214641,False,False,False,비타겟
610534912,Q1_저가,-0.0210877551617327,-0.0035717795861011,False,False,False,비타겟
344950592,Q3,-0.0055229080424918,-0.0035854281075535,False,False,False,비타겟
100134912,Q1_저가,0.0172417602920804,-0.0036084290758297,False,False,False,비타겟
670539392,Q4_고가,0.0153297111355698,-0.0036113350636416,False,False,False,비타겟
162988352,Q4_고가,0.0487295894796977,-0.0036827765836906,False,True,True,비타겟
770410752,Q3,-0.0022910413043558,-0.0036878512000938,False,False,False,비타겟
612056832,Q3,-0.0167394708989184,-0.003714116285897,False,False,False,비타겟
211314880,Q3,-0.0066812281455728,-0.0037185869713725,False,False,False,비타겟
1030382528,Q2,-0.0125536172298361,-0.0037385637158857,False,False,False,비타겟
324835264,Q4_고가,-0.0035039129475282,-0.0037520264420023,False,False,False,비타겟
903580608,Q3,-0.0180959706565077,-0.0037965403582685,False,False,False,비타겟
1014539712,Q1_저가,0.0104161723071569,-0.0038291537139394,False,False,False,비타겟
633536320,Q4_고가,0.0098310136435584,-0.0038360244363665,False,False,False,비타겟
1283121472,Q4_고가,0.0165311372591897,-0.0038471006155554,False,False,True,비타겟
1461065472,Q4_고가,-0.0219759545888779,-0.0038507675054136,False,False,True,비타겟
19627200,Q4_고가,0.0133588811843924,-0.0038633131765605,False,False,False,비타겟
262941376,Q2,0.0123603211321344,-0.0038783161572644,False,False,False,비타겟
1359635072,Q2,-0.0254745072628919,-0.0038895406347744,False,False,False,비타겟
1357205568,Q1_저가,8.526236705441725e-05,-0.0039181586979856,False,False,False,비타겟
436382720,Q4_고가,-0.0069475773537825,-0.0039266598656493,False,False,True,비타겟
1011982144,Q2,-0.0209857742383598,-0.003929065382753,False,False,False,비타겟
121482624,Q4_고가,0.0176855653328861,-0.0039295632668061,False,False,False,비타겟
237742464,Q3,0.0107142496011678,-0.0039313375882295,False,False,False,비타겟
1284314880,Q3,-0.0189943146266033,-0.0039358151277161,False,False,False,비타겟
472710208,Q3,0.0146127538187936,-0.0039592320662411,False,False,False,비타겟
1352302016,Q3,-0.0251058370161063,-0.0039614548080001,False,False,False,비타겟
1165239488,Q1_저가,0.0086890987915989,-0.003975751761831,False,False,False,비타겟
1159749440,Q2,-0.0094860196151431,-0.0039801448832231,False,False,False,비타겟
1522614144,Q2,0.0207586628327423,-0.0039814036793433,False,False,False,비타겟
1153728576,Q2,-0.0062379164294919,-0.0039892016665036,False,False,False,비타겟
1566343360,Q4_고가,0.0167075532185877,-0.0040362189632521,False,False,True,비타겟
540769728,Q4_고가,0.0140917195741245,-0.0040540780465617,False,False,True,비타겟
1032641280,Q1_저가,-0.0168610238392161,-0.0040621658336072,False,False,False,비타겟
565898112,Q4_고가,0.0156176692692553,-0.0041026405026731,False,False,True,비타겟
761724672,Q1_저가,-0.0017778663185319,-0.0041239995431913,False,False,False,비타겟
1035380736,Q2,-0.01074341887843,-0.0041341451887478,False,False,False,비타겟
467750976,Q3,-0.0078283301344516,-0.0041479331259529,False,False,False,비타겟
697165568,Q3,0.0121137501725943,-0.0041582733386736,False,False,False,비타겟
799089664,Q4_고가,0.0228679282348647,-0.0041624205175453,False,False,True,비타겟
157086272,Q1_저가,-0.0285947626981685,-0.0041749810898928,False,False,False,비타겟
1214076416,Q1_저가,0.023712755977604,-0.0041753957103716,False,False,False,비타겟
692672192,Q3,0.0233765256981,-0.004211170972887,False,False,False,비타겟
681781184,Q1_저가,-0.0121694171770642,-0.004238533221147,False,False,False,비타겟
1147794944,Q3,-0.027302658943522,-0.0042600116144397,False,False,False,비타겟
1212255680,Q1_저가,-0.0347750354057279,-0.0042799208402243,False,False,False,비타겟
309256000,Q2,0.0160253663655972,-0.0042805353580439,False,False,False,비타겟
111920512,Q3,-0.0163128296136515,-0.0042894322429415,False,False,False,비타겟
832482816,Q4_고가,-0.0004778150355949,-0.0042963531456501,False,False,True,비타겟
254513280,Q3,0.0139062304507674,-0.0043094245992657,False,False,False,비타겟
836445376,Q4_고가,-0.0157103169342919,-0.004311260696728,False,False,True,비타겟
431839232,Q1_저가,-0.0218739507667923,-0.0043176453136704,False,False,False,비타겟
79561152,Q4_고가,-0.0004122363800606,-0.004364698102133,False,False,False,비타겟
1185041152,Q2,-0.0194227241000601,-0.0043674734295214,False,False,False,비타겟
1620616512,Q4_고가,-0.021014834798025,-0.0044058535642834,False,False,True,비타겟
313959104,Q3,0.0083619996664311,-0.0044225246905428,False,False,False,비타겟
555489664,Q1_저가,0.0189389061327033,-0.0044243629179415,False,False,False,비타겟
62686400,Q4_고가,-0.0004499304916295,-0.0044266277590755,False,False,False,비타겟
1568277312,Q4_고가,0.0158769846891966,-0.0044349837006908,False,False,False,비타겟
746724480,Q2,0.0006359779220726,-0.004440066107903,False,False,False,비타겟
518659200,Q4_고가,-0.0374682716178895,-0.0044410566914104,False,False,True,비타겟
1234030272,Q3,-0.0194696025590624,-0.0044623170472048,False,False,False,비타겟
948419712,Q2,0.006623544132493,-0.0044726941388535,False,False,False,비타겟
926114304,Q2,0.014721109363613,-0.004481973118549,False,False,False,비타겟
947525120,Q2,-0.025678226423667,-0.0044833627374402,False,False,False,비타겟
407750208,Q1_저가,0.0118714862970804,-0.0045378644230927,False,False,False,비타겟
378746496,Q2,-7.965454644826009e-05,-0.004562612195259,False,False,False,비타겟
1013685952,Q2,-0.0093002075611409,-0.0045856888901638,False,False,False,비타겟
67987136,Q4_고가,0.0138894782350118,-0.004609604958174,False,False,True,비타겟
1165146688,Q2,-0.0100494442102142,-0.0046303108569282,False,False,False,비타겟
747110528,Q4_고가,0.0175823893837858,-0.00464929448508,False,False,True,비타겟
1293787904,Q2,-0.0081308577257158,-0.0047253076520279,False,False,False,비타겟
473745856,Q4_고가,0.0206211723386923,-0.0047361695568065,False,False,False,비타겟
341667328,Q4_고가,-0.0279759015150631,-0.0047470208742562,False,False,True,비타겟
1176716992,Q1_저가,0.0217639209997749,-0.0047745114871458,False,False,False,비타겟
413179008,Q1_저가,-0.0236365691102447,-0.004782504139157,False,False,False,비타겟
549975488,Q4_고가,-0.021812005352727,-0.0048005588809022,False,False,True,비타겟
691612416,Q3,0.0143634966741406,-0.0048158309220565,False,False,False,비타겟
1449693760,Q3,-0.0243620174303819,-0.0048269733423163,False,False,False,비타겟
597832448,Q3,0.0109887691852473,-0.0048463919077805,False,False,False,비타겟
1159842240,Q2,0.0130576546041463,-0.0048475642665107,False,False,False,비타겟
748335488,Q2,-0.010896889945866,-0.0048621561724729,False,False,False,비타겟
743745600,Q3,0.0152940433716015,-0.0048793415121289,False,False,False,비타겟
997928512,Q2,0.0247190449283107,-0.0048942305949593,False,False,False,비타겟
1164237248,Q3,0.019813981120291,-0.0049018668016841,False,False,False,비타겟
686955712,Q4_고가,0.1122026871897119,-0.0049218038958835,False,True,True,비타겟
1072283584,Q3,0.0216314676020162,-0.0049242542244167,False,False,False,비타겟
245621184,Q2,-0.0224810978807402,-0.0049382124329994,False,False,False,비타겟
827564416,Q2,0.0130457259495602,-0.0049617049358825,False,False,False,비타겟
772359552,Q4_고가,0.010839351964712,-0.0049733828909183,False,False,False,비타겟
477236992,Q3,-0.0176518927206142,-0.0049737220594907,False,False,False,비타겟
1438103040,Q3,0.0111774250622641,-0.0049901038211497,False,False,False,비타겟
577089792,Q2,0.0202257783422145,-0.0049995687030391,False,False,False,비타겟
1189601344,Q1_저가,-0.0098604104787954,-0.0050005091976693,False,False,False,비타겟
1233506880,Q1_저가,-0.0134600584013643,-0.0050064555459752,False,False,False,비타겟
591926656,Q3,-0.0210480900004341,-0.0050183276781368,False,False,False,비타겟
107666560,Q1_저가,0.0167344069108699,-0.005038675337212,False,False,False,비타겟
1603559872,Q2,-0.0144172337233378,-0.0050488963656546,False,False,False,비타겟
225650624,Q2,-0.0274091062194163,-0.0050685369679748,False,False,False,비타겟
56507776,Q3,0.0165755350938898,-0.0050968302090484,False,False,False,비타겟
622155328,Q2,-0.0130557433009226,-0.0051199092251017,False,False,False,비타겟
437509312,Q1_저가,0.0030046753199381,-0.0051266814308005,False,False,False,비타겟
204416128,Q3,0.0146070580432319,-0.0051284892980166,False,False,False,비타겟
158487552,Q3,-0.0340944927117776,-0.005134372986583,False,False,False,비타겟
1546348672,Q3,-0.0313682347763864,-0.0051460764291212,False,False,False,비타겟
555701248,Q2,0.0162792459621392,-0.0051527181497348,False,False,False,비타겟
1605532800,Q2,-0.0183973937132245,-0.0051641647623634,False,False,False,비타겟
689923456,Q2,-0.0262295751105693,-0.0051686267838249,False,False,False,비타겟
797296768,Q2,0.0125171059663453,-0.0051691604355404,False,False,False,비타겟
1056394368,Q3,0.0125343760174672,-0.0051727776443041,False,False,False,비타겟
274795648,Q3,-0.0022998338901213,-0.0051857836242636,False,False,False,비타겟
612036416,Q4_고가,0.0116552090910988,-0.0052306243608883,False,False,False,비타겟
1352578560,Q4_고가,-0.007975984221463,-0.0052801523466132,False,False,True,비타겟
430198528,Q1_저가,0.018050844748828,-0.0053128084845797,False,False,False,비타겟
900978496,Q3,0.0197118326208872,-0.0053256592736085,False,False,False,비타겟
474668288,Q3,0.0157609205087116,-0.0053480592945165,False,False,False,비타겟
835105344,Q1_저가,-0.0353296207936237,-0.0053529582749877,False,False,False,비타겟
1197105152,Q2,-0.0218939687723644,-0.0053703411562784,False,False,False,비타겟
1266974272,Q4_고가,-0.0167127474936406,-0.0054246297329476,False,False,True,비타겟
481307200,Q3,0.0166587144545138,-0.0054489102109034,False,False,False,비타겟
748556352,Q2,0.0214480803305369,-0.0054622952176903,False,False,False,비타겟
899083520,Q1_저가,0.0098883874216621,-0.0055034052650849,False,False,False,비타겟
1622149568,Q4_고가,0.1051132632968612,-0.0055430672482243,False,True,True,비타겟
871362304,Q3,-0.0219502904923119,-0.0055572788268582,False,False,False,비타겟
1414760128,Q3,-0.0204098186514272,-0.005569019657686,False,False,False,비타겟
578257216,Q3,0.0108417832585695,-0.0055770892444299,False,False,False,비타겟
1092191040,Q1_저가,0.019524278740769,-0.0055873687991042,False,False,False,비타겟
1007739328,Q2,-0.0200491517031767,-0.0055904187439881,False,False,False,비타겟
1128973248,Q2,-0.0179661809440714,-0.0055956925614712,False,False,False,비타겟
944258560,Q1_저가,0.0173410234017488,-0.0056068598794349,False,False,False,비타겟
124908800,Q4_고가,0.0111781394216491,-0.0056104687828529,False,False,True,비타겟
788809280,Q2,-0.0179638440412547,-0.0056169327233324,False,False,False,비타겟
1464738496,Q4_고가,-0.0135446536674587,-0.005623711027008,False,False,True,비타겟
255060800,Q3,-0.0200107979446047,-0.0056785298946279,False,False,False,비타겟
1014884928,Q2,-0.0369193157517425,-0.0056856035763757,False,False,False,비타겟
925639168,Q4_고가,0.0182827296567097,-0.0056945798643829,False,False,False,비타겟
1447086080,Q2,-0.0250144912871636,-0.0057062639411542,False,False,False,비타겟
265740224,Q2,-0.0049524102489921,-0.0057097341850534,False,False,False,비타겟
1317390656,Q2,0.0060560852524053,-0.0057320152049627,False,False,False,비타겟
662161408,Q2,-0.0127705624688842,-0.0058258590484315,False,False,False,비타겟
76554432,Q2,0.0185201560768897,-0.0058299661087832,False,False,False,비타겟
240136704,Q2,0.0185069294711146,-0.0058357815771674,False,False,False,비타겟
1250821504,Q4_고가,0.0124714188865024,-0.0058561264940404,False,False,False,비타겟
1048112896,Q1_저가,-0.0221518268655795,-0.0058711982747087,False,False,False,비타겟
323513792,Q4_고가,-0.0076952719333387,-0.0058792338985276,False,False,True,비타겟
748825472,Q4_고가,0.0219109661168535,-0.0058909529581675,False,False,True,비타겟
695433920,Q2,-0.0042668232706359,-0.0058988054597859,False,False,False,비타겟
749153984,Q1_저가,0.0023861691091243,-0.0059008172365011,False,False,False,비타겟
178387584,Q4_고가,0.0084636479990145,-0.0059078230441257,False,False,True,비타겟
219291968,Q2,-0.030463214708135,-0.0059371940169962,False,False,False,비타겟
1196405440,Q2,-0.0157680390028577,-0.0059382531113269,False,False,False,비타겟
1563253120,Q4_고가,0.0224770319945165,-0.0059868293492653,False,False,False,비타겟
1361875264,Q4_고가,-0.0076719784376509,-0.006040215451591,False,False,True,비타겟
221689920,Q4_고가,0.0199748310237939,-0.0061249176976667,False,False,True,비타겟
866599808,Q1_저가,-0.0196428904809529,-0.0061261561138677,False,False,False,비타겟
1073425024,Q3,-0.0283058591973084,-0.00613845613424,False,False,False,비타겟
1354369600,Q2,0.0225997807220071,-0.0061866600170763,False,False,False,비타겟
1072944320,Q4_고가,0.0129288298970046,-0.0062565180567857,False,False,False,비타겟
223189568,Q4_고가,0.0118811916243092,-0.0063337639719707,False,False,False,비타겟
573400064,Q4_고가,0.0146840319007164,-0.0063586189435002,False,False,False,비타겟
562817152,Q4_고가,0.0219164823671244,-0.006383500545098,False,False,True,비타겟
1129273920,Q4_고가,-0.0288295989656509,-0.0064120311615375,False,False,True,비타겟
180276992,Q4_고가,-0.0237096287094797,-0.006418842115605,False,False,False,비타겟
1479133632,Q4_고가,-0.0435306883289598,-0.0064312618791881,False,False,True,비타겟
1001595968,Q2,0.0006754654464999,-0.0064346704429434,False,False,False,비타겟
554697152,Q2,-0.0154627605856667,-0.0064385762939759,False,False,False,비타겟
153723200,Q4_고가,0.0196242684860005,-0.0064780763107163,False,False,True,비타겟
746327296,Q4_고가,0.0159510945185737,-0.0064800952625387,False,False,False,비타겟
1474014784,Q3,0.0240154781678685,-0.0064913359407191,False,False,False,비타겟
1085232896,Q2,-0.017198622276296,-0.0065073099834556,False,False,False,비타겟
172279488,Q1_저가,-0.0163169017908477,-0.0065077311741661,False,False,False,비타겟
380682304,Q4_고가,0.0289955960420044,-0.0065255051623467,False,True,True,비타겟
741284544,Q1_저가,-0.0260703671687989,-0.0065263148053563,False,False,False,비타겟
831862912,Q3,0.0036930523537741,-0.0065511844312628,False,False,False,비타겟
1194116992,Q2,-0.0079724081898751,-0.006629830738125,False,False,False,비타겟
1261202112,Q4_고가,-0.0231607855076541,-0.0066404282715521,False,False,False,비타겟
1050169344,Q1_저가,-0.0267192816802964,-0.0066758510725567,False,False,False,비타겟
176384960,Q2,0.02605439045084,-0.0066815818110299,False,False,False,비타겟
780854464,Q4_고가,-0.0222579224573814,-0.0067432895530791,False,False,True,비타겟
1042767616,Q4_고가,0.0161249409987034,-0.0067788318324557,False,False,False,비타겟
839398272,Q4_고가,0.0033705195729575,-0.0067935632486372,False,False,True,비타겟
542651712,Q3,0.0153876447570426,-0.0068521079756497,False,False,False,비타겟
768319040,Q3,0.014824113000867,-0.0068578814109355,False,False,False,비타겟
517528896,Q3,0.0115585321764418,-0.0068794165471561,False,False,False,비타겟
439536064,Q3,0.0146505733351293,-0.006917035088796,False,False,False,비타겟
397486528,Q3,-0.0118480249976189,-0.0069205930084044,False,False,False,비타겟
850532416,Q4_고가,-0.0200944342778485,-0.0069347323439236,False,False,True,비타겟
1361244224,Q2,0.0231128777966244,-0.0069454931126119,False,False,False,비타겟
838620608,Q1_저가,-0.0048744506169146,-0.0069523001559386,False,False,False,비타겟
746665088,Q4_고가,0.0104870151695435,-0.006972890077449,False,False,True,비타겟
86935040,Q2,0.0246397041235683,-0.006975355819875,False,False,False,비타겟
285909376,Q3,-0.0003812572025769,-0.0069807680884258,False,False,False,비타겟
51574528,Q1_저가,-0.0177781533403779,-0.0070072731608531,False,False,False,비타겟
792851648,Q1_저가,-0.0132178127510908,-0.007012914217705,False,False,False,비타겟
1314439616,Q2,0.0099897930127674,-0.007016138984333,False,False,False,비타겟
333129728,Q2,-0.0290675098333607,-0.0070374240435852,False,False,False,비타겟
87619904,Q3,-0.0368655540051804,-0.007045654315918,False,False,False,비타겟
700708672,Q2,-0.0337066378918797,-0.0070837228739432,False,False,False,비타겟
705756992,Q2,0.0116084482857484,-0.0070943891244866,False,False,False,비타겟
432860032,Q4_고가,0.0147128152571774,-0.007100541696989,False,False,True,비타겟
451863616,Q4_고가,0.0073538480035464,-0.0071472044361377,False,False,False,비타겟
1164962944,Q2,0.0173327669442656,-0.0071486822861859,False,False,False,비타겟
746470208,Q2,-0.0136475858580042,-0.0071891017672903,False,False,False,비타겟
402835520,Q2,0.0197636343504765,-0.0071997059667008,False,False,False,비타겟
1471143552,Q2,-0.01074341887843,-0.0072283629537621,False,False,False,비타겟
1025189440,Q4_고가,-0.0289719125317306,-0.0072329149044429,False,False,False,비타겟
87592064,Q4_고가,0.0147211524077061,-0.0073043742692213,False,False,True,비타겟
1451794752,Q2,-0.0001397406621936,-0.0073200080049461,False,False,False,비타겟
578218240,Q3,-0.0378328897726628,-0.0073416281302204,False,False,False,비타겟
1276207872,Q1_저가,-0.0213400253926555,-0.0073928580794249,False,False,False,비타겟
392627520,Q3,-0.022359621117387,-0.0074018084892348,False,False,False,비타겟
612873472,Q2,0.001153812141471,-0.007418466289559,False,False,False,비타겟
681870272,Q1_저가,-0.0163988974381494,-0.0074655584547445,False,False,False,비타겟
792053568,Q3,-0.0037150778126333,-0.0075245413193978,False,False,False,비타겟
458842176,Q4_고가,-0.012603623803949,-0.0075469684214982,False,False,True,비타겟
342363328,Q1_저가,0.0183356695603298,-0.0075756243446967,False,False,False,비타겟
361762240,Q4_고가,0.0181676514983525,-0.0075763226619632,False,False,False,비타겟
441002304,Q2,-0.0177896248595443,-0.0075938708403634,False,False,False,비타겟
379817408,Q1_저가,0.004417415149729,-0.0076054262666601,False,False,False,비타겟
826922240,Q3,-0.0414599458690563,-0.0076123502701133,False,False,False,비타겟
55835904,Q3,0.0161105537820605,-0.0076130136333249,False,False,False,비타겟
673984128,Q4_고가,0.0223391572629522,-0.0076179962763085,False,False,True,비타겟
263516736,Q1_저가,-0.0208450902071926,-0.0076321118681334,False,False,False,비타겟
1030271168,Q1_저가,-0.0229468119609168,-0.0076427984908481,False,False,False,비타겟
671925824,Q1_저가,-0.0129925519168095,-0.0076776147913329,False,False,False,비타겟
238911744,Q4_고가,0.0117516770962106,-0.0077073646238947,False,False,False,비타겟
675322304,Q1_저가,0.01689964565258,-0.007710556412445,False,False,False,비타겟
1478552704,Q2,-0.0162185786350357,-0.0077256638414937,False,False,False,비타겟
1169335680,Q3,0.0185249475777304,-0.007744372319687,False,False,False,비타겟
1109704256,Q2,0.0207479198642394,-0.0077735389910095,False,False,False,비타겟
1535613568,Q3,-0.031154109913501,-0.0078706987170234,False,False,False,비타겟
748177728,Q4_고가,-0.0331404127508754,-0.007915292837354,False,False,True,비타겟
256272768,Q4_고가,0.0120513794863605,-0.0079206233205137,False,False,True,비타겟
110237120,Q2,0.0261970006154882,-0.007985514584572,False,False,False,비타겟
46568896,Q3,0.0183016550717495,-0.0080029066945169,False,False,False,비타겟
1556690304,Q4_고가,-0.0309911703995366,-0.008041406378879,False,False,True,비타겟
555987072,Q1_저가,-0.0349471555958122,-0.0080571758007385,False,False,False,비타겟
849634112,Q1_저가,-0.0308051212821736,-0.00813685058586,False,False,False,비타겟
1473248256,Q3,0.0115475238058841,-0.0081376307293125,False,False,False,비타겟
1197793728,Q2,-0.0316795862438865,-0.008170457676941,False,False,False,비타겟
395548864,Q4_고가,-0.0016556430559156,-0.0081818305475478,False,False,False,비타겟
1201609664,Q3,0.0136649080007026,-0.0082285731456125,False,False,False,비타겟
461932416,Q4_고가,-0.0152820606230955,-0.0082299155577952,False,False,True,비타겟
598944192,Q3,0.0172252081621701,-0.0082636935806761,False,False,False,비타겟
101035072,Q4_고가,0.0012814850928854,-0.0082853900949517,False,False,True,비타겟
1245006656,Q2,-0.0077535721826717,-0.0083001596060081,False,False,False,비타겟
775978752,Q4_고가,0.0119765274579972,-0.0083232758824211,False,False,False,비타겟
861169152,Q3,0.0139126330357431,-0.0083418205033997,False,False,False,비타겟
273724736,Q1_저가,-0.0089343224014137,-0.0083526798464439,False,False,False,비타겟
105071872,Q4_고가,0.0179134139031879,-0.0084089161279222,False,False,False,비타겟
191112320,Q4_고가,0.028642334606261,-0.0084116772577486,False,True,True,비타겟
1543960000,Q4_고가,0.0207744494031619,-0.0084336591863978,False,False,True,비타겟
97120768,Q2,-0.0219163963514947,-0.0085187150247136,False,False,False,비타겟
1503985472,Q4_고가,-0.0078722133317996,-0.0085338927478237,False,False,True,비타겟
767075520,Q1_저가,-0.0228579607577055,-0.0085418897858855,False,False,False,비타겟
139775360,Q3,-0.0320830845215796,-0.0085983892951105,False,False,False,비타겟
932517504,Q3,-0.0189757607509456,-0.0086054414126734,False,False,False,비타겟
1527744128,Q1_저가,-0.0111289253093322,-0.0086066874080928,False,False,False,비타겟
1334514112,Q2,-0.0191240586827995,-0.0086078456333397,False,False,False,비타겟
604424960,Q4_고가,0.0131554617653244,-0.0086136819285088,False,False,False,비타겟
871770624,Q3,0.0015230713210835,-0.0086200473791679,False,False,False,비타겟
552228672,Q4_고가,0.0127366361595483,-0.008623185740005,False,False,True,비타겟
819336768,Q1_저가,-0.0215285473925146,-0.008652728658586,False,False,False,비타겟
348313664,Q2,0.0217578473652818,-0.0086580178352488,False,False,False,비타겟
188922240,Q2,-0.0007390895560868,-0.0087531074989608,False,False,False,비타겟
662627264,Q4_고가,-0.0048943220034682,-0.0087613739388185,False,False,False,비타겟
1064106048,Q2,0.0032324250374086,-0.008768489129346,False,False,False,비타겟
1572703872,Q4_고가,-0.0131096821721732,-0.0087826724236234,False,False,True,비타겟
1000807168,Q1_저가,0.0204400994961286,-0.0087867790400317,False,False,False,비타겟
744417472,Q3,0.0168328589634441,-0.0087927701325173,False,False,False,비타겟
1160230144,Q1_저가,0.0015685295679112,-0.0088317963605779,False,False,False,비타겟
769865088,Q1_저가,0.0223560325539178,-0.0088426124914323,False,False,False,비타겟
734192768,Q3,-0.0203414321653171,-0.0088537369005193,False,False,False,비타겟
1025506816,Q4_고가,-0.0408219668810153,-0.0088594020721106,False,False,True,비타겟
196890048,Q3,-0.0231189283227951,-0.008863475640257,False,False,False,비타겟
768667968,Q4_고가,0.0043033122974925,-0.0089239887668147,False,False,False,비타겟
1532211520,Q2,0.0243388623522433,-0.0089928619815525,False,False,False,비타겟
131831680,Q2,-0.0031021314007435,-0.0090069114168339,False,False,False,비타겟
1073777664,Q1_저가,-0.0199216632369813,-0.0090140965106711,False,False,False,비타겟
1380841728,Q2,0.0003457577177345,-0.0090281573794535,False,False,False,비타겟
325947008,Q3,0.0135900383405968,-0.0090927335836173,False,False,False,비타겟
745820608,Q2,-0.0156541364371867,-0.0091317204853326,False,False,False,비타겟
196930880,Q4_고가,-0.0280388518129627,-0.0091361735609882,False,False,True,비타겟
72805312,Q3,0.0206923127692665,-0.0091690809546419,False,False,False,비타겟
572427520,Q3,0.023046529810034,-0.0091793883598501,False,False,False,비타겟
1015902016,Q1_저가,-0.0196862153551914,-0.0092193018835487,False,False,False,비타겟
1083772224,Q4_고가,0.0141201707353921,-0.0092363125291011,False,False,False,비타겟
573993984,Q2,0.0107428397591697,-0.0092396684306886,False,False,False,비타겟
727151104,Q4_고가,0.0209867467809371,-0.0092429164627407,False,False,True,비타겟
350587264,Q3,-0.0157238457737609,-0.0092541998996916,False,False,False,비타겟
1147635328,Q2,-0.0177861579373718,-0.009260481062766,False,False,False,비타겟
128520576,Q4_고가,0.0123423345531863,-0.0092791412398384,False,False,False,비타겟
1515836032,Q4_고가,0.0216482412947599,-0.0092848056618269,False,False,False,비타겟
840584256,Q2,0.0158938695039336,-0.0093024027136477,False,False,False,비타겟
1073586496,Q1_저가,-0.0175797908413931,-0.0093372509202137,False,False,False,비타겟
666940608,Q2,0.025505396607111,-0.0093486886248367,False,False,False,비타겟
684151296,Q3,0.0145493491863141,-0.0093519485164256,False,False,False,비타겟
742683968,Q3,-0.0074669596911063,-0.0094555831462332,False,False,False,비타겟
1458548736,Q1_저가,-0.0038221695125069,-0.0094785491098064,False,False,False,비타겟
1285215040,Q4_고가,0.0183952061996837,-0.0095014466001202,False,False,False,비타겟
1520836096,Q1_저가,-0.0118069960651016,-0.0095336254660653,False,False,False,비타겟
310068928,Q1_저가,-0.0173752332493054,-0.0095565085415532,False,False,False,비타겟
743138688,Q4_고가,-0.0329667056784305,-0.0095592439690825,False,False,False,비타겟
1020462208,Q2,-0.0144510371603679,-0.0095737625866895,False,False,False,비타겟
478352448,Q3,0.0148243096381435,-0.0095828566200912,False,False,False,비타겟
1570046080,Q1_저가,-0.0160274149988387,-0.0096012345776778,False,False,False,비타겟
588498624,Q1_저가,-0.0155133833998213,-0.0096153094226476,False,False,False,비타겟
1355013632,Q3,-0.0153280818813658,-0.0096268504459314,False,False,False,비타겟
1012093504,Q2,0.0241042913105222,-0.0096452750880633,False,False,False,비타겟
748289088,Q2,-0.013071750364761,-0.0096662537830745,False,False,False,비타겟
742997632,Q2,-0.0245296469801725,-0.0096673220127393,False,False,False,비타겟
80810240,Q2,-0.0102598051380539,-0.0096798860170051,False,False,False,비타겟
1136605120,Q3,0.0153385467218678,-0.0096860297660147,False,False,False,비타겟
155670144,Q2,-0.0246030948718073,-0.0097185427201355,False,False,False,비타겟
930635520,Q2,-0.0313248552200531,-0.0097298727143296,False,False,False,비타겟
1274919808,Q4_고가,-0.0036819044689214,-0.0097553464993636,False,False,False,비타겟
972189504,Q1_저가,-0.0171588623315639,-0.009758721792344,False,False,False,비타겟
1234965696,Q3,0.0162846351591826,-0.009770050705092,False,False,False,비타겟
1563941696,Q3,0.0069966484271868,-0.0097725227477278,False,False,False,비타겟
638612480,Q4_고가,0.0632376335373708,-0.0097751215636884,False,True,True,비타겟
681989056,Q3,-0.0013388463380078,-0.009777450617556,False,False,False,비타겟
556775872,Q1_저가,-0.0019802072028441,-0.0098220782519366,False,False,False,비타겟
1503859264,Q2,0.0131056478749009,-0.0098441662698263,False,False,False,비타겟
1514798528,Q2,0.0024192612485379,-0.0098720506932885,False,False,False,비타겟
1010573440,Q1_저가,0.0042942554678026,-0.0099015843941451,False,False,False,비타겟
1200804160,Q1_저가,-0.0275665374172698,-0.0099055406081509,False,False,False,비타겟
551736832,Q2,-0.0264558429657036,-0.0099066827524732,False,False,False,비타겟
1548084032,Q2,-0.0100099418996919,-0.0099225509700441,False,False,False,비타겟
748077504,Q3,0.0104044153156291,-0.0099332590122427,False,False,False,비타겟
424118272,Q4_고가,0.0163246132159947,-0.0099827322804951,False,False,False,비타겟
1482140352,Q3,-0.0316935835534202,-0.0100304073582097,False,False,False,비타겟
899764672,Q4_고가,-0.0261054709708287,-0.0100628859021674,False,False,True,비타겟
749708928,Q1_저가,-0.0235159043392427,-0.0100967840395382,False,False,False,비타겟
1312975232,Q1_저가,-0.0028204812719521,-0.0101129530425505,False,False,False,비타겟
1222378304,Q1_저가,-0.0271833304384007,-0.0101205220958458,False,False,False,비타겟
1046219776,Q1_저가,0.0008610665940593,-0.0101279742483313,False,False,False,비타겟
694216384,Q3,-0.0458709199464682,-0.0101299053080634,False,False,False,비타겟
1359024448,Q2,-0.0239989745508331,-0.0101609991453266,False,False,False,비타겟
1113848704,Q3,-0.0172274226622154,-0.0101619845114154,False,False,False,비타겟
1265771584,Q2,0.0047567808920113,-0.0101812291164922,False,False,False,비타겟
895985856,Q2,0.0149684461173524,-0.0101994359647764,False,False,False,비타겟
742951232,Q4_고가,0.0124492715279866,-0.0102073351817464,False,False,True,비타겟
352922112,Q2,-0.0042666133882607,-0.0102489883387273,False,False,False,비타겟
1106398720,Q3,-0.0098088693573769,-0.0102770763127934,False,False,False,비타겟
1263076672,Q3,-0.0007622881885762,-0.0102771545957326,False,False,False,비타겟
1213139136,Q3,0.0172318305919018,-0.0102822748654618,False,False,False,비타겟
79436800,Q3,0.0153018176825439,-0.0102860413028538,False,False,False,비타겟
1167381312,Q3,0.0240038633326665,-0.0102963744839524,False,False,False,비타겟
743624960,Q3,0.0141546022424833,-0.0103065315341218,False,False,False,비타겟
1442581568,Q1_저가,-0.0127293904805645,-0.0103215730467287,False,False,False,비타겟
921919744,Q1_저가,0.0108808900791232,-0.0103637685308443,False,False,False,비타겟
1561185536,Q4_고가,-0.0276199927129685,-0.0104054070373726,False,False,True,비타겟
39653440,Q2,0.0253163500010997,-0.0104168855330323,False,False,False,비타겟
855835008,Q2,-0.0190746156076763,-0.0104380405884145,False,False,False,비타겟
1002115648,Q2,-0.0074744085955748,-0.0104398213066873,False,False,False,비타겟
1530377792,Q2,-0.0243501163918553,-0.0104405356714424,False,False,False,비타겟
748032960,Q4_고가,0.0097106571233921,-0.0104411581148518,False,False,False,비타겟
293767680,Q4_고가,0.0073324738324135,-0.0104596833280314,False,False,False,비타겟
546196672,Q1_저가,-0.0085766176920369,-0.0104689318362491,False,False,False,비타겟
636962496,Q2,0.023085142835044,-0.0104814067157974,False,False,False,비타겟
1439439360,Q2,-0.0118026283996663,-0.0104876133584867,False,False,False,비타겟
202792128,Q4_고가,0.0185264429194148,-0.0105456393113835,False,False,True,비타겟
843381248,Q3,-0.0260373975142836,-0.0105826838176115,False,False,False,비타겟
1509527488,Q3,0.0151737785885188,-0.010619247181116,False,False,False,비타겟
422750400,Q2,-0.0070458851596285,-0.0106297361530114,False,False,False,비타겟
42140480,Q4_고가,0.0143978895933637,-0.0106557969358617,False,False,True,비타겟
143131008,Q4_고가,-0.0218634349988635,-0.010679325138454,False,False,True,비타겟
839106880,Q1_저가,-0.0239727893110117,-0.0106935252218298,False,False,False,비타겟
649028352,Q3,-0.0209449840278604,-0.0107191754167575,False,False,False,비타겟
21134272,Q2,-0.0053830711570246,-0.0107251754717692,False,False,False,비타겟
220954944,Q4_고가,0.0231871042686754,-0.0107288824557428,False,False,True,비타겟
841460288,Q4_고가,0.0149042713801147,-0.0107308369149429,False,False,False,비타겟
160827968,Q3,0.0168440527803865,-0.010733105675175,False,False,False,비타겟
967358336,Q3,-0.0160300843453513,-0.0107358311078453,False,False,False,비타겟
408960320,Q1_저가,-0.020227662838661,-0.0107378902809361,False,False,False,비타겟
205459200,Q4_고가,-0.0163953412622898,-0.0107443549158367,False,False,True,비타겟
903081344,Q4_고가,0.0027073044748562,-0.0107457635727354,False,False,True,비타겟
38955584,Q4_고가,0.056035606059228,-0.010753780867483,False,True,True,비타겟
131280448,Q4_고가,-0.0221059792380073,-0.0107915765299242,False,False,True,비타겟
1504030016,Q3,0.0051271610122128,-0.0107942038393646,False,False,False,비타겟
1040210048,Q4_고가,0.0105110382181276,-0.0108035841816148,False,False,True,비타겟
1577373568,Q2,-0.0379373565643071,-0.0108052404673342,False,False,False,비타겟
1490954496,Q1_저가,-0.0235128480816822,-0.0108547304545713,False,False,False,비타겟
1199326784,Q1_저가,-0.0216629259154082,-0.0108705015568909,False,False,False,비타겟
965337152,Q4_고가,0.0007654469262752,-0.010917191989439,False,False,True,비타겟
879530560,Q3,-0.0266720565396056,-0.0109243606088826,False,False,False,비타겟
1040260160,Q2,-0.0062498030396687,-0.0109300295704854,False,False,False,비타겟
269936640,Q2,-0.0052425234414163,-0.0109563890447342,False,False,False,비타겟
45520256,Q4_고가,0.0763471760271186,-0.0109614135092094,False,True,True,비타겟
419628608,Q4_고가,0.0158777911847729,-0.0109763407973236,False,False,False,비타겟
1039597568,Q4_고가,0.0453527456015426,-0.0110139292471854,False,True,True,비타겟
630798720,Q4_고가,0.0110025706372501,-0.0110476561341711,False,False,True,비타겟
70960448,Q4_고가,-0.0153234621565337,-0.0110683200282452,False,False,True,비타겟
856215488,Q3,-0.0245253727421556,-0.0110701719575914,False,False,False,비타겟
553225344,Q2,0.0026704290037524,-0.011145029224529,False,False,False,비타겟
282043328,Q1_저가,0.0232663263540658,-0.01116443652171,False,False,False,비타겟
574289088,Q2,-0.0301044120243687,-0.0111741370542367,False,False,False,비타겟
436683392,Q1_저가,-0.0110424302385773,-0.0111869320378501,False,False,False,비타겟
1434522816,Q2,-0.0228779804309974,-0.0111904101576376,False,False,False,비타겟
1474051904,Q2,-0.0243240714946449,-0.011201933005622,False,False,False,비타겟
765106304,Q2,-0.0038712818784784,-0.0112073476309574,False,False,False,비타겟
1093089344,Q2,0.01128660645441,-0.0112128753460356,False,False,False,비타겟
1373627456,Q4_고가,0.0143939184648455,-0.0112250462290665,False,False,True,비타겟
928111360,Q1_저가,0.0111111777671312,-0.0112638381004664,False,False,False,비타겟
742687680,Q3,-0.0055587904560998,-0.011267759566558,False,False,False,비타겟
1123787584,Q1_저가,-0.0208505000366595,-0.0113019020486114,False,False,False,비타겟
1217014464,Q1_저가,-0.0187990419147401,-0.0113024944475998,False,False,False,비타겟
625293824,Q1_저가,0.0129093564578822,-0.0113223975081818,False,False,False,비타겟
1611967552,Q2,-0.0091151475283242,-0.0113585754045139,False,False,False,비타겟
115008896,Q3,0.0169826262189688,-0.0113610390056778,False,False,False,비타겟
265270656,Q3,0.0177041398161588,-0.0113734394339648,False,False,False,비타겟
745382592,Q3,0.0059563390341669,-0.0114679566739385,False,False,False,비타겟
120849728,Q4_고가,0.009836486639369,-0.0114762314576061,False,False,True,비타겟
767929280,Q4_고가,0.0161250620048152,-0.0114828284298049,False,False,True,비타겟
1520245888,Q1_저가,-0.0232717588572365,-0.0114933878684264,False,False,False,비타겟
550057152,Q2,-0.0010875304532479,-0.0115327375172703,False,False,False,비타겟
462517056,Q4_고가,0.0184291010630148,-0.0115625047043016,False,False,False,비타겟
1062719616,Q1_저가,0.0035882670589721,-0.0115850381325861,False,False,False,비타겟
1110170112,Q1_저가,0.019333652129079,-0.0116275288189587,False,False,False,비타겟
472955200,Q4_고가,0.0221674767754969,-0.0116300918881907,False,False,False,비타겟
1068985472,Q2,-0.0371161589856329,-0.0116646047708575,False,False,False,비타겟
768517632,Q2,0.0033505466765205,-0.0116842120857252,False,False,False,비타겟
1202004992,Q3,0.0121587254831818,-0.011707483442926,False,False,False,비타겟
550287296,Q2,-0.0194421286439968,-0.0117382179033769,False,False,False,비타겟
906368320,Q2,-0.0248961327356272,-0.0117392049596083,False,False,False,비타겟
1017592832,Q1_저가,-0.0164513476883245,-0.011739575207281,False,False,False,비타겟
1085806400,Q4_고가,0.0103349281263069,-0.0117425586516343,False,False,True,비타겟
418687616,Q4_고가,-0.0251834293255391,-0.0117751375397656,False,False,True,비타겟
1357682560,Q2,-0.0215767135656606,-0.0118323787168917,False,False,False,비타겟
977414144,Q2,-0.0249839617053422,-0.0118346302413976,False,False,False,비타겟
573834368,Q2,-0.0307729017554262,-0.0118349149297162,False,False,False,비타겟
1523673920,Q1_저가,0.0172266716910896,-0.0118401737126001,False,False,False,비타겟
349564608,Q4_고가,0.0112044849591508,-0.0118588445333416,False,False,True,비타겟
215719168,Q1_저가,-0.0246996883554142,-0.0118742907757155,False,False,False,비타겟
435059392,Q2,0.0213454545706546,-0.0118943272914694,False,False,False,비타겟
757014144,Q4_고가,-0.0372802793316969,-0.0119675033905541,False,False,True,비타겟
300861312,Q2,0.0033254135865807,-0.0120185536382854,False,False,False,비타겟
904679360,Q1_저가,-0.012441983373554,-0.0120412098645935,False,False,False,비타겟
171175168,Q4_고가,0.0198956119756102,-0.0120827048558406,False,False,True,비타겟
593374336,Q4_고가,0.0133017240442663,-0.0121057559969075,False,False,False,비타겟
961536064,Q4_고가,0.0008259193253408,-0.0121075681421095,False,False,True,비타겟
1444832896,Q2,-0.0116858736677022,-0.0121190870147124,False,False,False,비타겟
551863040,Q2,0.0162244272961765,-0.0121265645638951,False,False,False,비타겟
1396508224,Q4_고가,-0.0077700144130927,-0.0121324828227333,False,False,False,비타겟
393343936,Q4_고가,0.0116359327806732,-0.0121865075423023,False,False,False,비타겟
566202496,Q4_고가,0.0095018861418745,-0.0122124911444549,False,False,False,비타겟
577028544,Q1_저가,0.0130859111984794,-0.0122158840857192,False,False,False,비타겟
206370496,Q2,0.0249186776599859,-0.0122297625704834,False,False,False,비타겟
223696256,Q4_고가,0.0121571098686656,-0.0122342171403588,False,False,True,비타겟
803846592,Q2,-0.0334757963205185,-0.0122455476708817,False,False,False,비타겟
825480128,Q2,0.0024075523087452,-0.0122467079647542,False,False,False,비타겟
464670016,Q1_저가,-0.0038470879293168,-0.012249915703867,False,False,False,비타겟
613677120,Q3,-0.0260262295077676,-0.0122910778512956,False,False,False,비타겟
1067417152,Q2,-0.0234982462029739,-0.0123296886491507,False,False,False,비타겟
622502400,Q1_저가,-0.0122988159877213,-0.012369649736243,False,False,False,비타겟
1512732800,Q3,0.0164255528728664,-0.0123868622852234,False,False,False,비타겟
92430656,Q1_저가,0.0121555462463319,-0.0124057335651437,False,False,False,비타겟
747362944,Q1_저가,0.018595678741945,-0.0124286897123575,False,False,False,비타겟
730360128,Q1_저가,-0.0220092768160639,-0.0124351489091573,False,False,False,비타겟
1521092224,Q1_저가,-0.0140089540983161,-0.0125571818352366,False,False,False,비타겟
779752000,Q2,-0.0353778572648216,-0.0125631917361283,False,False,False,비타겟
1382749696,Q2,-0.0082531364111334,-0.0125925872038243,False,False,False,비타겟
1601102528,Q2,-0.0049397281541483,-0.0125956408763026,False,False,False,비타겟
1500707776,Q2,-0.0135355907092237,-0.0126016853028733,False,False,False,비타겟
1551302336,Q4_고가,0.0202411544320588,-0.0126378553730982,False,False,False,비타겟
197936832,Q2,-0.0224562974001915,-0.0126792450370423,False,False,False,비타겟
944394048,Q2,-0.0073441900791056,-0.0126830910950442,False,False,False,비타겟
624733312,Q3,0.0160509819834873,-0.0128120529112437,False,False,False,비타겟
83562688,Q2,-0.0289322449589235,-0.0128342332483623,False,False,False,비타겟
1085908480,Q2,0.0192821571162861,-0.0128435307919793,False,False,False,비타겟
1337944000,Q4_고가,0.0017968822212914,-0.0128435528267032,False,False,True,비타겟
575582720,Q1_저가,-0.0203438047034127,-0.0128500966271815,False,False,False,비타겟
1083620032,Q1_저가,0.0230536558411001,-0.0128605190282755,False,False,False,비타겟
939178688,Q4_고가,0.0223920995438853,-0.0128858169627877,False,False,False,비타겟
754714560,Q1_저가,-0.012094812575228,-0.0128914299320915,False,False,False,비타겟
1005059264,Q4_고가,0.0175352607161364,-0.0128923963876217,False,False,True,비타겟
1244162176,Q1_저가,0.0069395640957168,-0.0129149395625803,False,False,False,비타겟
581061632,Q4_고가,-0.0382123967274464,-0.0129168552097241,False,False,True,비타겟
335336512,Q2,-0.0065387170624383,-0.012964609952249,False,False,False,비타겟
839179264,Q3,-0.0303826449129018,-0.0130218855662898,False,False,False,비타겟
1601161920,Q2,-0.0146633039949099,-0.0130805111418872,False,False,False,비타겟
739276352,Q3,-0.0381313232521292,-0.0130943138489023,False,False,False,비타겟
412507136,Q2,-0.0150489739706572,-0.0131201877121954,False,False,False,비타겟
1172383232,Q1_저가,-0.0136750231071625,-0.0132175075330476,False,False,False,비타겟
692739008,Q4_고가,0.0157196184401433,-0.013227975112816,False,False,True,비타겟
94266240,Q3,0.0178997558814854,-0.0132630283148075,False,False,False,비타겟
1390723072,Q3,-0.027910068528872,-0.0132696683964289,False,False,False,비타겟
274945984,Q4_고가,-0.0042944183132447,-0.0132742932937984,False,False,True,비타겟
1041722688,Q1_저가,0.0164011737842187,-0.0132837194784287,False,False,False,비타겟
1209933824,Q3,0.011928360718901,-0.0133056836291539,False,False,False,비타겟
165261952,Q2,0.0018329849048014,-0.0133309274019382,False,False,False,비타겟
689693312,Q4_고가,-0.0017465507311177,-0.0133666526048581,False,False,False,비타겟
545045952,Q4_고가,0.0070669970754514,-0.0133783736927389,False,False,False,비타겟
749252352,Q3,-0.0375970749632635,-0.0133950513291701,False,False,False,비타겟
941461568,Q2,-0.0318373876566703,-0.0134137654920021,False,False,False,비타겟
1017620672,Q3,-0.0235100436782688,-0.0135534244342369,False,False,False,비타겟
1205240000,Q1_저가,-0.0216505210969818,-0.0135623164568568,False,False,False,비타겟
1132607296,Q1_저가,-0.0054965217261131,-0.0135666601983915,False,False,False,비타겟
1439864384,Q2,-0.0244101244555355,-0.0135695604457174,False,False,False,비타겟
749506624,Q2,0.0058454933062181,-0.013632553894058,False,False,False,비타겟
53432384,Q4_고가,0.0175602132479367,-0.0136614710419225,False,False,False,비타겟
667605056,Q2,0.0207627050873989,-0.0137123528496946,False,False,False,비타겟
748795776,Q3,-0.0167262111325108,-0.0137260454251575,False,False,False,비타겟
1535509632,Q1_저가,0.0199987449037811,-0.0137857919049295,False,False,False,비타겟
340132416,Q4_고가,0.0147820351373798,-0.0137950911922825,False,False,False,비타겟
1216543040,Q4_고가,0.0077386610811717,-0.0138058790246018,False,False,True,비타겟
377644032,Q4_고가,0.0148005875540496,-0.0138217026345207,False,False,True,비타겟
721996992,Q3,-0.05069214371679,-0.0138560916650109,False,False,False,비타겟
744118656,Q3,-0.0010632461655539,-0.0138736801473819,False,False,False,비타겟
1195993408,Q3,0.0248208887541803,-0.0139065588975698,False,False,False,비타겟
1561888960,Q4_고가,-0.0022406306835404,-0.0139264133154248,False,False,False,비타겟
725981824,Q2,0.0250160603730226,-0.0139583167303822,False,False,False,비타겟
1332233088,Q3,0.0227651997727195,-0.0139716750910929,False,False,False,비타겟
521322560,Q2,0.0183704216038977,-0.0139733473545066,False,False,False,비타겟
865820288,Q1_저가,0.0095743302334754,-0.0140441456207216,False,False,False,비타겟
540773440,Q3,0.0100744824828652,-0.0140471291449486,False,False,False,비타겟
767173888,Q3,-0.0266030044292736,-0.0140515828817651,False,False,False,비타겟
567785664,Q1_저가,0.0100880465726678,-0.0140721249753982,False,False,False,비타겟
224451648,Q4_고가,0.0117856424900925,-0.0141073666338839,False,False,False,비타겟
272859840,Q2,0.017578886100812,-0.0141263715796245,False,False,False,비타겟
550190784,Q2,0.0179028317315735,-0.0141657841228357,False,False,False,비타겟
1073168896,Q4_고가,0.0265956325814197,-0.0141683288298607,False,True,True,비타겟
141072704,Q2,-0.0296854776310852,-0.014237209187417,False,False,False,비타겟
704270336,Q3,-0.0258361026922158,-0.014237651273718,False,False,False,비타겟
658377024,Q2,-0.0131623395479443,-0.0142645263145743,False,False,False,비타겟
115886784,Q1_저가,-0.0076763565952211,-0.0142775417639317,False,False,False,비타겟
869979584,Q4_고가,0.0207093395165138,-0.0143510022170884,False,False,False,비타겟
826146432,Q2,-0.0230215905847346,-0.0143988520092114,False,False,False,비타겟
449714368,Q1_저가,-0.0047968998807585,-0.0144005838075908,False,False,False,비타겟
356409536,Q1_저가,0.0058579091710934,-0.0144353944759252,False,False,False,비타겟
749493632,Q2,-0.0227775766097949,-0.014484715427226,False,False,False,비타겟
1130368960,Q2,0.0154129762214506,-0.0145075493122733,False,False,False,비타겟
126573632,Q3,-0.035875857785275,-0.0145268743666674,False,False,False,비타겟
1112573632,Q3,-0.0007129746111841,-0.014529660381433,False,False,False,비타겟
1544360896,Q4_고가,0.0008317535757349,-0.0145539895299534,False,False,False,비타겟
1352508032,Q1_저가,-0.0255989171224692,-0.0146131927821886,False,False,False,비타겟
627107136,Q3,-0.0316487462746949,-0.0146998615219508,False,False,False,비타겟
1610102272,Q4_고가,-0.0266417079697511,-0.0147842713505136,False,False,True,비타겟
673726144,Q4_고가,0.0156653393778815,-0.0148135354456286,False,False,False,비타겟
559090304,Q3,0.0077228630700018,-0.0148158652494331,False,False,False,비타겟
517714496,Q2,0.0076720554731363,-0.0148264880449143,False,False,False,비타겟
845187136,Q3,0.0215860214676385,-0.0149032937893103,False,False,False,비타겟
1027696896,Q2,-0.0089065904430179,-0.014903718708149,False,False,False,비타겟
560823808,Q2,-0.028243320866574,-0.0149252600899268,False,False,False,비타겟
369162112,Q4_고가,0.0213186074814105,-0.0149529008491585,False,False,False,비타겟
933094720,Q3,0.0129432325960487,-0.0149839896729903,False,False,False,비타겟
752628416,Q4_고가,0.0114473713646889,-0.015016349470768,False,False,False,비타겟
969880640,Q1_저가,-0.0222643288611889,-0.0150166730211978,False,False,False,비타겟
1262235904,Q2,-0.0243186317928698,-0.0150415353830196,False,False,False,비타겟
869862656,Q1_저가,0.0022380241248657,-0.0150522039865021,False,False,False,비타겟
336275648,Q4_고가,-0.0102053856810143,-0.0151105805309855,False,False,True,비타겟
1043914624,Q4_고가,0.0091285124386041,-0.0151130251029556,False,False,True,비타겟
230225664,Q3,0.0187234013196513,-0.015116916727504,False,False,False,비타겟
1250678592,Q4_고가,0.0313683699359805,-0.015137828592556,False,True,True,비타겟
763569536,Q2,-0.0073632933140329,-0.0151383527669083,False,False,False,비타겟
482428224,Q3,0.0179444941398869,-0.0151702804734594,False,False,False,비타겟
517610560,Q1_저가,-0.0180485321711666,-0.0152484942983129,False,False,False,비타겟
390691712,Q2,-0.0230617066759737,-0.0152511789472821,False,False,False,비타겟
1436827968,Q2,-0.0234046002184794,-0.0153313544928085,False,False,False,비타겟
22990272,Q3,0.0168165086607691,-0.0153611318782375,False,False,False,비타겟
1181924928,Q3,-0.0005154336283657,-0.0154698294619762,False,False,False,비타겟
1415142464,Q2,-0.0125534769911277,-0.0154891291674189,False,False,False,비타겟
330410688,Q4_고가,0.0064483984293825,-0.0156248088300404,False,False,False,비타겟
314395264,Q3,-0.0152077474860366,-0.0156842819186063,False,False,False,비타겟
406592064,Q3,0.0109797179189676,-0.0157588247601303,False,False,False,비타겟
115920192,Q4_고가,0.0764443756470392,-0.0158074625464641,False,True,True,비타겟
951036672,Q3,-0.0135001822222819,-0.0158198048580299,False,False,False,비타겟
1281983744,Q2,-0.0105631973345808,-0.0158453296228039,False,False,False,비타겟
850526848,Q2,0.0163185483323646,-0.01584931513122,False,False,False,비타겟
293001152,Q4_고가,0.011822723769749,-0.015859659785185,False,False,False,비타겟
100955264,Q4_고가,-0.0310042780976358,-0.0158998667324661,False,False,True,비타겟
714376256,Q1_저가,-0.0339323851408756,-0.015986233291273,False,False,False,비타겟
693121344,Q2,-0.0219321106988381,-0.0160132340688289,False,False,False,비타겟
1583021376,Q1_저가,0.0076388943292909,-0.0160413509966483,False,False,False,비타겟
1279728704,Q3,-0.040104397594067,-0.0160741471883688,False,False,False,비타겟
1307362688,Q2,0.0255522053719412,-0.0160986172657661,False,False,False,비타겟
992792960,Q4_고가,0.0155163778262102,-0.016107534296847,False,False,False,비타겟
135883328,Q2,0.0223138749390865,-0.0161096990812359,False,False,False,비타겟
1528321344,Q2,-0.0153609345938532,-0.0161288359739604,False,False,False,비타겟
1326609408,Q4_고가,-0.0065393640360127,-0.0161388421216916,False,False,True,비타겟
947688448,Q3,0.0110060806992953,-0.0161586258569249,False,False,False,비타겟
787320768,Q3,0.0158772985619717,-0.0161734720450341,False,False,False,비타겟
898237184,Q4_고가,-0.0298570123878822,-0.0161892874296518,False,False,True,비타겟
441876480,Q1_저가,0.0188939466043747,-0.0162231152440271,False,False,False,비타겟
1011000320,Q4_고가,0.0148702589603059,-0.0162410671989404,False,False,True,비타겟
1521342784,Q1_저가,-0.0230957769849487,-0.0162804688042422,False,False,False,비타겟
1446198912,Q1_저가,0.016292669099682,-0.0162867392426485,False,False,False,비타겟
1547417728,Q4_고가,0.010115583035122,-0.0162981330221175,False,False,False,비타겟
686664320,Q2,0.0045935265135034,-0.0163175907802861,False,False,False,비타겟
434831104,Q2,-0.0257732509516627,-0.0163607566414331,False,False,False,비타겟
898628800,Q4_고가,0.0087601342315913,-0.0163821182629559,False,False,True,비타겟
1483090624,Q1_저가,-0.0301901152362449,-0.0164396272819432,False,False,False,비타겟
542557056,Q3,0.0029616278836097,-0.0164618697541632,False,False,False,비타겟
1316316032,Q2,-0.012550219593216,-0.0164677258310441,False,False,False,비타겟
221927488,Q2,-0.0003751123926201,-0.0164943910026502,False,False,False,비타겟
241970432,Q2,-0.0116055737702548,-0.0165055787155571,False,False,False,비타겟
631650624,Q4_고가,-0.030264577256877,-0.0166286386042773,False,False,True,비타겟
1438288640,Q1_저가,0.0137386248513987,-0.0166340095012305,False,False,False,비타겟
1124784256,Q2,-0.0095754442064309,-0.0166460443392008,False,False,False,비타겟
1532139136,Q1_저가,-0.0190580029482327,-0.0166714495666315,False,False,False,비타겟
1547040960,Q1_저가,-0.031664426319502,-0.0167196043444302,False,False,False,비타겟
406423168,Q1_저가,-0.02415573148706,-0.0167753913288842,False,False,False,비타겟
542861440,Q3,0.0096303866036571,-0.0167815312697244,False,False,False,비타겟
611307008,Q2,-0.0148731070044623,-0.0167831276953541,False,False,False,비타겟
1165005632,Q1_저가,-0.0027186053457682,-0.0167842429741507,False,False,False,비타겟
540443072,Q4_고가,-0.00477993689283,-0.0167865805451361,False,False,True,비타겟
71767808,Q3,-0.0063061633684151,-0.0167988936575106,False,False,False,비타겟
477105216,Q2,0.0090055428113203,-0.0168118613999179,False,False,False,비타겟
1377170560,Q3,-0.0084332751694532,-0.0168186361054726,False,False,False,비타겟
744300544,Q4_고가,0.0183216039015908,-0.0168859640735125,False,False,False,비타겟
826335744,Q2,0.0054992478627756,-0.0168905326546085,False,False,False,비타겟
1135909120,Q4_고가,0.0093089218089862,-0.0169227612599863,False,False,True,비타겟
1521825344,Q1_저가,-0.0200135692712998,-0.0169940700949719,False,False,False,비타겟
681734784,Q3,-0.0039223984887052,-0.0170699187234839,False,False,False,비타겟
41600384,Q4_고가,0.0185040994730353,-0.0170805502920631,False,False,True,비타겟
843678208,Q1_저가,-0.016363344044009,-0.0171142781649814,False,False,False,비타겟
763493440,Q2,0.0064048687267124,-0.0171282671204608,False,False,False,비타겟
1173598912,Q3,-0.0008730286979005,-0.0171368349683003,False,False,False,비타겟
413028672,Q1_저가,-0.0237445347737793,-0.0171396731352238,False,False,False,비타겟
1494803840,Q3,0.0009152504317619,-0.0171430214129203,False,False,False,비타겟
611548288,Q2,-0.0153454758550275,-0.0171434034067274,False,False,False,비타겟
890501376,Q2,-0.0112317655408637,-0.0171486310439369,False,False,False,비타겟
1182507712,Q3,-0.0010251347058179,-0.017152013532065,False,False,False,비타겟
749406400,Q2,0.0047171951126134,-0.0171545169955848,False,False,False,비타겟
1192541248,Q3,0.0229615821415741,-0.0171781467272639,False,False,False,비타겟
936411392,Q4_고가,0.0236617527045409,-0.0172026257134921,False,False,False,비타겟
703754368,Q4_고가,-0.0247687711942111,-0.0172111746215288,False,False,True,비타겟
1135096192,Q1_저가,0.0225675044759703,-0.0172294570334798,False,False,False,비타겟
729992640,Q3,-0.0193650015669456,-0.0172317366181428,False,False,False,비타겟
1056489024,Q2,-0.0070810518441683,-0.0172407734570819,False,False,False,비타겟
211030912,Q1_저가,-0.003831961288958,-0.0172511056616984,False,False,False,비타겟
72131584,Q4_고가,0.0157419101810963,-0.0172701052453141,False,False,False,비타겟
264548672,Q4_고가,0.0135988141946369,-0.017292122190521,False,False,True,비타겟
179610688,Q3,0.0255221673839343,-0.0173568101772035,False,False,False,비타겟
635659584,Q4_고가,0.0131399145510388,-0.0174066991575322,False,False,True,비타겟
150037184,Q1_저가,-0.0145212984219571,-0.0174459816038164,False,False,False,비타겟
1133886080,Q3,-0.0323504911251432,-0.0174866431132359,False,False,False,비타겟
636418688,Q3,-0.0057695560308551,-0.0175134486775787,False,False,False,비타겟
445360192,Q4_고가,0.0124567716826273,-0.0175206537464495,False,False,False,비타겟
802987264,Q1_저가,-0.0023060307201212,-0.0175221454805679,False,False,False,비타겟
1180195136,Q1_저가,0.0155214885624754,-0.0175385350359261,False,False,False,비타겟
1115318656,Q2,-0.0328021944492945,-0.017577390347386,False,False,False,비타겟
157084416,Q2,-0.0287999794943665,-0.017664158988297,False,False,False,비타겟
918944576,Q4_고가,0.0124228402976892,-0.0177003345690642,False,False,False,비타겟
818976704,Q1_저가,0.0025578712976178,-0.017752979150734,False,False,False,비타겟
562314176,Q2,-0.0059973725068505,-0.0177765853661285,False,False,False,비타겟
1248963648,Q1_저가,-0.0305459981044529,-0.0178191873321818,False,False,False,비타겟
1166210176,Q3,0.0185585449313702,-0.0178255898566435,False,False,False,비타겟
1571586560,Q3,0.0256558890263022,-0.0178664071068628,False,False,False,비타겟
1390338880,Q1_저가,-0.0245756371758543,-0.01787368929434,False,False,False,비타겟
149426560,Q4_고가,0.0094284160139204,-0.0179185648349476,False,False,True,비타겟
720645824,Q2,-0.0271689101797942,-0.0179546504111677,False,False,False,비타겟
981638400,Q3,6.654062943106664e-05,-0.0179794607935799,False,False,False,비타겟
323576896,Q1_저가,0.0236505115620494,-0.0179849843994892,False,False,False,비타겟
763406208,Q1_저가,0.0211712404245315,-0.0179957011963668,False,False,False,비타겟
463747584,Q1_저가,-0.0294502996720982,-0.0180308218136198,False,False,False,비타겟
759807424,Q3,0.0165906736095275,-0.0180830579042382,False,False,False,비타겟
1547978240,Q3,0.0195200030998096,-0.0181200920663455,False,False,False,비타겟
940344256,Q2,0.0016898206784095,-0.0181411669159189,False,False,False,비타겟
848888000,Q3,0.0136390708182251,-0.0181616528059135,False,False,False,비타겟
178343040,Q3,-0.0397695386955516,-0.0181669594247795,False,False,False,비타겟
837713024,Q2,0.0144929122269533,-0.0182099213129084,False,False,False,비타겟
1041770944,Q2,-0.0224893696132338,-0.0182151191519338,False,False,False,비타겟
222326528,Q2,-0.0175853850009872,-0.0182556009147007,False,False,False,비타겟
400161024,Q4_고가,0.0127089975263476,-0.0182556100459322,False,False,True,비타겟
806547072,Q2,-0.0206207579996235,-0.0182911324772055,False,False,False,비타겟
702716864,Q2,-0.0090995133102244,-0.0182911899486617,False,False,False,비타겟
761156736,Q4_고가,-0.0122773861335871,-0.0183110508607027,False,False,True,비타겟
43426688,Q3,0.0111545073124001,-0.018375955606114,False,False,False,비타겟
1045820736,Q3,-0.0031499005565703,-0.0184434485689038,False,False,False,비타겟
308842112,Q2,0.0042746406423651,-0.0184449334731025,False,False,False,비타겟
43872128,Q2,-0.01674835046898,-0.0185526281161768,False,False,False,비타겟
761784064,Q2,-0.0150155713611244,-0.0185545056158102,False,False,False,비타겟
340423808,Q3,0.0160934981695596,-0.0185884854977336,False,False,False,비타겟
1530140224,Q2,0.0078891439684413,-0.0185926917151767,False,False,False,비타겟
819733952,Q1_저가,0.0181666408679212,-0.0186262880135867,False,False,False,비타겟
554236864,Q3,0.0213094789604915,-0.0186311311128684,False,False,False,비타겟
569385536,Q2,-0.0002292032783109,-0.0186400001268607,False,False,False,비타겟
351929152,Q4_고가,0.016279818291621,-0.0186804702160638,False,False,True,비타겟
175481088,Q4_고가,-0.010684732628494,-0.0186847390105483,False,False,False,비타겟
114303616,Q3,0.0106769531015793,-0.0186969744939198,False,False,False,비타겟
1491669056,Q1_저가,0.0235980640673464,-0.0187221355573744,False,False,False,비타겟
403067520,Q4_고가,-0.000513281767987,-0.0187236813587091,False,False,False,비타겟
1031948992,Q2,-0.0346180459049338,-0.0187439026145412,False,False,False,비타겟
768332032,Q3,-0.0197418934067327,-0.0187647997194853,False,False,False,비타겟
978004352,Q4_고가,0.0588036038556081,-0.018773244631049,False,True,True,비타겟
769211776,Q3,0.0188775247287666,-0.0188057573422355,False,False,False,비타겟
58491840,Q4_고가,-0.0048347638297042,-0.0188628201716663,False,False,False,비타겟
1238555200,Q1_저가,0.0123884855057129,-0.0189000030656952,False,False,False,비타겟
664566784,Q4_고가,-0.0302274259171732,-0.0189054105942363,False,False,True,비타겟
744716288,Q1_저가,-0.0117664713125237,-0.0189365752733332,False,False,False,비타겟
1368761024,Q1_저가,-0.0202704442857004,-0.0189862820212354,False,False,False,비타겟
1235325760,Q4_고가,0.0149303205664896,-0.0189900601871201,False,False,True,비타겟
285252352,Q1_저가,0.0200907614439445,-0.0189985179019458,False,False,False,비타겟
192268608,Q2,-0.0005169414103141,-0.0190429593575018,False,False,False,비타겟
1056167936,Q4_고가,0.0157701193278654,-0.0190655553312157,False,False,False,비타겟
1459541696,Q1_저가,0.0135048158895837,-0.0190805392578576,False,False,False,비타겟
1284699072,Q1_저가,0.0143454223565858,-0.0191388492367623,False,False,False,비타겟
1024532416,Q4_고가,-0.0012503752445325,-0.0192102298849966,False,False,False,비타겟
1001982016,Q2,0.0006563782063107,-0.0192294490588881,False,False,False,비타겟
257987712,Q2,-0.0256541051705828,-0.0192393063704974,False,False,False,비타겟
1098020736,Q4_고가,-0.0234975188802768,-0.0192510758004809,False,False,False,비타겟
1018381632,Q4_고가,0.0004281875343069,-0.0192775537206501,False,False,True,비타겟
105756736,Q4_고가,-0.0310892922864413,-0.0193097896256653,False,False,False,비타겟
488313600,Q3,0.022990192243636,-0.0193424537062132,False,False,False,비타겟
1207910784,Q3,-0.0316371249564038,-0.0193476048038566,False,False,False,비타겟
515199616,Q1_저가,0.0045960321917027,-0.0193992421401751,False,False,False,비타겟
1518905856,Q1_저가,-0.0209425488186348,-0.0194439002489398,False,False,False,비타겟
842364160,Q4_고가,0.0217019825496276,-0.0194632799751544,False,False,False,비타겟
356795584,Q3,0.0008410832540883,-0.0194645493527938,False,False,False,비타겟
1058319040,Q1_저가,0.0239057941472125,-0.0194898097833436,False,False,False,비타겟
382276608,Q2,-0.0093181367211683,-0.0195065513834692,False,False,False,비타겟
672811136,Q3,-0.028091007106479,-0.019537914710701,False,False,False,비타겟
416935552,Q1_저가,-0.0230612704043505,-0.019723755865075,False,False,False,비타겟
448814208,Q3,-0.0205830832287251,-0.019744083916191,False,False,False,비타겟
688202944,Q4_고가,0.0032937869431147,-0.0198528842902219,False,False,True,비타겟
641218304,Q4_고가,0.0135565618384633,-0.0198692549903,False,False,True,비타겟
749254208,Q3,0.0044114381929251,-0.0198706476833047,False,False,False,비타겟
55535232,Q2,-0.0009176809329141,-0.0198952594953136,False,False,False,비타겟
1531942400,Q3,0.0182494312574607,-0.0199341571235246,False,False,False,비타겟
613437696,Q4_고가,0.006233896770609,-0.0199818780033881,False,False,False,비타겟
1312810048,Q4_고가,0.0027077479333154,-0.0200727360250965,False,False,False,비타겟
761539072,Q4_고가,0.0135011563116906,-0.0200865034227817,False,False,False,비타겟
1513272896,Q2,-0.0227549520618824,-0.0201015964760436,False,False,False,비타겟
1349046592,Q1_저가,0.000889876472399,-0.0201284471034756,False,False,False,비타겟
463350400,Q1_저가,0.0251398066924437,-0.0201613585528015,False,False,False,비타겟
1028960832,Q1_저가,0.0050704881583951,-0.0202067691264309,False,False,False,비타겟
269418816,Q1_저가,-0.0384661893945226,-0.0202470684621263,False,False,False,비타겟
769607104,Q2,-0.015339007777452,-0.0202511070814498,False,False,False,비타겟
1233159808,Q1_저가,0.019690598343984,-0.0202551621089831,False,False,False,비타겟
1514783680,Q4_고가,-0.0128936015758918,-0.0202580667861293,False,False,True,비타겟
685257472,Q4_고가,-0.0210604820035531,-0.0203185760795606,False,False,True,비타겟
595597824,Q4_고가,0.0184415010855494,-0.0204355029566267,False,False,False,비타겟
1177938240,Q1_저가,0.023324042130304,-0.0205135239609274,False,False,False,비타겟
363269312,Q1_저가,0.001178613462491,-0.020534584597921,False,False,False,비타겟
424075584,Q3,0.0073979157060301,-0.0205477786822357,False,False,False,비타겟
1545196096,Q3,-0.0241514213106059,-0.0206589033960235,False,False,False,비타겟
952237504,Q1_저가,-0.0216898218962665,-0.0206893243231091,False,False,False,비타겟
1137551680,Q3,-0.0030673358669063,-0.0207141125809161,False,False,False,비타겟
825376192,Q2,-0.0258630576982687,-0.0207393487607827,False,False,False,비타겟
1396929536,Q4_고가,0.0077524818048811,-0.0207470293548742,False,False,True,비타겟
1210113856,Q2,0.0252495499658327,-0.0207573864047365,False,False,False,비타겟
564934848,Q2,0.0034038643606536,-0.0207598795273011,False,False,False,비타겟
120859008,Q4_고가,-0.0270747150018055,-0.0208021065737023,False,False,True,비타겟
1550662016,Q3,0.0179368995675307,-0.0208101489911344,False,False,False,비타겟
701902080,Q3,-0.014206019024671,-0.0208539009450857,False,False,False,비타겟
917400384,Q4_고가,0.03820390677158,-0.020909035289321,False,True,True,비타겟
481492800,Q2,-0.0134495522749188,-0.020911680104718,False,False,False,비타겟
1422985920,Q1_저가,0.0041432968253077,-0.0210086738129787,False,False,False,비타겟
598548864,Q3,0.0010232526451331,-0.0210151826774218,False,False,False,비타겟
1006050368,Q3,-0.0327461907150318,-0.0210628556359306,False,False,False,비타겟
784924672,Q1_저가,-0.0186892744601193,-0.0210747193332796,False,False,False,비타겟
183480448,Q3,0.0126023116039974,-0.0210952276595243,False,False,False,비타겟
1557824320,Q2,-0.032526427273151,-0.0211162579490574,False,False,False,비타겟
1552892928,Q3,-0.0285852132077583,-0.0211514695537556,False,False,False,비타겟
777120192,Q1_저가,0.0164855861237772,-0.0212288206874947,False,False,False,비타겟
1305753536,Q2,0.0165826923260873,-0.0212555848368944,False,False,False,비타겟
1254282944,Q1_저가,-0.0123807858723685,-0.0212876100764281,False,False,False,비타겟
518644352,Q2,0.0214338837660796,-0.0213469969796962,False,False,False,비타겟
155646016,Q4_고가,-0.0165392553038067,-0.0213907840926499,False,False,True,비타겟
847624064,Q4_고가,-0.0204761259487504,-0.0213943473099749,False,False,True,비타겟
1635794880,Q2,0.0214552845416428,-0.0213989138510658,False,False,False,비타겟
812484416,Q2,-0.0328695823551427,-0.0214344807651728,False,False,False,비타겟
1452282880,Q1_저가,0.0171425382671348,-0.0214865957251169,False,False,False,비타겟
249314624,Q1_저가,0.0256194400270688,-0.021528665641011,False,False,False,비타겟
598329856,Q1_저가,0.0080584116151457,-0.0215426874705965,False,False,False,비타겟
857214016,Q3,-0.0208116197422738,-0.0215649815943697,False,False,False,비타겟
1263921152,Q2,-0.0058399661133728,-0.0215866524265708,False,False,False,비타겟
745991360,Q4_고가,0.012154197042426,-0.0216451072205512,False,False,False,비타겟
412174912,Q1_저가,0.014246937037706,-0.021646342188176,False,False,False,비타겟
613072064,Q1_저가,-0.0099592163486124,-0.0217201914529608,False,False,False,비타겟
180288128,Q4_고가,-0.0028102552726402,-0.0217498402459823,False,False,False,비타겟
980391168,Q2,0.0122421727328922,-0.021750351162886,False,False,False,비타겟
743539584,Q4_고가,-0.0063247393146087,-0.0217787614761799,False,False,True,비타겟
1284591424,Q3,0.0180605165536039,-0.0218358901703648,False,False,False,비타겟
264047552,Q2,-0.0232622878162716,-0.0218760085267247,False,False,False,비타겟
1616397824,Q2,0.0162634647889103,-0.0219924903328352,False,False,False,비타겟
93013440,Q2,-0.0287087062382599,-0.0220113368672502,False,False,False,비타겟
718511424,Q1_저가,0.0204676608363685,-0.0220259199665583,False,False,False,비타겟
140220800,Q2,0.0037127962987887,-0.0220344463093446,False,False,False,비타겟
29868608,Q1_저가,-0.0154316790905064,-0.0220464236544134,False,False,False,비타겟
796446720,Q3,-0.0399308018260587,-0.0220909710269324,False,False,False,비타겟
763042432,Q2,-0.02464517203969,-0.0221344230177153,False,False,False,비타겟
360232896,Q3,0.012778631359138,-0.0223644979927696,False,False,False,비타겟
218475328,Q2,0.0127421705253465,-0.022486579985798,False,False,False,비타겟
188074048,Q3,-0.0166815356262475,-0.0225062594166722,False,False,False,비타겟
785600256,Q1_저가,0.0007695484876437,-0.0226269085785727,False,False,False,비타겟
57359680,Q2,-0.0055918421071206,-0.022643322794776,False,False,False,비타겟
685537728,Q4_고가,-0.0274798342503402,-0.0226740996962011,False,False,True,비타겟
654316096,Q4_고가,-0.0119106792022119,-0.0226887517121002,False,False,True,비타겟
1634415872,Q2,0.0261107950410283,-0.0227233953711922,False,False,False,비타겟
698006336,Q3,-0.0062918330858768,-0.0227409696703453,False,False,False,비타겟
874261376,Q3,-0.0353437054400835,-0.0227800941050141,False,False,False,비타겟
481609728,Q1_저가,0.0246824900402491,-0.0227895784041266,False,False,False,비타겟
1476770944,Q3,0.0232644416839198,-0.0228253855325397,False,False,False,비타겟
1306217536,Q2,-0.0056826571486527,-0.0229672324097114,False,False,False,비타겟
147156672,Q1_저가,0.0143066405863922,-0.0230029465853277,False,False,False,비타겟
747294272,Q2,-0.0189986465806052,-0.0230465254778957,False,False,False,비타겟
1569914304,Q3,-0.0134719894275384,-0.0230631177573489,False,False,False,비타겟
1140203904,Q1_저가,0.0154748093380888,-0.023146203411982,False,False,False,비타겟
618686464,Q2,0.0027230032174252,-0.0231576861303243,False,False,False,비타겟
1301011456,Q3,-0.0356688024888347,-0.0231929756779022,False,False,False,비타겟
393980544,Q1_저가,-0.0320962252961247,-0.0232728213879716,False,False,False,비타겟
802194752,Q1_저가,-0.0139680615724626,-0.0232968200264257,False,False,False,비타겟
1136200512,Q4_고가,0.0160769902398139,-0.0233007039251396,False,False,True,비타겟
749046336,Q3,-0.0124304722375349,-0.0233499574969837,False,False,False,비타겟
1348990912,Q2,-0.0139239300510167,-0.0233859442225666,False,False,False,비타겟
1567846720,Q4_고가,0.0188953129138408,-0.023468729742309,False,False,False,비타겟
142160320,Q3,-0.0316353561178216,-0.023572157407891,False,False,False,비타겟
1376873600,Q3,-0.0281820983461125,-0.0235805558677425,False,False,False,비타겟
1468346560,Q2,-0.0317965134269387,-0.0235989386619179,False,False,False,비타겟
1086095936,Q1_저가,-0.0391176664531769,-0.0236545698632916,False,False,False,비타겟
558867584,Q2,-0.0225114528675297,-0.0236793856775983,False,False,False,비타겟
1037607936,Q1_저가,0.0263098565787762,-0.0237128704286956,False,False,False,비타겟
784091328,Q3,0.0089203683225466,-0.023866422588524,False,False,False,비타겟
451867328,Q4_고가,0.0185523767776838,-0.0238907666976406,False,False,True,비타겟
822679424,Q2,0.0074673532972431,-0.0239145372129389,False,False,False,비타겟
1288255168,Q2,-0.0279453282989455,-0.0239418336007856,False,False,False,비타겟
348569792,Q2,0.0253911928765584,-0.0239529591565303,False,False,False,비타겟
1494573696,Q1_저가,-0.0265718613785442,-0.0239535364281571,False,False,False,비타겟
981263488,Q1_저가,-0.0325976764110939,-0.0239655364945754,False,False,False,비타겟
1355659520,Q4_고가,0.0117020457836803,-0.0240089050206296,False,False,True,비타겟
578368576,Q2,-0.0211575548007259,-0.0240270019623402,False,False,False,비타겟
1409535488,Q2,-0.0221954398354459,-0.0240765920922783,False,False,False,비타겟
644468160,Q4_고가,0.0049544960650564,-0.0241715823958115,False,False,False,비타겟
1209488384,Q3,0.0198913941928285,-0.0241864372505635,False,False,False,비타겟
315263872,Q4_고가,0.0076524238820786,-0.0242052409293306,False,False,True,비타겟
1461186112,Q4_고가,-0.0117812968182348,-0.0242592075006753,False,False,True,비타겟
233859712,Q2,0.0232312195952576,-0.0242697784944927,False,False,False,비타겟
322682304,Q2,-0.0246976260501066,-0.0242931746152187,False,False,False,비타겟
856943040,Q2,0.0178906492982591,-0.024353331201824,False,False,False,비타겟
764345344,Q2,-0.0232370491089055,-0.0243649307658202,False,False,False,비타겟
880668288,Q1_저가,-0.0205063765074375,-0.0243886862383852,False,False,False,비타겟
1465512448,Q2,0.0208291710526403,-0.0243901049710995,False,False,False,비타겟
190225152,Q2,-0.007259622038633,-0.0243956601532249,False,False,False,비타겟
814895360,Q1_저가,0.0012469254579702,-0.0244087433348773,False,False,False,비타겟
1279311104,Q1_저가,-0.0096710283526307,-0.0244125426292612,False,False,False,비타겟
560597376,Q1_저가,0.0237746931016641,-0.0244609953086076,False,False,False,비타겟
992614784,Q3,-0.0321592503486985,-0.0244703083319075,False,False,False,비타겟
456303168,Q1_저가,0.014480833220647,-0.0244833827977752,False,False,False,비타겟
1212250112,Q1_저가,-0.0177348488064548,-0.0244987762571438,False,False,False,비타겟
559138560,Q4_고가,-0.0266830559674323,-0.0245078118916645,False,False,True,비타겟
155122624,Q2,-0.0106772138448773,-0.0246406266822302,False,False,False,비타겟
226073792,Q2,0.0113859059234109,-0.0246538421754324,False,False,False,비타겟
610484800,Q1_저가,-0.0267019798295958,-0.0246790283512379,False,False,False,비타겟
1009508096,Q1_저가,-0.0097151354833949,-0.0247012303063911,False,False,False,비타겟
815058688,Q3,0.0065151084995211,-0.0247209104922778,False,False,False,비타겟
930611392,Q3,-0.0033039902000158,-0.0248197469720062,False,False,False,비타겟
228787264,Q4_고가,0.0165786581538588,-0.0248598754210775,False,False,False,비타겟
1170707264,Q1_저가,-0.0367504134830614,-0.0249630244264215,False,False,False,비타겟
192331712,Q1_저가,0.0151758751926206,-0.0250118529512901,False,False,False,비타겟
744185472,Q4_고가,0.0097686826655263,-0.0250894615143852,False,False,True,비타겟
125363520,Q4_고가,0.012489957468087,-0.0252435931068578,False,False,False,비타겟
1058411840,Q4_고가,-0.0307763339623024,-0.0252811571354463,False,False,True,비타겟
1584511744,Q2,-0.0233025411135091,-0.0252862349746818,False,False,False,비타겟
943956032,Q2,0.0242532849535508,-0.0253665952610058,False,False,False,비타겟
747867776,Q1_저가,-0.0213040576817101,-0.0254592044057206,False,False,False,비타겟
1279142208,Q4_고가,-0.0074863118947538,-0.0254638294111121,False,False,True,비타겟
864940544,Q2,-0.0310406301309485,-0.02547342433281,False,False,False,비타겟
102178368,Q4_고가,-0.0288607709749154,-0.0254935340409982,False,False,False,비타겟
682878080,Q1_저가,-0.0398367370149581,-0.0255010865510506,False,False,False,비타겟
63655232,Q3,0.0046924649429763,-0.0255496417167047,False,False,False,비타겟
1263483136,Q1_저가,-0.0247301839766563,-0.0255716751999246,False,False,False,비타겟
1296106048,Q2,-0.0089623501794062,-0.0255827006824612,False,False,False,비타겟
1058584448,Q2,-0.0270381135686421,-0.0256014666391128,False,False,False,비타겟
189677632,Q3,-0.0145907622155846,-0.0256177685458131,False,False,False,비타겟
1361880832,Q2,-0.0041587176919725,-0.0256403050366852,False,False,False,비타겟
881535040,Q2,-0.0262862973232866,-0.0258116520141236,False,False,False,비타겟
199870784,Q3,0.0082241959045337,-0.0258183780326934,False,False,False,비타겟
545428288,Q1_저가,-0.0118205392952212,-0.0258368515960119,False,False,False,비타겟
1248395712,Q3,-0.016128800758855,-0.025846040931317,False,False,False,비타겟
749118720,Q2,-0.0195173371205778,-0.0258666541538662,False,False,False,비타겟
215841664,Q4_고가,-0.0284949564141583,-0.0258854213970952,False,False,False,비타겟
1469359936,Q4_고가,-0.0266869974603435,-0.0259440357533166,False,False,True,비타겟
580486272,Q1_저가,0.0134639830743696,-0.0259829339747587,False,False,False,비타겟
1509492224,Q4_고가,0.0066945981472854,-0.0259853063303898,False,False,True,비타겟
1034840640,Q3,-0.015831419317453,-0.0259935966978753,False,False,False,비타겟
1386634304,Q2,3.447621278468427e-05,-0.0260987389357403,False,False,False,비타겟
888530304,Q2,0.0197709910193218,-0.0261386028777359,False,False,False,비타겟
395489472,Q1_저가,0.0113614149846509,-0.0262310497907508,False,False,False,비타겟
719595328,Q1_저가,-0.0227697503313692,-0.0262370079391522,False,False,False,비타겟
880770368,Q1_저가,0.0048100586522278,-0.0262385498381397,False,False,False,비타겟
997100736,Q4_고가,0.0333331495008856,-0.0262743210034526,False,True,True,비타겟
696851904,Q1_저가,0.0186282787925408,-0.0262838087324575,False,False,False,비타겟
597980928,Q2,-0.034570184087809,-0.0263383591734706,False,False,False,비타겟
117562752,Q2,-0.0246291113497634,-0.0263548399836384,False,False,False,비타겟
727076864,Q1_저가,-0.0273333984640056,-0.0264484843064469,False,False,False,비타겟
748461696,Q2,-0.001629313122645,-0.0264514711226726,False,False,False,비타겟
757021568,Q3,-0.0293965395723877,-0.0264543960115195,False,False,False,비타겟
1133327424,Q3,-0.033996678056669,-0.0266410713063388,False,False,False,비타겟
595057728,Q1_저가,-0.0240659856740473,-0.026645016882121,False,False,False,비타겟
754866752,Q2,-0.0249768719742678,-0.0266982282778077,False,False,False,비타겟
108420096,Q2,-0.0232957822087764,-0.0267527664457986,False,False,False,비타겟
1616498048,Q3,0.0024078095401627,-0.026771529330146,False,False,False,비타겟
828859904,Q3,0.0156971976884772,-0.0267772195977858,False,False,False,비타겟
267904320,Q1_저가,-0.0280781487889714,-0.0268320030524009,False,False,False,비타겟
1356284992,Q4_고가,0.0181691573794656,-0.0268751322929929,False,False,False,비타겟
1493367296,Q3,0.0112578962560175,-0.0268757274545458,False,False,False,비타겟
762487488,Q2,0.0165462032690434,-0.0269033384738222,False,False,False,비타겟
300328640,Q1_저가,-0.0220602279311716,-0.0269158449658198,False,False,False,비타겟
591570304,Q2,-0.0085891592798429,-0.0270016549754965,False,False,False,비타겟
186401792,Q1_저가,0.0055011716307414,-0.0271483235402969,False,False,False,비타겟
765986048,Q3,-0.0307524876020294,-0.0271564750279368,False,False,False,비타겟
1394837824,Q4_고가,0.0076926860181071,-0.0272019382083566,False,False,True,비타겟
1206229248,Q1_저가,0.0221662080068667,-0.02723759462405,False,False,False,비타겟
1563394176,Q1_저가,0.0131461762308381,-0.0272837589171845,False,False,False,비타겟
480722560,Q3,0.015351439906023,-0.0272964521155567,False,False,False,비타겟
907494912,Q3,0.0076222732638724,-0.0273934502845257,False,False,False,비타겟
1472355520,Q2,0.0147033993259498,-0.0273941191494652,False,False,False,비타겟
1533005888,Q3,0.0193426639428487,-0.0274311710500042,False,False,False,비타겟
1560541504,Q2,-0.0168327172470386,-0.0275032310297836,False,False,False,비타겟
112698176,Q4_고가,0.0162906869960756,-0.0275208441159096,False,False,True,비타겟
980675136,Q1_저가,-0.0177208503973281,-0.0275572867154829,False,False,False,비타겟
1442009920,Q3,0.0195978969578758,-0.0275865529641574,False,False,False,비타겟
138689600,Q4_고가,0.0083812888914227,-0.0276317583590108,False,False,True,비타겟
761245824,Q1_저가,0.0223174363597096,-0.0276478224486064,False,False,False,비타겟
404999616,Q1_저가,0.024438201492791,-0.0276931071371097,False,False,False,비타겟
369316160,Q2,-0.0345061342332656,-0.0276962187486407,False,False,False,비타겟
1038166592,Q3,-0.0004964294486689,-0.0277119202991969,False,False,False,비타겟
744131648,Q3,0.0007406659080521,-0.0277439716585443,False,False,False,비타겟
722899008,Q2,0.0212762405215761,-0.0277569452996228,False,False,False,비타겟
192897792,Q1_저가,0.0216292929995327,-0.027766671345676,False,False,False,비타겟
786990400,Q3,-0.0202474685225854,-0.027793658926034,False,False,False,비타겟
669340416,Q2,-0.0135454502382974,-0.0277964003619678,False,False,False,비타겟
997406976,Q2,0.0079966711221123,-0.0278475097808859,False,False,False,비타겟
57250176,Q3,-0.0088528076905456,-0.0278580169870083,False,False,False,비타겟
1519813440,Q3,0.0216619998910948,-0.027937080305881,False,False,False,비타겟
1630124800,Q4_고가,0.0257365548305197,-0.0279448141506168,False,False,True,비타겟
684448256,Q2,-0.0004766137137163,-0.0279545154253669,False,False,False,비타겟
1009040384,Q4_고가,0.0161388151878056,-0.0280392233706828,False,False,False,비타겟
599449024,Q2,-0.0115560819347817,-0.0281491974922093,False,False,False,비타겟
566783424,Q2,0.0235959771577725,-0.0282233006902341,False,False,False,비타겟
53465792,Q3,-0.0470038700953675,-0.0282269111413337,False,False,False,비타겟
1059365824,Q2,0.002100173617075,-0.028308555105899,False,False,False,비타겟
150029760,Q2,0.0256554549204856,-0.0283315804396189,False,False,False,비타겟
1145758912,Q3,0.0142079452751187,-0.0283316169298339,False,False,False,비타겟
997542464,Q4_고가,-0.0201320099041244,-0.0283378298886516,False,False,True,비타겟
20588608,Q4_고가,0.0066977522715703,-0.0284587171819612,False,False,True,비타겟
1197704640,Q1_저가,-0.0345840987996353,-0.0284662835579217,False,False,False,비타겟
98204672,Q2,0.0148407287881282,-0.0285165365530022,False,False,False,비타겟
1461113728,Q3,-0.0240912905856527,-0.0285175194889294,False,False,False,비타겟
867037824,Q2,-0.0016881234273162,-0.0285512313790833,False,False,False,비타겟
1327205184,Q4_고가,-0.0194772702100246,-0.0285745555005127,False,False,True,비타겟
60926912,Q2,-0.0295776661922262,-0.0285921271207554,False,False,False,비타겟
124390976,Q1_저가,0.0089984640707575,-0.0286488747252885,False,False,False,비타겟
689093824,Q3,0.006684737117042,-0.0286654070545792,False,False,False,비타겟
58480704,Q3,-0.0164415962564851,-0.0287148221786145,False,False,False,비타겟
862891520,Q3,-0.033470039878979,-0.0287385290558474,False,False,False,비타겟
725347072,Q2,-0.0096083968593691,-0.0288071825842487,False,False,False,비타겟
231331840,Q4_고가,-0.0188369225447843,-0.0288117569395098,False,False,True,비타겟
107657280,Q4_고가,-0.0032054881788559,-0.0289364477456624,False,False,True,비타겟
244008320,Q2,0.0033616161416468,-0.02896428042314,False,False,False,비타겟
1050228736,Q2,-0.0281055827461509,-0.0289944875520556,False,False,False,비타겟
1343359808,Q4_고가,0.0065368550644047,-0.0290529749836504,False,False,True,비타겟
561020544,Q2,0.0188783853530485,-0.0290970245584783,False,False,False,비타겟
1172782272,Q2,0.0143391315582933,-0.0291769455354866,False,False,False,비타겟
54623936,Q2,0.0080929132324623,-0.0291871525758262,False,False,False,비타겟
742522496,Q1_저가,0.0086830343467355,-0.0292134725276678,False,False,False,비타겟
773623488,Q3,0.002524248847368,-0.0292282035685813,False,False,False,비타겟
1015614336,Q4_고가,-0.0095873413514155,-0.0292732245181933,False,False,True,비타겟
1212749376,Q3,-0.0189311052681311,-0.0293070414541113,False,False,False,비타겟
1571807424,Q2,-0.0270257285818391,-0.0293090518024692,False,False,False,비타겟
565686528,Q2,-0.0069179385726798,-0.0293125664874449,False,False,False,비타겟
1001707328,Q3,-0.0150848730969085,-0.0294381593643728,False,False,False,비타겟
762387264,Q3,-0.0329637733249806,-0.0294467312267845,False,False,False,비타겟
983024832,Q4_고가,-0.0341171059053852,-0.0294572589950702,False,False,False,비타겟
906036096,Q1_저가,-0.0234600547136261,-0.0294711075948794,False,False,False,비타겟
768656832,Q2,-0.0265721603856647,-0.0295520467181351,False,False,False,비타겟
297746944,Q4_고가,-0.0349770264090036,-0.0295586403031263,False,False,True,비타겟
322468864,Q3,0.0147930096704389,-0.0295659245116812,False,False,False,비타겟
748946112,Q4_고가,-0.0285664336907995,-0.0296134035375472,False,False,True,비타겟
208571712,Q1_저가,0.0232508961277543,-0.0296251628874146,False,False,False,비타겟
269949632,Q1_저가,-0.0242258352943829,-0.0296562918984608,False,False,False,비타겟
766830528,Q2,0.0191187193593231,-0.0296777548236633,False,False,False,비타겟
479892928,Q1_저가,-0.0070902446016438,-0.0297043285557906,False,False,False,비타겟
1352600832,Q3,0.0022396467049572,-0.0297444931150717,False,False,False,비타겟
854303808,Q4_고가,0.0046746197694731,-0.0297648839759541,False,False,True,비타겟
659570432,Q2,0.0015791783769224,-0.0297989259363026,False,False,False,비타겟
153893952,Q1_저가,0.0131221713235512,-0.0298166912989272,False,False,False,비타겟
1052060608,Q2,0.0219004513717392,-0.0298482751479767,False,False,False,비타겟
931810368,Q1_저가,-0.0202147668908995,-0.0298529169294612,False,False,False,비타겟
746427520,Q2,-0.0203660480114576,-0.0298588267059196,False,False,False,비타겟
690040384,Q1_저가,-0.0021305148718366,-0.0299115862309224,False,False,False,비타겟
1149558144,Q3,0.0166396297655636,-0.0299490305781601,False,False,False,비타겟
1192995968,Q3,0.0231543400597379,-0.0300668931638875,False,False,False,비타겟
1100086464,Q4_고가,0.0283611800707204,-0.0301355322077413,False,True,True,비타겟
658534784,Q3,0.0132871067938824,-0.0302396896662828,False,False,False,비타겟
1524390336,Q2,-0.0298771609058407,-0.0302790728425014,False,False,False,비타겟
1149018048,Q3,0.0055443170495278,-0.0302835412110851,False,False,False,비타겟
1503096448,Q3,-0.0080397177565936,-0.0302907279551066,False,False,False,비타겟
1311477440,Q2,0.0150786337797952,-0.0303630248175054,False,False,False,비타겟
566423360,Q4_고가,0.0123752824370144,-0.0304671492087066,False,False,True,비타겟
807569728,Q2,0.0228131800509892,-0.0305076783866167,False,False,False,비타겟
978221504,Q4_고가,0.0146165248445815,-0.0305368618951887,False,False,False,비타겟
999569216,Q2,-0.0217223741482052,-0.0305860827209151,False,False,False,비타겟
811493312,Q2,-0.023429766825874,-0.0306454538023553,False,False,False,비타겟
1238440128,Q1_저가,0.0190148659583223,-0.0306643472201885,False,False,False,비타겟
54603520,Q4_고가,-0.0287166097557017,-0.0306945918451387,False,False,True,비타겟
444491584,Q4_고가,0.0142727621907963,-0.0307219482230814,False,False,False,비타겟
763452608,Q2,0.0198519875047051,-0.0309034082215366,False,False,False,비타겟
133372160,Q1_저가,0.0169845107219738,-0.0309715168318193,False,False,False,비타겟
669158528,Q2,0.0233845823801277,-0.0310949135975082,False,False,False,비타겟
909026112,Q2,0.0068064985704963,-0.0311587587920557,False,False,False,비타겟
1376843904,Q1_저가,0.022252707983657,-0.0312151333220263,False,False,False,비타겟
246003520,Q4_고가,0.0622581719875448,-0.0312184680259675,False,True,True,비타겟
677913280,Q2,-0.0053028209176699,-0.0312540993175974,False,False,False,비타겟
322407616,Q3,0.0068525180705341,-0.0312804447336967,False,False,False,비타겟
1257527232,Q3,0.0060970557184497,-0.0313035962133247,False,False,False,비타겟
223961664,Q4_고가,-0.0071500725484236,-0.0313250104755011,False,False,True,비타겟
1542055744,Q2,-0.0018393696468266,-0.0313457200152003,False,False,False,비타겟
338781248,Q4_고가,0.009908470089655,-0.0313975414348192,False,False,True,비타겟
1599779200,Q1_저가,0.0048860956220274,-0.0314099558459115,False,False,False,비타겟
75403712,Q2,0.0027213088167166,-0.0314496139734453,False,False,False,비타겟
688258624,Q4_고가,-0.0255785216786468,-0.0314798735931164,False,False,False,비타겟
38968576,Q2,-0.0073766563094942,-0.0315212391947171,False,False,False,비타겟
584641856,Q4_고가,0.0078350987903706,-0.0315395371653864,False,False,True,비타겟
1495980544,Q1_저가,0.013415056693199,-0.0316101165268639,False,False,False,비타겟
700526784,Q3,-0.024795829700861,-0.0316288648579061,False,False,False,비타겟
553817408,Q2,-0.0184090358566646,-0.0316370544643708,False,False,False,비타겟
765080320,Q1_저가,0.0167644212958912,-0.031682265883968,False,False,False,비타겟
1219874560,Q2,0.0159674072563327,-0.0316976081180166,False,False,False,비타겟
72168704,Q2,-0.0008222515278337,-0.0317108455364262,False,False,False,비타겟
867332928,Q2,0.0225060711563023,-0.0317318203741816,False,False,False,비타겟
910304896,Q2,-0.0045655333760666,-0.0317996441592367,False,False,False,비타겟
1479527104,Q2,-0.0122364411617186,-0.0318489926939265,False,False,False,비타겟
1288303424,Q3,0.0063896430937046,-0.0318502811082043,False,False,False,비타겟
1055976768,Q1_저가,-0.0054190115786338,-0.031881532350133,False,False,False,비타겟
1561126144,Q2,-0.0125287141782433,-0.0319572311017626,False,False,False,비타겟
311956480,Q3,-0.0192587431698636,-0.0319648735976898,False,False,False,비타겟
763378368,Q2,-0.0221522909166881,-0.0319671845479507,False,False,False,비타겟
838087936,Q1_저가,-0.0081457789719947,-0.0320224814786102,False,False,False,비타겟
975691776,Q4_고가,-0.0305253890041938,-0.0320315327163248,False,False,True,비타겟
350622528,Q3,-0.0344222897048835,-0.0320568458091663,False,False,False,비타겟
1449686336,Q1_저가,-0.0074899975281407,-0.0320713947549875,False,False,False,비타겟
195227072,Q2,-0.0124084668868845,-0.0321240083229975,False,False,False,비타겟
167429760,Q3,-0.0191103913076994,-0.0322062450164735,False,False,False,비타겟
308619392,Q3,0.009719885701077,-0.032210547260483,False,False,False,비타겟
980225984,Q3,0.0075073773768082,-0.0322138503452464,False,False,False,비타겟
153489344,Q4_고가,-0.0057416845146547,-0.0322622853937929,False,False,True,비타겟
1188751296,Q4_고가,-0.001399482020331,-0.0323097681241437,False,False,True,비타겟
905499712,Q3,-0.0070874616490752,-0.0323110932765803,False,False,False,비타겟
1388401216,Q1_저가,0.0240495567457817,-0.0323517703215099,False,False,False,비타겟
1045945088,Q2,-0.0117932735212186,-0.0324095988300373,False,False,False,비타겟
521662208,Q3,0.0071046219579926,-0.0324947469308046,False,False,False,비타겟
763068416,Q2,0.0040608086282229,-0.0325338381165818,False,False,False,비타겟
883593344,Q2,-0.008021780421138,-0.0325359257847365,False,False,False,비타겟
317214528,Q1_저가,-0.0298525300982498,-0.0325374715376443,False,False,False,비타겟
276480896,Q1_저가,0.0259240211671154,-0.0327009352305335,False,False,False,비타겟
1537471424,Q1_저가,0.0239852097041969,-0.0327722122873309,False,False,False,비타겟
580855616,Q4_고가,-0.0090182691855993,-0.0327781758947997,False,False,True,비타겟
1596243520,Q2,0.0096349763760948,-0.0328018459975924,False,False,False,비타겟
744701440,Q3,-0.0204644082990529,-0.0328233590312667,False,False,False,비타겟
836905664,Q3,-0.0371390811982731,-0.0328531071887082,False,False,False,비타겟
739066624,Q3,0.019068528911353,-0.0328791843287047,False,False,False,비타겟
1122725952,Q4_고가,0.0229921237219582,-0.0328945238876315,False,False,False,비타겟
1052012352,Q2,0.0111471314707622,-0.033110041904808,False,False,False,비타겟
682935616,Q3,-0.033642882101114,-0.0332127528466546,False,False,False,비타겟
438112512,Q1_저가,0.0257210182528312,-0.033251189135577,False,False,False,비타겟
608114688,Q3,0.0254579709455129,-0.0332674741398001,False,False,False,비타겟
762055040,Q3,-0.0241261802925802,-0.0332832380986236,False,False,False,비타겟
1238753792,Q4_고가,-0.0132472517319948,-0.0333227549599777,False,False,True,비타겟
1232196544,Q2,-0.025775473004397,-0.0333320045729744,False,False,False,비타겟
1015246848,Q3,0.024330067821904,-0.0333432809528037,False,False,False,비타겟
762413248,Q3,-0.0342338777470245,-0.0334041824950298,False,False,False,비타겟
859521024,Q4_고가,0.0028000735954039,-0.033467693956935,False,False,False,비타겟
1532465792,Q3,-0.0180010584984094,-0.0334783759988651,False,False,False,비타겟
1028244416,Q4_고가,0.0078955791365703,-0.0335021064839751,False,False,True,비타겟
777470976,Q3,-0.0256536613080878,-0.0335407906658725,False,False,False,비타겟
1295738560,Q3,0.0074707360039287,-0.0335413251584616,False,False,False,비타겟
642974080,Q2,0.0123786453755521,-0.0336123156053546,False,False,False,비타겟
1325956096,Q2,0.0216404273687201,-0.0336510506136159,False,False,False,비타겟
1369496000,Q1_저가,-0.0190487393222852,-0.033702676324612,False,False,False,비타겟
650192064,Q4_고가,-0.0200879328854982,-0.0338289163678795,False,False,True,비타겟
1207649088,Q2,-0.0306935179267963,-0.033857868235101,False,False,False,비타겟
71056960,Q3,-0.02876402300412,-0.0339046678701601,False,False,False,비타겟
1070388608,Q4_고가,0.0023761576479123,-0.0339256798758064,False,False,True,비타겟
1051939968,Q3,0.0053821551615577,-0.0339476596148534,False,False,False,비타겟
1376819776,Q1_저가,0.0259491164676215,-0.0340071375999794,False,False,False,비타겟
236625152,Q2,-0.0107459563500553,-0.0340229182237512,False,False,False,비타겟
846484480,Q2,0.0113787330120139,-0.0341046620092846,False,False,False,비타겟
208321152,Q4_고가,-0.0161945670342661,-0.0341221949912472,False,False,True,비타겟
131616384,Q4_고가,0.0420928496373348,-0.0342849243572473,False,True,True,비타겟
1246953600,Q2,-0.0092603259727986,-0.0343942724240632,False,False,False,비타겟
769417792,Q3,0.0169187397715433,-0.0344422072273082,False,False,False,비타겟
1158171840,Q1_저가,-0.0087481355037655,-0.0344470754847399,False,False,False,비타겟
1298249728,Q1_저가,-0.0025863654952746,-0.0345694382818412,False,False,False,비타겟
1073976256,Q3,-0.0302973544624113,-0.0345760609836688,False,False,False,비타겟
886280832,Q1_저가,0.0197855827216406,-0.0345930743273932,False,False,False,비타겟
408947328,Q4_고가,0.0790074145359678,-0.0346036666797935,False,True,True,비타겟
630772736,Q3,0.0004548029049313,-0.0346149920076991,False,False,False,비타겟
46995776,Q3,-0.0304856768810376,-0.034624182996897,False,False,False,비타겟
744736704,Q3,0.0081391988738902,-0.0346733855144256,False,False,False,비타겟
947803520,Q4_고가,-0.0249767617228423,-0.0346782301688338,False,False,True,비타겟
724029312,Q4_고가,0.0053944818967792,-0.0347713504524894,False,False,True,비타겟
1124212608,Q1_저가,-0.0132858379161755,-0.0347747143926356,False,False,False,비타겟
765462656,Q3,-0.0188975907684108,-0.0347939466666414,False,False,False,비타겟
748678848,Q1_저가,-0.0155621827718898,-0.034800267645818,False,False,False,비타겟
1014864512,Q4_고가,-0.007387957902323,-0.0348424263391299,False,False,True,비타겟
748684416,Q4_고가,-0.0205577587737294,-0.0348440662081522,False,False,True,비타겟
1224635200,Q1_저가,0.0122056759013203,-0.0349129231625282,False,False,False,비타겟
120294784,Q1_저가,0.0200734949412008,-0.0349633361007704,False,False,False,비타겟
363660928,Q3,0.007165841284538,-0.0349866358115111,False,False,False,비타겟
1537206016,Q3,0.001917905728096,-0.035034836270613,False,False,False,비타겟
1549429632,Q2,0.0060364765908428,-0.0350636358261885,False,False,False,비타겟
596653888,Q3,-0.002745928958394,-0.0350960834778381,False,False,False,비타겟
386417344,Q4_고가,0.0374956255674256,-0.03516272582482,False,True,True,비타겟
936506048,Q1_저가,-0.0082332603681894,-0.0352152452475968,False,False,False,비타겟
560725440,Q1_저가,0.02272531145685,-0.0352281787690305,False,False,False,비타겟
818397632,Q3,0.0076381603373916,-0.0352385143075303,False,False,False,비타겟
137815424,Q1_저가,0.0259098402390578,-0.0352719395135432,False,False,False,비타겟
1166798528,Q2,-0.0122240452053071,-0.0352722266155006,False,False,False,비타겟
18764160,Q4_고가,-0.0067514596199156,-0.0352875184203562,False,False,True,비타겟
825840192,Q4_고가,0.0079909129762817,-0.0353138162071013,False,False,True,비타겟
658596032,Q3,0.0095477307635163,-0.0353425046302036,False,False,False,비타겟
889337664,Q2,-0.009403885936712,-0.0354041487793778,False,False,False,비타겟
1255277760,Q1_저가,0.0082915733500928,-0.0354386501989297,False,False,False,비타겟
881174976,Q2,-0.0314082600470172,-0.0354455897955932,False,False,False,비타겟
743908928,Q4_고가,-0.0025252194983797,-0.0354648457504905,False,False,True,비타겟
419483840,Q1_저가,0.0228518992213146,-0.0355021283732842,False,False,False,비타겟
279008768,Q3,0.0087585928359719,-0.0355168962220149,False,False,False,비타겟
1120068160,Q2,-0.0185082167159141,-0.0355672624029786,False,False,False,비타겟
426026240,Q4_고가,0.007960624881241,-0.0355903414300512,False,False,True,비타겟
404463232,Q3,0.0118164357934428,-0.0356208000519819,False,False,False,비타겟
869073856,Q1_저가,0.0197872319735263,-0.0356489722974548,False,False,False,비타겟
807905664,Q1_저가,-0.0079116317539316,-0.0356659950814385,False,False,False,비타겟
1226396544,Q2,0.0050887718255418,-0.0356675151544859,False,False,False,비타겟
970571072,Q3,-0.0274134890121464,-0.0357070895109645,False,False,False,비타겟
1150228160,Q1_저가,0.0207337232520153,-0.0357430582942605,False,False,False,비타겟
452121600,Q2,0.0033629070692314,-0.0357596089163082,False,False,False,비타겟
1026117440,Q2,-0.0112773617676107,-0.0357868909036465,False,False,False,비타겟
858091904,Q2,0.0144033531987977,-0.0357991418283861,False,False,False,비타겟
1486717248,Q3,-0.0277664045267287,-0.0358011047275589,False,False,False,비타겟
371608320,Q4_고가,0.0061586445796271,-0.0358174008760732,False,False,True,비타겟
1359445760,Q4_고가,-0.0108796043238748,-0.0358314411512931,False,False,True,비타겟
108184384,Q1_저가,-0.0207456573612859,-0.0358588494643273,False,False,False,비타겟
789108096,Q1_저가,0.0004546480105862,-0.035930987043585,False,False,False,비타겟
1569944000,Q1_저가,-0.0430791634235619,-0.0359745115942668,False,False,False,비타겟
1610822400,Q2,0.0084031884148348,-0.0360153822166218,False,False,False,비타겟
1464786752,Q4_고가,0.0176781249470073,-0.0360438315788476,False,False,True,비타겟
468092480,Q1_저가,-0.0258597239937756,-0.0360446007780722,False,False,False,비타겟
943729600,Q1_저가,0.0259877244727568,-0.036159350453308,False,False,False,비타겟
763137088,Q3,-0.0119075445947948,-0.0361668791770075,False,False,False,비타겟
1284016064,Q3,-0.0279749839829303,-0.0361958144473717,False,False,False,비타겟
408214208,Q4_고가,-0.0277673833275658,-0.0362095619583697,False,False,False,비타겟
430465792,Q1_저가,0.0222251557030761,-0.0362271692125504,False,False,False,비타겟
125287424,Q4_고가,0.0057637157143474,-0.0362643464567725,False,False,True,비타겟
473688320,Q4_고가,0.0071259575463794,-0.0364340574151291,False,False,True,비타겟
825691712,Q1_저가,0.0200577024503036,-0.0364341081965046,False,False,False,비타겟
788339712,Q3,-0.0247096889025918,-0.0364589809332776,False,False,False,비타겟
1438455680,Q4_고가,0.022575398550644,-0.0365013978765025,False,False,False,비타겟
754187456,Q3,-0.0164452563537254,-0.0365227486594101,False,False,False,비타겟
151783680,Q2,0.0071773103685288,-0.0365535246915583,False,False,False,비타겟
1177216256,Q1_저가,0.0141868525242654,-0.0365834631956831,False,False,False,비타겟
763682752,Q2,-0.0397683864733358,-0.0365850385488627,False,False,False,비타겟
670548672,Q1_저가,0.0140678649729527,-0.0366471609858578,False,False,False,비타겟
1194497472,Q2,-0.030977957530954,-0.0366672542134805,False,False,False,비타겟
1223267328,Q2,0.0210594536754142,-0.0366914361136323,False,False,False,비타겟
246283776,Q1_저가,-0.0194951654060406,-0.0366926060845779,False,False,False,비타겟
340544448,Q2,0.0021114982234212,-0.0367239828816916,False,False,False,비타겟
682035456,Q2,0.0188049144543851,-0.0367764683419404,False,False,False,비타겟
982122816,Q3,0.0152541151925041,-0.0368527844217286,False,False,False,비타겟
725992960,Q3,0.0165376265564616,-0.0368899033865699,False,False,False,비타겟
726202688,Q1_저가,-0.0212020239029135,-0.0369110882818049,False,False,False,비타겟
811441344,Q4_고가,8.644517098518878e-05,-0.036925199706058,False,False,False,비타겟
444617792,Q4_고가,0.0066252419387027,-0.0370475316704875,False,False,True,비타겟
1295074112,Q2,0.0252822217639559,-0.0370765760298774,False,False,False,비타겟
1527462016,Q1_저가,0.0085452257333831,-0.0370956549338021,False,False,False,비타겟
375299904,Q2,-0.0019838978821147,-0.037117283401116,False,False,False,비타겟
813219392,Q2,-0.0174516549141547,-0.0371548560671297,False,False,False,비타겟
381044224,Q2,0.0224371422851938,-0.0371915405682841,False,False,False,비타겟
48638336,Q4_고가,0.0057955950540901,-0.0372410113555112,False,False,True,비타겟
833594560,Q3,0.0193664370368406,-0.0372422261133551,False,False,False,비타겟
1260444864,Q4_고가,-0.0194581429475855,-0.0372961363068505,False,False,True,비타겟
761169728,Q3,0.0090767997840082,-0.0373321979266283,False,False,False,비타겟
747253440,Q3,0.005936877691105,-0.0373500334351983,False,False,False,비타겟
1245411264,Q3,0.0119459431593462,-0.0373638063385854,False,False,False,비타겟
1580972352,Q2,-0.0239016833946514,-0.0373693013945352,False,False,False,비타겟
934919168,Q4_고가,0.0076542423447378,-0.0374085224134156,False,False,False,비타겟
759230208,Q4_고가,0.0068515329212116,-0.0375655567818843,False,False,True,비타겟
1051694976,Q1_저가,-0.0255975867363076,-0.0375820851252902,False,False,False,비타겟
882592960,Q2,-7.054083334900874e-05,-0.0376203631877238,False,False,False,비타겟
767526528,Q1_저가,-0.0072180715190308,-0.0376856694056358,False,False,False,비타겟
351823360,Q2,-0.0231156853397813,-0.0376866786513875,False,False,False,비타겟
415064704,Q2,0.024964324404874,-0.0376994813760133,False,False,False,비타겟
1438726656,Q2,-0.0252510287890437,-0.037718378275663,False,False,False,비타겟
517762752,Q2,-0.0454713641033597,-0.0378084984664389,False,False,False,비타겟
658100480,Q4_고가,-0.0268458414356248,-0.0378401646916607,False,False,True,비타겟
1161434688,Q2,-0.0262086817892671,-0.0378442263090828,False,False,False,비타겟
82707072,Q1_저가,-0.0350128392973618,-0.0379601875750811,False,False,False,비타겟
936042048,Q3,0.0062867618587606,-0.0380282297177032,False,False,False,비타겟
1187591296,Q1_저가,-0.0068388570380823,-0.0383230340935595,False,False,False,비타겟
549674816,Q3,0.0063870852981717,-0.0384879403454656,False,False,False,비타겟
1005732992,Q1_저가,-0.0260202911590417,-0.0385040617516603,False,False,False,비타겟
922495104,Q1_저가,-0.0334413008387792,-0.0386119751119257,False,False,False,비타겟
558108480,Q3,0.0113679031308224,-0.0386407788761417,False,False,False,비타겟
633501056,Q4_고가,0.0156769648471618,-0.0387001923505644,False,False,False,비타겟
1485419904,Q4_고가,0.0375241581470557,-0.0387381669259981,False,True,True,비타겟
791506048,Q1_저가,-0.0063212875441281,-0.0387698962293061,False,False,False,비타겟
61216448,Q3,-0.0249612935355587,-0.0390261140976884,False,False,False,비타겟
451375488,Q2,0.0092954742798057,-0.0391078244254992,False,False,False,비타겟
706794496,Q1_저가,-0.0165799685274895,-0.039129004072921,False,False,False,비타겟
1197520896,Q3,0.0059495291002974,-0.0391634103239912,False,False,False,비타겟
406632896,Q4_고가,0.0048738819131016,-0.0391738480231788,False,False,True,비타겟
886334656,Q1_저가,-0.0272876164408203,-0.039214720521537,False,False,False,비타겟
1121547392,Q1_저가,-0.02230015022255,-0.0392545675510226,False,False,False,비타겟
931923584,Q2,-0.019879272700963,-0.0392664695354321,False,False,False,비타겟
784722368,Q2,-0.0334467782240608,-0.039350539821788,False,False,False,비타겟
1383297216,Q2,0.017698318020471,-0.0393744260196825,False,False,False,비타겟
1546903616,Q3,-0.0243967683371147,-0.0393918148824063,False,False,False,비타겟
764204288,Q2,0.0081112348538269,-0.0394097801667672,False,False,False,비타겟
1494675776,Q2,0.008352144846088,-0.0394148739478178,False,False,False,비타겟
1031767104,Q3,0.0121024925916479,-0.0394603806659928,False,False,False,비타겟
1287280768,Q2,-0.0125106593716806,-0.0395348913704126,False,False,False,비타겟
1032734080,Q2,-0.0192256225801906,-0.0396000237501396,False,False,False,비타겟
147516736,Q2,0.0093410340724902,-0.0396154431772779,False,False,False,비타겟
419457856,Q2,-0.0137525450060491,-0.0396888899446158,False,False,False,비타겟
764981952,Q2,0.0096013100165144,-0.0397051285144419,False,False,False,비타겟
766735872,Q3,0.0075489398934259,-0.0398073975243477,False,False,False,비타겟
679800832,Q1_저가,-0.0059664424834462,-0.0398442411086253,False,False,False,비타겟
1235992064,Q2,0.0254819602699212,-0.039865308947336,False,False,False,비타겟
147735744,Q4_고가,0.0070377997347818,-0.0399758799542139,False,False,True,비타겟
539986496,Q3,-0.0429638483350326,-0.0399817911621857,False,False,False,비타겟
71092224,Q3,-0.031568142986698,-0.0400731997319361,False,False,False,비타겟
1249795136,Q3,0.0088417263847542,-0.0401685272484245,False,False,False,비타겟
1550960832,Q2,-0.0098908634205428,-0.0402716272425406,False,False,False,비타겟
893491392,Q3,-0.037510258623126,-0.0403332883682355,False,False,False,비타겟
384804480,Q2,-0.0180162875134872,-0.0403527318294946,False,False,False,비타겟
814427648,Q2,0.0139403633834698,-0.0403864743363608,False,False,False,비타겟
1493088896,Q4_고가,0.000819962489249,-0.0404565241093569,False,False,True,비타겟
1168194240,Q3,0.0224530095192171,-0.0405007257404501,False,False,False,비타겟
336563328,Q2,0.0035026755164426,-0.0405548844740583,False,False,False,비타겟
476110400,Q2,0.0088798038094222,-0.0406596089012255,False,False,False,비타겟
876564672,Q2,-0.0194745440202622,-0.040660170294789,False,False,False,비타겟
1452336704,Q1_저가,0.024926639286352,-0.0406716909299721,False,False,False,비타겟
744799808,Q3,0.0049832169018391,-0.0407897540604651,False,False,False,비타겟
858182848,Q3,-0.0023505377147529,-0.0407923813077316,False,False,False,비타겟
758072064,Q1_저가,-0.0074990938523758,-0.0408408389041629,False,False,False,비타겟
207007104,Q2,-0.0319488839537562,-0.040841332252223,False,False,False,비타겟
746897088,Q1_저가,-0.0192289993946195,-0.0408645848746086,False,False,False,비타겟
440319296,Q2,-0.0039149500218315,-0.0408661598473525,False,False,False,비타겟
575146560,Q4_고가,0.0790868501348158,-0.04096347799531,False,True,True,비타겟
692625792,Q1_저가,0.0251716313801894,-0.0411022913260147,False,False,False,비타겟
1580712512,Q1_저가,0.0083233452582411,-0.041114596903133,False,False,False,비타겟
589727296,Q2,0.00954715638211,-0.0412609847225806,False,False,False,비타겟
744103808,Q3,0.0173168152066399,-0.0412941873634404,False,False,False,비타겟
934408768,Q3,-0.0232142833567502,-0.0413390505135907,False,False,False,비타겟
1389847040,Q3,0.0029486399228535,-0.0414105921795194,False,False,False,비타겟
1035751936,Q3,0.0148159854215567,-0.0414515222320905,False,False,False,비타겟
746043328,Q2,0.0083398490105718,-0.0414647539128024,False,False,False,비타겟
624187648,Q1_저가,0.0223975073794705,-0.0414821382569843,False,False,False,비타겟
726488512,Q3,-0.0193088200667146,-0.0415541768252195,False,False,False,비타겟
1237250432,Q3,-0.0028877735076572,-0.0415717305053262,False,False,False,비타겟
1314552832,Q3,0.0222549739066951,-0.0415772964350377,False,False,False,비타겟
1185171072,Q3,0.007411137682452,-0.0415838197016964,False,False,False,비타겟
703314496,Q3,-0.0040581487174443,-0.0416142812546438,False,False,False,비타겟
1033379968,Q4_고가,0.012553556868515,-0.0416614310571935,False,False,True,비타겟
426506944,Q2,0.0188776511579217,-0.0417933961781071,False,False,False,비타겟
909195008,Q2,0.007515717423224,-0.0418005335628858,False,False,False,비타겟
468047936,Q1_저가,0.0238333853037895,-0.0418029633614335,False,False,False,비타겟
359848704,Q3,-0.0312968609403796,-0.0418171124391523,False,False,False,비타겟
297028672,Q3,0.007958947678048,-0.0418409573607805,False,False,False,비타겟
108143552,Q2,0.0080786710958743,-0.0418630431785638,False,False,False,비타겟
1026403264,Q2,0.0205275042660308,-0.0418999800663028,False,False,False,비타겟
1009066368,Q3,0.0110229875466293,-0.0419280649057198,False,False,False,비타겟
761624448,Q1_저가,0.0161437253260691,-0.0419402088365585,False,False,False,비타겟
1284743616,Q2,-0.0144248111360906,-0.0419635954906567,False,False,False,비타겟
757812224,Q3,0.0057324513408371,-0.0419773355610451,False,False,False,비타겟
769391808,Q4_고가,-0.0175447234923305,-0.0420707857505197,False,False,False,비타겟
849222080,Q3,-0.0019992733126102,-0.0420896452460767,False,False,False,비타겟
286796544,Q3,0.0234654406715196,-0.0421281507628733,False,False,False,비타겟
1098757568,Q1_저가,0.0185894475069298,-0.0421746070528251,False,False,False,비타겟
794755904,Q4_고가,0.0165836950158542,-0.0422577436769823,False,False,True,비타겟
1330204480,Q2,0.0153744326198917,-0.0422821635884813,False,False,False,비타겟
663685184,Q2,0.0099971448821654,-0.042285546537784,False,False,False,비타겟
727869376,Q2,0.0151573622764127,-0.042334809473933,False,False,False,비타겟
1310480768,Q2,0.0134923641465151,-0.0423403770647774,False,False,False,비타겟
450983872,Q4_고가,0.0052854556784862,-0.042398345848239,False,False,True,비타겟
1366934720,Q1_저가,-0.0185184458479574,-0.0424002839013656,False,False,False,비타겟
1323272320,Q2,0.005059893529957,-0.042513966728045,False,False,False,비타겟
831859200,Q4_고가,0.0037847289025259,-0.0425508756170415,False,False,False,비타겟
1077922112,Q3,-0.0148709304711705,-0.0425551619669197,False,False,False,비타겟
920802432,Q2,0.0042116279772845,-0.0425609409592379,False,False,False,비타겟
323330048,Q3,0.0044487381005147,-0.0425899718681407,False,False,False,비타겟
397553344,Q4_고가,0.0076590667119762,-0.0425941940380955,False,False,True,비타겟
1521352064,Q1_저가,-0.0065066977417712,-0.0425991249203989,False,False,False,비타겟
1187195968,Q3,-0.0062541699908611,-0.0426083088707137,False,False,False,비타겟
1119368448,Q1_저가,-0.0319107451369779,-0.0426598814733178,False,False,False,비타겟
436681536,Q4_고가,0.0044381312403224,-0.0426675103192797,False,False,True,비타겟
757699008,Q3,0.0087031325871318,-0.0427370930328773,False,False,False,비타겟
407245376,Q3,0.0066619907634818,-0.0427429983388352,False,False,False,비타겟
838943552,Q1_저가,0.0111696756154953,-0.0427808849043377,False,False,False,비타겟
714246336,Q1_저가,0.0095376657649625,-0.0428541896059209,False,False,False,비타겟
696881600,Q3,0.0083142187329947,-0.0429362964651686,False,False,False,비타겟
1001677632,Q3,-0.0147639887833377,-0.0429569214618396,False,False,False,비타겟
752997760,Q4_고가,0.0203521468453528,-0.0429582692546265,False,False,True,비타겟
884606720,Q2,-0.0361073560086217,-0.0429610644859009,False,False,False,비타겟
1624113216,Q2,-0.0105500791457717,-0.0429626976983636,False,False,False,비타겟
1030818688,Q3,0.0053123312975068,-0.0429836642508382,False,False,False,비타겟
1234024704,Q1_저가,0.0063908428938246,-0.0430857430672022,False,False,False,비타겟
1035627584,Q4_고가,-0.0297447817302862,-0.043099548896071,False,False,False,비타겟
743016192,Q3,-0.0207685285728908,-0.0431376496763348,False,False,False,비타겟
894859264,Q2,-0.0278070188813235,-0.043195958167856,False,False,False,비타겟
769727744,Q3,0.0063765816944747,-0.0432178192715815,False,False,False,비타겟
303719552,Q2,0.0211814632930743,-0.0433609282553633,False,False,False,비타겟
1439328000,Q3,-0.0332990371547783,-0.0433834877538107,False,False,False,비타겟
762545024,Q3,-0.0028390174082701,-0.0434681046550742,False,False,False,비타겟
918220736,Q4_고가,0.0017094505817937,-0.0435703666734964,False,False,True,비타겟
44844672,Q4_고가,0.0063634288811371,-0.0436620180271525,False,False,False,비타겟
906826752,Q4_고가,-0.0207715370998063,-0.0437038399830576,False,False,True,비타겟
824782272,Q3,0.017975413049908,-0.0437338600187806,False,False,False,비타겟
1428468544,Q2,0.0224171350527586,-0.0437522632620247,False,False,False,비타겟
351641472,Q3,0.0185813739123415,-0.0438658760240515,False,False,False,비타겟
1019647424,Q4_고가,0.0056621078302044,-0.0438905794421276,False,False,True,비타겟
111098304,Q3,0.0191849068574082,-0.0438962000259686,False,False,False,비타겟
1023613696,Q3,0.003370744889649,-0.0439254645258743,False,False,False,비타겟
833644672,Q3,0.0136150543074706,-0.043986882135088,False,False,False,비타겟
1501663616,Q2,-0.0209992910136638,-0.0441342287987502,False,False,False,비타겟
127104448,Q4_고가,-0.025631170232681,-0.0441651813674316,False,False,False,비타겟
746728192,Q3,-0.0037345394612712,-0.0442013503428984,False,False,False,비타겟
695053440,Q4_고가,0.0181184192859453,-0.0442349277821501,False,False,True,비타겟
680920000,Q3,0.0071169386528329,-0.0442876352630876,False,False,False,비타겟
1055971200,Q1_저가,0.019607740635402,-0.0442926043494986,False,False,False,비타겟
112570112,Q3,0.0116636870539736,-0.0444470700588596,False,False,False,비타겟
874146304,Q2,0.0072505060749584,-0.0445890539909953,False,False,False,비타겟
930086144,Q2,-0.030247149130663,-0.0446269746431298,False,False,False,비타겟
936205376,Q2,0.0144399180064079,-0.0446762234041995,False,False,False,비타겟
226753088,Q4_고가,-0.0190205567717246,-0.0446775031530236,False,False,True,비타겟
363261888,Q3,-0.0051555298746819,-0.0446832811465319,False,False,False,비타겟
268388736,Q4_고가,0.0192207044037665,-0.044932228221887,False,False,False,비타겟
406649600,Q1_저가,0.0013083608446489,-0.0450012938712198,False,False,False,비타겟
827644224,Q4_고가,-0.0011688011518263,-0.0450350919545627,False,False,True,비타겟
764118912,Q3,-0.0321139245816843,-0.0450660970070414,False,False,False,비타겟
947539968,Q3,0.0211274712772691,-0.0450739151134832,False,False,False,비타겟
719977664,Q3,0.0048033473667774,-0.0450979695485469,False,False,False,비타겟
1134673024,Q2,-0.0370278350144265,-0.0451175266879951,False,False,False,비타겟
1515509376,Q2,-0.018418702574762,-0.0451708305843884,False,False,False,비타겟
610909824,Q2,-0.0022573721228281,-0.0451782270193056,False,False,False,비타겟
1480276928,Q4_고가,0.0018560195029446,-0.0451783622207357,False,False,True,비타겟
1037502144,Q3,0.0018226626114103,-0.0452366832299963,False,False,False,비타겟
839166272,Q1_저가,0.0205663001806575,-0.0452513395450621,False,False,False,비타겟
1549969728,Q1_저가,-0.0002848663261766,-0.0452585393671586,False,False,False,비타겟
630850688,Q2,-0.0246432616975904,-0.0453343137849144,False,False,False,비타겟
563010176,Q1_저가,-0.0110145630283984,-0.04538377140642,False,False,False,비타겟
971601152,Q4_고가,0.0067255330184242,-0.0455563169490524,False,False,True,비타겟
1368326720,Q2,-0.0315168623649627,-0.0456057853694297,False,False,False,비타겟
463795840,Q4_고가,-0.01868398376315,-0.0456792397999092,False,False,True,비타겟
731687168,Q3,0.0003540099134874,-0.0457168756246263,False,False,False,비타겟
1373278528,Q4_고가,0.0153122733709833,-0.0457318939980003,False,False,False,비타겟
805990272,Q3,-0.008805542974182,-0.045805548437148,False,False,False,비타겟
1165885376,Q3,0.023552969636242,-0.0458420348382071,False,False,False,비타겟
1483370880,Q4_고가,0.006839228897557,-0.045855344457891,False,False,False,비타겟
381879424,Q4_고가,0.0045729460944285,-0.0459302249856468,False,False,True,비타겟
476030592,Q4_고가,0.0049724862917605,-0.0459315143928098,False,False,True,비타겟
1490878400,Q1_저가,0.0005736938048106,-0.0459737743540268,False,False,False,비타겟
1607531712,Q2,0.008707961965943,-0.0460690680485882,False,False,False,비타겟
59774336,Q4_고가,0.0083884973453194,-0.0460703283361955,False,False,True,비타겟
1052858688,Q1_저가,0.0039810070149771,-0.0461547624470463,False,False,False,비타겟
657506560,Q2,0.0156362088296301,-0.0461882691417346,False,False,False,비타겟
655659840,Q4_고가,0.0137765745350365,-0.0462456795998793,False,False,False,비타겟
786530112,Q4_고가,0.0120408238383833,-0.0462620841490626,False,False,False,비타겟
463331840,Q4_고가,0.0073644194511508,-0.0462729472427463,False,False,True,비타겟
1537560512,Q3,0.0155502699940908,-0.0462754339178604,False,False,False,비타겟
389065856,Q4_고가,0.004993653895678,-0.0463652523431317,False,False,True,비타겟
941675008,Q1_저가,0.0250230886084671,-0.0463936108369872,False,False,False,비타겟
864391168,Q1_저가,0.0220200922581116,-0.0464054727750668,False,False,False,비타겟
238321536,Q2,-0.0395563850671211,-0.0464159388197537,False,False,False,비타겟
765542464,Q4_고가,0.0055649828097679,-0.0464437553932107,False,False,True,비타겟
1308801088,Q2,-0.0076502262816502,-0.0464551382744121,False,False,False,비타겟
1116614144,Q1_저가,0.0093597998677918,-0.0464751637364545,False,False,False,비타겟
769074432,Q3,0.0213623318945614,-0.0465042453107039,False,False,False,비타겟
698559424,Q1_저가,0.0204231507208064,-0.0465578748911266,False,False,False,비타겟
269470784,Q2,0.0145069386978028,-0.0466507548659412,False,False,False,비타겟
918261568,Q2,0.0090429536282841,-0.0466691562230665,False,False,False,비타겟
104683968,Q2,0.0082196319391786,-0.0466879086688264,False,False,False,비타겟
1086296384,Q3,-0.0176250926068804,-0.0467829613377709,False,False,False,비타겟
323437696,Q4_고가,0.0087207767372415,-0.0468864850758432,False,False,True,비타겟
1027657920,Q4_고가,0.073004831014628,-0.0469281945557205,False,True,True,비타겟
750904192,Q1_저가,0.01858528266142,-0.04695553216114,False,False,False,비타겟
825804928,Q1_저가,0.0142143717823248,-0.0469642738787731,False,False,False,비타겟
1434198016,Q2,-0.0049688117432979,-0.0469907331926394,False,False,False,비타겟
1599829312,Q2,-0.0119214470344561,-0.0471454913798023,False,False,False,비타겟
570500992,Q3,0.0085147243686001,-0.0471526476832766,False,False,False,비타겟
1546864640,Q2,-0.0059424178744607,-0.0474438396242641,False,False,False,비타겟
1007212224,Q3,0.0224527787717317,-0.0475468353707649,False,False,False,비타겟
1126443520,Q3,0.0048420394737365,-0.0475716604305125,False,False,False,비타겟
826419264,Q3,-0.0244483453423483,-0.0475759975260892,False,False,False,비타겟
1460007552,Q3,0.0180749324648728,-0.0475844131365948,False,False,False,비타겟
308569280,Q4_고가,0.0045936149182767,-0.0476033367300501,False,False,True,비타겟
1388880064,Q1_저가,-0.0264917933825202,-0.0476959085188989,False,False,False,비타겟
760882048,Q3,0.0126401510340895,-0.0477242113138594,False,False,False,비타겟
450679488,Q2,0.0084220414687884,-0.0477496951612817,False,False,False,비타겟
551304384,Q2,-0.0265642561058165,-0.0477503599989694,False,False,False,비타겟
751305088,Q2,-0.0402205951323024,-0.0477703980555434,False,False,False,비타겟
74169472,Q4_고가,0.0109686972967543,-0.0478911452364327,False,False,False,비타겟
205117696,Q2,-0.0188100852826752,-0.0479280897274443,False,False,False,비타겟
813007808,Q1_저가,-0.0068878734807918,-0.0479814934939555,False,False,False,비타겟
1050419904,Q3,0.0099604228197338,-0.0480307928561242,False,False,False,비타겟
599057408,Q3,-0.0235719844113825,-0.0480763778144164,False,False,False,비타겟
871859712,Q2,-0.0239060747977844,-0.0481193100017532,False,False,False,비타겟
694090176,Q3,0.0045783471873013,-0.0481450695341253,False,False,False,비타겟
166015488,Q2,0.0112761833506074,-0.0481628298715888,False,False,False,비타겟
689234880,Q3,-0.0332535265263307,-0.0481830086005744,False,False,False,비타겟
873409472,Q1_저가,-0.0517737950225996,-0.0482475743881257,False,False,False,비타겟
118034176,Q4_고가,0.0082682960044743,-0.0484747361602322,False,False,True,비타겟
833479488,Q2,-0.0274929947509209,-0.048490747189775,False,False,False,비타겟
602529984,Q2,0.0126478292035735,-0.0486048396461669,False,False,False,비타겟
78956096,Q2,0.0015612308808862,-0.048726679146425,False,False,False,비타겟
768372864,Q2,0.013941789215525,-0.0487791864833709,False,False,False,비타겟
721740864,Q1_저가,-0.0113504991869307,-0.0487900708846585,False,False,False,비타겟
38959296,Q2,0.004690191915912,-0.0487908549374553,False,False,False,비타겟
444023872,Q3,-0.0193047775096891,-0.0488508524564127,False,False,False,비타겟
999029120,Q2,0.0094923323109412,-0.0489869963127363,False,False,False,비타겟
729218688,Q3,-0.0024941143104921,-0.0490202434513696,False,False,False,비타겟
1068428672,Q1_저가,-0.0095082861327933,-0.0490835908798223,False,False,False,비타겟
52903424,Q4_고가,0.0079170984657762,-0.0491698873009887,False,False,True,비타겟
86983296,Q4_고가,0.0045889162749553,-0.0492136355847886,False,False,True,비타겟
389231040,Q2,-0.0298889219636043,-0.049256052766712,False,False,False,비타겟
1550075520,Q3,0.0039150418038685,-0.0493336443554269,False,False,False,비타겟
746228928,Q4_고가,0.0228758452853203,-0.0493958494333797,False,False,False,비타겟
862112000,Q1_저가,-0.0030064414041465,-0.0494542478045726,False,False,False,비타겟
130168704,Q3,0.0063798884205507,-0.0495856471531052,False,False,False,비타겟
72796032,Q4_고가,0.0056516672751005,-0.0496010304712735,False,False,True,비타겟
1342364992,Q3,0.0088643895176173,-0.0496148663396255,False,False,False,비타겟
937092544,Q2,0.0192237358148614,-0.0496464783830625,False,False,False,비타겟
1230544704,Q3,0.0156931994309916,-0.0498578176879375,False,False,False,비타겟
1547430720,Q1_저가,-0.0089324841441522,-0.0498642543186584,False,False,False,비타겟
89529728,Q2,0.0226611763982477,-0.049993229634589,False,False,False,비타겟
28871936,Q2,0.0080410244242445,-0.0500277148200936,False,False,False,비타겟
1528351040,Q3,0.0224204509683876,-0.0501290797590342,False,False,False,비타겟
379201216,Q4_고가,0.012424271495004,-0.0501549354511886,False,False,True,비타겟
1044818496,Q2,0.0206164247779884,-0.0503534313281474,False,False,False,비타겟
54605376,Q2,0.0079040383193241,-0.0503946618188578,False,False,False,비타겟
838893440,Q1_저가,-0.0151789638446312,-0.0503972395556965,False,False,False,비타겟
1112501248,Q1_저가,0.0216360780621904,-0.0504053767545489,False,False,False,비타겟
845970368,Q4_고가,0.0186295574507427,-0.0505487029962649,False,False,True,비타겟
762988608,Q4_고가,0.0155945897106029,-0.0505524597893832,False,False,True,비타겟
959243904,Q4_고가,0.0376519338248844,-0.0505789307745713,False,True,True,비타겟
1578193920,Q1_저가,0.0246631565146815,-0.0505949409587229,False,False,False,비타겟
326733952,Q1_저가,0.0242082701314262,-0.0506837708261952,False,False,False,비타겟
737750720,Q3,-0.0283442205955381,-0.050698017113018,False,False,False,비타겟
763322688,Q3,0.017915099300181,-0.0509335939461398,False,False,False,비타겟
748793920,Q4_고가,0.0098164617855648,-0.0509866977440818,False,False,False,비타겟
654568512,Q1_저가,3.135801952414141e-05,-0.0510067066722281,False,False,False,비타겟
52606464,Q1_저가,-0.0234738040634145,-0.0510141695235306,False,False,False,비타겟
764393600,Q2,-0.0046728603369882,-0.0510148369542109,False,False,False,비타겟
153886528,Q3,0.0057457073274702,-0.0510510965385886,False,False,False,비타겟
1437175040,Q2,-0.0278307603350981,-0.0511583971027384,False,False,False,비타겟
767142336,Q3,-0.0324682958556568,-0.0511960794163436,False,False,False,비타겟
53942784,Q3,0.0058473848832816,-0.0512804859680892,False,False,False,비타겟
762147840,Q4_고가,0.0116368804036637,-0.0512822467855975,False,False,False,비타겟
176982592,Q3,0.0196511834913435,-0.0513566190054742,False,False,False,비타겟
591444096,Q1_저가,0.0170639413510381,-0.0514410329456496,False,False,False,비타겟
728572800,Q2,-0.0311909640688412,-0.0514797421674778,False,False,False,비타겟
749616128,Q3,0.0014643475628634,-0.051649341770987,False,False,False,비타겟
1347108928,Q1_저가,0.0187874042859887,-0.051720145622448,False,False,False,비타겟
974136448,Q2,-0.0273741819019615,-0.0517577627028382,False,False,False,비타겟
1305879744,Q2,-0.0401463143751797,-0.0517847475371631,False,False,False,비타겟
22270144,Q3,0.0068737485240168,-0.0519377836814821,False,False,False,비타겟
898062720,Q2,0.0016509882229141,-0.051972603849749,False,False,False,비타겟
735152320,Q2,-0.0369743856328288,-0.0520376355216097,False,False,False,비타겟
853205056,Q1_저가,0.0015837328287622,-0.0521089563944713,False,False,False,비타겟
928820352,Q2,0.0205489711546229,-0.0522800568169267,False,False,False,비타겟
324926208,Q3,-0.0157647927951338,-0.0522908256423258,False,False,False,비타겟
310701824,Q3,-0.0402273032836563,-0.0523760891464775,False,False,False,비타겟
448507968,Q1_저가,-0.0067606514327152,-0.052433300267899,False,False,False,비타겟
1089214016,Q3,0.0181567701071114,-0.0525046161135142,False,False,False,비타겟
73260032,Q3,0.0086468218231448,-0.0525932764946706,False,False,False,비타겟
685328000,Q2,0.0222337049649925,-0.0526196067978049,False,False,False,비타겟
632090496,Q2,0.0187160576969012,-0.0527611488589897,False,False,False,비타겟
243293760,Q3,0.0071302613992771,-0.0528708461809848,False,False,False,비타겟
1206815744,Q4_고가,0.0071333742657186,-0.0529212097927555,False,False,True,비타겟
808258304,Q3,0.0194324978979018,-0.0530180906709406,False,False,False,비타겟
99257024,Q1_저가,0.015457159792352,-0.0530670337716147,False,False,False,비타겟
1487936640,Q3,0.0176963965401261,-0.0531250706785451,False,False,False,비타겟
66810432,Q1_저가,-0.0163334835024409,-0.0532868968517163,False,False,False,비타겟
292787712,Q2,-0.0288864655354312,-0.0533288095126383,False,False,False,비타겟
166414528,Q2,0.0233463451528086,-0.0533953537376288,False,False,False,비타겟
702720576,Q2,-0.0246548364690876,-0.0535169192387844,False,False,False,비타겟
748708544,Q4_고가,-0.0126149824153061,-0.0537008605568795,False,False,True,비타겟
877013824,Q1_저가,-0.0179411045833,-0.0539006540823535,False,False,False,비타겟
894729344,Q3,0.017584804601746,-0.0539164477920185,False,False,False,비타겟
61750976,Q4_고가,0.0079119563419891,-0.0540555292376163,False,False,True,비타겟
669401664,Q3,-0.0308622714536497,-0.0540803931566117,False,False,False,비타겟
535929280,Q3,-0.0104540576199839,-0.054241064278684,False,False,False,비타겟
702989696,Q2,-0.0109629632333771,-0.0545056917715607,False,False,False,비타겟
1448834432,Q1_저가,-0.0210669950451399,-0.0545189335468708,False,False,False,비타겟
221858816,Q1_저가,-0.0333844630564988,-0.0545949113482889,False,False,False,비타겟
1261211392,Q1_저가,0.0032447717769091,-0.0546162407433418,False,False,False,비타겟
869717888,Q2,-0.0225204820696563,-0.05465167249072,False,False,False,비타겟
450107840,Q2,-0.0286457766282626,-0.054672740961428,False,False,False,비타겟
548171456,Q4_고가,0.0052480568740397,-0.0546753336818452,False,False,True,비타겟
571358464,Q2,0.0182635839574271,-0.0546806876591012,False,False,False,비타겟
81704832,Q4_고가,-0.0057967205890433,-0.0547084782897526,False,False,True,비타겟
290228288,Q1_저가,0.0112427716473538,-0.0549141894964141,False,False,False,비타겟
762153408,Q1_저가,0.023109174671338,-0.0549362465642531,False,False,False,비타겟
313071936,Q3,0.0032090203728843,-0.0549627886552753,False,False,False,비타겟
189681344,Q4_고가,0.0071704407967598,-0.0550570337394012,False,False,True,비타겟
160924480,Q3,-0.0200470783084139,-0.0551554375296696,False,False,False,비타겟
245888448,Q3,-0.0051953389345343,-0.0551989012336828,False,False,False,비타겟
1276890880,Q3,0.0106670181100946,-0.0554677998354709,False,False,False,비타겟
313782784,Q4_고가,0.0073038136826782,-0.0555798834409516,False,False,True,비타겟
62704960,Q1_저가,0.0229517587789727,-0.0558192748520756,False,False,False,비타겟
796658304,Q2,-0.0083418725573524,-0.0558511070574822,False,False,False,비타겟
1319072192,Q2,-0.0142583906339825,-0.0558555325221488,False,False,False,비타겟
1145660544,Q3,0.0184811849358331,-0.055907424187566,False,False,False,비타겟
477387328,Q3,0.0116195938219053,-0.0559776040948579,False,False,False,비타겟
636396416,Q2,-0.036169802441641,-0.0560297189984177,False,False,False,비타겟
678807872,Q3,0.0065953825428952,-0.0560701562436122,False,False,False,비타겟
880105920,Q3,-0.0154490401068318,-0.0560716802818844,False,False,False,비타겟
802218880,Q2,-0.0122509099126213,-0.0561541844044977,False,False,False,비타겟
749131712,Q4_고가,0.0334677322147877,-0.0562324338665453,False,True,True,비타겟
1386092352,Q3,0.010889871901439,-0.0562490285451496,False,False,False,비타겟
804811712,Q3,0.0098838209978949,-0.0564311960161629,False,False,False,비타겟
1056596672,Q1_저가,-0.0179411000270363,-0.0565503114969884,False,False,False,비타겟
717160256,Q4_고가,0.0045675705502527,-0.056752345306828,False,False,True,비타겟
65548352,Q3,0.0195096078396437,-0.0570033301706616,False,False,False,비타겟
279595264,Q3,0.0053467371656663,-0.0574364982523055,False,False,False,비타겟
312834368,Q2,0.0149273318701905,-0.0575240364565287,False,False,False,비타겟
581137728,Q3,0.0022835607179145,-0.0575763606939737,False,False,False,비타겟
200234560,Q2,0.0171817004080536,-0.0578510381288208,False,False,False,비타겟
994348288,Q3,0.0061093656862354,-0.057973809538165,False,False,False,비타겟
692339968,Q3,-0.0207839097703775,-0.0579760691379095,False,False,False,비타겟
819073216,Q2,0.0111784365373395,-0.0581009696538711,False,False,False,비타겟
175482944,Q1_저가,0.006177272814572,-0.0581606340971628,False,False,False,비타겟
1528209984,Q2,-0.017020449087372,-0.0581911966682671,False,False,False,비타겟
1233957888,Q2,0.0155475580087739,-0.0582297734803813,False,False,False,비타겟
1529358848,Q4_고가,0.0011139378681461,-0.0584184185605419,False,False,False,비타겟
745196992,Q2,-0.0120635945928422,-0.0584581235527883,False,False,False,비타겟
1305178176,Q2,0.0144100034835146,-0.0585246374364234,False,False,False,비타겟
919204416,Q1_저가,0.0090482095173809,-0.0585384634366928,False,False,False,비타겟
824466752,Q4_고가,0.0053602730204035,-0.0585415353240862,False,False,True,비타겟
744601216,Q2,0.0091414594829183,-0.0587474574676438,False,False,False,비타겟
990896128,Q2,0.0200171418726634,-0.0587613815864093,False,False,False,비타겟
194408576,Q1_저가,0.0104573341728421,-0.0588040462283473,False,False,False,비타겟
1611863616,Q1_저가,-0.0080972768971623,-0.0588643650979867,False,False,False,비타겟
286043008,Q3,0.0040570897187086,-0.058955442933483,False,False,False,비타겟
403275392,Q1_저가,0.001676668376373,-0.0590122135400208,False,False,False,비타겟
857678016,Q1_저가,0.0243867861626511,-0.0590295158819386,False,False,False,비타겟
260172224,Q3,0.0228973559403586,-0.0590629946826297,False,False,False,비타겟
265168576,Q2,-0.0206107626743242,-0.0590639869931782,False,False,False,비타겟
378722368,Q4_고가,0.0109786976681866,-0.0591856056388341,False,False,True,비타겟
1447420160,Q1_저가,0.0170121127602922,-0.0592879538784241,False,False,False,비타겟
313151744,Q3,-0.0270192389798791,-0.059356256906519,False,False,False,비타겟
1064518080,Q4_고가,0.0043059428455071,-0.0593677331414552,False,False,True,비타겟
600349184,Q2,0.0117354754685341,-0.0594169369144818,False,False,False,비타겟
709121920,Q2,0.009323465449336,-0.059572498762712,False,False,False,비타겟
1259849088,Q2,0.0147038288123077,-0.0596159253792763,False,False,False,비타겟
181689408,Q3,-0.0040373930050248,-0.0598117115979741,False,False,False,비타겟
193003584,Q4_고가,0.0070630960361146,-0.0598367528392106,False,False,True,비타겟
1451052352,Q2,-0.021679305959078,-0.0598794986252349,False,False,False,비타겟
749482496,Q1_저가,-0.0104091790317126,-0.0599311651871482,False,False,False,비타겟
1351760064,Q2,-0.0232721595751234,-0.059973455890868,False,False,False,비타겟
1345694656,Q4_고가,-0.0204468788253134,-0.0601837072617166,False,False,False,비타겟
1528607168,Q3,-0.0279324087721619,-0.0602936623610815,False,False,False,비타겟
368208128,Q1_저가,-0.0353381634032667,-0.0604300221263826,False,False,False,비타겟
285677376,Q1_저가,0.0217275265826676,-0.0604690205937118,False,False,False,비타겟
853758144,Q1_저가,-0.0220741229484223,-0.0606701883265388,False,False,False,비타겟
516599040,Q3,0.0010070687912241,-0.0606710299162019,False,False,False,비타겟
1036134272,Q2,-0.0238211885908299,-0.060706203920532,False,False,False,비타겟
884590016,Q1_저가,-0.0082115273865193,-0.0607614799341883,False,False,False,비타겟
116588352,Q4_고가,-0.0076554617232387,-0.0608106415400273,False,False,True,비타겟
1187260928,Q2,0.0085647424464959,-0.0609096114042038,False,False,False,비타겟
1539206784,Q3,0.0183099105700011,-0.0610680850375512,False,False,False,비타겟
472114432,Q2,0.0169835811690548,-0.061074089903233,False,False,False,비타겟
150235776,Q2,-0.0032481929806496,-0.061267909555713,False,False,False,비타겟
1567319616,Q3,-0.0346287593913445,-0.0617382219773214,False,False,False,비타겟
903378304,Q2,0.0107695210648856,-0.0619337604656902,False,False,False,비타겟
752960640,Q2,0.0169825868927166,-0.0620926160255546,False,False,False,비타겟
554543104,Q3,-0.0004321957953236,-0.0621673163247648,False,False,False,비타겟
1266131648,Q2,-0.0240806868072919,-0.0623905755628577,False,False,False,비타겟
514832128,Q3,0.0220863761574484,-0.0625281851643083,False,False,False,비타겟
734398784,Q3,0.0072719324699299,-0.0628873156978463,False,False,False,비타겟
977735232,Q2,0.0261647224790282,-0.0631690142543229,False,False,False,비타겟
1105439168,Q1_저가,0.0074417695132069,-0.0632388740682646,False,False,False,비타겟
1219243520,Q2,0.0136318260937001,-0.0633896512952987,False,False,False,비타겟
608316992,Q2,-0.0388863547489952,-0.0634942946033575,False,False,False,비타겟
818928448,Q2,-0.0140115562394289,-0.0635418643725812,False,False,False,비타겟
1536506304,Q3,-0.0218768266698241,-0.0639387553607432,False,False,False,비타겟
598715904,Q1_저가,-0.0073654324705484,-0.0640055004883954,False,False,False,비타겟
269246208,Q3,0.0048965988184185,-0.0640227046448264,False,False,False,비타겟
64586944,Q2,0.0186191305336891,-0.0643530433859543,False,False,False,비타겟
222734848,Q3,0.0196025763703757,-0.0643903238338305,False,False,False,비타겟
582926912,Q1_저가,-0.0214740808836534,-0.0645896316454742,False,False,False,비타겟
655123456,Q2,-0.0230427674687904,-0.0645967675120604,False,False,False,비타겟
1333795840,Q3,0.0246690521833233,-0.0646071951887407,False,False,False,비타겟
319274688,Q2,-0.0016344683785115,-0.0647798960905798,False,False,False,비타겟
717624256,Q4_고가,-0.0313043918576936,-0.0649854553362279,False,False,True,비타겟
1434580352,Q3,0.0018910344717225,-0.0653232660131017,False,False,False,비타겟
1027817536,Q1_저가,0.0204020983835125,-0.0655714086601165,False,False,False,비타겟
453747456,Q4_고가,-0.0211378562040409,-0.065700366482534,False,False,True,비타겟
682840960,Q2,0.0117627171995563,-0.0657808644936026,False,False,False,비타겟
1067472832,Q3,-0.0343673716094605,-0.0660149218976121,False,False,False,비타겟
232330368,Q3,-0.0401866101696421,-0.0661624327526522,False,False,False,비타겟
720900096,Q3,0.006650826434252,-0.0662006494168949,False,False,False,비타겟
174410176,Q3,-0.0132238506744712,-0.066735553825451,False,False,False,비타겟
998772992,Q1_저가,0.0081343170956385,-0.066736687292158,False,False,False,비타겟
220724800,Q3,0.0042216130465752,-0.0667684954499309,False,False,False,비타겟
1197791872,Q1_저가,-0.022348866980025,-0.0671046353943952,False,False,False,비타겟
572175104,Q2,0.0214049584274449,-0.0676528925045643,False,False,False,비타겟
1200191680,Q2,-0.0094119311941915,-0.0680808940989189,False,False,False,비타겟
1006302784,Q2,-0.0198267495463093,-0.0681457151972675,False,False,False,비타겟
345930560,Q4_고가,0.0116826109477887,-0.0683063210185037,False,False,False,비타겟
432446144,Q2,0.0017764979420974,-0.0686378997355034,False,False,False,비타겟
570499136,Q2,-0.0012981439421563,-0.0687386165810258,False,False,False,비타겟
1454021952,Q2,-0.0208449273034386,-0.068773504741626,False,False,False,비타겟
837081984,Q3,-0.0036176499912446,-0.0689601336518032,False,False,False,비타겟
1023025344,Q1_저가,-0.0387205368640181,-0.0690719864696501,False,False,False,비타겟
1013658112,Q2,-0.0187094794500541,-0.0691437685777601,False,False,False,비타겟
263758016,Q4_고가,-0.039044835034617,-0.0694561256267197,False,False,True,비타겟
739257792,Q1_저가,0.0080936287978786,-0.0694979018187925,False,False,False,비타겟
294892416,Q3,0.0126376219512865,-0.0695721817357253,False,False,False,비타겟
372321024,Q2,0.0226417952990272,-0.0696180682385946,False,False,False,비타겟
729289216,Q1_저가,0.0108773252786865,-0.0696639994565222,False,False,False,비타겟
331763712,Q3,0.0178429829398703,-0.070042992720597,False,False,False,비타겟
264899456,Q3,0.0139863371709852,-0.0701927935193363,False,False,False,비타겟
608489600,Q2,0.0238498472482082,-0.0703441751203411,False,False,False,비타겟
1027992000,Q4_고가,-0.0044834401822154,-0.0704487015806141,False,False,True,비타겟
766437056,Q3,-0.024477123350987,-0.0705849709947813,False,False,False,비타겟
766091840,Q1_저가,-0.0127789029798843,-0.0707056575431593,False,False,False,비타겟
1474541888,Q2,-0.0143856204984194,-0.0709904948175285,False,False,False,비타겟
532313792,Q2,-0.0019896452801804,-0.0710852989876302,False,False,False,비타겟
685758592,Q4_고가,0.0109967503714984,-0.0711874610250353,False,False,False,비타겟
501654528,Q2,0.0067926748703556,-0.0713507928206024,False,False,False,비타겟
1233336128,Q3,0.0117456244683754,-0.0713587273274433,False,False,False,비타겟
74175040,Q4_고가,-0.0178794115867196,-0.0715825477382657,False,False,False,비타겟
993938112,Q4_고가,0.0078383516743673,-0.0716704989778089,False,False,True,비타겟
774644288,Q2,0.0104465195362125,-0.0719525877854195,False,False,False,비타겟
1346065856,Q2,0.0156038473678093,-0.0719832443987877,False,False,False,비타겟
461006272,Q2,0.0127757621661233,-0.0719975630879075,False,False,False,비타겟
752567168,Q2,-0.0236620575407186,-0.0721672286744274,False,False,False,비타겟
1169359808,Q3,0.0056582511067635,-0.0722353482107307,False,False,False,비타겟
392556992,Q3,0.0053618882062544,-0.0723433814379008,False,False,False,비타겟
942591872,Q2,0.0061455894531964,-0.0723552263088211,False,False,False,비타겟
1505238272,Q1_저가,0.0256563303753811,-0.0724984228764855,False,False,False,비타겟
815606208,Q3,-0.023246170912308,-0.0729531324133057,False,False,False,비타겟
654759680,Q1_저가,0.0229191414786784,-0.0731718952182099,False,False,False,비타겟
503287808,Q4_고가,0.0081029905726214,-0.0732522972131836,False,False,True,비타겟
122457024,Q1_저가,0.0025948607043511,-0.0733327969674146,False,False,False,비타겟
1378076288,Q2,0.0237146375356209,-0.0733889974717633,False,False,False,비타겟
674346048,Q3,0.0002749544470599,-0.0735521211370752,False,False,False,비타겟
1286798208,Q2,-0.0180921341336212,-0.073677874229908,False,False,False,비타겟
744890752,Q3,0.0207555689884659,-0.0740284154600424,False,False,False,비타겟
94754368,Q2,-0.0059553240468007,-0.0740839085623306,False,False,False,비타겟
790351616,Q1_저가,0.0136036066892555,-0.0749989150969687,False,False,False,비타겟
401462080,Q1_저가,0.0201374248007475,-0.0750341691841594,False,False,False,비타겟
1286324928,Q3,0.0101372273061188,-0.0751612635005986,False,False,False,비타겟
622038400,Q1_저가,-0.0412018410492355,-0.0754239471698933,False,False,False,비타겟
1466037696,Q1_저가,0.0219673546767382,-0.0754987140067538,False,False,False,비타겟
791693504,Q2,0.0024235563436086,-0.0758754235885064,False,False,False,비타겟
75381440,Q4_고가,0.0027666299237596,-0.0759336663837206,False,False,True,비타겟
1451083904,Q2,-0.020340538056136,-0.0761128138092108,False,False,False,비타겟
462672960,Q3,0.0219832038285296,-0.0764178762035005,False,False,False,비타겟
611837824,Q1_저가,0.0261194014419421,-0.076592500557165,False,False,False,비타겟
570578944,Q3,-0.0162978930781947,-0.0765947137570149,False,False,False,비타겟
129719552,Q3,0.0095794268966393,-0.0766667779263345,False,False,False,비타겟
176067584,Q2,0.0082961395969954,-0.076904824925477,False,False,False,비타겟
74562944,Q2,0.0263175487685484,-0.0770719899894993,False,False,False,비타겟
266688640,Q1_저가,0.0212907780212636,-0.0777497794559154,False,False,False,비타겟
992776256,Q4_고가,0.0246689437950474,-0.0777604381954036,False,False,True,비타겟
1279040128,Q1_저가,-5.637503184108272e-05,-0.07807699209877,False,False,False,비타겟
748936832,Q2,0.0122684117986212,-0.0781418245612846,False,False,False,비타겟
738559936,Q2,-0.017265346775066,-0.0781515112821159,False,False,False,비타겟
1555981312,Q2,-0.0140047002146143,-0.0785933642335607,False,False,False,비타겟
1094793152,Q2,0.0152917491618607,-0.0786939859272933,False,False,False,비타겟
205435072,Q3,0.0074721965380094,-0.0789662866330934,False,False,False,비타겟
1581054016,Q3,0.0182410785282671,-0.0794688168484534,False,False,False,비타겟
1057454144,Q1_저가,-0.014745297237626,-0.0795641829475253,False,False,False,비타겟
1353525120,Q3,-0.0364535922073047,-0.079968290336308,False,False,False,비타겟
1046156672,Q1_저가,-0.0079594412246651,-0.0802374341731165,False,False,False,비타겟
1047184896,Q2,0.0205362050162305,-0.0804405078678659,False,False,False,비타겟
754220864,Q2,-0.0313859123864043,-0.0806113875211913,False,False,False,비타겟
222051840,Q4_고가,-0.018721041795768,-0.0806602026901954,False,False,False,비타겟
340982464,Q1_저가,-0.017192505978553,-0.0809923006924697,False,False,False,비타겟
850528704,Q1_저가,0.0048521816106278,-0.0811352080437048,False,False,False,비타겟
746501760,Q2,-0.0187801538705856,-0.0812259922779314,False,False,False,비타겟
917003200,Q2,0.0039002350960388,-0.0812747666661258,False,False,False,비타겟
1439519168,Q1_저가,-0.0077724802921343,-0.0817904426322624,False,False,False,비타겟
151663040,Q2,-0.0395660693969264,-0.0818159074657978,False,False,False,비타겟
1086680576,Q1_저가,-0.0208761487141699,-0.081942940602232,False,False,False,비타겟
901234624,Q3,0.0122987803536125,-0.0819795495443675,False,False,False,비타겟
1530032576,Q2,0.0235745373592016,-0.0819895329406903,False,False,False,비타겟
739560320,Q1_저가,0.025443106583902,-0.0822683850119075,False,False,False,비타겟
1175681344,Q1_저가,0.0238157903712827,-0.0824847508104739,False,False,False,비타겟
1434444864,Q2,-0.0408318337605393,-0.0827538135708,False,False,False,비타겟
1251872000,Q1_저가,-0.0116341664178838,-0.0828587111589502,False,False,False,비타겟
842902400,Q2,0.0140216980437974,-0.0830199105736706,False,False,False,비타겟
1541343040,Q3,0.0105093817751551,-0.0831367620862312,False,False,False,비타겟
603730816,Q2,-0.040211097874715,-0.0831615987388021,False,False,False,비타겟
1533284288,Q1_저가,0.0228868058994827,-0.0832914687788457,False,False,False,비타겟
1297440512,Q1_저가,-0.0195365226846444,-0.0835768212362604,False,False,False,비타겟
978197376,Q1_저가,0.0065402574922077,-0.0846571920079212,False,False,False,비타겟
709264832,Q2,0.0261774633805047,-0.0846984768953605,False,False,False,비타겟
1227036864,Q3,0.0158242014214006,-0.0852057594728717,False,False,False,비타겟
125159360,Q3,0.0049689733104389,-0.0852837485518782,False,False,False,비타겟
608469184,Q3,0.0157428119681485,-0.0853761496520201,False,False,False,비타겟
887715520,Q1_저가,-0.0024883473013534,-0.0855111540465617,False,False,False,비타겟
73553280,Q1_저가,-0.0193864119964444,-0.085540687408063,False,False,False,비타겟
101300480,Q3,0.000254252658473,-0.0856424567258671,False,False,False,비타겟
1351659840,Q2,0.0166932880055238,-0.0857832078175946,False,False,False,비타겟
136644288,Q2,0.006988302149027,-0.0858728210607662,False,False,False,비타겟
97532800,Q3,0.0209455959524738,-0.0859711651537886,False,False,False,비타겟
284233408,Q1_저가,-0.0136320600556177,-0.0860674341311514,False,False,False,비타겟
1310764736,Q2,0.0199383042603157,-0.0862596880318058,False,False,False,비타겟
183181632,Q1_저가,0.0207363440174217,-0.086486842916796,False,False,False,비타겟
839611712,Q1_저가,0.0135186496081616,-0.0867452155918243,False,False,False,비타겟
371235264,Q1_저가,-0.0153502684958898,-0.0867462054837217,False,False,False,비타겟
1068063040,Q3,0.0177725583948132,-0.086857151385425,False,False,False,비타겟
802393344,Q3,0.0135913264098804,-0.0868714060494001,False,False,False,비타겟
651975680,Q1_저가,0.0140518796020276,-0.0868960415242001,False,False,False,비타겟
1442741184,Q3,-0.026533705736992,-0.0870594725051678,False,False,False,비타겟
313474688,Q1_저가,0.0047415600167247,-0.0872506835294765,False,False,False,비타겟
85849280,Q3,0.0067571238342232,-0.0873289937026773,False,False,False,비타겟
27387136,Q3,0.0152123263371639,-0.087502974959139,False,False,False,비타겟
378174848,Q1_저가,0.020553410566694,-0.087543409049981,False,False,False,비타겟
1116408128,Q1_저가,-0.0237395376475912,-0.0876627468669372,False,False,False,비타겟
897207104,Q1_저가,-0.0185391331023619,-0.0876968420119537,False,False,False,비타겟
768497216,Q2,0.0134204430830803,-0.0878369338744884,False,False,False,비타겟
1551816448,Q3,-0.0274351117654301,-0.0878566605119413,False,False,False,비타겟
656936768,Q3,0.025765217994804,-0.0878757717709551,False,False,False,비타겟
1094804288,Q3,0.0222990526756036,-0.0878821390873807,False,False,False,비타겟
206596928,Q1_저가,0.0151089099934442,-0.0879701120069977,False,False,False,비타겟
1174656832,Q2,0.0207192426175896,-0.0882074687571119,False,False,False,비타겟
673098816,Q3,-0.0014688221821769,-0.0886880532582373,False,False,False,비타겟
998477888,Q2,-0.022212176797838,-0.0892046146242138,False,False,False,비타겟
1128472128,Q3,0.0144113436066923,-0.0896008860023114,False,False,False,비타겟
772921920,Q4_고가,-0.0250021955869411,-0.0899405733632627,False,False,False,비타겟
845665984,Q3,0.0069493537592656,-0.0900585545946545,False,False,False,비타겟
303108928,Q2,0.0142581001035647,-0.090858918841811,False,False,False,비타겟
1039751616,Q2,-0.0242551248489445,-0.0912628511050256,False,False,False,비타겟
847126656,Q2,0.0170246679486529,-0.0913103445791057,False,False,False,비타겟
1132260224,Q3,-0.003630979891826,-0.0913152830637615,False,False,False,비타겟
697601728,Q1_저가,0.0244293432621394,-0.0913353146182338,False,False,False,비타겟
1469825792,Q3,0.0137084549583741,-0.0916112676776148,False,False,False,비타겟
732312640,Q2,0.0246623607501057,-0.0917717977068992,False,False,False,비타겟
379106560,Q3,0.01931180451079,-0.0922679814097179,False,False,False,비타겟
791949632,Q2,0.0230208339250477,-0.0927367087333443,False,False,False,비타겟
274287104,Q3,-0.0034091209437892,-0.0928166947872868,False,False,False,비타겟
762606272,Q3,0.0056139971568397,-0.0928749366714403,False,False,False,비타겟
886054400,Q3,-0.0004346970067745,-0.0937240654797537,False,False,False,비타겟
812378624,Q1_저가,-0.0183185923753542,-0.0939304161346344,False,False,False,비타겟
408242048,Q1_저가,-0.0197254946823847,-0.0939928060031413,False,False,False,비타겟
881176832,Q2,-0.0238906659422292,-0.0945662933566904,False,False,False,비타겟
692612800,Q3,0.0187603373481669,-0.0946110663475162,False,False,False,비타겟
637584256,Q2,0.0202756962230137,-0.0948806979443976,False,False,False,비타겟
732680128,Q2,-0.0236868742753026,-0.0949482430480612,False,False,False,비타겟
1217222336,Q2,0.0195308303374549,-0.0955116964006559,False,False,False,비타겟
778608704,Q3,0.0035330822215365,-0.0956188372895626,False,False,False,비타겟
61203456,Q3,-0.0209758361419771,-0.0957218227152401,False,False,False,비타겟
1266423040,Q3,-0.0310318194264178,-0.0961611926404225,False,False,False,비타겟
836801728,Q2,0.0176923052079438,-0.0962826389145199,False,False,False,비타겟
1247731264,Q2,0.0243464992574454,-0.096439735183315,False,False,False,비타겟
1481100992,Q2,0.0191686726529022,-0.096494182745375,False,False,False,비타겟
813911680,Q3,-0.0082651649875327,-0.0967341202824221,False,False,False,비타겟
977670272,Q1_저가,0.0215628631053202,-0.0968743527314328,False,False,False,비타겟
1160647744,Q1_저가,0.0144725633925676,-0.0969682548505025,False,False,False,비타겟
744660608,Q3,0.0131190408775245,-0.0969801300390496,False,False,False,비타겟
1547241408,Q1_저가,0.017413736697595,-0.0970861507987768,False,False,False,비타겟
1244054528,Q3,0.0094339355706948,-0.0980524024352028,False,False,False,비타겟
1016492224,Q1_저가,0.0206487176446829,-0.0980555170752356,False,False,False,비타겟
1126376704,Q1_저가,0.0260584941876417,-0.0980755479908478,False,False,False,비타겟
1670400000,Q4_고가,0.0050640977464653,-0.0981230119158417,False,False,True,비타겟
1120387392,Q1_저가,-0.0016947486644006,-0.0993329403159776,False,False,False,비타겟
1520039872,Q1_저가,0.0019266296224463,-0.0993602648972639,False,False,False,비타겟
819871296,Q3,0.0145256804002362,-0.0993908929550082,False,False,False,비타겟
91409856,Q1_저가,-0.0193718754387229,-0.0994616628349225,False,False,False,비타겟
1370888000,Q1_저가,0.0094938951793497,-0.0995393513419187,False,False,False,비타겟
1576614464,Q2,0.0140889962444797,-0.0997323550070317,False,False,False,비타겟
775167680,Q1_저가,-0.0080253708281611,-0.099865296293243,False,False,False,비타겟
90233152,Q3,0.00982280312771,-0.0998657347500879,False,False,False,비타겟
1188678912,Q1_저가,0.0132823502023033,-0.0999961579453569,False,False,False,비타겟
945292352,Q2,-0.0118052951502793,-0.1000703793074051,False,False,False,비타겟
743754880,Q3,-0.0413874000638719,-0.1003007047640025,False,False,False,비타겟
246289344,Q3,-0.0132345229313467,-0.1004999720521889,False,False,False,비타겟
1620339968,Q2,0.005569465402224,-0.1011503868766033,False,False,False,비타겟
1319267072,Q2,-0.0012178373459275,-0.1012656300917534,False,False,False,비타겟
862494336,Q3,0.0095792175092742,-0.1013362238900549,False,False,False,비타겟
1009480256,Q2,-0.0183251041134884,-0.1013997416590375,False,False,False,비타겟
873554240,Q2,0.0097311965051621,-0.1015088208478474,False,False,False,비타겟
1234115648,Q3,0.0103603272913407,-0.1016222426538074,False,False,False,비타겟
1199471552,Q2,0.0004759115187383,-0.1016848356989,False,False,False,비타겟
815138496,Q3,0.0006210643212956,-0.102362164118856,False,False,False,비타겟
730050176,Q2,-0.018107567037184,-0.1024651220630642,False,False,False,비타겟
1299543360,Q3,0.0103619450644456,-0.1030039741745121,False,False,False,비타겟
860992832,Q1_저가,0.0150480139240306,-0.1030740396306124,False,False,False,비타겟
67302272,Q1_저가,0.0184411889662345,-0.1030942326847362,False,False,False,비타겟
841447296,Q1_저가,-0.0161278407674104,-0.1031535163149557,False,False,False,비타겟
1278388672,Q2,-0.0023434316805102,-0.1032339513959845,False,False,False,비타겟
1034569664,Q2,-0.0225907725834784,-0.1032936225808211,False,False,False,비타겟
944381056,Q2,0.0092909164048933,-0.1037323156226469,False,False,False,비타겟
155651584,Q1_저가,0.0179474310888646,-0.1043248981242888,False,False,False,비타겟
1210002496,Q2,0.0206337109523679,-0.1045200584312643,False,False,False,비타겟
758380160,Q1_저가,0.0080302656809162,-0.1047662419837271,False,False,False,비타겟
546393408,Q2,-0.0095942972956188,-0.1047941995736985,False,False,False,비타겟
745286080,Q1_저가,-0.0172135302919386,-0.1048065695457346,False,False,False,비타겟
209906176,Q1_저가,0.0131934532133776,-0.1048515583873622,False,False,False,비타겟
833843264,Q2,0.011826777138813,-0.1050285411241265,False,False,False,비타겟
688576000,Q3,0.0127596433418999,-0.1057863304550792,False,False,False,비타겟
200340352,Q1_저가,-0.0112012552362418,-0.1060542092172408,False,False,False,비타겟
744343232,Q2,0.0084685051946851,-0.106416189217343,False,False,False,비타겟
186769280,Q3,-0.0206651101047407,-0.1065171963102289,False,False,False,비타겟
841720128,Q1_저가,0.0050182801213018,-0.1066684706916938,False,False,False,비타겟
1487799296,Q3,0.0074665170280727,-0.1068602350002562,False,False,False,비타겟
1447390464,Q3,-0.0180910207151646,-0.1075434597773402,False,False,False,비타겟
1248783616,Q2,-0.0215682759205529,-0.1082876531348851,False,False,False,비타겟
563284864,Q1_저가,0.0007057453410769,-0.1084611427277271,False,False,False,비타겟
273513152,Q2,-0.0221892571477789,-0.108468197439049,False,False,False,비타겟
167789824,Q3,-0.0300269635348657,-0.1085486911374875,False,False,False,비타겟
706742528,Q1_저가,-0.0142978980982878,-0.1097103917502911,False,False,False,비타겟
1245602432,Q1_저가,0.0111515866143104,-0.1099596115709061,False,False,False,비타겟
623822016,Q3,-0.019382094384393,-0.1112597165429427,False,False,False,비타겟
747624640,Q1_저가,0.0033597540253366,-0.1114704327310135,False,False,False,비타겟
1290942656,Q1_저가,0.0186764572408705,-0.1125206083162894,False,False,False,비타겟
1033548864,Q3,0.0073946275483395,-0.112636382851988,False,False,False,비타겟
542770496,Q1_저가,0.0107597716786004,-0.1130034236331264,False,False,False,비타겟
119027136,Q3,-0.0266359997822011,-0.1149700326129786,False,False,False,비타겟
516083072,Q4_고가,-0.0160445936188832,-0.1150206816218074,False,False,False,비타겟
1090030656,Q1_저가,-0.0112100098492035,-0.1158627784260212,False,False,False,비타겟
1311831936,Q2,0.0155004655514163,-0.1163850961354978,False,False,False,비타겟
545834752,Q1_저가,0.009552384683657,-0.1164071395387875,False,False,False,비타겟
784688960,Q1_저가,0.023350104918323,-0.1168747952198663,False,False,False,비타겟
820856832,Q1_저가,-0.0131657485225311,-0.1178560155925559,False,False,False,비타겟
1190250944,Q3,0.009642211982546,-0.1209005025722643,False,False,False,비타겟
1530297984,Q2,-0.0119608139027489,-0.1211089291539793,False,False,False,비타겟
731638912,Q1_저가,-0.0120377994448667,-0.1215604585828779,False,False,False,비타겟
1264977216,Q2,-0.0364474253454796,-0.1225540194491491,False,False,False,비타겟
1179950144,Q1_저가,-0.0208222443457581,-0.1228206495534375,False,False,False,비타겟
738017984,Q3,0.0018356519509064,-0.1229397192398406,False,False,False,비타겟
1242723776,Q3,0.0135561810413251,-0.1233436380105448,False,False,False,비타겟
646081024,Q3,0.0110641864032569,-0.1242754623128434,False,False,False,비타겟
802209600,Q2,-0.0113217248672559,-0.1244839846373108,False,False,False,비타겟
178491520,Q2,-0.0176147510171036,-0.1257632370344896,False,False,False,비타겟
971226240,Q2,0.0255917806086474,-0.1261271494371266,False,False,False,비타겟
969813824,Q1_저가,-0.0157526185390808,-0.1273865346080618,False,False,False,비타겟
978408960,Q2,-0.0143798230968695,-0.1274346147636745,False,False,False,비타겟
764842752,Q1_저가,0.0109488619411635,-0.1278581395435644,False,False,False,비타겟
127282624,Q3,0.0145038752668671,-0.1288773991302479,False,False,False,비타겟
1182765696,Q3,-0.0209778225775727,-0.1291409342082221,False,False,False,비타겟
1255745472,Q3,0.0169113970739512,-0.1296231540657707,False,False,False,비타겟
1005616064,Q1_저가,-0.0108341032605371,-0.1296662553694096,False,False,False,비타겟
349176704,Q1_저가,-0.0183353862903865,-0.1304220881498495,False,False,False,비타겟
477615616,Q1_저가,-0.0041900926190917,-0.1304911014606676,False,False,False,비타겟
204022656,Q3,-0.0247298159095435,-0.1325475666927701,False,False,False,비타겟
1598047552,Q1_저가,0.0239017937503194,-0.1346152093205381,False,False,False,비타겟
269639680,Q1_저가,0.0178762578223045,-0.1347418026165006,False,False,False,비타겟
1237055552,Q3,0.0236770361275635,-0.1357315343484928,False,False,False,비타겟
1449831104,Q1_저가,-0.0054190373749812,-0.1369615979543054,False,False,False,비타겟
1085234752,Q3,0.0194620128489674,-0.1393005169246086,False,False,False,비타겟
108212224,Q1_저가,-0.0121130885939967,-0.1399817474173285,False,False,False,비타겟
1076056832,Q1_저가,0.014582167271827,-0.1436080232420811,False,False,False,비타겟
66285184,Q3,-0.0197856911521069,-0.1453723526235451,False,False,False,비타겟
559348288,Q3,-0.0118063180575055,-0.1459142384129183,False,False,False,비타겟
762468928,Q1_저가,0.0254087308255184,-0.1483758263131032,False,False,False,비타겟
853553984,Q1_저가,-0.0136245221964554,-0.1529630351044142,False,False,False,비타겟
765076608,Q3,0.0108079677392226,-0.1547011366603383,False,False,False,비타겟
748829184,Q2,-0.0197834506305569,-0.1625339614398815,False,False,False,비타겟
431564544,Q2,0.0072644393565017,-0.1651443620325108,False,False,False,비타겟
1313296320,Q2,-0.0244164035546115,-0.171770304997819,False,False,False,비타겟
261159616,Q2,-0.0152849162699023,-0.1798465111768151,False,False,False,비타겟
838770944,Q1_저가,0.0244579262987422,-0.1898538320372819,False,False,False,비타겟
1457925120,Q1_저가,-0.0034253743123355,-0.1925087779020463,False,False,False,비타겟
