회원번호,y_repurchase_14d,label_observable_flag,ever_cancelled,avg_leadtime
18764160,0,1,0,2.96875
18792000,0,1,0,2.0
18942336,0,1,1,2.656716417910448
19391488,0,1,0,2.0
19627200,1,1,1,2.282608695652174
19727424,1,1,1,2.210526315789474
19996544,0,1,1,2.0517241379310347
20235968,0,1,0,2.2777777777777777
20258240,0,1,0,1.0
20588608,1,1,1,2.075916230366492
20636864,1,1,1,2.456896551724138
21134272,0,1,0,2.6666666666666665
21982464,1,1,1,2.5245901639344264
22112384,0,1,0,2.0
22259008,0,1,1,2.576923076923077
22270144,1,1,1,2.426791277258567
22990272,1,1,1,1.7714285714285714
23437568,1,1,1,1.55
23485824,0,1,0,2.2857142857142856
23573056,0,1,0,3.0
24883392,1,1,1,2.1839080459770117
25145088,0,1,0,2.52
26355200,1,1,1,2.1616161616161618
26676288,0,1,1,2.3636363636363638
27021504,0,1,1,2.0
27066048,1,1,1,2.9838709677419355
27387136,1,1,1,2.742857142857143
28394944,1,1,1,2.5948275862068964
28871936,0,1,1,2.8823529411764706
29658880,0,1,0,2.25
29868608,1,1,0,3.75
30215680,1,1,1,2.5714285714285716
31691200,1,1,1,2.5961538461538463
37188672,1,1,1,2.4615384615384617
37253632,0,1,0,3.2
37314880,0,1,0,2.5
37415104,0,1,0,2.5
37584000,1,1,1,2.1925925925925926
38270720,0,1,0,3.2
38588096,1,1,1,2.253807106598985
38593664,0,1,0,2.6666666666666665
38808960,1,1,1,2.345029239766082
38842368,0,1,1,2.1020408163265305
38859072,0,1,0,2.5
38862784,1,1,1,2.88
38866496,0,1,1,3.5
38903616,0,1,1,2.5294117647058822
38918464,1,1,1,2.1508620689655173
38933312,0,1,0,1.8
38955584,1,1,0,1.6071428571428572
38959296,1,1,1,1.9643605870020964
38968576,0,1,1,1.5
39053952,1,1,1,1.5584415584415585
39284096,0,1,1,1.0
39287808,0,1,0,2.0
39376896,0,1,0,2.2
39382464,1,1,1,1.6266094420600858
39547648,0,1,0,1.0
39640448,1,1,1,1.3846153846153846
39653440,1,1,1,1.6119402985074627
39820480,1,1,1,2.103896103896104
39955968,0,1,0,2.0
40822720,0,1,0,3.0
40969344,0,1,0,3.0
41104832,1,1,1,1.911764705882353
41396224,0,1,1,1.0
41600384,0,1,1,1.986842105263158
41739584,0,1,1,1.3333333333333333
41754432,1,1,1,1.9096045197740112
42058816,1,1,1,2.108695652173913
42097792,0,1,0,1.6666666666666667
42140480,0,1,1,1.4871794871794872
42307520,1,1,1,2.1176470588235294
42402176,1,1,0,2.526315789473684
42474560,1,1,1,1.8802395209580838
42955264,1,1,1,2.090909090909091
43426688,1,1,1,2.37890625
43872128,1,1,1,1.6
43924096,0,1,0,1.5
44076288,0,1,0,1.565217391304348
44486464,1,1,1,1.4666666666666666
44620096,0,1,0,1.6
44666496,1,1,0,1.0
44844672,1,1,1,1.8636363636363635
45022848,1,1,1,2.0
45364352,1,1,1,1.6857142857142857
45520256,1,1,1,1.6923076923076923
45932288,1,1,1,1.950310559006211
46038080,0,1,0,1.7142857142857142
46056640,0,1,0,2.0
46348032,1,1,1,2.3448275862068964
46487232,0,1,1,1.9158878504672898
46568896,1,1,1,2.251700680272109
46752640,0,1,0,1.0
46995776,0,1,1,1.9444444444444444
47663936,0,1,0,1.0
48088960,0,1,0,1.0
48183616,0,1,0,1.0
48296832,1,1,1,1.8956521739130434
48398912,0,1,1,1.5333333333333334
48590080,0,1,0,1.0
48638336,1,1,1,1.606367583212735
48859200,0,1,0,1.6666666666666667
49035520,0,1,0,2.125
49083776,1,1,1,2.731958762886598
49178432,1,1,0,2.44
49742656,0,1,0,3.0
50290176,0,1,1,3.0
50776448,1,1,1,1.9192825112107623
50793152,1,1,1,2.0555555555555554
50798720,1,1,1,1.641025641025641
51142080,1,1,1,2.152173913043478
51182912,0,1,0,3.0
51184768,0,1,0,3.0
51203328,0,1,0,1.6666666666666667
51207040,0,1,0,3.25
51574528,1,1,0,2.6363636363636362
51897472,0,1,0,1.3333333333333333
51927168,0,1,0,3.0
52420864,1,1,0,2.35
52450560,0,1,1,2.0526315789473686
52480256,0,1,0,1.2
52515520,1,1,0,2.4444444444444446
52519232,1,1,1,1.6229508196721312
52534080,0,1,1,3.1666666666666665
52558208,1,1,1,2.264705882352941
52606464,0,1,1,2.4166666666666665
52767936,1,1,1,2.2720588235294117
52777216,0,1,0,2.0
52792064,1,1,1,2.0588235294117645
52821760,0,1,1,2.6144578313253013
52879296,1,1,0,2.888888888888889
52886720,0,1,0,2.16
52903424,1,1,1,2.234234234234234
52931264,1,1,1,2.45679012345679
52953536,1,1,1,2.021276595744681
53105728,1,1,1,2.4518950437317786
53157696,0,1,0,1.5
53165120,1,1,1,2.8076923076923075
53345152,0,1,1,2.382716049382716
53361856,0,1,1,1.9428571428571428
53365568,0,1,0,3.0
53367424,0,1,1,2.263157894736842
53372992,0,1,0,2.0
53382272,0,1,1,2.0357142857142856
53384128,0,1,1,1.9078947368421053
53432384,1,1,1,2.015228426395939
53465792,0,1,1,2.0476190476190474
53543744,1,1,1,2.0943396226415096
53766464,0,1,0,1.875
53844416,1,1,1,2.419047619047619
53848128,1,1,1,2.533333333333333
53874112,1,1,0,2.3823529411764706
53905664,0,1,1,2.0
53942784,0,1,1,2.1052631578947367
54067136,0,1,0,2.272727272727273
54078272,1,1,1,2.5217391304347827
54109824,0,1,1,1.8988095238095237
54119104,0,1,1,1.3333333333333333
54256448,0,1,1,1.6666666666666667
54416064,1,1,1,2.022222222222222
54603520,1,1,1,1.893939393939394
54605376,1,1,1,1.8181818181818181
54612800,0,1,0,2.0
54616512,1,1,1,2.1183431952662723
54623936,1,1,1,1.81875
54907904,0,1,0,1.6666666666666667
54911616,1,1,1,2.7435897435897436
54954304,0,1,0,1.2
55204864,1,1,1,3.0588235294117645
55455424,1,1,1,2.25
55535232,1,1,1,2.8125
55548224,0,1,0,2.4
55557504,1,1,0,2.0833333333333335
55835904,0,1,1,2.625
55947264,1,1,0,2.533333333333333
55988096,0,1,0,3.0
56470656,0,1,1,2.6666666666666665
56507776,1,1,0,3.0
56511488,0,1,0,2.0
56528192,0,1,1,3.0
56530048,1,1,1,2.909090909090909
56567168,1,1,0,1.759493670886076
56570880,1,1,1,2.8666666666666667
56576448,1,1,1,2.4788732394366195
56646976,1,1,1,2.35
56648832,0,1,1,2.3333333333333335
56674816,0,1,0,2.0
56747200,0,1,1,2.4150943396226414
57105408,0,1,0,2.6666666666666665
57209344,0,1,0,2.75
57250176,0,1,0,2.235294117647059
57272448,1,1,1,1.975
57331840,1,1,1,2.611764705882353
57359680,0,1,0,2.0
57471040,0,1,0,2.6
57727168,1,1,0,3.5
57797696,0,1,0,2.5
58037120,1,1,1,2.5353535353535355
58068672,0,1,1,2.735294117647059
58074240,1,1,1,2.292682926829268
58480704,1,1,1,2.25
58484416,1,1,1,1.7476851851851851
58491840,0,1,0,1.5
58545664,0,1,0,1.875
58560512,0,1,1,1.7052631578947368
58805504,0,1,0,2.5
59011520,1,1,1,1.9214659685863875
59046784,0,1,1,1.8571428571428572
59083904,0,1,0,1.0
59516352,1,1,1,1.565217391304348
59709376,0,1,0,2.6666666666666665
59727936,0,1,0,1.75
59755776,0,1,1,2.4444444444444446
59759488,1,1,1,1.9054054054054055
59774336,1,1,1,2.21483771251932
60210496,0,1,0,2.0
60275456,0,1,0,1.5
60277312,1,1,1,1.7377049180327868
60312576,1,1,1,2.123076923076923
60314432,1,1,1,1.6238805970149253
60654080,0,1,1,2.2
60802560,0,1,0,4.0
60912064,0,1,1,1.8727272727272728
60926912,0,1,0,2.125
60956608,0,1,0,2.5
61197888,0,1,1,2.154639175257732
61201600,0,1,0,2.4
61203456,1,1,1,1.36
61216448,0,1,1,1.5
61220160,0,1,0,1.0
61223872,1,1,1,2.0289017341040463
61424320,0,1,0,1.7916666666666667
61426176,1,1,1,2.1176470588235294
61441024,0,1,1,1.0
61442880,1,1,0,2.0
61452160,1,1,0,1.0
61541248,0,1,0,2.0
61548672,1,1,1,1.9195402298850575
61652608,1,1,0,1.9444444444444444
61713856,0,1,0,1.2
61750976,1,1,1,1.9653579676674364
61763968,1,1,1,2.703125
61867904,1,1,1,2.275
62012672,0,1,0,2.1707317073170733
62261376,1,1,1,2.0483091787439616
62326336,0,1,0,2.84
62341184,1,1,1,1.975609756097561
62343040,1,1,1,2.46
62361600,0,1,0,3.0
62426560,0,1,0,2.0
62615872,0,1,1,2.5454545454545454
62686400,0,1,1,2.375
62688256,0,1,0,2.5
62704960,0,1,1,2.0303030303030303
62716096,1,1,1,1.9857142857142858
62743936,1,1,1,1.6021505376344085
63308160,1,1,1,1.6630824372759856
63553152,1,1,1,2.0238095238095237
63655232,0,1,0,1.2857142857142858
63722048,1,1,1,2.1
63723904,0,1,0,1.0
63967040,1,1,1,1.6944444444444444
64004160,0,1,0,1.4
64295552,0,1,1,1.8571428571428572
64306688,1,1,1,1.8454545454545455
64330816,1,1,0,2.2
64460736,0,1,1,1.9130434782608696
64483008,0,1,0,2.8
64586944,1,1,0,2.238095238095238
64679744,1,1,1,2.347826086956522
64859776,0,1,0,3.3333333333333335
64861632,1,1,1,2.247311827956989
64921024,1,1,1,2.3653846153846154
64972992,0,1,1,1.0
65036096,0,1,0,3.4
65130752,0,1,0,2.0
65290368,0,1,1,4.0
65511232,1,1,0,2.4444444444444446
65514944,1,1,1,1.7209302325581395
65527936,0,1,0,3.5
65548352,1,1,1,1.9047619047619047
65639296,0,1,1,1.7391304347826086
65650432,0,1,0,2.5
65873152,0,1,0,3.375
65888000,0,1,1,1.6470588235294117
65900992,0,1,0,1.75
66053184,0,1,0,2.0
66201664,1,1,1,1.6395348837209303
66205376,0,1,1,2.592857142857143
66285184,0,1,1,2.5
66472640,1,1,1,2.2666666666666666
66474496,1,1,1,1.7272727272727273
66478208,1,1,1,2.1875
66485632,1,1,1,2.169811320754717
66810432,1,1,0,1.9090909090909092
67105536,1,1,1,1.946236559139785
67109248,0,1,1,1.9506172839506173
67185344,0,1,0,1.6
67189056,0,1,1,2.4705882352941178
67302272,1,1,1,2.078125
67367232,0,1,0,3.0
67448896,1,1,0,1.6
67556544,0,1,0,1.5714285714285714
67563968,0,1,0,2.4
67601088,0,1,1,1.6666666666666667
67602944,1,1,1,2.4285714285714284
67634496,0,1,0,1.7
67705024,1,1,1,2.3448275862068964
67821952,1,1,1,2.642857142857143
67987136,1,1,1,2.0
68027968,0,1,1,2.4651162790697674
68200576,0,1,0,3.0
68276672,1,1,1,2.082125603864734
68310080,0,1,1,2.2857142857142856
68452992,0,1,0,1.875
68506816,1,1,1,2.3958333333333335
68891008,1,1,1,2.8
68976384,1,1,1,2.3157894736842106
69199104,0,1,0,1.25
69319744,0,1,1,1.3333333333333333
69403264,1,1,1,1.7583333333333333
69455232,0,1,0,1.5
69501632,0,1,0,3.1666666666666665
69503488,0,1,1,2.5185185185185186
69642688,0,1,1,1.8181818181818181
69731776,1,1,1,2.0
69750336,1,1,1,1.8
69785600,1,1,1,2.2962962962962963
69804160,1,1,1,2.484848484848485
69950784,0,1,1,2.191780821917808
70284864,0,1,0,2.090909090909091
70305280,0,1,0,2.0
70698752,1,1,1,2.120967741935484
70960448,0,1,1,1.0
70988288,1,1,1,2.4444444444444446
71056960,0,1,1,1.5714285714285714
71092224,0,1,0,2.090909090909091
71355776,0,1,0,1.5
71465280,1,1,1,2.303030303030303
71489408,0,1,1,2.235294117647059
71678720,1,1,1,2.64
71767808,0,1,1,1.894736842105263
71901440,1,1,1,2.6476190476190475
72131584,1,1,1,2.1130434782608694
72168704,0,1,1,2.3962264150943398
72202112,0,1,0,2.6666666666666665
72454528,0,1,1,2.236842105263158
72796032,1,1,1,2.151851851851852
72805312,1,1,1,2.5547445255474455
73217344,1,1,1,1.9038461538461537
73222912,1,1,1,2.3823529411764706
73260032,1,1,1,2.727272727272727
73265600,1,1,0,3.230769230769231
73545856,1,1,1,1.8235294117647058
73551424,1,1,1,2.281853281853282
73553280,1,1,1,2.1578947368421053
73885504,0,1,0,2.0
74137920,0,1,0,1.0
74147200,0,1,1,2.3333333333333335
74169472,1,1,1,2.196078431372549
74175040,1,1,1,2.2222222222222223
74201024,0,1,1,2.888888888888889
74470144,0,1,0,2.0
74562944,0,1,0,2.4285714285714284
74566656,0,1,0,2.5
74824640,0,1,1,2.1
75381440,1,1,0,2.4166666666666665
75403712,0,1,1,2.2
75438976,0,1,1,2.1358024691358026
75596736,0,1,0,1.5
75730368,1,1,1,2.1566265060240966
76160960,1,1,0,3.3333333333333335
76498752,1,1,1,1.5135135135135136
76541440,1,1,1,2.1228070175438596
76545152,0,1,1,2.3666666666666667
76554432,1,1,1,2.7096774193548385
77062976,1,1,0,2.25
77760832,1,1,1,2.1968503937007875
77881472,0,1,1,1.9553571428571428
77901888,0,1,1,1.894736842105263
78319488,0,1,0,2.0
78516224,0,1,0,2.142857142857143
78785344,0,1,0,3.75
78872576,1,1,1,2.4146341463414633
78956096,1,1,1,1.8695652173913044
79401536,0,1,1,2.875
79436800,1,1,1,2.312883435582822
79451648,1,1,1,2.522727272727273
79473920,0,1,1,2.4833333333333334
79561152,0,1,0,3.0
79761600,0,1,0,1.0
80080832,0,1,1,2.25
80136512,0,1,0,2.6
80810240,0,1,1,2.25
81101632,0,1,0,2.0
81376320,1,1,1,2.4556962025316458
81704832,1,1,1,2.074074074074074
82202240,0,1,1,2.375
82426816,1,1,0,2.25
82428672,0,1,0,2.25
82707072,0,1,1,3.272727272727273
82805440,1,1,0,2.55
83100544,0,1,0,2.3333333333333335
83560832,0,1,0,4.0
83562688,0,1,0,2.8333333333333335
83573824,0,1,0,3.0
83642496,0,1,1,1.7777777777777777
83670336,0,1,0,2.5
83865216,0,1,0,2.0
84128768,1,1,1,2.3448275862068964
84332928,0,1,0,3.0
84360768,0,1,0,2.6666666666666665
84702272,0,1,0,2.857142857142857
85093888,0,1,0,2.75
85095744,0,1,0,2.0
85127296,1,1,1,2.4296875
85413120,0,1,0,2.8333333333333335
85582016,1,1,1,2.459016393442623
85849280,0,1,1,2.3448275862068964
86803264,0,1,0,1.3333333333333333
86929472,0,1,1,1.3333333333333333
86935040,0,1,1,2.1354166666666665
86938752,1,1,1,2.522727272727273
86940608,1,1,0,2.272727272727273
86953600,0,1,0,1.0
86968448,0,1,1,2.032258064516129
86981440,0,1,0,1.5
86983296,1,1,1,1.9170243204577968
86985152,1,1,1,1.9578947368421054
86990720,1,1,1,1.8571428571428572
87025984,0,1,0,2.0
87476992,0,1,0,1.8888888888888888
87536384,0,1,0,1.4
87586496,1,1,1,2.2857142857142856
87592064,1,1,1,1.7660818713450293
87619904,0,1,1,1.8888888888888888
88191552,1,1,1,1.7868852459016393
88759488,1,1,1,1.6627906976744187
88772480,0,1,0,1.3333333333333333
88831872,1,1,1,1.7608695652173914
89023040,1,1,1,1.819047619047619
89420224,0,1,0,1.25
89518592,1,1,1,2.1123595505617976
89529728,1,1,1,1.6046511627906976
89537152,1,1,1,1.6863905325443787
89579840,1,1,1,1.7777777777777777
89913920,1,1,1,2.4216867469879517
90233152,1,1,0,2.0
90288832,0,1,0,2.0
90492992,0,1,0,1.4444444444444444
90903168,0,1,0,1.3333333333333333
90910592,1,1,1,1.48
90916160,1,1,1,1.6818181818181819
91287360,0,1,0,2.0
91409856,1,1,1,1.7777777777777777
91420992,0,1,0,1.0
91422848,0,1,1,1.0
91430272,0,1,0,2.142857142857143
91992640,1,1,0,1.5
92014912,1,1,0,1.64
92018624,0,1,1,1.5
92350848,1,1,0,2.111111111111111
92369408,1,1,1,1.8591549295774648
92371264,1,1,1,2.1818181818181817
92430656,1,1,1,1.8904109589041096
92514176,1,1,1,1.88135593220339
92731328,1,1,0,2.25
92835264,0,1,0,1.3333333333333333
93013440,0,1,0,1.5
93044992,1,1,1,1.84
93098816,1,1,1,2.3333333333333335
93284416,0,1,0,1.375
93390208,0,1,1,1.6666666666666667
93731712,1,1,1,2.1586402266288953
93971136,0,1,1,2.329113924050633
94050944,0,1,0,2.0
94060224,1,1,1,2.6315789473684212
94214272,0,1,0,2.0
94266240,1,1,1,2.028735632183908
94271808,0,1,1,2.288135593220339
94754368,0,1,1,2.392857142857143
94971520,0,1,0,2.0
94997504,0,1,1,1.8888888888888888
95001216,0,1,1,1.6521739130434783
95114432,0,1,0,3.0
95118144,0,1,0,2.5
95947776,0,1,0,1.5
96207616,0,1,0,2.5
96315264,1,1,0,2.5
96679040,0,1,1,2.6363636363636362
96719872,0,1,0,3.3333333333333335
96847936,0,1,0,3.0
97096640,1,1,1,2.25
97120768,0,1,1,2.5555555555555554
97128192,0,1,1,1.6774193548387097
97130048,1,1,1,2.5657894736842106
97135616,1,1,1,2.125984251968504
97141184,0,1,1,2.5833333333333335
97219136,0,1,1,2.1538461538461537
97532800,0,1,0,2.7
97553216,0,1,1,2.0
98169408,1,1,0,2.3333333333333335
98204672,1,1,1,2.7551020408163267
98223232,0,1,1,2.840909090909091
98258496,1,1,0,2.909090909090909
98262208,1,1,1,2.2580645161290325
99062144,0,1,0,3.0
99257024,0,1,1,3.0
99268160,0,1,0,2.0
99661632,0,1,0,2.9210526315789473
99763712,1,1,1,2.1204819277108435
99912192,0,1,1,2.0952380952380953
99995712,1,1,1,2.327485380116959
100134912,0,1,0,2.0
100224000,1,1,1,2.0614525139664805
100225856,0,1,0,4.5
100548800,0,1,1,2.5833333333333335
100932992,1,1,1,2.4516129032258065
100955264,0,1,0,1.6666666666666667
101035072,1,1,0,2.3333333333333335
101300480,1,1,1,2.914285714285714
101319040,0,1,1,2.663716814159292
101554752,1,1,0,1.0
101760768,1,1,1,1.6753246753246753
101946368,0,1,0,1.0
102178368,0,1,0,1.5
102328704,0,1,0,1.3333333333333333
102560704,1,1,1,1.853658536585366
102911488,0,1,0,2.5
103013568,0,1,1,1.0
103700288,1,1,1,2.05
103705856,0,1,0,2.0
104303488,0,1,0,2.5
104353600,1,1,1,2.4363636363636365
104355456,0,1,0,3.0
104663552,1,1,1,1.7520661157024793
104678400,1,1,0,2.3461538461538463
104683968,1,1,1,2.4693251533742333
104735936,1,1,1,2.3777777777777778
104754496,1,1,1,1.8839285714285714
104800896,0,1,1,2.75
104871424,0,1,0,4.0
105060736,0,1,0,2.0
105071872,1,1,1,1.896341463414634
105634240,0,1,0,2.1142857142857143
105756736,0,1,1,1.9294117647058824
105758592,0,1,0,3.0
106174336,1,1,1,1.8857142857142857
106220736,0,1,1,3.076923076923077
106256000,0,1,1,1.8392857142857142
106437888,0,1,0,1.2
106757120,0,1,0,3.0
106760832,0,1,0,1.0
106829504,0,1,1,1.44
106972416,1,1,1,1.7361111111111112
107640576,0,1,1,2.6
107642432,1,1,1,2.3825136612021858
107657280,0,1,0,1.9411764705882353
107666560,1,1,1,2.4623655913978495
108013632,0,1,0,3.0
108143552,1,1,1,2.349809885931559
108184384,0,1,0,2.111111111111111
108212224,1,1,1,1.6296296296296295
108280896,0,1,0,3.0
108405248,1,1,1,1.5294117647058822
108420096,0,1,1,1.8125
108843264,0,1,1,2.4827586206896552
108934208,0,1,1,2.259259259259259
108956480,0,1,0,3.0
109065984,0,1,0,3.5
109309120,1,1,1,1.7736842105263158
109325824,1,1,1,1.72
109472448,1,1,0,1.7272727272727273
109804672,0,1,1,1.0
110010688,1,1,1,2.1538461538461537
110237120,1,1,1,2.3125
110320640,0,1,0,2.0
110934976,0,1,1,1.846938775510204
111098304,1,1,1,2.375
111102016,0,1,1,2.25
111311744,0,1,0,2.2
111350720,0,1,0,2.142857142857143
111391552,1,1,1,1.9384615384615385
111649536,0,1,0,4.0
111731200,0,1,0,1.5
111824000,0,1,0,1.3333333333333333
111920512,0,1,0,2.111111111111111
112479168,1,1,1,1.5895522388059702
112570112,1,1,1,1.5454545454545454
112648064,1,1,1,2.3255813953488373
112698176,1,1,1,1.5649122807017544
112766848,0,1,0,1.3333333333333333
112800256,0,1,0,1.6153846153846154
114053056,0,1,0,1.5
114298048,1,1,1,2.0757180156657964
114303616,1,1,1,2.243445692883895
114311040,0,1,0,3.0
114429824,0,1,0,2.0
114476224,0,1,0,3.3333333333333335
114658112,1,1,1,2.6315789473684212
114878976,1,1,1,2.672727272727273
115001472,1,1,1,2.188679245283019
115008896,1,1,1,2.395209580838323
115031168,1,1,1,2.111111111111111
115437632,0,1,0,2.7857142857142856
115561984,0,1,1,2.2162162162162162
115630656,1,1,1,2.3684210526315788
115886784,1,1,0,2.5454545454545454
115920192,0,1,1,2.466666666666667
116029696,1,1,1,2.5784313725490198
116120640,1,1,1,2.392670157068063
116261696,1,1,1,2.3047619047619046
116389760,1,1,1,2.56969696969697
116434304,0,1,0,3.8
116573504,1,1,1,2.296
116588352,0,1,0,2.8461538461538463
116950272,0,1,1,1.6956521739130435
116974400,1,1,1,2.212121212121212
117004096,1,1,1,1.9880952380952381
117069056,0,1,0,2.2
117098752,0,1,1,1.9705882352941178
117109888,0,1,1,2.302325581395349
117226816,1,1,1,2.719298245614035
117239808,1,1,1,2.0606060606060606
117562752,0,1,0,2.8
117564608,0,1,0,4.0
117679680,1,1,1,1.691275167785235
118034176,1,1,1,1.92
118245760,0,1,0,1.625
118540864,0,1,0,1.3333333333333333
118659648,0,1,0,2.5
118717184,0,1,0,2.090909090909091
118761728,1,1,1,2.2777777777777777
118789568,0,1,0,1.3333333333333333
118828544,0,1,1,2.2
119027136,1,1,1,2.4375
119312960,0,1,1,3.0
119550528,1,1,1,2.0697674418604652
119866048,0,1,0,1.0
119936576,0,1,1,1.7142857142857142
120020096,0,1,1,1.25
120159296,0,1,1,2.8421052631578947
120294784,0,1,0,1.0
120428416,0,1,0,2.6666666666666665
120615872,0,1,1,1.88
120617728,0,1,1,1.5
120849728,1,1,1,2.1969178082191783
120859008,0,1,0,2.6
120979648,0,1,0,1.1428571428571428
121133696,1,1,0,1.8125
121423232,1,1,1,1.509090909090909
121480768,1,1,1,2.3846153846153846
121482624,1,1,1,2.524137931034483
121549440,0,1,0,2.7
122408768,0,1,1,2.3636363636363638
122457024,1,1,1,2.8181818181818183
122564672,0,1,0,1.0
123069504,1,1,1,2.0
123958528,0,1,0,1.4
123965952,1,1,1,2.0754716981132075
124236928,0,1,0,3.0
124387264,1,1,1,3.0588235294117645
124390976,1,1,1,1.9666666666666666
124431808,1,1,1,2.2058823529411766
124515328,1,1,0,1.6
124522752,0,1,0,2.3636363636363638
124615552,1,1,1,2.466666666666667
124632256,1,1,1,1.8
124908800,1,1,1,2.3532467532467534
124996032,1,1,1,2.3714285714285714
125025728,1,1,1,2.547169811320755
125159360,1,1,1,1.7209302325581395
125263296,0,1,0,2.8
125281856,0,1,0,2.0
125287424,1,1,1,2.277385159010601
125354240,0,1,0,2.0
125363520,1,1,1,2.2142857142857144
125617792,0,1,0,3.4
125718016,0,1,0,2.5
125732864,1,1,1,2.259259259259259
125788544,0,1,0,2.0
126000128,0,1,1,3.0
126252544,1,1,0,3.5
126458560,0,1,0,3.0
126573632,0,1,1,2.875
126659008,0,1,0,2.0
127043200,1,1,1,2.8333333333333335
127080320,1,1,1,1.0
127091456,0,1,1,2.4074074074074074
127104448,0,1,0,1.75
127141568,1,1,1,2.0760869565217392
127200960,0,1,0,3.3333333333333335
127277056,1,1,1,2.3
127280768,1,1,1,2.76
127282624,1,1,1,1.9666666666666666
127438528,1,1,1,1.825
127529472,0,1,1,2.0
127544320,1,1,1,2.289473684210526
127559168,1,1,1,2.6216216216216215
127637120,1,1,1,3.0
127668672,0,1,0,2.125
127676096,1,1,1,2.16
127692800,0,1,0,2.3333333333333335
127833856,0,1,0,4.0
128208768,0,1,0,2.3333333333333335
128297856,1,1,1,2.6666666666666665
128520576,1,1,1,2.6296296296296298
128897344,1,1,1,3.0714285714285716
129240704,0,1,0,2.0
129719552,1,1,1,2.0
130168704,0,1,1,2.5517241379310347
130177984,1,1,1,2.477124183006536
130315328,0,1,0,3.0
130452672,1,1,1,2.4545454545454546
130493504,1,1,1,2.191011235955056
130523200,0,1,0,2.0
130614144,1,1,1,2.4113475177304964
130684672,0,1,0,1.0
130712512,1,1,1,1.9205298013245033
130725504,0,1,0,1.5
130805312,0,1,0,1.375
131245184,0,1,0,1.625
131250752,0,1,1,2.78
131280448,1,1,0,2.4285714285714284
131544000,0,1,0,3.5
131616384,0,1,0,2.4
131831680,1,1,1,2.52
132830208,0,1,0,3.0
133095616,1,1,1,2.2962962962962963
133372160,1,1,0,2.066666666666667
133583744,0,1,1,3.0
133593024,0,1,0,3.0
133834304,1,1,1,2.139830508474576
133888128,1,1,1,2.0350877192982457
133917824,0,1,0,2.6666666666666665
134602688,0,1,0,1.6666666666666667
134871808,0,1,0,2.5
135113088,1,1,1,1.4
135181760,0,1,0,2.25
135220736,0,1,0,1.4
135281984,0,1,0,1.4761904761904763
135883328,1,1,1,1.736842105263158
135900032,0,1,0,2.0
136644288,1,1,1,1.793103448275862
136933824,1,1,1,2.75
137061888,1,1,1,1.9795918367346939
137112000,1,1,1,1.8571428571428572
137449792,0,1,0,2.5
137557440,0,1,0,2.4
137650240,0,1,0,2.5
137795008,1,1,1,1.8176100628930818
137815424,1,1,1,1.9625
138001024,0,1,1,1.3333333333333333
138064128,0,1,0,1.75
138314688,0,1,1,1.6712328767123288
138351808,1,1,1,2.029126213592233
138474304,0,1,1,2.1
138585664,0,1,0,2.1666666666666665
138689600,1,1,1,2.26507713884993
138708160,1,1,1,2.6666666666666665
138910464,0,1,1,3.0714285714285716
139172160,0,1,0,2.0
139359616,0,1,0,2.5
139574912,1,1,1,2.75
139754944,0,1,1,1.3333333333333333
139775360,0,1,0,1.4615384615384615
140189248,0,1,0,1.0
140220800,0,1,1,1.8571428571428572
140233792,1,1,1,2.176470588235294
140326592,1,1,1,2.7142857142857144
140445376,0,1,0,2.4705882352941178
140512192,0,1,0,2.75
141000320,0,1,0,2.3
141020736,0,1,0,1.3333333333333333
141072704,0,1,0,1.25
141165504,0,1,0,2.5
141412352,1,1,1,2.3098591549295775
141508864,0,1,0,2.75
141529280,0,1,0,3.0
142160320,0,1,1,2.823529411764706
142216000,0,1,0,2.5
142544512,1,1,1,2.160919540229885
142852608,0,1,1,2.16
143077184,0,1,0,1.4166666666666667
143131008,0,1,0,2.2857142857142856
143168128,1,1,1,1.6363636363636365
143231232,1,1,1,1.8976377952755905
143296192,1,1,0,2.090909090909091
143429824,1,1,1,2.3174603174603177
143613568,0,1,0,3.0
143802880,0,1,0,3.0
143810304,0,1,1,2.1333333333333333
144454336,0,1,1,2.4705882352941178
144519296,0,1,0,2.3333333333333335
145085376,0,1,1,2.2142857142857144
145087232,0,1,0,2.0
145512256,1,1,1,2.508
145916864,0,1,1,2.3181818181818183
146297344,1,1,1,2.2
146876416,1,1,1,2.0444444444444443
147156672,1,1,0,2.2
147210496,0,1,1,2.6666666666666665
147242048,0,1,0,1.5
147355264,1,1,1,2.6666666666666665
147371968,0,1,1,2.111111111111111
147407232,0,1,1,2.525
147516736,1,1,1,2.3807339449541285
147735744,1,1,0,2.0
148177472,0,1,1,2.5294117647058822
148424320,1,1,1,2.158490566037736
148535680,1,1,0,1.8518518518518519
148602496,1,1,1,2.3181818181818183
149168576,0,1,1,2.5
149239104,0,1,0,1.6666666666666667
149270656,1,1,1,1.9915254237288136
149359744,0,1,0,1.3333333333333333
149426560,1,1,1,2.43348623853211
150029760,0,1,1,3.0714285714285716
150037184,1,1,0,1.5
150048320,1,1,1,2.591240875912409
150081728,1,1,1,2.4299065420560746
150100288,0,1,0,4.0
150235776,0,1,1,2.25
150302592,0,1,0,1.0
150798144,0,1,0,1.9642857142857142
150881664,1,1,1,2.0166666666666666
151032000,1,1,1,2.5268817204301075
151046848,0,1,1,2.5
151429184,1,1,1,2.25
151546112,0,1,1,1.7878787878787878
151568384,1,1,1,1.921875
151663040,0,1,1,1.9210526315789473
151689024,1,1,1,2.0428571428571427
151783680,1,1,1,1.9909638554216869
152154880,1,1,1,1.423529411764706
152184576,0,1,1,1.721311475409836
152282944,0,1,0,1.0
152401728,0,1,0,1.0
152572480,0,1,0,1.0
152605888,0,1,0,1.3333333333333333
152607744,0,1,0,1.3333333333333333
152739520,0,1,0,1.4444444444444444
152746944,0,1,0,1.5384615384615385
153242496,1,1,0,2.0833333333333335
153489344,0,1,0,1.5
153717632,0,1,1,1.5862068965517242
153723200,1,1,1,1.7549019607843137
153726912,0,1,1,2.066666666666667
153745472,1,1,1,2.033333333333333
153747328,1,1,1,1.5446009389671362
153877248,1,1,1,1.9743589743589745
153886528,1,1,1,2.223021582733813
153888384,0,1,0,2.5
153893952,0,1,0,2.4
154096256,1,1,1,2.25
154215040,0,1,0,2.0
154344960,1,1,1,2.2
154396928,1,1,1,2.1538461538461537
154543552,0,1,0,2.9166666666666665
154589952,0,1,0,1.6666666666666667
155122624,0,1,0,4.0
155174592,0,1,0,2.5
155488256,0,1,0,3.0
155642304,0,1,0,2.0
155646016,0,1,0,2.5384615384615383
155651584,0,1,0,2.46875
155670144,0,1,0,2.0
155759232,0,1,0,2.0
155931840,1,1,1,2.1614583333333335
156741056,0,1,0,1.75
156787456,0,1,1,2.4722222222222223
156813440,0,1,0,2.769230769230769
157080704,0,1,0,2.4782608695652173
157084416,0,1,0,2.25
157086272,0,1,1,2.3333333333333335
157158656,1,1,1,2.3424657534246576
157372096,1,1,0,3.0
157674624,1,1,1,2.5930232558139537
157784128,1,1,1,2.5211267605633805
157845376,0,1,0,2.0
158350208,1,1,1,2.408759124087591
158352064,1,1,1,2.0
158487552,0,1,1,2.875
158647168,0,1,0,2.0
158932992,0,1,0,3.0
159022080,0,1,1,2.5681818181818183
159127872,0,1,0,3.2
159131584,0,1,0,3.75
159216960,0,1,0,1.826086956521739
159358016,0,1,0,4.0
159950080,0,1,0,2.3333333333333335
160183936,0,1,0,2.0
160384384,1,1,0,3.5
160471616,1,1,1,2.547169811320755
160827968,1,1,1,2.1538461538461537
160924480,0,1,1,2.6774193548387095
160937472,0,1,0,2.6666666666666665
161475712,0,1,0,3.2
161538816,0,1,1,3.0
161540672,1,1,1,2.186602870813397
161609344,1,1,0,2.2195121951219514
161689152,0,1,0,3.0
162147584,0,1,0,1.0
162325760,1,1,1,2.0168067226890756
162340608,0,1,0,2.3333333333333335
162344320,0,1,0,4.0
162988352,0,1,1,2.89010989010989
163147968,0,1,0,3.0
163153536,0,1,1,2.0714285714285716
163435648,0,1,0,1.9310344827586208
163461632,1,1,1,2.433333333333333
163925632,0,1,1,2.3772727272727274
163983168,0,1,0,3.0
164094528,1,1,1,2.6466165413533833
164510272,1,1,1,2.613861386138614
164608640,0,1,1,1.9615384615384615
164692160,0,1,1,1.5454545454545454
164846208,0,1,0,1.0
164979840,0,1,1,2.6842105263157894
165260096,1,1,1,2.2222222222222223
165261952,0,1,0,2.4615384615384617
165696256,0,1,1,3.0
165904128,0,1,1,1.9444444444444444
166015488,1,1,1,2.5833333333333335
166299456,1,1,1,2.3454545454545452
166316160,0,1,0,3.0
166414528,0,1,0,2.4444444444444446
166611264,0,1,0,1.0
166770880,0,1,1,2.16
166945344,1,1,1,2.4037267080745344
167075264,0,1,0,3.5
167429760,0,1,0,2.625
167689600,1,1,1,2.40625
167789824,0,1,1,2.0555555555555554
168068224,1,1,1,2.3333333333333335
168073792,1,1,1,2.1762114537444934
168086784,0,1,0,1.6
168344768,0,1,0,2.0
168751232,1,1,1,2.0103092783505154
169111296,0,1,0,1.0
169285760,1,1,1,2.5981308411214954
169653248,0,1,1,1.625
170514432,1,1,1,1.868421052631579
170766848,1,1,1,1.9406779661016949
170770560,0,1,1,2.0638297872340425
170807680,0,1,0,2.2
170859648,0,1,0,2.272727272727273
170963584,1,1,1,2.356521739130435
171052672,0,1,0,2.0
171175168,1,1,1,1.7142857142857142
171292096,0,1,0,3.0
171550080,1,1,0,2.6470588235294117
171873024,0,1,0,4.0
172097600,1,1,1,2.022727272727273
172279488,0,1,0,2.6666666666666665
172457664,1,1,1,1.9642857142857142
172593152,0,1,1,1.2941176470588236
172619136,0,1,0,1.0
172886400,0,1,1,2.061224489795918
173472896,0,1,0,1.5
173712320,0,1,0,1.0
173838528,1,1,1,1.9090909090909092
173840384,0,1,0,1.5
173853376,1,1,0,1.8181818181818181
174048256,0,1,1,2.0
174092800,1,1,1,1.6129032258064515
174126208,0,1,1,2.3333333333333335
174400896,0,1,1,2.0338983050847457
174410176,1,1,0,1.7142857142857142
174603200,0,1,1,2.6666666666666665
174684864,1,1,1,2.0462962962962963
174812928,0,1,0,1.7
174822208,0,1,0,2.235294117647059
174861184,0,1,0,1.0
175481088,0,1,1,2.130434782608696
175482944,0,1,0,1.625
175484800,0,1,0,2.3333333333333335
175737216,0,1,1,2.111111111111111
175843008,1,1,1,2.1036036036036037
176002624,1,1,1,1.5714285714285714
176067584,0,1,0,1.7727272727272727
176273600,0,1,0,2.0
176384960,0,1,1,2.4761904761904763
176518592,0,1,1,2.0
176689344,0,1,1,1.8198198198198199
176912064,1,1,1,1.7638376383763839
176982592,1,1,1,2.45
177064256,0,1,0,2.0
177507840,0,1,0,1.0
177585792,1,1,0,3.0
177719424,1,1,1,1.748427672955975
177767680,1,1,1,1.96875
178216832,0,1,0,1.25
178343040,0,1,1,1.5454545454545454
178387584,1,1,1,2.037825059101655
178491520,1,1,0,3.142857142857143
178667840,0,1,0,1.8333333333333333
178758784,0,1,0,1.0
179065024,1,1,1,2.4098360655737703
179272896,0,1,1,2.0
179274752,0,1,0,1.8333333333333333
179421376,0,1,0,1.7142857142857142
179514176,1,1,1,2.4098360655737703
179610688,1,1,1,2.5058823529411764
179846400,1,1,1,2.2857142857142856
179948480,0,1,0,3.0
179980032,0,1,1,2.65
180019008,1,1,1,2.2439024390243905
180276992,0,1,0,2.2941176470588234
180288128,0,1,1,3.0588235294117645
180483008,1,1,1,1.7534883720930232
180492288,1,1,1,2.909090909090909
180496000,1,1,1,1.6756756756756757
180581376,0,1,1,2.3333333333333335
181076928,0,1,0,1.5
181438848,0,1,0,1.25
181585472,0,1,1,1.3636363636363635
181689408,1,1,1,2.358490566037736
181702400,1,1,0,2.056603773584906
181850880,0,1,1,1.9230769230769231
182075456,0,1,0,1.0
182409536,0,1,0,2.0
182522752,0,1,1,1.627906976744186
182576576,1,1,0,2.5
182927360,0,1,0,1.5416666666666667
183181632,1,1,1,2.033333333333333
183300416,1,1,0,1.619047619047619
183339392,1,1,0,1.9666666666666666
183422912,0,1,0,1.5714285714285714
183461888,0,1,1,1.608695652173913
183480448,1,1,1,1.8176470588235294
183489728,1,1,1,2.142857142857143
183641920,0,1,0,2.0
183714304,0,1,0,1.0
183844224,0,1,0,1.5
183896192,1,1,1,1.5822784810126582
184391744,1,1,0,1.1428571428571428
184414016,0,1,1,1.3829787234042554
184534656,0,1,1,1.7777777777777777
184735104,0,1,1,1.6666666666666667
184803776,0,1,0,1.0
184866880,0,1,0,2.0
184915136,0,1,1,1.7035714285714285
185217664,1,1,1,2.2142857142857144
185432960,0,1,1,2.25
185479360,1,1,1,2.611111111111111
185828288,1,1,1,2.459016393442623
186401792,1,1,1,2.652173913043478
186468608,1,1,1,2.336283185840708
186528000,1,1,1,2.413793103448276
186709888,1,1,1,1.9577464788732395
186743296,0,1,1,2.0
186769280,1,1,1,1.6956521739130435
186798976,0,1,0,1.5555555555555556
186824960,0,1,1,1.5555555555555556
186832384,1,1,1,1.3888888888888888
186836096,0,1,0,1.0
187036544,1,1,1,1.8333333333333333
187190592,0,1,0,1.0
187359488,1,1,1,2.3175675675675675
187571072,1,1,1,2.6557377049180326
187587776,0,1,1,1.2857142857142858
187647168,1,1,1,2.057471264367816
187773376,1,1,1,1.5454545454545454
187895872,0,1,0,2.066666666666667
187927424,0,1,0,2.5
187964544,0,1,0,2.0
188074048,0,1,1,2.6
188634560,1,1,0,1.75
188658688,1,1,1,2.1843971631205674
188727360,1,1,1,2.5
188922240,0,1,0,1.25
188933376,1,1,0,2.5
188946368,0,1,0,2.0
189094848,0,1,1,2.590909090909091
189297152,0,1,0,2.4285714285714284
189330560,0,1,0,2.0
189544000,1,1,1,2.115168539325843
189644224,0,1,0,1.4444444444444444
189677632,0,1,0,2.5
189681344,1,1,1,1.939334637964775
189904064,0,1,1,1.7538461538461538
190002432,1,1,0,2.925925925925926
190123072,0,1,0,1.5
190225152,0,1,1,2.176470588235294
190555520,0,1,0,2.2
190618624,0,1,0,2.5
190696576,1,1,1,1.6101694915254237
190802368,1,1,1,1.9173553719008265
190917440,0,1,1,1.784431137724551
190973120,0,1,0,1.0
191112320,0,1,1,2.4285714285714284
191450112,0,1,1,1.8888888888888888
192021760,0,1,0,1.3333333333333333
192105280,0,1,1,2.0
192257472,0,1,0,1.5
192268608,0,1,1,1.4583333333333333
192313152,0,1,0,2.0
192331712,1,1,1,2.216417910447761
192392960,0,1,0,2.0
192522880,1,1,1,2.56
192589696,0,1,1,2.1153846153846154
192845824,0,1,1,2.466666666666667
192864384,1,1,1,1.5820895522388059
192890368,0,1,1,2.421875
192897792,1,1,0,1.8
192994304,0,1,1,2.5806451612903225
193003584,1,1,1,2.1010526315789475
193109376,0,1,0,1.6
193204032,1,1,1,2.0670103092783507
193324672,0,1,0,2.2
193567808,0,1,0,2.0
194087488,0,1,0,1.3333333333333333
194111616,0,1,0,2.0
194280512,0,1,0,3.0
194408576,0,1,1,2.533333333333333
194560768,0,1,1,2.1666666666666665
194679552,0,1,1,2.25
194980224,0,1,0,2.0
195084160,0,1,0,1.2941176470588236
195210368,1,1,0,1.8181818181818181
195227072,1,1,0,2.0
195262336,1,1,1,1.8666666666666667
195538880,0,1,0,1.6666666666666667
195611264,1,1,0,1.5
196010304,0,1,0,1.9047619047619047
196244160,0,1,0,3.5
196388928,1,1,1,2.0078740157480315
196431616,1,1,1,1.930232558139535
196646912,1,1,0,1.3333333333333333
196691456,0,1,1,1.6666666666666667
196823232,1,1,0,1.0
196890048,0,1,0,2.5
196930880,0,1,0,2.35
197057088,0,1,0,2.357142857142857
197144320,1,1,1,2.235042735042735
197896000,1,1,1,1.4333333333333333
197936832,0,1,0,2.0
198087168,1,1,1,1.6304347826086956
198224512,1,1,1,1.3076923076923077
198335872,0,1,1,1.826086956521739
198617984,0,1,0,3.5
198714496,0,1,0,2.6666666666666665
198913088,0,1,0,2.7142857142857144
198952064,0,1,0,1.3333333333333333
199041152,0,1,0,3.0
199364096,0,1,0,1.3181818181818181
199520000,1,1,0,2.227272727272727
199870784,1,1,0,1.6842105263157894
199919040,0,1,0,2.6666666666666665
199933888,0,1,0,1.7777777777777777
200123200,1,1,0,3.125
200193728,0,1,0,2.0
200204864,1,1,1,2.3333333333333335
200234560,1,1,1,2.3503649635036497
200340352,1,1,1,2.5714285714285716
200349632,0,1,0,3.0
200548224,1,1,1,1.8820754716981132
200564928,0,1,0,2.4166666666666665
200631744,1,1,1,2.0303030303030303
200743104,0,1,1,1.7419354838709677
200839616,1,1,1,2.3220338983050848
200906432,0,1,0,2.6363636363636362
201515200,0,1,0,2.5
201570880,0,1,1,3.1666666666666665
201674816,0,1,0,2.0
201698944,0,1,0,2.6666666666666665
201953216,1,1,1,2.45
202107264,1,1,1,2.85
202135104,1,1,1,2.193877551020408
202378240,0,1,0,2.0
202536000,1,1,1,3.0
202792128,1,1,1,1.9673913043478262
202871936,0,1,0,1.5
202892352,0,1,0,2.6666666666666665
202981440,0,1,0,1.5
203133632,0,1,1,3.2857142857142856
203291392,0,1,0,2.5833333333333335
203426880,0,1,0,1.8571428571428572
203590208,1,1,1,2.2140350877192985
204022656,1,1,1,2.2857142857142856
204041216,1,1,1,2.3703703703703702
204044928,1,1,0,2.0
204102464,0,1,1,2.1
204323328,1,1,1,2.013157894736842
204416128,0,1,0,1.6
204429120,0,1,1,2.0588235294117645
204638848,0,1,0,1.0
204681536,0,1,1,2.1818181818181817
204718656,0,1,0,3.0
204833728,0,1,0,3.0
204887552,1,1,1,2.458100558659218
205117696,0,1,1,1.9
205188224,0,1,0,1.5
205193792,0,1,0,1.4
205271744,1,1,1,2.090909090909091
205329280,0,1,0,2.066666666666667
205334848,0,1,0,2.3095238095238093
205364544,0,1,0,1.1
205435072,0,1,0,2.8636363636363638
205459200,1,1,0,3.6666666666666665
205709760,0,1,1,1.0
205938048,1,1,0,2.5806451612903225
206190464,1,1,1,2.3404255319148937
206370496,1,1,1,2.5694444444444446
206439168,0,1,1,2.0
206596928,0,1,1,2.5
206663744,1,1,1,2.426900584795322
206715712,1,1,1,2.2222222222222223
206719424,0,1,0,1.8421052631578947
207007104,0,1,1,2.5
207107328,1,1,1,2.3473684210526318
207408000,1,1,0,1.4333333333333333
207450688,0,1,0,2.0
207489664,0,1,1,1.967741935483871
207491520,1,1,1,1.9722222222222223
207560192,0,1,0,1.8333333333333333
207736512,0,1,0,2.0
207946240,0,1,0,2.7142857142857144
207964800,1,1,0,1.2857142857142858
208176384,1,1,1,2.015625
208276608,1,1,0,1.3333333333333333
208321152,1,1,1,2.3333333333333335
208571712,1,1,0,1.6666666666666667
208751744,1,1,1,1.411764705882353
209419904,0,1,1,1.8
209460736,0,1,0,2.0
209497856,0,1,1,1.0
209564672,0,1,0,2.0
209906176,0,1,1,2.4
210262528,1,1,1,2.8
210307072,1,1,1,2.4444444444444446
210639296,0,1,0,2.2857142857142856
210811904,1,1,1,2.1717171717171717
210969664,1,1,1,1.5208333333333333
211030912,0,1,0,2.0
211049472,0,1,1,1.75
211140416,1,1,1,1.957142857142857
211274048,0,1,1,2.4210526315789473
211287040,1,1,0,1.6
211314880,0,1,1,1.4545454545454546
212079552,1,1,1,2.1666666666666665
212872064,1,1,1,1.8051948051948052
212875776,0,1,0,2.0
213291520,0,1,0,2.0714285714285716
213482688,1,1,1,1.795275590551181
213486400,0,1,1,3.7142857142857144
213603328,1,1,1,2.543859649122807
213731392,0,1,0,2.3333333333333335
213744384,1,1,1,2.142857142857143
213872448,1,1,1,2.2413793103448274
214052480,1,1,1,2.22972972972973
214095168,1,1,1,1.9444444444444444
214507200,1,1,1,2.7540983606557377
214638976,0,1,0,1.5
214657536,1,1,1,1.8205128205128205
214664960,0,1,0,1.0
214809728,0,1,0,3.3076923076923075
214839424,0,1,0,1.0
215296000,0,1,0,1.0
215362816,0,1,0,3.0
215438912,1,1,0,1.9
215583680,0,1,0,1.6666666666666667
215719168,0,1,0,1.6428571428571428
215810112,0,1,1,2.0
215841664,0,1,1,2.588235294117647
216476416,0,1,1,2.4146341463414633
216829056,1,1,1,2.0918367346938775
217035072,0,1,0,2.7142857142857144
217077760,1,1,1,2.4444444444444446
217189120,0,1,0,2.0
217307904,0,1,1,1.7857142857142858
217705088,0,1,0,1.1428571428571428
218091136,0,1,0,1.7142857142857142
218291584,0,1,0,1.5
218382528,0,1,1,2.4339622641509435
218423360,0,1,0,1.3
218475328,1,1,1,1.7258064516129032
218480896,0,1,0,2.0
218484608,1,1,1,2.2546583850931676
218837248,0,1,1,1.9166666666666667
219104512,1,1,0,2.7333333333333334
219137920,0,1,1,2.0
219267840,0,1,1,3.1666666666666665
219291968,0,1,1,2.272727272727273
219293824,0,1,1,1.8
219496128,0,1,0,2.6666666666666665
219587072,0,1,0,5.0
220672832,1,1,1,3.0
220724800,0,1,0,1.5
220748928,0,1,1,2.505050505050505
220954944,1,1,1,1.9317773788150807
221081152,0,1,0,1.9375
221101568,0,1,1,1.44
221441216,0,1,0,1.25
221689920,0,1,1,2.0
221747456,0,1,0,2.0
221808704,0,1,1,2.0526315789473686
221849536,0,1,0,1.6
221858816,0,1,1,2.0
221927488,0,1,0,1.8888888888888888
221970176,0,1,0,3.1
222051840,1,1,0,2.4444444444444446
222326528,0,1,0,3.75
222395200,0,1,0,2.6666666666666665
222434176,1,1,1,2.5853658536585367
222473152,0,1,1,3.6
222495424,0,1,1,3.0
222720000,0,1,0,2.75
222734848,1,1,0,2.7333333333333334
223189568,1,1,1,2.8636363636363638
223352896,0,1,0,1.0
223390016,1,1,1,2.263157894736842
223458688,0,1,0,2.0
223510656,0,1,1,1.5466666666666666
223673984,0,1,0,2.0
223696256,1,1,1,1.8
223722240,0,1,0,2.5
223961664,0,1,0,1.1666666666666667
224004352,1,1,1,1.9534883720930232
224318016,0,1,0,2.5
224451648,1,1,1,2.084507042253521
224511040,1,1,1,2.4615384615384617
224832128,0,1,0,2.0
224932352,0,1,0,2.3333333333333335
224934208,1,1,1,2.32
225312832,1,1,1,1.7028571428571428
225452032,1,1,1,2.423076923076923
225609792,1,1,0,2.0
225650624,0,1,1,2.0555555555555554
225841792,1,1,1,2.712328767123288
225847360,0,1,0,1.6
225875200,1,1,0,2.1176470588235294
226073792,0,1,0,2.4705882352941178
226161024,0,1,0,4.0
226315072,1,1,1,2.4725274725274726
226638016,0,1,1,2.4716981132075473
226725248,1,1,1,2.357142857142857
226753088,1,1,0,2.3333333333333335
226756800,0,1,0,2.0
226914560,0,1,1,2.642857142857143
226973952,0,1,1,1.5
227244928,1,1,1,1.9789473684210526
227476928,0,1,0,3.25
227610560,0,1,0,2.0
227859264,0,1,0,2.0
228644352,0,1,0,3.6666666666666665
228787264,1,1,1,2.0630914826498423
229035968,0,1,0,3.5
229217856,1,1,1,2.688888888888889
229243840,0,1,0,2.6666666666666665
229282816,1,1,1,2.124031007751938
229323648,1,1,1,2.511111111111111
229527808,1,1,1,2.231527093596059
229585344,1,1,1,2.552941176470588
229917568,0,1,0,1.2
229963968,0,1,0,1.25
230225664,1,1,1,1.9150943396226414
230337024,1,1,0,1.6923076923076923
230702656,0,1,1,2.0
230756480,1,1,1,1.8333333333333333
230867840,0,1,0,3.0
230988480,1,1,1,2.298769771528998
231200064,1,1,1,1.7379310344827585
231331840,0,1,0,2.1
231333696,1,1,0,2.0
231498880,1,1,1,2.173076923076923
231524864,0,1,0,1.3333333333333333
231528576,0,1,0,3.0
231545280,0,1,1,2.890625
231641792,1,1,1,2.430894308943089
231797696,0,1,1,2.4018691588785046
231905344,1,1,1,2.328767123287671
231959168,0,1,0,1.75
232105792,1,1,0,2.066666666666667
232168896,0,1,0,1.0
232330368,0,1,1,1.5
232428736,0,1,0,1.0833333333333333
232798080,1,1,1,2.6206896551724137
232809216,0,1,0,4.0
232851904,0,1,0,2.5
232913152,1,1,1,2.5473684210526315
233078336,0,1,0,1.0
233219392,1,1,1,2.5454545454545454
233362304,0,1,1,2.7333333333333334
233373440,0,1,1,2.64
233516352,0,1,0,3.0
233588736,0,1,1,2.0377358490566038
233859712,1,1,1,1.981651376146789
233969216,1,1,1,2.302158273381295
234069440,1,1,0,2.0
234212352,0,1,1,2.1818181818181817
234216064,1,1,1,2.4702970297029703
234371968,1,1,1,2.6744186046511627
234381248,1,1,1,2.269503546099291
234938048,0,1,0,1.0
234999296,1,1,1,1.9928057553956835
235238720,1,1,1,2.0310077519379846
235244288,0,1,0,1.0
235333376,0,1,0,1.6779661016949152
235348224,0,1,0,4.0
235370496,0,1,0,2.0
235467008,0,1,0,1.0
235621056,0,1,1,1.0
235916160,0,1,0,1.2857142857142858
236047936,0,1,0,3.0
236495232,1,1,1,1.878787878787879
236625152,1,1,1,2.1666666666666665
236805184,1,1,1,1.5522388059701493
237606976,0,1,0,1.7
237742464,1,1,1,1.6088888888888888
238085824,1,1,1,1.6101694915254237
238087680,0,1,0,2.0
238321536,0,1,0,2.176470588235294
238379072,0,1,1,2.2162162162162162
238434752,0,1,0,1.6666666666666667
238470016,1,1,1,2.619047619047619
238562816,1,1,1,2.5060975609756095
238596224,0,1,0,2.4444444444444446
238622208,0,1,1,2.71875
238896896,0,1,0,2.176470588235294
238911744,1,1,1,2.8641975308641974
239273664,0,1,1,2.6666666666666665
239334912,0,1,0,1.6
239411008,1,1,1,2.0
239546496,0,1,1,1.25
239605888,0,1,1,1.8076923076923077
239611456,0,1,0,1.25
239997504,0,1,0,2.0
240003072,0,1,0,1.6666666666666667
240040192,0,1,0,2.0
240088448,1,1,1,2.2950819672131146
240136704,1,1,1,2.564935064935065
240220224,1,1,1,2.3035714285714284
240268480,0,1,1,2.5
240838272,0,1,0,1.8571428571428572
240949632,1,1,1,2.4069767441860463
240951488,1,1,1,1.4225352112676057
241038720,1,1,1,2.2531645569620253
241473024,1,1,0,2.216867469879518
241589952,1,1,1,2.263157894736842
241610368,0,1,0,2.9
241823808,1,1,0,2.05
241838656,1,1,1,1.75
241877632,1,1,1,1.943661971830986
241942592,0,1,0,1.5
241957440,0,1,0,2.1666666666666665
241970432,0,1,0,2.2857142857142856
241987136,0,1,0,2.5
242451136,0,1,0,1.0
242573632,1,1,0,1.2857142857142858
242729536,0,1,0,1.0
242779648,1,1,1,1.4183673469387754
242968960,0,1,1,1.3333333333333333
242987520,0,1,0,2.0
243148992,0,1,1,1.8709677419354838
243273344,0,1,0,1.6666666666666667
243291904,1,1,1,1.96875
243293760,1,1,1,2.0991189427312777
243304896,0,1,0,2.0
243574016,0,1,0,3.0
243679808,0,1,0,2.8
243690944,0,1,1,3.0
243824576,1,1,1,2.230769230769231
244008320,0,1,1,2.0
244258880,1,1,1,2.8333333333333335
244375808,1,1,0,2.3333333333333335
244511296,0,1,0,1.4285714285714286
244529856,0,1,0,2.0
244540992,1,1,0,1.0
244555840,1,1,0,1.8571428571428572
244832384,0,1,0,3.0
245205440,0,1,0,3.0
245224000,0,1,0,1.6666666666666667
245266688,0,1,1,2.0952380952380953
245465280,0,1,0,2.4
245576640,1,1,1,2.2045454545454546
245621184,0,1,0,3.0
245751104,0,1,0,3.6666666666666665
245793792,0,1,0,3.6666666666666665
245888448,0,1,1,1.5
246003520,0,1,1,2.888888888888889
246283776,1,1,1,2.380952380952381
246287488,1,1,1,2.68944099378882
246289344,1,1,1,3.473684210526316
246294912,1,1,1,2.5657894736842106
246339456,0,1,0,1.75
246764480,0,1,0,1.9166666666666667
247003904,1,1,1,2.1939799331103678
247007616,0,1,0,1.0
247341696,0,1,1,2.064516129032258
247510592,0,1,1,2.536842105263158
247881792,1,1,0,3.0
247926336,1,1,1,2.3943661971830985
248030272,0,1,0,2.5128205128205128
248100800,1,1,1,2.5757575757575757
248611200,1,1,1,2.3684210526315788
249297920,1,1,1,2.25
249314624,1,1,1,2.038961038961039
249336896,1,1,1,2.2444444444444445
249548480,0,1,1,2.0
249572608,0,1,0,2.210526315789474
250021760,1,1,0,1.3333333333333333
250146112,1,1,1,3.2916666666666665
251174336,1,1,1,1.4615384615384615
251309824,0,1,1,2.0454545454545454
251452736,1,1,1,2.1319444444444446
251534400,0,1,0,1.0
251630912,0,1,0,2.0
251677312,0,1,0,2.1666666666666665
251732992,0,1,0,1.0
251753408,1,1,0,1.5
251799808,0,1,0,2.0
251874048,0,1,1,1.9791666666666667
252085632,0,1,0,3.25
252202560,1,1,0,1.2857142857142858
252263808,0,1,0,1.0
252592320,0,1,0,2.909090909090909
252662848,1,1,0,2.4761904761904763
252699968,1,1,1,3.4615384615384617
252701824,0,1,0,2.0
252854016,0,1,0,2.5
253637248,1,1,0,2.5
253817280,1,1,1,2.5714285714285716
254246016,1,1,1,2.6153846153846154
254379648,1,1,1,2.288702928870293
254513280,1,1,1,2.235
254539264,1,1,1,2.0851063829787235
254585664,1,1,1,2.413793103448276
254886336,1,1,1,2.4054054054054053
255060800,0,1,0,2.5
255101632,0,1,1,1.5263157894736843
255643584,0,1,0,2.0
256272768,1,1,1,2.0431654676258995
256547456,1,1,1,2.0
256733056,0,1,0,2.3333333333333335
256816576,1,1,0,2.6666666666666665
257011456,0,1,1,2.230769230769231
257390080,1,1,1,2.043956043956044
257987712,0,1,0,1.8571428571428572
258074944,0,1,0,3.0
258078656,1,1,1,2.514705882352941
258091648,1,1,1,1.375
258128768,0,1,0,2.0
258271680,1,1,1,2.4776119402985075
258527808,0,1,1,2.34
258737536,0,1,1,1.5
258765376,1,1,1,2.048
258804352,0,1,0,1.0
258822912,1,1,1,1.7872340425531914
258887872,1,1,1,1.8979591836734695
259426112,0,1,0,3.0
260047872,0,1,0,1.0
260172224,1,1,1,1.75
260263168,0,1,0,2.6666666666666665
260385664,0,1,0,1.9130434782608696
260443200,0,1,0,2.0
261159616,0,1,1,2.6
261432448,0,1,0,3.0
261618048,0,1,1,2.4081632653061225
261918720,1,1,1,2.0689655172413794
262367872,0,1,0,2.25
262870848,0,1,1,2.72
262928384,1,1,1,2.2531645569620253
262941376,1,1,1,2.2301587301587302
262950656,1,1,1,1.88
262998912,0,1,0,2.4210526315789473
263004480,1,1,1,2.408695652173913
263052736,1,1,1,2.5
263071296,1,1,1,2.621359223300971
263075008,0,1,0,2.40625
263106560,0,1,1,1.0
263145536,0,1,0,1.75
263208640,0,1,0,2.5714285714285716
263284736,1,1,1,2.235294117647059
263292160,1,1,1,2.7
263320000,0,1,0,2.3333333333333335
263351552,0,1,0,2.6153846153846154
263368256,1,1,1,2.4304635761589406
263407232,1,1,1,2.2549019607843137
263427648,1,1,1,2.2962962962962963
263431360,0,1,1,2.5
263505600,0,1,1,2.361111111111111
263516736,1,1,1,2.5714285714285716
263758016,0,1,1,2.5294117647058822
263821120,1,1,1,2.617283950617284
263832256,1,1,1,2.6338028169014085
263897216,0,1,0,1.0
263908352,0,1,0,2.3529411764705883
263938048,1,1,1,2.422222222222222
263973312,0,1,1,2.7560975609756095
264047552,1,1,1,2.4285714285714284
264151488,1,1,1,1.9268292682926829
264157056,0,1,0,2.4
264207168,1,1,1,2.4550898203592815
264273984,0,1,1,2.3076923076923075
264517120,0,1,0,1.0
264533824,1,1,1,2.413978494623656
264537536,0,1,0,3.625
264548672,1,1,0,2.88
264673024,1,1,1,2.688888888888889
264899456,1,1,1,2.5238095238095237
264942144,1,1,1,2.1621621621621623
265005248,0,1,1,2.375
265008960,1,1,1,2.559055118110236
265168576,1,1,0,1.5555555555555556
265242816,0,1,1,2.5813953488372094
265270656,1,1,1,2.537313432835821
265465536,0,1,1,2.0
265471104,0,1,0,2.1
265740224,0,1,1,2.25
266449216,1,1,1,2.325
266480768,1,1,0,2.8
266619968,0,1,0,1.8
266658944,0,1,0,1.6666666666666667
266662656,0,1,0,2.5454545454545454
266688640,1,1,1,2.3372093023255816
266863104,0,1,0,1.6153846153846154
266942912,1,1,0,2.0
267093248,1,1,1,2.6923076923076925
267100672,1,1,1,2.396694214876033
267106240,1,1,0,2.0
267210176,1,1,1,2.397923875432526
267299264,0,1,0,1.0
267343808,0,1,1,3.0
267358656,0,1,0,2.0
267440320,0,1,0,2.0
267677888,1,1,0,2.6666666666666665
267681600,0,1,0,1.0
267685312,1,1,1,2.0516605166051662
267690880,0,1,0,1.3333333333333333
267705728,0,1,1,2.141509433962264
267891328,0,1,1,2.0
267904320,0,1,0,2.5
268089920,1,1,1,2.007751937984496
268104768,1,1,0,1.5925925925925926
268151168,1,1,1,1.2857142857142858
268308928,1,1,1,1.2222222222222223
268323776,1,1,1,2.7017543859649122
268327488,0,1,1,1.2
268388736,1,1,1,2.395209580838323
268411008,1,1,1,1.7777777777777777
268895424,0,1,0,2.3333333333333335
269049472,0,1,0,3.5
269246208,1,1,1,1.9263351749539595
269259200,1,1,1,2.290909090909091
269387264,0,1,0,2.75
269418816,0,1,0,2.6666666666666665
269470784,1,1,0,1.8888888888888888
269535744,1,1,1,2.3793103448275863
269558016,1,1,1,2.2344827586206897
269604416,1,1,1,2.321167883211679
269639680,1,1,1,2.272727272727273
269932928,0,1,0,2.2
269936640,0,1,1,1.7272727272727273
269944064,1,1,1,1.7777777777777777
269949632,0,1,0,2.3333333333333335
269994176,1,1,1,2.4074074074074074
270031296,0,1,1,3.0
270048000,0,1,0,1.6
270062848,1,1,1,2.0
270118528,0,1,0,1.6666666666666667
270129664,0,1,0,1.625
270138944,1,1,1,1.5680473372781065
270322688,0,1,0,1.3333333333333333
270346816,1,1,1,2.4878048780487805
270382080,0,1,0,1.625
270575104,0,1,0,3.5
270627072,0,1,0,2.1666666666666665
271076224,1,1,1,2.380952380952381
271243264,0,1,0,3.0
271412160,0,1,0,2.7
271484544,0,1,0,2.302325581395349
271512384,1,1,1,2.5141242937853105
271516096,0,1,0,3.0714285714285716
271887296,0,1,0,1.2
271974528,1,1,1,2.0517799352750807
271976384,0,1,0,2.2
272187968,0,1,1,1.2727272727272727
272349440,0,1,0,1.5
272366144,1,1,1,1.5561497326203209
272369856,1,1,1,1.8543307086614174
272516480,1,1,1,1.4736842105263157
272529472,0,1,1,1.5444444444444445
272832000,0,1,0,1.3333333333333333
272844992,0,1,1,2.0625
272859840,0,1,0,2.0
272924800,0,1,0,1.0
272937792,0,1,0,1.8888888888888888
273041728,1,1,1,1.5952380952380953
273472320,0,1,1,2.0617283950617282
273490880,1,1,1,1.93125
273513152,1,1,1,2.75
273592960,0,1,0,3.5
273724736,0,1,0,2.6363636363636362
273769280,0,1,0,2.75
273904768,0,1,1,1.9615384615384615
274047680,0,1,0,1.0
274092224,1,1,1,1.5
274287104,1,1,1,2.9583333333333335
274346496,0,1,0,3.857142857142857
274353920,0,1,0,3.0
274398464,0,1,0,2.7777777777777777
274665728,0,1,1,2.096774193548387
274704704,0,1,0,1.3333333333333333
274710272,0,1,0,2.6363636363636362
274754816,0,1,0,3.0
274795648,0,1,1,3.0
274945984,1,1,0,2.142857142857143
274966400,1,1,1,2.4916666666666667
274988672,1,1,1,2.1294117647058823
275005376,0,1,0,1.4545454545454546
275023936,0,1,0,2.3333333333333335
275088896,0,1,1,3.3333333333333335
275304192,0,1,0,2.4444444444444446
275530624,0,1,0,1.0
275656832,1,1,1,2.533707865168539
275868416,1,1,1,2.6702127659574466
276003904,0,1,1,2.142857142857143
276009472,0,1,0,2.3333333333333335
276059584,0,1,0,3.0
276091136,0,1,0,3.0
276226624,0,1,0,2.5
276239616,0,1,1,3.0
276480896,1,1,0,2.1818181818181817
276612672,0,1,0,2.0
276772288,0,1,0,2.0
276898496,1,1,0,2.388888888888889
276913344,1,1,1,2.7450980392156863
276972736,0,1,0,1.0
277468288,1,1,1,2.1875
277488704,1,1,1,1.5625
277923008,0,1,1,3.2
278010240,1,1,1,2.533333333333333
278271936,1,1,1,2.3833333333333333
278856576,0,1,0,3.6666666666666665
278902976,0,1,0,3.3333333333333335
278949376,0,1,0,2.125
278956800,0,1,0,3.0
279008768,1,1,1,2.2988929889298895
279181376,1,1,1,2.6
279287168,1,1,1,1.537313432835821
279456064,1,1,1,2.5384615384615383
279522880,0,1,0,2.3333333333333335
279587840,0,1,1,2.25
279595264,1,1,1,2.244258872651357
279736320,0,1,0,2.5789473684210527
279743744,1,1,1,2.185483870967742
279875520,0,1,0,1.1666666666666667
279907072,1,1,0,2.25
280062976,1,1,1,2.247787610619469
280135360,0,1,1,2.575
280146496,0,1,1,2.72972972972973
280289408,0,1,0,2.0
280436032,1,1,1,2.416
280816512,0,1,0,2.0
280922304,0,1,0,1.75
280950144,0,1,1,2.3714285714285714
281258240,0,1,0,2.0
281276800,1,1,1,2.411764705882353
281423424,1,1,0,2.324324324324324
281456832,1,1,1,2.4
281555200,0,1,0,3.75
281646144,0,1,0,1.0
281649856,1,1,1,2.2364729458917836
282004352,1,1,1,2.0844155844155843
282043328,1,1,1,2.289473684210526
282238208,1,1,1,2.255813953488372
282603840,1,1,1,2.144578313253012
282728192,0,1,1,2.4642857142857144
282809856,1,1,1,2.2857142857142856
283036288,1,1,1,1.7083333333333333
283138368,0,1,0,2.2
283194048,0,1,0,2.0
283270144,1,1,1,2.2314410480349345
283487296,0,1,0,2.375
283507712,0,1,0,2.0
283520704,1,1,0,2.0
283645056,1,1,0,1.8210526315789475
283672896,0,1,1,2.6666666666666665
284209280,0,1,1,2.22
284233408,1,1,1,2.433333333333333
284545216,0,1,1,2.3333333333333335
284831040,0,1,0,2.0
285252352,1,1,1,2.3452380952380953
285512192,1,1,1,2.2337662337662336
285554880,0,1,0,1.0
285677376,1,1,1,2.3684210526315788
285721920,1,1,1,2.214689265536723
285772032,1,1,1,2.4558823529411766
285909376,0,1,0,2.0
286043008,0,1,1,2.4642857142857144
286119104,0,1,0,1.0
286171072,0,1,0,1.5454545454545454
286185920,0,1,0,2.0
286189632,0,1,0,2.25
286378944,0,1,0,1.0
286744576,0,1,1,2.5
286792832,0,1,0,3.0
286796544,1,1,1,2.3164556962025316
286980288,0,1,0,2.769230769230769
287039680,0,1,0,2.357142857142857
287262400,1,1,0,2.7777777777777777
287292096,1,1,1,2.547008547008547
287308800,0,1,1,1.4285714285714286
287518528,1,1,1,2.1346153846153846
287659584,1,1,1,2.5
287670720,0,1,1,2.5
287822912,1,1,1,2.0288461538461537
287928704,1,1,1,2.8043478260869565
287973248,1,1,1,2.774193548387097
288734208,1,1,1,1.8571428571428572
288873408,0,1,0,2.0
289242752,0,1,0,2.8
289248320,1,1,1,2.506172839506173
289402368,0,1,1,1.75
289652928,1,1,1,2.5961538461538463
290228288,0,1,0,2.627450980392157
290309952,0,1,0,1.0
290339648,1,1,1,2.25
290421312,0,1,1,2.25531914893617
290623616,0,1,0,2.3333333333333335
290673728,0,1,0,2.0
290824064,1,1,1,2.9
291050496,1,1,1,2.409090909090909
291074624,1,1,1,2.404255319148936
291258368,1,1,1,2.4506437768240343
291417984,0,1,0,4.0
292115840,1,1,1,2.596638655462185
292234624,0,1,0,1.25
292381248,0,1,0,2.0
292383104,0,1,0,3.0
292576128,1,1,1,2.108108108108108
292787712,0,1,0,2.4285714285714284
292811840,0,1,0,2.8
292904640,0,1,1,2.5
292980736,0,1,0,2.8333333333333335
293001152,1,1,1,2.4225053078556265
293190464,1,1,1,2.4444444444444446
293526400,0,1,1,2.588235294117647
293732416,0,1,1,2.3066666666666666
293767680,1,1,1,2.0625
294005248,0,1,1,3.1875
294255808,1,1,1,2.2777777777777777
294677120,0,1,1,2.1777777777777776
294678976,1,1,1,2.175925925925926
294892416,1,1,0,2.6956521739130435
294910976,0,1,0,3.6666666666666665
295180096,0,1,1,2.727272727272727
295204224,1,1,0,2.793103448275862
295877952,0,1,0,2.75
296186048,0,1,0,1.0
296217600,0,1,1,2.6363636363636362
296275136,0,1,1,2.75
296347520,1,1,1,2.4027777777777777
296483008,1,1,1,2.291828793774319
296484864,1,1,1,2.5217391304347827
296618496,0,1,0,1.0
297028672,1,1,1,2.0444444444444443
297132608,0,1,1,2.2222222222222223
297372032,0,1,0,3.5
297746944,0,1,0,2.1176470588235294
297921408,0,1,0,3.0
297999360,1,1,1,2.5533333333333332
298218368,0,1,1,2.057142857142857
298353856,1,1,0,2.0
298736192,0,1,1,2.5
298973760,0,1,0,2.409090909090909
299109248,0,1,1,2.3529411764705883
299194624,0,1,1,2.625
299400640,1,1,1,2.5946969696969697
299684608,0,1,0,2.7142857142857144
299714304,0,1,1,2.35
299860928,1,1,1,2.3
300328640,0,1,0,2.5
300582912,0,1,0,2.3076923076923075
300610752,0,1,1,2.111111111111111
300657152,0,1,1,1.9310344827586208
300744384,0,1,0,2.3333333333333335
300800064,1,1,0,2.210526315789474
300861312,0,1,0,3.2857142857142856
301570304,0,1,0,2.0
301698368,1,1,1,2.2134831460674156
301935936,0,1,1,2.4285714285714284
301961920,0,1,1,1.851063829787234
303088512,0,1,0,1.0
303108928,1,1,1,2.7058823529411766
303155328,1,1,1,1.8257756563245824
303170176,0,1,0,1.0
303227712,0,1,0,1.2
303702848,0,1,0,6.0
303719552,0,1,1,1.7857142857142858
304196544,1,1,1,1.7
304202112,0,1,0,3.5
304491648,1,1,1,1.9189189189189189
304493504,0,1,0,2.4444444444444446
304623424,0,1,1,2.933333333333333
304630848,1,1,1,1.7751479289940828
304684672,0,1,0,1.5333333333333334
305059584,0,1,0,2.5
305336128,0,1,0,1.6470588235294117
305493888,0,1,0,1.5
305523584,1,1,1,1.546875
305640512,1,1,1,2.3488372093023258
305644224,0,1,0,1.3333333333333333
306080384,0,1,1,1.25
306117504,1,1,1,1.8181818181818181
306497984,0,1,0,1.0
306811648,0,1,1,2.0
306898880,1,1,0,1.608695652173913
307071488,1,1,1,2.230769230769231
307080768,1,1,0,3.0
307284928,1,1,1,2.5076923076923077
307368448,1,1,1,2.27027027027027
307528064,1,1,0,2.7777777777777777
307628288,1,1,1,2.0
307711808,0,1,1,2.5555555555555554
307793472,1,1,1,2.3142857142857145
307845440,0,1,1,2.225806451612903
307927104,1,1,0,1.75
307934528,1,1,1,2.206896551724138
308021760,0,1,0,2.375
308134976,0,1,0,2.4
308521024,1,1,0,3.25
308569280,1,1,1,2.413127413127413
308617536,0,1,0,2.0
308619392,1,1,0,2.25
308762304,0,1,0,2.3333333333333335
308842112,0,1,0,3.375
308955328,0,1,1,1.5
309038848,0,1,1,2.65625
309096384,0,1,1,2.4285714285714284
309256000,1,1,1,2.2114285714285713
309417472,0,1,0,2.0
309424896,0,1,1,2.8125
309616064,0,1,1,2.7260273972602738
309627200,0,1,0,2.526315789473684
309656896,1,1,0,1.5
309747840,0,1,0,1.0
309803520,0,1,0,2.3333333333333335
309868480,0,1,0,3.25
309979840,0,1,1,1.8
310068928,0,1,0,3.6666666666666665
310211840,0,1,0,2.3333333333333335
310505088,0,1,1,1.25
310547776,0,1,1,2.111111111111111
310699968,1,1,1,1.6603773584905661
310701824,0,1,0,2.272727272727273
310744512,0,1,0,2.272727272727273
310909696,1,1,1,2.0408163265306123
310963520,0,1,0,2.2285714285714286
311323584,1,1,1,2.0470588235294116
311709632,1,1,1,2.359848484848485
311837696,1,1,1,2.40625
311956480,0,1,1,2.5
312103104,0,1,0,2.5
312234880,0,1,0,2.5
312316544,0,1,1,2.4646464646464645
312340672,0,1,0,1.878787878787879
312572672,1,1,0,2.4210526315789473
312659904,0,1,0,2.142857142857143
312678464,0,1,0,3.1
312693312,0,1,0,1.5
312802816,1,1,1,2.52
312834368,0,1,1,2.58
312852928,1,1,1,2.436320754716981
312904896,0,1,0,1.0
313001408,0,1,1,2.4206349206349205
313071936,0,1,1,2.08
313151744,1,1,0,2.9642857142857144
313259392,0,1,1,2.1627906976744184
313318784,0,1,0,1.3333333333333333
313339200,1,1,1,3.0
313474688,1,1,1,2.3846153846153846
313535936,0,1,0,2.6363636363636362
313541504,1,1,1,2.532258064516129
313682560,0,1,0,3.0
313782784,1,1,1,2.3698224852071004
313959104,1,1,0,1.8571428571428572
314395264,1,1,0,2.8
314430528,1,1,1,2.0398009950248754
314471360,1,1,1,2.3307086614173227
314527040,1,1,1,2.275
314649536,1,1,1,2.5384615384615383
315245312,0,1,1,2.2564102564102564
315263872,1,1,0,1.5
315265728,0,1,1,1.8595744680851063
315291712,0,1,0,2.0
315367808,1,1,1,1.6470588235294117
315438336,0,1,0,1.0909090909090908
315505152,0,1,1,1.0
316028544,0,1,0,1.3333333333333333
316154752,0,1,0,1.5
316548224,1,1,1,2.372093023255814
316752384,1,1,1,1.5942028985507246
317004800,0,1,0,2.142857142857143
317112448,0,1,1,3.0
317214528,0,1,0,2.5
317281344,1,1,1,1.9589041095890412
318077568,1,1,1,1.8826815642458101
318703040,0,1,0,1.7857142857142858
318922048,0,1,1,1.7906976744186047
319148480,0,1,0,3.4444444444444446
319274688,0,1,0,2.875
320122880,0,1,0,2.0
320161856,1,1,0,2.033333333333333
321615104,1,1,0,1.3333333333333333
321774720,0,1,0,1.0
322407616,1,1,0,2.2666666666666666
322448448,0,1,0,3.0
322468864,0,1,0,2.1481481481481484
322494848,0,1,0,1.375
322509696,1,1,1,1.835680751173709
322678592,1,1,1,2.046153846153846
322682304,0,1,0,2.1666666666666665
322769536,1,1,1,1.8859060402684564
322901312,1,1,1,2.5476190476190474
323211264,1,1,1,2.119047619047619
323283648,1,1,1,1.7263157894736842
323330048,1,1,1,2.241007194244604
323398720,0,1,1,2.0
323411712,0,1,0,3.0
323437696,1,1,1,2.2314285714285713
323456256,0,1,0,2.0
323502656,0,1,0,2.2857142857142856
323513792,0,1,0,2.3333333333333335
323532352,1,1,1,2.210526315789474
323541632,0,1,1,2.6
323545344,1,1,1,2.311111111111111
323576896,1,1,1,2.4408602150537635
323591744,1,1,0,2.5686274509803924
323641856,1,1,1,2.3365853658536584
324393536,0,1,0,4.0
324469632,0,1,1,2.744186046511628
324835264,0,1,1,2.1904761904761907
324926208,0,1,0,2.4444444444444446
325015296,1,1,1,1.8
325041280,0,1,0,2.0
325067264,0,1,0,1.0
325310400,0,1,0,2.1666666666666665
325340096,1,1,1,1.8951965065502183
325527552,0,1,0,2.5
325947008,1,1,1,2.548494983277592
326733952,1,1,0,2.388888888888889
326875008,1,1,1,2.2013422818791946
326904704,1,1,1,2.825
327313024,0,1,1,1.4
327791872,0,1,0,1.5
327816000,0,1,1,2.0
328025728,1,1,1,3.3333333333333335
328255872,1,1,1,2.2612612612612613
328602944,1,1,1,2.1538461538461537
328656768,0,1,0,2.4285714285714284
329844608,0,1,0,2.0
329996800,0,1,1,2.857142857142857
330123008,1,1,1,2.8518518518518516
330410688,1,1,0,1.5714285714285714
330780032,1,1,1,2.6382978723404253
330898816,0,1,1,1.6666666666666667
330919232,1,1,1,2.6097560975609757
331034304,0,1,0,2.0
331201344,0,1,0,2.0
331314560,0,1,0,1.5
331721024,0,1,1,1.6363636363636365
331763712,1,1,1,2.1944444444444446
332179456,0,1,0,2.6
333129728,0,1,0,2.727272727272727
333218816,1,1,1,2.6869565217391305
334324992,0,1,1,2.440677966101695
334725888,0,1,1,2.182795698924731
335202880,0,1,1,2.357142857142857
335336512,0,1,0,3.142857142857143
335479424,0,1,0,2.0
335481280,0,1,0,2.2888888888888888
335540672,1,1,1,2.769230769230769
336028800,1,1,1,2.1296296296296298
336190272,0,1,1,2.122448979591837
336338752,0,1,0,2.5
336411136,1,1,1,2.251700680272109
336427840,0,1,0,2.5
336563328,0,1,0,1.4375
336657984,1,1,1,2.103896103896104
336893696,0,1,0,3.0
336906688,0,1,0,3.0
336912256,0,1,0,1.0
337133120,0,1,1,2.1739130434782608
337166528,0,1,1,2.088235294117647
337355840,1,1,1,1.6666666666666667
337480192,0,1,0,2.25
337552576,0,1,0,4.0
338573376,0,1,0,2.1666666666666665
338781248,1,1,0,1.75
339013248,0,1,0,1.3333333333333333
339941248,0,1,1,1.8235294117647058
340132416,1,1,1,1.9797687861271676
340162112,0,1,0,1.2857142857142858
340184384,1,1,1,1.9095744680851063
340423808,1,1,1,2.1219512195121952
340544448,1,1,0,2.357142857142857
340637248,1,1,1,2.7142857142857144
340915648,1,1,1,2.3529411764705883
340928640,1,1,1,2.4489795918367347
340982464,1,1,1,2.0833333333333335
341296128,1,1,1,2.0254777070063694
341604224,0,1,1,1.1818181818181819
341626496,0,1,1,2.19672131147541
341641344,0,1,1,2.1025641025641026
341667328,1,1,1,1.9
341786112,1,1,1,1.7246376811594204
342044096,0,1,1,1.6181818181818182
342103488,1,1,1,1.8395061728395061
342363328,1,1,1,1.7863247863247864
342420864,1,1,1,1.9482758620689655
342554496,0,1,1,2.3846153846153846
342578624,1,1,1,2.7014388489208634
343126144,0,1,0,2.8125
343274624,0,1,0,2.2413793103448274
343306176,1,1,1,2.5297297297297296
343588288,0,1,0,2.75
343883392,0,1,0,2.5
343983616,1,1,1,2.445945945945946
344076416,0,1,0,1.0
344466176,0,1,1,2.4285714285714284
344662912,1,1,1,2.225
344826240,1,1,1,2.75
344887488,1,1,1,2.2083333333333335
344950592,0,1,1,1.6666666666666667
345000704,0,1,1,2.6666666666666665
345017408,1,1,1,2.3664921465968587
345680000,0,1,0,1.6666666666666667
345930560,1,1,1,2.3206106870229006
346184832,0,1,0,1.0
346216384,1,1,1,2.297658862876254
346572736,1,1,0,2.0588235294117645
346661824,1,1,1,2.316326530612245
346888256,1,1,1,2.0
347747584,1,1,1,1.9583333333333333
348059392,1,1,1,1.7894736842105263
348313664,0,1,1,2.090909090909091
348358208,1,1,1,1.7058823529411764
348419456,0,1,1,1.3333333333333333
348569792,0,1,0,1.8125
348751680,0,1,0,3.0
348764672,0,1,1,1.8928571428571428
348768384,0,1,1,2.0625
348796224,1,1,1,1.679245283018868
348824064,1,1,1,1.6779661016949152
348916864,0,1,0,1.5
348955840,1,1,1,2.0980392156862746
348985536,0,1,0,1.4285714285714286
349172992,1,1,1,2.3461538461538463
349176704,1,1,0,1.9090909090909092
349239808,0,1,1,2.642857142857143
349263936,1,1,1,1.75
349364160,1,1,1,2.2641509433962264
349401280,0,1,0,3.0
349423552,0,1,1,2.3271028037383177
349432832,0,1,0,2.4285714285714284
349442112,1,1,1,2.1338582677165356
349564608,1,1,1,2.4549763033175354
349618432,0,1,0,3.6666666666666665
349627712,1,1,1,2.0869565217391304
349700096,1,1,1,2.146153846153846
349713088,1,1,0,1.3333333333333333
349896832,0,1,1,1.6
350206784,0,1,0,1.0
350264320,0,1,1,2.4782608695652173
350334848,0,1,0,2.0
350498176,1,1,1,2.1574074074074074
350522304,1,1,1,1.9657534246575343
350587264,0,1,1,1.25
350622528,0,1,0,2.3333333333333335
350689344,0,1,0,1.736842105263158
350941760,0,1,0,3.0
350988160,0,1,0,3.0
351053120,1,1,1,2.250614250614251
351079104,0,1,1,2.28125
351110656,1,1,1,1.903225806451613
351145920,1,1,1,2.0697674418604652
351166336,0,1,1,1.8529411764705883
351235008,1,1,1,1.7209302325581395
351641472,1,1,1,1.6153846153846154
351778816,1,1,1,1.9272727272727272
351795520,1,1,1,1.8663967611336032
351823360,0,1,0,1.8571428571428572
351906880,0,1,1,1.5416666666666667
351929152,1,1,1,1.6245353159851301
352018240,1,1,1,2.3225806451612905
352038656,0,1,0,2.75
352344896,0,1,1,2.058252427184466
352777344,0,1,1,2.727272727272727
352922112,0,1,1,3.0
353016768,1,1,1,2.206896551724138
353452928,1,1,0,2.0
353590272,1,1,1,2.1379310344827585
354057984,0,1,0,1.0
354137792,0,1,1,1.3823529411764706
354299264,0,1,1,2.7
354419904,1,1,1,2.5232558139534884
354438464,0,1,0,3.0
354616640,0,1,1,2.0
354921024,1,1,1,1.6388888888888888
354941440,1,1,1,2.525
355177152,1,1,1,2.578125
355221696,0,1,0,2.0
355453696,1,1,1,2.258503401360544
355837888,1,1,1,2.391891891891892
355893568,1,1,1,2.5365853658536586
356409536,1,1,1,1.95
356431808,1,1,1,1.9795918367346939
356608128,0,1,0,2.2
356684224,0,1,0,2.3333333333333335
356795584,0,1,1,2.217391304347826
356884672,0,1,0,1.25
357085120,0,1,0,1.0
357161216,1,1,1,2.1971830985915495
357357952,1,1,1,2.211267605633803
357415488,1,1,1,2.3076923076923075
357443328,0,1,1,2.0
357539840,0,1,1,2.172727272727273
357853504,0,1,0,1.3333333333333333
358094784,1,1,0,1.7222222222222223
358102208,0,1,0,3.0
358126336,0,1,0,3.0
358508672,0,1,0,1.0
358686848,1,1,0,4.0
358757376,1,1,1,1.9565217391304348
358775936,0,1,0,2.0
358781504,1,1,1,2.35
358788928,0,1,0,2.0
358824192,0,1,0,1.7272727272727273
358842752,1,1,1,2.291970802919708
359006080,0,1,0,2.0
359015360,0,1,0,3.0
359627840,1,1,1,2.1527777777777777
359848704,0,1,0,2.7777777777777777
359948928,0,1,1,1.0
360232896,0,1,1,2.2666666666666666
360297856,1,1,1,2.4416058394160585
360383232,1,1,1,2.1911764705882355
360450048,1,1,1,2.9166666666666665
360474176,1,1,1,2.6666666666666665
360509440,0,1,0,2.7777777777777777
360767424,0,1,0,1.6666666666666667
361003136,0,1,0,1.8
361147904,0,1,0,1.25
361381760,1,1,0,1.4
361507968,0,1,0,2.5
361762240,1,1,1,2.059288537549407
362304192,0,1,0,3.0
362352448,1,1,1,1.778688524590164
362693952,0,1,0,3.0
362747776,0,1,1,2.0
362835008,1,1,1,1.5657894736842106
362836864,0,1,0,2.5
362929664,1,1,1,2.2051282051282053
362935232,1,1,0,1.4666666666666666
362948224,1,1,0,2.0
363143104,0,1,0,1.9791666666666667
363261888,0,1,1,1.6923076923076923
363269312,0,1,0,2.125
363408512,1,1,1,1.9312977099236641
363441920,0,1,1,2.5492957746478875
363660928,1,1,1,2.4834437086092715
363783424,1,1,1,1.5816831683168318
364035840,0,1,0,1.3333333333333333
364097088,0,1,0,1.5
364227008,0,1,0,1.0
364353216,0,1,0,1.2
364362496,0,1,0,1.5
364369920,1,1,1,1.625
364626048,1,1,1,1.6050420168067228
365177280,0,1,0,2.5
365266368,1,1,0,1.625
365320192,0,1,0,1.0
365383296,1,1,1,1.2991452991452992
365633856,1,1,1,1.8032786885245902
365721088,1,1,1,1.4324324324324325
365765632,1,1,1,1.5538461538461539
365947520,1,1,1,1.8113207547169812
366075584,1,1,1,2.0588235294117645
366136832,0,1,0,1.0
366140544,1,1,1,2.210526315789474
366261184,0,1,1,2.7142857142857144
366537728,1,1,0,1.5517241379310345
367209600,0,1,1,2.5161290322580645
367497280,0,1,1,2.463855421686747
368184000,0,1,1,2.75
368208128,0,1,1,1.6
368258240,0,1,1,3.0
368373312,0,1,1,1.7297297297297298
368395584,0,1,0,1.4
368399296,1,1,1,2.4545454545454546
368456832,1,1,1,2.9726027397260273
369108288,0,1,0,2.0
369152832,1,1,1,1.7303370786516854
369162112,1,1,1,2.21875
369316160,0,1,1,2.1818181818181817
369395968,0,1,1,3.025
369859968,0,1,1,2.1627906976744184
369906368,0,1,0,2.0
369941632,0,1,0,4.0
370103104,0,1,0,1.8823529411764706
370231168,0,1,0,1.3333333333333333
370504000,0,1,0,3.625
370529984,0,1,0,2.35
370619072,1,1,0,2.0833333333333335
371027392,0,1,1,2.2127659574468086
371212992,0,1,0,2.3333333333333335
371235264,1,1,0,2.3636363636363638
371261248,0,1,0,2.0
371454272,0,1,1,2.9130434782608696
371509952,0,1,0,2.0
371608320,0,1,1,2.4285714285714284
371751232,0,1,0,3.25
371767936,0,1,0,1.0
372031488,1,1,1,2.316666666666667
372098304,1,1,1,2.356223175965665
372321024,0,1,1,2.21875
372553024,1,1,1,2.142857142857143
372838848,0,1,0,1.5
372890816,1,1,1,1.4126984126984128
373221184,0,1,0,2.0
373256448,0,1,0,2.0
373618368,1,1,0,1.7758620689655173
373805824,0,1,1,1.0
374171456,1,1,1,1.7464788732394365
374188160,0,1,1,2.4545454545454546
374266112,1,1,1,2.6511627906976742
374325504,0,1,0,1.3333333333333333
374650304,0,1,0,2.5405405405405403
375227520,1,1,1,2.436619718309859
375273920,0,1,0,2.5
375299904,0,1,1,2.7142857142857144
375544896,0,1,0,2.142857142857143
375552320,0,1,0,2.0
375630272,0,1,0,3.3333333333333335
375969920,0,1,0,3.625
376511872,0,1,0,1.0
376625088,1,1,1,2.2988505747126435
376636224,0,1,0,2.25
377105792,1,1,0,2.7222222222222223
377282112,0,1,1,1.864864864864865
377605056,1,1,1,2.3740458015267176
377612480,1,1,1,1.8461538461538463
377644032,1,1,1,2.6836158192090394
377972544,0,1,1,2.5454545454545454
378174848,0,1,1,2.5
378223104,1,1,0,2.210526315789474
378319616,0,1,1,2.25
378367872,1,1,1,2.1147540983606556
378416128,0,1,1,2.3902439024390243
378722368,1,1,1,2.8421052631578947
378746496,0,1,0,2.6
378861568,0,1,0,2.25
379106560,1,1,1,2.5538461538461537
379162240,0,1,0,2.5
379186368,1,1,1,2.3877551020408165
379201216,1,1,1,2.1707317073170733
379325568,0,1,0,1.0
379362688,1,1,1,3.3636363636363638
379394240,1,1,1,2.234265734265734
379817408,0,1,1,2.6
380329664,0,1,0,2.1538461538461537
380409472,1,1,1,2.122448979591837
380658176,0,1,1,1.7222222222222223
380682304,1,1,0,2.3333333333333335
380775104,0,1,0,3.0
380782528,0,1,0,3.75
380806656,0,1,0,1.5
380834496,1,1,1,1.9240506329113924
380929152,0,1,0,2.5
380960704,0,1,0,1.0
381042368,0,1,0,3.5
381044224,1,1,1,1.8625
381129600,0,1,1,1.3636363636363635
381240960,0,1,0,1.8181818181818181
381472960,0,1,0,1.0
381593600,1,1,1,1.907216494845361
381879424,1,1,1,2.1123287671232878
382276608,0,1,0,3.75
382400960,0,1,0,2.0
383108096,1,1,1,2.641025641025641
383115520,1,1,1,2.5697674418604652
383163776,0,1,0,1.5
383314112,0,1,0,2.0
383356800,1,1,1,2.125874125874126
383483008,0,1,1,2.0
383921024,0,1,0,2.0
384370176,1,1,1,1.9877300613496933
384585472,1,1,1,1.9054054054054055
384696832,1,1,1,1.8446601941747574
384804480,1,1,1,1.3235294117647058
384858304,1,1,1,1.5192307692307692
384906560,0,1,0,2.0
385079168,0,1,0,2.5217391304347827
385257344,1,1,1,1.7580645161290323
385409536,0,1,0,1.1428571428571428
385539456,0,1,1,3.0
385838272,1,1,1,1.4761904761904763
386022016,0,1,0,2.2083333333333335
386027584,1,1,1,2.5161290322580645
386033152,0,1,0,3.0
386365376,1,1,1,2.525
386417344,1,1,0,2.875
386521280,0,1,0,3.0
386599232,0,1,1,2.25
386820096,0,1,0,2.604651162790698
387269248,0,1,1,2.6666666666666665
387367616,1,1,0,2.76
387371328,0,1,0,2.6666666666666665
387430720,0,1,0,1.0
387445568,1,1,1,2.5145631067961167
387662720,0,1,1,2.6451612903225805
387725824,1,1,1,2.336842105263158
387733248,0,1,0,3.0
387850176,0,1,0,2.0
387918848,0,1,0,3.111111111111111
388024640,1,1,0,2.4
388067328,0,1,0,2.0
388110016,1,1,1,2.3488372093023258
388505344,1,1,1,2.2142857142857144
388748480,0,1,0,2.25
388767040,0,1,0,3.375
388878400,1,1,1,2.25
389065856,1,1,1,2.4271012006861064
389223616,0,1,0,3.5
389231040,0,1,0,2.8260869565217392
389294144,0,1,1,2.6666666666666665
389425920,0,1,1,3.4
389437056,0,1,0,2.8
389847232,1,1,1,2.411764705882353
390045824,0,1,0,1.0
390075520,1,1,1,2.4140625
390569216,1,1,1,2.413173652694611
390691712,0,1,0,2.142857142857143
390882880,1,1,1,2.1115537848605577
391003520,1,1,1,2.6031746031746033
391224384,1,1,1,2.0316455696202533
391289344,0,1,1,1.4166666666666667
391473088,0,1,0,1.5555555555555556
391666112,0,1,1,1.5263157894736843
391695808,0,1,0,1.1428571428571428
391779328,0,1,0,1.0
391994624,1,1,1,2.3134328358208953
392336128,1,1,1,1.5
392556992,0,1,1,1.4324324324324325
392584832,1,1,1,2.3544303797468356
392627520,0,1,0,2.230769230769231
392679488,1,1,1,2.6607142857142856
393141632,0,1,0,2.6097560975609757
393277120,1,1,1,2.488372093023256
393343936,1,1,1,2.553370786516854
393373632,0,1,1,1.5769230769230769
393429312,0,1,0,1.6875
393533248,1,1,0,1.5
393538816,0,1,1,2.0476190476190474
393733696,1,1,1,1.8775510204081634
393848768,1,1,1,1.985
393869184,0,1,0,2.0
393980544,0,1,0,3.375
393986112,1,1,1,2.453125
394155008,1,1,1,2.65625
394912256,1,1,0,2.111111111111111
394984640,1,1,1,2.4188034188034186
395010624,0,1,0,2.5555555555555554
395094144,0,1,1,1.9724770642201834
395255616,1,1,1,1.8333333333333333
395337280,0,1,1,1.0
395444928,0,1,1,1.25
395489472,1,1,0,1.6666666666666667
395535872,0,1,0,1.5
395548864,0,1,0,1.8333333333333333
395619392,0,1,1,1.84
395699200,0,1,0,1.0
395849536,0,1,0,3.0
395884800,0,1,0,1.6666666666666667
395977600,0,1,1,1.5625
396194752,0,1,1,2.27027027027027
396348800,0,1,1,2.6444444444444444
396473152,0,1,1,2.125
396588224,0,1,0,1.7
396788672,1,1,1,2.5934959349593494
396870336,0,1,0,3.75
396976128,0,1,0,2.0
396996544,0,1,0,2.4285714285714284
397061504,0,1,1,2.0
397096768,0,1,1,1.7142857142857142
397304640,0,1,1,1.0
397404864,0,1,1,2.1363636363636362
397441984,1,1,1,2.475
397544064,1,1,0,1.6666666666666667
397553344,1,1,1,2.276029055690073
397616448,1,1,1,2.5374376039933444
397685120,0,1,0,1.6
397881856,0,1,0,2.0
397924544,1,1,1,2.65625
397982080,0,1,1,2.923076923076923
398408960,0,1,0,2.25
398551872,0,1,1,2.4864864864864864
398657664,0,1,0,3.0
398833984,0,1,1,2.75
398967616,0,1,1,2.888888888888889
398986176,0,1,1,2.86
399231168,1,1,1,2.318681318681319
399615360,0,1,0,3.0
399804672,1,1,1,1.68
399860352,1,1,1,3.0
399893760,0,1,1,2.5
399968000,0,1,0,3.0
400133184,0,1,0,2.5714285714285716
400161024,1,1,1,2.6530612244897958
400359616,0,1,1,2.5
400959104,0,1,1,2.3333333333333335
401272768,1,1,1,2.9682539682539684
401462080,0,1,1,2.6315789473684212
401523328,1,1,1,2.537931034482759
401528896,0,1,0,3.6666666666666665
401558592,0,1,0,2.090909090909091
401603136,0,1,0,2.0
401707072,1,1,0,2.8
401781312,1,1,1,2.435114503816794
401801728,1,1,1,2.5824175824175826
402072704,0,1,0,3.0
402128384,0,1,1,2.0
402139520,0,1,1,2.5675675675675675
402215616,1,1,1,2.554112554112554
402291712,0,1,0,2.0
402490304,0,1,0,3.0
402492160,0,1,1,2.238095238095238
402720448,0,1,0,1.3333333333333333
402835520,1,1,1,2.4563492063492065
402915328,1,1,1,2.159090909090909
402941312,0,1,0,2.0
403067520,0,1,1,2.813953488372093
403190016,1,1,1,2.586206896551724
403275392,1,1,1,2.6153846153846154
403279104,1,1,1,1.7974683544303798
403342208,1,1,1,1.841025641025641
403357056,1,1,1,1.7916666666666667
403473984,0,1,0,2.0
403620608,0,1,0,1.2857142857142858
403769088,1,1,1,1.9263803680981595
403991808,1,1,1,2.135135135135135
404047488,0,1,0,2.0
404075328,1,1,1,1.606060606060606
404099456,0,1,0,1.0
404238656,0,1,0,2.0
404463232,1,1,1,2.0
404999616,1,1,1,2.157303370786517
405090560,0,1,1,2.388888888888889
405129536,0,1,0,2.5
405231616,0,1,1,2.75
405599104,0,1,1,3.3333333333333335
405853376,0,1,0,3.25
405890496,0,1,0,1.2857142857142858
405964736,1,1,1,2.128205128205128
406423168,0,1,0,2.3333333333333335
406515968,0,1,0,1.5
406580928,0,1,0,1.0
406592064,1,1,1,2.083056478405316
406632896,1,1,1,2.030520646319569
406649600,0,1,1,1.9523809523809523
406889024,0,1,0,2.0
406931712,1,1,1,2.088888888888889
407043072,1,1,1,1.7824773413897281
407106176,1,1,1,2.3472222222222223
407245376,1,1,1,2.12853470437018
407369728,0,1,0,1.5
407375296,1,1,1,2.1594202898550723
407451392,1,1,1,2.2916666666666665
407599872,0,1,0,1.6363636363636365
407603584,0,1,1,1.8333333333333333
407677824,1,1,0,1.0
407750208,0,1,0,2.2222222222222223
407817024,0,1,0,1.6666666666666667
407837440,1,1,0,3.161290322580645
407902400,0,1,1,1.9753086419753085
408152960,1,1,1,2.3365384615384617
408156672,0,1,1,2.4761904761904763
408201216,0,1,0,3.0
408214208,0,1,0,2.857142857142857
408242048,1,1,0,3.2666666666666666
408299584,0,1,0,2.6666666666666665
408713472,0,1,0,2.125
408746880,0,1,0,1.3333333333333333
408908352,0,1,0,2.765957446808511
408947328,1,1,1,1.9037037037037037
408956608,0,1,1,2.2295081967213113
408960320,0,1,0,2.75
409043840,0,1,1,2.121212121212121
409088384,0,1,0,2.65
409140352,0,1,0,3.0
409149632,1,1,1,2.8823529411764706
409248000,1,1,1,2.4390243902439024
409455872,1,1,1,1.8064516129032258
409487424,1,1,1,1.9743589743589745
409615488,0,1,0,2.5
409619200,0,1,0,3.6666666666666665
409880896,0,1,0,2.5
410010816,1,1,1,2.735294117647059
410046080,0,1,1,2.71875
410101760,1,1,1,2.2941176470588234
410528640,1,1,1,2.3389830508474576
410534208,0,1,1,2.3617021276595747
410795904,0,1,0,2.6666666666666665
411122560,0,1,0,3.0
411185664,0,1,1,2.022727272727273
411207936,1,1,1,2.2
411965184,1,1,1,1.507936507936508
412054272,1,1,1,2.690265486725664
412174912,1,1,1,2.1782178217821784
412507136,0,1,0,2.3
412598080,0,1,1,2.011111111111111
412612928,1,1,1,1.766355140186916
412683456,0,1,0,2.0
412915456,1,1,1,2.388888888888889
413021248,0,1,0,1.0
413028672,0,1,0,1.4
413037952,1,1,1,2.2384341637010676
413164160,0,1,1,1.8
413179008,0,1,0,2.1818181818181817
413327488,0,1,0,2.5714285714285716
413494528,0,1,0,2.3333333333333335
413771072,0,1,1,1.829268292682927
414095872,0,1,1,1.8571428571428572
414236928,1,1,1,2.1068702290076335
414442944,1,1,1,1.6122448979591837
415053568,0,1,1,2.0
415064704,0,1,1,2.217391304347826
415272576,0,1,1,1.9285714285714286
415343104,0,1,0,2.5
415630784,0,1,0,1.4
415634496,1,1,1,2.403636363636364
415641920,1,1,1,2.0483870967741935
415846080,0,1,0,2.0
416074368,1,1,1,2.0588235294117645
416076224,1,1,1,2.217391304347826
416506816,1,1,1,1.4
416556928,1,1,1,2.1857142857142855
416894720,1,1,1,2.6690140845070425
416935552,0,1,0,1.6363636363636365
417084032,1,1,1,2.4
417334592,0,1,0,2.125
417356864,0,1,0,1.6666666666666667
417442240,1,1,1,1.8673469387755102
417846848,0,1,0,2.0
418210624,1,1,1,1.4705882352941178
418386944,1,1,1,2.6031746031746033
418463040,0,1,1,2.782608695652174
418481600,1,1,1,2.697674418604651
418552128,1,1,1,2.6
418615232,0,1,0,1.6
418687616,0,1,1,3.0
418693184,1,1,1,2.5
418754432,0,1,0,2.4545454545454546
418984576,0,1,1,1.4166666666666667
419118208,0,1,1,2.6363636363636362
419353920,0,1,0,1.3333333333333333
419457856,0,1,1,2.8333333333333335
419483840,1,1,1,2.5
419628608,1,1,1,2.01673640167364
420152000,0,1,0,3.0
421753728,0,1,0,1.3333333333333333
421956032,0,1,1,1.35
421965312,0,1,0,2.0
422208448,0,1,0,4.0
422355072,0,1,1,2.1604938271604937
422390336,1,1,1,3.0
422468288,1,1,1,2.375
422549952,0,1,0,2.5
422614912,0,1,0,1.4
422663168,1,1,0,2.3333333333333335
422694720,0,1,1,1.9142857142857144
422750400,0,1,0,1.75
422820928,1,1,1,1.945945945945946
422908160,1,1,1,2.6986301369863015
423032512,0,1,0,2.5454545454545454
423064064,0,1,1,2.037037037037037
423080768,0,1,0,1.75
423084480,0,1,0,1.4285714285714286
423127168,1,1,1,2.1216216216216215
423240384,1,1,0,2.1666666666666665
423479808,1,1,1,2.7222222222222223
423485376,1,1,1,2.4709302325581395
423587456,0,1,1,2.6363636363636362
423685824,0,1,1,1.8484848484848484
423878848,1,1,1,2.220779220779221
423925248,0,1,0,2.0
424057024,0,1,0,1.0
424075584,0,1,1,1.9333333333333333
424118272,1,1,1,2.296666666666667
424326144,1,1,1,2.3205128205128207
424359552,1,1,0,1.4
424385536,0,1,1,2.238095238095238
424391104,0,1,0,2.5
424543296,0,1,0,2.0
424643520,0,1,0,3.0714285714285716
424676928,1,1,1,2.4174454828660434
424829120,0,1,0,2.0
424886656,0,1,1,2.6041666666666665
425107520,0,1,0,3.0
425259712,1,1,1,2.29126213592233
425263424,0,1,0,3.0
425367360,0,1,0,3.5
425836928,0,1,1,2.75
426026240,1,1,1,2.5555555555555554
426039232,0,1,0,2.0
426326912,0,1,0,1.3333333333333333
426506944,1,1,1,2.282051282051282
426523648,0,1,0,2.0
427115712,1,1,0,1.8
427253056,0,1,1,2.4
427331008,1,1,1,2.4
427347712,0,1,0,2.1363636363636362
427427520,0,1,0,1.7142857142857142
427563008,0,1,1,1.8666666666666667
427637248,1,1,1,2.093264248704663
427670656,1,1,1,2.2837837837837838
428259008,1,1,1,2.4424242424242424
428557824,1,1,1,3.0483870967741935
428845504,1,1,1,2.15819209039548
428875200,0,1,0,2.4166666666666665
429604608,1,1,1,2.208791208791209
429712256,1,1,0,2.090909090909091
429806912,0,1,0,1.6875
429916416,1,1,0,1.5
430183680,0,1,0,2.3333333333333335
430198528,1,1,1,2.3563218390804597
430282048,1,1,1,2.5182481751824817
430465792,1,1,1,2.057142857142857
430725632,1,1,1,1.946236559139785
430931648,0,1,1,2.2
430933504,1,1,0,2.0625
430963200,0,1,0,2.3214285714285716
431059712,0,1,1,2.5
431096832,0,1,0,2.6
431349248,0,1,0,1.1428571428571428
431403072,0,1,0,3.0
431564544,1,1,1,2.4285714285714284
431839232,0,1,0,2.4
431872640,1,1,1,2.352201257861635
432113920,0,1,1,2.216666666666667
432227136,0,1,1,2.0
432314368,0,1,0,2.875
432446144,0,1,0,2.4615384615384617
432659584,1,1,1,2.5106382978723403
432860032,1,1,1,2.2962962962962963
432867456,0,1,0,2.0
432880448,1,1,1,2.4594594594594597
432978816,0,1,0,2.0
432982528,0,1,0,1.0
433121728,1,1,1,2.72
433125440,0,1,0,3.0
433359296,0,1,1,1.2
433517056,0,1,0,2.0
433691520,0,1,1,4.0
434125824,0,1,0,5.0
434281728,1,1,1,2.251012145748988
434291008,0,1,1,2.241635687732342
434495168,0,1,1,2.869565217391304
434578688,1,1,1,2.5277777777777777
434786560,1,1,1,1.793103448275862
434831104,0,1,0,2.25
434844096,0,1,1,2.5714285714285716
434944320,1,1,1,2.46875
435059392,1,1,1,2.742857142857143
435167040,0,1,0,2.5
435378624,0,1,0,1.0
435655168,0,1,0,2.5
435955840,1,1,0,3.0
436013376,0,1,1,2.3333333333333335
436215680,1,1,1,2.206896551724138
436382720,0,1,1,2.5833333333333335
436681536,1,1,1,2.3613963039014374
436683392,0,1,0,2.25
436739072,0,1,1,1.5833333333333333
436818880,1,1,1,3.142857142857143
436939520,0,1,1,2.176470588235294
437076864,1,1,1,2.611111111111111
437084288,0,1,0,2.263157894736842
437160384,1,1,1,2.1564625850340136
437193792,1,1,1,2.1176470588235294
437288448,1,1,1,2.3846153846153846
437345984,0,1,0,2.7142857142857144
437422080,1,1,1,2.1439688715953307
437490752,0,1,0,1.75
437509312,0,1,0,2.5
437540864,1,1,1,2.449275362318841
437552000,1,1,0,2.5384615384615383
437598400,0,1,0,2.0
437624384,0,1,1,2.3636363636363638
437793280,0,1,0,3.0
437835968,0,1,0,1.75
437884224,0,1,0,2.823529411764706
437939904,0,1,1,2.5294117647058822
437967744,0,1,0,1.2857142857142858
438105088,0,1,1,2.4210526315789473
438112512,1,1,1,2.5161290322580645
438235008,0,1,0,3.0
438459584,1,1,1,1.806201550387597
438543104,0,1,1,2.625
438814080,1,1,1,2.258660508083141
439007104,1,1,1,2.076923076923077
439040512,1,1,0,1.4761904761904763
439059072,0,1,0,2.5
439372736,1,1,1,2.0689655172413794
439515648,0,1,0,2.0
439536064,1,1,1,2.174107142857143
439665984,0,1,0,2.46875
439743936,0,1,0,1.6666666666666667
439768064,1,1,1,2.2708333333333335
440207936,1,1,1,2.44
440239488,0,1,0,2.6
440272896,1,1,1,2.36
440302592,0,1,1,2.0
440319296,0,1,1,3.1
440614400,0,1,0,2.5714285714285716
440675648,0,1,0,2.0
440913216,0,1,0,2.0
441002304,1,1,0,1.9444444444444444
441432896,0,1,1,2.890625
441531264,0,1,1,1.7916666666666667
441551680,0,1,0,1.0
441744704,0,1,1,2.4210526315789473
441813376,1,1,1,2.5686274509803924
441876480,1,1,1,2.5225225225225225
441980416,0,1,0,1.0
442112192,1,1,1,2.343137254901961
442316352,0,1,0,2.7
442451840,1,1,0,3.0
442509376,0,1,0,1.7142857142857142
442656000,1,1,1,1.7352941176470589
443129280,0,1,0,3.25
443223936,0,1,0,2.0
443272192,1,1,1,2.4
443387264,0,1,0,2.0
443424384,0,1,1,2.78125
443530176,1,1,1,1.8018867924528301
443533888,1,1,1,2.0987654320987654
443546880,0,1,0,4.0
443635968,0,1,0,2.4545454545454546
443674944,0,1,0,3.2
444023872,1,1,0,2.090909090909091
444315264,0,1,0,3.0
444354240,1,1,1,2.938775510204082
444491584,1,1,0,2.590909090909091
444504576,0,1,0,2.111111111111111
444617792,1,1,1,2.356115107913669
444760704,0,1,0,2.617021276595745
445059520,0,1,0,2.6
445070656,0,1,1,3.0
445115200,1,1,1,2.0
445122624,0,1,1,2.278688524590164
445131904,0,1,1,2.246376811594203
445156032,0,1,1,2.2222222222222223
445224704,0,1,0,3.2666666666666666
445272960,0,1,0,2.5
445360192,1,1,1,2.128205128205128
445408448,1,1,1,2.595744680851064
445772224,1,1,1,2.414814814814815
446329024,0,1,1,2.2195121951219514
446603712,0,1,0,3.0
446661248,0,1,1,2.6666666666666665
446967488,0,1,0,1.0
447071424,0,1,0,2.75
447101120,0,1,1,2.0
447199488,0,1,0,3.0
447503872,0,1,1,2.7083333333333335
447524288,1,1,1,2.659090909090909
447650496,0,1,0,3.0
447739584,1,1,1,2.3675213675213675
447754432,1,1,1,2.7037037037037037
447958592,0,1,1,2.0
447960448,0,1,1,1.8529411764705883
448255552,1,1,1,2.486842105263158
448439296,0,1,0,2.3333333333333335
448507968,1,1,0,2.8461538461538463
448552512,1,1,1,2.6222222222222222
448610048,1,1,1,2.443548387096774
448814208,0,1,1,1.8571428571428572
448932992,1,1,1,1.9
449265216,0,1,0,2.0
449489792,1,1,1,2.4545454545454546
449710656,0,1,0,1.5
449714368,0,1,1,2.2
449736640,0,1,0,2.6666666666666665
449777472,1,1,1,2.4
450096704,1,1,1,2.264705882352941
450107840,0,1,0,1.8333333333333333
450451200,0,1,0,2.0
450462336,1,1,1,2.0
450679488,0,1,0,2.125
450699904,1,1,1,2.497076023391813
450831680,0,1,0,2.1818181818181817
450863232,0,1,0,2.1666666666666665
450976448,0,1,1,1.8043478260869565
450983872,1,1,1,1.9900826446280993
451046976,1,1,0,1.875
451132352,0,1,0,3.0
451308672,0,1,0,1.0
451340224,0,1,0,1.0
451375488,1,1,0,2.142857142857143
451559232,1,1,1,1.5084745762711864
451566656,0,1,0,2.2432432432432434
451863616,1,1,0,1.6764705882352942
451867328,0,1,1,1.59375
451910016,0,1,0,1.0
452121600,0,1,0,1.5
452323904,0,1,0,1.4285714285714286
452600448,0,1,0,2.0
452626432,1,1,1,1.6756756756756757
452956800,1,1,1,1.8602150537634408
453361408,0,1,0,2.0
453379968,1,1,0,4.0
453439360,0,1,0,2.0
453591552,1,1,1,2.2454545454545456
453617536,1,1,1,2.372340425531915
453704768,0,1,1,2.6666666666666665
453747456,1,1,0,2.272727272727273
453762304,1,1,0,3.0
454289408,0,1,0,3.1666666666666665
454372928,0,1,0,3.0
454382208,0,1,0,2.0
454469440,0,1,0,3.2
454506560,1,1,1,2.68
454888896,1,1,1,2.0985221674876846
455072640,0,1,0,2.2857142857142856
455081920,0,1,0,2.5
455115328,0,1,1,2.2549019607843137
455219264,1,1,1,2.0
455395584,1,1,1,2.875
455737088,0,1,0,2.3
455865152,0,1,0,2.5
455950528,0,1,0,2.5
456182528,1,1,1,1.9047619047619047
456284608,0,1,0,2.772727272727273
456295744,0,1,0,2.272727272727273
456303168,0,1,1,2.25
456373696,0,1,0,2.7142857142857144
456451648,1,1,1,2.103305785123967
456653952,0,1,1,2.2
456934208,0,1,0,2.0
457327680,1,1,1,1.5512820512820513
457400064,1,1,0,1.3658536585365855
457479872,0,1,0,1.0
457520704,0,1,1,2.142857142857143
457524416,0,1,0,2.0
457832512,0,1,1,1.7058823529411764
458738240,0,1,1,1.3333333333333333
458741952,0,1,0,1.5
458842176,0,1,0,1.6666666666666667
459053760,0,1,0,1.6
459849984,0,1,1,2.0
460132096,0,1,0,2.0
460293568,1,1,1,1.4285714285714286
460377088,0,1,0,2.3333333333333335
460510720,1,1,1,1.9437751004016064
460525568,0,1,0,1.8333333333333333
460898624,0,1,1,1.0
461006272,1,1,0,1.5625
461524096,0,1,0,1.0
461681856,0,1,1,1.8703703703703705
461737536,1,1,1,2.25531914893617
461897152,1,1,1,2.3223529411764705
461932416,1,1,0,1.75
461941696,0,1,0,2.0
461965824,1,1,1,1.8968253968253967
462264640,0,1,0,1.0
462442816,1,1,1,1.5
462478080,0,1,0,2.75
462517056,1,1,1,2.2890625
462672960,1,1,1,2.3684210526315788
463029312,0,1,1,3.0
463188928,0,1,0,1.5
463190784,1,1,0,2.0416666666666665
463331840,1,1,1,2.3765347885402455
463350400,1,1,1,2.127906976744186
463602816,0,1,1,2.7209302325581395
463613952,0,1,0,3.0
463747584,0,1,0,2.0
463795840,1,1,0,1.6666666666666667
464295104,1,1,1,2.321167883211679
464397184,1,1,1,2.2666666666666666
464445440,0,1,0,1.8333333333333333
464579072,0,1,0,2.511111111111111
464670016,0,1,1,1.736842105263158
464759104,1,1,1,2.3870967741935485
464764672,0,1,0,2.6666666666666665
464831488,0,1,1,2.1666666666666665
464892736,1,1,0,2.3076923076923075
465163712,1,1,0,2.2142857142857144
465254656,0,1,0,2.5
465544192,1,1,0,3.0
465744640,1,1,1,2.0
466011904,1,1,1,2.2927631578947367
466050880,1,1,1,2.353846153846154
466186368,1,1,1,2.0854271356783918
466462912,1,1,1,2.4166666666666665
466546432,1,1,1,2.119565217391304
466600256,0,1,1,2.051282051282051
467147776,1,1,1,1.865
467439168,0,1,1,4.0
467498560,1,1,1,2.2241379310344827
467502272,0,1,0,2.8333333333333335
467582080,0,1,1,2.6363636363636362
467617344,0,1,1,2.3333333333333335
467750976,0,1,1,2.357142857142857
467765824,1,1,1,2.1098591549295773
467888320,0,1,0,2.5
467925440,0,1,0,3.0
467927296,1,1,1,2.67816091954023
467984832,1,1,1,2.1358024691358026
468047936,1,1,1,2.3934426229508197
468092480,0,1,0,2.6666666666666665
468107328,1,1,1,1.8166666666666667
468240960,0,1,1,2.2528735632183907
468627008,1,1,1,1.5151515151515151
468745792,0,1,0,3.0
468870144,0,1,0,2.0
469100288,1,1,1,2.223463687150838
469170816,1,1,1,2.5714285714285716
469460352,0,1,0,2.4
469688640,1,1,1,2.3559322033898304
469714624,1,1,1,1.8571428571428572
469861248,0,1,0,2.0
469924352,1,1,1,2.3806818181818183
469968896,1,1,1,2.045977011494253
470065408,0,1,0,3.0
470083968,0,1,0,1.5714285714285714
470341952,1,1,0,1.8571428571428572
470358656,0,1,0,1.3333333333333333
470371648,0,1,0,1.75
470380928,0,1,1,3.5
470408768,0,1,0,2.0
470496000,1,1,1,2.073170731707317
470716864,1,1,0,2.2
470904320,0,1,0,1.0
471086208,0,1,0,1.0
471654144,1,1,1,2.0779220779220777
471674560,1,1,1,1.6830985915492958
471693120,0,1,1,2.0
472097728,0,1,0,2.0
472114432,1,1,1,1.8695652173913044
472183104,0,1,1,1.6285714285714286
472190528,1,1,1,2.6785714285714284
472205376,0,1,0,2.3333333333333335
472212800,1,1,1,1.967032967032967
472223936,0,1,0,1.6
472242496,0,1,1,2.5
472346432,0,1,0,2.0
472366848,1,1,1,2.843137254901961
472372416,1,1,1,2.2222222222222223
472377984,0,1,0,2.0
472387264,0,1,0,2.0
472435520,1,1,0,2.8
472476352,0,1,1,1.8888888888888888
472504192,1,1,1,2.0
472545024,1,1,1,1.7826086956521738
472611840,1,1,1,1.3
472619264,0,1,0,2.0
472710208,1,1,1,2.5217391304347827
472773312,1,1,1,2.754385964912281
472851264,1,1,1,3.2142857142857144
472862400,0,1,1,2.75
472955200,1,1,1,1.9555555555555555
473190912,1,1,1,2.0
473229888,0,1,0,3.5
473357952,1,1,1,2.3806818181818183
473378368,0,1,0,2.6666666666666665
473380224,0,1,0,2.5
473608512,1,1,1,2.4266666666666667
473653056,1,1,1,2.4239130434782608
473688320,1,1,1,2.452777777777778
473701312,0,1,0,2.4
473744000,0,1,0,1.8571428571428572
473745856,1,1,1,2.1420454545454546
473775552,1,1,1,2.4
473781120,1,1,0,1.8620689655172413
473790400,0,1,0,2.0
473957440,1,1,1,1.673913043478261
473961152,1,1,1,2.2905027932960893
474105920,0,1,1,2.0
474180160,0,1,1,1.5454545454545454
474195008,0,1,0,2.0
474306368,0,1,0,2.0
474428864,0,1,1,2.0
474434432,1,1,1,2.206896551724138
474634880,0,1,0,1.4
474668288,1,1,1,2.0
474751808,0,1,0,2.3043478260869565
474837184,0,1,0,2.0
474954112,1,1,1,2.9166666666666665
475076608,1,1,0,2.238095238095238
475156416,1,1,1,2.6382978723404253
475158272,0,1,0,3.0
475199104,0,1,0,2.789473684210526
475236224,1,1,1,2.2
475241792,1,1,0,2.25
475388416,1,1,1,2.4913793103448274
475716928,0,1,0,2.588235294117647
475789312,0,1,0,2.4285714285714284
475885824,0,1,0,2.473684210526316
476013888,1,1,1,2.323529411764706
476030592,1,1,1,2.360182370820669
476038016,0,1,0,1.4285714285714286
476110400,1,1,1,2.505703422053232
476429632,1,1,1,2.25531914893617
476511296,0,1,1,2.4615384615384617
476526144,0,1,0,3.0
476546560,0,1,1,2.823529411764706
476596672,1,1,1,2.2465753424657535
476739584,1,1,1,2.4565217391304346
476747008,1,1,1,2.4705882352941178
476754432,1,1,1,2.6363636363636362
476815680,0,1,1,2.4166666666666665
476979008,0,1,0,2.6
477105216,0,1,0,2.9
477146048,0,1,0,2.0
477236992,0,1,0,1.25
477357632,0,1,1,2.1666666666666665
477383616,0,1,1,2.078125
477387328,1,1,1,2.75
477428160,0,1,0,2.0
477463424,0,1,0,1.5
477561792,0,1,1,1.1666666666666667
477615616,1,1,1,2.4761904761904763
477700992,0,1,1,2.25
477823488,0,1,0,2.0
477983104,1,1,1,2.5210526315789474
478033216,1,1,1,2.2545454545454544
478352448,1,1,1,2.5107296137339055
478385856,0,1,1,1.9666666666666666
478590016,1,1,1,2.2222222222222223
478593728,0,1,1,2.4285714285714284
478599296,0,1,1,2.1707317073170733
478775616,1,1,0,1.9830508474576272
478875840,0,1,0,1.5
478894400,0,1,0,1.5
478961216,1,1,1,1.8902439024390243
478977920,0,1,0,3.0
479144960,1,1,0,1.8409090909090908
479174656,1,1,1,2.0225563909774436
479200640,0,1,0,2.7777777777777777
479208064,0,1,0,3.0
479209920,0,1,0,2.0
479299008,0,1,0,3.64
479313856,0,1,1,2.3404255319148937
479456768,0,1,1,1.8235294117647058
479473472,0,1,1,1.7204301075268817
479523584,1,1,1,2.2244897959183674
479737024,1,1,1,2.4482758620689653
479811264,1,1,1,2.582089552238806
479892928,0,1,1,2.375
479896640,0,1,1,2.68
479946752,0,1,1,2.2962962962962963
480392192,1,1,1,2.441860465116279
480459008,1,1,1,2.4545454545454546
480494272,1,1,1,2.3076923076923075
480551808,0,1,0,2.1538461538461537
480581504,0,1,1,3.0
480709568,0,1,0,3.0
480722560,1,1,1,2.235294117647059
480726272,0,1,1,2.5641025641025643
480780096,1,1,0,2.857142857142857
480824640,0,1,0,3.0
480950848,1,1,0,1.4473684210526316
481160576,0,1,1,2.6666666666666665
481307200,1,1,1,2.2819148936170213
481335040,1,1,1,2.652173913043478
481433408,1,1,0,3.3333333333333335
481435264,0,1,0,1.0
481492800,1,1,0,2.3333333333333335
481580032,0,1,0,2.0
481602304,0,1,0,2.5238095238095237
481609728,1,1,1,2.6911764705882355
481724800,1,1,1,2.2556053811659194
481893696,1,1,1,2.0081967213114753
482010624,0,1,1,1.0
482303872,0,1,0,1.0
482307584,0,1,1,2.0
482374400,0,1,1,1.78125
482428224,1,1,1,2.2477064220183487
482493184,0,1,1,1.7777777777777777
482547008,0,1,1,1.7777777777777777
482686208,0,1,1,2.72
483025856,0,1,0,2.4
483036992,0,1,0,3.0
483341376,0,1,1,3.075
483484288,1,1,1,2.4262295081967213
483489856,1,1,1,2.5876288659793816
483590080,0,1,0,2.0
483712576,0,1,0,2.0
484141312,1,1,1,2.5
484664704,0,1,0,3.0
484683264,1,1,1,2.6136363636363638
485711488,0,1,0,1.0
486008448,1,1,1,2.391304347826087
486192192,0,1,0,2.5
486407488,0,1,1,3.0833333333333335
486537408,1,1,1,2.4019607843137254
486750848,1,1,1,2.148936170212766
487019968,1,1,0,2.5849056603773586
488079744,1,1,1,1.7761194029850746
488313600,0,1,1,2.076923076923077
488690368,0,1,0,1.5
488740480,0,1,1,2.0277777777777777
488987328,1,1,0,2.6
489005888,0,1,0,2.25
489321408,1,1,1,2.810810810810811
489616512,1,1,0,2.3684210526315788
489790976,0,1,0,1.25
489835520,0,1,0,1.4
489930176,0,1,0,1.8333333333333333
490477696,0,1,1,2.297872340425532
491511488,1,1,1,2.5384615384615383
491531904,1,1,1,2.5142857142857142
492255744,0,1,0,3.25
492413504,0,1,0,2.0
493677440,0,1,1,1.8888888888888888
495125120,0,1,0,2.0
497235392,0,1,0,3.111111111111111
497500800,1,1,1,3.0444444444444443
498087296,1,1,1,2.2612612612612613
498985600,0,1,0,2.0
499716864,1,1,1,2.6666666666666665
499720576,0,1,1,2.5211267605633805
500800768,1,1,1,2.4545454545454546
501563584,0,1,0,3.0
501654528,1,1,0,2.0588235294117645
501771456,1,1,1,2.198529411764706
501803008,0,1,0,1.5
501858688,1,1,1,2.206896551724138
502604800,1,1,1,2.226086956521739
503287808,1,1,0,3.235294117647059
503517952,0,1,0,3.0
505635648,0,1,1,2.588235294117647
505704320,0,1,1,3.0
506353920,1,1,1,2.3137254901960786
506801216,1,1,1,2.0625
506884736,0,1,0,1.85
507378432,0,1,0,1.2777777777777777
507805312,0,1,0,1.6111111111111112
508564416,1,1,1,1.9433962264150944
508724032,0,1,0,2.0
508805696,0,1,0,2.5
508902208,0,1,0,2.0
509145344,0,1,1,2.0869565217391304
510197696,0,1,0,2.0
510431552,0,1,0,3.75
510524352,0,1,1,2.269230769230769
510600448,1,1,0,2.8461538461538463
510678400,0,1,1,1.7894736842105263
513573760,0,1,1,2.4
514145408,1,1,1,2.782608695652174
514334720,1,1,1,2.4907749077490773
514579712,0,1,1,2.475
514583424,1,1,1,2.566666666666667
514626112,0,1,0,2.5
514832128,1,1,1,2.2051282051282053
514902656,0,1,0,2.5384615384615383
515062272,1,1,1,2.264
515116096,0,1,0,2.5
515192192,0,1,1,2.4
515199616,0,1,1,2.0
515351808,1,1,0,2.0
515437184,0,1,0,1.0
515630208,1,1,1,1.8544303797468353
515728576,1,1,1,1.84375
515778688,1,1,1,1.9090909090909092
515860352,0,1,0,1.0
515875200,1,1,1,1.2
515966144,0,1,1,3.0
516040384,0,1,0,3.7
516064512,0,1,0,3.0
516083072,1,1,1,2.3870967741935485
516244544,0,1,1,2.7
516257536,0,1,1,2.1029411764705883
516500672,1,1,1,2.789473684210526
516522944,0,1,0,2.25
516578624,1,1,0,2.0
516599040,0,1,0,1.3793103448275863
516855168,0,1,1,2.1379310344827585
517126144,0,1,1,2.3389830508474576
517194816,1,1,1,2.3076923076923075
517231936,0,1,0,2.3333333333333335
517385984,1,1,1,2.331578947368421
517528896,1,1,1,2.272727272727273
517610560,0,1,1,2.6666666666666665
517714496,0,1,1,2.0
517762752,0,1,0,1.5454545454545454
517803584,0,1,1,1.6666666666666667
517825856,0,1,0,2.0
517918656,0,1,0,1.6
517939072,0,1,0,1.0
518128384,0,1,1,1.5277777777777777
518167360,0,1,1,2.8333333333333335
518197056,0,1,0,1.0
518338112,1,1,1,1.5945945945945945
518421632,0,1,0,2.0
518518144,1,1,1,1.75
518644352,0,1,0,2.175
518655488,0,1,0,2.3
518659200,0,1,1,1.7857142857142858
518777984,0,1,0,1.0
519119488,1,1,1,1.8240740740740742
519152896,0,1,0,1.0
519154752,0,1,0,1.0
519394176,1,1,0,1.0
519505536,1,1,0,2.6363636363636362
519822912,1,1,1,1.9878048780487805
519941696,1,1,1,1.3529411764705883
520169984,0,1,0,1.4
521322560,1,1,1,2.297029702970297
521662208,0,1,1,2.0434782608695654
523076480,0,1,0,1.0
523388288,0,1,0,1.25
524253184,1,1,1,2.053921568627451
524887936,0,1,0,1.75
525556096,0,1,0,2.75
525778816,0,1,0,2.0
525801088,0,1,1,1.3636363636363635
526146304,1,1,0,2.1
526194560,0,1,1,2.1666666666666665
527580992,0,1,1,1.4545454545454546
527709056,0,1,0,1.3333333333333333
527770304,1,1,0,1.6206896551724137
527859392,0,1,0,2.5
527881664,1,1,1,1.5151515151515151
529442560,0,1,0,1.0
529912128,0,1,0,3.0
530153408,1,1,1,1.9834710743801653
530257344,0,1,1,3.3461538461538463
530619264,0,1,0,3.5
530958912,0,1,1,2.142857142857143
531818240,1,1,1,2.2777777777777777
532161600,0,1,0,2.1666666666666665
532232128,1,1,0,2.2666666666666666
532313792,0,1,1,2.0
533785600,0,1,0,1.0
533986048,0,1,1,2.441860465116279
534398080,0,1,1,2.5277777777777777
535151616,1,1,1,2.9310344827586206
535645312,0,1,0,2.0
535895872,1,1,1,2.5641025641025643
535929280,0,1,1,2.6363636363636362
535999808,0,1,1,2.6853932584269664
536489792,0,1,0,3.5
536614144,0,1,0,2.2
536851712,0,1,0,1.5
536892544,0,1,0,1.0
537211776,1,1,1,2.264705882352941
537685056,1,1,1,1.9375
538421888,0,1,1,2.259259259259259
538776384,1,1,1,2.210144927536232
538861760,0,1,0,2.212121212121212
538882176,0,1,0,2.4864864864864864
539099328,0,1,0,3.0
539596736,0,1,0,3.2857142857142856
539633856,0,1,1,3.0
539986496,0,1,0,2.121212121212121
540305728,1,1,0,3.5555555555555554
540443072,0,1,1,3.25
540541440,0,1,0,1.0
540645376,0,1,0,2.25
540769728,1,1,1,1.7903225806451613
540773440,1,1,1,2.1333333333333333
540834688,0,1,0,1.0
541150208,1,1,1,1.7093023255813953
541222592,1,1,1,2.5476190476190474
541306112,1,1,1,2.462962962962963
541649472,0,1,0,2.0
541716288,1,1,1,2.7115384615384617
541805376,1,1,1,2.3
542557056,0,1,0,2.388888888888889
542575616,0,1,0,1.0
542651712,0,1,0,2.8076923076923075
542759360,0,1,0,1.8571428571428572
542770496,1,1,1,2.6052631578947367
542861440,1,1,1,2.3300653594771243
543024768,0,1,0,1.0
543058176,0,1,1,2.5217391304347827
543199232,1,1,1,2.4545454545454546
543301312,0,1,1,1.3
543325440,0,1,0,2.0
543462784,0,1,0,2.7777777777777777
543603840,0,1,0,3.5
543720768,0,1,1,2.5714285714285716
543891520,0,1,0,2.3333333333333335
544340672,1,1,0,2.0
544351808,1,1,1,1.5
544570816,1,1,1,1.78
544626496,0,1,0,4.0
544901184,0,1,1,2.0273972602739727
544917888,0,1,1,2.375
545045952,1,1,0,1.75
545207424,0,1,0,2.5
545428288,0,1,1,2.0833333333333335
545480256,0,1,1,1.8095238095238095
545834752,1,1,1,1.9146341463414633
546038912,0,1,0,2.9615384615384617
546087168,1,1,1,2.357142857142857
546116864,0,1,0,3.2857142857142856
546122432,0,1,1,2.533333333333333
546196672,0,1,0,1.5
546393408,1,1,1,2.25
546554880,0,1,0,1.6666666666666667
546564160,0,1,1,2.0
547068992,0,1,0,2.0
547258304,0,1,1,2.5
547273152,1,1,0,2.1785714285714284
547315840,0,1,0,2.0
547334400,0,1,0,3.0
547345536,0,1,0,3.0
547451328,1,1,1,2.684931506849315
547455040,0,1,1,2.5714285714285716
547570112,0,1,0,3.0
547752000,1,1,1,2.4722222222222223
547833664,1,1,0,2.8225806451612905
547919040,0,1,0,3.0
547954304,0,1,1,2.8349514563106797
548171456,1,1,1,2.3803468208092484
548177024,0,1,0,3.230769230769231
548293952,0,1,0,2.4
548438720,0,1,0,3.0
548557504,1,1,0,3.0
548689280,1,1,1,2.3617021276595747
548776512,0,1,0,1.0
548852608,0,1,0,2.0
548962112,1,1,1,2.888888888888889
549116160,1,1,0,2.0
549344448,1,1,1,1.658682634730539
549556032,0,1,0,1.5
549619136,0,1,0,1.5
549626560,1,1,1,1.8205128205128205
549630272,1,1,1,1.7142857142857142
549674816,1,1,1,1.8403361344537814
549884544,0,1,1,1.8630136986301369
549975488,0,1,0,2.125
549984768,1,1,1,2.909090909090909
550057152,0,1,0,2.3333333333333335
550190784,1,1,1,2.870967741935484
550242752,1,1,1,2.1527777777777777
550285440,0,1,0,2.375
550287296,0,1,0,1.25
550458048,1,1,0,2.0
550940608,0,1,0,3.5
551079808,0,1,0,2.0
551126208,0,1,0,3.0
551180032,1,1,1,2.607594936708861
551187456,0,1,0,3.0
551304384,0,1,0,2.090909090909091
551436160,0,1,0,2.0
551588352,1,1,1,2.4785992217898833
551621760,0,1,0,1.0
551694144,0,1,0,2.5
551736832,0,1,1,2.3636363636363638
551863040,1,1,1,2.235294117647059
552070912,0,1,0,3.0
552124736,0,1,0,3.111111111111111
552228672,1,1,1,2.5767326732673266
552664832,1,1,1,1.7681159420289856
552670400,0,1,1,2.210526315789474
552729792,0,1,1,2.9705882352941178
553008192,0,1,1,2.5
553065728,1,1,1,2.8117647058823527
553115840,0,1,0,3.0
553225344,0,1,0,2.5925925925925926
553331136,0,1,1,2.2142857142857144
553466624,1,1,1,2.3333333333333335
553680064,0,1,0,1.0
553720896,0,1,0,2.0
553793280,1,1,1,2.375
553817408,1,1,0,2.090909090909091
553835968,1,1,0,2.1904761904761907
553874944,0,1,0,2.0
554028992,0,1,0,2.0
554045696,0,1,0,2.2916666666666665
554155200,0,1,1,2.5454545454545454
554166336,1,1,1,2.4166666666666665
554216448,1,1,1,2.2432432432432434
554236864,1,1,1,2.5317460317460316
554364928,1,1,1,2.4930555555555554
554437312,0,1,1,1.25
554543104,1,1,1,2.176470588235294
554570944,0,1,1,2.4444444444444446
554697152,0,1,1,1.3333333333333333
555007104,0,1,0,1.0
555489664,1,1,0,2.0
555597312,0,1,0,2.8461538461538463
555608448,1,1,1,2.391304347826087
555701248,1,1,1,2.463235294117647
555712384,0,1,1,1.9047619047619047
555987072,0,1,0,2.727272727272727
556161536,0,1,1,1.975609756097561
556167104,0,1,0,2.5
556222784,1,1,1,1.9454545454545455
556323008,0,1,1,2.101123595505618
556742464,0,1,0,2.4
556775872,0,1,1,1.3333333333333333
556790720,1,1,1,2.6103896103896105
556913216,1,1,1,2.029850746268657
556952192,0,1,0,2.0
557457024,0,1,1,2.5348837209302326
557739136,0,1,1,1.5714285714285714
557805952,1,1,0,3.0
557848640,0,1,0,2.5
557926592,0,1,1,1.5714285714285714
558000832,1,1,1,2.238095238095238
558101056,0,1,0,1.6666666666666667
558108480,0,1,1,2.8
558136320,1,1,1,2.3448275862068964
558479680,1,1,1,2.480769230769231
558490816,0,1,0,1.0
558711680,1,1,0,1.5
558769216,1,1,1,2.436974789915966
558867584,0,1,0,3.4545454545454546
558975232,1,1,1,1.5
559090304,0,1,1,1.9642857142857142
559138560,0,1,1,1.9
559196096,0,1,0,2.0
559201664,0,1,1,2.125
559270336,1,1,1,2.3902439024390243
559326016,1,1,1,2.1538461538461537
559348288,1,1,0,1.75
559387264,1,1,1,1.8021978021978022
559483776,0,1,1,1.8604651162790697
559530176,0,1,1,1.4444444444444444
559552448,1,1,0,1.5
559971904,0,1,1,2.242857142857143
560448896,1,1,1,2.4095744680851063
560597376,1,1,1,2.4
560725440,1,1,0,1.0
560812672,0,1,0,2.264705882352941
560823808,0,1,1,1.4
561020544,1,1,0,2.4545454545454546
561061376,1,1,1,2.433766233766234
561072512,0,1,1,2.3207547169811322
561152320,0,1,0,2.5
561157888,0,1,1,2.05
561226560,0,1,0,2.0
561237696,1,1,1,1.8911564625850341
561391744,1,1,1,2.35
561449280,1,1,0,1.3529411764705883
561723968,0,1,0,2.2222222222222223
561848320,1,1,1,2.3333333333333335
561937408,1,1,1,1.5633802816901408
562084032,1,1,1,2.5454545454545454
562124864,0,1,0,4.0
562173120,1,1,1,2.225806451612903
562301184,0,1,0,2.0
562306752,1,1,0,2.0
562314176,0,1,0,2.125
562538752,0,1,1,2.7142857142857144
562540608,0,1,1,2.2285714285714286
562561024,0,1,0,2.0
562696512,1,1,1,1.8181818181818181
562796736,1,1,1,2.203883495145631
562817152,1,1,0,1.6
562857984,1,1,0,2.1578947368421053
562956352,1,1,0,2.341463414634146
563010176,0,1,0,3.5
563284864,0,1,1,1.9090909090909092
563333120,0,1,0,3.0
563522432,0,1,1,2.515625
563704320,0,1,1,2.8333333333333335
563891776,0,1,1,2.75
563997568,0,1,0,2.5217391304347827
564305664,0,1,1,2.8125
564309376,1,1,1,2.0
564426304,1,1,1,2.4833333333333334
564513536,1,1,0,2.3703703703703702
564572928,1,1,1,2.26027397260274
564695424,1,1,1,2.4923076923076923
564916288,1,1,1,2.4901960784313726
564934848,0,1,0,3.5
564955264,0,1,1,3.0
565010944,0,1,0,1.0
565447104,0,1,1,2.5652173913043477
565625280,0,1,0,3.0
565686528,0,1,0,2.641025641025641
565898112,1,1,1,2.3970588235294117
565907392,0,1,0,1.0
566078144,0,1,0,1.0
566111552,1,1,0,1.4
566202496,0,1,0,1.35
566319424,0,1,1,2.6842105263157894
566356544,0,1,1,2.1666666666666665
566371392,1,1,1,2.0
566423360,1,1,0,2.235294117647059
566479040,0,1,1,1.6
566738880,0,1,1,1.6111111111111112
566783424,0,1,1,1.4090909090909092
566794560,0,1,0,1.5555555555555556
566928192,1,1,1,1.975
566980160,0,1,0,2.4545454545454546
567180608,1,1,1,2.159090909090909
567217728,0,1,0,1.0
567412608,0,1,1,1.5357142857142858
567520256,1,1,1,1.9863945578231292
567536960,1,1,1,2.735294117647059
567637184,1,1,1,2.4154589371980677
567785664,0,1,1,2.7857142857142856
567900736,0,1,0,2.3333333333333335
567939712,1,1,1,2.0851063829787235
567971264,1,1,1,2.4388489208633093
568218112,0,1,0,4.0
568472384,0,1,0,3.0
568485376,1,1,1,2.037037037037037
568574464,0,1,0,2.4444444444444446
568867712,1,1,1,2.4886363636363638
569019904,1,1,0,1.8571428571428572
569029184,0,1,0,1.7142857142857142
569385536,0,1,0,1.75
569413376,1,1,1,2.2941176470588234
569548864,0,1,1,2.1379310344827585
569699200,0,1,0,3.0
569849536,0,1,0,2.5
570081536,1,1,1,2.64
570281984,0,1,0,2.6666666666666665
570283840,0,1,0,3.0
570475008,0,1,1,2.80188679245283
570493568,0,1,0,2.0
570499136,0,1,0,2.388888888888889
570500992,1,1,1,2.3184818481848186
570578944,1,1,0,2.5365853658536586
570838784,1,1,1,2.011627906976744
571198848,1,1,1,2.294776119402985
571358464,1,1,0,1.8666666666666667
571419712,0,1,0,2.857142857142857
571612736,0,1,1,2.5
571690688,0,1,1,2.3043478260869565
571818752,1,1,0,3.0
571842880,0,1,1,2.0
571943104,0,1,1,2.25
571946816,0,1,0,1.0
571991360,1,1,0,2.13953488372093
572008064,0,1,0,1.6666666666666667
572052608,0,1,0,1.0
572175104,0,1,1,2.074074074074074
572193664,1,1,1,2.390909090909091
572247488,1,1,0,1.6666666666666667
572427520,1,1,1,2.097560975609756
572499904,1,1,1,2.625
572603840,0,1,1,2.7590361445783134
572859968,0,1,1,2.4592592592592593
572932352,1,1,1,2.3707865168539324
573017728,1,1,0,1.7777777777777777
573270144,1,1,1,2.2
573336960,0,1,0,2.0
573381504,1,1,1,2.3333333333333335
573400064,1,1,1,2.3959044368600684
573439040,1,1,1,1.9555555555555555
573685888,0,1,1,2.0689655172413794
573789824,0,1,0,1.8
573834368,0,1,1,2.3333333333333335
573852928,1,1,0,2.44
573993984,1,1,1,2.2850467289719627
574155456,0,1,1,2.358490566037736
574289088,0,1,0,2.7
574439424,1,1,1,2.2058823529411766
574680704,1,1,0,1.8571428571428572
574844032,1,1,1,2.014705882352941
574883008,0,1,0,2.0
574884864,0,1,0,1.25
575146560,0,1,1,2.6153846153846154
575291328,0,1,0,2.30188679245283
575530752,0,1,1,2.2
575582720,0,1,1,3.0
575874112,1,1,1,2.2169811320754715
575881536,0,1,0,2.0
575937216,0,1,0,2.142857142857143
575939072,0,1,0,3.0
575976192,1,1,1,2.0
576033728,0,1,1,2.0454545454545454
576167360,0,1,0,2.066666666666667
576339968,1,1,1,2.546875
576388224,0,1,1,2.4383561643835616
576724160,0,1,1,2.022727272727273
577008128,0,1,0,2.5
577028544,0,1,0,2.5294117647058822
577048960,1,1,1,2.373134328358209
577089792,1,1,1,2.0985915492957745
577145472,0,1,1,3.6666666666666665
577156608,0,1,1,2.2058823529411766
577635456,0,1,0,3.625
577824768,0,1,1,1.872340425531915
577988096,1,1,1,2.2291666666666665
578077184,1,1,1,2.4347826086956523
578108736,0,1,0,1.0
578218240,0,1,0,1.7407407407407407
578255360,0,1,0,3.0
578257216,1,1,1,2.4587813620071683
578262784,0,1,0,2.933333333333333
578368576,0,1,0,2.3
578530048,0,1,0,2.391304347826087
578672960,0,1,0,4.0
578724928,0,1,1,3.1666666666666665
578763904,0,1,1,2.1363636363636362
578849280,0,1,1,2.0
578955072,1,1,1,2.350515463917526
579025600,0,1,0,3.2857142857142856
579123968,1,1,1,2.736842105263158
579183360,0,1,0,3.0
579196352,1,1,1,2.3793103448275863
579278016,0,1,1,2.6530612244897958
579432064,0,1,0,2.8333333333333335
579524864,0,1,0,3.0
579556416,0,1,1,2.625
579675200,0,1,0,1.0
579743872,0,1,0,3.5
579998144,0,1,0,3.6666666666666665
580005568,1,1,0,2.6129032258064515
580283968,0,1,0,1.25
580412032,1,1,1,2.3859649122807016
580486272,1,1,1,1.2
580595776,0,1,0,1.0
580855616,0,1,1,2.9523809523809526
581061632,0,1,0,1.9090909090909092
581104320,1,1,1,1.8620689655172413
581137728,1,1,1,2.6666666666666665
581158144,0,1,0,2.5
581397568,0,1,0,2.25
581512640,0,1,0,2.1666666666666665
581586880,0,1,0,2.0
581811456,1,1,1,2.3053435114503817
581831872,1,1,1,2.231404958677686
581913536,0,1,0,2.0
582100992,0,1,0,4.0
582331136,1,1,1,1.8666666666666667
582375680,0,1,1,2.607142857142857
582739456,1,1,1,2.138888888888889
582926912,1,1,1,1.7
583064256,1,1,1,2.2422680412371134
583318528,1,1,1,2.3333333333333335
583689728,1,1,0,1.9545454545454546
583736128,0,1,1,1.8333333333333333
583827072,0,1,0,2.357142857142857
584059072,1,1,1,2.3820224719101124
584066496,1,1,1,1.982248520710059
584450688,1,1,1,2.183246073298429
584521216,0,1,0,3.25
584641856,1,1,0,2.25
584665984,1,1,1,2.4237288135593222
584706816,1,1,1,2.4722222222222223
584736512,0,1,1,3.111111111111111
585092864,0,1,0,2.6666666666666665
585167104,1,1,0,2.3333333333333335
585282176,0,1,1,2.8
585606976,1,1,1,2.6341463414634148
585788864,1,1,1,2.4698795180722892
585848256,0,1,0,2.0
586304832,1,1,1,2.52
586711296,0,1,1,1.0
586770688,0,1,0,2.0
586817088,0,1,1,2.6153846153846154
586932160,1,1,1,2.102272727272727
587037952,1,1,1,2.0843373493975905
587253248,1,1,1,2.1132075471698113
587258816,0,1,0,1.5
587271808,1,1,0,3.0
587329344,1,1,1,2.6625
587420288,0,1,0,3.7142857142857144
587427712,1,1,1,2.4573991031390134
587563200,1,1,1,2.213709677419355
587689408,1,1,1,2.6964285714285716
587856448,0,1,0,1.8333333333333333
587891712,0,1,1,3.0
588209088,0,1,0,2.0
588327872,0,1,1,1.8095238095238095
588498624,0,1,0,3.0
588619264,1,1,1,2.3692307692307693
588771456,0,1,0,1.6666666666666667
588777024,0,1,1,2.533333333333333
588862400,1,1,0,2.488372093023256
589094400,1,1,1,2.6837606837606836
589534272,0,1,0,3.0
589558400,1,1,1,2.161290322580645
589727296,1,1,1,2.1626794258373208
589842368,1,1,0,2.404255319148936
589940736,1,1,1,2.1475409836065573
589963008,0,1,1,2.3333333333333335
590005696,0,1,0,2.25
590302656,1,1,1,1.5555555555555556
590575488,0,1,0,1.75
590636736,0,1,1,2.357142857142857
590876160,1,1,1,2.605095541401274
590967104,0,1,1,3.3333333333333335
591043200,0,1,0,3.0
591137856,1,1,1,2.3128491620111733
591368000,1,1,1,1.9176470588235295
591444096,1,1,1,2.4482758620689653
591466368,0,1,0,1.0
591522048,1,1,1,1.619718309859155
591568448,0,1,1,2.3142857142857145
591570304,0,1,0,1.7272727272727273
591657536,1,1,1,1.5818181818181818
591828288,0,1,0,2.4444444444444446
591909952,0,1,0,2.6
591926656,0,1,0,3.0
592071424,1,1,1,1.9508196721311475
592164224,1,1,0,1.7333333333333334
592260736,0,1,0,1.4
592516864,1,1,1,1.7421383647798743
592591104,0,1,1,2.263157894736842
592689472,0,1,1,2.25
592789696,1,1,1,2.2254335260115607
592888064,0,1,1,2.875
593068096,0,1,1,2.696969696969697
593095936,0,1,0,1.0
593164608,0,1,1,2.3333333333333335
593374336,1,1,1,2.3501144164759724
593519104,0,1,1,2.2857142857142856
593526528,0,1,0,1.75
593665728,1,1,1,1.8636363636363635
593777088,1,1,1,2.507042253521127
593855040,0,1,1,2.652173913043478
593940416,1,1,1,2.097560975609756
594211392,0,1,1,2.634920634920635
594628992,0,1,0,2.3333333333333335
594638272,0,1,0,3.3333333333333335
594658688,0,1,1,1.8888888888888888
594745920,1,1,0,2.3220338983050848
595018752,0,1,1,2.5
595057728,0,1,1,2.142857142857143
595068864,0,1,0,2.0476190476190474
595408512,0,1,0,2.6666666666666665
595477184,1,1,1,1.7804878048780488
595551424,1,1,1,2.172727272727273
595560704,0,1,0,2.8333333333333335
595575552,0,1,1,2.782608695652174
595597824,1,1,1,2.4292682926829268
595690624,0,1,0,2.9722222222222223
595709184,0,1,1,3.0
595724032,1,1,1,2.0
595883648,0,1,1,2.6666666666666665
596275264,0,1,0,1.625
596416320,0,1,1,2.2
596473856,0,1,0,3.0
596653888,0,1,1,2.1724137931034484
596726272,1,1,1,2.3043478260869565
596982400,1,1,1,1.8333333333333333
597578176,0,1,1,2.357142857142857
597832448,1,1,1,1.9467213114754098
597943808,1,1,1,2.075
597979072,0,1,1,1.5263157894736843
597980928,0,1,0,1.5454545454545454
598140544,0,1,0,1.0
598329856,0,1,0,2.3333333333333335
598340992,1,1,1,1.7796610169491525
598350272,1,1,1,2.1403508771929824
598361408,0,1,0,1.0
598548864,0,1,0,2.2222222222222223
598556288,1,1,1,2.6666666666666665
598598976,1,1,1,2.5952380952380953
598621248,0,1,0,2.25
598715904,0,1,1,2.4782608695652173
598801280,0,1,1,1.6
598905216,1,1,0,2.1363636363636362
598907072,1,1,1,1.7153284671532847
598944192,1,1,1,2.0483091787439616
598955328,0,1,0,2.6666666666666665
599020288,1,1,0,1.6666666666666667
599057408,1,1,1,2.5454545454545454
599072256,1,1,1,1.9012345679012346
599155776,0,1,0,3.0
599402624,0,1,0,1.5
599449024,0,1,0,2.0
600334336,0,1,1,1.8807339449541285
600349184,0,1,1,2.2413793103448274
600423424,1,1,1,1.92
600889280,1,1,1,1.5181347150259068
601399680,0,1,1,1.5555555555555556
601559296,0,1,1,2.25
601639104,1,1,1,1.5
601763456,0,1,0,1.6666666666666667
602060416,0,1,0,1.25
602181056,1,1,0,1.65
602233024,1,1,1,2.3358490566037737
602246016,1,1,1,2.357142857142857
602307264,0,1,0,2.6666666666666665
602344384,0,1,0,2.0
602377792,0,1,0,3.2
602522560,0,1,0,2.5
602529984,1,1,1,2.4430379746835444
602786112,0,1,1,2.269230769230769
602821376,0,1,0,2.6666666666666665
603222272,1,1,0,3.235294117647059
603253824,0,1,0,3.0
603383744,0,1,0,2.310344827586207
603415296,0,1,0,2.5
603730816,0,1,1,2.4
603860736,1,1,1,3.25
604020352,0,1,0,2.0
604424960,1,1,0,2.25
604445376,0,1,0,3.5
604532608,0,1,0,2.6666666666666665
604606848,0,1,1,2.5
604903808,0,1,1,2.5
605271296,0,1,1,2.62
605471744,1,1,1,2.0245901639344264
605683328,1,1,1,2.3510204081632655
605796544,1,1,0,3.0
605937600,0,1,0,3.0
606034112,1,1,1,2.3181818181818183
606139904,0,1,1,2.590909090909091
606271680,0,1,0,3.75
606292096,1,1,1,2.710526315789474
606620608,1,1,1,2.2903225806451615
606635456,0,1,0,3.6
606854464,1,1,1,2.565
606878592,1,1,1,2.1666666666666665
606984384,1,1,1,2.335714285714286
607028928,1,1,1,2.3
607101312,1,1,0,2.3636363636363638
607376000,0,1,0,1.1666666666666667
607611712,1,1,0,1.2
607852992,0,1,0,2.5
608072000,0,1,0,2.625
608114688,1,1,1,2.272727272727273
608316992,0,1,1,3.037037037037037
608469184,1,1,0,2.7
608489600,0,1,1,2.5
608647360,0,1,1,2.272727272727273
609161472,0,1,1,1.4318181818181819
609278400,0,1,0,1.2857142857142858
609575360,1,1,1,1.9141104294478528
609653312,1,1,1,2.411764705882353
609751680,1,1,1,2.6292134831460676
609753536,1,1,1,2.372950819672131
609892736,0,1,0,1.4285714285714286
609900160,0,1,0,2.3214285714285716
610074624,0,1,0,3.0
610132160,1,1,1,2.8333333333333335
610310336,0,1,0,1.0
610419840,1,1,1,2.463768115942029
610484800,0,1,1,1.6
610534912,0,1,0,2.0
610607296,0,1,1,2.306451612903226
610612864,1,1,1,2.1095890410958904
610794752,0,1,0,1.25
610891264,0,1,1,2.769230769230769
610909824,0,1,1,2.2083333333333335
610924672,0,1,0,2.2
610937664,0,1,0,3.75
610997056,1,1,1,2.4642857142857144
611203072,0,1,1,2.6739130434782608
611282880,0,1,1,2.6
611307008,1,1,0,2.3
611329280,1,1,1,2.202247191011236
611331136,1,1,1,1.0
611466624,0,1,1,1.6363636363636365
611548288,1,1,1,2.25
611583552,1,1,1,2.7346938775510203
611748736,0,1,0,3.0
611837824,1,1,1,2.3582089552238807
611900928,0,1,0,2.0
612036416,1,1,1,2.2041666666666666
612056832,0,1,1,2.0
612214592,0,1,0,3.0
612244288,0,1,0,1.5
612277696,0,1,0,1.5
612316672,0,1,1,2.125
612873472,0,1,0,1.8181818181818181
613072064,1,1,0,3.0
613437696,1,1,0,3.142857142857143
613521216,0,1,0,1.0
613625152,0,1,1,1.5217391304347827
613677120,0,1,0,2.4444444444444446
613959232,0,1,0,3.3333333333333335
614007488,0,1,0,2.5
614434368,1,1,1,2.1333333333333333
614603264,1,1,1,1.9464285714285714
614614400,0,1,0,2.0
615228736,0,1,0,3.0
615284416,0,1,0,5.0
616151168,0,1,0,2.3333333333333335
616364608,1,1,1,2.3164556962025316
616574336,1,1,1,1.6666666666666667
616680128,0,1,1,1.5616438356164384
617066176,1,1,1,2.1325301204819276
617151552,1,1,1,2.141025641025641
618144512,0,1,1,1.7419354838709677
618272576,0,1,0,1.8888888888888888
618599232,0,1,1,1.6923076923076923
618686464,0,1,0,1.8666666666666667
618756992,0,1,0,2.0
618868352,0,1,0,2.0
618946304,1,1,1,2.451923076923077
619118912,0,1,0,2.6666666666666665
619126336,1,1,0,2.5454545454545454
619128192,0,1,1,1.0
619282240,1,1,1,2.4242424242424243
619324928,0,1,0,1.75
619349056,0,1,0,2.5
619441856,1,1,1,2.0
619627456,1,1,1,2.3404255319148937
619781504,0,1,1,2.159090909090909
619933696,1,1,1,1.7317073170731707
620724352,1,1,1,2.478527607361963
620935936,0,1,0,2.5
621227328,0,1,1,2.75
621310848,0,1,1,2.5454545454545454
621498304,1,1,1,2.5714285714285716
621546560,0,1,1,3.5
621557696,0,1,0,4.0
621600384,0,1,0,3.5
621908480,0,1,1,2.5
622038400,0,1,1,2.55
622066240,1,1,0,4.0
622155328,0,1,0,2.5
622236992,0,1,1,2.0476190476190474
622288960,0,1,0,1.3333333333333333
622307520,0,1,0,2.8
622502400,0,1,0,3.0
622912576,1,1,1,2.6744186046511627
622920000,1,1,1,2.204301075268817
623092608,0,1,0,2.0
623094464,1,1,1,2.2098765432098766
623304192,1,1,1,2.0
623822016,0,1,1,2.1515151515151514
623870272,1,1,1,2.5
624083712,0,1,0,2.0
624154240,1,1,0,2.0
624187648,1,1,1,2.0
624198784,0,1,0,2.3333333333333335
624419648,0,1,0,2.0
624477184,1,1,1,2.752808988764045
624514304,0,1,1,2.272727272727273
624531008,1,1,1,2.53125
624562560,0,1,0,3.4285714285714284
624586688,0,1,1,2.0
624627520,0,1,0,3.0
624733312,0,1,1,2.4705882352941178
624788992,0,1,1,2.8
624918912,0,1,0,2.3333333333333335
624935616,0,1,0,1.0
625071104,1,1,1,2.230769230769231
625199168,0,1,0,1.6
625260416,0,1,1,2.2545454545454544
625273408,0,1,0,2.0
625293824,1,1,1,2.4191176470588234
625529536,0,1,0,3.375
625702144,0,1,1,2.171875
625839488,0,1,1,2.4133333333333336
626257088,1,1,1,2.321608040201005
626531776,1,1,1,2.522727272727273
626711808,1,1,1,2.4615384615384617
626767488,0,1,1,2.619047619047619
627107136,0,1,1,2.090909090909091
627123840,1,1,0,1.75
627407808,0,1,0,1.0
627459776,1,1,1,2.75
627498752,0,1,0,2.0
627652800,1,1,1,2.085714285714286
627875520,0,1,0,2.380952380952381
628033280,1,1,0,2.52
628307968,0,1,0,2.0
628389632,1,1,1,2.528735632183908
628447168,0,1,1,3.0
628463872,0,1,0,5.0
628577088,0,1,0,3.0555555555555554
628647616,0,1,0,2.5
628926016,0,1,0,2.5
629080064,1,1,1,2.5492957746478875
629180288,1,1,1,2.4166666666666665
629226688,1,1,1,2.40343347639485
629243392,0,1,0,2.0
629282368,1,1,1,2.5
629367744,0,1,0,3.0
629549632,1,1,1,2.7796610169491527
630225216,1,1,1,2.675925925925926
630455360,0,1,0,2.5
630494336,0,1,0,3.142857142857143
630503616,1,1,1,1.5384615384615385
630559296,1,1,1,2.253968253968254
630772736,0,1,1,2.1818181818181817
630798720,1,1,1,2.157088122605364
630839552,1,1,1,2.6136363636363638
630850688,0,1,0,3.142857142857143
630943488,1,1,1,2.375
631210752,0,1,0,1.0
631260864,1,1,1,2.2771084337349397
631405632,0,1,1,3.0
631620928,0,1,0,2.0
631650624,0,1,1,2.8333333333333335
632090496,1,1,1,1.9666666666666666
632359616,0,1,1,1.9375
632367040,1,1,1,2.5609756097560976
632758656,0,1,1,2.3333333333333335
632903424,1,1,1,2.3636363636363638
633241216,0,1,1,1.3333333333333333
633501056,0,1,1,2.2857142857142856
633536320,1,1,0,2.6470588235294117
633608704,0,1,1,2.727272727272727
633647680,0,1,0,2.0
633933504,1,1,0,2.0
634453184,1,1,1,2.5211267605633805
634714880,0,1,0,2.4
635076800,1,1,0,2.411764705882353
635182592,0,1,0,2.0
635212288,0,1,0,2.4782608695652173
635332928,0,1,0,3.6666666666666665
635488832,0,1,0,2.4
635494400,0,1,0,1.0
635635456,1,1,1,2.380952380952381
635659584,1,1,1,2.3524752475247523
635665152,0,1,0,2.0
635800640,0,1,0,2.6666666666666665
635902720,1,1,0,2.3255813953488373
635952832,0,1,0,1.0
636027072,0,1,0,1.0
636105024,0,1,0,1.5
636160704,0,1,1,2.235294117647059
636324032,0,1,1,1.3333333333333333
636396416,0,1,1,2.25
636398272,0,1,0,2.1818181818181817
636411264,0,1,0,1.25
636416832,1,1,1,2.0689655172413794
636418688,0,1,0,3.0
636496640,0,1,0,2.25
636702656,0,1,1,1.9259259259259258
636788032,1,1,1,2.526315789473684
636793600,0,1,0,1.0
636852992,0,1,0,1.0
636962496,1,1,1,1.925
637090560,1,1,1,2.5555555555555554
637103552,1,1,1,2.0833333333333335
637443200,0,1,0,2.0
637584256,1,1,0,1.8108108108108107
637840384,1,1,1,2.0841584158415842
637883072,1,1,1,1.7647058823529411
638050112,0,1,1,1.6
638345216,0,1,0,3.0
638475136,0,1,1,3.0
638573504,1,1,0,2.4
638801792,0,1,0,2.0
639020800,0,1,0,2.5
639109888,1,1,1,2.3592233009708736
639208256,0,1,0,1.0
639243520,1,1,0,1.8571428571428572
639297344,0,1,0,1.75
639557184,0,1,0,1.5
639605440,0,1,1,2.7142857142857144
639681536,0,1,0,2.0
639726080,0,1,0,2.0
639817024,0,1,1,1.5
639844864,0,1,0,2.0
640106560,0,1,0,3.0
640594688,0,1,0,1.6
640668928,1,1,1,2.2857142857142856
640848960,1,1,1,2.107594936708861
640962176,0,1,0,2.5
641043840,1,1,1,2.1634615384615383
641077248,0,1,0,1.625
641212736,0,1,0,1.0
641218304,1,1,1,2.5987841945288754
641223872,1,1,1,1.8414634146341464
641281408,0,1,0,2.0
641390912,0,1,0,2.6666666666666665
641678592,0,1,0,2.0
641686016,0,1,0,2.6666666666666665
641840064,0,1,1,2.554054054054054
642213120,0,1,0,1.625
642322624,0,1,0,4.0
642489664,1,1,0,2.619047619047619
642790336,0,1,0,2.25
642974080,1,1,1,2.4823529411764707
643078016,0,1,0,2.6666666666666665
643202368,1,1,0,2.5384615384615383
643235776,1,1,1,2.255813953488372
643297024,0,1,0,2.5
643304448,0,1,1,1.3333333333333333
643308160,0,1,1,1.5
643387968,0,1,0,1.6666666666666667
643408384,0,1,1,1.5263157894736843
643562432,0,1,0,1.0
643575424,0,1,0,1.5714285714285714
643640384,0,1,0,1.5
644096960,0,1,1,2.02
644150784,0,1,0,3.5714285714285716
644189760,1,1,1,2.6029411764705883
644215744,0,1,1,2.9166666666666665
644468160,1,1,1,2.5
645065792,1,1,1,2.6857142857142855
645173440,0,1,1,2.3333333333333335
645188288,1,1,1,1.8455284552845528
645305216,0,1,1,2.6666666666666665
645375744,0,1,0,1.5
645403584,0,1,0,1.2222222222222223
645743232,1,1,1,2.370967741935484
646019776,1,1,1,2.357142857142857
646081024,1,1,0,2.4390243902439024
646305600,0,1,0,1.6666666666666667
646337152,0,1,0,2.0
646543168,0,1,0,3.5
647281856,1,1,1,2.538922155688623
647348672,0,1,0,1.9444444444444444
647562112,1,1,1,1.830188679245283
647820096,0,1,0,2.0
648042816,0,1,0,2.0
648395456,0,1,1,2.28125
648456704,0,1,0,2.6666666666666665
648536512,0,1,1,2.75
648820480,0,1,0,2.2
648907712,0,1,0,2.75
649028352,1,1,0,1.8333333333333333
649225088,1,1,1,1.9523809523809523
649327168,0,1,0,2.5454545454545454
649364288,1,1,1,2.2777777777777777
649646400,1,1,1,2.4031007751937983
649807872,0,1,1,1.320754716981132
649999040,0,1,0,1.0
650080704,0,1,0,2.0
650192064,1,1,0,1.3333333333333333
650418496,1,1,1,2.2569444444444446
650663488,0,1,0,2.5384615384615383
650852800,0,1,0,2.6956521739130435
650958592,0,1,0,2.5294117647058822
651353920,0,1,0,2.4444444444444446
651365056,0,1,0,1.5833333333333333
651472704,0,1,0,2.5
651541376,0,1,1,2.4896907216494846
651552512,1,1,1,2.0654761904761907
651799360,0,1,0,3.25
651866176,1,1,1,2.103286384976526
651884736,1,1,1,2.1454545454545455
651975680,0,1,1,1.875
652051776,1,1,0,2.3333333333333335
652116736,0,1,0,2.5
652213248,0,1,0,3.0
653026176,0,1,0,1.0
653076288,0,1,0,1.5
653306432,0,1,0,1.5
653310144,1,1,1,2.5531914893617023
653443776,1,1,0,2.4166666666666665
653597824,0,1,1,2.5714285714285716
653636800,0,1,0,1.0
653655360,0,1,0,4.0
653712896,0,1,1,3.0
653852096,1,1,0,3.1666666666666665
653896640,1,1,0,2.6363636363636362
654008000,0,1,0,2.6666666666666665
654106368,0,1,0,2.5
654219584,1,1,1,2.4153846153846152
654282688,0,1,0,1.6666666666666667
654316096,0,1,0,2.925925925925926
654562944,0,1,0,4.0
654568512,0,1,1,2.25
654663168,1,1,1,2.6363636363636362
654759680,1,1,1,2.075
654809792,1,1,1,2.3559322033898304
654906304,0,1,0,2.033333333333333
655123456,1,1,1,2.0
655364736,0,1,1,1.8571428571428572
655489088,1,1,0,1.6428571428571428
655659840,1,1,1,2.213768115942029
655730368,1,1,1,2.4511278195488724
655938240,1,1,1,2.35195530726257
655973504,0,1,0,1.0833333333333333
656077440,0,1,1,2.022222222222222
656404096,0,1,1,2.5357142857142856
656491328,1,1,0,2.1538461538461537
656572992,0,1,1,1.6666666666666667
656632384,1,1,1,2.4761904761904763
656673216,1,1,1,2.6126373626373627
656819840,1,1,1,2.4705882352941178
656933056,1,1,1,2.6451612903225805
656936768,1,1,0,2.1739130434782608
657163200,1,1,1,2.4642857142857144
657319104,0,1,0,2.0
657365504,1,1,1,2.562015503875969
657367360,1,1,0,2.3653846153846154
657506560,1,1,1,2.3846153846153846
657580800,0,1,0,2.0
657617920,0,1,0,1.5
657703296,1,1,1,2.326388888888889
657720000,1,1,1,2.411290322580645
657812800,0,1,0,2.25
658100480,0,1,1,2.5652173913043477
658276800,0,1,0,3.0
658377024,0,1,1,1.6666666666666667
658390016,1,1,1,2.3473684210526318
658497664,0,1,0,2.25
658518080,1,1,1,3.0
658534784,1,1,1,2.2568306010928962
658596032,1,1,1,2.2724719101123596
658978368,0,1,1,1.3461538461538463
658982080,0,1,0,1.0
659106432,0,1,1,1.6571428571428573
659236352,1,1,1,2.12
659446080,0,1,1,1.8333333333333333
659570432,1,1,0,2.2051282051282053
659587136,0,1,1,2.142857142857143
659793152,1,1,1,2.4776785714285716
659854400,1,1,1,2.1923076923076925
659988032,1,1,1,2.574074074074074
660047424,0,1,1,3.0
660054848,0,1,0,2.5
660136512,1,1,1,2.6533333333333333
660351808,0,1,0,4.0
660416768,1,1,1,2.25
660541120,1,1,0,2.1666666666666665
660886336,1,1,0,3.0
661058944,0,1,0,4.0
661103488,1,1,1,2.2222222222222223
661157312,0,1,1,2.5384615384615383
661281664,0,1,0,3.0
661303936,0,1,1,2.9081632653061225
661933120,0,1,1,2.8947368421052633
661951680,0,1,1,2.3333333333333335
662022208,0,1,0,3.0
662059328,0,1,0,2.0
662150272,1,1,1,2.6176470588235294
662161408,1,1,0,1.0
662224512,1,1,1,2.1944444444444446
662486208,0,1,1,2.75
662617984,1,1,1,2.125
662627264,0,1,0,2.260869565217391
662855552,1,1,1,2.8636363636363638
663015168,1,1,1,2.3555555555555556
663044864,0,1,0,3.3333333333333335
663137664,0,1,0,1.0
663304704,0,1,1,2.642857142857143
663351104,0,1,0,3.3333333333333335
663434624,1,1,0,2.4166666666666665
663627648,1,1,1,2.4285714285714284
663685184,1,1,1,2.149532710280374
663824384,0,1,0,2.329113924050633
663835520,1,1,0,2.2916666666666665
663891200,1,1,0,2.3333333333333335
664035968,1,1,0,1.8571428571428572
664178880,0,1,0,2.3333333333333335
664305088,0,1,0,1.0
664329216,0,1,0,1.0
664566784,0,1,1,1.625
664813632,0,1,0,1.6666666666666667
664906432,1,1,1,1.9953488372093022
664965824,0,1,0,1.1111111111111112
665491072,0,1,0,1.4
665737920,1,1,1,2.032258064516129
665799168,0,1,1,1.8
665934656,0,1,0,1.0
666046016,0,1,0,2.0
666086848,0,1,1,1.7
666357824,1,1,1,1.4166666666666667
666762432,0,1,0,1.5714285714285714
666825536,1,1,0,1.1666666666666667
666940608,1,1,0,2.2857142857142856
667074240,0,1,0,2.0
667206016,0,1,1,2.75
667311808,1,1,1,2.07185628742515
667566080,1,1,1,1.8695652173913044
667605056,1,1,1,2.1176470588235294
667696000,1,1,0,1.55
667989248,0,1,0,1.3333333333333333
668078336,1,1,1,1.626865671641791
668135872,0,1,1,1.9090909090909092
668237952,0,1,0,2.235294117647059
668327040,1,1,1,1.794871794871795
668377152,0,1,0,3.4285714285714284
668863424,0,1,0,2.6666666666666665
669054592,0,1,1,2.4
669095424,0,1,0,2.0
669158528,0,1,0,1.8372093023255813
669206784,0,1,0,1.5
669227200,1,1,1,2.238095238095238
669294016,0,1,1,1.9
669340416,0,1,1,1.5
669362688,1,1,1,1.6666666666666667
669401664,0,1,1,2.0
669531584,0,1,0,2.0
669609536,0,1,0,3.0
669631808,1,1,0,2.3333333333333335
669685632,0,1,0,2.2
669975168,0,1,1,1.8181818181818181
670350080,0,1,0,1.0
670355648,1,1,1,2.1842105263157894
670420608,0,1,0,2.25
670539392,1,1,1,2.3711048158640224
670548672,0,1,1,2.357142857142857
670730560,0,1,0,3.0
670758400,1,1,1,2.209090909090909
670762112,0,1,0,2.0
670771392,0,1,0,2.0
671025664,1,1,1,2.239795918367347
671174144,1,1,1,1.8867924528301887
671925824,0,1,1,2.5
671985216,0,1,0,3.5
672490048,1,1,0,1.8333333333333333
672666368,1,1,1,2.32
672729472,1,1,0,1.8823529411764706
672811136,0,1,0,2.769230769230769
672877952,0,1,0,2.0
673098816,1,1,0,2.4705882352941178
673161920,1,1,1,2.248587570621469
673282560,1,1,1,2.116279069767442
673293696,1,1,1,2.066666666666667
673494144,0,1,0,3.1666666666666665
673577664,0,1,1,2.3333333333333335
673726144,1,1,1,2.4705882352941178
673739136,0,1,0,1.1428571428571428
673770688,1,1,0,2.6097560975609757
673796672,1,1,1,2.6641791044776117
673882048,0,1,0,3.0
673922880,0,1,0,5.0
673984128,1,1,1,2.3316831683168315
674034240,1,1,1,2.4135593220338984
674099200,1,1,1,1.8873239436619718
674260672,1,1,1,2.2467532467532467
674346048,0,1,1,2.8333333333333335
674403584,0,1,1,2.5
674537216,0,1,0,2.5833333333333335
674631872,1,1,1,2.3896103896103895
674737664,0,1,1,1.8461538461538463
674875008,1,1,1,2.0
674888000,1,1,1,2.0701754385964914
675248064,1,1,1,1.8685446009389672
675322304,1,1,1,2.393939393939394
675402112,0,1,0,2.4705882352941178
675854976,0,1,1,1.92
676111104,0,1,0,1.0
676242880,1,1,1,2.6024590163934427
676289280,0,1,0,3.0
676382080,0,1,1,2.2181818181818183
676541696,0,1,1,1.25
676606656,0,1,0,3.0
676617792,1,1,0,2.0
676825664,1,1,1,2.627450980392157
676840512,0,1,1,1.7
676877632,1,1,1,2.2948717948717947
676924032,0,1,0,2.5
677180160,0,1,0,3.2
677189440,1,1,1,2.4827586206896552
677217280,0,1,0,2.5
677473408,0,1,0,3.0
677582912,1,1,1,2.3333333333333335
677590336,0,1,0,2.0
677614464,0,1,0,1.4
677664576,1,1,1,2.0
677785216,1,1,1,2.0
677846464,0,1,0,2.5
677913280,0,1,0,2.4
677928128,1,1,1,2.0
677991232,0,1,0,1.5
678182400,0,1,1,2.103448275862069
678230656,1,1,1,2.15625
678418112,0,1,0,2.3333333333333335
678466368,1,1,1,2.511627906976744
678488640,1,1,1,2.6463414634146343
678733632,1,1,1,2.3884297520661155
678807872,1,1,1,2.2644444444444445
678961920,0,1,1,2.4356435643564356
679249600,0,1,0,3.2857142857142856
679255168,0,1,1,2.357142857142857
679780416,1,1,1,2.4634146341463414
679791552,1,1,1,2.111111111111111
679800832,1,1,1,3.0
679871360,0,1,1,3.0833333333333335
679921472,0,1,0,2.357142857142857
680036544,1,1,1,1.943661971830986
680043968,0,1,0,2.0
680162752,0,1,1,1.7678571428571428
680300096,1,1,0,2.1818181818181817
680305664,0,1,0,1.6666666666666667
680366912,0,1,1,1.4516129032258065
680383616,1,1,1,1.7407407407407407
680830912,0,1,0,2.0
680920000,1,1,1,1.8529411764705883
681096320,0,1,0,1.3333333333333333
681129728,1,1,0,2.3157894736842106
681734784,0,1,0,2.375
681781184,1,1,0,2.6666666666666665
681870272,0,1,1,2.0
681931520,0,1,1,2.2857142857142856
681935232,1,1,1,2.371794871794872
681989056,0,1,0,1.8095238095238095
682009472,1,1,0,2.9583333333333335
682035456,1,1,1,2.110169491525424
682122688,0,1,0,2.3125
682701760,0,1,0,1.0
682761152,0,1,1,1.4
682840960,1,1,1,2.3636363636363638
682878080,0,1,0,2.8
682935616,0,1,1,2.388888888888889
683137920,0,1,0,2.0
683141632,0,1,0,3.6666666666666665
683262272,0,1,1,2.05
683408896,1,1,0,2.5
683427456,0,1,0,4.0
683505408,0,1,1,1.9292035398230087
683587072,0,1,0,3.125
683618624,1,1,0,2.8461538461538463
683648320,1,1,0,3.0
684127168,1,1,0,2.0
684151296,1,1,1,2.1463414634146343
684201408,0,1,1,2.230769230769231
684448256,0,1,1,1.875
684791616,0,1,0,2.142857142857143
684914112,0,1,1,1.75
684930816,0,1,1,2.2
685257472,1,1,1,1.5
685279744,1,1,1,2.6634615384615383
685281600,0,1,1,1.2
685287168,0,1,0,1.0
685328000,1,1,0,3.066666666666667
685435648,0,1,1,1.6
685537728,0,1,1,2.1666666666666665
685665792,1,1,1,2.493273542600897
685758592,1,1,1,2.4545454545454546
685786432,1,1,1,2.6
685862528,1,1,1,2.2666666666666666
685999872,0,1,0,1.8333333333333333
686150208,1,1,1,2.43952802359882
686235584,1,1,1,2.1176470588235294
686417472,0,1,0,2.3333333333333335
686647616,0,1,1,2.3529411764705883
686664320,0,1,1,3.1666666666666665
686675456,0,1,0,2.0
686699584,1,1,1,2.273224043715847
686831360,1,1,1,2.3486238532110093
686849920,0,1,0,1.4705882352941178
686914880,0,1,0,1.75
686926016,1,1,1,2.6216216216216215
686955712,1,1,1,1.7777777777777777
687041088,0,1,1,1.675
687196992,0,1,1,2.7948717948717947
687317632,0,1,0,3.0
687404864,1,1,1,3.0
687640576,0,1,0,2.6666666666666665
688080448,0,1,0,4.0
688147264,0,1,1,4.0
688202944,1,1,0,1.7
688258624,0,1,0,2.533333333333333
688327296,0,1,0,2.6666666666666665
688464640,1,1,1,2.5
688525888,0,1,1,2.8125
688576000,1,1,1,1.9705882352941178
688869248,0,1,1,3.0
688900800,0,1,0,3.0
688989888,1,1,1,2.411764705882353
688991744,0,1,0,2.0
689093824,1,1,1,2.6026490066225167
689234880,0,1,0,3.3076923076923075
689238592,1,1,1,2.526315789473684
689342528,0,1,0,2.0
689374080,0,1,0,3.3333333333333335
689541120,0,1,0,2.411764705882353
689650624,0,1,0,1.7142857142857142
689693312,0,1,1,1.6842105263157894
689748992,1,1,1,2.341463414634146
689767552,1,1,1,2.5454545454545454
689780544,1,1,1,2.375
689821376,0,1,1,3.135135135135135
689923456,0,1,1,2.7142857142857144
689979136,0,1,0,2.0
690040384,1,1,0,3.5
690109056,0,1,0,1.3333333333333333
690407872,0,1,0,3.5
690417152,0,1,0,2.1666666666666665
690526656,0,1,1,2.289473684210526
690606464,1,1,1,2.6923076923076925
690715968,1,1,1,2.7333333333333334
690907136,0,1,0,2.4285714285714284
691126144,0,1,1,2.2
691612416,1,1,1,2.5
691866688,0,1,0,3.0
692339968,0,1,0,2.642857142857143
692354816,0,1,0,2.076923076923077
692451328,0,1,1,1.0
692566400,0,1,1,2.4257425742574257
692583104,1,1,0,2.388888888888889
692612800,0,1,1,2.272727272727273
692625792,1,1,1,2.3015873015873014
692672192,1,1,1,2.5644171779141103
692720448,1,1,1,2.6470588235294117
692739008,1,1,1,2.42350332594235
692809536,0,1,0,2.5
692883776,1,1,1,2.3304347826086955
692904192,0,1,0,2.0
692948736,1,1,1,2.7333333333333334
693121344,0,1,0,2.6666666666666665
693145472,1,1,1,2.6338028169014085
693553792,0,1,0,2.25
693692992,0,1,1,1.6
693800640,0,1,0,2.5
694090176,0,1,0,2.142857142857143
694131008,0,1,0,3.0
694216384,0,1,1,2.3947368421052633
694554176,1,1,1,2.38
694968064,0,1,0,2.909090909090909
694982912,1,1,0,2.2
695036736,0,1,0,2.0
695053440,1,1,1,2.3095238095238093
695148096,0,1,0,2.0
695428352,0,1,1,2.235294117647059
695433920,0,1,1,1.8695652173913044
695511872,0,1,0,2.0
695576832,0,1,0,1.4
695825536,0,1,1,2.0
696009280,0,1,1,2.230769230769231
696439872,0,1,0,3.3333333333333335
696582784,0,1,1,1.7272727272727273
696851904,1,1,1,1.956989247311828
696881600,1,1,1,2.1863905325443787
696883456,1,1,0,1.4
697165568,1,1,1,2.54
697514496,0,1,1,2.7567567567567566
697601728,0,1,1,2.3442622950819674
697720512,1,1,0,1.75
697726080,0,1,0,2.5
697731648,0,1,0,1.0
697779904,1,1,1,2.3048780487804876
697972928,1,1,1,1.5
698000768,0,1,1,2.0588235294117645
698006336,1,1,0,2.8
698115840,1,1,1,2.134020618556701
698429504,0,1,0,3.0
698555712,0,1,0,2.130434782608696
698559424,1,1,0,2.142857142857143
698809984,0,1,0,1.25
698871232,0,1,1,2.3450704225352115
698982592,1,1,0,2.8181818181818183
698986304,0,1,0,2.0
699056832,0,1,0,2.7333333333333334
699071680,1,1,1,2.1812080536912752
699123648,0,1,0,4.0
699240576,1,1,1,2.67816091954023
699368640,0,1,0,2.5
700001536,0,1,0,3.5
700034944,1,1,0,3.0
700073920,1,1,1,1.3571428571428572
700157440,0,1,1,2.675
700357888,1,1,1,2.2409638554216866
700387584,0,1,0,1.3333333333333333
700506368,1,1,1,2.576923076923077
700526784,1,1,0,1.875
700708672,0,1,0,3.1
700949952,0,1,0,2.3333333333333335
700985216,1,1,1,2.403225806451613
701365696,0,1,0,2.0
701684928,1,1,1,2.4603174603174605
701783296,0,1,0,2.6666666666666665
701807424,1,1,0,2.3684210526315788
701833408,0,1,0,2.3333333333333335
701902080,0,1,0,1.8
701928064,0,1,0,2.75
702002304,0,1,1,2.142857142857143
702007872,1,1,0,3.0
702041280,1,1,1,2.4690265486725664
702254720,1,1,0,1.8333333333333333
702284416,0,1,0,3.0
702716864,0,1,0,2.6
702720576,0,1,0,1.8
702729856,1,1,1,1.7384615384615385
702989696,1,1,0,2.2
703314496,0,1,1,1.9523809523809523
703320064,0,1,0,2.0
703321920,0,1,0,2.0
703646720,1,1,1,2.1502890173410405
703754368,0,1,0,2.6666666666666665
703902848,0,1,0,1.8333333333333333
704270336,0,1,1,2.625
704283328,0,1,1,2.5476190476190474
704585856,0,1,0,2.0
704628544,1,1,0,2.36734693877551
705133376,1,1,1,3.2
705276288,1,1,1,2.392857142857143
705305984,1,1,0,2.2857142857142856
705396928,0,1,0,1.0
705756992,0,1,0,3.0
705799680,0,1,0,3.0
705929600,0,1,0,3.3333333333333335
706027968,1,1,1,2.1470588235294117
706031680,0,1,1,2.4615384615384617
706274816,0,1,1,2.6666666666666665
706504960,0,1,0,1.5
706727680,0,1,1,2.7333333333333334
706742528,1,1,0,2.3333333333333335
706794496,1,1,0,2.1818181818181817
706826048,1,1,1,2.090909090909091
707243648,0,1,1,1.3333333333333333
707351296,0,1,1,2.0
707497920,0,1,1,2.4193548387096775
707590720,1,1,1,2.6382978723404253
707685376,0,1,0,3.0
708115968,0,1,1,2.6
708125248,0,1,0,3.6
708709888,1,1,1,2.2641509433962264
708869504,0,1,0,2.3333333333333335
708928896,0,1,0,3.0
709121920,0,1,1,2.642857142857143
709129344,1,1,1,2.0
709159040,1,1,1,2.857142857142857
709264832,1,1,1,2.5
709350208,0,1,0,2.0
709585920,1,1,1,2.3793103448275863
709641600,1,1,1,2.1875
709895872,0,1,0,1.5
709921856,0,1,1,3.0697674418604652
709973824,0,1,1,1.9310344827586208
709999808,1,1,1,1.631578947368421
710033216,1,1,1,2.054054054054054
710048064,0,1,1,2.5
710144576,0,1,1,2.3255813953488373
710604864,1,1,1,1.56
710614144,1,1,1,3.0
710679104,1,1,0,1.4705882352941178
711055872,0,1,1,2.173469387755102
711080000,0,1,0,1.3333333333333333
711365824,0,1,0,2.0
711716608,1,1,0,2.0625
712401472,0,1,1,4.0
712468288,1,1,1,2.142857142857143
712648320,0,1,0,1.8
713045504,0,1,0,1.0
713058496,0,1,0,1.0
713296064,0,1,0,1.0
713368448,1,1,0,3.0
713678400,1,1,1,2.235294117647059
713691392,1,1,1,2.22007722007722
713698816,0,1,0,2.0
713711808,1,1,1,2.236842105263158
713875136,0,1,0,4.0
714025472,0,1,1,2.0
714238912,0,1,0,1.0
714246336,1,1,1,2.39906103286385
714363264,1,1,0,2.12
714376256,0,1,1,2.6
714446784,1,1,1,2.2962962962962963
714474624,1,1,1,2.2436974789915967
714485760,0,1,0,2.125
714550720,1,1,1,2.197802197802198
714754880,0,1,0,2.0
715248576,0,1,1,1.9166666666666667
715268992,0,1,0,1.75
715345088,0,1,0,2.0
715408192,0,1,0,2.0
715413760,0,1,0,2.6666666666666665
715809088,1,1,0,2.1914893617021276
715952000,0,1,1,2.0
716003968,0,1,1,2.3535353535353534
716128320,1,1,1,2.4457831325301207
716213696,0,1,0,3.75
716393728,0,1,0,2.0
716557056,0,1,1,2.0
716798336,0,1,0,2.2
716833600,0,1,0,3.0
717160256,1,1,0,2.625
717230784,1,1,1,2.3904109589041096
717546304,1,1,1,2.6491228070175437
717607552,1,1,1,2.7724550898203595
717624256,0,1,1,1.8333333333333333
717648384,0,1,0,2.0
717783872,1,1,1,2.3974358974358974
717897088,1,1,1,2.4285714285714284
717973184,0,1,0,1.5714285714285714
717984320,0,1,0,1.5
718077120,0,1,0,1.25
718123520,0,1,1,2.1690140845070425
718246016,0,1,1,2.8392857142857144
718277568,1,1,0,2.268292682926829
718359232,0,1,1,2.536144578313253
718511424,1,1,1,2.8153846153846156
718572672,0,1,0,2.652173913043478
718591232,0,1,0,2.0
718602368,1,1,1,2.1578947368421053
718732288,0,1,0,2.0
718761984,1,1,0,2.6666666666666665
718895616,0,1,0,3.0
718984704,1,1,1,2.9855072463768115
719144320,0,1,0,2.3333333333333335
719170304,1,1,1,2.2025316455696204
719229696,0,1,0,1.0
719276096,1,1,1,2.4361702127659575
719548928,1,1,1,2.6758620689655173
719595328,0,1,1,3.0
719665856,0,1,1,2.0
719708544,0,1,0,1.0
719758656,0,1,1,2.7
719977664,1,1,1,2.252083333333333
720022208,1,1,1,2.2732919254658386
720337728,0,1,0,1.894736842105263
720645824,0,1,0,2.4
720701504,0,1,1,2.5625
720829568,0,1,0,1.8
720842560,0,1,1,2.7117117117117115
720875968,1,1,1,2.45
720900096,1,1,1,2.3909249563699824
720901952,0,1,1,2.5
721163648,0,1,0,3.0
721182208,0,1,0,3.0
721358528,0,1,0,2.5
721443904,1,1,0,4.333333333333333
721740864,0,1,0,3.4285714285714284
721755712,0,1,1,2.0
721996992,0,1,1,1.7755102040816326
722032256,0,1,0,2.3333333333333335
722048960,1,1,1,2.5833333333333335
722173312,0,1,0,2.4444444444444446
722286528,0,1,0,3.0
722691136,0,1,0,2.0
722899008,1,1,1,2.23
722923136,0,1,1,2.466666666666667
722928704,0,1,1,3.0
723049344,0,1,0,2.0
723435392,0,1,1,3.142857142857143
723442816,0,1,0,2.0
723494784,0,1,1,2.357142857142857
723702656,1,1,1,2.404255319148936
723728640,0,1,0,1.3333333333333333
723784320,0,1,1,2.0
723955072,0,1,1,2.0
724029312,1,1,0,2.3333333333333335
724164800,0,1,0,2.0
724185216,0,1,0,4.0
724461760,0,1,0,3.0
724539712,1,1,1,2.4
724762432,1,1,1,2.2954545454545454
724777280,0,1,1,2.0
724855232,1,1,1,2.3333333333333335
725076096,0,1,0,2.6
725185600,1,1,1,2.5238095238095237
725233856,0,1,1,3.013333333333333
725291392,1,1,1,2.17989417989418
725347072,0,1,0,1.5
725816640,0,1,0,2.4444444444444446
725981824,0,1,1,2.2195121951219514
725992960,1,1,0,2.8421052631578947
726076480,0,1,0,2.2222222222222223
726193408,0,1,0,2.5
726202688,0,1,0,2.875
726254656,1,1,1,2.6470588235294117
726317760,0,1,0,2.380952380952381
726488512,0,1,0,1.6428571428571428
726668544,1,1,0,2.0833333333333335
727076864,0,1,0,2.25
727151104,1,1,1,1.9416666666666667
727362688,0,1,0,2.0
727366400,0,1,0,2.0
727368256,0,1,1,2.4871794871794872
727579840,0,1,0,3.25
727841536,1,1,0,1.5454545454545454
727854528,0,1,0,1.2
727869376,1,1,0,3.0625
728073536,1,1,0,3.0
728299968,0,1,1,1.6842105263157894
728572800,0,1,0,1.6666666666666667
728621056,1,1,1,2.425806451612903
728624768,1,1,0,2.442622950819672
728877184,0,1,0,3.6923076923076925
728994112,1,1,1,2.543859649122807
729188992,1,1,0,2.3157894736842106
729218688,0,1,0,1.8333333333333333
729233536,1,1,1,2.410958904109589
729252096,1,1,1,2.4790419161676644
729289216,0,1,1,2.53125
729502656,0,1,1,2.230769230769231
729628864,0,1,0,3.3333333333333335
729992640,0,1,1,3.4
730035328,1,1,1,2.511627906976744
730050176,1,1,0,2.210526315789474
730105856,0,1,1,2.5476190476190474
730360128,0,1,0,2.3
730540160,0,1,1,2.88
730586560,1,1,1,2.3255813953488373
730647808,0,1,1,2.0113636363636362
730697920,0,1,1,2.3684210526315788
731035712,0,1,0,2.8181818181818183
731059840,1,1,1,2.3076923076923075
731148928,1,1,1,1.9714285714285715
731264000,0,1,1,2.0
731572096,0,1,0,1.5471698113207548
731586944,1,1,0,2.1142857142857143
731638912,1,1,1,2.0
731657472,0,1,0,1.25
731687168,0,1,0,1.8333333333333333
732132608,0,1,0,2.0
732134464,0,1,0,3.0
732192000,0,1,0,1.4444444444444444
732288512,0,1,1,1.92
732312640,1,1,1,1.7627118644067796
732472256,0,1,0,3.0
732680128,1,1,1,1.5217391304347827
732689408,0,1,1,2.090909090909091
732707968,0,1,0,1.25
732733952,1,1,0,1.55
733385408,0,1,0,2.0
733530176,0,1,0,2.4166666666666665
733604416,0,1,0,2.4444444444444446
733608128,0,1,0,3.6666666666666665
733615552,1,1,1,2.127659574468085
733775168,0,1,1,2.0
733788160,0,1,0,1.875
733888384,0,1,0,2.4444444444444446
734124096,0,1,0,1.5
734192768,0,1,0,3.0
734398784,0,1,0,2.3870967741935485
734408064,1,1,1,1.8590308370044053
734870208,0,1,1,3.1666666666666665
735018688,1,1,1,2.143835616438356
735037248,1,1,0,1.5
735078080,0,1,0,4.0
735087360,0,1,0,2.3333333333333335
735139328,1,1,0,2.0
735152320,0,1,0,1.9
735339776,1,1,1,1.7142857142857142
735399168,1,1,0,2.2051282051282053
735556928,0,1,1,1.688
735599616,0,1,0,1.4545454545454546
736310464,1,1,1,1.6842105263157894
736518336,1,1,1,1.5675675675675675
736776320,0,1,0,1.6590909090909092
736809728,0,1,1,1.631578947368421
736911808,1,1,1,2.04
736971200,0,1,0,2.0294117647058822
737216192,0,1,0,1.5
737750720,1,1,1,1.7
737960448,0,1,1,2.269230769230769
738017984,0,1,0,2.2
738559936,0,1,0,2.066666666666667
738778944,0,1,0,2.0
739066624,1,1,1,2.0277777777777777
739246656,0,1,0,2.2
739257792,0,1,0,2.235294117647059
739276352,0,1,0,3.1666666666666665
739343168,1,1,1,2.723076923076923
739560320,1,1,1,2.2777777777777777
739586304,0,1,0,2.0
739790464,0,1,1,2.0
739799744,1,1,1,2.04
740022464,0,1,0,1.9
740139392,0,1,1,1.5
740415936,0,1,0,2.64
740471616,0,1,0,3.5
740473472,0,1,1,2.357142857142857
740477184,1,1,1,2.1636363636363636
740479040,1,1,0,3.090909090909091
740584832,0,1,0,2.3333333333333335
740718464,0,1,1,2.2083333333333335
740738880,0,1,0,2.090909090909091
740835392,0,1,0,1.0
740918912,1,1,1,2.5552147239263805
740983872,0,1,1,2.0
740989440,1,1,1,2.1030927835051547
741273408,1,1,1,2.306878306878307
741284544,0,1,1,1.4
741358784,0,1,0,1.0
741523968,0,1,1,2.742857142857143
741837632,1,1,1,2.0172413793103448
742255232,0,1,0,1.5
742301632,1,1,1,2.0232558139534884
742414848,0,1,0,2.0
742437120,1,1,1,1.6666666666666667
742461248,1,1,1,2.4318181818181817
742468672,0,1,0,2.25
742477952,1,1,1,2.02
742522496,1,1,0,2.3333333333333335
742641280,0,1,1,2.015151515151515
742683968,0,1,0,2.5238095238095237
742687680,0,1,1,2.1914893617021276
742689536,1,1,1,1.6842105263157894
742696960,0,1,0,2.25
742724800,0,1,0,2.2
742765632,0,1,0,1.75
742787904,0,1,0,2.0
742802752,0,1,1,2.090909090909091
742826880,1,1,1,1.9204545454545454
742849152,1,1,1,2.1548387096774193
742876992,0,1,0,2.0
742878848,1,1,0,3.2
742895552,0,1,1,2.2
742906688,1,1,1,1.561904761904762
742912256,1,1,1,1.5818181818181818
742914112,0,1,1,2.1392405063291138
742951232,1,1,1,2.2058823529411766
742982784,1,1,1,2.74
742997632,0,1,1,1.2857142857142858
743008768,0,1,0,1.0
743016192,0,1,1,2.411764705882353
743105280,1,1,1,1.5
743138688,0,1,1,2.1
743192512,0,1,0,2.2465753424657535
743194368,1,1,1,2.287037037037037
743199936,0,1,0,1.2727272727272727
743224064,0,1,0,1.3333333333333333
743240768,0,1,0,1.3333333333333333
743268608,0,1,0,1.5
743316864,0,1,1,3.0
743370688,0,1,1,2.0
743385536,1,1,1,1.9361702127659575
743402240,1,1,1,2.337579617834395
743404096,0,1,1,3.3043478260869565
743417088,0,1,0,1.625
743435648,0,1,1,1.3125
743437504,0,1,0,3.0
743439360,1,1,0,2.5625
743539584,0,1,0,1.8571428571428572
743561856,0,1,0,2.0
743608256,1,1,1,2.6363636363636362
743624960,1,1,1,2.033707865168539
743662080,0,1,0,3.0
743667648,1,1,1,2.0631578947368423
743669504,0,1,1,2.2083333333333335
743676928,0,1,0,2.3333333333333335
743697344,0,1,1,2.7333333333333334
743728896,0,1,1,1.9912280701754386
743730752,1,1,1,1.8507462686567164
743741888,0,1,1,2.3548387096774195
743745600,1,1,1,2.2546583850931676
743754880,0,1,1,1.4705882352941178
743773440,1,1,1,2.324786324786325
743810560,0,1,0,2.4
743812416,0,1,0,2.5294117647058822
743845824,1,1,1,2.0065789473684212
743864384,1,1,1,2.1492537313432836
743866240,1,1,1,2.578231292517007
743877376,0,1,0,2.5
743908928,0,1,0,2.9411764705882355
743927488,1,1,1,2.268292682926829
744022144,1,1,0,2.6666666666666665
744031424,1,1,1,2.8275862068965516
744038848,0,1,0,1.6666666666666667
744042560,0,1,0,2.3333333333333335
744053696,1,1,0,2.8
744074112,1,1,1,2.85
744090816,0,1,0,1.3333333333333333
744098240,1,1,1,2.7088607594936707
744100096,0,1,1,2.473684210526316
744103808,1,1,1,2.4642857142857144
744118656,0,1,0,2.9047619047619047
744131648,0,1,1,2.5217391304347827
744153920,0,1,0,2.6666666666666665
744172480,1,1,1,1.8043478260869565
744179904,1,1,1,2.202127659574468
744185472,1,1,1,2.3793103448275863
744187328,1,1,1,1.4166666666666667
744246720,0,1,1,2.857142857142857
744257856,1,1,1,2.3654618473895583
744285696,0,1,0,2.210526315789474
744300544,1,1,1,2.4763779527559056
744313536,0,1,0,1.875
744343232,1,1,1,2.4307692307692306
744378496,0,1,1,1.6111111111111112
744380352,0,1,0,2.0
744417472,1,1,1,2.125
744423040,1,1,1,1.896551724137931
744426752,0,1,1,2.7083333333333335
744434176,0,1,0,3.25
744449024,1,1,1,1.7677725118483412
744493568,0,1,0,1.0
744499136,0,1,0,1.75
744508416,1,1,1,2.0061919504643964
744515840,0,1,0,2.935483870967742
744577088,0,1,0,2.0
744588224,1,1,1,2.712230215827338
744601216,0,1,1,2.2
744638336,1,1,1,2.728395061728395
744660608,1,1,1,2.3870967741935485
744684736,1,1,0,2.235294117647059
744701440,1,1,1,2.5384615384615383
744714432,1,1,1,2.1634615384615383
744716288,0,1,0,2.0833333333333335
744718144,0,1,0,3.5
744725568,1,1,1,2.3813559322033897
744736704,1,1,1,2.3620071684587813
744744128,0,1,0,2.3529411764705883
744747840,0,1,1,2.38
744755264,0,1,0,2.3333333333333335
744788672,1,1,0,4.0
744799808,1,1,1,2.297087378640777
744809088,0,1,1,1.6363636363636365
744859200,0,1,0,2.3333333333333335
744890752,0,1,0,2.5
744909312,1,1,1,1.5
744911168,1,1,0,1.0
744916736,0,1,1,1.7894736842105263
744937152,0,1,0,3.0
744950144,0,1,0,3.5
744955712,0,1,0,3.0
744966848,0,1,0,1.75
745016960,0,1,0,2.0
745046656,1,1,1,1.819277108433735
745052224,1,1,0,1.0
745065216,0,1,0,1.0
745076352,0,1,1,2.0
745087488,0,1,1,1.7265917602996255
745093056,1,1,1,1.5299539170506913
745176576,0,1,1,1.8048780487804879
745191424,1,1,1,1.8172043010752688
745196992,0,1,1,2.1333333333333333
745211840,1,1,1,2.3592233009708736
745241536,1,1,1,2.1627906976744184
745243392,0,1,1,2.15625
745248960,1,1,1,2.3548387096774195
745286080,1,1,1,2.4
745291648,0,1,0,1.25
745293504,0,1,0,1.2857142857142858
745377024,1,1,1,1.7737226277372262
745382592,1,1,1,1.675
745388160,0,1,0,2.3333333333333335
745408576,0,1,1,3.5
745464256,0,1,0,1.2
745473536,0,1,0,1.3333333333333333
745495808,0,1,0,1.5
745525504,1,1,1,2.0854700854700856
745570048,0,1,0,1.4166666666666667
745612736,1,1,1,2.7948717948717947
745622016,0,1,1,5.0
745627584,1,1,1,2.4545454545454546
745657280,0,1,1,2.396551724137931
745677696,0,1,1,2.6470588235294117
745703680,0,1,0,3.0
745718528,1,1,0,2.1
745727808,0,1,1,2.0597014925373136
745751936,1,1,1,2.3846153846153846
745768640,1,1,1,2.260869565217391
745820608,0,1,1,2.8636363636363638
745833600,0,1,0,2.5
745854016,0,1,0,3.0
745894848,0,1,0,3.5
745913408,0,1,0,2.0
745926400,1,1,1,3.2222222222222223
745931968,0,1,0,2.0
745935680,0,1,0,2.75
745959808,0,1,0,2.1818181818181817
745991360,1,1,1,2.477434679334917
746006208,0,1,0,2.142857142857143
746019200,0,1,0,2.0
746043328,1,1,1,1.8391304347826087
746102720,0,1,1,1.9545454545454546
746108288,0,1,1,2.0
746112000,0,1,0,2.066666666666667
746143552,0,1,1,2.1666666666666665
746182528,0,1,0,1.0
746208512,0,1,0,1.4
746210368,1,1,1,2.1176470588235294
746215936,0,1,0,2.1363636363636362
746228928,1,1,1,2.3248407643312103
746243776,1,1,1,1.8541666666666667
746284608,1,1,1,2.1846689895470384
746299456,0,1,1,2.6666666666666665
746303168,0,1,0,1.5
746310592,1,1,1,2.23943661971831
746327296,1,1,1,2.237704918032787
746356992,0,1,0,4.0
746379264,1,1,1,2.3846153846153846
746427520,1,1,1,2.8333333333333335
746429376,0,1,1,3.6666666666666665
746459072,0,1,0,2.5454545454545454
746470208,1,1,0,3.0
746477632,0,1,0,3.0
746485056,1,1,0,2.652173913043478
746501760,1,1,1,2.375
746518464,0,1,1,2.6666666666666665
746524032,1,1,1,1.898876404494382
746572288,0,1,0,2.5
746592704,0,1,0,3.0
746637248,1,1,1,2.1384615384615384
746665088,1,1,1,2.3424317617866004
746676224,1,1,1,1.962962962962963
746689216,1,1,1,2.588235294117647
746691072,1,1,1,1.6981132075471699
746694784,0,1,0,1.7142857142857142
746724480,0,1,1,1.7647058823529411
746728192,1,1,1,2.076923076923077
746748608,0,1,0,2.3333333333333335
746754176,0,1,0,3.4
746778304,0,1,0,4.0
746791296,1,1,0,2.0
746828416,0,1,0,2.3333333333333335
746897088,0,1,1,2.5625
746923072,0,1,0,4.0
746954624,0,1,0,3.0
746986176,1,1,1,2.3399209486166006
747088256,1,1,1,2.2333333333333334
747104960,1,1,1,2.0793650793650795
747110528,0,1,1,3.1272727272727274
747116096,0,1,1,2.5
747153216,1,1,1,2.367088607594937
747155072,0,1,0,2.0
747201472,0,1,0,2.0
747205184,1,1,1,2.4074074074074074
747221888,1,1,1,2.652173913043478
747242304,1,1,1,2.712871287128713
747249728,1,1,1,2.5714285714285716
747253440,1,1,1,2.303763440860215
747257152,1,1,1,2.4457831325301207
747264576,1,1,1,2.186635944700461
747266432,0,1,0,1.4444444444444444
747279424,1,1,0,1.6666666666666667
747283136,0,1,1,1.8
747294272,0,1,0,2.0
747305408,0,1,0,2.0
747338816,1,1,1,2.3333333333333335
747359232,0,1,1,2.6136363636363638
747362944,1,1,1,2.389705882352941
747381504,1,1,1,2.484764542936288
747385216,0,1,1,2.5692307692307694
747396352,0,1,0,2.6
747413056,0,1,0,2.7
747435328,1,1,1,2.3076923076923075
747453888,0,1,0,2.25
747461312,0,1,1,2.9401709401709404
747465024,0,1,0,2.857142857142857
747470592,0,1,1,2.0
747478016,1,1,1,2.64
747491008,1,1,1,2.204225352112676
747496576,0,1,0,1.5
747505856,0,1,0,1.25
747509568,0,1,0,2.0
747609792,1,1,1,2.1320754716981134
747624640,1,1,1,1.8888888888888888
747632064,0,1,1,2.712121212121212
747669184,0,1,1,2.392156862745098
747676608,1,1,1,2.8333333333333335
747748992,0,1,0,2.5
747819520,0,1,0,2.5
747832512,1,1,1,2.0
747867776,0,1,0,2.4
747899328,0,1,1,2.076923076923077
747910464,1,1,1,2.097297297297297
747917888,0,1,0,1.0
747919744,0,1,0,1.0
747942016,1,1,1,1.9741379310344827
747962432,0,1,0,1.5
747966144,0,1,1,2.3333333333333335
747988416,0,1,1,2.180451127819549
747995840,1,1,1,2.227906976744186
748012544,1,1,1,2.6818181818181817
748027392,0,1,0,1.0
748032960,1,1,1,2.313684210526316
748045952,1,1,1,2.675675675675676
748047808,1,1,1,2.03
748057088,1,1,1,2.0
748058944,1,1,1,1.7894736842105263
748068224,1,1,1,2.4411764705882355
748075648,1,1,1,2.4232209737827715
748077504,1,1,1,2.3545150501672243
748094208,1,1,0,2.473684210526316
748116480,0,1,0,2.0
748125760,0,1,0,2.4615384615384617
748142464,0,1,0,1.0
748177728,0,1,1,3.0714285714285716
748185152,0,1,1,2.0
748190720,1,1,1,2.1367521367521367
748216704,1,1,0,2.5
748224128,1,1,1,2.1353383458646618
748246400,0,1,1,1.9268292682926829
748248256,1,1,1,2.3333333333333335
748276096,0,1,1,2.2
748281664,1,1,1,1.9787234042553192
748283520,0,1,0,2.0
748289088,1,1,0,2.0
748292800,1,1,1,2.246913580246914
748294656,0,1,0,2.1538461538461537
748303936,0,1,0,3.0
748309504,0,1,0,1.0
748320640,1,1,1,2.169230769230769
748326208,1,1,1,2.7313432835820897
748335488,0,1,0,3.25
748341056,1,1,1,2.557377049180328
748342912,0,1,0,2.0
748367040,1,1,1,2.5
748381888,0,1,1,2.5205479452054793
748396736,0,1,1,2.238095238095238
748454272,0,1,0,2.5
748459840,1,1,1,2.12
748461696,0,1,1,1.7142857142857142
748470976,0,1,1,2.4634146341463414
748515520,1,1,1,1.9166666666666667
748554496,1,1,1,2.2072538860103625
748556352,0,1,0,3.0
748561920,1,1,1,2.2460629921259843
748587904,1,1,1,2.4266666666666667
748678848,1,1,1,2.3333333333333335
748680704,1,1,1,1.984732824427481
748684416,1,1,0,3.0
748708544,1,1,1,2.206896551724138
748710400,1,1,0,1.4615384615384615
748717824,0,1,0,3.6666666666666665
748762368,0,1,1,1.9069767441860466
748769792,1,1,1,2.34375
748771648,0,1,0,2.7
748777216,0,1,0,1.3333333333333333
748793920,1,1,0,2.4444444444444446
748795776,1,1,0,3.8
748801344,1,1,1,2.23963133640553
748805056,0,1,0,2.0
748810624,1,1,1,2.0
748825472,1,1,1,1.683673469387755
748829184,1,1,1,2.576923076923077
748847744,1,1,1,2.4022988505747125
748871872,1,1,1,2.180327868852459
748873728,0,1,1,1.6666666666666667
748877440,0,1,0,1.6666666666666667
748888576,1,1,1,1.911764705882353
748907136,0,1,1,1.5892857142857142
748910848,1,1,1,2.3529411764705883
748914560,1,1,1,2.1315789473684212
748916416,1,1,1,1.8125
748927552,1,1,1,2.168141592920354
748936832,1,1,1,2.875
748940544,0,1,0,2.7142857142857144
748946112,0,1,0,3.0
748949824,1,1,1,2.7142857142857144
748960960,1,1,1,2.3125
749016640,0,1,0,2.6666666666666665
749018496,1,1,1,2.420689655172414
749031488,0,1,1,2.3333333333333335
749038912,0,1,0,2.5833333333333335
749044480,0,1,0,1.5
749046336,0,1,1,2.0
749048192,1,1,1,1.0909090909090908
749059328,1,1,1,2.090909090909091
749089024,0,1,0,3.0
749118720,1,1,0,2.3636363636363638
749131712,1,1,1,2.4140625
749133568,0,1,0,3.0
749139136,0,1,1,2.909090909090909
749140992,0,1,1,2.0
749153984,1,1,0,2.0
749207808,1,1,0,2.054054054054054
749220800,0,1,0,2.8461538461538463
749226368,0,1,1,2.5789473684210527
749243072,0,1,0,2.823529411764706
749244928,1,1,1,2.4857142857142858
749252352,0,1,1,2.0833333333333335
749254208,0,1,1,2.4761904761904763
749272768,1,1,1,2.4869565217391303
749280192,1,1,1,2.467032967032967
749298752,1,1,1,2.1349693251533743
749322880,1,1,1,2.533333333333333
749328448,0,1,0,2.1666666666666665
749335872,0,1,1,2.3207547169811322
749343296,0,1,0,2.0
749347008,0,1,0,3.5
749369280,0,1,0,2.0
749385984,0,1,1,2.466666666666667
749387840,1,1,1,2.613861386138614
749406400,0,1,1,2.8333333333333335
749430528,1,1,1,2.5344827586206895
749482496,0,1,1,2.142857142857143
749493632,0,1,0,2.8125
749506624,0,1,1,2.566666666666667
749517760,0,1,0,3.3333333333333335
749519616,1,1,1,1.9836065573770492
749556736,1,1,1,2.445945945945946
749580864,1,1,1,2.5277777777777777
749588288,0,1,0,2.5
749616128,0,1,1,2.3684210526315788
749660672,0,1,0,1.0
749679232,1,1,1,2.1333333333333333
749682944,0,1,1,2.739130434782609
749708928,0,1,0,1.5714285714285714
749716352,0,1,1,1.8444444444444446
749892672,0,1,1,2.5
750024448,0,1,1,1.5135135135135136
750030016,1,1,1,2.1791044776119404
750150656,0,1,1,2.8181818181818183
750260160,1,1,1,2.3076923076923075
750403072,1,1,0,2.2916666666666665
750427200,0,1,0,2.7666666666666666
750620224,1,1,0,2.3333333333333335
750904192,1,1,1,2.2
750920896,0,1,0,1.0
751097216,1,1,1,1.8529411764705883
751171456,1,1,0,2.0
751305088,0,1,1,2.4210526315789473
751340352,1,1,1,2.1133333333333333
751384896,0,1,0,1.9565217391304348
751442432,0,1,1,1.6434782608695653
751579776,0,1,0,3.0
751605760,0,1,0,1.8214285714285714
751641024,1,1,1,2.406779661016949
751941696,0,1,0,2.0
752054912,0,1,0,2.6666666666666665
752064192,1,1,1,2.586206896551724
752149568,0,1,1,2.651685393258427
752327744,1,1,1,2.6666666666666665
752400128,1,1,1,2.5384615384615383
752431680,0,1,0,4.0
752474368,1,1,1,1.9411764705882353
752513344,0,1,0,2.2142857142857144
752567168,1,1,0,1.8571428571428572
752622848,0,1,0,3.0
752628416,1,1,1,1.8095238095238095
752697088,1,1,0,2.2222222222222223
752832576,1,1,1,2.4263565891472867
752891968,1,1,0,3.5833333333333335
752960640,1,1,0,2.5714285714285716
752997760,1,1,1,2.360576923076923
752999616,0,1,0,2.0
753138816,0,1,1,2.3947368421052633
753368960,0,1,1,2.551948051948052
753446912,0,1,0,3.0833333333333335
753519296,0,1,1,2.9454545454545453
754118784,1,1,0,2.2
754187456,0,1,0,2.0416666666666665
754220864,0,1,0,2.6666666666666665
754322944,1,1,1,2.0364963503649633
754714560,1,1,0,1.3333333333333333
754866752,0,1,1,1.7272727272727273
754998528,0,1,0,1.8
755230528,0,1,1,2.0344827586206895
755384576,1,1,0,1.3333333333333333
755657408,0,1,0,2.230769230769231
755943232,1,1,1,2.2545454545454544
756013760,1,1,1,1.65625
756462912,0,1,0,3.8
756533440,1,1,1,3.0
756553856,1,1,1,1.9207920792079207
756720896,1,1,1,2.5671641791044775
756847104,0,1,1,1.5
756854528,0,1,1,1.75
757014144,1,1,0,1.6428571428571428
757021568,0,1,1,2.25
757279552,0,1,0,3.0
757307392,0,1,1,2.607142857142857
757372352,1,1,0,2.466666666666667
757437312,0,1,1,3.1
757639616,1,1,1,2.6285714285714286
757671168,0,1,0,3.0
757699008,1,1,1,2.0961538461538463
757812224,1,1,1,2.1779497098646035
757830784,0,1,1,2.2222222222222223
757916160,0,1,0,1.0
758072064,0,1,1,3.1875
758203840,0,1,0,5.0
758330048,1,1,1,2.268292682926829
758380160,1,1,1,2.022222222222222
758684544,1,1,0,1.375
758833024,0,1,0,1.6666666666666667
758951808,1,1,1,2.0303030303030303
759059456,0,1,1,2.234567901234568
759133696,0,1,0,2.0
759202368,0,1,0,2.0555555555555554
759230208,1,1,1,2.310344827586207
759593984,0,1,0,2.5
759625536,0,1,0,2.0
759638528,1,1,1,2.197860962566845
759699776,1,1,0,1.9
759770304,1,1,1,2.5
759785152,0,1,0,2.2
759807424,1,1,1,1.9912280701754386
759955904,0,1,0,2.3157894736842106
759994880,1,1,0,2.5833333333333335
760093248,0,1,0,3.0
760100672,1,1,1,2.2903225806451615
760377216,0,1,1,3.3333333333333335
760393920,1,1,1,2.7333333333333334
760412480,0,1,0,1.0
760419904,0,1,0,3.090909090909091
760431040,0,1,0,2.55
760755840,0,1,0,1.7272727272727273
760796672,1,1,1,2.5555555555555554
760882048,1,1,1,1.3793103448275863
760991552,0,1,0,1.0
761041664,0,1,1,3.0
761049088,1,1,1,2.2049689440993787
761067648,0,1,1,2.3384615384615386
761075072,0,1,1,2.5833333333333335
761110336,1,1,1,2.3854166666666665
761114048,1,1,0,1.8
761149312,0,1,0,1.5
761156736,0,1,1,1.8125
761164160,0,1,0,2.0
761169728,1,1,1,2.3853820598006643
761182720,0,1,0,2.0
761210560,1,1,1,2.441666666666667
761242112,1,1,1,1.7065462753950338
761245824,1,1,1,2.1971830985915495
761299648,0,1,1,2.6271186440677967
761314496,0,1,1,2.638888888888889
761346048,0,1,1,2.3333333333333335
761366464,1,1,1,2.227272727272727
761399872,1,1,0,1.5
761403584,0,1,0,2.0
761414720,1,1,1,1.9634146341463414
761505664,0,1,1,2.0217391304347827
761539072,1,1,1,2.354368932038835
761596608,1,1,1,2.696969696969697
761604032,1,1,1,2.54071661237785
761622592,1,1,1,2.7304347826086954
761624448,1,1,0,1.8571428571428572
761646720,0,1,1,2.4457831325301207
761657856,1,1,0,2.6
761680128,0,1,0,3.6
761687552,0,1,1,3.142857142857143
761696832,0,1,0,2.0
761702400,0,1,0,1.5
761724672,0,1,1,1.3333333333333333
761728384,1,1,1,2.986206896551724
761739520,0,1,1,2.18125
761767360,1,1,1,1.8410596026490067
761776640,0,1,1,2.772727272727273
761784064,1,1,0,1.2222222222222223
761802624,0,1,0,1.5714285714285714
761815616,1,1,1,1.4803921568627452
761830464,1,1,1,1.513157894736842
761836032,1,1,1,1.8333333333333333
761847168,1,1,1,2.1475409836065573
761865728,1,1,1,1.7857142857142858
761886144,0,1,0,1.3333333333333333
761899136,0,1,1,1.8365384615384615
761949248,0,1,1,2.0
761952960,1,1,1,1.5576923076923077
762001216,0,1,0,2.0
762055040,0,1,0,2.5384615384615383
762107008,1,1,0,1.4761904761904763
762121856,0,1,0,2.0
762132992,0,1,0,1.0
762140416,0,1,1,1.6
762147840,1,1,1,2.707317073170732
762153408,1,1,1,1.8333333333333333
762166400,1,1,1,2.1
762173824,0,1,0,2.0
762184960,1,1,0,1.558139534883721
762209088,0,1,0,1.0
762288896,0,1,1,1.6216216216216217
762305600,1,1,1,1.9466666666666668
762322304,1,1,0,2.25
762337152,0,1,1,1.9754601226993864
762352000,0,1,0,1.5714285714285714
762355712,1,1,1,1.5609756097560976
762387264,0,1,1,2.0625
762413248,0,1,1,1.4285714285714286
762442944,1,1,1,1.684782608695652
762468928,1,1,1,2.4761904761904763
762476352,1,1,1,2.1760154738878144
762487488,1,1,1,2.3448275862068964
762496768,0,1,0,1.0
762513472,1,1,1,2.6134453781512605
762545024,0,1,0,2.076923076923077
762561728,1,1,0,2.3333333333333335
762606272,1,1,1,2.517857142857143
762608128,1,1,1,2.2357142857142858
762660096,0,1,1,2.486111111111111
762682368,0,1,1,1.8823529411764706
762695360,0,1,1,2.6875
762717632,1,1,0,2.5555555555555554
762721344,0,1,1,2.0
762732480,0,1,0,2.0
762745472,0,1,1,2.443298969072165
762762176,0,1,0,3.0
762804864,1,1,1,2.5247813411078717
762823424,1,1,1,2.357142857142857
762827136,0,1,0,1.6
762882816,0,1,1,1.826086956521739
762895808,1,1,1,2.2611940298507465
762966336,1,1,1,1.8909952606635072
762988608,1,1,1,1.4285714285714286
763005312,1,1,0,1.3846153846153846
763010880,0,1,1,2.4444444444444446
763042432,0,1,0,1.4
763066560,0,1,0,1.5
763068416,0,1,0,1.75
763135232,0,1,1,2.6666666666666665
763137088,0,1,1,1.6875
763142656,0,1,0,1.5
763213184,1,1,1,1.8461538461538463
763281856,1,1,1,2.3333333333333335
763285568,0,1,1,2.6226415094339623
763311552,1,1,1,2.109375
763322688,1,1,1,2.085714285714286
763331968,1,1,1,2.0681818181818183
763359808,0,1,0,1.2
763363520,1,1,1,2.466019417475728
763378368,0,1,0,3.1666666666666665
763404352,0,1,1,1.7424242424242424
763406208,1,1,1,2.1746031746031744
763417344,0,1,0,1.3333333333333333
763452608,1,1,1,2.0
763476736,0,1,0,2.5
763478592,0,1,1,2.7142857142857144
763482304,1,1,1,2.037037037037037
763493440,1,1,1,2.48
763499008,0,1,1,2.2
763506432,1,1,1,2.1333333333333333
763515712,0,1,1,1.9912280701754386
763517568,0,1,1,2.5
763549120,0,1,0,2.727272727272727
763569536,0,1,0,2.0
763595520,0,1,0,2.25
763634496,0,1,0,1.0
763660480,0,1,0,3.0
763679040,1,1,0,2.8666666666666667
763682752,0,1,1,2.5
763723584,0,1,1,2.3448275862068964
763742144,0,1,1,4.0
763762560,1,1,1,2.2028985507246377
763790400,0,1,1,2.6666666666666665
763827520,0,1,0,2.5
763875776,0,1,0,3.5
763925888,0,1,0,1.2857142857142858
763931456,0,1,1,2.5
763955584,0,1,0,2.272727272727273
763964864,1,1,1,2.4444444444444446
763972288,0,1,0,3.0
763974144,0,1,0,2.5
763994560,1,1,0,1.5
764076224,0,1,0,3.0
764118912,0,1,1,3.4
764144896,0,1,0,3.3333333333333335
764180160,0,1,0,3.1666666666666665
764204288,0,1,1,2.5
764211712,1,1,1,2.054054054054054
764232128,1,1,0,2.0952380952380953
764263680,0,1,0,2.0
764271104,1,1,1,1.9545454545454546
764284096,0,1,1,1.5454545454545454
764306368,0,1,1,1.2222222222222223
764310080,1,1,0,1.9666666666666666
764313792,1,1,1,2.549382716049383
764315648,0,1,0,2.0
764326784,0,1,1,2.4
764328640,1,1,1,2.3733333333333335
764330496,0,1,0,4.0
764332352,1,1,1,2.685185185185185
764345344,0,1,0,2.2857142857142856
764352768,1,1,1,2.2718446601941746
764358336,0,1,1,4.0
764365760,0,1,1,4.0
764393600,0,1,1,2.3
764406592,0,1,1,2.7560975609756095
764425152,0,1,0,2.7142857142857144
764428864,0,1,0,1.0
764430720,0,1,1,2.888888888888889
764432576,1,1,1,2.238095238095238
764438144,0,1,1,2.6666666666666665
764480832,0,1,0,2.3333333333333335
764493824,1,1,0,2.0
764562496,0,1,0,3.0
764566208,1,1,1,2.7857142857142856
764581056,1,1,1,2.8901734104046244
764592192,0,1,1,2.256198347107438
764618176,0,1,0,2.1666666666666665
764625600,1,1,1,2.1052631578947367
764649728,1,1,1,2.3433734939759034
764692416,0,1,1,1.7666666666666666
764699840,1,1,0,2.5961538461538463
764714688,1,1,1,1.8333333333333333
764742528,1,1,1,1.8795180722891567
764751808,1,1,1,1.8203125
764762944,0,1,0,2.3333333333333335
764774080,0,1,0,1.85
764801920,0,1,0,2.142857142857143
764811200,1,1,1,1.2857142857142858
764820480,1,1,1,1.9
764842752,0,1,1,1.9148936170212767
764855744,0,1,0,3.1666666666666665
764948544,0,1,0,1.375
764981952,0,1,0,1.9
764983808,0,1,0,2.75
765013504,0,1,1,2.411764705882353
765032064,0,1,0,1.25
765054336,0,1,1,2.36
765076608,1,1,1,2.1666666666666665
765080320,0,1,0,2.5185185185185186
765084032,0,1,1,2.3333333333333335
765106304,0,1,0,1.8571428571428572
765141568,0,1,1,2.202970297029703
765230656,0,1,1,3.0
765275200,1,1,1,2.5762711864406778
765342016,0,1,0,2.0
765392128,1,1,1,1.6296296296296295
765462656,0,1,1,1.7058823529411764
765538752,1,1,1,2.5
765542464,1,1,1,2.259493670886076
765555456,0,1,0,2.5
765598144,0,1,0,2.5
765638976,0,1,0,3.0
765644544,0,1,0,1.5
765661248,0,1,1,2.0
765709504,1,1,0,1.6666666666666667
765728064,0,1,0,2.0
765752192,0,1,0,2.0
765759616,1,1,0,1.8571428571428572
765791168,0,1,1,1.25
765846848,0,1,0,2.888888888888889
765863552,0,1,0,2.125
765930368,0,1,1,2.5757575757575757
765973056,1,1,1,2.2386363636363638
765980480,1,1,1,2.393258426966292
765986048,0,1,1,2.2857142857142856
766015744,0,1,0,3.5
766051008,1,1,1,2.0933333333333333
766076992,0,1,1,2.1363636363636362
766088128,0,1,1,2.4936708860759493
766091840,0,1,0,3.0
766115968,0,1,1,1.6046511627906976
766143808,0,1,0,2.0
766149376,0,1,0,1.5
766169792,0,1,0,1.3333333333333333
766205056,0,1,0,2.142857142857143
766236608,1,1,1,2.6623376623376624
766266304,0,1,0,2.6666666666666665
766271872,1,1,0,2.52
766297856,0,1,0,1.0
766305280,0,1,0,2.0
766422208,0,1,0,2.0
766437056,0,1,1,2.2
766448192,0,1,1,2.3333333333333335
766461184,0,1,1,2.0
766503872,1,1,1,2.0754716981132075
766505728,1,1,1,2.013157894736842
766537280,1,1,1,2.4437299035369775
766553984,0,1,1,3.0
766622656,1,1,1,2.558333333333333
766644928,0,1,1,2.5
766652352,0,1,0,2.6
766661632,1,1,1,2.1578947368421053
766672768,0,1,0,2.0
766685760,1,1,1,2.366906474820144
766717312,0,1,0,3.0
766730304,0,1,0,1.0
766735872,1,1,1,2.07909604519774
766806400,0,1,0,1.8333333333333333
766823104,0,1,0,1.0
766830528,0,1,1,2.26
766854656,0,1,0,4.0
766897344,1,1,0,2.0
766902912,0,1,0,4.0
766941888,1,1,0,2.857142857142857
766973440,0,1,0,1.5
767032832,0,1,0,3.0
767075520,0,1,0,2.6666666666666665
767114496,0,1,1,1.0
767121920,0,1,0,3.4
767133056,0,1,0,3.0
767142336,0,1,1,2.642857142857143
767146048,0,1,0,2.6
767173888,0,1,1,1.875
767203584,0,1,0,2.235294117647059
767264832,0,1,1,2.5
767294528,0,1,0,2.0
767404032,0,1,0,2.2
767437440,0,1,0,2.3333333333333335
767463424,1,1,1,2.506172839506173
767526528,0,1,0,2.3333333333333335
767545088,0,1,0,1.2727272727272727
767572928,0,1,1,2.1
767595200,1,1,1,2.1951219512195124
767604480,0,1,0,3.0
767645312,0,1,0,1.5
767647168,0,1,0,2.75
767764096,0,1,0,3.1176470588235294
767782656,0,1,1,2.5294117647058822
767803072,0,1,0,2.0
767829056,1,1,1,2.732673267326733
767929280,1,1,1,2.3855421686746987
767951552,0,1,0,1.4375
767966400,1,1,1,2.0
767971968,0,1,0,2.0
767988672,0,1,0,2.8
768001664,1,1,0,2.0
768033216,0,1,1,1.8888888888888888
768035072,0,1,0,1.934782608695652
768042496,1,1,1,2.0
768107456,0,1,0,2.0
768118592,0,1,0,2.0
768207680,0,1,1,2.9047619047619047
768272640,0,1,0,3.0
768293056,1,1,1,2.2254901960784315
768307904,0,1,1,2.42
768315328,0,1,0,3.0
768319040,1,1,1,2.0434782608695654
768322752,0,1,0,2.652173913043478
768332032,1,1,0,1.9047619047619047
768333888,0,1,0,1.8181818181818181
768356160,0,1,0,2.5
768371008,0,1,1,2.6363636363636362
768372864,1,1,1,2.3125
768406272,1,1,1,2.0
768437824,0,1,1,2.0
768445248,0,1,0,2.0
768458240,0,1,0,1.3333333333333333
768469376,1,1,1,2.183006535947712
768478656,1,1,1,2.4076923076923076
768497216,1,1,0,2.380952380952381
768502784,0,1,0,2.625
768517632,1,1,0,2.388888888888889
768525056,1,1,1,2.1728395061728394
768526912,1,1,1,2.3316326530612246
768541760,0,1,0,1.5
768588160,0,1,0,3.2857142857142856
768606720,1,1,1,2.3174603174603177
768616000,0,1,0,2.1
768621568,1,1,1,2.2083333333333335
768625280,0,1,0,2.2903225806451615
768656832,0,1,1,2.6
768664256,1,1,1,2.061224489795918
768667968,1,1,0,2.25
768740352,0,1,1,2.0303030303030303
768751488,1,1,1,2.2839506172839505
768770048,1,1,0,1.0
768792320,1,1,0,1.5714285714285714
768803456,0,1,0,1.8571428571428572
768820160,1,1,1,2.5
768835008,0,1,1,2.0
768899968,1,1,1,2.3076923076923075
768903680,0,1,0,3.0
768918528,0,1,0,2.5
768933376,1,1,1,2.240740740740741
768953792,0,1,0,2.3333333333333335
768974208,1,1,1,2.430379746835443
768976064,1,1,1,2.3214285714285716
769041024,0,1,0,2.8333333333333335
769074432,0,1,1,2.4615384615384617
769076288,0,1,1,2.6382978723404253
769091136,1,1,1,2.225806451612903
769206208,0,1,0,1.6
769211776,1,1,1,2.341463414634146
769232192,0,1,0,1.0
769235904,1,1,0,2.1
769263744,1,1,1,2.293103448275862
769276736,0,1,0,1.5
769286016,0,1,0,2.3333333333333335
769295296,0,1,0,2.272727272727273
769300864,1,1,1,2.7251908396946565
769319424,0,1,0,2.75
769391808,1,1,1,2.2857142857142856
769415936,0,1,0,3.0
769417792,0,1,1,2.135135135135135
769419648,0,1,0,2.1538461538461537
769460480,1,1,1,2.2264150943396226
769495744,1,1,1,2.2439024390243905
769506880,0,1,0,2.0
769510592,1,1,1,2.358695652173913
769512448,0,1,1,2.388888888888889
769519872,0,1,0,3.0
769521728,0,1,0,2.75
769532864,1,1,1,2.25
769577408,1,1,1,2.391891891891892
769607104,1,1,0,3.5
769621952,0,1,0,2.5
769638656,0,1,1,2.125
769675776,0,1,0,2.25
769712896,0,1,1,2.4444444444444446
769727744,1,1,0,2.9444444444444446
769729600,1,1,1,2.3870967741935485
769748160,0,1,0,3.3333333333333335
769774144,0,1,0,2.5714285714285716
769781568,1,1,1,2.312925170068027
769798272,1,1,1,2.1
769833536,1,1,1,2.336283185840708
769848384,1,1,1,3.272727272727273
769850240,0,1,0,2.933333333333333
769857664,0,1,0,3.0
769865088,1,1,1,2.4625
769868800,0,1,0,2.0
769918912,0,1,0,1.0
769948608,1,1,1,2.448051948051948
769959744,0,1,0,2.5
769978304,1,1,0,2.625
769983872,0,1,0,2.0
770019136,1,1,0,1.9285714285714286
770087808,1,1,0,2.488888888888889
770097088,0,1,1,2.5
770100800,0,1,0,2.0
770134208,0,1,1,3.2857142857142856
770262272,1,1,1,2.094240837696335
770301248,1,1,1,2.7254901960784315
770303104,0,1,0,2.125
770410752,0,1,0,2.8
770427456,1,1,1,2.425
770575936,0,1,1,2.16
770700288,1,1,0,1.3333333333333333
770876608,0,1,0,2.96
771051072,0,1,1,1.5454545454545454
771093760,1,1,1,2.4489795918367347
771401856,0,1,0,2.0
771448256,1,1,1,2.4642857142857144
771468672,0,1,1,1.72
771477952,0,1,0,2.0
771539200,1,1,1,1.9710144927536233
771869568,1,1,1,1.9764705882352942
771895552,0,1,0,2.0
772006912,0,1,0,3.3333333333333335
772307584,1,1,1,2.294642857142857
772350272,0,1,1,1.5
772359552,1,1,1,2.3448275862068964
772465344,1,1,1,2.3962264150943398
772851392,1,1,1,2.5121951219512195
772921920,1,1,1,1.8703703703703705
772947904,0,1,1,2.2222222222222223
773051840,0,1,0,2.0
773113088,1,1,1,2.4038461538461537
773270848,0,1,0,3.0
773623488,0,1,0,2.0
773649472,1,1,1,1.8387096774193548
773939008,1,1,0,2.2857142857142856
774326912,0,1,0,2.0
774393728,1,1,0,2.238095238095238
774510656,0,1,0,4.0
774544064,0,1,0,2.357142857142857
774625728,1,1,1,1.375
774644288,1,1,1,2.2133333333333334
774673984,0,1,0,2.5
774699968,0,1,0,2.64
774789056,0,1,0,3.0
775099008,0,1,0,2.6
775167680,1,1,1,2.073170731707317
775227072,0,1,0,2.2
775321728,1,1,1,2.25
775336576,0,1,0,2.4
775524032,1,1,1,2.2222222222222223
775542592,1,1,0,3.433333333333333
775564864,0,1,0,1.8888888888888888
775581568,0,1,0,3.0
775850688,0,1,0,3.0
775887808,0,1,0,2.2
775962048,1,1,1,2.3191489361702127
775978752,1,1,1,2.3079019073569484
776698880,0,1,1,1.8142857142857143
776737856,0,1,0,1.0
776745280,0,1,0,1.0
777012544,1,1,1,1.8676470588235294
777045952,1,1,1,2.2857142857142856
777051520,0,1,1,2.3636363636363638
777073792,0,1,0,1.0
777086784,0,1,1,2.1904761904761907
777120192,1,1,1,2.4761904761904763
777127616,0,1,0,1.6
777461696,0,1,0,2.0
777463552,0,1,1,2.3275862068965516
777470976,0,1,0,3.5
777664000,0,1,1,2.4015444015444016
777808768,0,1,1,2.3333333333333335
777814336,1,1,1,2.9393939393939394
778115008,0,1,1,2.4347826086956523
778116864,0,1,0,2.0
778517760,1,1,1,2.0625
778608704,0,1,0,1.9642857142857142
778656960,0,1,1,2.0
778790592,1,1,0,1.4761904761904763
778892672,0,1,1,2.3076923076923075
778907520,0,1,0,2.3333333333333335
778965056,0,1,0,2.858974358974359
779141376,1,1,0,2.75
779312128,0,1,0,2.5
779455040,0,1,1,2.0
779505152,1,1,1,2.75
779752000,0,1,1,2.4545454545454546
779777984,0,1,0,2.0
779985856,0,1,0,2.857142857142857
780054528,0,1,0,1.0
780219712,1,1,1,2.532258064516129
780306944,1,1,1,2.4133333333333336
780381184,0,1,1,2.2857142857142856
780436864,1,1,1,2.422222222222222
780735680,0,1,0,1.0
780793216,0,1,0,2.1363636363636362
780854464,0,1,0,2.6666666666666665
780886016,1,1,0,2.4705882352941178
780980672,0,1,1,2.1538461538461537
780999232,1,1,1,1.948905109489051
781010368,0,1,0,3.0
781019648,1,1,1,1.6883116883116882
781066048,1,1,0,2.409090909090909
781190400,1,1,1,2.574803149606299
781348160,1,1,1,2.1875
781359296,0,1,1,2.3300970873786406
781710080,0,1,0,1.0
781786176,0,1,0,1.6
781947648,1,1,1,2.8020833333333335
782047872,0,1,0,1.0
782075712,0,1,1,1.8957055214723926
782235328,0,1,0,2.25
782634368,0,1,0,2.0833333333333335
783079808,1,1,1,2.3085106382978724
783089088,0,1,1,1.9583333333333333
783380480,0,1,1,3.0
783480704,1,1,1,1.838235294117647
783540096,0,1,0,2.5
783556800,0,1,1,1.9583333333333333
783924288,0,1,0,1.7272727272727273
784015232,0,1,0,2.0
784052352,0,1,1,1.5
784091328,1,1,1,2.4
784104320,1,1,1,1.8343949044585988
784284352,0,1,0,1.0
784688960,1,1,1,2.039473684210526
784722368,0,1,0,1.6666666666666667
784802176,0,1,0,2.0
784911680,1,1,1,2.1779141104294477
784924672,1,1,1,2.3529411764705883
785034176,0,1,1,3.5714285714285716
785043456,1,1,1,1.972972972972973
785067584,0,1,0,1.0
785117696,1,1,1,2.0
785390528,0,1,0,3.3333333333333335
785600256,0,1,0,2.0
786036416,0,1,0,2.75
786108800,1,1,1,2.6176470588235294
786110656,1,1,1,2.0526315789473686
786392768,0,1,1,2.8
786409472,0,1,1,1.894736842105263
786530112,1,1,1,1.75
786634048,0,1,1,1.5
786981120,0,1,0,3.0
786990400,0,1,0,1.9
787320768,1,1,1,2.168141592920354
787385728,0,1,1,2.3333333333333335
787742080,0,1,1,2.3366336633663365
787743936,1,1,1,2.5555555555555554
787901696,0,1,0,3.0
787903552,1,1,0,2.1666666666666665
787949952,1,1,1,1.8387096774193548
788155968,1,1,1,1.9142857142857144
788339712,1,1,1,2.5
788345280,1,1,0,3.1
788519744,0,1,1,2.5757575757575757
788543872,0,1,0,3.0
788757312,1,1,1,2.2688172043010755
788779584,1,1,1,2.4591836734693877
788809280,0,1,0,1.8333333333333333
789030144,0,1,0,4.0
789108096,0,1,1,1.8571428571428572
789145216,0,1,0,2.2222222222222223
789271424,0,1,0,3.0
789843072,0,1,0,2.3333333333333335
790145600,1,1,1,2.752136752136752
790182720,1,1,1,2.5
790255104,0,1,0,1.5
790351616,1,1,0,2.25
790670848,0,1,0,2.0
790704256,1,1,1,1.6634615384615385
790728384,0,1,0,1.3333333333333333
791506048,1,1,0,2.6666666666666665
791550592,0,1,0,2.238095238095238
791693504,0,1,0,2.0
791741760,0,1,0,2.0
791756608,1,1,1,2.484848484848485
791949632,1,1,1,2.566666666666667
791951488,0,1,1,1.0
792053568,0,1,1,2.357142857142857
792073984,1,1,1,1.4
792168640,0,1,0,2.076923076923077
792363520,0,1,1,1.3333333333333333
792573248,0,1,0,1.6363636363636365
792615936,0,1,0,2.375
792851648,1,1,0,1.0
793319360,0,1,1,1.34375
793462272,0,1,0,1.0
793675712,1,1,1,1.813953488372093
793859456,0,1,0,1.3333333333333333
793959680,1,1,0,1.5454545454545454
793989376,0,1,0,2.3333333333333335
794243648,1,1,1,2.0365853658536586
794316032,0,1,0,1.0
794683520,1,1,1,2.843137254901961
794755904,1,1,1,2.262962962962963
794800448,0,1,1,1.6666666666666667
795051008,0,1,1,2.875
795149376,1,1,1,2.380952380952381
795240320,0,1,0,3.5
795346112,0,1,0,2.0
795366528,0,1,0,3.5
795685760,0,1,0,2.5
795732160,0,1,0,3.142857142857143
795778560,0,1,0,2.6666666666666665
796003136,0,1,1,2.3164556962025316
796034688,0,1,1,2.142857142857143
796133056,1,1,1,2.176470588235294
796236992,0,1,1,2.75
796300096,0,1,0,5.0
796446720,0,1,0,2.409090909090909
796491264,0,1,0,4.0
796584064,1,1,0,2.0
796658304,0,1,0,3.090909090909091
796990528,1,1,1,2.6133333333333333
797296768,1,1,1,2.484076433121019
797309760,1,1,1,2.7037037037037037
797367296,1,1,1,2.1848739495798317
797523200,0,1,1,2.0
797539904,1,1,0,2.2
797872128,0,1,0,1.0
797899968,1,1,1,2.4395604395604398
798299008,0,1,1,2.2264150943396226
798310144,0,1,0,2.6666666666666665
798317568,1,1,0,1.5
798365824,0,1,0,2.0
798490176,0,1,0,2.2666666666666666
798510592,0,1,1,2.7037037037037037
798518016,0,1,1,2.0
798757440,0,1,0,2.5
798943040,0,1,1,2.0
799085952,1,1,0,1.3125
799089664,1,1,1,2.4324324324324325
799429312,0,1,0,1.6666666666666667
799505408,0,1,1,2.0625
799583360,0,1,0,1.0
799611200,1,1,0,1.3333333333333333
799770816,0,1,1,2.0
799776384,0,1,1,2.5
799950848,0,1,0,2.0
800143872,0,1,0,3.0
800182848,0,1,0,2.3333333333333335
800219968,1,1,1,2.239130434782609
800492800,0,1,0,1.3333333333333333
800633856,0,1,0,1.0
800826880,1,1,1,2.364705882352941
800934528,0,1,0,1.75
800992064,1,1,1,2.8461538461538463
801090432,0,1,1,2.3333333333333335
801242624,0,1,0,2.625
801422656,1,1,1,2.325
801469056,0,1,1,2.7714285714285714
801604544,1,1,1,2.5565217391304347
801699200,0,1,1,2.611111111111111
801701056,1,1,1,2.1864406779661016
801936768,1,1,1,1.9333333333333333
802194752,1,1,1,1.5555555555555556
802209600,1,1,0,1.4375
802218880,1,1,1,2.1746031746031744
802352512,0,1,0,4.0
802393344,1,1,0,1.6666666666666667
802591936,1,1,1,2.1882352941176473
802658752,0,1,1,2.5
802723712,0,1,0,1.0
802987264,0,1,0,2.0
803117184,0,1,0,2.8
803143168,1,1,1,2.035502958579882
803184000,0,1,1,2.0
803364032,0,1,0,3.6666666666666665
803388160,0,1,0,2.5
803846592,0,1,1,2.0
804067456,0,1,1,2.1666666666666665
804071168,1,1,1,2.75
804375552,0,1,0,3.0
804535168,0,1,0,2.0
804588992,0,1,1,2.7333333333333334
804614976,0,1,0,3.2
804759744,1,1,1,2.5846153846153848
804808000,1,1,1,2.5035714285714286
804811712,0,1,1,2.066666666666667
804884096,0,1,0,3.0
805038144,0,1,1,1.9411764705882353
805067840,1,1,1,2.5257731958762886
805362944,1,1,1,2.1296296296296298
805400064,1,1,1,1.8064516129032258
805472448,0,1,0,1.75
805600512,0,1,0,1.2894736842105263
805799104,1,1,1,1.8926553672316384
805867776,0,1,1,2.3797468354430378
805895616,0,1,0,3.6666666666666665
805934592,0,1,1,2.4285714285714284
805990272,0,1,0,2.625
806420864,1,1,1,3.272727272727273
806428288,1,1,1,2.130434782608696
806437568,0,1,0,1.0
806439424,0,1,0,3.0
806547072,0,1,1,3.090909090909091
806617600,1,1,1,2.4157894736842107
806708544,1,1,1,2.0588235294117645
806803200,0,1,0,1.7142857142857142
806938688,1,1,1,2.076923076923077
807532608,0,1,0,2.857142857142857
807569728,0,1,1,1.7222222222222223
807901952,0,1,0,3.111111111111111
807905664,0,1,1,1.5
808117248,0,1,1,2.388888888888889
808258304,1,1,1,2.433333333333333
808278720,0,1,1,2.71875
808295424,0,1,1,3.0
808456896,1,1,1,2.398230088495575
808649920,1,1,1,2.0153846153846153
809024832,0,1,0,2.0
809355200,1,1,1,2.588785046728972
809433152,0,1,0,2.0
809514816,1,1,1,2.3076923076923075
809568640,1,1,0,1.9850746268656716
809587200,0,1,0,1.5
809963968,1,1,1,2.1566265060240966
810008512,1,1,1,1.9736842105263157
810194112,0,1,0,2.0
810348160,0,1,0,2.0
810461376,1,1,1,2.1379310344827585
810491072,0,1,1,2.274193548387097
810763904,1,1,1,1.6891891891891893
810992192,1,1,1,2.654320987654321
811311424,0,1,0,1.5
811313280,0,1,0,1.7058823529411764
811441344,0,1,0,3.0
811493312,1,1,0,1.9
811582400,0,1,0,1.4
811641792,0,1,1,2.0
811690048,1,1,1,1.625
811845952,0,1,0,2.25
811940608,0,1,1,2.0847457627118646
812048256,0,1,0,2.0
812204160,0,1,0,2.3846153846153846
812378624,1,1,0,1.6
812484416,0,1,0,2.2857142857142856
812861184,0,1,0,2.85
813007808,0,1,0,2.0
813150720,0,1,0,1.5714285714285714
813219392,1,1,0,1.9166666666666667
813243520,1,1,1,2.3157894736842106
813328896,0,1,0,1.6666666666666667
813581312,0,1,1,1.936842105263158
813911680,0,1,0,2.391304347826087
814193792,0,1,0,1.6666666666666667
814427648,1,1,1,2.11731843575419
814581696,0,1,0,1.3636363636363635
814895360,0,1,1,1.9333333333333333
815058688,0,1,0,1.8888888888888888
815138496,1,1,1,1.8214285714285714
815162624,0,1,0,1.0
815353792,0,1,0,1.0
815374208,0,1,0,2.0
815463296,1,1,1,2.0933333333333333
815606208,1,1,1,1.8421052631578947
815689728,0,1,0,1.4285714285714286
815776960,1,1,1,2.6153846153846154
815797376,0,1,1,2.2162162162162162
816012672,1,1,1,1.9753694581280787
816127744,0,1,0,2.0
816157440,0,1,1,2.0
816370880,0,1,1,2.95
816660416,0,1,1,2.25
816725376,0,1,0,1.6666666666666667
816807040,0,1,1,1.8275862068965518
816831168,0,1,0,2.7142857142857144
816922112,1,1,1,2.6233766233766236
817065024,0,1,1,2.388059701492537
817139264,0,1,0,2.4545454545454546
817144832,1,1,1,1.915966386554622
817517888,0,1,0,1.375
817616256,0,1,1,1.6
817779584,0,1,0,1.3333333333333333
817787008,1,1,1,1.9416666666666667
817916928,1,1,1,1.95
817931776,0,1,0,1.625
818373504,0,1,0,1.3
818397632,1,1,1,1.7222222222222223
818466304,1,1,1,2.8333333333333335
818666752,0,1,0,3.0
818813376,0,1,0,2.1621621621621623
818870912,1,1,0,1.5625
818928448,0,1,0,1.7272727272727273
818976704,0,1,0,2.0
818987840,0,1,1,2.6818181818181817
819034240,0,1,0,1.6842105263157894
819073216,1,1,1,2.027027027027027
819238400,0,1,1,2.5135135135135136
819327488,0,1,0,4.0
819336768,0,1,1,2.5384615384615383
819349760,1,1,1,2.425287356321839
819355328,1,1,0,2.263157894736842
819398016,0,1,1,2.4705882352941178
819733952,0,1,0,1.6
819769216,1,1,1,2.588235294117647
819804480,0,1,0,3.75
819834176,1,1,1,2.672727272727273
819869440,0,1,1,2.4
819871296,1,1,1,2.1539961013645224
820179392,0,1,1,2.1666666666666665
820335296,0,1,0,2.6666666666666665
820856832,1,1,1,2.8333333333333335
821036864,0,1,1,2.0
821305984,1,1,1,2.204081632653061
821328256,0,1,0,1.6666666666666667
821357952,0,1,0,2.0
821395072,1,1,0,1.368421052631579
821402496,0,1,0,1.8571428571428572
821573248,0,1,1,2.7
821744000,0,1,1,2.5
821885056,1,1,1,2.3339960238568587
822026112,1,1,1,2.478021978021978
822070656,1,1,1,2.8333333333333335
822679424,0,1,1,1.8421052631578947
822770368,1,1,1,2.284313725490196
823095168,0,1,0,3.0
823228800,1,1,1,2.610169491525424
823234368,1,1,1,2.404255319148936
823793024,0,1,1,2.090909090909091
823826432,0,1,0,2.6153846153846154
824340544,1,1,1,2.0
824466752,1,1,1,1.8802521008403361
824622656,1,1,1,3.5
824672768,1,1,1,2.08955223880597
824765568,1,1,1,2.5316455696202533
824782272,0,1,1,1.75
824819392,1,1,1,2.0535714285714284
824865792,0,1,0,1.0
824899200,0,1,0,2.883720930232558
825376192,0,1,0,2.3333333333333335
825480128,0,1,1,1.5
825691712,1,1,0,2.227272727272727
825775232,0,1,1,3.1538461538461537
825804928,1,1,0,2.5555555555555554
825840192,1,1,1,2.4034229828850857
825895872,0,1,0,2.1666666666666665
825908864,0,1,0,1.75
825964544,0,1,0,2.1666666666666665
826055488,0,1,0,1.0
826072192,1,1,0,2.6842105263157894
826075904,1,1,1,2.7162162162162162
826116736,0,1,1,2.4896907216494846
826146432,0,1,1,2.4166666666666665
826194688,0,1,1,1.8333333333333333
826261504,0,1,0,2.25
826315328,0,1,1,2.3275862068965516
826335744,0,1,0,2.75
826354304,1,1,1,2.3783783783783785
826419264,0,1,0,2.2
826523200,0,1,1,1.6923076923076923
826706944,0,1,0,2.0
826922240,0,1,0,2.5
826931520,0,1,0,2.5
826938944,1,1,1,2.5283018867924527
827076288,1,1,0,2.25
827170944,0,1,0,1.6666666666666667
827211776,1,1,1,2.7142857142857144
827354688,0,1,0,2.4444444444444446
827401088,0,1,1,2.5476190476190474
827486464,0,1,0,2.4864864864864864
827564416,1,1,1,2.4739884393063583
827603392,1,1,1,2.5686274509803924
827644224,0,1,1,2.6
827937472,0,1,0,2.272727272727273
827989440,0,1,0,2.3333333333333335
828052544,0,1,0,3.0
828293824,0,1,0,6.0
828761536,0,1,0,3.0
828815360,0,1,1,2.5454545454545454
828859904,1,1,0,2.6
829197696,0,1,0,1.75
829208832,1,1,0,2.75
829535488,1,1,1,2.3076923076923075
829598592,0,1,0,2.0
829678400,0,1,0,2.6666666666666665
829778624,0,1,0,3.0
829795328,1,1,0,2.0
829871424,0,1,0,3.0
830101568,0,1,1,2.760869565217391
830576704,0,1,0,2.142857142857143
830780864,1,1,1,2.6065573770491803
830860672,1,1,1,2.493827160493827
830866240,0,1,0,1.5
831057408,0,1,1,2.595744680851064
831281984,1,1,1,2.6
831345088,0,1,1,2.0
831346944,0,1,1,2.5874587458745872
831358080,0,1,0,2.2222222222222223
831454592,1,1,1,2.7512195121951217
831777536,0,1,1,2.5
831859200,1,1,1,2.4
831862912,0,1,0,1.7
832028096,0,1,0,2.0
832093056,0,1,0,3.0
832542208,0,1,1,2.358695652173913
832562624,0,1,0,1.75
832722240,1,1,0,2.1818181818181817
833071168,0,1,0,2.0
833232640,1,1,1,2.5128205128205128
833292032,0,1,1,2.3157894736842106
833407104,0,1,1,1.7674418604651163
833479488,0,1,1,2.0
833518464,0,1,0,2.0
833583424,0,1,0,2.0
833594560,1,1,1,2.526315789473684
833644672,1,1,1,2.85
833691072,1,1,0,2.5
833843264,1,1,1,2.0625
833904512,0,1,0,2.0
834468736,0,1,1,1.8148148148148149
834492864,0,1,0,3.0
834808384,1,1,1,2.2222222222222223
834821376,0,1,1,1.0
835097920,1,1,1,2.0689655172413794
835105344,0,1,1,2.0
835136896,1,1,0,2.65
835142464,0,1,1,2.75
835313216,0,1,1,2.5686274509803924
836337728,0,1,1,2.25
836348864,1,1,1,2.3181818181818183
836356288,1,1,1,2.6545454545454548
836363712,1,1,1,2.63953488372093
836402688,1,1,1,2.193396226415094
836445376,0,1,1,1.0
836462080,1,1,1,2.0
836471360,0,1,1,2.3333333333333335
836541888,0,1,0,3.5
836584576,0,1,0,3.25
836621696,0,1,0,2.0
836642112,0,1,1,2.7142857142857144
836668096,0,1,1,2.5
836712640,1,1,1,2.3783783783783785
836720064,0,1,0,2.380952380952381
836749760,0,1,0,2.4285714285714284
836788736,0,1,0,3.0
836801728,1,1,1,2.2083333333333335
836827712,1,1,1,2.3254437869822486
836890816,1,1,0,2.484848484848485
836905664,0,1,1,2.3181818181818183
837009600,0,1,1,2.5588235294117645
837081984,0,1,1,3.0
837089408,1,1,1,2.466666666666667
837100544,1,1,1,2.235294117647059
837113536,1,1,1,2.2890625
837128384,1,1,1,2.5641025641025643
837143232,1,1,1,2.214723926380368
837150656,1,1,1,2.4166666666666665
837158080,1,1,1,2.0
837161792,0,1,0,1.75
837382656,0,1,0,1.0
837388224,1,1,1,2.5223880597014925
837410496,0,1,1,1.864864864864865
837564544,1,1,1,2.3125
837575680,0,1,0,2.5
837597952,1,1,1,2.1206896551724137
837713024,1,1,1,3.1666666666666665
837737152,0,1,0,2.0
837777984,1,1,1,1.9938650306748467
837796544,1,1,1,2.1543624161073827
837887488,0,1,1,2.490566037735849
837893056,0,1,1,2.296875
837909760,1,1,1,2.5492957746478875
838058240,1,1,1,2.3466666666666667
838087936,0,1,0,2.3846153846153846
838089792,0,1,0,1.0
838199296,0,1,0,2.4545454545454546
838329216,1,1,1,2.491228070175439
838332928,0,1,1,2.58974358974359
838366336,1,1,0,2.3469387755102042
838429440,0,1,0,2.0
838435008,1,1,1,2.0
838507392,0,1,1,2.1379310344827585
838525952,0,1,0,2.0
838592768,0,1,0,2.6666666666666665
838594624,0,1,0,2.8823529411764706
838605760,0,1,0,2.0
838607616,1,1,1,2.4684684684684686
838620608,0,1,0,2.5
838631744,1,1,1,2.3380281690140845
838670720,1,1,0,3.0
838676288,1,1,1,2.1833910034602075
838680000,0,1,0,3.0
838744960,1,1,0,2.2
838770944,1,1,1,2.1875
838893440,1,1,1,2.5294117647058822
838943552,0,1,0,2.75
838960256,1,1,1,2.4893617021276597
839106880,0,1,1,2.5833333333333335
839156992,0,1,0,2.0
839166272,1,1,0,2.7142857142857144
839179264,0,1,1,2.6578947368421053
839186688,1,1,1,1.8888888888888888
839398272,1,1,1,1.972972972972973
839557888,0,1,0,1.75
839611712,1,1,1,2.8333333333333335
839691520,0,1,0,3.5
839717504,1,1,1,2.183673469387755
839776896,1,1,1,2.5128205128205128
839847424,1,1,1,2.6129032258064515
839856704,1,1,1,2.3859649122807016
840047872,0,1,1,2.609375
840075712,1,1,1,2.5555555555555554
840101696,0,1,0,2.5
840159232,0,1,0,4.0
840252032,1,1,1,2.3055555555555554
840255744,1,1,1,1.8846153846153846
840257600,1,1,1,1.9428571428571428
840296576,1,1,0,2.125
840328128,0,1,0,3.0
840381952,1,1,1,3.125
840441344,0,1,0,1.8214285714285714
840469184,1,1,0,2.6666666666666665
840476608,0,1,1,1.8450704225352113
840539712,0,1,0,3.25
840584256,1,1,1,2.038216560509554
840630656,0,1,0,3.0
840704896,0,1,0,4.0
840803264,0,1,0,1.0
840814400,1,1,0,2.5
840857088,1,1,1,2.4545454545454546
840892352,0,1,0,2.125
841267264,0,1,0,1.6666666666666667
841447296,1,1,0,1.6
841460288,0,1,1,2.4482758620689653
841595776,0,1,0,1.25
841640320,0,1,0,1.0
841683008,0,1,0,1.7142857142857142
841720128,1,1,1,2.2058823529411766
841779520,1,1,1,2.4430894308943087
842150720,0,1,0,2.0
842187840,0,1,1,2.765625
842364160,1,1,1,2.221014492753623
842445824,0,1,0,2.4
842542336,0,1,1,2.4146341463414633
842627712,0,1,0,2.0
842636992,0,1,1,2.432098765432099
842681536,0,1,0,2.409090909090909
842776192,0,1,0,3.5
842902400,1,1,1,2.4126984126984126
842954368,0,1,0,3.5
842958080,1,1,0,2.4285714285714284
843047168,0,1,0,3.0
843050880,1,1,1,2.684
843054592,1,1,1,2.05
843216064,1,1,1,2.9324324324324325
843273600,1,1,1,2.839080459770115
843290304,1,1,1,2.1012658227848102
843307008,0,1,1,1.0
843381248,0,1,0,2.2
843409088,0,1,0,2.3333333333333335
843498176,1,1,1,2.0
843509312,0,1,1,1.6176470588235294
843581696,0,1,0,2.5
843678208,0,1,0,1.0
843702336,0,1,0,2.0
843719040,1,1,0,1.6842105263157894
843780288,0,1,0,1.9166666666666667
843893504,0,1,0,1.0
844014144,1,1,0,2.5555555555555554
844283264,0,1,1,1.9210526315789473
844461440,1,1,1,2.3205128205128207
844600640,1,1,0,1.6666666666666667
844940288,0,1,0,2.0
844973696,1,1,1,1.8901408450704225
845059072,0,1,0,1.6
845096192,1,1,1,1.6022727272727273
845187136,1,1,1,2.04040404040404
845318912,0,1,0,1.1428571428571428
845396864,0,1,1,1.7241379310344827
845575040,0,1,1,1.7142857142857142
845617728,1,1,0,2.4444444444444446
845665984,1,1,1,1.9714285714285715
845970368,0,1,0,2.235294117647059
846052032,0,1,0,1.4285714285714286
846213504,0,1,1,2.466666666666667
846371264,0,1,1,2.0
846484480,1,1,1,1.5714285714285714
846542016,0,1,0,1.25
846870528,0,1,0,1.5
846905792,0,1,1,1.5
846907648,0,1,0,1.0
846918784,0,1,0,2.0
846924352,0,1,0,2.3035714285714284
846942912,0,1,0,2.0
846954048,0,1,0,1.6666666666666667
847067264,0,1,1,1.7230769230769232
847082112,0,1,0,1.4166666666666667
847126656,1,1,1,2.18
847332672,1,1,1,1.9090909090909092
847479296,0,1,0,2.0
847483008,1,1,1,2.5
847612928,1,1,0,2.0754716981132075
847624064,0,1,0,2.3333333333333335
847677888,0,1,0,1.3333333333333333
847926592,0,1,0,3.0
848039808,0,1,0,2.0
848264384,1,1,1,2.5
848529792,0,1,1,1.9682539682539681
848579904,1,1,0,1.2777777777777777
848802624,0,1,1,1.0
848888000,1,1,1,2.469767441860465
848945536,0,1,0,3.375
848947392,0,1,1,2.2705882352941176
848964096,1,1,1,2.3009708737864076
849060608,1,1,1,2.4878048780487805
849125568,0,1,0,2.375
849157120,1,1,1,1.96
849222080,0,1,0,2.92
849415104,1,1,0,2.0714285714285716
849420672,0,1,0,2.6
849448512,1,1,1,2.2560975609756095
849474496,1,1,0,1.5
849596992,1,1,1,3.142857142857143
849634112,0,1,1,1.9
850120384,0,1,1,2.163265306122449
850235456,0,1,1,2.507042253521127
850339392,0,1,1,3.25
850383936,0,1,1,2.4
850524992,1,1,1,2.108108108108108
850526848,1,1,0,2.2
850528704,1,1,1,2.5
850532416,1,1,1,2.2
850970432,1,1,1,1.9634146341463414
851154176,1,1,0,2.4444444444444446
851415872,0,1,1,1.6842105263157894
851811200,0,1,1,3.2222222222222223
851857600,0,1,0,2.0
851961536,1,1,1,3.32
851976384,0,1,0,2.0
852063616,0,1,0,2.4444444444444446
852148992,1,1,0,2.25
852161984,1,1,1,2.5
852163840,1,1,1,2.716867469879518
852173120,1,1,0,2.6363636363636362
852278912,0,1,1,1.8888888888888888
852427392,1,1,0,2.25
852484928,0,1,0,3.0
852499776,0,1,0,1.3529411764705883
852575872,1,1,1,2.2888888888888888
852752192,1,1,1,2.4642857142857144
853026880,0,1,1,2.1837837837837837
853032448,0,1,0,3.0
853101120,1,1,1,2.63265306122449
853117824,0,1,0,1.0
853205056,0,1,1,1.6666666666666667
853548416,0,1,0,2.4545454545454546
853553984,1,1,1,1.7777777777777777
853758144,0,1,1,2.3684210526315788
854173888,0,1,1,2.0434782608695654
854185024,1,1,0,2.272727272727273
854292672,0,1,0,2.8
854303808,1,1,1,2.036259541984733
854548800,0,1,1,2.0
854604480,1,1,1,1.777327935222672
854745536,1,1,1,3.057142857142857
854890304,0,1,0,2.0
855057344,0,1,0,3.25
855176128,0,1,1,2.5
855452672,1,1,1,2.5689655172413794
855539904,0,1,1,2.7666666666666666
855547328,0,1,0,1.0
855810880,1,1,1,2.0
855835008,0,1,1,2.25
855898112,0,1,0,3.875
855927808,1,1,1,2.3846153846153846
856002048,1,1,1,2.2439024390243905
856041024,0,1,0,2.4
856118976,0,1,0,2.9
856215488,0,1,1,1.1333333333333333
856341696,1,1,1,2.0670391061452515
856518016,0,1,0,2.2857142857142856
856863232,1,1,1,2.361111111111111
856935616,0,1,0,3.0
856943040,1,1,1,2.5121951219512195
857195456,0,1,0,2.0
857202880,0,1,0,1.0
857214016,1,1,1,1.6
857303104,0,1,0,3.5
857483136,1,1,1,2.86
857644608,1,1,1,2.2857142857142856
857648320,0,1,1,2.491228070175439
857678016,1,1,1,2.25
857774528,0,1,1,1.1666666666666667
857809792,1,1,1,2.3013698630136985
857813504,0,1,0,2.25
857819072,1,1,1,2.65625
857835776,1,1,1,2.3271028037383177
858091904,1,1,0,2.5217391304347827
858182848,1,1,0,1.0
858526208,0,1,0,3.0
858606016,1,1,1,2.3785714285714286
858722944,1,1,1,1.6666666666666667
858774912,0,1,0,3.4
858808320,0,1,0,2.0
858847296,0,1,0,3.0
858882560,0,1,0,3.142857142857143
858923392,1,1,1,2.4545454545454546
859044032,0,1,1,1.8461538461538463
859290880,0,1,0,2.5555555555555554
859294592,0,1,0,2.5454545454545454
859296448,1,1,1,1.875
859422656,0,1,1,3.5
859461632,1,1,1,2.238095238095238
859467200,0,1,1,1.4285714285714286
859521024,1,1,0,2.727272727272727
859983168,0,1,0,3.3333333333333335
860187328,1,1,1,2.1818181818181817
860326528,0,1,0,2.619047619047619
860441600,1,1,0,2.5
860521408,0,1,1,2.3454545454545452
860549248,0,1,0,2.6363636363636362
860638336,1,1,1,2.1527777777777777
860909312,0,1,0,1.95
860992832,1,1,1,2.123456790123457
861150592,0,1,0,2.857142857142857
861169152,1,1,1,2.5906735751295336
861406720,0,1,1,3.3181818181818183
861454976,1,1,1,2.4945054945054945
861698112,0,1,0,3.5
861707392,0,1,0,2.0
861712960,0,1,0,2.4857142857142858
861798336,1,1,0,2.8181818181818183
861985792,0,1,1,2.257142857142857
862017344,0,1,0,3.0
862112000,0,1,1,2.5
862334720,1,1,1,1.7272727272727273
862494336,1,1,0,3.0
862642816,1,1,0,1.875
862820992,0,1,1,1.9454545454545455
862891520,0,1,0,1.9285714285714286
862984320,0,1,0,2.3333333333333335
862997312,0,1,0,2.1538461538461537
863040000,0,1,0,2.0
863080832,0,1,0,2.0
863108672,0,1,0,2.0
863155072,1,1,1,2.0701754385964914
863715584,0,1,0,2.0
863934592,1,1,1,2.2916666666666665
864114624,0,1,0,2.0
864222272,1,1,0,2.111111111111111
864391168,1,1,0,1.5294117647058822
864432000,0,1,0,1.3333333333333333
864515520,1,1,1,2.201388888888889
864521088,1,1,1,2.7142857142857144
864589760,0,1,0,1.6666666666666667
864940544,0,1,0,2.4615384615384617
865033344,0,1,0,3.3333333333333335
865109440,0,1,1,2.5714285714285716
865603136,0,1,0,1.75
865742336,0,1,1,2.0
865777600,0,1,0,2.5714285714285716
865801728,1,1,0,2.4516129032258065
865820288,0,1,0,2.8421052631578947
865940928,0,1,1,1.8974358974358974
866059712,1,1,1,2.0
866262016,0,1,1,2.3161764705882355
866364096,1,1,1,2.3452380952380953
866497728,0,1,0,1.0
866510720,0,1,1,1.6666666666666667
866579392,0,1,1,2.2
866599808,0,1,0,2.2222222222222223
866636928,0,1,0,1.0
866648064,1,1,0,2.0
866679616,0,1,0,1.6296296296296295
866783552,0,1,0,2.3076923076923075
866802112,0,1,0,2.25
867037824,0,1,0,2.375
867043392,0,1,0,1.5
867112064,1,1,1,2.3857868020304567
867143616,1,1,1,2.464788732394366
867332928,1,1,1,2.537037037037037
867464704,0,1,0,2.388888888888889
867856320,1,1,1,2.6666666666666665
867976960,0,1,1,4.0
868028928,0,1,0,1.6666666666666667
868435392,1,1,1,2.590909090909091
868461376,0,1,1,1.0
868513344,0,1,0,1.3333333333333333
868593152,0,1,0,1.6
869023744,0,1,1,2.0869565217391304
869073856,1,1,1,2.36046511627907
869081280,0,1,0,2.0
869172224,1,1,1,2.7384615384615385
869272448,0,1,0,2.0
869331840,1,1,1,2.3636363636363638
869471040,0,1,1,2.5
869563840,0,1,0,2.0
869717888,1,1,0,2.7
869799552,1,1,0,2.0422535211267605
869862656,0,1,0,1.6
869925760,1,1,1,2.2867132867132867
869938752,1,1,1,2.064516129032258
869966592,0,1,1,2.923076923076923
869979584,1,1,1,2.512562814070352
869987008,0,1,0,4.0
870144768,1,1,1,2.032258064516129
870586496,0,1,1,2.8
870655168,0,1,1,1.8823529411764706
870838912,0,1,0,1.9090909090909092
870877888,0,1,1,1.3333333333333333
870998528,0,1,0,2.2857142857142856
871362304,0,1,0,2.6363636363636362
871423552,0,1,0,1.92
871622144,1,1,1,2.4766355140186915
871648128,1,1,1,3.05
871770624,0,1,0,2.3846153846153846
871859712,1,1,1,2.25
871863424,0,1,1,2.3333333333333335
872052736,0,1,0,2.9166666666666665
872260608,1,1,1,2.4401408450704225
872268032,0,1,0,1.0
872301440,0,1,1,3.6666666666666665
872384960,1,1,1,2.8095238095238093
872396096,1,1,1,2.460674157303371
872618816,0,1,0,3.857142857142857
872633664,0,1,0,2.375
872672640,0,1,0,2.4444444444444446
872680064,0,1,0,1.3333333333333333
872769152,1,1,1,2.142857142857143
872839680,1,1,1,2.5833333333333335
872900928,0,1,0,2.3333333333333335
873132928,0,1,0,2.3333333333333335
873157056,1,1,1,2.155844155844156
873170048,0,1,1,1.75
873409472,0,1,0,1.625
873481856,1,1,1,1.8850574712643677
873494848,1,1,1,1.7
873531968,1,1,1,2.0
873554240,1,1,1,2.4615384615384617
873687872,0,1,1,1.8695652173913044
874049792,1,1,1,2.360655737704918
874122176,0,1,0,2.7777777777777777
874146304,1,1,1,2.349425287356322
874214976,1,1,1,2.5517241379310347
874242816,1,1,1,2.46
874261376,0,1,1,2.4705882352941178
874283648,0,1,0,2.0
874309632,0,1,0,2.0
874517504,1,1,0,1.7333333333333334
874665984,1,1,0,2.1666666666666665
874834880,0,1,0,2.4
874953664,0,1,0,2.1818181818181817
875011200,1,1,1,2.5483870967741935
875059456,1,1,1,2.3317073170731706
875141120,0,1,0,2.6666666666666665
875501184,0,1,1,1.8
875621824,0,1,0,3.2857142857142856
875644096,0,1,1,2.217391304347826
875807424,0,1,1,2.2857142857142856
875942912,0,1,0,1.7692307692307692
875970752,0,1,0,1.6666666666666667
876158208,1,1,1,2.0444444444444443
876312256,0,1,0,3.2222222222222223
876408768,1,1,1,2.105726872246696
876564672,1,1,1,2.6666666666666665
876648192,0,1,0,3.0
876694592,1,1,1,2.2962962962962963
876865344,0,1,0,2.0
877013824,1,1,1,3.0
877032384,1,1,1,2.239130434782609
877288512,1,1,1,2.5757575757575757
877346048,0,1,1,2.5
877442560,0,1,0,1.0
877457408,0,1,0,2.0
877566912,0,1,0,3.0
877772928,0,1,0,2.142857142857143
877947392,0,1,0,2.0
878023488,0,1,0,1.0
878029056,0,1,0,2.6666666666666665
878194240,1,1,1,2.10989010989011
878266624,1,1,1,2.6222222222222222
878318592,0,1,0,1.75
878352000,1,1,1,1.8992248062015504
878415104,1,1,1,2.1295546558704452
878884672,0,1,1,1.8644067796610169
878940352,0,1,1,2.0
879031296,1,1,1,1.8970588235294117
879426624,1,1,0,1.2857142857142858
879476736,0,1,0,1.3333333333333333
879510144,0,1,0,1.5
879524992,1,1,1,1.25
879530560,0,1,1,1.9230769230769231
880105920,0,1,1,3.1666666666666665
880200576,0,1,0,3.0625
880545792,1,1,1,2.2131147540983607
880668288,0,1,0,2.6666666666666665
880770368,0,1,0,2.5454545454545454
880807488,1,1,1,2.0917874396135265
880889152,0,1,0,2.0
880991232,0,1,0,1.3333333333333333
881171264,0,1,0,2.875
881174976,0,1,1,2.1666666666666665
881176832,1,1,1,2.1
881228800,0,1,0,2.5714285714285716
881299328,1,1,1,2.1595744680851063
881304896,0,1,0,1.0
881535040,0,1,0,2.75
881679808,0,1,0,3.0
881694656,0,1,0,2.142857142857143
882045440,0,1,0,2.5
882292288,1,1,1,1.9791666666666667
882485312,1,1,1,2.9166666666666665
882592960,1,1,1,2.4347826086956523
883259264,0,1,1,2.2339181286549707
883303808,0,1,0,2.5
883307520,0,1,0,2.0
883387328,0,1,0,1.2727272727272727
883400320,1,1,1,2.2882882882882885
883454144,1,1,1,2.2335329341317367
883537664,0,1,0,2.3333333333333335
883584064,0,1,0,3.3333333333333335
883593344,0,1,0,2.8125
883658304,1,1,0,2.0
883751104,1,1,0,2.5384615384615383
883756672,1,1,0,3.4
883773376,0,1,0,2.242424242424242
883817920,0,1,0,1.0
883897728,1,1,1,1.9137931034482758
883927424,0,1,0,2.7142857142857144
884122304,0,1,1,2.1223021582733814
884139008,0,1,0,3.0
884163136,1,1,0,1.8444444444444446
884170560,0,1,0,2.0
884590016,0,1,1,2.5
884606720,0,1,1,1.6
884747776,0,1,0,2.28
884860992,0,1,1,2.0
884886976,0,1,1,2.875
884914816,1,1,0,1.5
885345408,0,1,0,1.0
885347264,0,1,0,2.0
885653504,1,1,1,1.8674698795180722
885985728,0,1,0,3.0
885995008,1,1,1,2.119047619047619
886054400,0,1,0,2.2142857142857144
886169472,1,1,1,2.1478260869565218
886280832,1,1,1,2.032967032967033
886301248,0,1,0,2.0
886321664,1,1,1,2.0847457627118646
886323520,1,1,1,2.347826086956522
886334656,0,1,0,2.7
886440448,0,1,0,3.2
886472000,1,1,1,2.643776824034335
886549952,0,1,0,3.0833333333333335
886566656,0,1,0,2.8947368421052633
886579648,1,1,1,2.226950354609929
886672448,1,1,1,1.6630434782608696
887201408,0,1,0,2.0
887451968,1,1,1,1.83
887715520,0,1,0,2.0
887912256,1,1,1,2.8095238095238093
887960512,0,1,0,1.0
888040320,0,1,0,2.6
888363264,0,1,0,2.0
888398528,0,1,1,2.2972972972972974
888530304,1,1,1,1.962962962962963
888654656,0,1,1,2.0689655172413794
888775296,1,1,1,2.556603773584906
888866240,1,1,1,2.5555555555555554
888910784,0,1,0,4.0
889202176,1,1,0,2.7333333333333334
889220736,1,1,1,2.3454545454545452
889337664,0,1,1,2.6363636363636362
889410048,0,1,0,1.6666666666666667
889491712,0,1,0,1.3333333333333333
889534400,0,1,1,2.330827067669173
889547392,0,1,0,2.0
889745984,1,1,1,2.2045454545454546
889822080,1,1,1,2.220657276995305
889851776,0,1,0,2.0
889866624,0,1,0,1.4615384615384615
889874048,0,1,0,5.0
889881472,0,1,0,3.0
890365888,0,1,1,2.1315789473684212
890501376,0,1,0,2.3333333333333335
890724096,1,1,1,2.2467532467532467
890731520,1,1,1,2.076923076923077
890738944,1,1,1,2.5043478260869567
890826176,1,1,1,2.2738095238095237
893192576,1,1,1,2.0925925925925926
893227840,0,1,1,2.142857142857143
893452416,1,1,0,1.9
893491392,0,1,1,2.0454545454545454
893806912,0,1,1,1.0
893808768,0,1,0,2.3333333333333335
893858880,0,1,0,1.3333333333333333
893912704,0,1,0,2.0
893944256,0,1,0,2.2
893953536,0,1,0,3.5
894140992,0,1,0,2.3333333333333335
894205952,0,1,0,1.3333333333333333
894311744,0,1,1,2.202127659574468
894525184,1,1,1,2.5445544554455446
894541888,0,1,0,3.0
894560448,1,1,1,2.6346153846153846
894577152,0,1,0,2.4266666666666667
894643968,0,1,0,3.3333333333333335
894662528,1,1,1,2.5049019607843137
894679232,1,1,1,2.789473684210526
894729344,0,1,0,3.0526315789473686
894788736,0,1,1,1.75
894859264,0,1,0,2.4
894905664,1,1,0,2.4545454545454546
895126528,0,1,1,2.5538461538461537
895241600,0,1,0,1.25
895286144,0,1,0,2.0
895447616,0,1,0,1.25
895477312,0,1,0,2.3448275862068964
895614656,1,1,1,2.125
895620224,0,1,0,1.7142857142857142
895642496,1,1,1,2.6875
895796544,0,1,1,3.5714285714285716
895985856,0,1,1,1.6666666666666667
895987712,1,1,1,2.3333333333333335
896089792,1,1,1,2.4402985074626864
896332928,0,1,0,2.142857142857143
896412736,0,1,0,2.0
896791360,0,1,0,3.125
896869312,1,1,1,2.423963133640553
896926848,1,1,1,2.4178082191780823
896936128,0,1,0,3.0
897207104,1,1,1,2.1714285714285713
897335168,1,1,1,2.9285714285714284
897337024,0,1,0,3.3333333333333335
897388992,1,1,1,2.315436241610738
897682240,0,1,1,3.3333333333333335
897780608,1,1,1,2.4518072289156625
897929088,0,1,0,3.0
897958784,0,1,1,2.8
897995904,0,1,1,2.5961538461538463
898005184,1,1,0,1.8571428571428572
898062720,0,1,1,2.0
898168512,1,1,1,2.595744680851064
898237184,0,1,0,2.1666666666666665
898534144,0,1,0,2.0
898628800,1,1,1,2.440963855421687
898649216,0,1,1,2.3846153846153846
898693760,1,1,0,3.0
898883072,1,1,1,2.75
899083520,1,1,0,2.0
899168896,0,1,0,2.25
899515968,0,1,0,2.5
899755392,0,1,1,2.2857142857142856
899764672,1,1,1,1.4545454545454546
899768384,0,1,0,1.6666666666666667
899788800,0,1,0,2.0
899824064,0,1,0,3.1666666666666665
899866752,1,1,1,2.4405940594059405
900113600,1,1,1,2.5142857142857142
900275072,0,1,1,3.111111111111111
900429120,0,1,0,2.2857142857142856
900857856,0,1,1,2.340659340659341
900891264,0,1,0,2.625
900978496,1,1,1,2.3548387096774195
901234624,1,1,1,2.789473684210526
901238336,1,1,1,2.142857142857143
901475904,0,1,1,2.1739130434782608
901539008,0,1,0,2.0
901796992,0,1,0,2.5
901828544,0,1,0,3.5
902064256,0,1,1,2.2708333333333335
902201600,0,1,1,1.8
902491136,0,1,0,2.0
902758400,1,1,1,2.515151515151515
902854912,0,1,0,3.0
902938432,1,1,1,2.3958333333333335
903081344,0,1,1,2.7837837837837838
903330048,1,1,1,2.5343915343915344
903378304,0,1,1,2.543859649122807
903580608,0,1,1,2.2
903677120,1,1,1,2.409937888198758
903816320,0,1,1,2.1884057971014492
903920256,0,1,1,2.5
903944384,1,1,1,2.2527472527472527
904020480,0,1,0,3.0
904189376,0,1,0,1.8235294117647058
904239488,0,1,1,1.903225806451613
904517888,0,1,0,2.3333333333333335
904679360,0,1,0,3.25
904974464,1,1,1,2.4210526315789473
905039424,0,1,0,3.0
905057984,0,1,0,4.0
905080256,1,1,1,2.75
905499712,0,1,1,1.8
905605504,0,1,0,2.7
906036096,0,1,1,2.2857142857142856
906140032,0,1,1,2.823529411764706
906368320,0,1,0,3.1
906403584,1,1,1,2.1666666666666665
906436992,0,1,0,1.8
906505664,0,1,0,3.0
906826752,0,1,1,1.875
906952960,0,1,1,2.8823529411764706
906973376,0,1,1,2.5416666666666665
907006784,0,1,1,2.347826086956522
907025344,0,1,0,3.0
907077312,0,1,0,3.5
907179392,1,1,1,2.3380281690140845
907203520,0,1,0,1.0
907352000,1,1,0,2.5555555555555554
907381696,0,1,0,3.0
907494912,1,1,1,2.3940972222222223
907630400,0,1,0,1.6
907687936,0,1,0,1.0
907977472,1,1,1,2.7027027027027026
908183488,0,1,0,1.0
908617792,0,1,1,2.1634615384615383
908794112,0,1,0,2.0
908940736,0,1,1,2.2857142857142856
909024256,1,1,1,2.2354948805460753
909026112,1,1,1,2.2
909094784,0,1,1,1.4
909195008,0,1,0,1.7
909228416,0,1,0,1.0
909493824,0,1,0,1.763157894736842
910304896,0,1,0,2.3
910826432,0,1,1,2.0
911542848,0,1,0,3.0
912769664,1,1,1,1.847457627118644
913257792,0,1,0,1.6666666666666667
913283776,0,1,1,1.4166666666666667
913476800,0,1,0,1.0
913825728,1,1,1,1.8130841121495327
914662784,1,1,1,2.0
916555904,0,1,0,3.0
916576320,0,1,0,1.5
916780480,0,1,1,1.4404761904761905
916825024,0,1,0,1.3333333333333333
916979072,1,1,0,1.5
916984640,0,1,1,1.2142857142857142
917003200,1,1,1,1.7195121951219512
917038464,0,1,0,1.0
917133120,0,1,0,1.0
917177664,0,1,1,2.0
917400384,0,1,1,1.6666666666666667
917404096,0,1,0,1.6666666666666667
917457920,1,1,1,2.2
917517312,0,1,1,1.6296296296296295
917571136,0,1,0,3.0
917684352,0,1,0,1.5
917788288,0,1,1,1.7
917925632,0,1,0,2.25
918088960,0,1,0,1.85
918107520,0,1,0,2.0
918220736,0,1,1,1.0
918261568,0,1,0,2.6666666666666665
918263424,0,1,0,1.8571428571428572
918304256,0,1,0,1.0
918408192,0,1,0,1.3333333333333333
918452736,0,1,0,1.0
918586368,1,1,1,1.7417582417582418
918944576,1,1,1,2.1002865329512894
919204416,1,1,1,1.7455357142857142
919222976,1,1,1,2.090909090909091
919351040,1,1,1,2.205607476635514
919404864,0,1,0,4.0
919553344,0,1,1,2.25
919835456,0,1,0,2.4
919976512,0,1,0,3.2222222222222223
919996928,0,1,0,2.0
920115712,0,1,0,3.0
920423808,1,1,1,2.361904761904762
920754176,0,1,1,2.784313725490196
920802432,0,1,1,2.3846153846153846
921108672,1,1,1,2.441747572815534
921333248,0,1,0,2.0
921730432,0,1,0,2.0
921741568,0,1,1,2.8333333333333335
921745280,1,1,1,2.25
921919744,0,1,0,2.8125
921951296,0,1,0,3.0
922081216,0,1,0,3.5714285714285716
922094208,0,1,1,1.9166666666666667
922433856,0,1,0,1.0
922495104,0,1,0,2.0
922706688,1,1,1,2.658536585365854
922827328,1,1,1,2.1627906976744184
922844032,0,1,0,1.1428571428571428
922884864,0,1,0,3.0
922886720,0,1,1,2.6363636363636362
923196672,0,1,0,2.0
923406400,1,1,1,2.4518072289156625
923534464,1,1,0,2.0
923773888,0,1,1,2.293103448275862
923814720,0,1,0,1.5
923864832,0,1,0,1.4333333333333333
924343680,1,1,0,2.6
924364096,0,1,0,2.4285714285714284
924605376,0,1,0,3.6666666666666665
924935744,1,1,0,2.8666666666666667
924980288,0,1,0,1.875
925028544,0,1,0,1.0
925305088,0,1,0,2.857142857142857
925509248,1,1,1,2.8846153846153846
925559360,0,1,0,2.0
925639168,1,1,1,2.161137440758294
925793216,1,1,1,1.7586206896551724
925822912,1,1,1,2.473429951690821
925854464,0,1,0,3.6
925893440,0,1,1,2.1538461538461537
926006656,0,1,1,2.9
926114304,1,1,1,2.25
926136576,0,1,1,2.1818181818181817
926205248,1,1,1,2.4108527131782944
926407552,0,1,1,2.066666666666667
926650688,0,1,0,1.6666666666666667
926706368,0,1,0,1.6666666666666667
927049728,0,1,0,3.0
927433920,0,1,1,2.1666666666666665
927504448,0,1,0,4.0
927678912,0,1,1,2.36
927847808,0,1,0,1.4
928035264,1,1,0,3.0
928111360,1,1,1,2.3419689119170983
928317376,0,1,1,2.5306122448979593
928322944,0,1,1,2.0
928476992,0,1,1,2.111111111111111
928502976,1,1,1,2.1739130434782608
928820352,1,1,1,2.3846153846153846
928896448,1,1,1,2.484848484848485
929013376,1,1,0,2.238095238095238
929425408,0,1,0,2.2857142857142856
929698240,0,1,1,2.6666666666666665
929766912,1,1,1,1.75
929846720,1,1,1,2.5833333333333335
929941376,0,1,1,2.6511627906976742
930086144,0,1,1,2.2758620689655173
930383104,0,1,1,1.9230769230769231
930518592,1,1,1,2.0662983425414363
930546432,0,1,1,2.0
930611392,0,1,0,1.8571428571428572
930635520,0,1,1,2.4615384615384617
930791424,0,1,0,3.5
930900928,0,1,0,3.0
930952896,1,1,1,2.5
931021568,0,1,0,1.6666666666666667
931067968,1,1,1,2.3493975903614457
931273984,0,1,1,2.2531645569620253
931329664,0,1,0,2.6666666666666665
931615488,0,1,1,2.25
931810368,0,1,0,1.6666666666666667
931838208,0,1,1,2.310344827586207
931923584,1,1,0,2.6666666666666665
932047936,0,1,0,2.6666666666666665
932073920,0,1,0,2.0
932214976,0,1,0,2.4
932517504,1,1,0,2.3
932562048,0,1,1,3.1
932571328,0,1,0,1.5
932680832,1,1,1,2.418918918918919
932734656,0,1,0,2.25
932768064,0,1,1,2.2758620689655173
932836736,0,1,1,2.2962962962962963
932857152,0,1,1,1.7857142857142858
932968512,0,1,0,1.6666666666666667
933089152,0,1,1,2.5303030303030303
933094720,1,1,1,2.2695652173913046
933269184,0,1,0,2.0
933933632,1,1,1,2.3488372093023258
934000448,1,1,1,2.0794701986754967
934037568,1,1,1,2.2875
934408768,0,1,1,2.4615384615384617
934804096,1,1,1,2.2333333333333334
934805952,0,1,0,1.4
934919168,1,1,1,2.377581120943953
934926592,0,1,0,1.0
934982272,0,1,0,2.0
935006400,1,1,1,2.3896103896103895
935431424,1,1,1,2.411764705882353
935661568,1,1,1,2.6774193548387095
935889856,0,1,1,2.8333333333333335
935991936,0,1,0,2.5
935999360,1,1,1,2.506172839506173
936042048,1,1,1,2.4894957983193278
936145984,1,1,0,2.057142857142857
936196096,1,1,1,2.3863636363636362
936205376,1,1,0,2.5384615384615383
936376128,1,1,0,2.9
936411392,1,1,1,2.5544554455445545
936416960,1,1,1,2.65
936506048,1,1,0,2.6666666666666665
936530176,0,1,0,2.3333333333333335
936539456,0,1,1,2.5
936611840,1,1,1,2.7333333333333334
936641536,0,1,0,2.3333333333333335
936658240,1,1,1,2.5813953488372094
936693504,0,1,1,2.4583333333333335
936723200,1,1,1,2.401098901098901
936801152,1,1,1,2.475
937038720,1,1,1,2.185185185185185
937092544,1,1,1,2.9166666666666665
937107392,1,1,1,2.248618784530387
937376512,0,1,0,2.0
937963008,0,1,0,2.0
938016832,0,1,1,2.0
938154176,1,1,1,2.0526315789473686
938280384,0,1,0,2.0
938553216,1,1,0,2.090909090909091
938560640,1,1,0,2.579710144927536
938686848,0,1,0,3.5714285714285716
938811200,0,1,1,2.25531914893617
938963392,0,1,1,2.6785714285714284
939167552,0,1,1,3.2
939178688,1,1,1,2.2534883720930234
939239936,0,1,1,2.353932584269663
939548032,1,1,0,1.9130434782608696
939564736,0,1,0,2.0
939915520,0,1,0,1.4
939939648,0,1,0,1.5
940232896,1,1,1,2.225806451612903
940321984,0,1,0,2.0
940344256,0,1,1,2.611111111111111
940375808,1,1,1,2.1794871794871793
940438912,0,1,0,1.0
940515008,0,1,0,2.16
940927040,0,1,1,2.6
941003136,0,1,0,1.0
941201728,0,1,0,4.0
941314944,0,1,1,1.8181818181818181
941461568,0,1,0,1.4
941663872,1,1,1,2.3529411764705883
941675008,1,1,1,2.0
941793792,1,1,1,1.7017543859649122
941799360,0,1,0,1.5263157894736843
941879168,0,1,0,3.2
942005376,1,1,1,2.115702479338843
942144576,0,1,0,3.5
942591872,1,1,1,2.2962962962962963
942732928,0,1,0,3.4375
942825728,0,1,1,3.2222222222222223
942842432,0,1,0,3.0
943068864,0,1,0,1.6666666666666667
943146816,0,1,0,4.0
943250752,0,1,0,1.6666666666666667
943330560,1,1,0,2.05
943427072,1,1,1,2.3728813559322033
943434496,1,1,1,2.24468085106383
943542144,1,1,1,2.2948717948717947
943729600,0,1,0,2.411764705882353
943805696,0,1,0,2.0
943956032,1,1,1,2.652173913043478
944258560,1,1,1,2.2745098039215685
944381056,1,1,0,1.7173913043478262
944394048,0,1,0,2.3333333333333335
944433024,0,1,0,1.0
944858048,0,1,0,1.625
945023232,0,1,0,2.0
945043648,1,1,0,2.6
945292352,0,1,0,3.0
945368448,1,1,1,2.33
945533632,0,1,0,2.5
945567040,0,1,0,2.2962962962962963
945685824,0,1,1,2.1666666666666665
945704384,0,1,0,2.0
945771200,0,1,0,2.857142857142857
945851008,1,1,0,2.0
945949376,1,1,0,2.35
946088576,1,1,0,2.4347826086956523
946090432,0,1,0,1.2352941176470589
946170240,1,1,0,1.95
946248192,0,1,0,5.0
946303872,0,1,1,2.4375
946344704,0,1,0,3.3333333333333335
946541440,0,1,1,1.7407407407407407
946571136,0,1,1,2.6
946808704,0,1,1,2.764705882352941
946959040,1,1,0,1.5714285714285714
947029568,0,1,0,1.75
947213312,0,1,1,2.142857142857143
947220736,0,1,0,2.125
947500992,0,1,1,2.0625
947525120,0,1,0,2.5294117647058822
947539968,0,1,1,1.6
947562240,0,1,0,3.6666666666666665
947577088,0,1,0,4.0
947688448,1,1,0,2.4857142857142858
947755264,1,1,1,2.277227722772277
947803520,0,1,1,2.272727272727273
948046656,0,1,0,1.25
948055936,1,1,1,2.72
948067072,0,1,0,2.0
948143168,0,1,0,1.5
948158016,0,1,0,2.0
948193280,1,1,1,1.9266666666666667
948234112,0,1,1,3.0
948419712,0,1,0,1.8846153846153846
948492096,1,1,1,2.23728813559322
948614592,1,1,1,2.0533333333333332
950542976,1,1,1,2.3255813953488373
950565248,0,1,0,2.5
950787968,1,1,0,2.72972972972973
950865920,1,1,0,1.8461538461538463
950971712,1,1,1,1.8214285714285714
951036672,0,1,1,1.5
951116480,0,1,0,4.0
951175872,0,1,1,2.5308641975308643
951190720,0,1,1,2.5681818181818183
951196288,0,1,0,3.3333333333333335
951717824,0,1,0,1.6666666666666667
951836608,1,1,0,2.0
952087168,0,1,1,2.7419354838709675
952237504,0,1,0,3.2222222222222223
952274624,1,1,1,1.8716216216216217
952918656,0,1,0,1.0
954633600,0,1,1,1.627906976744186
954815488,0,1,0,2.0
955223808,0,1,0,3.0
955381568,0,1,0,4.0
955431680,0,1,0,2.5
955498496,0,1,0,2.3333333333333335
956599104,0,1,0,2.2
957523392,0,1,0,3.8
957584640,0,1,1,2.090909090909091
958089472,1,1,0,1.3333333333333333
958538624,0,1,0,1.0
958657408,1,1,1,1.7734375
959028608,0,1,0,1.3333333333333333
959130688,0,1,0,1.0
959243904,1,1,1,1.549342105263158
961536064,0,1,0,2.857142857142857
962295168,0,1,0,1.7142857142857142
962297024,0,1,1,1.62
962955904,0,1,1,1.7413793103448276
963050560,1,1,1,2.290909090909091
963122944,0,1,1,1.76
963592512,0,1,1,1.679245283018868
963776256,0,1,0,1.3333333333333333
964186432,0,1,0,1.5
964572480,0,1,0,1.625
964880576,0,1,0,2.0
964949248,0,1,1,1.7567567567567568
964973376,0,1,0,1.4
965294464,0,1,1,1.5822784810126582
965337152,0,1,0,1.2222222222222223
965455936,1,1,1,1.8888888888888888
965598848,1,1,1,1.6363636363636365
965867968,0,1,0,2.0
965932928,0,1,0,2.0
966437760,0,1,1,1.6363636363636365
966473024,0,1,0,1.5
966745856,0,1,1,1.5
966833088,0,1,0,2.0
966907328,0,1,0,1.6666666666666667
967046528,0,1,1,1.6494845360824741
967222848,0,1,0,1.0
967313792,0,1,0,3.2
967358336,0,1,0,2.142857142857143
967800064,0,1,0,1.0
968252928,0,1,0,1.6666666666666667
968405120,0,1,0,1.0
968505344,0,1,0,2.0
968551744,0,1,0,1.5384615384615385
968948928,1,1,1,1.5909090909090908
968950784,0,1,0,1.7272727272727273
969013888,1,1,1,2.0168067226890756
969091840,0,1,1,2.142857142857143
969219904,0,1,1,2.1666666666666665
969303424,0,1,1,2.423841059602649
969451904,1,1,1,2.2818181818181817
969568832,0,1,1,2.761904761904762
969813824,1,1,1,2.6666666666666665
969849088,1,1,0,2.8
969880640,0,1,1,1.75
970164608,0,1,0,2.5454545454545454
970530240,0,1,0,3.5
970571072,1,1,1,2.0555555555555554
970582208,0,1,0,2.25
970732544,1,1,1,2.240740740740741
971226240,1,1,1,2.1555555555555554
971350592,0,1,0,5.0
971480512,1,1,1,1.5352112676056338
971508352,0,1,1,1.5365853658536586
971582592,0,1,0,2.0
971601152,1,1,1,1.7643020594965675
971673536,1,1,1,2.448780487804878
971803456,0,1,0,2.619047619047619
972091136,1,1,1,2.679611650485437
972104128,1,1,1,2.449275362318841
972115264,1,1,1,2.5
972178368,0,1,1,2.731707317073171
972189504,1,1,1,2.5
972367680,1,1,1,2.288100208768267
972547712,0,1,0,2.8333333333333335
972842816,1,1,1,2.4
973106368,1,1,1,2.450381679389313
973167616,0,1,1,1.75
973484992,0,1,1,1.0
973535104,1,1,1,2.28
973544384,0,1,1,3.0
974136448,0,1,1,2.263157894736842
974221824,0,1,1,1.5
974459392,0,1,0,2.0
974683968,1,1,1,2.5483870967741935
974760064,0,1,1,2.3181818181818183
974917824,0,1,0,2.0
975008768,1,1,1,2.3947368421052633
975105280,0,1,0,2.5
975155392,0,1,1,2.1052631578947367
975248192,0,1,1,2.642857142857143
975300160,1,1,0,2.4347826086956523
975337280,0,1,0,2.0526315789473686
975691776,1,1,1,2.272727272727273
975714048,1,1,1,2.506666666666667
975901504,0,1,0,2.0
975988736,0,1,0,2.0
976033280,1,1,0,2.0
976122368,1,1,1,2.4583333333333335
976337664,0,1,0,2.5
976736704,1,1,0,1.967741935483871
976757120,1,1,1,2.7294117647058824
976786816,0,1,1,2.35
977213696,0,1,0,2.2941176470588234
977274944,0,1,1,2.7083333333333335
977341760,0,1,0,4.0
977354752,0,1,0,2.0
977414144,0,1,0,2.7857142857142856
977614592,0,1,1,2.2941176470588234
977646144,0,1,1,2.869565217391304
977670272,1,1,1,2.35
977733376,0,1,0,1.3333333333333333
977735232,1,1,1,2.765217391304348
977828032,1,1,1,2.3684210526315788
978004352,0,1,1,3.375
978197376,1,1,1,2.4651162790697674
978221504,1,1,1,2.310769230769231
978264192,0,1,0,1.5
978273472,0,1,0,1.6666666666666667
978408960,1,1,1,2.2
978514752,0,1,0,1.0
978789440,0,1,1,1.4615384615384615
978839552,1,1,1,2.306179775280899
978878528,0,1,0,2.5
978947200,0,1,1,2.6153846153846154
979025152,1,1,1,2.024793388429752
979283136,0,1,0,3.0
979374080,0,1,0,2.0
979669184,0,1,1,1.25
979800960,0,1,0,3.0
979867776,1,1,1,2.1043478260869564
980211136,0,1,0,4.0
980225984,1,1,1,2.121654501216545
980391168,1,1,0,2.4444444444444446
980513664,1,1,1,1.8363636363636364
980675136,0,1,0,2.0
980734528,1,1,1,2.5217391304347827
980821760,0,1,0,1.5
981048192,0,1,0,2.0
981202240,1,1,1,2.156716417910448
981263488,0,1,1,2.5555555555555554
981309888,0,1,1,3.0
981603136,0,1,0,2.2
981638400,0,1,1,2.0
981779456,0,1,1,1.8484848484848484
982122816,1,1,1,2.037037037037037
982226752,1,1,1,2.32
982299136,0,1,1,2.0
982427200,0,1,0,2.4
982462464,1,1,0,3.2
982698176,1,1,1,2.303030303030303
982887488,0,1,0,1.0
982896768,0,1,0,1.5
983024832,0,1,1,2.2564102564102564
983355200,0,1,0,2.0
983555648,0,1,0,2.5
985161088,1,1,1,2.111111111111111
985469184,0,1,0,1.0
986089088,0,1,1,2.5
986738688,0,1,1,1.6666666666666667
989285120,0,1,0,1.0
989578368,1,1,1,2.6470588235294117
990107328,0,1,0,2.0
990413568,0,1,0,2.0
990896128,1,1,1,2.4347826086956523
991614400,0,1,1,1.5555555555555556
992011584,1,1,1,1.536231884057971
992468160,0,1,1,2.3181818181818183
992614784,0,1,1,2.0454545454545454
992776256,0,1,1,2.181159420289855
992792960,1,1,1,2.153125
993041664,1,1,1,1.4
993199424,0,1,0,1.5
993281088,0,1,0,1.4
993938112,1,1,1,2.14580265095729
994142272,1,1,1,2.3087557603686637
994348288,1,1,1,2.1568228105906315
994387264,0,1,0,1.0
994723200,0,1,0,2.0
994732480,1,1,1,1.9894736842105263
995684608,0,1,1,2.3636363636363638
995727296,1,1,1,1.736842105263158
995918464,0,1,0,1.5714285714285714
996052096,0,1,0,1.4166666666666667
996349056,1,1,1,1.7173913043478262
996452992,0,1,0,2.0
996564352,0,1,1,1.75
996863168,1,1,0,2.5416666666666665
997100736,0,1,0,1.9
997104448,0,1,0,2.0
997115584,0,1,0,1.0
997148992,1,1,0,2.5
997256640,0,1,0,3.15
997321600,1,1,1,2.4166666666666665
997406976,0,1,1,2.8181818181818183
997542464,1,1,0,2.6956521739130435
997601856,0,1,0,2.0
997909952,0,1,0,2.3333333333333335
997928512,1,1,1,2.09375
998223616,0,1,1,2.4285714285714284
998286720,0,1,1,2.1911764705882355
998360960,0,1,0,2.45
998444480,1,1,1,2.8666666666666667
998470464,0,1,0,3.0
998477888,1,1,0,1.6153846153846154
998498304,0,1,1,2.25
998526144,0,1,1,2.05
998576256,0,1,1,2.5
998583680,0,1,1,2.3333333333333335
998628224,0,1,0,1.5
998728448,0,1,0,2.0
998772992,1,1,1,2.0833333333333335
998784128,1,1,1,2.46875
998871360,1,1,1,2.423469387755102
999029120,1,1,0,2.6666666666666665
999068096,0,1,0,2.0
999168320,0,1,0,2.6666666666666665
999179456,0,1,0,2.5
999227712,1,1,1,2.5533980582524274
999240704,0,1,0,3.0
999261120,0,1,0,3.0
999264832,1,1,1,3.75
999398464,0,1,0,2.4285714285714284
999474560,0,1,0,2.6666666666666665
999513536,0,1,0,2.5
999569216,0,1,1,2.6363636363636362
999574784,0,1,1,2.272727272727273
999580352,0,1,1,1.7142857142857142
999582208,0,1,0,3.5
999593344,0,1,0,2.0
999615616,0,1,0,3.5
999624896,0,1,0,2.0
999641600,0,1,0,2.0
999654592,0,1,0,1.3333333333333333
999682432,0,1,0,6.0
999721408,0,1,0,2.5
999738112,1,1,1,2.4615384615384617
999739968,0,1,0,2.5
999754816,1,1,1,2.7613636363636362
1000012800,0,1,0,1.0
1000122304,1,1,0,2.0
1000281920,1,1,1,2.4125
1000330176,1,1,1,2.774193548387097
1000491648,1,1,1,2.5619047619047617
1000565888,0,1,1,2.375
1000577024,0,1,0,2.619047619047619
1000796032,0,1,1,2.230769230769231
1000807168,1,1,1,2.4646464646464645
1001042880,0,1,0,2.3333333333333335
1001111552,1,1,1,2.1868131868131866
1001146816,0,1,0,1.0
1001440064,0,1,1,2.462962962962963
1001492032,0,1,0,2.0
1001592256,0,1,0,1.0
1001595968,0,1,0,3.0
1001612672,0,1,0,2.0
1001677632,0,1,0,2.933333333333333
1001707328,0,1,0,2.8
1001712896,0,1,0,2.6666666666666665
1001714752,0,1,0,2.4285714285714284
1001744448,0,1,0,2.5714285714285716
1001776000,0,1,1,2.466666666666667
1001982016,0,1,0,2.125
1002102656,1,1,1,2.4347826086956523
1002106368,1,1,1,1.837837837837838
1002115648,0,1,0,2.6923076923076925
1002182464,1,1,1,3.0
1003019520,0,1,1,2.272727272727273
1004585984,1,1,0,2.076923076923077
1004617536,0,1,1,1.0
1004699200,0,1,0,1.0
1004825408,1,1,1,2.16875
1004836544,1,1,1,1.5333333333333334
1005029568,1,1,1,1.575
1005059264,1,1,1,2.0875
1005142784,1,1,1,2.125
1005174336,0,1,0,3.3333333333333335
1005230016,0,1,1,2.5
1005389632,1,1,1,2.4578313253012047
1005393344,0,1,0,2.764705882352941
1005430464,0,1,0,2.0
1005475008,0,1,0,2.0
1005500992,0,1,0,1.7142857142857142
1005616064,1,1,1,2.357142857142857
1005729280,0,1,1,2.9
1005732992,0,1,0,2.5
1005924160,1,1,1,2.0697674418604652
1005942720,0,1,0,3.0
1005976128,1,1,1,2.037037037037037
1005983552,0,1,1,1.0
1006050368,0,1,0,2.3529411764705883
1006132032,0,1,0,2.5
1006167296,1,1,1,2.1486486486486487
1006213696,1,1,1,2.275
1006302784,1,1,0,1.7142857142857142
1006313920,0,1,0,3.0
1006319488,1,1,1,2.4742268041237114
1006334336,1,1,0,3.210526315789474
1006349184,0,1,1,2.6333333333333333
1006436416,0,1,0,4.0
1006532928,0,1,0,1.3333333333333333
1006568192,0,1,0,3.0
1006614592,1,1,1,2.5795454545454546
1006670272,0,1,1,2.3373493975903616
1006712960,1,1,1,2.125
1006891136,0,1,1,2.4776119402985075
1006917120,1,1,1,2.6607142857142856
1006998784,1,1,1,2.48
1007015488,1,1,1,2.5217391304347827
1007212224,1,1,1,2.770700636942675
1007247488,1,1,1,2.4
1007314304,1,1,1,2.5692307692307694
1007576000,1,1,0,2.5
1007635392,0,1,0,3.0
1007739328,0,1,0,2.2857142857142856
1007817280,1,1,1,2.672199170124481
1007820992,1,1,1,2.5078125
1007830272,0,1,1,1.9259259259259258
1007880384,0,1,1,1.7777777777777777
1008056704,0,1,1,3.142857142857143
1008080832,0,1,1,1.3333333333333333
1008082688,0,1,0,3.6666666666666665
1008116096,0,1,0,3.1666666666666665
1008201472,0,1,0,2.5
1008335104,1,1,0,3.5
1008370368,1,1,1,2.317073170731707
1008511424,0,1,1,2.671875
1008613504,0,1,0,3.0
1008698880,1,1,0,2.9
1008748992,0,1,0,2.6666666666666665
1008800960,0,1,0,3.142857142857143
1008955008,1,1,1,2.1363636363636362
1009040384,1,1,0,2.8095238095238093
1009066368,1,1,1,2.3055555555555554
1009355904,0,1,0,2.0
1009406016,0,1,0,2.6153846153846154
1009480256,1,1,0,2.2666666666666666
1009495104,0,1,1,2.5964912280701755
1009508096,1,1,0,2.0
1009641728,0,1,1,2.3636363636363638
1009671424,0,1,0,2.0
1009894144,0,1,0,1.0
1009959104,1,1,1,2.5294117647058822
1010090880,1,1,1,2.736842105263158
1010144704,0,1,1,2.3230769230769233
1010204096,0,1,0,1.5
1010334016,0,1,1,2.3333333333333335
1010391552,1,1,1,2.5488721804511276
1010404544,0,1,0,2.5
1010430528,0,1,1,2.95
1010465792,0,1,0,4.0
1010515904,0,1,0,2.6363636363636362
1010573440,0,1,0,1.0
1010803584,0,1,0,2.3333333333333335
1010820288,1,1,1,2.92
1010955776,0,1,0,2.4444444444444446
1010970624,1,1,1,2.413793103448276
1011000320,1,1,1,2.2752293577981653
1011035584,0,1,1,2.4545454545454546
1011100544,0,1,0,1.75
1011139520,0,1,1,2.2753623188405796
1011145088,1,1,1,2.0
1011343680,1,1,1,2.84375
1011488448,0,1,0,2.0
1011540416,1,1,1,2.185185185185185
1011553408,1,1,1,2.391304347826087
1011625792,0,1,0,1.0
1011982144,0,1,0,2.75
1012026688,1,1,1,2.5714285714285716
1012093504,1,1,1,2.2972972972972974
1012191872,0,1,1,3.5
1012531520,1,1,1,2.25
1012615040,1,1,0,2.0
1012685568,0,1,0,2.0
1012731968,0,1,0,2.0
1012778368,0,1,0,3.4285714285714284
1012837760,0,1,0,3.0
1012941696,0,1,1,2.4545454545454546
1013004800,0,1,0,3.0
1013056768,1,1,1,2.7464788732394365
1013136576,0,1,1,2.24
1013156992,0,1,0,2.0
1013168128,0,1,1,2.5
1013446528,1,1,1,2.3333333333333335
1013457664,0,1,0,2.0
1013507776,0,1,1,2.0
1013530048,0,1,0,5.0
1013658112,1,1,1,2.5789473684210527
1013669248,1,1,1,2.654320987654321
1013685952,0,1,0,2.28
1013791744,0,1,0,2.4285714285714284
1013851136,0,1,0,3.0
1013999616,0,1,0,2.25
1014086848,1,1,1,2.6486486486486487
1014120256,0,1,1,2.9479166666666665
1014159232,0,1,0,2.0
1014198208,1,1,0,1.8333333333333333
1014539712,1,1,0,1.6
1014729024,1,1,1,2.5925925925925926
1014857088,1,1,1,2.6285714285714286
1014864512,0,1,0,2.4166666666666665
1014870080,0,1,0,2.0
1014884928,0,1,1,2.857142857142857
1014920192,0,1,1,2.2941176470588234
1014948032,0,1,0,3.0
1014981440,1,1,1,2.5142857142857142
1015011136,1,1,1,2.4523809523809526
1015194880,1,1,0,1.0
1015235712,0,1,0,2.8
1015246848,1,1,1,2.5760869565217392
1015321088,1,1,0,2.875
1015356352,0,1,0,3.0
1015358208,1,1,0,2.1904761904761907
1015449152,0,1,0,2.6153846153846154
1015495552,0,1,0,1.7333333333333334
1015502976,0,1,1,2.46875
1015517824,0,1,0,2.0
1015525248,0,1,0,2.75
1015562368,0,1,0,3.0
1015683008,0,1,1,2.090909090909091
1015762816,0,1,1,2.1904761904761907
1015902016,0,1,0,3.0
1015935424,0,1,0,2.4375
1015959552,1,1,0,2.6666666666666665
1015985536,1,1,1,2.6875
1016044928,0,1,0,3.0
1016210112,0,1,1,2.466666666666667
1016492224,1,1,1,2.2714285714285714
1016655552,1,1,1,2.466666666666667
1016726080,1,1,1,1.62
1016844864,0,1,0,3.5
1016874560,0,1,1,3.0
1017073152,0,1,1,2.0869565217391304
1017086144,1,1,1,1.8516746411483254
1017423936,0,1,0,2.142857142857143
1017498176,0,1,0,2.3333333333333335
1017553856,0,1,1,1.9444444444444444
1017592832,0,1,0,2.5
1017620672,1,1,1,2.1176470588235294
1017633664,1,1,1,3.1739130434782608
1017680064,0,1,0,3.0
1017685632,0,1,0,1.5
1017912064,0,1,1,2.082051282051282
1017975168,0,1,1,2.3333333333333335
1018008576,0,1,0,2.4615384615384617
1018218304,0,1,1,1.8888888888888888
1018381632,0,1,1,2.625
1018557952,0,1,1,2.0
1018583936,0,1,0,1.0
1018615488,0,1,1,2.5669291338582676
1018630336,0,1,0,2.25
1018734272,0,1,0,2.75
1018997824,1,1,1,2.4285714285714284
1019151872,1,1,1,2.5702005730659025
1019185280,0,1,1,2.272727272727273
1019259520,1,1,0,3.0
1019318912,1,1,1,2.4347826086956523
1019346752,0,1,0,2.0
1019435840,1,1,1,2.4237288135593222
1019446976,0,1,1,2.3333333333333335
1019597312,1,1,1,2.442622950819672
1019647424,1,1,1,2.2924335378323106
1019649280,0,1,0,2.6666666666666665
1019866432,0,1,1,1.2
1019884992,0,1,0,1.8823529411764706
1019894272,0,1,1,2.1551724137931036
1020024192,1,1,1,2.619047619047619
1020070592,1,1,1,2.4375
1020113280,0,1,0,1.0
1020172672,0,1,1,2.477272727272727
1020189376,0,1,1,2.375
1020361984,1,1,1,2.4761904761904763
1020373120,1,1,1,2.4285714285714284
1020384256,1,1,1,2.4375
1020462208,0,1,1,2.7777777777777777
1021475584,0,1,0,2.5
1021718720,0,1,0,3.0
1022654144,0,1,1,1.1666666666666667
1022813760,0,1,0,3.0
1023006784,0,1,0,1.0
1023025344,0,1,0,1.625
1023027200,0,1,1,1.4615384615384615
1023108864,1,1,1,2.1
1023140416,0,1,0,2.5
1023218368,0,1,0,2.1
1023609984,0,1,1,2.0
1023613696,0,1,1,2.217391304347826
1023877248,0,1,1,2.0
1024036864,0,1,0,2.6
1024185344,0,1,0,3.5
1024207616,0,1,1,2.3529411764705883
1024281856,1,1,1,1.748299319727891
1024437760,1,1,0,2.5
1024471168,0,1,0,2.857142857142857
1024500864,1,1,1,2.4657039711191335
1024532416,0,1,1,2.59375
1024695744,0,1,1,3.090909090909091
1024703168,0,1,1,1.8888888888888888
1024706880,1,1,1,2.303370786516854
1024710592,0,1,0,3.0
1024729152,0,1,1,2.5384615384615383
1024762560,0,1,0,3.0
1025014976,0,1,0,3.3333333333333335
1025131904,0,1,0,2.0
1025156032,0,1,0,1.0
1025189440,0,1,0,2.0
1025295232,0,1,0,1.3333333333333333
1025464128,1,1,1,2.3582089552238807
1025506816,0,1,0,2.0952380952380953
1025699840,1,1,0,3.0
1025809344,0,1,0,2.5384615384615383
1025852032,0,1,0,2.5
1025878016,0,1,1,2.6
1026117440,0,1,0,3.0
1026139712,0,1,0,2.2857142857142856
1026202816,1,1,1,2.4404761904761907
1026275200,0,1,0,2.6363636363636362
1026351296,0,1,0,2.6666666666666665
1026403264,0,1,0,2.6
1026546176,1,1,1,2.5
1026590720,0,1,0,2.8
1026698368,0,1,0,2.25
1026819008,0,1,0,1.5714285714285714
1026846848,0,1,0,2.608695652173913
1026960064,0,1,0,2.0
1027136384,1,1,1,2.4814814814814814
1027277440,0,1,1,1.875
1027535424,1,1,0,2.2857142857142856
1027546560,0,1,0,2.0
1027607808,0,1,0,2.0
1027657920,0,1,0,1.0
1027696896,0,1,0,2.090909090909091
1027758144,1,1,1,3.0
1027806400,0,1,0,3.0
1027817536,1,1,0,2.736842105263158
1027990144,0,1,0,2.642857142857143
1027992000,0,1,1,3.0
1028053248,0,1,1,1.8571428571428572
1028092224,1,1,1,2.502645502645503
1028131200,0,1,1,2.25
1028144192,1,1,0,2.0
1028175744,1,1,1,2.6263736263736264
1028244416,1,1,1,2.6
1028268544,1,1,1,1.975609756097561
1028272256,0,1,1,2.25
1028298240,0,1,0,4.0
1028376192,0,1,0,2.5
1028496832,0,1,0,2.857142857142857
1028782656,0,1,1,2.0
1028825344,1,1,1,2.7777777777777777
1028957120,1,1,1,2.6470588235294117
1028960832,0,1,1,1.9375
1029005376,1,1,1,2.6166666666666667
1029083328,0,1,1,2.5
1029179840,1,1,1,2.639423076923077
1029203968,0,1,0,3.625
1029320896,0,1,0,1.5
1029415552,0,1,0,2.5
1029848000,0,1,0,1.8571428571428572
1029894400,0,1,0,1.0
1030087424,0,1,0,2.4
1030271168,0,1,0,2.7916666666666665
1030382528,0,1,0,1.5
1030503168,1,1,1,2.0317460317460316
1030573696,0,1,0,4.0
1030716608,0,1,1,1.8208955223880596
1030729600,1,1,1,2.477064220183486
1030818688,0,1,1,2.7142857142857144
1030965312,1,1,1,2.6223776223776225
1031186176,1,1,1,2.4177215189873418
1031195456,0,1,0,3.3333333333333335
1031245568,0,1,0,2.52
1031767104,1,1,1,2.25
1031863616,0,1,0,2.5
1031948992,0,1,0,2.25
1031954560,0,1,0,1.0
1032097472,1,1,1,3.1627906976744184
1032179136,1,1,1,1.7796610169491525
1032255232,1,1,1,1.3333333333333333
1032281216,0,1,0,1.4
1032466816,1,1,1,1.7826086956521738
1032552192,1,1,1,2.3076923076923075
1032606016,0,1,1,2.260869565217391
1032641280,0,1,0,1.1666666666666667
1032734080,1,1,1,2.3684210526315788
1033040320,0,1,1,2.2586206896551726
1033086720,0,1,1,2.68
1033149824,0,1,1,2.0606060606060606
1033379968,1,1,1,3.1052631578947367
1033548864,1,1,0,2.5833333333333335
1033853248,0,1,1,2.8
1033962752,0,1,1,2.6666666666666665
1033999872,0,1,1,2.588235294117647
1034508416,0,1,0,3.0
1034569664,1,1,0,2.5833333333333335
1034619776,0,1,1,2.6363636363636362
1034623488,1,1,1,2.327272727272727
1034656896,1,1,1,2.1315789473684212
1034675456,1,1,1,2.606060606060606
1034790528,0,1,0,2.0
1034840640,0,1,1,3.0
1035141312,0,1,0,2.0
1035380736,1,1,1,2.25
1035466112,1,1,1,2.482889733840304
1035627584,1,1,1,3.0833333333333335
1035751936,1,1,1,2.4210526315789473
1035777920,0,1,0,2.0
1036134272,1,1,1,2.388888888888889
1036163968,0,1,1,2.3333333333333335
1036201088,1,1,1,2.435483870967742
1036336576,1,1,1,2.1016949152542375
1036403392,1,1,1,2.34375
1036434944,0,1,0,2.0
1036759744,1,1,1,2.6
1036906368,1,1,1,2.642857142857143
1037078976,0,1,0,2.4166666666666665
1037275712,0,1,0,2.5
1037502144,0,1,1,2.8823529411764706
1037607936,0,1,1,2.0416666666666665
1037708160,0,1,0,3.6666666666666665
1037819520,0,1,0,2.5714285714285716
1037945728,0,1,0,2.0
1037997696,0,1,0,3.3333333333333335
1038044096,0,1,1,1.8333333333333333
1038073792,1,1,1,2.986842105263158
1038135040,0,1,1,2.225806451612903
1038166592,0,1,1,2.3333333333333335
1038391168,0,1,0,2.5344827586206895
1038448704,1,1,0,2.0
1038548928,1,1,1,2.5925925925925926
1038571200,0,1,1,1.25
1038591616,1,1,1,2.759259259259259
1038955392,0,1,0,2.75
1039222656,1,1,1,2.7796610169491527
1039235648,0,1,0,3.1666666666666665
1039248640,0,1,0,3.0
1039376704,0,1,0,1.25
1039577152,1,1,1,2.6575342465753424
1039597568,0,1,1,2.52
1039623552,1,1,1,2.49003984063745
1039677376,0,1,0,2.5
1039751616,0,1,0,2.8666666666666667
1039816576,0,1,0,2.3142857142857145
1039853696,1,1,1,2.8106060606060606
1039965056,0,1,0,2.5
1039972480,1,1,1,2.5551470588235294
1040081984,1,1,1,2.5365853658536586
1040111680,1,1,1,1.6
1040210048,1,1,1,2.494949494949495
1040260160,0,1,0,3.6
1040393792,0,1,1,2.3225806451612905
1040436480,1,1,1,2.5121951219512195
1040722304,0,1,0,2.8
1040746432,0,1,0,2.0
1040785408,0,1,0,2.0
1040816960,0,1,0,3.0
1040880064,0,1,0,2.0
1041203008,1,1,0,2.625
1041319936,1,1,1,2.6666666666666665
1041633600,0,1,0,2.7857142857142856
1041722688,1,1,1,2.5
1041770944,0,1,0,3.6666666666666665
1041837760,0,1,1,2.857142857142857
1041843328,0,1,1,1.8888888888888888
1041917568,0,1,0,2.0
1041958400,1,1,1,2.737704918032787
1042366720,0,1,1,2.4210526315789473
1042452096,0,1,0,2.6666666666666665
1042752768,1,1,0,2.2142857142857144
1042767616,1,1,1,2.6818181818181817
1042869696,1,1,1,2.408256880733945
1043070144,0,1,1,2.449438202247191
1043079424,1,1,1,2.122137404580153
1043565696,1,1,0,2.8
1043571264,0,1,0,2.0
1043647360,0,1,1,1.6
1043766144,0,1,0,2.7
1043857088,0,1,0,3.0
1043873792,1,1,0,1.3333333333333333
1043914624,1,1,1,1.7692307692307692
1044241280,0,1,0,2.1
1044365632,1,1,0,2.6666666666666665
1044441728,0,1,0,3.0
1044606912,1,1,1,2.5
1044818496,0,1,1,2.4363636363636365
1044846336,0,1,1,1.5714285714285714
1044965120,1,1,1,2.09375
1045172992,0,1,0,1.0
1045185984,1,1,1,2.3043478260869565
1045401280,0,1,1,2.1951219512195124
1045820736,0,1,1,2.0
1045945088,0,1,1,2.0
1046088000,1,1,0,3.0
1046097280,1,1,1,2.3333333333333335
1046156672,0,1,1,1.6666666666666667
1046219776,1,1,0,1.8
1046702336,0,1,0,2.5
1046735744,0,1,1,2.1492537313432836
1046748736,0,1,0,2.5
1046763584,0,1,1,2.5454545454545454
1046871232,0,1,1,2.2222222222222223
1047168192,1,1,1,2.261744966442953
1047184896,1,1,1,2.519607843137255
1047253568,0,1,1,2.4
1047255424,0,1,0,1.0
1047351936,0,1,0,1.0
1047426176,0,1,0,1.7
1047496704,1,1,1,1.6666666666666667
1047680448,0,1,0,2.3333333333333335
1047836352,0,1,0,2.0
1047977408,0,1,1,2.4545454545454546
1048112896,0,1,0,2.6
1048124032,0,1,0,2.0
1048164864,1,1,1,2.5096153846153846
1048925824,0,1,0,3.142857142857143
1049232064,0,1,1,2.6956521739130435
1049465920,1,1,1,1.8529411764705883
1049686784,1,1,1,2.517948717948718
1049727616,0,1,1,2.2666666666666666
1049946624,1,1,1,2.1948051948051948
1050169344,0,1,0,2.6666666666666665
1050212032,0,1,1,2.9285714285714284
1050228736,0,1,1,2.727272727272727
1050286272,1,1,0,3.0
1050419904,1,1,1,2.2941176470588234
1050664896,0,1,0,1.0
1050668608,0,1,1,2.2448979591836733
1050711296,0,1,0,2.0
1050737280,1,1,1,1.9803921568627452
1050750272,0,1,0,2.590909090909091
1051099200,1,1,1,2.2
1051138176,1,1,1,2.076923076923077
1051308928,0,1,0,2.5
1051694976,0,1,0,1.7777777777777777
1051836032,1,1,1,2.591549295774648
1051939968,1,1,1,1.948356807511737
1052012352,1,1,0,2.1666666666666665
1052060608,1,1,1,1.53125
1052064320,1,1,1,1.6258992805755397
1052101440,0,1,1,2.3564356435643563
1052526464,0,1,0,2.25
1052641536,0,1,1,2.5813953488372094
1052858688,1,1,1,2.3793103448275863
1053473024,1,1,0,1.5
1053499008,0,1,1,2.2222222222222223
1053627072,0,1,0,2.0
1053834944,0,1,1,2.3333333333333335
1054053952,1,1,0,4.0
1054163456,0,1,0,2.142857142857143
1054293376,0,1,0,2.066666666666667
1054317504,0,1,1,2.5306122448979593
1054410304,1,1,0,2.037037037037037
1054595904,0,1,1,1.8666666666666667
1054803776,0,1,1,1.7307692307692308
1054805632,1,1,1,2.6545454545454548
1054961536,1,1,1,1.972972972972973
1055243648,0,1,1,2.5555555555555554
1055312320,0,1,0,2.375
1055369856,0,1,0,2.4
1055588864,1,1,1,2.246376811594203
1055971200,1,1,1,2.63953488372093
1055976768,0,1,0,1.7777777777777777
1056008320,0,1,1,3.0
1056167936,1,1,1,2.448888888888889
1056193920,0,1,0,2.0
1056303424,1,1,1,2.5123456790123457
1056314560,0,1,0,2.5
1056318272,1,1,1,2.186046511627907
1056394368,1,1,1,2.5874125874125875
1056489024,0,1,0,1.4
1056596672,1,1,1,2.2
1056819392,0,1,0,2.3333333333333335
1056847232,0,1,1,1.9
1057114496,0,1,0,2.0
1057253696,0,1,0,2.1265822784810124
1057430016,0,1,0,3.0
1057454144,1,1,0,1.6470588235294117
1057554368,0,1,1,2.5851063829787235
1057615616,0,1,0,3.0
1057619328,0,1,1,2.172
1057712128,1,1,1,2.317073170731707
1057814208,1,1,1,2.5
1058061056,0,1,0,3.0
1058291200,1,1,1,2.6412213740458017
1058311616,1,1,0,2.0
1058319040,1,1,0,2.215686274509804
1058345024,1,1,1,2.130434782608696
1058411840,0,1,1,2.7333333333333334
1058582592,0,1,0,2.5
1058584448,0,1,1,1.588235294117647
1058875840,0,1,0,2.0
1058985344,0,1,1,2.5
1059365824,0,1,1,1.6842105263157894
1059376960,1,1,1,1.9777777777777779
1059538432,0,1,0,1.0
1059544000,1,1,1,1.8979591836734695
1059790848,1,1,0,2.210526315789474
1059900352,0,1,0,2.619047619047619
1060098944,0,1,1,2.4615384615384617
1060110080,1,1,1,2.526315789473684
1060499840,0,1,0,1.0
1060692864,0,1,0,2.8
1060880320,0,1,0,4.0
1061238528,1,1,1,2.0
1061331328,0,1,0,2.4
1061342464,0,1,1,2.5257731958762886
1061400000,0,1,0,4.0
1061643136,1,1,1,2.576923076923077
1061741504,0,1,0,2.3333333333333335
1061958656,0,1,0,2.6486486486486487
1062120128,0,1,0,2.375
1062521024,0,1,1,2.6153846153846154
1062719616,0,1,0,3.25
1062873664,1,1,1,2.3797468354430378
1062925632,1,1,1,2.7450980392156863
1063077824,1,1,1,2.5142857142857142
1063120512,1,1,1,2.4532374100719423
1063224448,0,1,1,2.819277108433735
1063259712,0,1,1,2.272727272727273
1063447168,0,1,0,3.5714285714285716
1063499136,0,1,0,2.3333333333333335
1063512128,1,1,1,2.289473684210526
1063656896,0,1,1,2.4827586206896552
1064106048,0,1,0,2.4444444444444446
1064364032,0,1,0,3.0
1064518080,1,1,1,2.6666666666666665
1064549632,0,1,1,2.652173913043478
1064785344,0,1,0,2.5714285714285716
1064867008,1,1,0,3.0
1065147264,0,1,0,1.0
1065314304,0,1,0,1.0
1065769024,1,1,0,2.2
1065780160,0,1,0,2.0
1065796864,0,1,0,1.0
1065995456,1,1,0,2.5833333333333335
1066054848,0,1,1,3.109090909090909
1066088256,0,1,1,2.75
1066121664,1,1,1,1.4444444444444444
1066225600,0,1,1,2.875
1066292416,1,1,1,2.0310077519379846
1066414912,0,1,0,2.0
1066431616,0,1,0,1.0
1066531840,0,1,1,2.5483870967741935
1066732288,0,1,0,1.5714285714285714
1067003264,0,1,1,3.5454545454545454
1067368896,0,1,0,2.0
1067417152,0,1,0,2.0
1067472832,0,1,1,2.68
1067673280,1,1,1,1.9736842105263157
1068037056,0,1,0,3.0
1068063040,1,1,1,2.1666666666666665
1068207808,0,1,0,2.6666666666666665
1068428672,0,1,1,2.04
1068488064,1,1,1,2.324675324675325
1068701504,1,1,1,2.5945945945945947
1068775744,1,1,1,2.5297029702970297
1068781312,1,1,0,1.6363636363636365
1068985472,0,1,0,2.230769230769231
1069098688,1,1,1,2.25
1069239744,1,1,1,2.608695652173913
1069429056,0,1,0,2.739130434782609
1069692608,1,1,1,2.1179775280898876
1069850368,0,1,0,1.0
1069922752,1,1,1,2.3981481481481484
1069976576,1,1,1,2.3520408163265305
1070063808,0,1,0,2.3684210526315788
1070388608,0,1,1,3.107142857142857
1070399744,1,1,1,2.5681818181818183
1070750528,1,1,1,2.6115702479338845
1070945408,0,1,0,2.3529411764705883
1070986240,0,1,0,2.6666666666666665
1071210816,0,1,1,3.0526315789473686
1071268352,1,1,1,2.442105263157895
1071780608,0,1,0,2.3333333333333335
1071795456,0,1,0,3.0
1071878976,1,1,1,2.206896551724138
1072110976,1,1,0,2.0
1072283584,0,1,1,2.548611111111111
1072578688,1,1,1,2.670103092783505
1072756864,0,1,1,2.7903225806451615
1072922048,0,1,1,1.875
1072944320,1,1,1,3.0384615384615383
1073131776,0,1,0,1.9090909090909092
1073168896,1,1,1,2.5833333333333335
1073183744,1,1,1,2.5789473684210527
1073417600,0,1,0,2.0
1073425024,0,1,1,2.2
1073438016,1,1,1,2.508771929824561
1073586496,0,1,0,3.3333333333333335
1073753536,0,1,0,2.0
1073777664,0,1,0,2.5
1073976256,0,1,0,3.125
1074546048,0,1,0,2.0
1074564608,0,1,0,2.4285714285714284
1074594304,0,1,0,2.0
1074917248,0,1,0,2.0
1075015616,0,1,0,1.3333333333333333
1075386816,1,1,1,2.7560975609756095
1075568704,0,1,0,2.3846153846153846
1075704192,0,1,0,1.5
1075706048,0,1,0,1.375
1075785856,0,1,0,3.0
1075791424,0,1,1,2.5
1075921344,0,1,0,2.25
1075938048,0,1,0,2.0
1076056832,1,1,1,2.8947368421052633
1076114368,0,1,1,2.7857142857142856
1076121792,0,1,1,3.0
1076242432,0,1,0,2.764705882352941
1076262848,0,1,0,2.75
1076428032,1,1,1,2.7457627118644066
1076680448,1,1,1,2.6575342465753424
1077922112,1,1,1,2.3636363636363638
1078363840,0,1,0,2.56
1080646720,0,1,0,3.2
1082369088,0,1,0,3.4
1083013120,0,1,0,3.0
1083350912,0,1,0,2.6
1083620032,1,1,0,2.3333333333333335
1083718400,0,1,1,2.4
1083772224,1,1,1,2.5806451612903225
1083872448,0,1,0,2.0
1083913280,0,1,1,2.2857142857142856
1083950400,0,1,0,2.0
1084002368,0,1,0,3.4
1084557312,0,1,0,2.3333333333333335
1084566592,0,1,0,2.6724137931034484
1084687232,0,1,0,1.6666666666666667
1084774464,0,1,0,1.5714285714285714
1084839424,0,1,0,1.625
1085078848,0,1,0,1.4285714285714286
1085232896,0,1,0,1.5
1085234752,0,1,1,2.1875
1085498304,0,1,0,2.4285714285714284
1085702464,0,1,0,4.0
1085717312,0,1,1,3.75
1085776704,0,1,0,3.2142857142857144
1085806400,1,1,1,2.4695340501792113
1085856512,0,1,1,2.84375
1085908480,1,1,1,2.727272727272727
1086095936,0,1,0,2.5833333333333335
1086127488,1,1,0,2.642857142857143
1086220288,0,1,0,3.0
1086275968,1,1,1,2.68
1086296384,0,1,1,3.25
1086478272,1,1,1,2.608695652173913
1086680576,1,1,0,1.7142857142857142
1086693568,0,1,0,2.8
1087244800,1,1,1,2.323529411764706
1087500928,1,1,1,2.1777777777777776
1087539904,0,1,1,2.5714285714285716
1087979776,0,1,1,1.5
1088018752,1,1,1,1.9464285714285714
1088152384,0,1,1,2.0
1088286016,1,1,1,1.9
1088373248,0,1,0,1.5
1088690624,1,1,0,2.6875
1088874368,0,1,0,1.25
1088902208,0,1,1,1.5714285714285714
1088904064,1,1,1,2.386861313868613
1089189888,0,1,1,2.7777777777777777
1089199168,1,1,0,2.0
1089214016,1,1,1,2.380952380952381
1089251136,1,1,1,2.590909090909091
1089254848,0,1,1,2.203125
1089353216,0,1,0,2.9166666666666665
1089369920,0,1,0,2.8
1089819072,0,1,0,1.25
1090030656,0,1,1,2.2857142857142856
1090117888,0,1,1,2.3333333333333335
1090266368,0,1,0,2.0
1090457536,1,1,1,2.6323529411764706
1090537344,0,1,0,1.8333333333333333
1090633856,0,1,1,2.4814814814814814
1090858432,1,1,1,2.909090909090909
1090960512,1,1,1,2.3684210526315788
1091580416,0,1,0,1.5
1091777152,0,1,1,2.2162162162162162
1092191040,0,1,0,2.650943396226415
1092582656,0,1,1,2.892857142857143
1092616064,1,1,0,2.6666666666666665
1092747840,1,1,1,2.5
1092883328,1,1,0,2.0434782608695654
1093024384,0,1,0,3.5
1093089344,0,1,0,2.3684210526315788
1093276800,1,1,0,1.0
1093557056,0,1,0,2.0
1093703680,0,1,1,1.8333333333333333
1093757504,0,1,0,1.3333333333333333
1094425664,0,1,0,2.25
1094472064,1,1,1,2.0
1094546304,1,1,0,2.4210526315789473
1094655808,0,1,0,2.0
1094793152,1,1,1,2.473684210526316
1094804288,1,1,1,2.3395061728395063
1094980608,0,1,0,3.0
1095014016,0,1,1,1.0
1095223744,0,1,0,1.5
1095400064,0,1,0,2.25
1095498432,0,1,0,2.2
1095650624,0,1,1,3.0
1095769408,0,1,0,2.0
1095884480,0,1,0,2.0
1095919744,0,1,0,1.3333333333333333
1095977280,1,1,1,2.0866666666666664
1096079360,1,1,0,3.0
1096129472,0,1,1,2.92
1096153600,0,1,1,2.347826086956522
1096524800,0,1,0,2.4
1096727104,0,1,0,2.0
1096920128,1,1,0,3.142857142857143
1097150272,0,1,1,2.685185185185185
1097308032,0,1,0,1.0
1097582720,0,1,0,1.0
1097616128,0,1,0,1.6666666666666667
1097694080,1,1,1,1.5238095238095237
1098020736,0,1,1,3.3333333333333335
1098035584,0,1,0,2.0
1098211904,1,1,1,2.2783505154639174
1098360384,0,1,0,1.0
1098575680,0,1,0,1.0
1098757568,1,1,1,1.7
1099017408,0,1,0,2.0
1099102784,0,1,1,2.7241379310344827
1099234560,0,1,1,2.1666666666666665
1099241984,1,1,1,2.466666666666667
1099243840,1,1,0,2.7777777777777777
1099288384,1,1,1,2.3711340206185567
1099336640,1,1,1,2.155763239875389
1099349632,1,1,1,2.3451957295373664
1099425728,1,1,1,2.390625
1099795072,1,1,1,2.08
1099845184,0,1,0,4.0
1100086464,1,1,1,2.5849056603773586
1100301760,0,1,0,2.0
1100801024,0,1,0,3.0
1100958784,1,1,0,2.210526315789474
1101474752,0,1,1,3.142857142857143
1101487744,0,1,1,2.5555555555555554
1101615808,0,1,0,2.5517241379310347
1101639936,1,1,1,2.076923076923077
1101684480,0,1,1,3.0
1101805120,0,1,0,1.9
1101923904,0,1,0,2.8
1102250560,0,1,0,2.8333333333333335
1102261696,0,1,0,2.25
1102514112,0,1,0,2.0
1102644032,0,1,0,2.04
1102690432,1,1,1,2.129032258064516
1102707136,0,1,1,2.8
1102723840,0,1,0,2.0
1103161856,1,1,1,2.5821917808219177
1103393856,0,1,0,1.3333333333333333
1103484800,1,1,1,1.9130434782608696
1103521920,0,1,1,1.696969696969697
1103627712,1,1,1,2.1666666666666665
1103772480,0,1,0,1.0
1104368256,0,1,0,1.0
1104401664,0,1,0,1.7777777777777777
1104553856,0,1,1,3.0
1104559424,0,1,0,2.0
1104743168,1,1,1,2.5765765765765765
1104850816,0,1,0,4.0
1104952896,0,1,0,2.357142857142857
1105229440,0,1,0,1.4074074074074074
1105342656,0,1,0,2.0
1105439168,1,1,1,1.6153846153846154
1105450304,1,1,1,2.3666666666666667
1105455872,1,1,1,2.475
1105600640,0,1,0,2.4
1105635904,1,1,0,2.111111111111111
1105661888,0,1,0,2.6
1106101760,0,1,0,1.0
1106125888,0,1,1,2.0
1106127744,1,1,1,2.482142857142857
1106398720,0,1,0,1.6666666666666667
1106484096,0,1,0,1.6842105263157894
1106515648,0,1,0,5.0
1106563904,0,1,0,3.1818181818181817
1106675264,1,1,1,2.1285714285714286
1107079872,1,1,1,2.6176470588235294
1107339712,0,1,0,3.3333333333333335
1107683072,0,1,0,2.0
1107735040,1,1,1,2.8125
1107772160,0,1,1,2.3174603174603177
1108080256,1,1,1,2.1547619047619047
1108369792,0,1,0,2.5555555555555554
1108440320,1,1,1,2.23728813559322
1108447744,0,1,0,3.3333333333333335
1108770688,0,1,0,2.0
1108913600,0,1,1,2.4
1108947008,0,1,0,2.8333333333333335
1109063936,0,1,1,2.3636363636363638
1109275520,0,1,0,3.2
1109459264,1,1,1,1.952755905511811
1109704256,1,1,1,2.2797202797202796
1109815616,0,1,0,3.5
1109939968,0,1,0,3.5
1109954816,0,1,1,2.2912371134020617
1110092160,1,1,1,2.0
1110127424,0,1,1,2.4
1110170112,0,1,0,3.0
1110545024,0,1,0,3.0
1110613696,0,1,1,2.7142857142857144
1110819712,1,1,1,2.5088757396449703
1110823424,0,1,0,3.0
1110867968,0,1,1,2.4615384615384617
1110992320,0,1,1,2.6666666666666665
1111137088,0,1,1,3.0
1111161216,0,1,0,2.0
1111404352,1,1,0,1.8
1111565824,1,1,0,3.0
1111994560,0,1,0,3.142857142857143
1112291520,0,1,0,2.625
1112306368,0,1,0,2.3333333333333335
1112347200,0,1,0,2.0
1112501248,1,1,1,1.9673913043478262
1112573632,0,1,0,1.0
1112881728,0,1,1,2.327272727272727
1112913280,1,1,1,2.625766871165644
1112987520,1,1,1,2.364864864864865
1113028352,1,1,1,1.6666666666666667
1113058048,1,1,1,1.525
1113180544,1,1,1,1.646341463414634
1113182400,0,1,1,1.603448275862069
1113267776,0,1,1,1.0
1113384704,0,1,1,1.2307692307692308
1113473792,0,1,1,2.0
1113553600,0,1,0,2.0
1113590720,1,1,1,1.640625
1113672384,0,1,0,1.0
1113807872,0,1,0,1.8
1113848704,0,1,0,1.6666666666666667
1113961920,1,1,1,1.0
1114108544,0,1,1,1.5671641791044777
1114123392,0,1,0,1.5
1115216576,0,1,1,2.357142857142857
1115225856,0,1,0,1.6153846153846154
1115318656,0,1,0,2.111111111111111
1115803072,0,1,1,1.8296296296296297
1115842048,0,1,0,1.8181818181818181
1115897728,0,1,1,2.303030303030303
1116202112,0,1,0,1.6
1116226240,1,1,1,2.58974358974359
1116408128,0,1,0,2.0
1116666112,1,1,1,2.367021276595745
1116751488,1,1,1,2.4615384615384617
1116989056,1,1,1,2.393939393939394
1117599680,0,1,0,1.875
1117653504,1,1,1,2.8055555555555554
1118052544,0,1,0,1.3571428571428572
1118961984,0,1,0,2.0
1119368448,0,1,1,2.2222222222222223
1119466816,0,1,0,2.090909090909091
1119552192,0,1,1,3.111111111111111
1119624576,0,1,0,2.5
1119650560,0,1,0,2.5
1119919680,0,1,0,4.0
1120068160,0,1,1,2.142857142857143
1120112704,1,1,0,2.6
1120199936,0,1,0,2.0
1120257472,1,1,1,2.3783783783783785
1120387392,1,1,1,1.2222222222222223
1120404096,0,1,1,2.75
1120450496,1,1,0,2.3125
1120825408,0,1,0,2.0
1120866240,0,1,1,2.5606060606060606
1120942336,0,1,0,2.4285714285714284
1120996160,1,1,1,2.3552631578947367
1121018432,1,1,1,2.642857142857143
1121217024,0,1,0,2.0
1121268992,0,1,0,2.6666666666666665
1121337664,0,1,1,3.5
1121439744,0,1,0,4.0
1121547392,0,1,1,1.8333333333333333
1121551104,0,1,0,2.5
1121560384,0,1,0,2.0
1121616064,1,1,0,3.1666666666666665
1121718144,1,1,1,2.0
1122514368,0,1,1,2.4285714285714284
1122725952,1,1,1,2.253968253968254
1122742656,0,1,1,2.8620689655172415
1122885568,1,1,0,2.8461538461538463
1122918976,1,1,1,2.013333333333333
1123097152,1,1,0,2.1818181818181817
1123199232,0,1,0,1.6666666666666667
1123236352,0,1,1,3.0
1123767168,1,1,1,2.404494382022472
1123787584,0,1,0,2.0
1123789440,0,1,0,2.0
1123876672,0,1,1,2.1578947368421053
1123993600,0,1,0,1.8
1124082688,1,1,1,2.6147540983606556
1124153216,1,1,1,3.0
1124205184,0,1,0,2.5
1124212608,1,1,0,2.4285714285714284
1124379648,0,1,0,2.0
1124465024,1,1,1,2.4186046511627906
1124730432,0,1,0,2.5
1124763840,1,1,1,2.264705882352941
1124784256,0,1,0,2.25
1124821376,0,1,1,2.3181818181818183
1124940160,0,1,1,2.6153846153846154
1124975424,0,1,1,2.0
1125190720,0,1,1,2.5757575757575757
1126089024,0,1,0,1.0
1126122432,0,1,0,3.75
1126250496,1,1,0,2.36
1126287616,1,1,1,2.1953125
1126376704,0,1,1,2.2093023255813953
1126443520,1,1,1,2.439178515007899
1126586432,0,1,0,2.6
1126779456,0,1,0,2.2857142857142856
1126959488,0,1,0,3.4285714285714284
1127217472,0,1,0,2.125
1127781696,1,1,0,2.0
1127956160,0,1,0,3.0
1127993280,0,1,0,2.4285714285714284
1128279104,1,1,1,2.607361963190184
1128371904,0,1,0,3.0
1128392320,0,1,0,1.5
1128435008,0,1,0,2.5
1128472128,1,1,1,2.701863354037267
1128473984,0,1,1,3.7142857142857144
1128498112,1,1,1,2.3636363636363638
1128752384,1,1,1,2.5142857142857142
1128772800,0,1,0,2.6666666666666665
1128973248,0,1,1,1.7777777777777777
1129273920,0,1,1,3.4285714285714284
1129374144,0,1,0,3.0
1129719360,0,1,1,2.763157894736842
1129739776,0,1,0,3.142857142857143
1130368960,1,1,0,2.1818181818181817
1130665920,0,1,0,1.5
1130929472,1,1,0,2.1538461538461537
1131189312,0,1,0,2.0
1131391616,1,1,1,2.0833333333333335
1131499264,0,1,0,2.3333333333333335
1131965120,0,1,0,2.5
1131979968,0,1,0,2.0
1132041216,0,1,1,3.4545454545454546
1132065344,0,1,1,2.238095238095238
1132215680,0,1,0,1.4
1132260224,0,1,1,2.5416666666666665
1132325184,0,1,0,2.0
1132607296,0,1,0,3.0
1132765056,0,1,0,3.0
1132932096,0,1,0,3.0
1132982208,1,1,1,2.5714285714285716
1133136256,0,1,0,2.0
1133327424,0,1,0,2.1538461538461537
1133464768,1,1,1,2.46875
1133496320,1,1,0,2.5625
1133886080,0,1,1,2.391304347826087
1134450304,1,1,1,2.621212121212121
1134452160,1,1,1,2.2083333333333335
1134465152,1,1,1,2.5405405405405403
1134515264,1,1,1,2.0444444444444443
1134673024,0,1,0,2.5
1134860480,0,1,0,2.25
1135018240,0,1,0,3.6666666666666665
1135096192,1,1,0,2.282051282051282
1135484096,1,1,0,1.0
1135899840,0,1,0,2.515151515151515
1135909120,1,1,1,2.6336996336996337
1135940672,0,1,0,3.0
1135949952,0,1,0,2.0
1136024192,1,1,0,2.4054054054054053
1136026048,1,1,0,2.269230769230769
1136200512,1,1,1,2.240506329113924
1136219072,1,1,1,2.5
1136228352,0,1,0,1.0
1136232064,1,1,1,2.2941176470588234
1136271040,0,1,0,2.0
1136334144,0,1,0,1.7142857142857142
1136566144,1,1,0,2.0
1136605120,1,1,1,2.0825242718446604
1136625536,0,1,0,2.0
1136662656,0,1,0,2.272727272727273
1136709056,1,1,0,1.0
1136896512,0,1,1,1.6349206349206349
1137418048,0,1,1,1.8571428571428572
1137551680,1,1,1,1.8823529411764706
1137746560,0,1,1,2.5806451612903225
1137939584,0,1,0,2.0
1138036096,0,1,0,2.0
1138063936,0,1,0,2.5
1138373888,0,1,0,2.0
1138379456,0,1,1,3.25
1138398016,1,1,1,2.484848484848485
1138574336,1,1,0,2.375
1138687552,1,1,1,2.26
1138724672,0,1,0,3.5714285714285716
1139507904,0,1,0,1.4705882352941178
1139619264,1,1,1,2.5949367088607596
1139673088,1,1,0,2.8
1139758464,1,1,0,2.6
1139817856,0,1,0,2.441860465116279
1140150080,0,1,0,2.4444444444444446
1140203904,1,1,1,2.5277777777777777
1140215040,0,1,0,1.5
1140367232,0,1,0,1.2
1140703168,0,1,0,1.5
1140786688,0,1,0,1.8333333333333333
1140790400,1,1,1,2.3333333333333335
1140862784,0,1,0,2.3333333333333335
1141189440,0,1,0,1.25
1142059904,0,1,0,2.0
1142204672,1,1,1,2.8
1143268160,1,1,1,1.8888888888888888
1143416640,1,1,1,2.3125
1143461184,1,1,1,1.903448275862069
1143882496,0,1,0,2.2222222222222223
1143921472,1,1,1,2.1052631578947367
1144381760,1,1,0,2.625
1144430016,0,1,0,2.3333333333333335
1144513536,0,1,1,1.7727272727272727
1144533952,0,1,0,2.3333333333333335
1144535808,0,1,0,2.0
1144732544,0,1,0,2.0
1144782656,1,1,1,2.0833333333333335
1144947840,1,1,1,3.0
1145068480,0,1,1,1.934782608695652
1145111168,0,1,1,1.5833333333333333
1145337600,0,1,1,1.35
1145354304,0,1,0,1.2
1145528768,0,1,0,2.6666666666666665
1145660544,1,1,1,1.7826086956521738
1145666112,1,1,1,1.9368932038834952
1145758912,1,1,1,2.099099099099099
1145862848,0,1,0,2.0
1146185792,1,1,1,1.6470588235294117
1146334272,0,1,1,1.6666666666666667
1146603392,0,1,1,1.25
1146666496,0,1,0,2.2
1146957888,0,1,0,1.5
1147145344,1,1,0,1.8095238095238095
1147421888,1,1,1,2.096774193548387
1147481280,1,1,0,4.25
1147488704,0,1,0,2.0
1147585216,0,1,1,1.5333333333333334
1147614912,0,1,1,2.0
1147635328,0,1,0,3.4
1147685440,1,1,1,1.7142857142857142
1147794944,0,1,0,1.4615384615384615
1148593024,1,1,0,1.3333333333333333
1148613440,0,1,0,3.0
1148654272,0,1,1,2.875
1148787904,1,1,1,2.1440677966101696
1149012480,0,1,0,2.0
1149018048,1,1,1,2.037128712871287
1149179520,0,1,1,2.4210526315789473
1149504320,0,1,0,2.5714285714285716
1149506176,0,1,0,3.0
1149550720,1,1,1,3.2222222222222223
1149558144,1,1,1,2.1588235294117646
1149699200,0,1,1,2.1780821917808217
1149808704,0,1,0,2.3333333333333335
1149881088,1,1,1,2.52212389380531
1150079680,0,1,0,1.0
1150228160,1,1,1,2.0736842105263156
1150289408,0,1,0,2.3333333333333335
1150423040,0,1,1,4.0
1150508416,1,1,1,2.861111111111111
1150517696,1,1,1,1.8727272727272728
1150571520,0,1,1,3.0
1150716288,0,1,1,3.6666666666666665
1150731136,0,1,0,2.2857142857142856
1151401152,0,1,1,2.6666666666666665
1151627584,1,1,1,2.4819277108433737
1152711488,0,1,0,2.75
1153522560,0,1,0,1.7
1153979136,0,1,0,1.5
1156911616,0,1,0,1.0
1157813632,1,1,1,1.855072463768116
1158045632,0,1,0,1.0
1158054912,1,1,0,1.6
1158056768,0,1,1,2.515151515151515
1158131008,1,1,0,2.6470588235294117
1158171840,1,1,0,2.4285714285714284
1158294336,0,1,1,2.3076923076923075
1158385280,1,1,1,1.4705882352941178
1158446528,0,1,0,1.2857142857142858
1158505920,0,1,0,1.3333333333333333
1158802880,1,1,1,2.2857142857142856
1159164800,0,1,0,2.4285714285714284
1159517440,0,1,0,3.4
1159749440,0,1,0,1.8571428571428572
1159842240,1,1,1,2.335227272727273
1159860800,0,1,0,2.0
1160157760,1,1,0,2.142857142857143
1160170752,0,1,0,1.125
1160230144,0,1,0,2.125
1160361920,0,1,1,2.090909090909091
1160536384,0,1,0,1.0
1160647744,0,1,1,1.542857142857143
1160657024,0,1,1,2.1363636363636362
1160846336,0,1,1,2.0
1161349312,0,1,0,2.0
1161434688,0,1,0,1.25
1161542336,1,1,1,1.8855421686746987
1161568320,0,1,1,1.9166666666666667
1161720512,0,1,1,1.6296296296296295
1161798464,0,1,1,1.8837209302325582
1162100992,0,1,1,1.0
1162167808,0,1,1,2.6341463414634148
1162177088,0,1,0,2.3333333333333335
1162659648,0,1,0,2.3333333333333335
1163118080,1,1,1,1.8240343347639485
1163136640,1,1,0,1.8333333333333333
1163403904,1,1,1,2.016
1163704576,0,1,0,3.0
1164066496,1,1,1,1.5454545454545454
1164085056,0,1,1,2.6206896551724137
1164237248,1,1,1,1.9185185185185185
1164383872,1,1,0,2.0
1164571328,0,1,1,1.972972972972973
1164588032,0,1,0,2.0
1164593600,0,1,0,2.0
1164656704,0,1,1,2.5555555555555554
1164719808,0,1,0,2.875
1164751360,0,1,0,2.6363636363636362
1164872000,0,1,1,2.211267605633803
1164962944,1,1,1,2.257142857142857
1165005632,0,1,1,1.6666666666666667
1165146688,1,1,0,3.0
1165467776,1,1,1,2.4360189573459716
1165714624,0,1,0,2.6774193548387095
1165885376,1,1,1,2.2142857142857144
1166009728,0,1,1,2.5
1166147072,1,1,0,1.7411764705882353
1166210176,0,1,0,1.6470588235294117
1166412480,1,1,1,2.324324324324324
1166473728,0,1,0,2.5
1166622208,0,1,1,3.0
1166635200,1,1,1,2.48
1166640768,0,1,1,2.5
1166798528,0,1,1,2.0714285714285716
1166826368,1,1,1,2.8181818181818183
1166969280,1,1,1,2.1133004926108376
1167171584,1,1,1,1.8837209302325582
1167223552,0,1,1,2.324324324324324
1167381312,1,1,1,2.1880341880341883
1167555776,1,1,1,2.282051282051282
1167604032,0,1,0,3.25
1167720960,1,1,1,2.1333333333333333
1167743232,0,1,0,2.342857142857143
1167780352,0,1,0,5.0
1167869440,1,1,1,2.9473684210526314
1167982656,0,1,0,1.5
1168194240,1,1,1,2.0253164556962027
1168363136,1,1,1,2.232
1168379840,0,1,0,4.0
1168387264,0,1,0,2.3333333333333335
1168433664,0,1,0,2.0
1168545024,1,1,1,1.7142857142857142
1168624832,0,1,0,2.5
1168674944,1,1,1,1.69375
1168760320,1,1,1,2.235294117647059
1168804864,0,1,0,3.0
1168862400,0,1,0,2.0
1168960768,0,1,1,2.292682926829268
1169098112,0,1,0,2.4444444444444446
1169159360,1,1,1,2.046728971962617
1169166784,0,1,0,1.6666666666666667
1169335680,1,1,1,2.034965034965035
1169359808,1,1,1,2.161290322580645
1169443328,0,1,1,2.6666666666666665
1169612224,1,1,1,1.8205128205128205
1169805248,0,1,0,3.0
1170282240,1,1,1,2.1538461538461537
1170516096,0,1,1,1.6111111111111112
1170579200,0,1,1,1.4
1170614464,0,1,0,2.0
1170707264,0,1,1,2.066666666666667
1171297472,0,1,0,3.6666666666666665
1171527616,0,1,0,2.5
1171574016,0,1,0,3.0
1171579584,0,1,0,2.9
1171624128,0,1,0,2.0
1171804160,0,1,1,2.7291666666666665
1171817152,0,1,1,3.142857142857143
1171870976,0,1,0,2.588235294117647
1172130816,0,1,1,1.8235294117647058
1172359104,0,1,0,2.0
1172383232,0,1,0,1.0
1172440768,0,1,0,1.0
1172448192,0,1,1,1.7580645161290323
1172559552,0,1,0,1.6
1172615232,1,1,1,2.4390243902439024
1172661632,1,1,1,2.033333333333333
1172745152,1,1,1,2.1818181818181817
1172782272,0,1,1,2.08
1172897344,0,1,0,2.125
1173123776,0,1,1,2.392857142857143
1173149760,0,1,1,2.0
1173450432,0,1,0,2.5
1173552512,1,1,1,2.210526315789474
1173598912,0,1,0,1.9090909090909092
1173923712,1,1,1,1.9366197183098592
1174239232,1,1,1,2.272727272727273
1174268928,0,1,1,2.3076923076923075
1174404416,0,1,0,2.375
1174463808,1,1,1,2.314814814814815
1174656832,1,1,1,2.4166666666666665
1174940800,1,1,1,2.315315315315315
1174979776,0,1,0,1.6333333333333333
1175020608,0,1,0,1.6
1175041024,1,1,0,1.0
1175475328,0,1,0,2.4
1175681344,1,1,0,1.8823529411764706
1176241856,1,1,1,1.9253731343283582
1176548096,1,1,1,2.44
1176609344,0,1,0,3.0
1176692864,0,1,1,2.375
1176716992,1,1,1,1.7419354838709677
1176791232,1,1,1,2.046511627906977
1176974976,0,1,1,1.4210526315789473
1176991680,0,1,1,1.525
1177216256,1,1,1,2.1904761904761907
1177372160,1,1,1,2.5970149253731343
1177392576,0,1,0,1.0
1177580032,1,1,1,2.56875
1177843584,0,1,1,2.8333333333333335
1177875136,1,1,1,2.2695652173913046
1177938240,1,1,1,2.4
1177966080,0,1,0,3.0
1178110848,0,1,0,1.8
1178146112,0,1,1,3.5
1178606400,0,1,0,1.2
1178747456,0,1,1,2.8333333333333335
1178760448,0,1,0,2.0
1179473152,0,1,0,2.0
1179525120,0,1,0,1.75
1179684736,1,1,1,1.5175438596491229
1179844352,1,1,1,2.2714285714285714
1179909312,0,1,0,2.230769230769231
1179927872,1,1,1,2.6666666666666665
1179950144,0,1,1,2.1875
1180195136,1,1,1,2.2738853503184715
1180408576,1,1,1,2.5317460317460316
1180460544,0,1,0,3.3
1180781632,0,1,1,2.188679245283019
1180930112,0,1,0,1.4
1180983936,0,1,1,1.0
1181021056,0,1,0,1.3333333333333333
1181102720,0,1,0,1.0
1181234496,0,1,1,2.292134831460674
1181245632,1,1,1,2.1666666666666665
1181399680,0,1,0,1.0
1181754176,0,1,0,1.4
1181924928,0,1,1,2.3333333333333335
1181945344,1,1,1,2.142857142857143
1182021440,0,1,1,2.5625
1182507712,0,1,0,4.0
1182648768,1,1,1,2.2275862068965515
1182765696,1,1,0,2.0625
1182960576,0,1,0,1.4
1183008832,1,1,1,1.8253968253968254
1183073792,0,1,0,4.0
1183103488,1,1,1,1.9142857142857144
1183220416,1,1,1,2.8072289156626504
1183394880,0,1,0,2.0
1183548928,0,1,0,2.6666666666666665
1183569344,0,1,0,2.2857142857142856
1184397120,0,1,0,2.0
1184747904,1,1,1,2.395348837209302
1184922368,1,1,1,2.3
1184981760,0,1,0,2.4285714285714284
1185041152,0,1,0,2.6
1185107968,1,1,1,2.5
1185109824,0,1,0,2.0
1185122816,1,1,0,2.0
1185171072,1,1,1,2.3176470588235296
1185308416,0,1,1,2.3333333333333335
1185313984,0,1,0,2.2
1185391936,0,1,0,2.1481481481481484
1185635072,0,1,0,2.0
1185655488,1,1,1,2.40625
1185889344,0,1,1,2.5945945945945947
1186067520,0,1,1,2.8181818181818183
1186073088,0,1,0,2.3333333333333335
1186219712,1,1,1,2.4029850746268657
1186240128,1,1,1,2.35
1186286528,0,1,0,3.0
1186414592,0,1,1,2.6363636363636362
1187195968,0,1,1,2.731707317073171
1187260928,1,1,1,2.4805194805194803
1187281344,1,1,1,2.1458333333333335
1187307328,0,1,0,2.7142857142857144
1187335168,1,1,1,2.264957264957265
1187338880,0,1,0,2.5
1187492928,0,1,0,2.0
1187522624,0,1,0,2.0
1187591296,0,1,1,1.8888888888888888
1187635840,0,1,0,2.0
1187700800,0,1,0,3.0
1188090560,0,1,0,1.0
1188426496,1,1,1,2.263157894736842
1188478464,1,1,1,2.34375
1188678912,1,1,1,2.0317460317460316
1188716032,0,1,0,3.0
1188751296,0,1,0,2.230769230769231
1188948032,0,1,1,2.36
1189128064,0,1,1,2.3658536585365852
1189337792,0,1,0,1.4736842105263157
1189369344,1,1,1,2.3448275862068964
1189508544,0,1,0,2.0
1189584640,0,1,1,2.823529411764706
1189601344,0,1,1,2.5
1189662592,1,1,1,2.24
1189857472,1,1,1,2.3877551020408165
1190132160,0,1,1,2.625
1190250944,1,1,1,2.5
1190291776,0,1,0,2.0
1190392000,0,1,0,1.6
1190471808,1,1,1,1.7826086956521738
1190505216,0,1,0,3.25
1190520064,0,1,0,2.75
1190679680,0,1,0,3.0
1190824448,0,1,0,2.0
1190872704,0,1,0,1.4
1190974784,1,1,1,2.345549738219895
1191156672,0,1,0,2.0
1191266176,1,1,1,2.740740740740741
1191529728,0,1,0,2.2857142857142856
1191908352,0,1,0,2.0
1192021568,0,1,1,2.136842105263158
1192541248,1,1,1,1.875776397515528
1192702720,0,1,1,2.2941176470588234
1192960704,0,1,0,1.3333333333333333
1192973696,1,1,1,2.1865671641791047
1192995968,0,1,1,2.3692307692307693
1193086912,0,1,0,1.5
1193155584,1,1,1,2.6
1193567616,1,1,1,2.131782945736434
1193673408,0,1,0,2.0
1194053888,0,1,1,2.2857142857142856
1194116992,0,1,1,2.4444444444444446
1194174528,1,1,0,2.888888888888889
1194490048,0,1,0,1.0
1194497472,0,1,1,2.0
1195135936,1,1,1,2.238095238095238
1195314112,0,1,0,2.0
1195367936,0,1,0,1.0
1195518272,0,1,1,2.0
1195993408,1,1,1,2.3951612903225805
1196136320,1,1,1,2.5064935064935066
1196164160,1,1,0,1.875
1196208704,1,1,1,2.1923076923076925
1196405440,1,1,0,2.5714285714285716
1196435136,0,1,0,3.0
1196726528,0,1,0,2.0
1196756224,1,1,1,2.559241706161137
1196834176,0,1,0,2.0
1196997504,1,1,1,1.9857142857142858
1197105152,0,1,0,2.6
1197262912,0,1,0,2.0
1197446656,0,1,1,1.912280701754386
1197520896,1,1,1,2.1563169164882225
1197680512,0,1,0,1.4
1197704640,0,1,0,1.8888888888888888
1197713920,0,1,0,1.5384615384615385
1197791872,1,1,1,1.5
1197793728,0,1,0,1.4285714285714286
1197962624,1,1,1,1.7904761904761906
1198010880,1,1,1,1.6369863013698631
1198441472,0,1,1,1.0
1198445184,0,1,0,1.2857142857142858
1198684608,0,1,0,1.0
1198773696,0,1,1,1.8043478260869565
1198814528,1,1,1,1.5180722891566265
1198864640,0,1,0,2.0
1199295232,0,1,0,2.5
1199326784,1,1,0,1.2
1199471552,1,1,0,1.8181818181818181
1199577344,1,1,1,1.9934640522875817
1199729536,0,1,1,2.5714285714285716
1199777792,1,1,1,1.9625
1200033920,0,1,0,2.769230769230769
1200191680,0,1,1,2.15
1200200960,0,1,0,2.0
1200358720,0,1,0,1.0
1200522048,0,1,1,1.625
1200625984,1,1,1,2.3976608187134505
1200661248,0,1,1,1.0769230769230769
1200687232,0,1,0,1.5
1200804160,0,1,0,2.0
1200928512,1,1,1,2.4148936170212765
1200934080,0,1,0,2.5
1201180928,0,1,0,3.25
1201268160,0,1,0,1.2857142857142858
1201362816,0,1,1,2.68
1201516864,0,1,0,1.0
1201609664,1,1,1,2.256704980842912
1201875072,0,1,0,1.375
1201897344,0,1,0,1.0
1201979008,0,1,1,2.4367816091954024
1202004992,1,1,1,2.619047619047619
1202006848,0,1,0,2.0
1202212864,0,1,0,2.3333333333333335
1202274112,0,1,0,2.0
1202337216,0,1,1,2.7560975609756095
1202428160,0,1,0,1.8333333333333333
1202504256,1,1,1,2.575
1202984960,0,1,1,2.0
1203105600,0,1,0,3.0
1203150144,0,1,0,3.25
1203428544,1,1,1,2.5
1203491648,0,1,0,2.6176470588235294
1203578880,0,1,0,5.0
1203794176,1,1,0,2.0
1204033600,0,1,1,2.0
1204083712,0,1,0,2.5
1204146816,0,1,1,2.3333333333333335
1204588544,0,1,0,2.3333333333333335
1204980160,1,1,1,2.6
1205115648,0,1,0,2.375
1205240000,0,1,0,2.6666666666666665
1205299392,0,1,1,2.591666666666667
1205382912,0,1,0,2.1739130434782608
1205562944,0,1,0,1.6666666666666667
1205640896,0,1,1,2.7058823529411766
1205739264,0,1,0,3.0
1205846912,1,1,1,2.3275862068965516
1205856192,0,1,0,2.5
1205991680,1,1,1,2.838709677419355
1205997248,1,1,0,2.388888888888889
1206012096,1,1,1,2.687074829931973
1206218112,1,1,1,2.3846153846153846
1206229248,1,1,1,1.92
1206652416,0,1,1,2.1315789473684212
1206683968,1,1,1,2.5128205128205128
1206758208,0,1,0,1.4285714285714286
1206815744,1,1,1,2.241430700447094
1207220352,0,1,0,1.5
1207316864,1,1,1,2.3448275862068964
1207352128,0,1,1,2.339622641509434
1207478336,1,1,0,2.25
1207649088,0,1,1,1.8333333333333333
1207816128,0,1,1,2.4
1207907072,0,1,0,1.3333333333333333
1207910784,0,1,1,2.7777777777777777
1208007296,0,1,0,1.0
1208100096,1,1,1,2.132183908045977
1208198464,0,1,0,2.4444444444444446
1208703296,1,1,0,1.75
1209003968,1,1,1,2.4175824175824174
1209055936,0,1,0,1.6666666666666667
1209104192,1,1,1,2.693877551020408
1209488384,1,1,1,2.2466666666666666
1209505088,0,1,1,1.8666666666666667
1209538496,0,1,0,2.3333333333333335
1209605312,0,1,0,3.1666666666666665
1209779776,1,1,1,2.2752293577981653
1209790912,0,1,0,2.0
1209800192,0,1,0,3.5
1209933824,1,1,1,2.5238095238095237
1210002496,1,1,1,2.073170731707317
1210037760,1,1,1,2.4285714285714284
1210113856,1,1,1,2.6206896551724137
1210436800,0,1,0,2.2941176470588234
1210587136,0,1,0,2.2222222222222223
1210824704,1,1,1,2.5949367088607596
1210830272,1,1,1,2.265625
1211004736,0,1,0,2.2857142857142856
1211043712,1,1,1,2.3636363636363638
1211151360,0,1,0,3.0
1211214464,0,1,1,2.8333333333333335
1211220032,0,1,1,2.0833333333333335
1211296128,0,1,0,1.3333333333333333
1211333248,0,1,1,2.8333333333333335
1211550400,1,1,1,2.292682926829268
1211706304,0,1,0,2.8
1211737856,1,1,1,2.2610619469026547
1211791680,1,1,1,2.7288135593220337
1212075648,1,1,1,2.0
1212164736,1,1,1,2.108108108108108
1212209280,0,1,1,2.2222222222222223
1212250112,0,1,0,3.0
1212255680,0,1,0,2.142857142857143
1212749376,1,1,0,2.0714285714285716
1212957248,1,1,1,1.8
1213072320,0,1,0,1.75
1213096448,0,1,0,1.5
1213139136,1,1,1,2.375
1213170688,1,1,1,1.7878787878787878
1213256064,0,1,1,1.4285714285714286
1213283904,0,1,1,2.2
1213387840,0,1,0,1.9230769230769231
1213439808,1,1,1,2.316666666666667
1213515904,1,1,1,1.8214285714285714
1213573440,0,1,1,1.9
1213669952,1,1,1,2.2320574162679425
1214063424,1,1,1,2.8947368421052633
1214076416,1,1,1,2.2
1214109824,0,1,0,3.0
1214232320,0,1,0,2.5
1214360384,0,1,1,2.1666666666666665
1214421632,0,1,0,4.0
1214805824,0,1,0,2.6666666666666665
1214857792,1,1,1,2.448
1214941312,0,1,0,2.2
1215238272,1,1,1,2.3541666666666665
1216418688,1,1,0,1.894736842105263
1216543040,1,1,1,2.1881188118811883
1216890112,0,1,0,2.25
1217014464,0,1,1,2.3333333333333335
1217222336,0,1,0,1.7234042553191489
1217257600,1,1,1,2.44954128440367
1217274304,0,1,1,2.204081632653061
1217547136,1,1,0,2.857142857142857
1218059392,0,1,1,1.5
1218499264,0,1,0,2.0
1218606912,0,1,0,1.0
1218644032,0,1,1,1.7391304347826086
1218742400,0,1,1,1.6875
1219033792,0,1,1,1.4782608695652173
1219145152,0,1,1,1.3888888888888888
1219243520,1,1,1,1.3571428571428572
1219468096,1,1,1,1.96875
1219603584,0,1,0,1.0
1219787328,0,1,0,3.0
1219835584,0,1,0,1.5
1219874560,1,1,1,2.1267605633802815
1219993344,1,1,1,2.2941176470588234
1220418368,0,1,1,2.869565217391304
1220984448,1,1,1,2.1463414634146343
1221153344,0,1,0,3.6666666666666665
1221244288,0,1,0,2.4
1221298112,1,1,0,2.5
1221609920,1,1,1,2.6052631578947367
1221611776,0,1,1,2.3043478260869565
1221788096,0,1,0,2.5
1222187136,0,1,1,2.0
1222216832,0,1,0,2.0
1222378304,0,1,0,2.8333333333333335
1222391296,0,1,0,3.0
1222467392,0,1,1,3.5
1222493376,0,1,1,2.0344827586206895
1222949952,0,1,1,2.4545454545454546
1223009344,1,1,1,2.9056603773584904
1223042752,0,1,1,3.5
1223050176,1,1,1,2.36231884057971
1223250624,1,1,1,2.4285714285714284
1223254336,0,1,0,2.0
1223267328,1,1,1,2.642857142857143
1223399104,1,1,1,2.4415584415584415
1223521600,0,1,1,2.769230769230769
1223530880,0,1,1,1.9090909090909092
1223558720,0,1,1,1.6428571428571428
1223621824,1,1,1,2.0434782608695654
1223707200,1,1,1,2.1538461538461537
1223920640,1,1,1,2.2115384615384617
1224035712,0,1,0,3.25
1224096960,0,1,0,2.0
1224351232,1,1,1,2.59
1224635200,1,1,1,2.4350282485875705
1224685312,1,1,1,2.4689655172413794
1224841216,1,1,1,1.8333333333333333
1224909888,0,1,0,1.0
1225036096,1,1,1,2.1483870967741936
1225212416,1,1,1,2.5
1225216128,1,1,1,2.7466666666666666
1225281088,0,1,1,2.3636363636363638
1225657856,0,1,0,2.625
1225811904,1,1,1,2.4444444444444446
1225873152,1,1,1,2.4482758620689653
1226079168,1,1,1,2.616822429906542
1226149696,0,1,0,1.0
1226168256,1,1,1,2.4564102564102566
1226301888,1,1,0,2.0
1226396544,0,1,0,2.1818181818181817
1226561728,0,1,0,2.0
1226674944,0,1,0,3.5
1226884672,0,1,0,2.6666666666666665
1226927360,0,1,0,4.0
1227036864,1,1,1,1.736842105263158
1227419200,1,1,1,2.5390070921985815
1227452608,1,1,1,2.107142857142857
1227692032,0,1,0,2.0
1227734720,1,1,1,2.130434782608696
1227756992,0,1,0,2.5
1227771840,0,1,1,4.5
1227831232,0,1,0,2.3333333333333335
1227901760,0,1,1,2.1142857142857143
1227944448,0,1,0,2.09375
1228213568,0,1,0,2.2
1228226560,0,1,1,1.9333333333333333
1228245120,0,1,0,2.5
1228701696,0,1,1,2.475
1228894720,1,1,1,2.3191489361702127
1228898432,0,1,0,2.25
1228996800,0,1,1,3.0
1229189824,0,1,0,3.3333333333333335
1229260352,0,1,0,2.357142857142857
1229312320,0,1,0,1.0
1229377280,0,1,1,2.5454545454545454
1229418112,0,1,0,3.5
1229600000,0,1,0,1.3333333333333333
1229896960,1,1,0,2.75
1229965632,1,1,1,2.4788732394366195
1229984192,0,1,0,2.5555555555555554
1230032448,0,1,0,2.2857142857142856
1230407360,0,1,0,2.1666666666666665
1230544704,1,1,1,2.75
1230917760,0,1,0,2.4
1231426304,0,1,1,2.4
1231847616,0,1,0,2.4444444444444446
1231944128,0,1,0,2.0
1231945984,0,1,0,1.5555555555555556
1231958976,1,1,0,2.772727272727273
1232135296,0,1,0,3.0
1232181696,0,1,1,2.142857142857143
1232196544,0,1,0,2.8461538461538463
1232267072,0,1,1,2.652173913043478
1232408128,1,1,1,2.8333333333333335
1232480512,0,1,1,1.935483870967742
1232775616,1,1,0,2.4074074074074074
1232888832,0,1,0,1.3333333333333333
1233159808,1,1,1,2.108695652173913
1233336128,1,1,0,1.9523809523809523
1233432640,0,1,0,2.5
1233506880,0,1,1,1.5
1233746304,0,1,1,2.6538461538461537
1233922624,0,1,0,2.0
1233946752,0,1,0,3.0
1233957888,1,1,1,2.6
1234024704,0,1,0,2.4
1234030272,0,1,0,3.142857142857143
1234061824,0,1,0,2.0
1234074816,0,1,0,2.5
1234115648,1,1,0,2.5517241379310347
1234355072,0,1,1,2.5517241379310347
1234473856,1,1,0,1.8571428571428572
1234598208,0,1,0,2.5
1234793088,0,1,1,1.9444444444444444
1234948992,1,1,1,2.5128205128205128
1234965696,1,1,1,2.360655737704918
1235080768,0,1,0,1.6666666666666667
1235132736,0,1,0,1.8
1235179136,0,1,1,2.5172413793103448
1235325760,1,1,1,2.309572301425662
1235409280,0,1,1,2.3076923076923075
1235513216,0,1,0,2.0
1235815744,1,1,1,2.533333333333333
1235964224,0,1,1,2.25
1235992064,1,1,1,2.438202247191011
1236019904,0,1,0,2.6666666666666665
1236237056,1,1,1,2.321078431372549
1236339136,0,1,1,2.75
1236346560,0,1,0,1.2857142857142858
1236797568,1,1,1,2.6507936507936507
1237029568,1,1,1,2.3846153846153846
1237055552,1,1,1,2.3857142857142857
1237189184,0,1,0,2.5
1237250432,0,1,0,2.25
1237413760,0,1,0,1.4761904761904763
1237874048,0,1,1,1.875
1238024384,0,1,0,2.0
1238081920,1,1,1,2.75
1238341760,1,1,1,1.74
1238440128,1,1,1,2.1868131868131866
1238555200,1,1,1,2.574712643678161
1238635008,0,1,1,2.220779220779221
1238753792,1,1,0,2.2
1239110144,0,1,0,2.3333333333333335
1239167680,0,1,0,3.0
1239420096,0,1,0,5.0
1239449792,0,1,1,2.3793103448275863
1239464640,0,1,0,2.25
1239568576,1,1,1,2.0256410256410255
1240227456,1,1,1,2.4274509803921567
1240240448,1,1,1,2.1
1240427904,0,1,1,2.0
1240529984,0,1,1,2.7333333333333334
1241032960,1,1,1,1.5
1241402304,0,1,1,2.586206896551724
1241467264,0,1,0,2.142857142857143
1241509952,1,1,1,2.0660377358490565
1241645440,0,1,0,2.4473684210526314
1241708544,1,1,1,2.424342105263158
1241741952,0,1,0,2.0
1241814336,1,1,1,2.6159420289855073
1241886720,0,1,1,2.5476190476190474
1242189248,0,1,0,2.5
1242248640,0,1,0,3.142857142857143
1242424960,0,1,1,3.0
1242723776,1,1,0,2.096774193548387
1242796160,0,1,1,2.7142857142857144
1242857408,0,1,1,1.75
1242939072,0,1,1,2.4262295081967213
1243046720,1,1,1,1.4230769230769231
1243687040,0,1,0,4.0
1243779840,0,1,0,1.0
1243805824,0,1,0,1.3
1244054528,1,1,0,2.3333333333333335
1244069376,0,1,0,2.3333333333333335
1244227136,0,1,0,2.4444444444444446
1244709696,0,1,0,2.75
1244711552,0,1,0,2.3333333333333335
1245002944,0,1,1,3.0
1245006656,0,1,0,2.526315789473684
1245067904,0,1,0,2.0
1245411264,1,1,1,2.410958904109589
1245420544,1,1,0,3.0
1245489216,1,1,1,2.2066666666666666
1245602432,1,1,1,2.5555555555555554
1245626560,1,1,1,2.760869565217391
1245732352,0,1,0,2.2
1245823296,0,1,0,3.125
1246038592,0,1,0,2.0
1246122112,0,1,1,2.4285714285714284
1246159232,1,1,1,2.5
1246355968,0,1,0,3.1666666666666665
1246578688,0,1,0,1.0
1246903488,0,1,0,2.0
1246940608,0,1,0,2.5
1246953600,0,1,0,2.5
1247063104,1,1,1,2.3058823529411763
1247142912,0,1,1,2.381818181818182
1247566080,0,1,0,2.0
1247642176,0,1,1,2.7
1247731264,1,1,1,2.5510204081632653
1247749824,0,1,1,2.0
1247766528,1,1,1,2.5
1247781376,0,1,0,2.0
1247946560,0,1,0,2.0
1247948416,0,1,0,3.1666666666666665
1248041216,0,1,1,2.453488372093023
1248176704,0,1,0,3.0
1248250944,0,1,1,2.5853658536585367
1248395712,1,1,0,2.875
1248469952,1,1,0,2.75
1248494080,0,1,0,2.1666666666666665
1248505216,0,1,0,3.0
1248557184,0,1,0,3.0
1248657408,0,1,0,2.5
1248783616,1,1,1,2.347826086956522
1248887552,0,1,1,2.4210526315789473
1248963648,0,1,1,2.769230769230769
1249188224,0,1,0,1.0
1249190080,0,1,0,3.25
1249264320,1,1,1,2.3684210526315788
1249310720,1,1,1,2.513888888888889
1249423936,0,1,0,2.6470588235294117
1249795136,1,1,0,1.875
1249860096,0,1,0,3.1666666666666665
1250095808,0,1,0,3.0
1250268416,0,1,0,1.0
1250424320,0,1,0,3.6666666666666665
1250457728,1,1,0,2.25
1250520832,0,1,0,2.0
1250550528,1,1,1,2.467005076142132
1250678592,1,1,1,2.0681818181818183
1250821504,1,1,1,2.672316384180791
1250899456,0,1,1,2.75
1251055360,0,1,1,2.106382978723404
1251205696,1,1,1,2.5210084033613445
1251406144,0,1,0,3.0
1251413568,0,1,0,3.0
1251693824,1,1,1,1.9361702127659575
1251756928,0,1,0,2.5
1251872000,0,1,0,1.5
1251881280,0,1,0,3.1666666666666665
1251979648,0,1,0,1.0
1253111808,1,1,0,2.6551724137931036
1253195328,0,1,1,2.0
1253364224,0,1,1,4.0
1253423616,0,1,0,2.0
1253854208,0,1,0,4.0
1254049088,1,1,0,2.3157894736842106
1254282944,1,1,1,2.347826086956522
1254702400,0,1,0,2.0
1255277760,1,1,0,3.6666666666666665
1255455936,0,1,1,2.5
1255470784,0,1,0,3.0
1255474496,0,1,0,2.6842105263157894
1255745472,1,1,0,1.6
1255801152,1,1,1,1.5737704918032787
1256662336,0,1,0,3.0
1256808960,1,1,1,2.2777777777777777
1256981568,0,1,0,2.527027027027027
1257315648,0,1,0,1.6666666666666667
1257427008,0,1,0,4.0
1257527232,0,1,0,1.5238095238095237
1257723968,1,1,0,2.3333333333333335
1257813056,0,1,0,2.4210526315789473
1257850176,0,1,0,3.0
1257948544,0,1,1,2.4347826086956523
1258288192,0,1,0,2.2222222222222223
1258507200,1,1,1,2.1666666666666665
1258512768,1,1,1,1.7586206896551724
1258523904,0,1,1,2.3529411764705883
1258583296,0,1,0,3.6666666666666665
1258676096,0,1,0,1.8
1258828288,0,1,0,3.0
1258958208,0,1,0,1.0
1259004608,0,1,0,2.75
1259008320,1,1,1,2.4210526315789473
1259325696,0,1,1,2.6666666666666665
1259470464,0,1,0,3.260869565217391
1259526144,1,1,1,2.6
1259672768,1,1,1,2.6153846153846154
1259849088,1,1,1,2.3333333333333335
1259964160,1,1,1,2.3
1260166464,1,1,1,2.375
1260444864,1,1,0,1.5
1260559936,0,1,1,2.3679245283018866
1261202112,0,1,0,2.75
1261211392,1,1,0,2.25
1261322752,0,1,0,1.9285714285714286
1261487936,0,1,0,2.3333333333333335
1261541760,1,1,1,2.6717171717171717
1261619712,0,1,0,2.0
1261666112,1,1,1,2.2142857142857144
1262167232,1,1,0,2.235294117647059
1262185792,1,1,1,2.423076923076923
1262235904,0,1,1,2.0833333333333335
1262375104,0,1,0,2.0
1262518016,1,1,1,2.772727272727273
1262519872,0,1,0,2.533333333333333
1262666496,0,1,0,2.5
1262965312,1,1,0,2.3095238095238093
1263076672,0,1,1,2.1739130434782608
1263143488,0,1,0,2.5454545454545454
1263160192,0,1,0,2.9
1263262272,0,1,0,3.0
1263477568,1,1,1,2.672727272727273
1263483136,0,1,1,2.5714285714285716
1263691008,0,1,0,3.0
1263917440,0,1,0,1.2
1263921152,0,1,0,1.8
1263948992,0,1,0,2.4
1263969408,0,1,0,1.7
1264054784,0,1,0,2.5
1264227392,0,1,1,2.9365079365079363
1264244096,1,1,0,2.2051282051282053
1264977216,0,1,1,2.5384615384615383
1265094144,1,1,1,2.4
1265142400,0,1,0,3.0
1265255616,1,1,0,2.6666666666666665
1265340992,0,1,1,2.4925373134328357
1265771584,0,1,1,2.4285714285714284
1266131648,1,1,1,1.8421052631578947
1266165056,0,1,0,4.0
1266371072,0,1,1,2.5
1266423040,0,1,1,3.1
1266426752,0,1,1,2.6470588235294117
1266924160,1,1,0,2.2
1266974272,0,1,1,2.6315789473684212
1267028096,0,1,1,1.0
1267239680,0,1,0,2.4615384615384617
1267313920,1,1,1,1.8636363636363635
1267516224,0,1,0,2.0
1267616448,0,1,1,3.0
1267714816,1,1,1,2.5
1267759360,1,1,1,2.210526315789474
1267761216,1,1,1,2.9047619047619047
1268011776,0,1,0,1.0
1268421952,1,1,1,1.85
1268627968,0,1,0,1.0
1268707776,0,1,1,3.0
1268787584,0,1,0,3.357142857142857
1268928640,0,1,1,2.0
1269427904,0,1,1,2.6315789473684212
1269823232,0,1,0,2.0
1269919744,0,1,1,2.3972602739726026
1270023680,0,1,0,2.0
1270051520,0,1,1,2.158139534883721
1270541504,0,1,1,2.4827586206896552
1270719680,1,1,1,2.4495798319327733
1270866304,0,1,0,2.0
1270968384,0,1,1,2.0
1271313600,0,1,1,2.417910447761194
1271515904,0,1,0,2.0
1271527040,1,1,1,2.0930232558139537
1271816576,1,1,1,2.4210526315789473
1272508864,1,1,1,2.3714285714285714
1272532992,0,1,0,2.0
1272536704,0,1,0,1.0
1272672192,1,1,1,2.0714285714285716
1272987712,1,1,1,2.0476190476190474
1273115776,0,1,0,2.5
1273305088,0,1,0,2.5833333333333335
1273344064,0,1,1,1.0
1273462848,0,1,0,2.2
1273509248,0,1,0,1.875
1273765376,1,1,1,2.5428571428571427
1273850752,0,1,0,2.727272727272727
1274385280,0,1,0,2.0
1274544896,1,1,1,2.6037735849056602
1274589440,0,1,0,3.0
1274721216,1,1,0,2.0
1274741632,0,1,0,1.5
1274799168,0,1,1,2.4705882352941178
1274895680,1,1,1,3.375
1274910528,0,1,0,1.8
1274919808,0,1,1,2.3
1274964352,0,1,1,2.6666666666666665
1275213056,1,1,1,1.75
1275305856,1,1,1,2.1
1275782848,0,1,0,2.0
1275784704,0,1,0,1.6666666666666667
1275842240,0,1,1,1.9714285714285715
1275968448,0,1,0,1.0
1276207872,0,1,0,2.0
1276330368,0,1,1,3.0
1276532672,0,1,0,3.6
1276890880,1,1,1,2.0
1276924288,1,1,1,2.104761904761905
1277111744,0,1,0,2.0
1277163712,0,1,1,2.264705882352941
1277171136,0,1,0,3.0
1277256512,0,1,0,2.0
1277297344,0,1,0,2.0
1277354880,1,1,1,2.452830188679245
1277568320,0,1,0,3.5
1277674112,1,1,1,2.4743589743589745
1277980352,1,1,1,2.6538461538461537
1278379392,1,1,0,2.1666666666666665
1278388672,0,1,1,2.652173913043478
1278418368,0,1,1,2.3541666666666665
1278650368,0,1,0,3.3333333333333335
1278785856,0,1,0,3.0
1278904640,0,1,1,1.0
1278913920,0,1,1,2.390625
1278936192,0,1,0,3.6666666666666665
1279040128,1,1,1,2.259259259259259
1279142208,0,1,0,2.4615384615384617
1279311104,1,1,1,2.3
1279576512,0,1,0,2.4479166666666665
1279641472,1,1,1,2.5841584158415842
1279695296,0,1,1,3.5714285714285716
1279728704,0,1,1,2.2666666666666666
1280201984,0,1,0,2.0
1280233536,1,1,1,2.6054421768707483
1280359744,1,1,0,2.5
1280415424,1,1,0,2.411764705882353
1280671552,0,1,0,1.9090909090909092
1280931392,1,1,1,2.3656716417910446
1280996352,0,1,0,2.727272727272727
1281180096,0,1,1,1.85
1281460352,0,1,1,2.9444444444444446
1281486336,1,1,1,2.3120567375886525
1281634816,0,1,0,1.0
1281712768,0,1,0,2.25
1281931776,0,1,0,2.7142857142857144
1281983744,0,1,1,1.5
1282067264,0,1,1,2.7777777777777777
1282074688,0,1,1,2.4
1282141504,1,1,1,2.519230769230769
1282308544,0,1,0,2.125
1282477440,0,1,0,3.6666666666666665
1282494144,0,1,0,2.0
1282575808,0,1,0,2.5
1282748416,0,1,0,2.769230769230769
1282880192,0,1,0,1.9285714285714286
1283039808,1,1,1,2.5301204819277108
1283084352,0,1,0,1.5555555555555556
1283121472,1,1,1,2.484029484029484
1283151168,1,1,1,2.2556818181818183
1283208704,0,1,1,2.8181818181818183
1283214272,0,1,0,1.0
1283336768,1,1,1,2.381818181818182
1283416576,1,1,1,2.533333333333333
1283591040,0,1,1,3.142857142857143
1283733952,0,1,0,3.0
1283945536,0,1,0,2.2857142857142856
1283954816,1,1,1,2.4516129032258065
1283980800,1,1,1,2.5294117647058822
1283997504,1,1,1,2.3253968253968256
1284016064,1,1,1,3.2
1284160832,1,1,0,2.0
1284298176,0,1,0,2.6666666666666665
1284314880,0,1,0,3.0
1284376128,1,1,1,2.4340425531914893
1284457792,1,1,1,2.6964285714285716
1284571008,0,1,0,2.0
1284589568,0,1,1,2.7222222222222223
1284591424,1,1,1,2.5891472868217056
1284619264,1,1,1,1.5263157894736843
1284699072,1,1,1,2.2519083969465647
1284743616,1,1,1,1.8888888888888888
1284793728,0,1,1,2.76
1284847552,1,1,0,2.6666666666666665
1285183488,0,1,0,1.5555555555555556
1285215040,1,1,1,2.329004329004329
1285281856,1,1,1,1.9278350515463918
1285545408,1,1,1,2.5291005291005293
1285708736,1,1,1,2.3134328358208953
1286276672,0,1,1,2.225806451612903
1286324928,1,1,0,2.0
1286373184,0,1,1,2.6296296296296298
1286484544,0,1,0,3.2
1286488256,0,1,0,3.0
1286530944,0,1,0,2.3333333333333335
1286779648,0,1,0,2.0
1286798208,1,1,1,2.3043478260869565
1286954112,0,1,0,3.3333333333333335
1286957824,0,1,0,2.25
1287113728,0,1,0,3.0
1287258496,0,1,0,2.5
1287280768,0,1,0,2.6315789473684212
1287462656,1,1,1,2.49645390070922
1287668672,0,1,0,2.3333333333333335
1287826432,0,1,1,2.9
1287861696,0,1,1,2.75
1288251456,1,1,0,1.935483870967742
1288255168,0,1,1,2.7
1288303424,0,1,0,2.3
1288327552,0,1,0,2.0
1288398080,1,1,1,2.0952380952380953
1289387328,1,1,1,2.315068493150685
1289430016,0,1,0,2.5
1289439296,1,1,1,2.2448979591836733
1289650880,1,1,0,2.0
1290118592,0,1,0,2.5
1290267072,0,1,0,2.0
1290415552,1,1,0,2.0
1290508352,1,1,1,2.4
1290675392,1,1,1,1.9547169811320755
1290712512,0,1,0,3.8
1290857280,0,1,0,4.0
1290942656,1,1,1,2.3823529411764706
1291139392,1,1,0,1.736842105263158
1291183936,0,1,0,2.0
1291226624,0,1,0,1.6666666666666667
1291764864,0,1,1,1.676056338028169
1291959744,0,1,0,1.0
1292145344,0,1,1,1.6923076923076923
1292843200,0,1,0,2.0
1292921152,0,1,0,1.375
1292952704,1,1,1,1.6451612903225807
1293407424,1,1,1,2.2666666666666666
1293418560,1,1,1,2.0296296296296297
1293695104,1,1,1,2.1594202898550723
1293774912,0,1,1,2.0655737704918034
1293787904,0,1,1,1.8571428571428572
1293891840,0,1,1,1.2
1294396672,0,1,0,1.6666666666666667
1294444928,1,1,1,1.7943262411347518
1294572992,1,1,0,1.4615384615384615
1294712192,1,1,1,2.0641025641025643
1294797568,0,1,0,3.75
1294849536,1,1,1,2.2660944206008584
1294981312,0,1,0,1.5
1295074112,0,1,1,1.0
1295274560,0,1,1,1.25
1295584512,0,1,0,2.0
1295643904,0,1,1,1.9849624060150375
1295738560,1,1,1,2.009771986970684
1296106048,0,1,1,2.3
1296115328,0,1,1,2.1320754716981134
1296284224,0,1,0,1.6
1296286080,1,1,1,2.3627450980392157
1296545920,0,1,0,2.8181818181818183
1296570048,0,1,0,3.5
1296768640,1,1,1,2.25
1296789056,0,1,0,2.0
1296876288,0,1,1,2.0
1296887424,0,1,0,1.5
1296956096,0,1,0,1.6666666666666667
1297034048,0,1,0,1.48
1297112000,0,1,0,1.5333333333333334
1297292032,0,1,1,2.2222222222222223
1297342144,1,1,1,1.6956521739130435
1297408960,0,1,1,1.0
1297414528,0,1,1,1.7142857142857142
1297440512,1,1,0,1.5
1297850688,1,1,1,1.8208955223880596
1298071552,0,1,0,2.0
1298246016,0,1,0,1.0
1298249728,1,1,1,2.576923076923077
1298260864,1,1,1,2.4901960784313726
1298288704,1,1,1,2.4216867469879517
1298327680,1,1,0,1.0
1298333248,1,1,1,2.2824858757062145
1298353664,1,1,1,2.223021582733813
1298507712,1,1,0,2.4615384615384617
1298873344,0,1,0,2.0
1298997696,1,1,1,2.235294117647059
1299380032,0,1,1,3.0
1299417152,0,1,0,3.0
1299543360,1,1,0,2.75
1300495488,0,1,1,2.1707317073170733
1300677376,0,1,1,3.0
1300894528,1,1,1,2.1153846153846154
1300900096,1,1,1,2.381818181818182
1301007744,0,1,0,3.0
1301011456,0,1,1,2.0
1301325120,1,1,1,2.38
1301345536,1,1,1,2.712574850299401
1301707456,0,1,0,2.5
1301792832,0,1,0,1.0
1302011840,0,1,0,2.0
1302022976,0,1,0,2.5555555555555554
1302078656,0,1,0,2.727272727272727
1302097216,0,1,0,2.3333333333333335
1302190016,0,1,0,1.6666666666666667
1302201152,1,1,1,2.3466666666666667
1302243840,0,1,1,2.727272727272727
1302490688,0,1,1,2.0344827586206895
1302772800,0,1,1,2.3043478260869565
1302897152,0,1,0,3.3333333333333335
1303587584,0,1,0,2.3333333333333335
1303995904,1,1,1,2.626865671641791
1304274304,0,1,0,2.6
1304626944,0,1,0,2.5517241379310347
1304645504,0,1,1,2.4545454545454546
1304673344,0,1,0,2.1666666666666665
1304734592,0,1,0,2.5833333333333335
1304786560,0,1,0,1.5714285714285714
1304886784,0,1,1,2.32
1304899776,0,1,0,4.0
1305178176,1,1,1,2.2222222222222223
1305417600,0,1,0,2.466666666666667
1305432448,0,1,0,2.142857142857143
1305439872,0,1,0,2.642857142857143
1305530816,0,1,1,2.4
1305547520,1,1,0,2.4
1305753536,1,1,1,1.7820512820512822
1305879744,0,1,1,3.111111111111111
1306206400,0,1,1,3.0
1306217536,0,1,0,2.5
1306507072,0,1,0,2.3333333333333335
1307362688,0,1,1,2.4444444444444446
1307513024,0,1,1,1.5
1307678208,1,1,1,2.129032258064516
1307732032,0,1,0,2.75
1307772864,1,1,0,2.142857142857143
1308181184,0,1,0,2.0
1308340800,0,1,0,2.6
1308606208,1,1,1,2.3275862068965516
1308656320,1,1,1,2.1176470588235294
1308671168,0,1,0,3.6666666666666665
1308801088,1,1,1,2.2941176470588234
1308919872,1,1,1,2.247787610619469
1308979264,1,1,1,2.104368932038835
1309667840,0,1,0,1.7142857142857142
1309962944,1,1,1,2.106382978723404
1310454784,1,1,1,2.196078431372549
1310480768,1,1,1,3.0606060606060606
1310512320,0,1,0,3.0
1310517888,1,1,0,3.0
1310636672,0,1,0,1.25
1310733184,0,1,0,3.0
1310755456,1,1,0,2.8333333333333335
1310757312,0,1,0,2.6666666666666665
1310764736,1,1,1,2.3564356435643563
1310920640,0,1,1,1.6153846153846154
1311243584,0,1,0,2.3333333333333335
1311251008,0,1,1,2.5
1311477440,1,1,1,2.25
1311531264,1,1,1,2.409090909090909
1311624064,0,1,0,2.0
1311831936,1,1,1,2.1818181818181817
1311896896,1,1,1,2.26875
1311980416,0,1,1,2.4328358208955225
1312114048,0,1,0,3.0
1312128896,0,1,0,2.0
1312681984,1,1,0,1.3333333333333333
1312739520,0,1,1,2.736842105263158
1312810048,0,1,0,2.176470588235294
1312975232,0,1,0,2.5
1313296320,1,1,0,3.1176470588235294
1313572864,1,1,1,2.53125
1313678656,0,1,0,2.0
1313901376,0,1,0,2.0
1313988608,0,1,0,2.5555555555555554
1314183488,0,1,1,2.787878787878788
1314239168,0,1,1,3.0
1314422912,1,1,0,2.3333333333333335
1314439616,0,1,0,2.0
1314450752,1,1,1,2.4456521739130435
1314552832,1,1,1,2.5277777777777777
1314725440,0,1,0,3.0
1314786688,0,1,1,2.588235294117647
1314807104,0,1,1,2.46875
1314968576,0,1,0,2.6
1315122624,1,1,0,2.5
1315191296,1,1,1,2.9473684210526314
1315289664,1,1,1,2.433333333333333
1315295232,0,1,0,3.0
1315378752,0,1,1,2.3
1315512384,0,1,1,2.3333333333333335
1316316032,1,1,0,2.3333333333333335
1316338304,0,1,0,3.0
1316592576,1,1,0,4.0
1316681664,0,1,0,1.0
1316804160,1,1,1,2.5254237288135593
1316906240,0,1,1,2.5
1316921088,0,1,1,2.3095238095238093
1316934080,0,1,1,2.0277777777777777
1316993472,0,1,1,2.4705882352941178
1317049152,0,1,0,1.6666666666666667
1317199488,0,1,0,2.0
1317218048,0,1,1,3.5
1317451904,0,1,1,2.9444444444444446
1317613376,1,1,1,2.484375
1317650496,0,1,0,2.6818181818181817
1317765568,0,1,0,2.6666666666666665
1318322368,0,1,0,2.3333333333333335
1318760384,0,1,1,2.8666666666666667
1318905152,0,1,1,2.513157894736842
1319072192,0,1,0,2.4166666666666665
1319267072,0,1,1,2.772727272727273
1320735168,0,1,0,3.3333333333333335
1320742592,0,1,1,2.875
1320827968,0,1,0,2.3333333333333335
1320894784,1,1,1,2.263157894736842
1320922624,0,1,0,1.95
1321195456,0,1,0,3.0
1321202880,0,1,0,2.3
1321343936,0,1,0,1.4
1321514688,0,1,0,1.75
1321535104,0,1,1,1.9230769230769231
1321601920,0,1,1,2.0
1321609344,0,1,1,1.7307692307692308
1321668736,0,1,1,1.0
1321934144,0,1,0,1.5
1322034368,0,1,1,1.5909090909090908
1322453824,0,1,1,1.5555555555555556
1322841728,0,1,0,2.0
1322943808,1,1,1,1.9642857142857142
1323198080,1,1,1,1.3333333333333333
1323272320,0,1,0,2.5
1323322432,0,1,1,1.4782608695652173
1323476480,0,1,0,1.6666666666666667
1323482048,0,1,1,1.6071428571428572
1323656512,1,1,1,2.295238095238095
1323966464,0,1,0,4.0
1324126080,0,1,0,2.0
1324272704,0,1,0,3.5
1324306112,0,1,0,3.0
1324491712,1,1,0,1.0
1324551104,0,1,0,1.5
1324781248,0,1,0,2.3157894736842106
1325081920,1,1,1,1.75
1325130176,0,1,1,1.9908256880733946
1325362176,1,1,1,2.3823529411764706
1325672128,1,1,1,2.5
1325867008,0,1,0,2.0
1325956096,1,1,1,1.9589041095890412
1326008064,0,1,0,2.25
1326195520,1,1,0,2.2058823529411766
1326280896,0,1,1,2.3333333333333335
1326609408,0,1,0,2.5
1326620544,0,1,0,2.4
1326915648,0,1,1,1.0
1327054848,1,1,1,2.402684563758389
1327181056,1,1,1,2.175
1327205184,1,1,0,1.6666666666666667
1327548544,0,1,0,2.111111111111111
1327997696,0,1,0,1.5555555555555556
1328055232,1,1,1,2.0679611650485437
1328109056,0,1,0,1.5
1328181440,0,1,0,1.3333333333333333
1328363328,1,1,1,2.574074074074074
1328459840,0,1,1,2.4468085106382977
1328463552,1,1,0,1.9473684210526316
1328710400,0,1,0,2.25
1328712256,0,1,0,1.5
1328792064,0,1,0,2.0
1328793920,0,1,0,2.3333333333333335
1328806912,0,1,0,1.75
1329153984,0,1,0,1.0
1329309888,0,1,0,1.625
1330007744,0,1,1,2.6
1330204480,1,1,0,2.25
1330300992,0,1,0,2.125
1331329216,0,1,0,1.0
1331420160,1,1,1,1.8409090909090908
1331431296,1,1,1,2.572649572649573
1331796928,1,1,1,2.336842105263158
1332233088,1,1,1,2.601449275362319
1332325888,0,1,1,2.64
1332461376,0,1,1,1.5384615384615385
1332815872,1,1,0,2.5319148936170213
1332923520,0,1,1,2.1538461538461537
1333556416,0,1,0,2.4545454545454546
1333638080,0,1,0,2.5
1333645504,0,1,0,3.0
1333719744,0,1,0,2.25
1333795840,1,1,1,1.9878048780487805
1333988864,0,1,1,2.164383561643836
1334356352,1,1,0,2.272727272727273
1334443584,0,1,0,2.0
1334514112,1,1,0,2.466666666666667
1334746112,0,1,0,2.6666666666666665
1334820352,0,1,0,2.75
1334848192,0,1,1,3.0416666666666665
1334929856,0,1,1,2.4782608695652173
1334942848,1,1,1,2.260869565217391
1334965120,0,1,0,2.7142857142857144
1334996672,1,1,1,2.1944444444444446
1335005952,0,1,0,3.0
1335403136,0,1,1,2.5714285714285716
1335501504,1,1,1,2.3403508771929826
1335533056,0,1,0,3.375
1335575744,1,1,0,1.5625
1335735360,1,1,1,1.8409090909090908
1335759488,1,1,1,2.1548117154811717
1335820736,0,1,0,1.8333333333333333
1335933952,0,1,0,2.6363636363636362
1335980352,0,1,0,3.0
1336154816,0,1,0,2.7142857142857144
1336479616,0,1,0,1.4166666666666667
1336583552,0,1,1,1.794871794871795
1336982592,0,1,0,1.0
1337110656,0,1,0,1.8235294117647058
1337223872,1,1,1,1.967741935483871
1337437312,0,1,0,1.5
1337452160,0,1,0,2.0
1337565376,1,1,1,2.5714285714285716
1337944000,0,1,1,2.0714285714285716
1338372736,1,1,1,2.4444444444444446
1338393152,0,1,0,3.5
1339011200,1,1,1,2.142857142857143
1340104384,1,1,1,2.08974358974359
1340139648,1,1,1,2.279503105590062
1340384640,1,1,1,2.310810810810811
1340447744,0,1,0,2.0
1341455552,1,1,1,2.1949685534591197
1342281472,1,1,0,3.1333333333333333
1342364992,1,1,1,2.4483627204030225
1342823424,1,1,0,3.0952380952380953
1342893952,0,1,0,2.0
1342912512,1,1,1,2.6107784431137726
1342921792,1,1,1,2.225806451612903
1342990464,0,1,0,3.0
1343267008,0,1,0,2.3
1343359808,1,1,1,2.4133986928104574
1343898048,1,1,0,2.3636363636363638
1344035392,1,1,1,3.0
1344217280,0,1,0,3.0
1344319360,0,1,0,2.6666666666666665
1344350912,1,1,0,2.0
1344683136,1,1,1,1.6415094339622642
1344833472,0,1,0,1.6666666666666667
1345033920,1,1,0,2.4411764705882355
1345045056,0,1,1,2.2
1345056192,0,1,0,2.3333333333333335
1345089600,0,1,0,3.3333333333333335
1345360576,1,1,0,1.9428571428571428
1345373568,0,1,0,1.0
1345375424,0,1,1,2.1724137931034484
1345538752,0,1,0,2.5
1345694656,1,1,0,1.5
1345707648,0,1,0,2.0
1345937792,1,1,1,2.8666666666666667
1345952640,0,1,0,3.0
1346051008,0,1,0,2.2
1346065856,1,1,1,1.85
1346349824,0,1,0,2.5
1346368384,0,1,0,1.0
1346472320,1,1,1,1.90625
1346583680,0,1,1,2.2954545454545454
1346589248,0,1,0,2.3333333333333335
1346600384,0,1,0,2.0
1346676480,0,1,0,3.25
1346819392,1,1,1,2.4693877551020407
1347108928,0,1,0,1.0
1347398464,0,1,0,1.6666666666666667
1347530240,0,1,0,1.0
1347621184,0,1,0,2.0
1348029504,0,1,0,2.3636363636363638
1348254080,1,1,1,1.9896373056994818
1348267072,1,1,1,2.1772151898734178
1348603008,0,1,0,3.0
1348990912,0,1,0,3.25
1349028032,0,1,0,3.0
1349046592,0,1,0,3.0
1349076288,1,1,1,2.0258620689655173
1349172800,0,1,1,2.0
1349222912,1,1,1,2.2142857142857144
1349248896,0,1,0,1.0
1349356544,0,1,1,1.0
1349440064,0,1,1,2.09375
1349714752,1,1,1,2.25
1349905920,0,1,0,4.0
1350035840,0,1,0,1.5625
1350072960,0,1,1,1.8148148148148149
1350574080,1,1,1,2.710526315789474
1351038080,0,1,1,3.0
1351149440,0,1,1,2.5
1351236672,1,1,0,2.88
1351405568,0,1,0,1.1818181818181819
1351502080,1,1,1,2.248322147651007
1351565184,1,1,1,2.5833333333333335
1351659840,1,1,1,1.8650793650793651
1351737792,0,1,0,2.0
1351760064,1,1,0,1.625
1351964224,0,1,1,2.2972972972972974
1352038464,1,1,1,1.896551724137931
1352173952,0,1,0,1.3333333333333333
1352302016,0,1,0,1.2307692307692308
1352383680,0,1,0,1.7272727272727273
1352472768,0,1,0,1.5555555555555556
1352508032,0,1,0,1.9090909090909092
1352578560,0,1,0,2.0
1352600832,0,1,1,1.6818181818181819
1352610112,0,1,0,1.3333333333333333
1352708480,0,1,0,1.8571428571428572
1352801280,0,1,0,2.4146341463414633
1352836544,1,1,0,1.625
1353087104,0,1,0,3.6666666666666665
1353495424,1,1,1,2.2371794871794872
1353525120,0,1,1,2.5
1353736704,0,1,1,3.0
1353881472,0,1,1,1.6428571428571428
1354109760,0,1,0,1.8333333333333333
1354145024,0,1,0,1.0
1354150592,0,1,0,2.7142857142857144
1354284224,0,1,0,2.6
1354369600,1,1,1,2.4725274725274726
1354813184,1,1,1,2.3392857142857144
1354900416,1,1,1,2.375
1354922688,1,1,0,1.0
1355013632,1,1,1,3.2
1355279040,0,1,1,2.4107142857142856
1355312448,0,1,0,1.8888888888888888
1355342144,0,1,0,2.0
1355356992,0,1,1,2.142857142857143
1355614976,0,1,0,2.0
1355659520,0,1,1,2.9166666666666665
1355666944,0,1,0,1.0
1356171776,0,1,0,1.5
1356284992,1,1,1,1.9583333333333333
1356533696,1,1,0,2.0
1356671040,1,1,0,3.25
1356691456,0,1,0,1.3333333333333333
1356710016,0,1,1,2.4583333333333335
1356906752,1,1,1,2.457516339869281
1356973568,0,1,1,2.4
1357045952,1,1,1,2.672514619883041
1357188864,0,1,0,2.3333333333333335
1357205568,0,1,0,2.0
1357513664,1,1,1,2.4177215189873418
1357625024,0,1,0,2.5
1357643584,1,1,1,2.16
1357682560,0,1,0,2.8
1357721536,0,1,0,1.5
1358024064,0,1,0,2.888888888888889
1358057472,0,1,1,2.207547169811321
1358256064,0,1,0,3.0
1358382272,0,1,0,2.5714285714285716
1358514048,1,1,1,2.56
1358772032,1,1,0,3.25
1359024448,0,1,1,1.6363636363636365
1359278720,0,1,0,3.0
1359380800,0,1,0,3.75
1359399360,0,1,0,3.0
1359445760,0,1,1,1.8
1359481024,1,1,1,2.094017094017094
1359512576,1,1,1,2.4871794871794872
1359558976,0,1,1,2.2
1359570112,0,1,0,1.0
1359635072,0,1,1,1.3
1359854080,1,1,0,1.4615384615384615
1359961728,0,1,0,3.0
1360065664,0,1,0,3.0
1360149184,0,1,0,3.5
1360292096,1,1,1,1.7272727272727273
1361244224,0,1,1,1.6666666666666667
1361324032,0,1,0,3.0
1361582016,0,1,0,2.3255813953488373
1361620992,0,1,0,1.0
1361875264,0,1,1,1.8461538461538463
1361880832,0,1,0,2.8
1361891968,0,1,0,3.0
1362608384,0,1,0,2.0
1362617664,0,1,0,2.0
1362643648,0,1,1,1.5666666666666667
1363001856,0,1,1,2.5918367346938775
1363105792,0,1,1,2.7333333333333334
1363244992,0,1,1,2.2941176470588234
1363391616,1,1,1,2.1149425287356323
1363842624,0,1,1,1.8387096774193548
1364147008,1,1,1,1.3571428571428572
1364388288,0,1,0,2.0
1364399424,1,1,1,2.3181818181818183
1364412416,0,1,0,1.5
1364521920,0,1,1,2.0
1364572032,0,1,0,1.0
1364685248,0,1,1,2.142857142857143
1364889408,0,1,0,2.235294117647059
1365652224,1,1,1,2.5849056603773586
1366288832,0,1,0,2.5
1366576512,0,1,0,1.3333333333333333
1366934720,0,1,0,1.9090909090909092
1366949568,0,1,1,1.375
1367008960,1,1,0,1.0
1367315200,0,1,0,2.4545454545454546
1367727232,0,1,0,4.0
1367755072,1,1,1,2.40625
1367916544,0,1,0,2.0
1368165248,0,1,1,2.7872340425531914
1368326720,0,1,0,2.263157894736842
1368761024,0,1,0,1.4
1368916928,0,1,1,2.3838383838383836
1369057984,1,1,1,1.7277227722772277
1369186048,1,1,1,2.176470588235294
1369282560,0,1,0,1.7222222222222223
1369299264,0,1,0,2.0
1369496000,1,1,0,2.1666666666666665
1369572096,0,1,0,2.6666666666666665
1369733568,0,1,0,2.0
1369976704,1,1,0,2.6666666666666665
1370188288,0,1,0,1.5
1370548352,0,1,0,1.0
1370782208,0,1,0,1.3636363636363635
1370888000,1,1,0,1.62
1371056896,0,1,0,2.0
1371103296,0,1,0,3.0
1371591424,0,1,0,2.5
1371893952,0,1,0,2.0
1372022016,0,1,0,1.0
1372088832,1,1,1,2.1714285714285713
1372105536,1,1,1,2.1411290322580645
1372361664,0,1,0,2.0
1372471168,1,1,1,2.025
1372506432,0,1,1,1.75
1372814528,1,1,0,1.5
1372942592,0,1,0,2.0
1372957440,0,1,0,2.0
1373159744,0,1,1,2.6842105263157894
1373278528,1,1,1,2.1566265060240966
1373465984,0,1,0,1.0
1373627456,1,1,1,1.9904153354632588
1373755520,1,1,1,2.235294117647059
1374264064,0,1,0,2.0
1374490496,0,1,0,1.4
1374846848,1,1,1,1.619047619047619
1374921088,0,1,0,2.7
1375039872,0,1,1,1.8783783783783783
1375062144,0,1,1,2.5517241379310347
1375128960,0,1,0,2.0
1375229184,0,1,0,1.0
1375641216,0,1,1,2.0
1375880640,0,1,0,1.5
1375923328,0,1,1,2.0384615384615383
1376014272,0,1,0,2.6666666666666665
1376236992,0,1,1,1.0
1376478272,0,1,1,1.6
1376506112,1,1,1,1.6
1376771520,0,1,0,1.0
1376819776,1,1,1,2.5
1376843904,1,1,1,1.5616438356164384
1376851328,0,1,1,1.7083333333333333
1376873600,1,1,0,1.5909090909090908
1377170560,0,1,0,1.3333333333333333
1377250368,0,1,0,1.1666666666666667
1377558464,0,1,1,1.1428571428571428
1377610432,0,1,0,2.6
1377896256,0,1,0,1.5625
1377976064,0,1,0,1.7777777777777777
1378076288,0,1,1,1.4705882352941178
1378206208,0,1,0,1.6666666666666667
1378445632,0,1,0,1.75
1378510592,1,1,1,1.9933774834437086
1378592256,0,1,0,1.0
1378766720,0,1,0,2.0
1378978304,1,1,1,1.5
1379232576,0,1,0,1.6
1379609344,1,1,1,1.5454545454545454
1379624192,1,1,1,2.0925925925925926
1379635328,0,1,0,1.5714285714285714
1379956416,0,1,0,1.6666666666666667
1380158720,1,1,1,1.5740740740740742
1380598592,0,1,0,1.5714285714285714
1380797184,1,1,1,1.462962962962963
1380841728,0,1,0,2.3333333333333335
1380875136,0,1,1,2.5454545454545454
1381285312,0,1,0,2.0
1381402240,0,1,1,1.4
1381482048,0,1,0,1.0
1381535872,0,1,1,1.859375
1381762304,1,1,1,1.8
1381925632,0,1,0,1.3333333333333333
1381964608,0,1,0,3.0
1382263424,0,1,0,1.75
1382408192,1,1,1,1.68
1382525120,1,1,1,1.6219512195121952
1382582656,1,1,1,1.79136690647482
1382738560,1,1,1,2.7
1382749696,0,1,0,2.142857142857143
1382877760,0,1,1,1.0
1382920448,0,1,0,1.4705882352941178
1383109760,0,1,1,1.25
1383280512,0,1,0,1.2
1383297216,1,1,1,1.7881355932203389
1383373312,1,1,1,1.9433962264150944
1383484672,0,1,0,4.0
1383497664,0,1,0,3.5
1383562624,1,1,1,1.5384615384615385
1383675840,1,1,1,2.24
1383796480,0,1,1,1.896551724137931
1383967232,0,1,0,2.5
1383985792,0,1,1,2.5714285714285716
1384217792,0,1,1,1.8709677419354838
1384381120,1,1,1,2.1842105263157894
1385030720,0,1,1,2.5
1385062272,1,1,1,2.659090909090909
1385205184,0,1,1,2.1904761904761907
1385409344,1,1,1,1.8224299065420562
1385470592,0,1,0,2.0
1385526272,0,1,0,2.0
1385531840,0,1,0,3.0
1385995840,1,1,0,1.875
1386092352,1,1,1,1.750809061488673
1386109056,1,1,1,1.7005988023952097
1386181440,1,1,0,2.0588235294117645
1386183296,0,1,1,1.509090909090909
1386268672,0,1,0,2.0
1386448704,0,1,0,3.1666666666666665
1386521088,0,1,1,2.3333333333333335
1386634304,0,1,1,2.3333333333333335
1386812480,0,1,0,2.3333333333333335
1386836608,0,1,0,2.7142857142857144
1386986944,0,1,1,2.41025641025641
1387046336,1,1,1,2.0
1387137280,0,1,0,3.0
1387187392,1,1,0,1.6153846153846154
1387358144,1,1,0,3.5
1387571584,0,1,1,1.3
1387643968,0,1,1,1.5178571428571428
1388124672,0,1,0,2.0
1388135808,0,1,0,2.5238095238095237
1388206336,0,1,1,2.0
1388250880,0,1,0,2.25
1388312128,1,1,1,2.945945945945946
1388390080,0,1,0,3.4615384615384617
1388401216,1,1,1,2.56140350877193
1388494016,0,1,0,2.0
1388562688,0,1,1,2.64
1388744576,0,1,0,1.4
1388854080,0,1,0,1.6
1388880064,0,1,0,2.8
1389013696,0,1,1,1.6363636363636365
1389713408,0,1,0,3.5
1389832192,0,1,0,2.0
1389847040,0,1,1,2.2
1390082752,0,1,0,2.9285714285714284
1390164416,1,1,1,2.5947281713344315
1390195968,1,1,1,2.5324675324675323
1390260928,1,1,1,2.3333333333333335
1390338880,0,1,0,2.1538461538461537
1390554176,1,1,1,2.2285714285714286
1390723072,0,1,0,1.5714285714285714
1390739776,0,1,1,2.236111111111111
1390851136,1,1,1,2.5424164524421595
1390884544,0,1,0,2.5
1390938368,1,1,1,1.8644067796610169
1390986624,0,1,1,2.3580246913580245
1391033024,0,1,1,2.75
1391040448,0,1,1,2.0714285714285716
1391075712,1,1,0,2.466666666666667
1391207488,0,1,0,3.3333333333333335
1391639936,0,1,0,2.5
1391697472,0,1,1,2.4375
1391768000,0,1,0,2.5
1391925760,0,1,0,2.625
1391964736,1,1,1,1.8571428571428572
1392046400,0,1,0,3.0
1393345600,0,1,1,2.8
1393586880,0,1,0,2.0
1394771008,0,1,1,2.2151898734177213
1394785856,1,1,1,2.035211267605634
1394837824,1,1,0,2.5555555555555554
1395060544,0,1,0,3.0
1395487424,0,1,0,2.3333333333333335
1395723136,0,1,0,3.0
1396012672,0,1,1,2.772727272727273
1396192704,1,1,1,2.281437125748503
1396200128,0,1,0,2.0
1396502656,0,1,0,1.0
1396708672,0,1,0,1.8620689655172413
1396929536,1,1,0,2.0
1397202368,0,1,0,2.2
1397284032,0,1,0,2.142857142857143
1397787008,0,1,0,2.3333333333333335
1397900224,1,1,1,1.793103448275862
1397991168,0,1,0,1.8333333333333333
1398171200,0,1,0,2.1
1398195328,0,1,0,3.0
1398225024,0,1,0,3.3333333333333335
1398299264,1,1,1,2.425925925925926
1398312256,1,1,1,2.3504273504273505
1398386496,0,1,1,1.6666666666666667
1399576192,0,1,1,2.982142857142857
1401294848,0,1,0,2.2916666666666665
1402586624,0,1,0,2.6
1402610752,0,1,0,3.0
1402790784,0,1,0,2.0
1402814912,0,1,0,3.0
1403158272,0,1,1,2.375
1403702080,0,1,0,1.4285714285714286
1405433728,1,1,1,2.3707865168539324
1405597056,0,1,0,1.0
1406150144,0,1,1,3.0
1407287872,0,1,1,2.8
1407625664,0,1,1,2.5306122448979593
1408160192,1,1,1,2.6315789473684212
1408395904,0,1,1,2.8333333333333335
1408598208,0,1,0,2.5
1409535488,1,1,0,3.272727272727273
1410096000,0,1,0,2.2666666666666666
1411181760,1,1,1,2.046875
1411922304,0,1,0,2.5555555555555554
1412980224,0,1,0,1.6666666666666667
1413518464,1,1,0,2.6666666666666665
1414457600,0,1,1,2.4814814814814814
1414760128,0,1,1,2.2
1415142464,0,1,1,3.2083333333333335
1415485824,0,1,0,3.0
1416081600,1,1,0,2.6333333333333333
1416410112,0,1,0,3.0
1416573440,0,1,0,2.0
1417043008,0,1,0,1.0
1417449472,0,1,0,1.6
1418969536,1,1,1,2.6875
1419671104,0,1,0,2.8
1421731264,0,1,0,1.6
1422985920,0,1,1,2.5833333333333335
1425465536,1,1,1,2.5517241379310347
1426382400,0,1,1,2.3333333333333335
1427254720,1,1,1,2.7083333333333335
1427544256,0,1,1,2.4227642276422765
1428468544,1,1,1,2.576923076923077
1429253632,0,1,1,2.976470588235294
1430252160,0,1,0,1.0
1433308992,0,1,0,3.2
1433466752,0,1,0,4.0
1433594816,0,1,0,2.25
1433635648,1,1,1,2.6018518518518516
1433695040,0,1,1,2.75
1433704320,1,1,0,1.7777777777777777
1433849088,1,1,0,2.6
1434133056,1,1,0,2.2857142857142856
1434198016,0,1,1,2.6875
1434231424,1,1,1,2.488095238095238
1434339072,0,1,1,1.8214285714285714
1434444864,0,1,1,2.76
1434481984,0,1,0,1.0
1434522816,0,1,1,1.5
1434580352,0,1,1,2.090909090909091
1434927424,0,1,0,1.75
1434932992,0,1,0,3.0
1435387712,0,1,1,3.0
1435716224,0,1,1,2.716666666666667
1436315712,0,1,0,3.0
1436827968,0,1,1,2.5833333333333335
1437165760,0,1,0,3.111111111111111
1437175040,0,1,1,2.0
1437343936,1,1,1,2.477272727272727
1438103040,1,1,1,2.3386243386243386
1438288640,0,1,0,2.3333333333333335
1438451968,1,1,1,2.596412556053812
1438453824,0,1,0,2.1666666666666665
1438455680,1,1,1,2.467391304347826
1438726656,0,1,0,2.5
1438882560,0,1,0,3.0
1438930816,1,1,1,2.111111111111111
1439212928,0,1,0,1.6666666666666667
1439328000,0,1,1,1.5714285714285714
1439439360,0,1,0,1.75
1439519168,1,1,1,2.4745762711864407
1439528448,0,1,1,2.4166666666666665
1439727040,1,1,1,2.3114754098360657
1439864384,0,1,0,2.0
1440025856,0,1,1,2.875
1440204032,0,1,0,1.5
1440235584,0,1,0,2.0
1440239296,1,1,1,2.05
1440272704,0,1,1,1.8225806451612903
1440545536,0,1,1,2.2222222222222223
1440577088,0,1,1,2.588235294117647
1440601216,0,1,1,3.466666666666667
1440625344,1,1,1,2.548780487804878
1441269376,0,1,1,2.515151515151515
1441291648,0,1,0,1.5
1441347328,0,1,0,2.6666666666666665
1441646144,1,1,0,3.0
1441664704,0,1,0,2.5
1442009920,1,1,1,2.546218487394958
1442013632,1,1,1,2.1176470588235294
1442052608,0,1,1,3.5714285714285716
1442182528,0,1,1,2.2222222222222223
1442407104,1,1,1,2.167155425219941
1442581568,1,1,1,2.8333333333333335
1442624256,1,1,1,3.142857142857143
1442678080,1,1,1,2.3125
1442741184,1,1,1,2.857142857142857
1442756032,0,1,1,1.75
1442887808,0,1,0,3.5
1442978752,0,1,0,2.25
1443286848,1,1,1,2.2
1443515136,1,1,0,3.0
1443535552,1,1,1,2.3582089552238807
1443812096,0,1,1,2.6363636363636362
1443888192,1,1,1,2.193548387096774
1443921600,1,1,0,2.3333333333333335
1444036672,0,1,0,2.0
1444079360,0,1,1,2.4148936170212765
1444502528,1,1,1,2.864864864864865
1444534080,0,1,0,1.0
1444597184,1,1,1,2.4761904761904763
1444808768,0,1,0,1.0
1444832896,0,1,0,2.6666666666666665
1444890432,0,1,0,1.5
1444912704,1,1,1,1.7654320987654322
1444959104,0,1,0,1.0
1445274624,0,1,1,1.8
1445521472,0,1,1,1.5
1445842560,0,1,1,2.3525641025641026
1446061568,0,1,0,2.8260869565217392
1446198912,0,1,1,1.9090909090909092
1446733440,0,1,0,2.0
1446855936,0,1,1,3.111111111111111
1446982144,0,1,1,2.061224489795918
1447086080,0,1,0,2.0
1447305088,0,1,0,3.25
1447314368,1,1,1,2.25
1447334784,1,1,1,2.388888888888889
1447390464,0,1,1,2.5714285714285716
1447420160,1,1,1,2.240740740740741
1447568640,1,1,1,2.171974522292994
1447670720,0,1,0,1.25
1447995520,0,1,0,2.0
1448132864,0,1,1,2.283582089552239
1448225664,0,1,1,2.8550724637681157
1448346304,0,1,1,2.96
1448582016,0,1,1,2.8333333333333335
1448758336,1,1,1,2.484848484848485
1448762048,1,1,1,2.4615384615384617
1448834432,1,1,0,2.6153846153846154
1449027456,1,1,1,1.625
1449313280,0,1,1,2.5405405405405403
1449326272,0,1,1,3.0
1449686336,0,1,1,2.230769230769231
1449693760,0,1,1,1.8461538461538463
1449792128,0,1,0,2.0
1449831104,1,1,1,2.1
1449838528,0,1,0,1.3333333333333333
1450293248,1,1,1,1.504950495049505
1450354496,0,1,1,3.1666666666666665
1450502976,0,1,0,2.0
1450541952,0,1,0,2.0
1450592064,1,1,1,2.2951807228915664
1450933568,1,1,1,2.3149606299212597
1451052352,1,1,0,3.0
1451083904,1,1,1,1.8125
1451258368,0,1,0,1.3333333333333333
1451401280,1,1,1,2.2127659574468086
1451718656,0,1,1,2.7384615384615385
1451778048,0,1,0,3.142857142857143
1451794752,0,1,1,2.217391304347826
1452032320,0,1,0,2.0
1452266176,0,1,0,3.8
1452282880,1,1,1,2.3333333333333335
1452286592,1,1,1,2.511627906976744
1452332992,0,1,1,2.14
1452336704,0,1,0,2.142857142857143
1452709760,1,1,1,2.3459119496855347
1452878656,0,1,1,2.8275862068965516
1453082816,1,1,1,2.510948905109489
1453088384,0,1,0,2.7
1453092096,1,1,1,2.1818181818181817
1453366784,1,1,1,2.278688524590164
1453520832,0,1,1,2.3043478260869565
1453775104,0,1,1,3.3846153846153846
1453838208,0,1,0,2.0
1453845632,0,1,1,2.0
1453999680,0,1,0,2.25
1454018240,1,1,1,2.488372093023256
1454021952,1,1,1,2.0
1454040512,0,1,0,3.2
1454053504,1,1,0,2.5416666666666665
1454068352,1,1,1,2.3661971830985915
1454105472,0,1,0,2.1666666666666665
1454118464,0,1,0,4.0
1454285504,0,1,0,4.0
1454565760,0,1,0,3.3333333333333335
1454864576,1,1,1,2.767857142857143
1454988928,0,1,0,1.1428571428571428
1454990784,0,1,0,3.111111111111111
1455053888,0,1,0,3.1666666666666665
1455491904,1,1,1,2.078125
1455796288,0,1,1,2.375
1455805568,0,1,1,2.75
1456063552,0,1,1,2.287878787878788
1456070976,1,1,1,2.2960526315789473
1456282560,0,1,0,1.5
1456397632,0,1,0,2.1666666666666665
1456674176,0,1,0,2.4285714285714284
1456813376,0,1,0,3.5
1456948864,1,1,1,2.878787878787879
1456960000,1,1,1,2.3157894736842106
1456974848,0,1,0,3.0
1456997120,0,1,0,3.0
1457236544,0,1,0,3.6666666666666665
1457440704,0,1,0,2.8823529411764706
1457925120,0,1,1,2.5833333333333335
1457932544,0,1,1,2.0
1457999360,1,1,1,2.5833333333333335
1458209088,0,1,0,3.0
1458210944,0,1,0,2.0
1458235072,0,1,0,2.1666666666666665
1458478208,0,1,0,4.0
1458543168,1,1,1,2.106060606060606
1458548736,0,1,0,2.588235294117647
1458554304,0,1,0,2.5
1458558016,0,1,0,2.3333333333333335
1458673088,0,1,1,2.0
1458687936,0,1,1,2.6724137931034484
1458788160,0,1,1,2.764705882352941
1459120384,1,1,0,2.8
1459322688,1,1,1,2.2195121951219514
1459471168,0,1,0,1.5
1459541696,1,1,1,2.579710144927536
1460007552,0,1,1,2.5789473684210527
1460209856,1,1,1,2.3333333333333335
1460332352,0,1,1,2.3333333333333335
1460831616,1,1,1,2.53125
1460996800,0,1,0,3.5
1461065472,0,1,0,1.7692307692307692
1461113728,0,1,1,3.3333333333333335
1461117440,0,1,1,2.4
1461186112,0,1,1,3.0
1461575872,1,1,1,2.7948717948717947
1461614848,1,1,1,2.357142857142857
1461781888,0,1,0,1.5555555555555556
1461839424,0,1,0,2.142857142857143
1462034304,1,1,0,2.3714285714285714
1462960448,0,1,0,4.0
1462986432,0,1,0,2.6666666666666665
1463546944,0,1,0,1.75
1463700992,0,1,0,2.0
1463708416,0,1,0,3.5
1463738112,0,1,1,2.6029411764705883
1463838336,0,1,0,2.1666666666666665
1463868032,0,1,0,3.0
1464172416,0,1,0,2.5
1464218816,1,1,1,2.272727272727273
1464454528,0,1,0,3.0
1464487936,0,1,0,2.25
1464571456,1,1,1,2.225563909774436
1464601152,0,1,1,2.8
1464738496,0,1,1,1.6666666666666667
1464777472,0,1,0,1.0
1464786752,0,1,1,2.480769230769231
1464810880,0,1,0,2.8333333333333335
1465061440,0,1,0,1.8
1465260032,0,1,0,3.5
1465512448,1,1,1,2.5495495495495497
1465761152,0,1,1,1.6
1465798272,0,1,0,1.5
1466037696,0,1,0,2.375
1466403328,1,1,1,2.4186046511627906
1466429312,1,1,1,2.3444444444444446
1466819072,1,1,1,2.1666666666666665
1466830208,1,1,0,2.4782608695652173
1466906304,1,1,1,2.6792452830188678
1466973120,0,1,0,2.0
1467025088,0,1,1,2.4347826086956523
1467294208,0,1,0,2.0
1467550336,1,1,0,2.0
1468003200,0,1,1,2.3146067415730336
1468157248,0,1,0,2.3333333333333335
1468346560,0,1,0,2.5294117647058822
1468569280,1,1,1,1.0
1468988736,0,1,1,2.484848484848485
1469007296,0,1,0,2.4347826086956523
1469046272,1,1,1,3.0384615384615383
1469256000,1,1,1,2.3863636363636362
1469359936,0,1,0,2.8333333333333335
1469419328,0,1,1,2.155844155844156
1469577088,0,1,0,3.25
1469738560,0,1,0,1.3333333333333333
1469825792,1,1,1,2.6774193548387095
1470681408,0,1,0,1.0
1470785344,0,1,0,4.0
1471123136,0,1,0,2.392857142857143
1471143552,0,1,0,1.8333333333333333
1471297600,0,1,0,2.25
1471440512,0,1,0,2.0
1471694784,0,1,1,2.6666666666666665
1471704064,0,1,0,2.52
1471852544,0,1,0,2.4545454545454546
1472104960,1,1,1,2.727272727272727
1472355520,1,1,1,2.5283018867924527
1473248256,1,1,1,2.253731343283582
1473472832,0,1,0,2.380952380952381
1473569344,0,1,1,2.191011235955056
1473651008,0,1,1,2.8823529411764706
1474014784,1,1,1,2.1259259259259258
1474051904,0,1,0,2.3333333333333335
1474224512,1,1,1,2.2686567164179103
1474283904,0,1,1,2.625
1474345152,0,1,0,2.0
1474497344,0,1,0,2.125
1474541888,1,1,1,2.125
1474560448,0,1,0,1.2
1474734912,0,1,1,1.7222222222222223
1474870400,0,1,0,1.4375
1474937216,0,1,0,1.0
1474985472,0,1,1,2.4477611940298507
1475141376,0,1,0,2.6666666666666665
1475193344,0,1,1,2.625
1475239744,0,1,0,2.2222222222222223
1475672192,0,1,1,2.5
1475835520,0,1,0,2.3125
1476030400,0,1,0,1.0
1476112064,1,1,1,2.5609756097560976
1476143616,0,1,0,2.0256410256410255
1476375616,0,1,0,2.0
1476648448,0,1,1,1.9491525423728813
1476770944,1,1,1,2.418269230769231
1476960256,1,1,1,2.0
1477021504,1,1,1,1.8596491228070176
1477648832,0,1,0,2.5
1477656256,0,1,1,2.4
1477776896,1,1,1,2.5689655172413794
1478268736,1,1,1,2.420289855072464
1478313280,1,1,1,2.347826086956522
1478348544,0,1,1,1.0
1478489600,1,1,1,2.6263736263736264
1478552704,1,1,0,3.0
1478608384,1,1,1,2.27027027027027
1478656640,1,1,1,2.0
1478812544,0,1,0,2.3333333333333335
1478962880,0,1,0,2.0
1479133632,0,1,1,2.6285714285714286
1479170752,1,1,1,2.308300395256917
1479250560,0,1,0,4.0
1479387904,0,1,0,1.0
1479527104,1,1,0,2.0
1479566080,0,1,1,2.3846153846153846
1479623616,0,1,1,3.111111111111111
1479749824,0,1,1,2.7755102040816326
1479915008,1,1,0,1.9411764705882353
1480061632,0,1,0,2.0
1480115456,1,1,1,2.358288770053476
1480143296,0,1,0,2.3333333333333335
1480276928,1,1,1,2.5
1480469952,1,1,1,2.283464566929134
1480872704,0,1,1,2.443548387096774
1481052736,0,1,0,4.0
1481100992,1,1,1,2.238532110091743
1481138112,0,1,1,2.4393939393939394
1481191936,0,1,1,2.037037037037037
1481540864,0,1,0,2.0
1481707904,1,1,1,2.0
1481711616,1,1,1,2.5217391304347827
1481726464,0,1,0,1.2857142857142858
1481952896,0,1,0,1.9230769230769231
1482140352,0,1,1,1.8125
1482229440,1,1,1,2.185483870967742
1482314816,1,1,1,1.874015748031496
1482606208,1,1,1,2.15
1482706432,0,1,1,2.8
1483090624,0,1,0,2.6666666666666665
1483137024,1,1,1,2.4242424242424243
1483300352,0,1,0,4.0
1483370880,1,1,1,2.981818181818182
1483387584,0,1,0,2.5714285714285716
1483517504,0,1,0,3.1818181818181817
1483717952,1,1,0,2.0
1483966656,0,1,0,2.75
1484354560,0,1,0,3.0
1484510464,0,1,0,1.9
1484710912,0,1,1,2.4375
1484838976,1,1,1,2.7454545454545456
1484985600,1,1,1,2.6444444444444444
1485113664,0,1,0,2.2857142857142856
1485182336,0,1,0,3.6666666666666665
1485199040,0,1,0,2.5714285714285716
1485356800,0,1,0,1.75
1485419904,1,1,0,2.85
1485494144,0,1,0,2.0
1485629632,1,1,1,2.546666666666667
1486030528,0,1,0,1.7777777777777777
1486069504,0,1,0,1.4
1486600320,0,1,1,2.6666666666666665
1486604032,0,1,1,1.8
1486717248,0,1,0,2.1333333333333333
1486746944,0,1,0,2.4444444444444446
1486772928,1,1,0,2.4285714285714284
1486984512,0,1,1,2.0
1487056896,0,1,0,4.0
1487118144,0,1,1,2.7777777777777777
1487296320,1,1,1,2.1323529411764706
1487309312,0,1,0,3.7142857142857144
1487687936,0,1,0,3.4
1487795584,0,1,1,2.5
1487799296,0,1,1,2.32
1487810432,0,1,1,2.25
1487847552,0,1,1,1.1666666666666667
1487925504,1,1,0,1.5
1487932928,0,1,0,1.0
1487936640,1,1,1,2.0238095238095237
1488066560,1,1,1,1.7236842105263157
1488085120,0,1,0,2.0
1488281856,0,1,0,1.6842105263157894
1488435904,1,1,1,2.8
1488480448,0,1,1,2.466666666666667
1488599232,0,1,1,2.2083333333333335
1488788544,0,1,0,2.25
1488903616,0,1,0,1.0
1488912896,0,1,1,1.7346938775510203
1489011264,0,1,0,2.0
1489113344,0,1,1,1.5454545454545454
1489506816,1,1,1,2.2
1489532800,0,1,0,2.0
1489670144,0,1,1,2.0555555555555554
1489744384,1,1,0,3.0
1489746240,1,1,1,2.0655737704918034
1490121152,0,1,1,2.1
1490230656,1,1,0,2.0416666666666665
1490386560,0,1,0,2.6666666666666665
1490596288,0,1,1,2.4482758620689653
1490637120,0,1,0,2.2758620689655173
1490878400,0,1,1,2.5555555555555554
1490954496,0,1,0,2.0
1490965632,1,1,1,2.4054054054054053
1491669056,1,1,0,2.0
1491899200,0,1,0,3.5
1492335360,0,1,0,2.888888888888889
1492439296,1,1,0,3.25
1492539520,0,1,1,2.1186440677966103
1492541376,0,1,0,2.2962962962962963
1492578496,1,1,1,2.434959349593496
1492678720,0,1,0,1.4
1492914432,0,1,0,3.5
1493088896,0,1,0,1.7272727272727273
1493139008,1,1,1,2.4603174603174605
1493367296,1,1,0,1.875
1493402560,1,1,1,2.1
1493404416,0,1,0,1.75
1493450816,0,1,0,2.0
1493526912,1,1,1,2.514925373134328
1493840576,1,1,0,2.46875
1493912960,0,1,0,2.6666666666666665
1494215488,0,1,1,2.3333333333333335
1494573696,0,1,0,2.6
1494675776,0,1,1,3.5
1494761152,1,1,1,2.730769230769231
1494803840,0,1,0,3.4285714285714284
1494852096,0,1,0,2.5
1495230720,1,1,1,2.3125
1495336512,1,1,1,2.4166666666666665
1495685440,0,1,1,2.142857142857143
1495872896,1,1,1,2.3333333333333335
1495980544,1,1,1,2.235294117647059
1496060352,1,1,1,2.317073170731707
1496290496,1,1,0,2.5462962962962963
1496346176,0,1,1,3.0
1496622720,0,1,0,3.0
1496687680,0,1,0,1.0
1496808320,0,1,0,2.1818181818181817
1496871424,0,1,1,2.6041666666666665
1497212928,0,1,0,1.0
1497240768,0,1,1,2.0
1497428224,1,1,1,2.225806451612903
1497769728,1,1,1,2.0294117647058822
1497849536,0,1,0,2.0
1498049984,1,1,0,2.466666666666667
1498300544,0,1,0,1.0
1498367360,0,1,1,2.8
1498599360,0,1,1,2.303030303030303
1498630912,1,1,1,2.2374429223744294
1498835072,1,1,1,2.2758620689655173
1499159872,0,1,0,2.3333333333333335
1499508800,1,1,0,2.1951219512195124
1499688832,0,1,0,2.5384615384615383
1499865152,0,1,0,2.5
1500227072,1,1,1,2.2713414634146343
1500505472,0,1,0,2.0
1500629824,0,1,0,2.5
1500707776,0,1,0,2.0
1500999168,0,1,0,2.8
1501065984,0,1,1,3.4545454545454546
1501110528,1,1,1,2.2051282051282053
1501169920,0,1,0,1.6666666666666667
1501528128,1,1,1,2.159235668789809
1501643200,1,1,1,1.9071428571428573
1501663616,1,1,1,1.8
1501776832,0,1,0,2.5
1501851072,0,1,0,1.0
1501947584,1,1,0,2.5
1502073792,0,1,0,2.0833333333333335
1502094208,0,1,1,2.75
1502096064,0,1,1,2.3333333333333335
1502103488,1,1,1,1.8461538461538463
1502112768,1,1,1,2.4556962025316458
1502174016,0,1,0,1.4
1502428288,0,1,1,2.3
1502459840,1,1,1,2.06
1502550784,1,1,0,2.7
1502567488,0,1,0,1.0
1502821760,1,1,1,2.473684210526316
1502983232,1,1,0,2.625
1503011072,1,1,1,2.4545454545454546
1503040768,1,1,1,2.581967213114754
1503096448,0,1,0,2.1666666666666665
1503178112,0,1,0,2.909090909090909
1503497344,1,1,0,2.945945945945946
1503499200,1,1,1,2.2777777777777777
1503757184,0,1,0,2.6666666666666665
1503859264,1,1,1,2.0833333333333335
1503875968,0,1,0,2.25
1503985472,1,1,0,2.375
1504030016,0,1,0,2.409090909090909
1504115392,1,1,0,2.6842105263157894
1504291712,0,1,1,2.0
1504410496,0,1,1,2.5
1504417920,1,1,0,2.25
1504549696,1,1,1,2.8153846153846156
1504978432,0,1,0,3.0
1505130624,1,1,1,2.1785714285714284
1505238272,1,1,0,2.75
1505258688,1,1,1,2.4782608695652173
1505958400,1,1,1,2.6458333333333335
1506125440,0,1,1,2.673076923076923
1506195968,0,1,0,2.5714285714285716
1506320320,1,1,0,1.3333333333333333
1506504064,0,1,0,2.0
1506652544,1,1,1,2.054054054054054
1506656256,1,1,0,2.4761904761904763
1506869696,0,1,1,2.388888888888889
1506929088,0,1,0,3.0
1507361536,1,1,1,2.1818181818181817
1507443200,0,1,1,2.25
1507511872,0,1,0,2.0
1507671488,0,1,0,2.1578947368421053
1507703040,0,1,0,2.6666666666666665
1507780992,0,1,0,1.8666666666666667
1507877504,1,1,1,2.2314814814814814
1508285824,0,1,0,2.066666666666667
1508369344,0,1,0,3.2333333333333334
1508475136,1,1,1,2.6
1508614336,0,1,1,2.0
1508736832,1,1,1,2.8666666666666667
1508740544,0,1,0,4.0
1508983680,1,1,1,2.3707865168539324
1509135872,1,1,1,2.0238095238095237
1509482944,0,1,0,1.8
1509492224,1,1,1,1.5476190476190477
1509527488,1,1,1,2.4860335195530725
1509536768,0,1,1,2.5405405405405403
1509703808,1,1,1,2.329896907216495
1509778048,0,1,0,3.0
1509893120,1,1,0,2.090909090909091
1510080576,0,1,0,1.8333333333333333
1510132544,0,1,1,2.135593220338983
1510151104,0,1,0,3.25
1510245760,1,1,1,2.4634146341463414
1510277312,0,1,1,2.0
1510993728,0,1,1,2.0
1511138496,0,1,1,2.6027397260273974
1511277696,1,1,1,2.5533980582524274
1511775104,0,1,1,2.2962962962962963
1511931008,0,1,0,2.25
1511942144,1,1,1,2.364864864864865
1512038656,0,1,1,2.097560975609756
1512419136,0,1,0,2.0
1512732800,1,1,1,2.530232558139535
1512766208,0,1,0,2.0
1512840448,0,1,1,2.25
1513040896,0,1,0,3.0
1513272896,0,1,1,2.5714285714285716
1513657088,1,1,1,2.5789473684210527
1513709056,0,1,0,3.0
1513857536,0,1,1,3.0
1513916928,0,1,1,2.8
1514367936,0,1,0,1.7894736842105263
1514406912,0,1,1,2.0
1514540544,0,1,0,1.625
1514542400,0,1,1,2.0
1514559104,0,1,0,1.8333333333333333
1514560960,0,1,0,1.8857142857142857
1514783680,1,1,0,2.0
1514798528,0,1,0,3.0
1514820800,0,1,0,2.0
1514904320,1,1,1,2.094488188976378
1515221696,1,1,1,1.5952380952380953
1515232832,0,1,0,1.0
1515253248,0,1,1,2.103448275862069
1515312640,1,1,0,3.2857142857142856
1515466688,0,1,1,2.064516129032258
1515509376,0,1,0,1.75
1515615168,0,1,0,1.9375
1515693120,0,1,0,1.1333333333333333
1515756224,0,1,1,1.7692307692307692
1515817472,0,1,1,1.2916666666666667
1515836032,1,1,1,2.223809523809524
1516010496,0,1,1,1.6666666666666667
1516012352,0,1,0,2.0
1516121856,1,1,1,1.8738738738738738
1516478208,0,1,1,2.3292682926829267
1516548736,0,1,0,1.8333333333333333
1516910656,0,1,0,2.0
1517317120,0,1,0,1.3333333333333333
1517400640,0,1,0,2.125
1517471168,0,1,0,2.3333333333333335
1517953728,1,1,1,2.328125
1518193152,1,1,1,1.64
1518215424,0,1,0,2.0
1518278528,0,1,1,1.0
1518482688,0,1,1,1.7142857142857142
1518612608,1,1,1,1.7777777777777777
1518699840,0,1,0,1.3333333333333333
1518727680,0,1,1,1.736842105263158
1518905856,0,1,0,2.0
1519247360,0,1,0,2.5
1519258496,1,1,1,2.28125
1519685376,0,1,0,2.2
1519731776,1,1,1,1.7391304347826086
1519813440,1,1,1,1.9210526315789473
1520039872,1,1,1,2.25
1520051008,0,1,1,2.857142857142857
1520052864,0,1,1,2.2
1520205056,0,1,1,3.0
1520245888,0,1,0,4.0
1520281152,0,1,0,2.75
1520288576,0,1,1,2.272727272727273
1520531712,0,1,1,2.2948717948717947
1520561408,0,1,1,1.68
1520804544,1,1,0,3.75
1520836096,0,1,0,2.6666666666666665
1521053248,1,1,1,2.5098039215686274
1521088512,1,1,1,2.611940298507463
1521092224,1,1,1,2.0
1521209152,1,1,1,3.4
1521268544,0,1,0,2.0
1521342784,0,1,0,2.272727272727273
1521344640,0,1,1,2.0
1521352064,1,1,1,3.1666666666666665
1521450432,0,1,0,2.7857142857142856
1521825344,1,1,1,2.3076923076923075
1522267072,0,1,0,2.0
1522311616,0,1,1,2.3333333333333335
1522523200,0,1,0,1.0
1522614144,1,1,0,3.0
1522723648,1,1,0,2.3684210526315788
1522909248,1,1,1,2.823529411764706
1522914816,0,1,0,5.0
1522987200,0,1,0,2.5
1523031744,0,1,0,2.3333333333333335
1523039168,0,1,1,2.4857142857142858
1523195072,1,1,1,2.0642201834862384
1523349120,0,1,1,2.5952380952380953
1523467904,0,1,1,2.7142857142857144
1523581120,0,1,0,2.0
1523672064,0,1,1,2.3404255319148937
1523673920,1,1,1,2.3529411764705883
1523874368,0,1,0,2.0
1524115648,1,1,1,2.923076923076923
1524254848,1,1,1,2.2857142857142856
1524390336,0,1,1,2.4
1524401472,0,1,0,2.4285714285714284
1524579648,1,1,0,2.4347826086956523
1524728128,0,1,0,2.0
1524746688,0,1,0,2.0
1524752256,0,1,1,3.0
1524796800,0,1,1,1.75
1524828352,0,1,0,1.7058823529411764
1524869184,1,1,1,1.6071428571428572
1525116032,0,1,0,1.4
1525333184,1,1,1,2.44375
1525448256,0,1,0,2.0
1525466816,1,1,1,2.25
1525557760,0,1,0,4.0
1525672832,0,1,0,2.0
1526261184,1,1,0,2.869565217391304
1526673216,0,1,1,2.4285714285714284
1526723328,0,1,0,3.0
1526910784,1,1,1,2.25
1527053696,0,1,0,2.5
1527098240,0,1,1,1.872340425531915
1527317248,1,1,1,2.6774193548387095
1527397056,1,1,0,1.5
1527462016,0,1,0,2.6666666666666665
1527744128,1,1,0,1.75
1527803520,0,1,0,3.0
1528209984,1,1,0,2.0
1528230400,1,1,0,2.1153846153846154
1528321344,1,1,1,2.6
1528351040,1,1,1,2.5508474576271185
1528538496,0,1,1,1.7142857142857142
1528607168,0,1,1,2.75
1528618304,1,1,1,2.5483870967741935
1528662848,0,1,0,2.3333333333333335
1528813184,0,1,1,2.4583333333333335
1528883712,0,1,0,2.6
1528978368,0,1,1,2.5
1529158400,0,1,0,1.0
1529176960,0,1,1,2.727272727272727
1529193664,0,1,0,4.0
1529197376,0,1,0,2.4285714285714284
1529358848,1,1,1,2.3220338983050848
1529527744,0,1,1,2.349514563106796
1529648384,0,1,0,3.0
1529711488,0,1,0,2.3333333333333335
1529798720,0,1,1,1.5
1529876672,1,1,1,2.75
1529962048,1,1,1,2.409090909090909
1529993600,0,1,1,2.3541666666666665
1530032576,1,1,1,2.45
1530047424,0,1,0,2.4285714285714284
1530140224,0,1,0,2.5
1530260864,0,1,0,3.0
1530297984,1,1,1,2.5217391304347827
1530307264,0,1,0,2.0
1530377792,0,1,1,2.6666666666666665
1530426048,0,1,1,2.2222222222222223
1530427904,1,1,1,1.9
1530437184,0,1,0,3.6666666666666665
1530455744,0,1,0,2.0
1530559680,1,1,1,2.380281690140845
1530591232,1,1,1,2.24
1530624640,1,1,0,2.6666666666666665
1530784256,0,1,0,2.227272727272727
1530984704,0,1,1,2.0
1531021824,0,1,1,2.6911764705882355
1531088640,0,1,0,2.0
1531391168,0,1,0,3.4444444444444446
1531673280,1,1,1,2.8076923076923075
1531894144,0,1,0,3.2
1531897856,0,1,0,3.0
1531901568,0,1,0,3.0
1531942400,1,1,1,2.526315789473684
1531999936,0,1,0,2.0
1532139136,0,1,0,3.6666666666666665
1532152128,0,1,0,2.5
1532211520,1,1,1,2.3518518518518516
1532356288,1,1,1,2.1375
1532406400,0,1,0,3.0
1532465792,0,1,1,1.8484848484848484
1532617984,0,1,1,2.1
1532916800,1,1,1,2.5454545454545454
1532968768,1,1,1,2.3509433962264152
1532985472,1,1,1,2.2611940298507465
1533005888,1,1,1,2.2228915662650603
1533056000,1,1,1,2.3421052631578947
1533094976,0,1,0,3.0
1533260160,0,1,1,3.090909090909091
1533284288,1,1,1,1.9333333333333333
1533315840,0,1,0,1.75
1533347392,0,1,1,2.7777777777777777
1533560832,0,1,1,3.0
1533586816,0,1,1,2.0
1533720448,0,1,0,2.0
1533870784,0,1,1,2.1333333333333333
1533956160,0,1,0,1.0
1534115776,0,1,0,2.0
1534243840,0,1,0,2.5
1534293952,0,1,1,3.0
1534427584,1,1,1,2.5161290322580645
1534459136,0,1,0,3.0
1534694848,1,1,1,2.323943661971831
1534698560,1,1,1,1.56
1534802496,0,1,1,2.4347826086956523
1535370432,0,1,0,1.3333333333333333
1535403840,0,1,1,2.3404255319148937
1535509632,0,1,1,2.3076923076923075
1535561600,1,1,1,2.608695652173913
1535602432,0,1,0,1.0
1535613568,0,1,0,1.7222222222222223
1535723072,0,1,1,1.0
1535752768,0,1,0,2.5454545454545454
1535763904,0,1,0,1.0
1535817728,0,1,0,1.3333333333333333
1536097984,0,1,1,1.8943661971830985
1536309568,0,1,1,1.6956521739130435
1536331840,0,1,1,3.5
1536506304,0,1,0,2.9166666666666665
1536675200,0,1,0,2.0
1536996288,1,1,0,2.111111111111111
1537120640,0,1,0,3.5
1537206016,0,1,0,2.090909090909091
1537471424,1,1,0,1.7272727272727273
1537560512,1,1,0,1.9
1537801792,1,1,1,2.3448275862068964
1537812928,0,1,0,1.0
1537924288,0,1,0,2.0
1538250944,0,1,1,2.0
1538267648,0,1,0,2.0
1538321472,1,1,1,2.2941176470588234
1538379008,0,1,1,2.3636363636363638
1538533056,0,1,1,1.95
1539088000,0,1,0,1.7142857142857142
1539121408,0,1,0,1.0
1539206784,1,1,1,3.1333333333333333
1539338560,0,1,1,2.5
1539368256,0,1,1,2.8
1539459200,1,1,1,2.5737704918032787
1539596544,1,1,0,2.0
1539772864,0,1,0,2.1707317073170733
1539917632,0,1,1,2.8333333333333335
1539954752,0,1,1,3.130434782608696
1540253568,1,1,1,2.3404255319148937
1540268416,0,1,0,1.5
1540283264,0,1,1,1.8214285714285714
1540316672,0,1,1,1.8048780487804879
1540515264,0,1,0,1.75
1540569088,0,1,0,1.7777777777777777
1540686016,1,1,1,2.278450363196126
1540832640,0,1,0,2.0
1540879040,0,1,0,3.2
1541086912,0,1,0,2.5
1541343040,1,1,1,2.1379310344827585
1541406144,1,1,1,2.8987341772151898
1542055744,0,1,1,1.9473684210526316
1542274752,0,1,1,2.327272727272727
1542462208,0,1,1,2.6666666666666665
1542475200,0,1,0,1.5
1542621824,0,1,0,1.7
1542699776,0,1,0,1.75
1542781440,1,1,0,1.875
1542952192,0,1,0,1.75
1543000448,0,1,0,4.0
1543119232,0,1,1,2.466666666666667
1543143360,0,1,1,1.625
1543252864,0,1,0,1.4375
1543637056,0,1,1,2.0
1543880192,0,1,0,2.0
1543902464,0,1,0,1.75
1543937728,0,1,0,2.0
1543960000,0,1,1,2.269230769230769
1544045376,1,1,1,2.03125
1544050944,0,1,0,2.466666666666667
1544156736,0,1,1,2.5
1544167872,0,1,0,2.619047619047619
1544169728,1,1,0,3.0
1544173440,0,1,1,2.15625
1544299648,1,1,1,2.2941176470588234
1544312640,0,1,0,4.0
1544360896,0,1,0,2.25
1544381312,0,1,1,2.1666666666666665
1544637440,1,1,0,1.7142857142857142
1544977088,1,1,0,2.782608695652174
1545196096,0,1,0,1.3333333333333333
1545364992,0,1,1,2.0
1546070272,1,1,1,2.1016949152542375
1546348672,0,1,1,2.090909090909091
1546437760,1,1,1,2.1142857142857143
1546530560,0,1,0,1.0
1546864640,0,1,1,2.15
1546903616,1,1,1,2.0
1547040960,0,1,1,1.7407407407407407
1547241408,1,1,1,2.0
1547285952,0,1,0,2.0
1547417728,1,1,1,1.7985436893203883
1547430720,1,1,1,2.0
1547451136,0,1,1,2.6
1547579200,0,1,0,1.0
1547814912,0,1,0,2.3333333333333335
1547857600,0,1,0,2.0
1547978240,1,1,1,2.3141025641025643
1548084032,0,1,0,1.5555555555555556
1548217664,0,1,1,2.28
1548345728,0,1,0,2.0
1548562880,0,1,0,2.6666666666666665
1548913664,0,1,0,2.0
1548947072,1,1,1,2.168067226890756
1549101120,0,1,0,2.2222222222222223
1549143808,0,1,0,1.8333333333333333
1549299712,0,1,0,1.5
1549412928,1,1,1,2.409090909090909
1549429632,1,1,1,2.151851851851852
1549524288,0,1,0,2.2857142857142856
1549533568,0,1,1,2.811320754716981
1549698752,1,1,1,2.7058823529411766
1549969728,0,1,0,2.1052631578947367
1549986432,1,1,1,2.3846153846153846
1550069952,0,1,0,2.1052631578947367
1550075520,0,1,0,2.25
1550548800,0,1,0,1.0
1550662016,1,1,1,2.2539184952978055
1550960832,0,1,0,2.888888888888889
1550968256,0,1,0,2.1818181818181817
1550997952,0,1,1,3.0
1551109312,0,1,0,3.0
1551302336,1,1,1,2.2054054054054055
1551322752,1,1,1,2.484848484848485
1551350592,0,1,1,2.5714285714285716
1551393280,1,1,1,2.4583333333333335
1551400704,0,1,0,2.206896551724138
1551525056,0,1,0,2.4166666666666665
1551621568,0,1,0,2.375
1551784896,0,1,0,4.0
1551816448,1,1,0,2.0
1552100416,0,1,0,1.9230769230769231
1552128256,1,1,0,3.375
1552196928,0,1,0,2.962962962962963
1552209920,1,1,0,2.515151515151515
1552313856,1,1,1,1.0
1552510592,0,1,0,1.9444444444444444
1552545856,0,1,0,3.0
1552555136,0,1,0,3.0
1552607104,0,1,0,2.125
1552629376,0,1,0,2.0
1552892928,1,1,1,2.9545454545454546
1553271552,0,1,1,2.680672268907563
1553410752,0,1,0,4.0
1553446016,0,1,1,3.0
1553601920,1,1,1,2.784313725490196
1553624192,0,1,1,2.3076923076923075
1553817216,0,1,1,2.8666666666666667
1553867328,1,1,1,2.1176470588235294
1553882176,0,1,0,2.0
1553960128,1,1,1,2.3738317757009346
1554013952,0,1,1,1.8831168831168832
1554270080,0,1,0,1.5
1554346176,0,1,1,3.8
1554606016,0,1,1,1.6
1554722944,0,1,0,2.5
1554743360,0,1,0,2.75
1554791616,0,1,0,1.625
1554802752,1,1,1,2.6344086021505375
1554878848,0,1,1,2.5660377358490565
1555483904,0,1,0,2.142857142857143
1555535872,0,1,0,1.8928571428571428
1555782720,0,1,0,2.0
1555823552,0,1,0,2.4615384615384617
1555882944,0,1,1,1.8974358974358974
1555905216,0,1,1,2.608695652173913
1555981312,1,1,1,1.6842105263157894
1556218880,0,1,1,3.0
1556354368,0,1,0,3.0
1556497280,0,1,0,3.0
1556541824,1,1,0,1.875
1556543680,0,1,0,1.8
1556603072,0,1,1,1.4230769230769231
1556690304,0,1,0,2.5555555555555554
1556697728,0,1,1,1.3333333333333333
1556720000,0,1,1,2.2127659574468086
1557126464,0,1,0,3.0
1557343616,1,1,1,2.230769230769231
1557391872,0,1,1,2.8
1557527360,0,1,1,2.4285714285714284
1557646144,0,1,0,2.2
1557785344,0,1,0,2.0
1557824320,0,1,1,1.4615384615384615
1557831744,0,1,0,1.5
1557905984,0,1,1,2.3333333333333335
1558258624,0,1,1,2.218978102189781
1558531456,0,1,0,2.0
1558570432,1,1,1,2.5
1558720768,0,1,0,2.5
1558739328,0,1,1,2.5641025641025643
1559149504,0,1,1,3.6
1559210752,1,1,1,2.4074074074074074
1559704448,0,1,0,2.8
1559956864,0,1,0,1.0
1559969856,1,1,0,1.4615384615384615
1559993984,0,1,1,2.0
1560170304,1,1,1,2.445945945945946
1560272384,0,1,1,2.774193548387097
1560541504,1,1,1,2.5714285714285716
1560977664,1,1,1,1.8739495798319328
1561083456,1,1,0,2.7142857142857144
1561126144,0,1,1,2.25
1561150272,0,1,0,2.0
1561185536,0,1,0,2.0833333333333335
1561365568,1,1,0,1.6956521739130435
1561408256,1,1,0,2.257142857142857
1561556736,1,1,1,2.3035714285714284
1561645824,0,1,1,2.0238095238095237
1561779456,0,1,0,3.6666666666666665
1561888960,0,1,0,1.9090909090909092
1562035584,1,1,1,2.4307692307692306
1562061568,0,1,0,1.9166666666666667
1562152512,1,1,1,2.536764705882353
1562395648,1,1,1,2.5698924731182795
1562471744,0,1,0,1.0
1562772416,0,1,0,2.0
1563026688,1,1,1,1.8873239436619718
1563041536,0,1,0,2.0
1563117632,0,1,0,1.0
1563165888,0,1,0,2.28125
1563253120,1,1,1,2.3135593220338984
1563277248,0,1,1,2.40625
1563293952,0,1,1,2.4210526315789473
1563394176,0,1,0,2.4166666666666665
1563563072,0,1,0,2.0
1563577920,1,1,1,2.1223021582733814
1563724544,1,1,1,1.9268292682926829
1563832192,0,1,0,1.0
1563902720,0,1,0,1.3333333333333333
1563930560,0,1,0,2.0
1563932416,0,1,0,1.9166666666666667
1563941696,1,1,0,1.125
1563950976,0,1,1,1.8125
1564019648,1,1,1,2.973684210526316
1564160704,0,1,1,2.3333333333333335
1564840000,0,1,1,2.3846153846153846
1564899392,0,1,0,2.75
1565348544,1,1,1,2.101010101010101
1565378240,1,1,1,2.1879194630872485
1565495168,0,1,1,1.9285714285714286
1565649216,1,1,1,2.293103448275862
1565808832,0,1,0,2.2
1565819968,0,1,1,2.4782608695652173
1565845952,1,1,0,1.8888888888888888
1565909056,1,1,0,2.125
1565925760,0,1,0,2.0
1565949888,0,1,1,2.9375
1565979584,0,1,1,2.195876288659794
1566343360,1,1,1,2.3771929824561404
1566391616,0,1,0,1.1666666666666667
1566528960,1,1,1,1.6
1566701568,0,1,0,2.0
1567302912,0,1,1,1.6296296296296295
1567319616,0,1,0,2.9473684210526314
1567373440,1,1,1,2.5063291139240507
1567416128,0,1,0,2.0
1567434688,0,1,1,2.4285714285714284
1567546048,0,1,1,2.0
1567551616,0,1,1,2.5
1567601728,0,1,1,2.4166666666666665
1567735360,1,1,1,2.6808510638297873
1567846720,1,1,1,2.1656050955414012
1567883840,0,1,0,2.1739130434782608
1568271744,0,1,0,2.0
1568277312,1,1,0,2.238095238095238
1568294016,0,1,0,2.652173913043478
1568631808,0,1,0,3.0
1568895360,1,1,1,2.6
1569145920,1,1,0,3.4285714285714284
1569205312,0,1,0,2.5714285714285716
1569209024,0,1,0,2.6666666666666665
1569296256,0,1,0,2.0
1569678592,1,1,1,2.6052631578947367
1569853056,1,1,1,2.519230769230769
1569914304,0,1,1,2.6166666666666667
1569944000,0,1,0,2.5714285714285716
1570046080,0,1,0,2.6666666666666665
1570227968,1,1,0,2.189189189189189
1570266944,1,1,1,2.3866666666666667
1570272512,1,1,1,2.1794871794871793
1570309632,0,1,0,2.6875
1570406144,0,1,1,2.595744680851064
1570536064,0,1,1,2.84375
1570623296,0,1,0,2.0
1570632576,0,1,0,4.0
1571081728,0,1,0,3.75
1571226496,0,1,0,2.3
1571271040,0,1,1,1.625
1571586560,1,1,1,2.406779661016949
1571807424,0,1,0,2.6666666666666665
1571922496,1,1,1,2.405940594059406
1571994880,0,1,1,2.0
1572200896,0,1,0,2.0
1572241728,0,1,0,1.75
1572334528,0,1,1,1.0
1572432896,0,1,0,1.5555555555555556
1572668608,0,1,1,1.2941176470588236
1572703872,0,1,1,1.6666666666666667
1572763264,0,1,1,2.0833333333333335
1572878336,0,1,1,2.793103448275862
1572926592,0,1,0,2.3333333333333335
1573236544,0,1,0,1.0
1573462976,0,1,1,2.1666666666666665
1573908416,0,1,0,2.260869565217391
1574107008,0,1,0,1.875
1574327872,0,1,0,1.0
1574426240,0,1,0,2.0
1574509760,0,1,0,1.56
1574589568,0,1,0,1.0
1574669376,0,1,0,1.4
1574738048,1,1,0,1.0
1574823424,1,1,1,2.392857142857143
1574973760,0,1,1,1.894736842105263
1574992320,1,1,1,2.345864661654135
1575018304,0,1,1,2.4545454545454546
1575259584,0,1,0,2.4285714285714284
1575439616,0,1,1,1.75
1575445184,0,1,1,2.5833333333333335
1575447040,0,1,0,2.6666666666666665
1575469312,1,1,0,1.9230769230769231
1575859072,0,1,1,2.4782608695652173
1576208000,0,1,0,1.95
1576233984,0,1,0,3.4
1576306368,0,1,0,3.0
1576308224,0,1,0,2.25
1576391744,0,1,1,2.3461538461538463
1576473408,0,1,1,1.625
1576614464,1,1,1,2.2025316455696204
1576820480,0,1,1,3.0
1577097024,0,1,0,2.75
1577106304,1,1,1,1.9125
1577197248,1,1,1,1.9620253164556962
1577373568,0,1,1,2.05
1577432960,0,1,1,1.7847222222222223
1577449664,0,1,0,2.3333333333333335
1577486784,0,1,1,3.5
1577527616,1,1,0,2.3728813559322033
1577574016,0,1,1,2.2679738562091503
1577587008,1,1,1,2.7804878048780486
1578145664,1,1,1,2.0806451612903225
1578153088,0,1,1,3.2
1578193920,1,1,1,2.272727272727273
1578236608,0,1,0,3.5
1578242176,1,1,1,2.75
1578247744,0,1,0,3.0
1578255168,0,1,0,2.6666666666666665
1578390656,1,1,1,2.2941176470588234
1578433344,0,1,1,3.066666666666667
1578904768,0,1,0,2.25
1579118208,1,1,1,2.6777777777777776
1579157184,0,1,1,2.0
1579352064,0,1,0,2.5
1579593344,0,1,0,2.0
1579602624,0,1,0,2.1666666666666665
1579929280,0,1,0,2.2857142857142856
1579947840,1,1,1,2.2903225806451615
1580018368,1,1,1,2.3947368421052633
1580066624,0,1,0,2.6875
1580623424,0,1,0,1.6666666666666667
1580710656,0,1,0,2.6666666666666665
1580712512,1,1,0,2.9
1580918528,1,1,1,2.558139534883721
1580972352,0,1,0,2.857142857142857
1581054016,0,1,1,2.2777777777777777
1581078144,0,1,0,3.6666666666666665
1581170944,0,1,0,2.3333333333333335
1581182080,0,1,0,2.4166666666666665
1581428928,0,1,0,4.0
1581499456,0,1,0,3.5
1581529152,0,1,1,2.1016949152542375
1581865088,0,1,1,2.24
1581872512,0,1,0,1.0
1582258560,0,1,0,2.5
1582293824,0,1,0,4.0
1582648320,0,1,1,2.275
1582765248,0,1,0,2.4285714285714284
1582793088,0,1,1,1.5
1582794944,1,1,0,2.7419354838709675
1582965696,0,1,0,3.5
1583021376,0,1,1,2.0
1583589312,0,1,0,3.0
1583637568,0,1,0,2.75
1584142400,0,1,1,2.4285714285714284
1584201792,0,1,0,2.0
1584207360,1,1,0,2.75
1584209216,0,1,0,1.0
1584459776,1,1,0,2.0
1584498752,1,1,0,2.764705882352941
1584511744,0,1,1,1.7777777777777777
1584760448,0,1,0,3.6
1585382208,1,1,1,2.1052631578947367
1590918656,1,1,1,2.5681818181818183
1591985856,0,1,1,3.0
1596243520,1,1,0,2.4166666666666665
1596670400,0,1,0,3.0555555555555554
1597041600,1,1,1,2.5576923076923075
1597268032,0,1,0,3.0
1597496320,1,1,0,2.611111111111111
1597609536,1,1,0,2.3333333333333335
1597618816,0,1,0,1.8571428571428572
1597858240,1,1,0,2.6451612903225805
1598047552,1,1,1,2.161290322580645
1598209024,0,1,1,1.6666666666666667
1598428032,1,1,1,2.1333333333333333
1598719424,1,1,1,2.411764705882353
1598728704,0,1,1,2.7333333333333334
1598732416,0,1,0,1.0
1598769536,0,1,1,2.744186046511628
1598925440,0,1,0,2.6363636363636362
1599085056,0,1,0,3.0
1599153728,1,1,0,2.9285714285714284
1599257664,0,1,1,1.9375
1599730944,0,1,0,3.0
1599779200,0,1,0,2.4
1599816320,0,1,0,3.4545454545454546
1599823744,0,1,0,2.0
1599829312,0,1,0,2.0
1600040896,0,1,1,1.4
1600302592,1,1,0,2.425
1600436224,0,1,1,2.193548387096774
1600542016,0,1,0,1.5714285714285714
1600638528,0,1,1,1.5
1600642240,0,1,0,3.0
1600877952,1,1,1,2.3469387755102042
1600952192,0,1,0,2.0
1601037568,1,1,1,2.0
1601052416,0,1,1,1.0
1601102528,1,1,1,2.4
1601145216,0,1,1,2.1176470588235294
1601161920,0,1,0,3.0
1601236160,0,1,1,2.5
1601282560,0,1,0,2.0
1601369792,1,1,0,2.6470588235294117
1601553536,1,1,1,2.473684210526316
1601648192,0,1,1,2.0
1602295936,0,1,0,2.5
1602385024,1,1,1,2.8076923076923075
1602403584,1,1,1,2.0166666666666666
1602644864,1,1,1,2.0
1602912128,0,1,1,2.0
1602945536,0,1,0,2.3333333333333335
1603270336,1,1,0,2.1666666666666665
1603275904,1,1,0,2.0
1603504192,0,1,0,3.0
1603506048,0,1,0,2.5
1603559872,1,1,1,2.7714285714285714
1603571008,1,1,1,1.5294117647058822
1603613696,1,1,0,1.0
1603821568,0,1,1,3.0714285714285716
1603966336,0,1,0,3.375
1604060992,0,1,0,3.076923076923077
1604376512,0,1,1,1.9666666666666666
1604393216,0,1,0,3.0
1604454464,1,1,1,2.25
1604552832,0,1,1,2.272727272727273
1604731008,1,1,0,2.3333333333333335
1604866496,0,1,1,3.0
1605180160,1,1,0,1.9166666666666667
1605182016,0,1,0,3.0
1605185728,1,1,0,2.611111111111111
1605495680,1,1,1,2.2586206896551726
1605532800,0,1,1,1.6666666666666667
1605625600,0,1,1,3.0
1605651584,0,1,1,2.4
1605904000,0,1,0,2.0
1605963392,1,1,0,2.625
1606124864,1,1,0,2.857142857142857
1606308608,0,1,1,3.3076923076923075
1606401408,1,1,0,3.6
1606958208,1,1,1,2.0714285714285716
1607149376,0,1,0,2.0
1607164224,0,1,0,1.0
1607216192,0,1,1,3.0
1607360960,0,1,0,3.8
1607531712,1,1,1,2.064516129032258
1607535424,0,1,0,1.4166666666666667
1607617088,0,1,1,1.4615384615384615
1607672768,0,1,1,1.0
1607990144,1,1,1,1.5
1608010560,0,1,1,1.6785714285714286
1608353920,0,1,0,1.3333333333333333
1608498688,1,1,0,1.2
1608688000,0,1,0,1.0
1608778944,1,1,1,1.4054054054054055
1609669824,0,1,1,2.1818181818181817
1609807168,0,1,1,1.5
1610007616,0,1,1,1.4444444444444444
1610015040,0,1,0,2.2
1610048448,1,1,0,1.0
1610102272,0,1,0,2.4705882352941178
1610167232,0,1,0,1.5
1610180224,0,1,0,3.0
1610261888,0,1,0,4.0
1610267456,1,1,1,2.6
1610408512,0,1,0,2.0
1610822400,0,1,1,2.0
1610829824,0,1,0,2.0
1610842816,1,1,0,1.5
1610931904,0,1,0,2.0
1611358784,0,1,0,3.0
1611484992,0,1,0,2.6153846153846154
1611689152,1,1,0,2.5
1611776384,0,1,0,2.0
1611837632,1,1,1,2.2941176470588234
1611863616,0,1,1,1.5833333333333333
1611967552,0,1,1,2.75
1612026944,1,1,1,2.4545454545454546
1612279360,1,1,0,2.0
1612307200,0,1,1,2.0
1612392576,1,1,1,2.5
1612546624,0,1,1,2.9714285714285715
1612622720,0,1,1,2.5
1612808320,0,1,0,3.1666666666666665
1612813888,1,1,1,1.71875
1613005056,0,1,1,3.1538461538461537
1613018048,0,1,0,2.8
1613190656,0,1,0,2.0
1613487616,0,1,1,1.0
1613582272,0,1,0,2.2222222222222223
1613695488,0,1,1,2.0
1614285696,1,1,0,3.090909090909091
1614656896,0,1,0,3.0
1614751552,1,1,1,2.761904761904762
1614866624,0,1,0,2.0
1615323200,0,1,0,1.0
1615427136,0,1,0,2.375
1615499520,1,1,0,1.3333333333333333
1615581184,0,1,0,2.0
1615672128,0,1,1,1.625
1615805760,0,1,0,1.0
1615963520,0,1,0,2.6666666666666665
1616149120,0,1,0,3.0
1616163968,1,1,1,2.25
1616230784,0,1,1,2.0
1616238208,0,1,0,2.0
1616397824,0,1,0,2.0
1616449792,1,1,0,5.0
1616498048,0,1,0,1.6666666666666667
1616620544,0,1,0,1.5555555555555556
1616694784,1,1,0,2.7142857142857144
1616891520,1,1,1,2.7037037037037037
1617220032,0,1,1,1.6129032258064515
1617377792,0,1,0,2.5714285714285716
1617489152,0,1,0,2.272727272727273
1617836224,0,1,0,2.1
1618307648,0,1,0,1.6
1618320640,0,1,0,4.0
1618521088,1,1,1,2.641509433962264
1618823616,0,1,0,2.4285714285714284
1618842176,0,1,1,3.0
1618866304,1,1,0,2.5714285714285716
1619016640,0,1,1,2.1714285714285713
1619385984,0,1,0,2.6666666666666665
1619536320,1,1,1,2.3333333333333335
1619723776,0,1,0,1.5
1619757184,1,1,1,2.75
1619877824,1,1,0,3.0
1620061568,1,1,1,2.689655172413793
1620313984,0,1,0,3.5
1620334400,1,1,0,2.25
1620339968,1,1,0,2.2857142857142856
1620347392,0,1,0,1.0
1620380800,0,1,0,1.0
1621043392,0,1,1,3.0
1621524096,1,1,0,3.0
1621648448,1,1,0,1.125
1621746816,1,1,0,2.0
1621767232,0,1,0,1.75
1622066048,1,1,1,2.6
1622071616,1,1,0,1.75
1622149568,1,1,0,2.142857142857143
1622244224,0,1,0,1.3333333333333333
1622288768,0,1,0,2.5
1622565312,1,1,1,2.7222222222222223
1622619136,1,1,1,1.0
1622639552,0,1,0,2.0
1623422784,0,1,0,2.0
1623461760,0,1,0,3.0
1623665920,0,1,0,3.2
1623671488,1,1,0,1.5
1623760576,1,1,0,2.0
1624113216,1,1,0,3.0
1624283968,0,1,0,2.0
1624632896,1,1,0,1.6666666666666667
1624644032,1,1,0,1.4
1624668160,0,1,0,2.0
1624877888,1,1,1,1.4444444444444444
1625289920,1,1,0,3.0
1626344128,1,1,0,2.1
1626518592,1,1,0,2.25
1626628096,1,1,0,2.0
1627548672,1,1,0,2.8333333333333335
1628021952,0,1,0,1.5
1628704960,0,1,0,2.25
1628859008,1,1,0,3.0
1628931392,0,1,0,2.0
1629321152,0,1,0,3.0
1629553152,1,1,0,4.333333333333333
1670400000,1,1,1,2.049533089727974
1670606016,1,1,0,3.0476190476190474
1670620864,0,1,1,2.297872340425532
