회원번호,age_gender_segment,treatment_h4,p_control,p_treated,uplift
18764160,60+_F,0.0,0.5945582102179084,0.5770592205053439,-0.017498989712564583
18792000,60+_M,0.0,0.06724354687001967,0.09095468101999128,0.023711134149971613
18942336,30s_F,0.0,0.5740595662650461,0.5972200613922645,0.023160495127218406
18949760,60+_F,,0.14736250716176533,0.17449996761144482,0.02713746044967949
19391488,50s_F,0.0,0.06180844153300855,0.10550092462575252,0.04369248309274396
19627200,40s_F,0.0,0.89944706787442,0.9182296482546423,0.01878258038022229
19727424,50s_F,0.0,0.6515588660794784,0.6781043299534284,0.02654546387394996
19996544,40s_F,0.0,0.6895197157895049,0.7044488155647677,0.0149290997752628
20235968,50s_F,,0.5290034128759605,0.44416484687627766,-0.08483856599968287
20258240,40s_F,0.0,0.07868600801332044,0.10078521421412931,0.022099206200808866
20588608,40s_F,0.0,0.9234541644091411,0.8967294434486434,-0.026724720960497717
20636864,50s_F,0.0,0.8781995667486753,0.8890415153907125,0.010841948642037247
21134272,40s_F,0.0,0.24358232767365917,0.24956339355899693,0.005981065885337755
21457216,40s_F,0.0,0.1134206295578317,0.15193093936247876,0.03851030980464705
21982464,40s_F,,0.7092017324680836,0.643847427126903,-0.06535430534118059
22112384,50s_F,0.0,0.08824121329959278,0.09264334968944246,0.004402136389849681
22259008,40s_F,,0.3391432767442536,0.326360360399675,-0.012782916344578621
22270144,40s_F,0.0,0.9379451616052445,0.898290239900316,-0.03965492170492857
22990272,60+_F,0.0,0.5954661450319171,0.570733711781923,-0.02473243324999408
23437568,40s_F,,0.7639588003631771,0.7510733241258954,-0.012885476237281646
23485824,40s_F,0.0,0.18373620473158103,0.20358526781042915,0.019849063078848123
23573056,40s_F,,0.0874422995694174,0.13545970778206567,0.04801740821264827
24098304,50s_F,1.0,0.097207093369513,0.16020878462090052,0.06300169125138752
24883392,60+_F,0.0,0.8990077822846564,0.91447182471558,0.015464042430923586
25145088,40s_F,0.0,0.23348537999535457,0.25171591287696177,0.018230532881607198
26110208,30s_F,0.0,0.1505159542533904,0.20422848635738966,0.05371253210399926
26355200,60+_F,,0.9000884088511119,0.8982683547818534,-0.0018200540692584477
26676288,30s_F,0.0,0.22855189032887563,0.23690801752772725,0.00835612719885162
27021504,40s_F,0.0,0.09773980726591171,0.13986365710024556,0.04212384983433386
27066048,40s_F,0.0,0.723049473538056,0.762514756677155,0.03946528313909892
27210816,40s_F,0.0,0.12315759052760109,0.15895084513077432,0.03579325460317323
27387136,40s_F,0.0,0.5918185453327338,0.5218337056908422,-0.06998483964189162
28394944,40s_F,1.0,0.8611408719110573,0.9129086927742032,0.05176782086314591
28871936,40s_F,0.0,0.3059814403573129,0.2948934099423913,-0.011088030414921568
29658880,60+_F,0.0,0.06727284187054738,0.08488648079347126,0.017613638922923877
29868608,50s_F,0.0,0.21650081382695113,0.2418890127373487,0.025388198910397564
30215680,40s_F,,0.5485318880341558,0.506466122892685,-0.04206576514147076
31691200,30s_F,0.0,0.8495979841961698,0.8740044380545391,0.02440645385836926
37188672,50s_F,0.0,0.8161023907582461,0.8854711312200362,0.06936874046179009
37253632,40s_F,0.0,0.08329956355724039,0.089920011654032,0.006620448096791617
37314880,60+_F,0.0,0.06559433747310182,0.08874958772129161,0.02315525024818979
37415104,40s_F,,0.28393891995998105,0.2502580439136564,-0.03368087604632464
37584000,40s_F,0.0,0.8932852123623618,0.900962254191881,0.007677041829519227
38270720,60+_F,0.0,0.12342941527518889,0.14364005845236927,0.020210643177180382
38588096,40s_F,1.0,0.9046137996464131,0.9074490678811817,0.002835268234768651
38593664,40s_F,,0.0717829848647251,0.08461899036398979,0.012836005499264683
38808960,60+_F,0.0,0.7960201165538854,0.7976123741683411,0.0015922576144556944
38842368,50s_F,0.0,0.7820354624090362,0.8040274669398522,0.021992004530815956
38859072,40s_F,0.0,0.14801093118627623,0.16988131419330355,0.021870383007027316
38862784,60+_F,0.0,0.8132877371143253,0.8645861029032018,0.05129836578887648
38866496,60+_F,,0.11697846035507914,0.16147447284161648,0.04449601248653734
38903616,50s_F,0.0,0.4336710102174073,0.5062345593495051,0.07256354913209784
38918464,50s_F,1.0,0.9088965283602327,0.9102766527504059,0.0013801243901732096
38933312,60+_F,0.0,0.6107607069121194,0.6107561922559919,-4.514656127496686e-06
38955584,50s_F,0.0,0.5436404938184185,0.5315569259162714,-0.012083567902147152
38959296,40s_F,0.0,0.9423518725848993,0.8864295233998456,-0.05592234918505368
38968576,60+_F,0.0,0.2139642320642144,0.18334191655643534,-0.030622315507779052
39053952,50s_F,,0.7474142844571159,0.8155870598865004,0.06817277542938449
39284096,40s_F,0.0,0.0720436526958777,0.09991340441468705,0.027869751718809344
39287808,40s_F,0.0,0.09689987142817989,0.1053933929854844,0.008493521557304512
39376896,40s_F,0.0,0.08781525838596474,0.09638168991045827,0.008566431524493531
39382464,40s_F,0.0,0.8947318525535849,0.9106974668234354,0.015965614269850548
39547648,50s_F,,0.09403556364652492,0.12976646163422917,0.03573089798770425
39640448,30s_F,,0.31097262438181356,0.3100972996589721,-0.000875324722841464
39653440,60+_F,0.0,0.8751419138076533,0.8643967827792848,-0.010745131028368493
39820480,60+_F,1.0,0.8250648975821521,0.85107444787238,0.02600955029022789
39955968,60+_F,0.0,0.10556576297617969,0.16849237870615397,0.06292661572997428
40124864,40s_F,0.0,0.18928448634616768,0.23015332703468652,0.04086884068851884
40822720,40s_F,0.0,0.0835059428985191,0.09495448048349452,0.01144853758497541
40898816,40s_F,0.0,0.09222973529985921,0.16162125123389454,0.06939151593403532
40969344,50s_F,0.0,0.08474468992850426,0.08463032582466001,-0.00011436410384424445
41104832,40s_F,0.0,0.8904381085197602,0.9087444414571647,0.018306332937404468
41307136,40s_F,0.0,0.14090148647140036,0.2157010371665197,0.07479955069511934
41396224,50s_F,0.0,0.06740418873740296,0.11448277715840842,0.04707858842100546
41600384,50s_F,0.0,0.7781242865775639,0.7691187390178028,-0.009005547559761129
41739584,50s_F,1.0,0.10485266445619736,0.09218482045349528,-0.012667844002702072
41754432,60+_F,1.0,0.8798662029017811,0.9125333028335549,0.03266709993177386
42058816,40s_F,0.0,0.6078208233062048,0.6790518011773138,0.07123097787110899
42097792,40s_F,0.0,0.10274937099797839,0.15035377323940657,0.04760440224142819
42140480,30s_F,0.0,0.42025089699204093,0.40135651758209434,-0.018894379409946593
42307520,40s_F,0.0,0.8233146433573052,0.8327125052834456,0.00939786192614045
42402176,40s_F,0.0,0.5560014186854882,0.5883033573482416,0.03230193866275333
42474560,40s_F,,0.907485303966327,0.9101806040573308,0.002695300091003827
42955264,50s_F,0.0,0.5991066869484635,0.7427400918369748,0.14363340488851128
43343168,40s_F,1.0,0.14453153455568082,0.22330420150599967,0.07877266695031884
43426688,40s_F,0.0,0.9197285758755129,0.9231922513964393,0.0034636755209264125
43872128,50s_F,0.0,0.29916881731739,0.32663683993600257,0.027468022618612586
43924096,40s_F,0.0,0.13468770865142463,0.167137592253656,0.03244988360223136
44076288,50s_F,0.0,0.46077272269839886,0.5121075500861089,0.05133482738771
44486464,40s_F,1.0,0.49908005888455603,0.48484947605360296,-0.014230582830953076
44620096,40s_F,0.0,0.4811142312603125,0.4853256659896652,0.004211434729352703
44666496,30s_F,0.0,0.13733398589341847,0.16279367735859965,0.025459691465181178
44844672,40s_F,0.0,0.46716916221827426,0.42066673222377476,-0.046502429994499495
45022848,50s_M,0.0,0.3766752715872417,0.3267196943181508,-0.04995557726909089
45364352,40s_F,0.0,0.509137674574326,0.5428711156451458,0.03373344107081977
45520256,50s_F,0.0,0.42811716555808077,0.3988844235167717,-0.029232742041309046
45932288,40s_F,1.0,0.9039533004529461,0.9169149418883401,0.012961641435394022
46038080,40s_F,0.0,0.11664898179131533,0.142255108670791,0.025606126879475666
46056640,40s_F,0.0,0.08508651441029466,0.13465656244755195,0.049570048037257286
46348032,40s_F,0.0,0.6097022184727152,0.7291020565431188,0.11939983807040355
46487232,40s_F,0.0,0.8280473099051292,0.8591926939104895,0.031145384005360266
46568896,40s_F,0.0,0.8937073317133171,0.9050251897240199,0.011317858010702841
46752640,50s_F,0.0,0.06485775569503874,0.07516620640294701,0.01030845070790827
46995776,40s_F,0.0,0.22785499539629256,0.22435641696205028,-0.003498578434242283
47663936,50s_F,1.0,0.08915168727205076,0.09892045226385231,0.009768764991801543
48088960,40s_F,0.0,0.09311005850441541,0.12045918023403822,0.02734912172962281
48183616,40s_F,0.0,0.07214949564935043,0.10942139024565067,0.037271894596300245
48296832,40s_F,0.0,0.8720852999198304,0.8881305975512376,0.016045297631407163
48398912,50s_F,0.0,0.09962883563633865,0.14207299829222308,0.04244416265588444
48590080,40s_F,0.0,0.10446971590423196,0.13110366068456034,0.026633944780328378
48638336,50s_F,0.0,0.94425823169371,0.9177488769978549,-0.026509354695855136
48859200,30s_M,0.0,0.14699961344598766,0.22103535223169557,0.0740357387857079
49035520,50s_F,0.0,0.1878590390332526,0.21045555901746904,0.02259651998421644
49083776,60+_F,0.0,0.7409396692857071,0.8050694801018773,0.0641298108161702
49178432,60+_M,0.0,0.594095103174115,0.6213042889797716,0.027209185805656677
49742656,30s_F,0.0,0.08558430659629042,0.11486639346747932,0.029282086871188898
50290176,40s_F,0.0,0.09888736864072077,0.13593393406928408,0.03704656542856331
50650240,40s_F,1.0,0.1918368247071688,0.246994807827539,0.05515798312037018
50776448,50s_F,,0.8908543181476616,0.9005965818785578,0.009742263730896261
50793152,60+_F,0.0,0.6249458309609269,0.6751644678276321,0.050218636866705135
50798720,40s_F,0.0,0.6387271903868693,0.6836417479034932,0.044914557516623876
51142080,40s_F,0.0,0.7794621187603863,0.822947739720366,0.043485620959979654
51182912,60+_M,,0.07424702804747038,0.10214241685342708,0.027895388805956697
51184768,50s_M,0.0,0.07488505332402204,0.0943845923051363,0.019499538981114256
51203328,50s_M,0.0,0.07274493454237764,0.09858312267424693,0.02583818813186929
51207040,40s_M,0.0,0.06379958778516076,0.08445039571478885,0.02065080792962809
51574528,30s_F,0.0,0.2704021373721444,0.282538098998493,0.012135961626348613
51897472,60+_F,0.0,0.2045169989401493,0.28749711331716654,0.08298011437701724
51927168,30s_F,0.0,0.09087525139295122,0.13280144326271273,0.041926191869761514
52420864,40s_F,,0.4171359889920418,0.41237002267167716,-0.004765966320364634
52450560,40s_F,,0.38003796130651213,0.3667176396275138,-0.013320321678998326
52480256,40s_F,1.0,0.061645412436654785,0.08461580489744808,0.02297039246079329
52515520,60+_F,0.0,0.38338453988145227,0.3825844506182648,-0.0008000892631874756
52519232,40s_F,1.0,0.8570188934190227,0.906227943888619,0.04920905046959634
52534080,40s_F,0.0,0.1119258457453466,0.13590943342801448,0.02398358768266788
52558208,50s_F,1.0,0.8640737361083726,0.8706748653240147,0.006601129215642154
52606464,40s_F,0.0,0.41099486900158694,0.39862436881315155,-0.012370500188435385
52767936,40s_F,,0.8867570621336592,0.9113447851331667,0.02458772299950751
52777216,40s_F,0.0,0.0903941774933597,0.14529977568950694,0.05490559819614724
52792064,40s_F,,0.9036900561015737,0.9157972240535748,0.012107167952001063
52821760,50s_F,0.0,0.4539289645844092,0.5707125835202013,0.11678361893579209
52879296,40s_F,0.0,0.25188478182068885,0.2861287138588299,0.03424393203814102
52886720,50s_F,1.0,0.7723533196331469,0.8030489434013312,0.030695623768184244
52903424,40s_F,0.0,0.932874112838683,0.8930950190654131,-0.039779093773269936
52931264,40s_F,0.0,0.8242923784358439,0.8769801902049157,0.05268781176907178
52953536,50s_F,0.0,0.7576391822391577,0.8058857269246046,0.04824654468544687
53105728,40s_F,1.0,0.8701411762640551,0.8712112859747358,0.0010701097106807778
53157696,50s_F,1.0,0.08462734323788229,0.09426363761206763,0.009636294374185339
53165120,60+_F,1.0,0.7037353195388224,0.614995276539211,-0.08874004299961136
53345152,30s_F,,0.7309493977269927,0.8243809294813499,0.09343153175435714
53361856,40s_F,0.0,0.28823783571423917,0.3297169813893268,0.04147914567508765
53365568,40s_F,0.0,0.10662874533226868,0.12907065162986966,0.022441906297600983
53367424,50s_F,0.0,0.8757928704478318,0.9081735237185617,0.03238065327072992
53372992,40s_F,1.0,0.07756623842039441,0.12165697432704455,0.044090735906650136
53382272,40s_F,0.0,0.6022447540769711,0.6970285825994267,0.0947838285224556
53384128,40s_M,0.0,0.6012294247913382,0.6381402123617097,0.03691078757037147
53432384,60+_F,0.0,0.9039473398261012,0.9098327201042493,0.005885380278148111
53465792,50s_F,0.0,0.2744105095418302,0.23805406702266813,-0.03635644251916209
53543744,40s_F,0.0,0.7448832255861401,0.7743391481096797,0.02945592252353968
53766464,40s_F,,0.19432128707248475,0.21156032586966883,0.01723903879718408
53844416,40s_F,0.0,0.906002756319526,0.9199115748679485,0.013908818548422519
53848128,60+_M,,0.4891088907202641,0.386429986777093,-0.10267890394317108
53874112,40s_F,1.0,0.556714589044872,0.5207778093554762,-0.03593677968939579
53905664,40s_F,0.0,0.3844781281202675,0.4324769150160097,0.04799878689574222
53942784,40s_F,0.0,0.3280604686329831,0.2979015346283522,-0.030158934004630877
54067136,40s_F,1.0,0.1881365560726394,0.21896003938317538,0.03082348331053597
54078272,40s_F,0.0,0.8316805610203457,0.853014765711617,0.02133420469127134
54109824,60+_F,0.0,0.7647470224070025,0.8321308165565428,0.06738379414954021
54119104,40s_F,1.0,0.11036049389517595,0.1432639974768403,0.03290350358166434
54256448,40s_F,0.0,0.174560614690524,0.21817837992575315,0.043617765235229145
54416064,60+_F,1.0,0.8179299042999753,0.8459594553997062,0.02802955109973093
54603520,40s_F,0.0,0.5280356767600023,0.5358875961006941,0.007851919340691849
54605376,60+_F,0.0,0.9505695312642518,0.8987717118235851,-0.05179781944066675
54612800,40s_F,0.0,0.07464229331864931,0.07951790208340459,0.0048756087647552765
54616512,40s_F,0.0,0.906991223513937,0.9079067497749981,0.0009155262610610615
54623936,60+_F,0.0,0.9379896917189616,0.9114779229677599,-0.02651176875120176
54907904,40s_F,0.0,0.1310026628567755,0.1504089412728545,0.019406278416079004
54911616,40s_F,,0.6342459616152887,0.6483432501830836,0.014097288567794908
54954304,40s_F,0.0,0.08049861914699079,0.08062964408448307,0.0001310249374922856
55204864,60+_M,0.0,0.7174727741958378,0.7064052522991371,-0.011067521896700683
55455424,50s_M,1.0,0.37316074881139927,0.3225897785536879,-0.050570970257711345
55535232,40s_F,0.0,0.4885584959235007,0.49381126965950095,0.005252773736000249
55548224,60+_M,0.0,0.11855552782187435,0.14212723308659211,0.02357170526471776
55557504,40s_F,0.0,0.37688634008876987,0.4205510163621946,0.04366467627342474
55835904,40s_F,0.0,0.3722080072892403,0.397860619338049,0.0256526120488087
55947264,40s_F,0.0,0.3666701493103989,0.37200918727456006,0.005339037964161186
55988096,60+_M,1.0,0.08602011173390305,0.1371599860142093,0.051139874280306266
56470656,60+_F,0.0,0.07180097399064228,0.09594555034009858,0.024144576349456298
56507776,60+_F,0.0,0.3473172797347733,0.36358759362585075,0.01627031389107747
56511488,50s_F,0.0,0.0769741662748948,0.09202097016475523,0.015046803889860433
56528192,50s_F,0.0,0.08919371335517993,0.14560500480126629,0.05641129144608635
56530048,50s_F,,0.47992605367790786,0.43327704983736093,-0.04664900384054693
56567168,40s_F,0.0,0.8417759173100167,0.8904916807630072,0.04871576345299056
56570880,50s_F,1.0,0.7649016834449963,0.7728645092740445,0.00796282582904817
56576448,50s_F,0.0,0.7604797667109884,0.799864661420077,0.03938489470908857
56646976,50s_F,,0.7859446839820801,0.8340265730755719,0.04808188909349187
56648832,40s_F,,0.5748679916531444,0.6266605511928728,0.05179255953972839
56674816,50s_F,0.0,0.07216895062874613,0.09142422352707255,0.019255272898326417
56747200,50s_F,1.0,0.7623940185495648,0.7967503079244552,0.034356289374890436
57105408,40s_F,0.0,0.08120461001724166,0.1378596293045162,0.05665501928727454
57209344,40s_F,0.0,0.10193930892896881,0.17116203727002524,0.06922272834105643
57250176,50s_F,0.0,0.2592239911085435,0.25579572918865146,-0.0034282619198920394
57272448,50s_F,0.0,0.6426378003651639,0.7692825464692471,0.12664474610408316
57331840,60+_F,1.0,0.875010948802222,0.8836868700269146,0.008675921224692629
57359680,40s_F,0.0,0.24850543508056447,0.24023926505926896,-0.00826617002129551
57424640,60+_F,0.0,0.18748250843383174,0.18578078547467503,-0.0017017229591567151
57471040,50s_F,0.0,0.24478634917265338,0.29946821893598313,0.054681869763329755
57727168,40s_F,,0.1426867582453285,0.2129243981263733,0.07023763988104478
57797696,30s_F,0.0,0.07799815780474635,0.08056925296104357,0.0025710951562972206
58037120,50s_F,0.0,0.5098705989740203,0.6235680115054218,0.11369741253140153
58068672,40s_F,,0.44709705461827953,0.48319404187307385,0.03609698725479432
58074240,40s_F,1.0,0.8405166403593743,0.8771279305562,0.03661129019682563
58122496,40s_F,0.0,0.14201833468323108,0.1824512390395679,0.04043290435633681
58480704,60+_F,0.0,0.2711174586285517,0.2565811403836549,-0.014536318244896762
58484416,50s_F,0.0,0.8418332881639912,0.8828072823438048,0.04097399417981362
58491840,40s_F,0.0,0.2815845812732253,0.2706351957836742,-0.0109493854895511
58545664,40s_F,1.0,0.1456644600428362,0.17650603071564536,0.030841570672809154
58560512,50s_F,0.0,0.7997378927026605,0.8821628180689863,0.08242492536632584
58805504,30s_F,1.0,0.12228405180298513,0.1457278779371799,0.023443826134194767
59011520,40s_F,0.0,0.8795698882985882,0.8975034704433215,0.017933582144733284
59046784,40s_F,,0.18721877385801564,0.16087360407383192,-0.02634516978418372
59083904,60+_F,,0.09574724765367224,0.14610348714707722,0.05035623949340498
59516352,40s_F,,0.5756909173834124,0.6279436610454247,0.05225274366201227
59709376,60+_F,0.0,0.10416111231873845,0.10508807993815791,0.0009269676194194609
59727936,30s_F,0.0,0.227398493154849,0.24477655323678113,0.01737806008193213
59755776,50s_F,1.0,0.5536920597569569,0.5235623668072914,-0.0301296929496655
59759488,60+_F,,0.8817582266870683,0.8897505812841295,0.007992354597061269
59774336,60+_M,0.0,0.9491117386475726,0.9127681534466322,-0.03634358520094039
60210496,40s_F,0.0,0.07433584369276024,0.10092760664840546,0.02659176295564522
60275456,40s_F,0.0,0.08551666538113763,0.10742878868706672,0.021912123305929093
60277312,30s_F,0.0,0.6278630897211772,0.6347074415500432,0.006844351828866002
60312576,40s_F,0.0,0.8811035027889522,0.9053394082956778,0.024235905506725608
60314432,40s_F,0.0,0.9026639163679527,0.9195865394059409,0.016922623037988194
60654080,50s_F,0.0,0.759910594557109,0.7380650602625852,-0.02184553429452374
60802560,50s_F,0.0,0.08401532495477854,0.12923697831986622,0.04522165336508768
60895360,40s_F,1.0,0.13009286756977193,0.18880185359815382,0.0587089860283819
60912064,40s_F,0.0,0.7600849891793551,0.7666167543485405,0.006531765169185411
60926912,30s_F,0.0,0.1743448200450656,0.1541172055937413,-0.02022761445132429
60956608,30s_F,0.0,0.08785328172702478,0.07675665060902567,-0.011096631117999106
61197888,50s_F,0.0,0.6419593587517322,0.7813130836475415,0.13935372489580933
61201600,30s_F,0.0,0.12215330830675004,0.12396702365446982,0.001813715347719777
61203456,60+_F,0.0,0.3952853600142903,0.3424317632647419,-0.052853596749548426
61216448,50s_F,0.0,0.20134803308222485,0.1759228575032347,-0.025425175578990156
61220160,60+_F,0.0,0.070701604467621,0.1014108026752653,0.030709198207644298
61223872,40s_F,1.0,0.7149048064978217,0.7151468282820161,0.00024202178419441278
61424320,60+_F,0.0,0.7682971328557204,0.7350251900200453,-0.03327194283567514
61426176,60+_F,0.0,0.6681925953486253,0.6865875958542201,0.01839500050559484
61441024,50s_F,,0.07192019430005837,0.10627729479741088,0.03435710049735251
61442880,60+_F,1.0,0.3985125891008965,0.4192244944435803,0.0207119053426838
61452160,60+_F,,0.19931841190189345,0.20609720515585916,0.006778793253965715
61541248,50s_F,0.0,0.4056779915860689,0.3951823915473149,-0.010495600038753994
61546816,60+_F,1.0,0.1932908087922747,0.21406329541412233,0.020772486621847636
61548672,60+_F,,0.9023435124833651,0.9135191950045212,0.011175682521156083
61652608,60+_F,,0.5300249391492091,0.5853193987071402,0.05529445955793111
61713856,60+_F,0.0,0.08983314959739884,0.12723843464040624,0.0374052850430074
61750976,60+_F,0.0,0.942645576003184,0.8939808076943114,-0.048664768308872564
61763968,60+_F,1.0,0.8340580144901041,0.7970393991360984,-0.037018615354005635
61867904,50s_F,0.0,0.7607360445233798,0.7331295783245,-0.027606466198879853
62012672,50s_F,0.0,0.4145045927169982,0.5710710251781752,0.15656643246117702
62261376,60+_F,0.0,0.8991609631938233,0.9079360870569877,0.008775123863164369
62326336,50s_F,,0.369146364633576,0.3909059812336161,0.02175961660004011
62341184,60+_F,0.0,0.905679462044559,0.9204674645629675,0.014788002518408505
62343040,50s_F,0.0,0.8607048456145729,0.9099274030185015,0.04922255740392856
62361600,50s_F,0.0,0.22665043625862405,0.3424585127862971,0.11580807652767303
62426560,50s_F,0.0,0.09643633411963766,0.15252492556806188,0.05608859144842422
62615872,50s_F,0.0,0.3629555681519732,0.3725610960735432,0.00960552792156999
62686400,50s_F,0.0,0.31615787324856903,0.2983848111275409,-0.017773062121028138
62688256,50s_F,0.0,0.09510327822996231,0.1357948462151987,0.040691567985236377
62704960,60+_F,0.0,0.5719072871926779,0.5085942028245237,-0.0633130843681542
62716096,50s_F,,0.7621682226239405,0.7990583873064776,0.03689016468253714
62743936,60+_F,0.0,0.8689576423617292,0.8969565789609765,0.027998936599247237
63308160,60+_F,1.0,0.8827267105572192,0.8980418333769481,0.01531512281972891
63553152,60+_F,0.0,0.7436819237678312,0.7849157704351823,0.04123384666735119
63655232,60+_F,0.0,0.4737834614328289,0.471356989956705,-0.0024264714761239037
63722048,50s_F,,0.8727179653069848,0.8771947574322985,0.004476792125313711
63723904,50s_F,0.0,0.07158695220394654,0.10471932492031083,0.033132372716364294
63796288,60+_F,1.0,0.10184428979151519,0.13568123410812322,0.033836944316608025
63967040,60+_F,0.0,0.7529372623035002,0.7485651741112993,-0.004372088192200918
64004160,50s_F,0.0,0.09698121791502895,0.1344174817493426,0.03743626383431364
64295552,40s_F,1.0,0.23154891238908276,0.2749705480229426,0.04342163563385981
64306688,60+_F,,0.8710853242177014,0.8833774562024885,0.01229213198478718
64330816,50s_F,0.0,0.131489315047642,0.15177789039060327,0.020288575342961274
64460736,60+_F,0.0,0.5542198782264773,0.5229841308612698,-0.03123574736520751
64483008,50s_F,0.0,0.1317550960548728,0.15617772117079323,0.024422625115920443
64586944,50s_F,0.0,0.42272908881105686,0.36611535099955234,-0.05661373781150453
64679744,60+_F,0.0,0.7601252287174001,0.7579633780687227,-0.0021618506486773548
64859776,50s_F,0.0,0.07757967706163245,0.118514232075753,0.04093455501412055
64861632,50s_F,0.0,0.6484270629195251,0.7635025125284146,0.11507544960888949
64921024,60+_F,0.0,0.8674001285990637,0.8956253296336114,0.02822520103454773
64972992,50s_F,0.0,0.06160377838792252,0.08371464727239017,0.02211086888446765
65036096,50s_F,0.0,0.07892026799923818,0.08628355028166343,0.007363282282425249
65130752,60+_F,,0.10355883830957602,0.104689704805567,0.0011308664959909787
65290368,50s_F,0.0,0.06959489613757386,0.11140987611141721,0.041814979973843355
65511232,60+_F,0.0,0.8228303880497932,0.8574764180008052,0.03464602995101196
65514944,40s_F,0.0,0.827942354145125,0.8543965043496502,0.02645415020452524
65527936,40s_F,0.0,0.14101530878027022,0.15242073349374785,0.011405424713477635
65548352,40s_F,0.0,0.5544410722358598,0.491959752381407,-0.06248131985445282
65639296,50s_M,0.0,0.2286972131308589,0.24433041601788894,0.015633202887030045
65650432,30s_F,0.0,0.08709966629750054,0.0947651379910067,0.007665471693506162
65873152,50s_F,0.0,0.17324836735528545,0.20521400102070778,0.03196563366542232
65888000,30s_F,0.0,0.7362816659719794,0.7623546402375136,0.026072974265534232
65900992,40s_F,0.0,0.10614198853796493,0.12736728607136488,0.021225297533399953
66053184,40s_F,0.0,0.17053353214247383,0.19194945220021403,0.021415920057740206
66201664,50s_F,1.0,0.8785855218982119,0.8899473324039393,0.011361810505727377
66205376,40s_F,0.0,0.49642779288253214,0.6234455520003945,0.1270177591178624
66285184,50s_F,0.0,0.5000108393338117,0.3366482277816406,-0.16336261155217113
66472640,40s_F,0.0,0.6479843084490815,0.7556676625158487,0.10768335406676721
66474496,40s_F,0.0,0.8459927004288754,0.8803373473601991,0.034344646931323664
66478208,50s_F,1.0,0.543155132298072,0.6171703066527549,0.07401517435468286
66485632,40s_F,0.0,0.7740657120310932,0.8551154479206842,0.08104973588959097
66810432,50s_F,0.0,0.3329169407574602,0.2977474131220085,-0.035169527635451725
67105536,60+_F,0.0,0.8133749368244804,0.8634400114709898,0.050065074646509444
67109248,50s_F,0.0,0.8519509887406567,0.8563485589931499,0.00439757025249321
67185344,60+_F,1.0,0.0959880053577084,0.10913866503658619,0.013150659678877782
67189056,40s_F,1.0,0.5983460171885808,0.6220792242162682,0.02373320702768733
67302272,50s_F,0.0,0.7772615794849314,0.664571663278395,-0.11268991620653634
67367232,60+_F,1.0,0.06958617193468192,0.10390734688516043,0.03432117495047851
67448896,60+_F,,0.44674351961893355,0.44006693209633974,-0.006676587522593813
67556544,60+_F,0.0,0.12621846028472125,0.201691951877382,0.07547349159266076
67563968,60+_F,0.0,0.09327036791910251,0.14870592302293095,0.05543555510382844
67601088,60+_F,0.0,0.08768997045278092,0.08793343857549461,0.000243468122713697
67602944,60+_F,0.0,0.8375031212107004,0.879457296502826,0.04195417529212564
67634496,60+_F,0.0,0.13849109946599292,0.14075882424346792,0.002267724777475
67705024,60+_F,,0.5815485765172849,0.5590122231575598,-0.022536353359725037
67821952,50s_F,,0.4749076838078683,0.37581769964036843,-0.09908998416749987
67987136,50s_F,0.0,0.885894908520736,0.9265403815265928,0.04064547300585675
68027968,40s_F,1.0,0.37478656339176486,0.3740164802804328,-0.0007700831113320872
68200576,50s_F,0.0,0.07631970471011053,0.09764990045231262,0.021330195742202088
68276672,60+_M,0.0,0.8991178688064483,0.9154926352780755,0.016374766471627167
68310080,60+_F,0.0,0.24175622462567292,0.24820348755547342,0.006447262929800496
68452992,60+_F,1.0,0.3559393822678188,0.32407322091287616,-0.031866161354942635
68506816,60+_F,,0.8921477112221445,0.8847455464518583,-0.0074021647702862126
68891008,50s_F,0.0,0.5889211479839742,0.6830561213204777,0.09413497333650345
68976384,50s_F,0.0,0.8523311668919774,0.8735772421547453,0.021246075262767894
69199104,50s_F,0.0,0.11965576276343684,0.13636253425096345,0.01670677148752661
69319744,50s_F,0.0,0.09701175726268361,0.10038726682805083,0.00337550956536721
69403264,50s_F,1.0,0.8310096679103356,0.8768707884012802,0.045861120490944596
69455232,60+_F,0.0,0.1068996349612846,0.14205475190608033,0.03515511694479573
69501632,50s_F,1.0,0.09522998949936703,0.10383404100794325,0.00860405150857621
69503488,60+_F,0.0,0.49297451980955564,0.5831957752829686,0.09022125547341298
69642688,60+_F,,0.2397168534651637,0.2422689590304428,0.0025521055652791003
69731776,50s_F,,0.18958248803212274,0.2004916703606119,0.01090918232848917
69750336,60+_F,,0.17057989275832508,0.21458928326683832,0.04400939050851324
69785600,40s_F,1.0,0.5874461150714942,0.7356606648744081,0.14821454980291382
69804160,50s_F,0.0,0.6248446487691361,0.6633730198534612,0.03852837108432505
69950784,40s_F,0.0,0.6086309604316066,0.6678659705874819,0.05923501015587529
70284864,50s_F,,0.09401866057778394,0.10240578899812001,0.008387128420336079
70305280,40s_F,0.0,0.06661017264680401,0.0954277229880251,0.02881755034122109
70698752,60+_F,,0.839801797281449,0.842908296997592,0.003106499716142963
70960448,60+_F,0.0,0.1056724105658747,0.09035614236105434,-0.015316268204820363
70988288,60+_F,0.0,0.7212709697024617,0.6086006241080777,-0.11267034559438405
71056960,40s_F,0.0,0.20509595838009542,0.20343577743698346,-0.0016601809431119607
71092224,50s_F,0.0,0.2260485300569386,0.20506317755168715,-0.020985352505251437
71355776,40s_F,0.0,0.10437888306389087,0.11755217399938156,0.013173290935490689
71465280,60+_F,0.0,0.639298317391735,0.771025512918493,0.13172719552675793
71489408,50s_F,0.0,0.4189334567979119,0.5206704919932904,0.10173703519537852
71678720,50s_F,0.0,0.5403345754523137,0.5359374593625617,-0.004397116089752018
71767808,50s_F,0.0,0.26091069971202785,0.267204954604832,0.006294254892804163
71901440,40s_F,0.0,0.8938027880266302,0.9049697945890717,0.011167006562441517
72131584,60+_F,0.0,0.9178561353600746,0.9068123438290308,-0.011043791531043845
72168704,40s_F,0.0,0.6640461484928615,0.6264445708190807,-0.037601577673780806
72202112,50s_F,0.0,0.07343428689458291,0.10314935820390249,0.02971507130931958
72454528,40s_F,,0.7267913672374604,0.7013695383141229,-0.025421828923337553
72796032,30s_F,0.0,0.9564235039944322,0.9117868149633237,-0.04463668903110851
72805312,40s_F,0.0,0.8949064852848462,0.9053267572158658,0.010420271931019576
73217344,40s_F,0.0,0.8150392807946776,0.857461955232683,0.0424226744380054
73222912,40s_F,0.0,0.5303102318410347,0.5733871471151415,0.04307691527410684
73260032,30s_F,0.0,0.4383327076539028,0.38900331716702796,-0.04932939048687485
73265600,40s_F,0.0,0.5099143617937034,0.4959750393029791,-0.013939322490724326
73545856,40s_F,0.0,0.8535729899301907,0.8871883536601917,0.03361536373000096
73551424,40s_F,,0.9086991618768532,0.927329727956398,0.01863056607954483
73553280,40s_F,0.0,0.4704412414263949,0.40525569324107863,-0.06518554818531624
73885504,40s_F,,0.08596234871841398,0.14166581836456316,0.05570346964614918
74137920,40s_F,0.0,0.07645543880359776,0.11519573727403973,0.03874029847044197
74147200,40s_F,,0.2663376462759244,0.25227389388565163,-0.014063752390272743
74169472,60+_F,0.0,0.5379724909436736,0.4998420701578559,-0.03813042078581769
74175040,60+_F,0.0,0.48884183671763665,0.428399570984837,-0.06044226573279965
74188032,40s_F,0.0,0.13038241398832096,0.1355717820259388,0.005189368037617853
74201024,40s_F,1.0,0.18057500788591302,0.19186736000881738,0.011292352122904359
74425600,40s_F,0.0,0.09705850620411403,0.1511643412481709,0.054105835044056874
74470144,40s_F,0.0,0.0730121117607332,0.0846077863645476,0.011595674603814402
74562944,50s_F,0.0,0.49360309940763075,0.4201245895752217,-0.07347850983240906
74566656,40s_F,0.0,0.16361751942113642,0.2602599219431117,0.09664240252197528
74824640,40s_F,0.0,0.12579431633009178,0.1956940217692122,0.06989970543912041
75381440,60+_F,0.0,0.35529420523968497,0.3046792297945908,-0.05061497544509419
75403712,50s_F,0.0,0.5915411173548171,0.5794957108941498,-0.012045406460667318
75438976,50s_F,0.0,0.6264226823391064,0.7709561660688878,0.14453348372978148
75596736,50s_F,0.0,0.18935011211679792,0.2558798116501006,0.06652969953330268
75730368,60+_F,,0.8407711557549536,0.897861248976322,0.057090093221368376
76160960,30s_F,0.0,0.17023439813085964,0.20011984838242963,0.029885450251569995
76498752,60+_F,0.0,0.8811382564390884,0.906461991822672,0.025323735383583568
76541440,50s_F,0.0,0.8222036171090441,0.8355398637179701,0.013336246608925961
76545152,60+_F,0.0,0.7979623431633592,0.8606815466187474,0.06271920345538817
76554432,40s_F,0.0,0.5349151248357927,0.5286653341991768,-0.006249790636615904
77062976,40s_F,0.0,0.3148154961990255,0.33092256263539144,0.016107066436365947
77760832,60+_F,0.0,0.8551017430051451,0.8909062161666416,0.035804473161496486
77881472,40s_F,0.0,0.8540499469609213,0.8906253999566903,0.03657545299576903
77901888,40s_F,0.0,0.5904329302095759,0.7378844018815264,0.1474514716719505
78319488,40s_F,,0.11587092311924571,0.14245980476789924,0.02658888164865353
78516224,40s_M,0.0,0.2580634265657399,0.22922549445658874,-0.028837932109151143
78785344,50s_F,0.0,0.06511263507433651,0.09899008160703537,0.03387744653269886
78872576,60+_F,0.0,0.8396606702484455,0.8642331385721045,0.024572468323659002
78956096,30s_F,0.0,0.6658630908273167,0.5975685483692995,-0.06829454245801714
79401536,40s_F,0.0,0.17142427832237905,0.23903673511979018,0.06761245679741112
79436800,40s_F,0.0,0.8789972544955542,0.8837986506154573,0.004801396119903045
79451648,40s_F,1.0,0.846383308201635,0.8621870548492531,0.015803746647618078
79473920,50s_F,0.0,0.7069349164490397,0.7989141896705195,0.09197927322147981
79561152,30s_F,0.0,0.17640437234790635,0.19228252121605927,0.01587814886815292
79761600,50s_M,0.0,0.0666703903353418,0.08047845288755971,0.013808062552217906
80080832,50s_F,0.0,0.594377398068006,0.7549354045943057,0.1605580065262997
80136512,60+_F,0.0,0.10978517075425936,0.10409021218518084,-0.00569495856907852
80810240,50s_F,0.0,0.26809936615590824,0.2821678186546982,0.014068452498789963
81101632,60+_M,0.0,0.0689091397435942,0.09301925844036874,0.02411011869677454
81376320,50s_F,,0.8421520552690948,0.8716701953385322,0.029518140069437426
81704832,40s_F,0.0,0.6562935653343415,0.637011252652953,-0.01928231268138847
82202240,50s_F,0.0,0.6784068220284715,0.6534940101827863,-0.024912811845685168
82426816,30s_F,0.0,0.5860480618396173,0.695589483051879,0.10954142121226162
82428672,60+_F,0.0,0.24335204050391007,0.26135622409673714,0.018004183592827072
82430528,40s_F,0.0,0.13299311957250637,0.21939627876420778,0.08640315919170141
82707072,50s_F,0.0,0.24219346709941628,0.22825098585667788,-0.013942481242738392
82805440,40s_F,1.0,0.597564126060188,0.5756452897268305,-0.02191883633335756
83100544,40s_F,0.0,0.07265054352715734,0.09772178844757101,0.02507124492041367
83560832,40s_F,1.0,0.09932928499014285,0.0929735808583597,-0.006355704131783144
83562688,50s_F,0.0,0.16014969400712123,0.15746190603747748,-0.0026877879696437512
83573824,60+_F,0.0,0.06294541886465627,0.10419705397973317,0.0412516351150769
83642496,40s_F,0.0,0.10413739174455865,0.13851970873348352,0.03438231698892487
83670336,50s_F,0.0,0.37634406646111634,0.37105968218709817,-0.005284384274018172
83865216,50s_F,,0.11269161339029374,0.16332537700553457,0.05063376361524083
83904192,40s_F,0.0,0.13647515685700146,0.20245370537712723,0.06597854852012577
84128768,50s_F,1.0,0.8773570897564242,0.8956835164645155,0.01832642670809126
84332928,40s_F,0.0,0.06459220266526308,0.10612999179347865,0.04153778912821557
84360768,50s_F,0.0,0.1421225120194876,0.16620674130163074,0.024084229282143127
84702272,40s_F,1.0,0.2652457165703305,0.27642391447687326,0.01117819790654273
85093888,60+_F,,0.1613801312915307,0.18420989461497472,0.022829763323444024
85095744,60+_F,,0.10271138754827083,0.08844735186953182,-0.014264035678739018
85127296,40s_F,0.0,0.8655054604489741,0.867202486522142,0.0016970260731679065
85413120,60+_F,0.0,0.6416606694778068,0.7425817963540331,0.10092112687622634
85582016,50s_F,0.0,0.851144835309575,0.8684970504108592,0.017352215101284263
85849280,50s_F,0.0,0.5217841697419737,0.4455315245403647,-0.07625264520160902
86803264,40s_M,1.0,0.09712785086720077,0.14644645017836802,0.04931859931116725
86929472,50s_F,0.0,0.09873612060857172,0.10023410873147245,0.001497988122900737
86935040,40s_F,0.0,0.8660964987333147,0.8539974278128244,-0.01209907092049034
86938752,60+_F,1.0,0.5769087678583836,0.5879768379945616,0.011068070136177943
86940608,40s_F,0.0,0.599463775969409,0.7422825990775795,0.1428188231081705
86953600,60+_F,1.0,0.08385177121500419,0.09033439644803253,0.0064826252330283385
86968448,40s_F,,0.8624060896518916,0.868262946431798,0.005856856779906439
86981440,50s_M,,0.12204849951276059,0.1449855849641846,0.022937085451424005
86983296,40s_F,0.0,0.9485689863813296,0.9051626284187481,-0.04340635796258152
86985152,50s_F,0.0,0.5429881337549936,0.577624186341656,0.03463605258666247
86990720,40s_F,,0.8431546447142513,0.8379051307415964,-0.005249513972654829
87025984,30s_F,0.0,0.07751196663488222,0.11879719762619062,0.0412852309913084
87476992,50s_F,0.0,0.20325043742921264,0.2067568369147375,0.0035063994855248637
87536384,40s_F,0.0,0.0674581040297611,0.08320116559949615,0.015743061569735053
87586496,40s_F,0.0,0.536186919672348,0.5472495447586642,0.011062625086316169
87592064,60+_F,0.0,0.9040384029983843,0.9033709583702154,-0.0006674446281689228
87619904,60+_F,0.0,0.19529551826074737,0.20242021897164822,0.00712470071090085
88191552,30s_F,0.0,0.84294164507378,0.8372906224009753,-0.005651022672804706
88759488,50s_F,0.0,0.8212992961394525,0.8607226665312049,0.039423370391752366
88772480,40s_F,1.0,0.35960757234908763,0.42913382957207324,0.06952625722298561
88831872,60+_F,0.0,0.7337983618183663,0.7248943541641901,-0.008904007654176205
89023040,40s_F,0.0,0.7999332860723277,0.856979461817873,0.05704617574554527
89420224,40s_F,0.0,0.0687374337959349,0.08415700305940266,0.015419569263467756
89518592,30s_F,0.0,0.8206451323477382,0.8767408490648377,0.056095716717099564
89529728,40s_F,0.0,0.6075892257794304,0.5796791734305262,-0.027910052348904202
89537152,30s_F,0.0,0.8871691998889966,0.9061281263414773,0.018958926452480762
89579840,40s_F,0.0,0.3524828828677639,0.38326022197697296,0.030777339109209045
89886080,30s_F,0.0,0.11248604274799778,0.14459612794468124,0.03211008519668346
89913920,50s_F,1.0,0.8451313926971821,0.9020452648980745,0.05691387220089239
90233152,40s_F,0.0,0.3937260767809648,0.2870846595954822,-0.10664141718548259
90288832,40s_F,,0.07321537133523486,0.1018104515120749,0.02859508017684005
90492992,30s_F,,0.1031140888135502,0.10902191168755423,0.005907822874004029
90903168,30s_F,0.0,0.1237349118304059,0.14291092141632594,0.019176009585920042
90910592,40s_F,0.0,0.4761086251385949,0.4812750100970866,0.005166384958491699
90916160,40s_F,0.0,0.7860590555633045,0.8317813570955545,0.04572230153224999
91287360,60+_F,,0.1864495447200225,0.22402911013710722,0.03757956541708471
91409856,40s_F,0.0,0.42232620849954583,0.38692964617082604,-0.035396562328719794
91420992,40s_F,0.0,0.07098100664010511,0.1017071448032564,0.030726138163151298
91422848,40s_F,0.0,0.0928802360337459,0.1315494553374337,0.0386692193036878
91430272,50s_F,,0.08582015917722544,0.12805490621134383,0.04223474703411839
91992640,40s_F,0.0,0.3680720776296599,0.4401773688441729,0.07210529121451303
92014912,60+_F,0.0,0.7986672611967571,0.8095209023401735,0.01085364114341636
92018624,30s_F,1.0,0.22416477530463902,0.2340762547337162,0.009911479429077191
92350848,40s_F,0.0,0.4266880312795115,0.42069101051976604,-0.005997020759745453
92369408,40s_F,,0.7815170560001781,0.8500850520098996,0.06856799600972152
92371264,50s_F,0.0,0.8307074455376556,0.8670322512052343,0.036324805667578675
92430656,60+_F,0.0,0.8643645977061931,0.8449605928598427,-0.01940400484635041
92514176,50s_F,0.0,0.7705780852331395,0.8568947714359696,0.08631668620283006
92731328,50s_F,0.0,0.4963250078838678,0.4261695885154249,-0.07015541936844288
92835264,60+_F,,0.09026335977867161,0.12253360920261441,0.0322702494239428
93013440,40s_F,0.0,0.21217614969746676,0.19969774656602504,-0.012478403131441718
93044992,60+_F,1.0,0.8136241170165025,0.8340068572048519,0.020382740188349402
93098816,40s_F,0.0,0.5581817442545929,0.5504379467871092,-0.00774379746748366
93284416,50s_F,0.0,0.11589085404115648,0.12822178185984348,0.012330927818686999
93390208,40s_F,0.0,0.08633625792518801,0.08611508909469062,-0.0002211688304973869
93731712,60+_M,,0.927672460277676,0.9248616460209012,-0.002810814256774874
93971136,40s_F,0.0,0.8340432540138261,0.8412185498458142,0.007175295831988171
94050944,60+_F,1.0,0.09383129873154297,0.08669285945830209,-0.007138439273240885
94060224,50s_F,0.0,0.5696006433366168,0.5860257910112753,0.016425147674658525
94214272,60+_F,0.0,0.08390617462344796,0.09628296624884798,0.012376791625400022
94266240,40s_F,0.0,0.9076986444385785,0.9172109611818148,0.009512316743236271
94271808,40s_F,0.0,0.45343295041959736,0.5555273129602012,0.10209436254060383
94754368,50s_F,0.0,0.45396354546912304,0.4071450775946174,-0.046818467874505665
94971520,40s_F,0.0,0.08632746505988806,0.11614785148381919,0.02982038642393113
94997504,40s_F,1.0,0.16264071850697415,0.193385432801193,0.03074471429421885
95001216,50s_F,,0.4033536782043135,0.39227080574368783,-0.01108287246062567
95114432,60+_M,0.0,0.07795676521252977,0.10063600944253662,0.022679244230006848
95118144,40s_M,1.0,0.08962425157059752,0.1285163770440526,0.038892125473455094
95947776,50s_F,,0.08391379696957638,0.13144544827657703,0.047531651307000655
96155648,40s_F,,0.2513511358245867,0.2933548907528473,0.04200375492826064
96200192,40s_F,0.0,0.12343954260563014,0.17600807693455497,0.05256853432892483
96207616,40s_F,,0.1068854002176896,0.1434098101893034,0.03652440997161381
96315264,60+_F,,0.513593185615954,0.5529095971909043,0.03931641157495025
96679040,40s_F,0.0,0.25287032910201085,0.3064575421998722,0.05358721309786135
96719872,40s_F,0.0,0.11942985608184895,0.14826769173524088,0.02883783565339193
96847936,30s_F,0.0,0.12320174751363408,0.1406142816950714,0.017412534181437317
97096640,50s_F,0.0,0.7933994140383644,0.821497059601255,0.028097645562890516
97120768,40s_F,0.0,0.20337907003993,0.18887678640859332,-0.014502283631336682
97128192,40s_F,1.0,0.2939563110189937,0.302220206156831,0.008263895137837263
97130048,40s_F,0.0,0.8047605730833041,0.8111086729191875,0.0063480998358834695
97135616,50s_F,,0.8925719692924899,0.8775520440625948,-0.015019925229895148
97141184,40s_F,0.0,0.5541693016336791,0.5778493660728983,0.023680064439219217
97219136,40s_F,0.0,0.37505231625519003,0.3841767159464181,0.00912439969122808
97532800,50s_F,0.0,0.43182250201935424,0.33783970483294956,-0.09398279718640468
97553216,50s_F,0.0,0.3548051462319479,0.33927277049253346,-0.015532375739414461
98169408,60+_F,1.0,0.23305051392160842,0.2297742230786293,-0.003276290842979118
98204672,60+_F,0.0,0.5815935211479487,0.5440172233123817,-0.03757629783556704
98223232,40s_F,0.0,0.383581520364771,0.37945849628341927,-0.004123024081351734
98258496,40s_F,0.0,0.38038995508089163,0.3678818940339061,-0.012508061046985541
98262208,40s_F,0.0,0.7472483425750157,0.7307811520110498,-0.01646719056396595
99062144,40s_F,0.0,0.07149133903890025,0.09640809360720855,0.024916754568308302
99257024,50s_F,0.0,0.3537019039962985,0.297699220285099,-0.056002683711199486
99268160,60+_F,0.0,0.08057969873395164,0.0900895676038863,0.009509868869934657
99661632,30s_F,1.0,0.6811514319310007,0.6119935658646722,-0.06915786606632846
99763712,40s_F,1.0,0.9126956245325468,0.9265589292031449,0.013863304670598042
99912192,50s_F,1.0,0.6179896433716213,0.7347802871337648,0.11679064376214343
99995712,50s_F,0.0,0.8684379481352724,0.9053654757352559,0.03692752759998352
100134912,40s_F,0.0,0.253437723203929,0.27518404031441895,0.021746317110489966
100224000,50s_F,0.0,0.8925833497675807,0.8933742017159095,0.0007908519483288412
100225856,40s_F,0.0,0.07280090167133395,0.09225684827719004,0.01945594660585609
100548800,40s_F,0.0,0.2682726630225398,0.3280819720423061,0.05980930901976628
100856896,50s_F,0.0,0.11429324776382165,0.15080649487626938,0.03651324711244773
100932992,40s_F,0.0,0.7922944524426079,0.7066958698335783,-0.08559858260902953
100955264,60+_F,0.0,0.20619419292930022,0.22301115771937252,0.016816964790072303
101035072,30s_F,0.0,0.34720578568511223,0.2952716987334561,-0.05193408695165613
101300480,40s_F,0.0,0.7132355816727884,0.6708513770412055,-0.04238420463158299
101319040,50s_F,0.0,0.8429205418027726,0.8635968435059052,0.020676301703132505
101554752,30s_F,0.0,0.2106738996103324,0.2284517976004617,0.0177778979901293
101760768,50s_F,,0.8333946361524944,0.8741867858281043,0.040792149675609846
101946368,30s_F,0.0,0.06974256185683875,0.11092174519062264,0.0411791833337839
102178368,30s_F,0.0,0.23346240296731313,0.20178705486471585,-0.031675348102597284
102328704,30s_M,0.0,0.24914026193588892,0.34207635834483363,0.09293609640894471
102560704,40s_F,,0.834157291872702,0.7911159171410246,-0.04304137473167746
102911488,50s_F,,0.07491031079045651,0.09669974714197183,0.021789436351515312
103013568,40s_F,1.0,0.18962089034907925,0.23986671001644272,0.05024581966736347
103700288,50s_F,0.0,0.8265849424527677,0.8661919638289683,0.039607021376200646
103705856,40s_F,0.0,0.09712592693130839,0.10481409276782838,0.007688165836519989
104303488,30s_F,1.0,0.10471700137903779,0.11492632101670998,0.010209319637672187
104353600,60+_M,1.0,0.8763080554897745,0.9161101623609623,0.03980210687118779
104355456,40s_F,0.0,0.2265762995904156,0.23046346193381534,0.0038871623433997526
104663552,50s_F,0.0,0.8622288179358926,0.8895449570194087,0.027316139083516155
104678400,40s_F,0.0,0.7307253188960071,0.7607945432004306,0.030069224304423492
104683968,60+_F,0.0,0.9425989386136393,0.9045785687246276,-0.038020369889011696
104735936,60+_F,1.0,0.72965544092438,0.7940429625269929,0.06438752160261296
104754496,40s_F,0.0,0.834902047756195,0.8929162962400232,0.05801424848382819
104800896,50s_F,1.0,0.8362076795705171,0.855589772196574,0.019382092626056835
104871424,50s_F,0.0,0.0700173193755629,0.10466575345103823,0.03464843407547534
105060736,40s_F,0.0,0.08469379935539477,0.14364531092673166,0.05895151157133689
105071872,60+_F,0.0,0.8993730843206591,0.9077264768448521,0.008353392524192982
105634240,50s_F,,0.5522821622268236,0.6362710890760342,0.08398892684921067
105756736,60+_F,0.0,0.4730374349433862,0.47593659203667754,0.00289915709329136
105758592,50s_F,0.0,0.06970523469202577,0.10654210748556701,0.03683687279354124
105895936,40s_M,0.0,0.15596458371508706,0.21725983062845466,0.0612952469133676
106174336,60+_M,1.0,0.8779817886057698,0.8830112247819959,0.0050294361762260875
106220736,40s_F,1.0,0.2447501739668056,0.23732846360714835,-0.0074217103596572465
106256000,40s_F,0.0,0.46824731423404403,0.6003112269420385,0.1320639127079945
106437888,40s_F,0.0,0.06779749094996776,0.09468233232238597,0.026884841372418214
106757120,40s_F,0.0,0.08936569902098869,0.1453508064717957,0.05598510745080702
106760832,50s_F,0.0,0.0954896532294705,0.11237500978814483,0.01688535655867432
106829504,40s_F,1.0,0.37589847689458866,0.34042367823485087,-0.035474798659737794
106972416,50s_F,0.0,0.8377287311828566,0.8548933480944838,0.017164616911627184
107640576,60+_F,0.0,0.10531549298181325,0.16019162750896712,0.05487613452715387
107642432,40s_F,1.0,0.8618249772848614,0.8699384042613539,0.008113426976492533
107657280,40s_F,0.0,0.37834691939153836,0.39221810611368424,0.013871186722145878
107666560,40s_F,0.0,0.8854058876961295,0.8711168726245255,-0.014289015071603961
108013632,60+_F,1.0,0.10030464243091744,0.1475779994935111,0.04727335706259367
108143552,40s_F,0.0,0.9435034703238547,0.8834052880722288,-0.06009818225162589
108184384,60+_F,0.0,0.22764387258754987,0.19689159187649125,-0.03075228071105862
108212224,60+_F,0.0,0.5200705708080242,0.4482566652777296,-0.0718139055302946
108280896,50s_F,0.0,0.17151141994879138,0.20595954531100688,0.034448125362215504
108405248,40s_F,1.0,0.46642669242162227,0.4327345352159284,-0.03369215720569385
108420096,40s_F,0.0,0.21208371897970962,0.18464427186065321,-0.02743944711905641
108843264,30s_F,0.0,0.5851307736126187,0.6291834726981278,0.04405269908550913
108934208,40s_F,0.0,0.858962588465124,0.8790164912976463,0.020053902832522286
108956480,50s_F,0.0,0.10430571019311431,0.11875310045253716,0.014447390259422849
109065984,50s_F,,0.09801669454788792,0.1396650700500557,0.041648375502167795
109309120,40s_F,0.0,0.9095543387523004,0.9219754797693791,0.012421141017078696
109325824,50s_F,0.0,0.6083705803137701,0.6489512306552869,0.04058065034151681
109472448,60+_F,0.0,0.431494035749377,0.3875221745751196,-0.04397186117425739
109804672,30s_F,0.0,0.07374474650805889,0.11061941466178066,0.03687466815372177
110010688,40s_F,,0.9028951424976764,0.9300893171308838,0.02719417463320739
110237120,40s_F,0.0,0.8360756142143968,0.8440870845308711,0.008011470316474312
110320640,50s_F,0.0,0.09393315936058681,0.13383651059524002,0.0399033512346532
110934976,40s_F,,0.7832864729017053,0.7898250404709422,0.006538567569236875
111098304,40s_F,0.0,0.7910967740493022,0.7622719901675762,-0.028824783881726046
111102016,50s_F,,0.20716636161644128,0.22044356628058245,0.013277204664141173
111311744,40s_F,0.0,0.06850844862351285,0.10072441387297973,0.03221596524946688
111350720,50s_F,0.0,0.10011597094325567,0.12327427407616043,0.02315830313290476
111391552,40s_F,,0.8995645497535477,0.9128277540244549,0.013263204270907214
111649536,50s_F,0.0,0.09162639355366796,0.1162232144805604,0.024596820926892443
111731200,40s_F,0.0,0.34808725360293713,0.36728221322514637,0.01919495962220924
111824000,40s_F,,0.10404990821320975,0.08310847311398101,-0.020941435099228745
111920512,50s_F,0.0,0.13094713389380958,0.13041990820496033,-0.0005272256888492477
112479168,50s_F,0.0,0.8564604831989051,0.9046766073899206,0.04821612419101551
112570112,40s_F,0.0,0.5474457928700611,0.5182529943387578,-0.0291927985313033
112648064,50s_F,0.0,0.7169906832371105,0.7611217937662861,0.04413111052917562
112698176,60+_F,0.0,0.8821111510370296,0.8783822276996637,-0.0037289233373659636
112766848,50s_F,0.0,0.11015795917303389,0.14539561322356803,0.03523765405053414
112800256,50s_F,,0.19884552178495485,0.1948447519627621,-0.004000769822192746
114053056,30s_F,,0.07786114305731816,0.08082304938124514,0.0029619063239269827
114225664,30s_M,,0.09542570986331184,0.14323153753651408,0.04780582767320224
114298048,40s_F,,0.8708772281288035,0.8971859639353157,0.026308735806512162
114303616,50s_F,0.0,0.9213655960329268,0.9287979881077655,0.007432392074838701
114311040,40s_F,0.0,0.0875238454210108,0.0896287298171282,0.002104884396117404
114429824,40s_F,0.0,0.08952829657310564,0.13551350242630752,0.045985205853201885
114476224,40s_F,,0.10064218550840404,0.0963693240528571,-0.004272861455546936
114658112,40s_F,0.0,0.8877150842955902,0.8603641709857128,-0.027350913309877378
114878976,60+_F,0.0,0.7542278250264622,0.7712683390682672,0.017040514041804955
115001472,60+_F,0.0,0.8293980826836089,0.8170798836702337,-0.012318199013375275
115008896,30s_F,0.0,0.9080213156761063,0.9083030861292505,0.00028177045314414784
115031168,60+_F,0.0,0.6153096500178161,0.7079026998663212,0.09259304984850503
115437632,40s_F,,0.1571020645504214,0.1870722660078602,0.02997020145743881
115561984,30s_F,,0.4648567732065699,0.5899725067019519,0.12511573349538202
115630656,50s_F,0.0,0.8469511261023928,0.8405299327516045,-0.006421193350788279
115886784,50s_F,0.0,0.5324756009212405,0.5510241991772081,0.018548598255967663
115920192,40s_F,0.0,0.34254130267119337,0.3600264519458697,0.017485149274676315
116029696,40s_F,,0.8699475175075514,0.8250483791859888,-0.04489913832156256
116120640,40s_F,0.0,0.8854240785719121,0.9070917565456554,0.02166767797374336
116261696,40s_F,,0.8633943395173105,0.8796311338565175,0.016236794339206995
116389760,40s_F,1.0,0.9002580517901012,0.9060629526483329,0.00580490085823171
116434304,50s_F,0.0,0.10727463063992905,0.10667550705899108,-0.0005991235809379714
116573504,40s_F,1.0,0.8946525881720647,0.8690117153571646,-0.02564087281490013
116588352,60+_F,0.0,0.35249735132846455,0.3041654557775214,-0.04833189555094314
116950272,60+_F,1.0,0.4069104192042217,0.2982093138210972,-0.1087011053831245
116974400,60+_F,0.0,0.8128413654383935,0.8418605227626766,0.029019157324283174
117004096,50s_F,0.0,0.8352302103626285,0.8972973629261557,0.06206715256352724
117069056,50s_F,0.0,0.08201059523427202,0.09956544439047606,0.017554849156204033
117098752,60+_M,,0.6028701861906051,0.7437722374773297,0.14090205128672462
117109888,60+_F,1.0,0.47494548658507946,0.4269749180834087,-0.04797056850167075
117226816,50s_F,0.0,0.8837946927255922,0.9172019751566964,0.033407282431104246
117239808,60+_F,,0.872050884472943,0.873883251643016,0.0018323671700729571
117562752,60+_F,0.0,0.15469930888441355,0.14180852614313286,-0.012890782741280693
117564608,60+_F,1.0,0.07640395605203017,0.09585288343760259,0.019448927385572426
117679680,50s_F,1.0,0.8707078934800374,0.8569494027972618,-0.01375849068277557
118034176,60+_F,0.0,0.37616685844036624,0.320001622499842,-0.05616523594052425
118245760,60+_F,,0.19914361716210466,0.19020520154540171,-0.008938415616702944
118540864,40s_F,,0.2784817799711532,0.3082283331387995,0.029746553167646295
118659648,50s_F,0.0,0.0757909899590463,0.08563342043536823,0.009842430476321926
118717184,60+_F,0.0,0.1274606508630852,0.12763494668672948,0.00017429582364428264
118761728,50s_F,0.0,0.5319166494472917,0.5445327215179442,0.012616072070652518
118789568,50s_F,,0.14544665596267486,0.19836803069156,0.05292137472888514
118828544,60+_F,0.0,0.10429850991978798,0.09105687592884565,-0.01324163399094233
119027136,40s_F,0.0,0.39830940456075836,0.31981888069189124,-0.07849052386886712
119312960,40s_F,0.0,0.07783541004331063,0.12240985274205989,0.04457444269874926
119550528,40s_F,1.0,0.8706801369855907,0.9000688749496689,0.02938873796407826
119866048,60+_F,,0.3743668650542416,0.3814657880418369,0.007098922987595291
119936576,60+_F,0.0,0.3930912385004853,0.40486294679318,0.01177170829269475
120020096,30s_F,1.0,0.1767701242928304,0.15841081915493507,-0.018359305137895326
120159296,50s_F,0.0,0.6923383307595821,0.7444586737483492,0.05212034298876711
120294784,60+_F,0.0,0.2444032458308243,0.23969670597519901,-0.004706539855625275
120428416,30s_F,0.0,0.06964880363896336,0.10864450223219166,0.038995698593228295
120615872,40s_F,0.0,0.5722800425161938,0.5584960840227225,-0.013783958493471249
120617728,30s_F,,0.14600390095982022,0.2141145885276658,0.06811068756784558
120849728,60+_F,0.0,0.8998617676760193,0.8922543013727469,-0.00760746630327247
120859008,50s_F,0.0,0.16419377114608522,0.16268373105130202,-0.0015100400947831993
120875712,30s_F,0.0,0.18214680303811012,0.21295467901127452,0.030807875973164395
120979648,30s_F,,0.13578605629922788,0.14966345584880184,0.013877399549573954
121133696,50s_F,0.0,0.6032762469290904,0.655724985468357,0.05244873853926657
121423232,30s_F,,0.5794239218490399,0.6354468730915568,0.05602295124251688
121480768,60+_F,0.0,0.6645826582979228,0.704531961696017,0.039949303398094105
121482624,40s_F,0.0,0.8937553837426253,0.9119370177207082,0.018181633978082923
121549440,60+_F,0.0,0.559075837428207,0.6030768352225231,0.0440009977943161
122408768,60+_F,,0.2454407856636069,0.23356956754405267,-0.011871218119554217
122457024,50s_F,0.0,0.7234128012440162,0.6313544872027242,-0.09205831404129194
122564672,50s_F,0.0,0.08248936978005579,0.09546615938752734,0.012976789607471548
123069504,60+_F,0.0,0.7142665792076679,0.7763635973379518,0.0620970181302839
123643008,40s_F,1.0,0.16151547662332955,0.2122648449392142,0.05074936831588464
123958528,40s_F,0.0,0.18515086803444858,0.2225695184763065,0.03741865044185791
123965952,60+_F,0.0,0.8158275452070148,0.6959827005437512,-0.11984484466326362
124236928,40s_F,0.0,0.11271540256989343,0.1504135259722092,0.037698123402315764
124387264,50s_F,,0.38444105792442707,0.33828805828443964,-0.046152999639987424
124390976,30s_F,0.0,0.5391846499453348,0.5090441815308167,-0.030140468414518118
124431808,50s_F,,0.8932532830366644,0.9232418207591777,0.02998853772251331
124515328,40s_F,0.0,0.4874253273953916,0.4639306104323312,-0.023494716963060436
124522752,50s_F,,0.2355798640381143,0.23843999191693246,0.002860127878818175
124615552,60+_F,0.0,0.6084350186860504,0.5946692512626722,-0.013765767423378206
124632256,40s_F,0.0,0.9028646495870335,0.910324792782744,0.0074601431957105335
124908800,40s_F,0.0,0.8658270280984369,0.8836434165384436,0.01781638844000666
124996032,60+_F,1.0,0.679671852816439,0.6179437589469776,-0.06172809386946143
125025728,40s_F,,0.8434733560126975,0.8493664323982136,0.005893076385516172
125159360,40s_F,0.0,0.6677090295646565,0.6435526794925756,-0.024156350072080945
125263296,40s_F,,0.15468605706741478,0.18223327522330496,0.027547218155890174
125281856,40s_F,0.0,0.08602482982252989,0.09075539012156762,0.004730560299037734
125287424,40s_F,0.0,0.9456138637565489,0.9070320372071566,-0.03858182654939224
125354240,60+_F,0.0,0.07658070800942862,0.09065257705584565,0.014071869046417024
125363520,60+_F,0.0,0.4467563494173761,0.4169190605132092,-0.02983728890416687
125617792,30s_F,0.0,0.07333836131313683,0.07997469157691466,0.006636330263777829
125708736,40s_F,0.0,0.14034517183542383,0.21548065175511508,0.07513547991969124
125718016,30s_F,,0.0918886043849123,0.09795480707600404,0.006066202691091746
125732864,30s_F,,0.8183279932614189,0.8552351141238548,0.03690712086243586
125788544,50s_F,0.0,0.06559738293461616,0.09720000832325341,0.03160262538863726
126000128,50s_F,,0.38087206124050205,0.37256144244940986,-0.008310618791092184
126252544,60+_F,,0.3661414306856176,0.3674294227883373,0.0012879921027196817
126311936,50s_F,,0.09290674645762557,0.1396216801095381,0.046714933651912524
126458560,40s_F,1.0,0.06844641639898341,0.10122715652818165,0.03278074012919824
126573632,30s_F,0.0,0.2185386202318804,0.25736193089340764,0.03882331066152725
126659008,60+_F,0.0,0.06923317247262045,0.091852688425911,0.02261951595329055
127043200,30s_F,,0.5767337033684378,0.6775803396535086,0.10084663628507085
127080320,50s_F,0.0,0.15235945585408975,0.18339590190935495,0.031036446055265204
127091456,40s_F,,0.8737266731794864,0.8825689125214438,0.00884223934195738
127104448,50s_F,0.0,0.2221282484482757,0.20410639491702295,-0.01802185353125274
127141568,50s_F,0.0,0.8475737411587437,0.9191172147031901,0.07154347354444635
127200960,30s_F,0.0,0.079010332200941,0.09814325287572156,0.019132920674780562
127277056,40s_F,0.0,0.8667518883006693,0.8836185451015544,0.01686665680088506
127280768,40s_F,0.0,0.4231735430591306,0.42664830464419945,0.003474761585068875
127282624,40s_F,0.0,0.4786654904178506,0.3293045347016015,-0.14936095571624913
127438528,40s_F,0.0,0.7495972666946255,0.7764150563200191,0.026817789625393607
127529472,50s_F,0.0,0.0627551222446948,0.09591217604455723,0.03315705379986243
127544320,40s_F,,0.6869240078856257,0.5487275854000783,-0.13819642248554742
127559168,40s_F,,0.7466942106170695,0.6713456446194709,-0.07534856599759865
127637120,40s_F,0.0,0.17491832508437205,0.2210339467420243,0.04611562165765226
127668672,40s_F,0.0,0.38390252095809013,0.4795353552833372,0.09563283432524705
127676096,30s_F,1.0,0.5492476118916512,0.521776521375617,-0.027471090516034136
127692800,50s_F,0.0,0.16788448957126786,0.21001115788707744,0.04212666831580958
127833856,50s_F,1.0,0.19447139739864844,0.21681974478009067,0.02234834738144223
128208768,50s_F,0.0,0.09749056068599937,0.12216047289511475,0.02466991220911538
128297856,60+_F,,0.49697947764159073,0.3611497925042805,-0.13582968513731025
128520576,30s_F,0.0,0.9053510957717817,0.9176157715666671,0.012264675794885327
128897344,60+_F,1.0,0.5570671509797682,0.482418204568384,-0.0746489464113842
129240704,30s_F,0.0,0.0977045387344306,0.09445490989081332,-0.0032496288436172777
129719552,50s_F,0.0,0.4501505437531877,0.3839952629109829,-0.06615528084220479
130168704,50s_F,0.0,0.43161815061353004,0.38043881731766893,-0.05117933329586111
130177984,40s_F,1.0,0.9008564525655582,0.9164929689884458,0.015636516422887548
130315328,40s_F,,0.0788996998899014,0.10880660482848077,0.029906904938579365
130452672,60+_F,0.0,0.7822935490382534,0.7540134353492774,-0.028280113688975983
130493504,60+_M,,0.8169973219467507,0.8585510704727622,0.04155374852601157
130523200,50s_F,0.0,0.08168395184441568,0.11166096537473594,0.029977013530320257
130614144,40s_F,0.0,0.8348945747373313,0.8796473721840343,0.04475279744670302
130634560,50s_F,0.0,0.1642932118743202,0.2196018771290988,0.055308665254778594
130684672,40s_F,0.0,0.07391433006784358,0.11092547054480997,0.037011140476966395
130712512,60+_F,0.0,0.8885408698160835,0.897954955591608,0.009414085775524494
130725504,40s_F,,0.1644782336532966,0.16949648629043687,0.005018252637140258
130805312,40s_F,0.0,0.14213853176473193,0.2148390972548818,0.07270056549014986
131245184,40s_F,0.0,0.0936352430993359,0.10910848847823576,0.015473245378899866
131250752,50s_F,0.0,0.42166100325655875,0.4909341032146247,0.06927309995806596
131280448,40s_F,0.0,0.25873167841272526,0.25710078545180204,-0.0016308929609232248
131544000,50s_F,0.0,0.05959376006003331,0.10708005626691831,0.047486296206885006
131616384,60+_F,0.0,0.40908077777537644,0.40418811414347533,-0.004892663631901106
131831680,40s_F,0.0,0.5919453777649251,0.6030063208542596,0.011060943089334585
132830208,30s_F,0.0,0.16050716603687412,0.16386874948073354,0.0033615834438594228
133095616,40s_F,,0.5923735324725022,0.6187825570880885,0.026409024615586252
133372160,30s_F,0.0,0.49548264921147145,0.47447033610197614,-0.021012313109495306
133583744,40s_F,0.0,0.18255225806300182,0.2356507450366746,0.05309848697367278
133593024,50s_M,0.0,0.13087777689110813,0.13482639707266011,0.003948620181551982
133834304,60+_F,,0.9004682967440507,0.9060274940979923,0.005559197353941614
133888128,30s_F,,0.5634967153088816,0.6340215302331491,0.07052481492426754
133917824,40s_F,,0.08835261452426625,0.0909096138522271,0.0025569993279608433
134602688,40s_F,1.0,0.22629332584742085,0.24966558456229337,0.02337225871487253
134871808,40s_F,0.0,0.07495299089435102,0.0971220386021756,0.022169047707824574
135113088,30s_F,0.0,0.7211617281791756,0.7348321179457861,0.013670389766610502
135181760,40s_F,0.0,0.09243291385507879,0.10427884094054972,0.011845927085470928
135220736,40s_F,0.0,0.20106847430266392,0.23362570254187176,0.03255722823920784
135281984,60+_F,,0.36769437233901087,0.311683699669865,-0.05601067266914589
135883328,60+_F,0.0,0.5422090855590344,0.48844570638214696,-0.053763379176887394
135900032,50s_F,0.0,0.060239065528663885,0.10836290640309018,0.048123840874426296
136644288,50s_F,0.0,0.6982370426679115,0.6315833884605112,-0.06665365420740033
136933824,60+_F,,0.7390656239563509,0.7803839460469003,0.04131832209054942
137061888,60+_F,,0.7337525932439523,0.6540559448601293,-0.07969664838382295
137112000,50s_F,,0.48619167764949656,0.4061742231496278,-0.08001745449986875
137449792,40s_F,0.0,0.12176292169143287,0.1434445665925993,0.021681644901166433
137557440,50s_F,0.0,0.12440644598738507,0.14721753193272455,0.022811085945339482
137650240,40s_F,0.0,0.13290661396351644,0.14139044204221685,0.008483828078700406
137795008,50s_F,0.0,0.8879920208325445,0.8994283657147649,0.01143634488222045
137815424,30s_F,0.0,0.8819426589019193,0.8398671199836856,-0.04207553891823368
138001024,50s_F,0.0,0.12332146623924438,0.1434000777602729,0.020078611521028508
138064128,50s_F,1.0,0.2909930216353615,0.23739913258050582,-0.05359388905485568
138314688,40s_F,,0.769244754797935,0.8301065110272134,0.060861756229278474
138316544,40s_F,0.0,0.09310221935247115,0.14922608793199896,0.05612386857952781
138351808,60+_F,1.0,0.9068420686697071,0.9307779151418538,0.02393584647214675
138474304,40s_F,1.0,0.7801219527265941,0.8200904331651455,0.03996848043855139
138585664,30s_F,0.0,0.08628405196971536,0.08420529332760221,-0.0020787586421131543
138689600,30s_F,0.0,0.907742973171238,0.8825368814784913,-0.02520609169274668
138708160,50s_F,0.0,0.7759444698139494,0.8317447421837554,0.055800272369806
138910464,60+_F,0.0,0.19429768813977077,0.1986714763363949,0.004373788196624123
139172160,30s_F,1.0,0.09213781025857458,0.12185866469808924,0.029720854439514666
139359616,30s_F,0.0,0.10365672142743315,0.12033591234001273,0.016679190912579578
139574912,30s_F,0.0,0.7472216955010869,0.7502481427830078,0.0030264472819209187
139754944,50s_F,0.0,0.1087418286695724,0.16223621812252598,0.05349438945295358
139775360,40s_F,0.0,0.24965481985349772,0.26644805494090973,0.016793235087412012
140189248,40s_F,0.0,0.06874399868628482,0.10045232260347559,0.031708323917190764
140220800,30s_F,0.0,0.27548167738043094,0.27236705540755624,-0.0031146219728747093
140233792,40s_F,0.0,0.8611242682313835,0.8965273796727969,0.03540311144141339
140326592,50s_F,0.0,0.8139891051768466,0.8918125229662721,0.07782341778942548
140445376,30s_F,,0.21414536143203045,0.2190886024000487,0.004943240968018264
140512192,50s_F,0.0,0.28389084306795664,0.3111510118554129,0.02726016878745624
141000320,40s_F,0.0,0.23012150251653968,0.23927683401892647,0.009155331502386788
141020736,40s_F,0.0,0.09674394827787128,0.11634058007958795,0.01959663180171667
141072704,50s_F,0.0,0.19639920760175333,0.20209552122015534,0.005696313618402005
141165504,50s_F,0.0,0.09705577601115266,0.1045249231460847,0.007469147134932047
141412352,40s_F,0.0,0.8230234539735136,0.862850729928189,0.03982727595467539
141508864,40s_F,,0.11354918898099861,0.17867735460600678,0.06512816562500817
141529280,40s_F,,0.1281566573280031,0.16502693689361272,0.03687027956560962
142160320,30s_F,0.0,0.19939029482382842,0.18510104605901312,-0.014289248764815299
142216000,50s_F,,0.17237127551714868,0.16436292586805043,-0.008008349649098245
142303232,30s_F,0.0,0.09110106583877536,0.11658377707904327,0.025482711240267908
142544512,40s_M,0.0,0.8952002733646947,0.9032753014106296,0.008075028045934962
142852608,50s_F,1.0,0.3009056390210196,0.330732923842379,0.029827284821359434
143077184,30s_F,1.0,0.16741524915512987,0.16496954803738248,-0.0024457011177473897
143131008,60+_F,0.0,0.12887180292895084,0.12455322536978329,-0.00431857755916755
143168128,30s_F,0.0,0.61132425990598,0.6614233204749782,0.050099060568998155
143231232,60+_F,0.0,0.8823582190037169,0.8820740016913372,-0.0002842173123797087
143296192,40s_F,1.0,0.2226163353690349,0.25208700718327814,0.029470671814243232
143429824,50s_F,1.0,0.5558788338493744,0.6175094890426622,0.06163065519328781
143613568,30s_F,0.0,0.06539372304662595,0.1027267148915545,0.03733299184492854
143802880,40s_F,0.0,0.17100728362115303,0.20132620652795846,0.030318922906805434
143810304,40s_F,0.0,0.4450760006341663,0.44975823625609956,0.004682235621933262
144454336,40s_F,0.0,0.14912978874378038,0.16922312408029028,0.020093335336509893
144519296,40s_F,,0.09926680723515964,0.14449204954852662,0.045225242313366984
145085376,40s_F,0.0,0.3681585578476057,0.38085662920927105,0.012698071361665342
145087232,60+_F,1.0,0.06744673164902808,0.0886739279019919,0.02122719625296382
145512256,50s_F,,0.8913660923754169,0.9126755457378506,0.021309453362433728
145916864,30s_F,0.0,0.15096673203947078,0.16902903357104082,0.01806230153157004
146297344,40s_F,0.0,0.5519414659525718,0.5935680620918677,0.04162659613929598
146850432,60+_F,,0.12303496540738833,0.1473083607033194,0.024273395295931074
146876416,40s_F,0.0,0.5190322421637802,0.5468721439341231,0.0278399017703429
147156672,60+_F,0.0,0.352867563535773,0.3464213196749043,-0.006446243860868672
147210496,40s_F,,0.4256161693961707,0.48547747050865525,0.059861301112484555
147242048,40s_F,0.0,0.0638710977710945,0.084040997805565,0.0201699000344705
147355264,40s_M,0.0,0.3445911420215171,0.3741141667055946,0.029523024684077526
147371968,50s_F,0.0,0.2458936424513464,0.278950461521912,0.033056819070565596
147407232,40s_F,,0.42803156872419706,0.3838000942991722,-0.04423147442502484
147516736,50s_F,0.0,0.9401302796233812,0.8955625730940505,-0.04456770652933073
147735744,40s_F,0.0,0.3210908872704629,0.29536874625555815,-0.025722141014904776
148177472,30s_F,0.0,0.39069415227989807,0.4406919371221711,0.04999778484227302
148424320,50s_F,0.0,0.8637444612875076,0.8943709571116577,0.030626495824150113
148535680,60+_F,0.0,0.6365688142744282,0.6612212920085159,0.02465247773408763
148602496,50s_F,,0.6568142130006523,0.7657141487333411,0.10889993573268875
149168576,50s_F,0.0,0.07015042283462515,0.08243995828579434,0.01228953545116919
149239104,50s_F,0.0,0.099394953691362,0.14803517322591528,0.048640219534553275
149270656,50s_F,0.0,0.7121427884007457,0.7595782373407922,0.047435448940046476
149359744,40s_F,0.0,0.32589894920780915,0.36076044118928,0.03486149198147087
149426560,60+_F,0.0,0.900934845971423,0.8952390056999436,-0.005695840271479402
150029760,50s_M,0.0,0.2049295792203456,0.18429092358229254,-0.02063865563805306
150037184,60+_F,0.0,0.20683424850403384,0.20986688459750646,0.0030326360934726238
150048320,40s_F,0.0,0.8893662994082144,0.8493602185760022,-0.04000608083221224
150081728,60+_F,0.0,0.7760169511989083,0.800521273334494,0.02450432213558562
150100288,60+_F,1.0,0.08147403491739846,0.09942135054855433,0.01794731563115587
150235776,30s_F,0.0,0.31546124801749814,0.27658211803990435,-0.038879129977593796
150302592,40s_F,,0.07155275765636247,0.0925513633917994,0.020998605735436923
150798144,40s_F,,0.6423767153709704,0.7677198407906383,0.12534312541966786
150881664,40s_F,0.0,0.753441426727205,0.7015118292233754,-0.05192959750382964
151032000,60+_F,0.0,0.8710562160362343,0.8848298891737703,0.013773673137535969
151046848,50s_F,0.0,0.1486433013512101,0.1969637663463631,0.048320464995152995
151429184,40s_F,0.0,0.8730020730591532,0.9013650931108204,0.02836302005166713
151546112,40s_F,0.0,0.5277324394467137,0.5398123550108598,0.012079915564146115
151568384,40s_F,0.0,0.5604842024468152,0.6445022924903298,0.08401809004351457
151663040,40s_F,0.0,0.31893892298995524,0.2944192825092674,-0.024519640480687832
151689024,50s_F,0.0,0.8105114495505191,0.8327496273978966,0.02223817784737747
151783680,40s_F,0.0,0.9409894719471744,0.9173163521703175,-0.023673119776856932
152154880,40s_F,1.0,0.8704832355160045,0.8964425875012713,0.025959351985266776
152184576,30s_F,0.0,0.6381930885932503,0.7510874461623338,0.1128943575690835
152282944,40s_F,,0.07856643606151466,0.11152132258835941,0.03295488652684475
152401728,40s_F,1.0,0.09188998323094996,0.11495913830418988,0.023069155073239922
152572480,40s_F,0.0,0.07274133833385889,0.10283332757418043,0.03009198924032154
152605888,30s_F,1.0,0.08434098062556121,0.11812255747806676,0.033781576852505546
152607744,40s_F,0.0,0.0645007575138471,0.09088155148056597,0.02638079396671887
152739520,30s_F,0.0,0.06907220831195565,0.07817096817223285,0.009098759860277195
152746944,40s_F,0.0,0.1804563714392479,0.21151419798615337,0.031057826546905476
153242496,30s_F,,0.29667370245114905,0.299174719911955,0.0025010174608059432
153489344,30s_F,0.0,0.2986414447117428,0.28612370595326964,-0.012517738758473174
153717632,40s_F,,0.48293287166491794,0.5545935283921897,0.07166065672727173
153723200,40s_F,0.0,0.8691823463853267,0.8971544954238528,0.027972149038526184
153726912,40s_F,,0.2972447559030137,0.28422799606467075,-0.01301675983834294
153745472,40s_F,0.0,0.8408677258863713,0.8501611262443076,0.009293400357936354
153747328,40s_F,0.0,0.8823644477004156,0.9006467849646665,0.018282337264250992
153877248,50s_F,,0.9139779190462789,0.9230016595315033,0.009023740485224363
153886528,40s_F,0.0,0.9555038686522433,0.9007591425913566,-0.05474472606088676
153888384,30s_F,0.0,0.4649507517484479,0.45797378514264997,-0.006976966605797941
153893952,30s_F,0.0,0.32584608938656734,0.30297979193151536,-0.022866297455051976
154096256,50s_F,0.0,0.7751679626177177,0.8121510378066933,0.03698307518897559
154215040,50s_F,,0.1921028621520167,0.1963054034126978,0.00420254126068112
154344960,50s_F,0.0,0.7848903169183994,0.7258378033598767,-0.0590525135585227
154396928,50s_F,0.0,0.6143665860155296,0.7177665765920915,0.1033999905765619
154543552,40s_F,0.0,0.1948947925104062,0.24823350935654553,0.053338716846139334
154589952,40s_F,0.0,0.08283665850583635,0.09855091115619377,0.01571425265035742
155122624,40s_F,0.0,0.22517950829719838,0.23485798451165926,0.009678476214460885
155174592,50s_F,0.0,0.2665925016710497,0.2851514281560819,0.018558926485032212
155417728,40s_F,0.0,0.15887186454101232,0.21529826073700037,0.05642639619598805
155488256,60+_F,0.0,0.07632743931528024,0.10154971070858992,0.02522227139330968
155642304,30s_F,0.0,0.2534278274989498,0.2733623927346447,0.019934565235694868
155646016,30s_F,0.0,0.3045061814464324,0.272070723145022,-0.03243545830141037
155651584,30s_F,0.0,0.5747268230121988,0.5042819694633752,-0.07044485354882357
155670144,30s_F,0.0,0.1367472809625237,0.1357697146352136,-0.0009775663273101087
155759232,40s_F,1.0,0.18331418875197447,0.23779948687864688,0.05448529812667241
155931840,40s_F,1.0,0.9044610707216002,0.9193426303810628,0.014881559659462584
156741056,40s_F,0.0,0.2571990139549348,0.3276069334083174,0.07040791945338265
156787456,40s_F,,0.8190587289936927,0.8208399160906152,0.001781187096922543
156813440,30s_F,0.0,0.2081127710857475,0.23895893626653822,0.030846165180790724
156889536,50s_F,,0.09665738946669349,0.14922013360742353,0.05256274414073005
157080704,40s_F,,0.3201964559803695,0.27881006214707144,-0.04138639383329806
157084416,40s_F,0.0,0.20327696142458287,0.21388841588790192,0.010611454463319042
157086272,40s_F,0.0,0.20143933893576726,0.21730833334523056,0.015868994409463294
157158656,40s_F,0.0,0.8561452630156126,0.8858946816256669,0.029749418610054312
157372096,40s_F,0.0,0.1915261187157526,0.21154566382710907,0.02001954511135648
157674624,50s_F,0.0,0.9041766064823485,0.9207477796474174,0.016571173165068842
157784128,30s_F,,0.7976415321135023,0.8672937683144789,0.0696522362009766
157845376,40s_F,0.0,0.2918058044201449,0.29840602577627956,0.006600221356134639
158350208,60+_F,0.0,0.8802474900125659,0.8938220342260839,0.013574544213518003
158352064,60+_F,0.0,0.7914106695974378,0.8330228286241048,0.04161215902666704
158487552,40s_F,0.0,0.21076293636064927,0.2224373663509459,0.011674429990296636
158647168,40s_F,,0.10375617469781416,0.1335419986648674,0.029785823967053246
158932992,30s_F,0.0,0.0879853636280095,0.12339222031256197,0.03540685668455247
159022080,50s_F,,0.4634730943932393,0.5066252626599184,0.04315216826667906
159127872,40s_F,0.0,0.15422491409644176,0.19870135352366508,0.04447643942722332
159131584,50s_F,0.0,0.12662574506417276,0.14663129125338006,0.0200055461892073
159216960,30s_F,0.0,0.5249772638753671,0.5260673454591058,0.001090081583738689
159358016,50s_F,1.0,0.0697024923370754,0.10537501850227744,0.03567252616520204
159634560,40s_F,0.0,0.16063590235407832,0.2098250150864464,0.04918911273236809
159918528,30s_F,1.0,0.20104493686233352,0.22044435113773048,0.01939941427539696
159950080,40s_F,0.0,0.14001696640831798,0.16774221213842297,0.027725245730104986
160183936,30s_F,0.0,0.07434679868500414,0.08879256907821306,0.01444577039320892
160384384,30s_F,,0.14922811651141119,0.169869598875209,0.020641482363797814
160471616,50s_F,1.0,0.6695246422445603,0.6420716011021294,-0.027453041142430967
160827968,40s_F,0.0,0.8887165407040933,0.8899634387658398,0.001246898061746493
160924480,30s_F,0.0,0.4537443698930684,0.4227983411762947,-0.030946028716773655
160937472,30s_F,0.0,0.10910406380027457,0.14168287861021642,0.03257881480994185
161475712,40s_F,0.0,0.09435652978560925,0.1625254590282569,0.06816892924264766
161538816,60+_M,0.0,0.06871341351820574,0.10293582215698828,0.03422240863878254
161540672,60+_F,1.0,0.8023947351866845,0.8584328156366197,0.05603808044993519
161609344,40s_F,,0.7747797960944033,0.7130824514401546,-0.0616973446542487
161689152,30s_F,0.0,0.2585310598540403,0.3449181455021451,0.08638708564810482
162147584,60+_F,0.0,0.11289682740790286,0.15713138912350502,0.044234561715602166
162325760,40s_F,,0.8898849282544228,0.9097346228446382,0.01984969459021546
162340608,30s_F,0.0,0.20085521741526818,0.21958842497577424,0.01873320756050606
162344320,50s_F,0.0,0.09255632014126976,0.10474849819327721,0.012192178052007452
162398144,50s_F,1.0,0.12633565841626215,0.1431564795136106,0.01682082109734845
162988352,30s_F,0.0,0.6124145965035414,0.574083525349292,-0.038331071154249385
163147968,40s_F,,0.19373173488651044,0.24805253610426592,0.05432080121775548
163153536,30s_F,1.0,0.39928139906793175,0.43734576185465834,0.03806436278672659
163435648,40s_M,0.0,0.5164056077015423,0.4111290797247928,-0.10527652797674952
163461632,60+_F,0.0,0.6008057136122121,0.6137331461736228,0.012927432561410712
163925632,30s_F,0.0,0.7069008943158619,0.7272715051925102,0.020370610876648265
163983168,40s_F,,0.08077506275462878,0.10519855039266282,0.024423487638034036
164094528,30s_M,0.0,0.8295480899503823,0.8483457218482485,0.018797631897866207
164510272,30s_F,,0.8845088988783965,0.8228789930825371,-0.06162990579585936
164608640,40s_F,,0.3683234488844,0.3701669584170873,0.0018435095326873041
164692160,60+_F,,0.2940454837018802,0.33120673208904067,0.03716124838716045
164846208,30s_F,,0.10152430800446136,0.11524874398919203,0.013724435984730679
164979840,50s_F,0.0,0.4105905939210615,0.3923272300697146,-0.018263363851346914
165260096,40s_F,,0.9499729119201602,0.9163553957500544,-0.03361751617010578
165261952,40s_F,0.0,0.49658658551673085,0.48368196971024413,-0.012904615806486719
165696256,40s_F,,0.21689928495807678,0.23253984986257323,0.015640564904496446
165818752,30s_F,0.0,0.15055884932489183,0.17764763387100846,0.02708878454611663
165904128,50s_F,,0.8409301460083219,0.8331357008498002,-0.00779444515852179
166015488,30s_F,0.0,0.33841000940225124,0.3236614335129747,-0.014748575889276527
166299456,40s_F,,0.8496997022306259,0.828395144843673,-0.021304557386952805
166316160,40s_F,1.0,0.07178221140214755,0.08809949701935936,0.01631728561721181
166414528,40s_F,0.0,0.5065817387117288,0.45689340700557746,-0.04968833170615139
166611264,40s_F,0.0,0.07373363061491839,0.12049615511281114,0.046762524497892755
166770880,30s_F,0.0,0.48868951222866563,0.6267299563217196,0.13804044409305394
166945344,40s_F,0.0,0.8851669643258397,0.8968266363838449,0.01165967205800511
167075264,50s_F,0.0,0.0766539817817395,0.0932264094737283,0.0165724276919888
167429760,40s_F,0.0,0.46557323792234684,0.4631812497314361,-0.0023919881909107432
167689600,40s_M,,0.884619946521753,0.8973454677374216,0.012725521215668611
167789824,40s_F,0.0,0.42114310663401855,0.3277176527015041,-0.09342545393251445
168068224,50s_F,,0.8402223086089695,0.8705890201656443,0.030366711556674808
168073792,40s_F,0.0,0.9059974880369946,0.9061912232630784,0.000193735226083791
168086784,60+_F,0.0,0.150360638741184,0.1522959321419603,0.0019352934007763056
168114624,50s_F,1.0,0.13103526969494686,0.1683246473422942,0.03728937764734733
168344768,40s_F,,0.08843990941205064,0.1419645970888174,0.053524687676766755
168751232,40s_F,0.0,0.8819025773414552,0.8933318631047236,0.011429285763268404
169111296,30s_F,0.0,0.07496142456687205,0.11424689945306749,0.03928547488619544
169285760,40s_F,,0.8435782373758581,0.8385245991057473,-0.0050536382701108495
169653248,40s_F,,0.20671919728413907,0.23631209400572695,0.02959289672158788
170514432,40s_F,0.0,0.5716564852598995,0.6490396526763277,0.07738316741642814
170766848,40s_F,0.0,0.8575720944951359,0.8965339044889573,0.03896180999382137
170770560,40s_F,,0.3657210793380468,0.4168798287866833,0.051158749448636465
170807680,60+_F,0.0,0.1118275128464499,0.10740715193351591,-0.0044203609129339905
170859648,60+_F,0.0,0.19555859538743658,0.20581735346836083,0.010258758080924246
170963584,40s_F,0.0,0.8623806411707811,0.8504559575619979,-0.011924683608783182
171052672,50s_F,0.0,0.08559525235858734,0.0982228241266486,0.012627571768061258
171175168,30s_F,0.0,0.4625640931725363,0.44662648119747234,-0.015937611975063937
171292096,40s_F,0.0,0.07839473237112363,0.09534722773584782,0.016952495364724193
171550080,60+_F,1.0,0.40272524429300494,0.3401671232488651,-0.06255812104413982
171873024,40s_F,0.0,0.080484767498967,0.10039936602908942,0.01991459853012241
172097600,40s_F,0.0,0.6309184180044377,0.7383916860351525,0.10747326803071477
172279488,50s_F,0.0,0.10600799599123388,0.12312928868870186,0.017121292697467982
172407552,30s_F,0.0,0.15343792157823508,0.2037638415015964,0.05032591992336133
172457664,60+_F,0.0,0.8857139580457628,0.8991871945932011,0.013473236547438261
172593152,30s_F,,0.3389240639073975,0.3731730739636035,0.03424901005620601
172619136,50s_F,1.0,0.3121245652397073,0.33521461878774966,0.02309005354804239
172886400,50s_F,,0.760440877193107,0.7713723054230864,0.01093142822997939
173472896,50s_F,1.0,0.1345125321429067,0.15072652806968267,0.01621399592677597
173712320,50s_F,0.0,0.08580839725745609,0.12143871542981376,0.035630318172357664
173838528,60+_F,0.0,0.8257808232612404,0.8430569480567882,0.017276124795547854
173840384,50s_F,0.0,0.2016722946998289,0.2224613426096595,0.020789047909830605
173853376,40s_F,0.0,0.46850909567665233,0.4460213058625345,-0.02248778981411781
173877504,30s_F,,0.11099618845054633,0.1183043657818837,0.007308177331337373
174048256,30s_F,1.0,0.37283800640475817,0.3123828214471773,-0.0604551849575809
174092800,50s_F,1.0,0.40127940708438664,0.39089855395736833,-0.010380853127018308
174126208,30s_F,0.0,0.0999644390284658,0.1356841378323846,0.03571969880391879
174400896,60+_F,0.0,0.8349073394927109,0.8560741912063614,0.021166851713650514
174410176,40s_F,0.0,0.5728929745302431,0.4963060432877151,-0.07658693124252802
174603200,50s_F,0.0,0.11879065984423144,0.1603726008504123,0.04158194100618086
174684864,50s_F,0.0,0.8798211109791099,0.8684507455526591,-0.011370365426450757
174812928,60+_F,1.0,0.11440707654808462,0.1459406195919434,0.03153354304385879
174822208,40s_F,,0.39054168485249535,0.39728957783492136,0.006747892982426007
174861184,30s_F,0.0,0.1733427304373011,0.2024826181607039,0.029139887723402785
175481088,60+_F,0.0,0.3405335395717099,0.33653027885188,-0.004003260719829871
175482944,40s_F,0.0,0.3622492094683243,0.32171747460506567,-0.04053173486325862
175484800,40s_F,1.0,0.08652187899371447,0.1402095130358686,0.053687634042154125
175737216,40s_F,0.0,0.12487214225864239,0.15774032892554277,0.032868186666900376
175843008,30s_F,0.0,0.894709985187736,0.91889929023936,0.024189305051623977
176002624,40s_F,0.0,0.41489908227686345,0.4125862826004958,-0.0023127996763676606
176067584,50s_F,0.0,0.4597450860327374,0.3953453837909459,-0.06439970224179148
176273600,40s_F,0.0,0.07008503700670113,0.10100347325439417,0.03091843624769304
176384960,30s_F,0.0,0.3982272510141016,0.4056561045816824,0.007428853567580773
176518592,40s_F,0.0,0.07343298540389225,0.10632094513976816,0.03288795973587591
176689344,60+_F,0.0,0.5589591442973754,0.6424767090312181,0.08351756473384275
176912064,60+_F,0.0,0.8929500798199576,0.9222392322579488,0.02928915243799124
176982592,30s_F,0.0,0.45591086950986953,0.41513337470688066,-0.04077749480298887
177064256,40s_F,,0.08568527534770305,0.1356012281876232,0.04991595283992016
177507840,30s_F,0.0,0.07961615436730186,0.11791353453147863,0.03829738016417676
177585792,30s_F,0.0,0.269834328564867,0.3153646580869154,0.045530329522048385
177719424,30s_F,1.0,0.8641830093427914,0.8862359070946099,0.022052897751818512
177767680,40s_F,0.0,0.8889931351420954,0.8874528189263126,-0.0015403162157828776
177858624,40s_M,0.0,0.12696719071838464,0.16194961585736006,0.034982425138975426
178216832,40s_F,,0.22858124273085437,0.22979507542317062,0.001213832692316258
178343040,40s_F,0.0,0.2101311660494593,0.20055974962388956,-0.009571416425569745
178387584,60+_F,0.0,0.8990326260121568,0.891727951243071,-0.007304674769085806
178491520,40s_F,0.0,0.49443004198020474,0.35972095625759676,-0.13470908572260798
178667840,40s_F,0.0,0.08122956776324937,0.10386793043304118,0.022638362669791814
178758784,30s_F,0.0,0.07696297623415554,0.126168886397671,0.04920591016351544
179065024,60+_F,1.0,0.8724626132009392,0.816279304404317,-0.056183308796622256
179272896,30s_F,0.0,0.21693651429752056,0.24256346982433225,0.025626955526811684
179274752,40s_F,,0.11666176656276717,0.14956551106014182,0.032903744497374654
179421376,40s_F,0.0,0.15367127779866033,0.20752543375265145,0.05385415595399112
179514176,50s_F,1.0,0.5683093359709338,0.6308821437980395,0.06257280782710573
179610688,40s_F,0.0,0.8762565924201506,0.8699091162957147,-0.00634747612443598
179846400,40s_F,0.0,0.6123123680997837,0.7125879349134795,0.10027556681369576
179948480,50s_F,0.0,0.08377380174476176,0.09511990852362913,0.011346106778867368
179980032,40s_F,0.0,0.7292642133673449,0.7913474164135351,0.062083203046190194
180019008,50s_F,,0.8375287465129486,0.8913273132974342,0.05379856678448558
180276992,40s_F,0.0,0.20874987154557798,0.20266527950271265,-0.006084592042865322
180288128,40s_F,0.0,0.3092407283984905,0.2764927627480466,-0.032747965650443855
180483008,30s_F,0.0,0.8890482216648243,0.907827013097691,0.01877879143286665
180492288,30s_F,0.0,0.755537982387412,0.7108942085245006,-0.04464377386291141
180496000,50s_F,0.0,0.8191620823478563,0.8052527218063017,-0.01390936054155456
180581376,30s_F,1.0,0.1295515983962826,0.13659592833113907,0.007044329934856458
181076928,40s_F,0.0,0.08078318228541514,0.0773860937065128,-0.003397088578902349
181438848,50s_F,0.0,0.09347840314847071,0.11263873708958502,0.019160333941114313
181585472,30s_F,0.0,0.1253446490710424,0.15980149737434612,0.03445684830330373
181689408,30s_F,0.0,0.5938150183055757,0.5102016041645289,-0.08361341414104684
181702400,40s_F,0.0,0.8302198170870788,0.8681410886386692,0.03792127155159042
181850880,40s_F,0.0,0.35649513834470303,0.37058684672844977,0.014091708383746737
182075456,30s_F,0.0,0.09919488765661966,0.13531145936825228,0.03611657171163263
182396544,40s_F,,0.14704807680545587,0.20680192246502319,0.05975384565956732
182409536,50s_F,0.0,0.06386039852298296,0.09293560994142964,0.029075211418446684
182522752,50s_F,,0.42289471470845685,0.39463198984774367,-0.028262724860713184
182576576,30s_F,,0.15300959410135134,0.19908290775902152,0.04607331365767017
182927360,50s_F,,0.40404775519300734,0.4109940286589487,0.006946273465941344
183181632,50s_F,0.0,0.5243321511529551,0.45729590627209965,-0.06703624488085541
183300416,50s_F,0.0,0.5180581693809073,0.48097806396475945,-0.03708010541614787
183339392,50s_F,0.0,0.8326300916155772,0.873267122578603,0.04063703096302573
183422912,40s_F,,0.07554479013627842,0.12239760616478389,0.04685281602850547
183461888,40s_F,0.0,0.6609671190548951,0.6806949672786838,0.019727848223788702
183465600,40s_F,0.0,0.1674604392896168,0.23019140875046773,0.06273096946085094
183480448,30s_F,0.0,0.8218308894862904,0.7987952560398344,-0.023035633446455983
183489728,60+_F,,0.536400445899427,0.3716121706321007,-0.1647882752673263
183641920,30s_F,0.0,0.08878203379040422,0.09919458326916035,0.010412549478756125
183714304,50s_F,0.0,0.05824324542038447,0.1036807648409575,0.04543751942057304
183844224,60+_F,0.0,0.12849184010491066,0.12016136216144696,-0.008330477943463699
183846080,60+_F,0.0,0.22920616213343048,0.24621834463546194,0.01701218250203146
183896192,40s_F,,0.8377766420197504,0.8802211568132445,0.04244451479349409
184391744,30s_F,,0.1247213171531934,0.11298141938445727,-0.01173989776873613
184414016,30s_F,0.0,0.3734994433937536,0.3613874359415259,-0.012112007452227735
184534656,50s_F,0.0,0.37198330448929473,0.38819265409846543,0.016209349609170698
184735104,50s_F,0.0,0.4979611414354234,0.6577946410331298,0.15983349959770637
184803776,40s_F,0.0,0.09274164849518181,0.13367363322568968,0.04093198473050787
184866880,30s_F,0.0,0.06576532507246882,0.0978811842611481,0.03211585918867928
184915136,40s_F,0.0,0.86800302853977,0.8886396609523317,0.02063663241256175
185217664,40s_F,0.0,0.858777406849204,0.8592924344089995,0.000515027559795489
185432960,40s_F,0.0,0.40624727962193385,0.5634619690902408,0.15721468946830697
185479360,30s_F,0.0,0.46166850899117234,0.5020341416078956,0.04036563261672327
185828288,60+_F,,0.819379688355862,0.8167357955410552,-0.002643892814806703
186401792,50s_F,0.0,0.5668595159904004,0.5532676907700618,-0.013591825220338638
186468608,40s_F,0.0,0.8873313036802887,0.8704495134885094,-0.016881790191779267
186528000,50s_F,0.0,0.49511209071756423,0.4864436278848007,-0.008668462832763513
186708032,40s_F,0.0,0.14869056254849472,0.20191009259510434,0.05321953004660962
186709888,60+_F,0.0,0.8777722288277903,0.8960196071153278,0.01824737828753753
186743296,40s_F,0.0,0.12705836174966928,0.20061524380904558,0.0735568820593763
186769280,60+_F,0.0,0.5569263266935615,0.4465581909506976,-0.11036813574286386
186798976,50s_F,,0.49819539958969744,0.5224082286545976,0.024212829064900132
186824960,40s_F,0.0,0.13716855939811912,0.16336258340993814,0.026194024011819028
186832384,50s_M,0.0,0.4722644417513346,0.432455409569416,-0.03980903218191856
186836096,40s_F,0.0,0.08794466370519945,0.10887082778040026,0.020926164075200815
187036544,60+_F,0.0,0.8720843986676434,0.8710793834586671,-0.0010050152089763342
187190592,40s_F,0.0,0.10425451923437111,0.13288962881789482,0.028635109583523707
187359488,60+_F,0.0,0.843419794136549,0.8525447478278125,0.009124953691263538
187571072,60+_F,0.0,0.8312235274230768,0.8335454332222038,0.0023219057991269443
187587776,30s_F,0.0,0.12622979009999513,0.15512957026653043,0.0288997801665353
187647168,50s_F,,0.8715177501820416,0.8496280511422405,-0.02188969903980109
187773376,40s_F,0.0,0.5275672779083069,0.6111687581086058,0.0836014802002989
187895872,30s_F,1.0,0.284740359314385,0.27511849327809157,-0.009621866036293447
187927424,50s_F,0.0,0.10660955137467992,0.19546096064985224,0.08885140927517232
187964544,40s_F,0.0,0.08005154397544104,0.0855936695127297,0.005542125537288667
188074048,40s_F,0.0,0.3680134032628566,0.30906503619569803,-0.05894836706715856
188634560,40s_F,0.0,0.34581114466179613,0.35319393847074304,0.007382793808946908
188658688,40s_F,0.0,0.883789231412192,0.9283944765179849,0.04460524510579289
188727360,40s_F,0.0,0.18276533560720132,0.21773781966267783,0.03497248405547651
188922240,40s_F,0.0,0.2552315895903343,0.2625713779146435,0.007339788324309204
188933376,50s_F,0.0,0.15688527510208805,0.19430435935958384,0.037419084257495794
188946368,40s_F,0.0,0.10159888207120384,0.14301500819855487,0.04141612612735103
189094848,40s_F,1.0,0.36578370661754783,0.299455738124223,-0.06632796849332484
189297152,50s_F,0.0,0.5552007488826441,0.5717537630005838,0.016553014117939635
189330560,30s_F,,0.09844039008114729,0.09373726700341388,-0.0047031230777334065
189544000,40s_F,,0.8902275251868039,0.8954883941618874,0.005260868975083488
189644224,30s_F,0.0,0.1212020974242983,0.12691511074490303,0.005713013320604726
189677632,60+_F,0.0,0.2725555163736542,0.24253855971978142,-0.0300169566538728
189681344,40s_F,0.0,0.9523144941062828,0.9064253167712921,-0.04588917733499065
189904064,40s_F,0.0,0.4927124779945038,0.5779860861726223,0.08527360817811847
190002432,50s_F,0.0,0.5454024040712402,0.526132139862403,-0.01927026420883715
190123072,40s_F,1.0,0.10384201428209265,0.1384817870870811,0.034639772804988436
190225152,40s_F,0.0,0.3247488764507609,0.2941881593071032,-0.030560717143657712
190555520,50s_F,0.0,0.09589916444415321,0.09519301609463125,-0.0007061483495219567
190618624,30s_F,0.0,0.1357062836401003,0.15315313360524194,0.017446849965141648
190696576,50s_F,0.0,0.576715533653667,0.6283469017000202,0.051631368046353154
190802368,40s_F,,0.9023926040145601,0.9224555011150237,0.020062897100463606
190917440,40s_F,0.0,0.8706139611898277,0.9028200740258978,0.03220611283607011
190973120,40s_F,0.0,0.07462790228445829,0.08846077410646665,0.01383287182200836
191112320,50s_F,0.0,0.4622496113028891,0.4566639209628166,-0.005585690340072502
191450112,50s_F,,0.2135015735138577,0.19589841248702225,-0.017603161026835457
192021760,50s_F,0.0,0.2373564261337726,0.3028811130177389,0.06552468688396629
192105280,40s_F,0.0,0.06753382668783836,0.07818154282175134,0.01064771613391298
192257472,40s_F,0.0,0.07286914679844914,0.09742007073760392,0.024550923939154784
192268608,50s_F,0.0,0.2710476098920931,0.27213936340999106,0.0010917535178979754
192313152,40s_F,0.0,0.06686562187109567,0.09295634176799691,0.026090719896901246
192331712,50s_F,0.0,0.9034198481670207,0.8755443053030838,-0.027875542863936897
192392960,40s_F,0.0,0.12266550270275671,0.14449313945286796,0.02182763675011125
192509888,<30_F,,0.10739369904732729,0.15198343288772775,0.044589733840400464
192522880,50s_F,0.0,0.5634396100334196,0.6189601199725228,0.05552050993910318
192589696,60+_F,,0.26772578458565444,0.24749431954079074,-0.0202314650448637
192771584,40s_F,0.0,0.11319387478670344,0.14121412261197752,0.028020247825274083
192845824,30s_F,0.0,0.14130168143790134,0.18743533975901058,0.046133658321109244
192864384,40s_F,0.0,0.7750824743073359,0.7775300992216228,0.00244762491428685
192890368,50s_F,0.0,0.8392619003812649,0.8627866099843357,0.023524709603070737
192897792,40s_F,0.0,0.44529723972123264,0.4061934862140996,-0.03910375350713302
192994304,30s_F,1.0,0.655003837853781,0.6285315372954556,-0.02647230055832539
193003584,50s_F,0.0,0.9392538446132777,0.8929698731504885,-0.046283971462789175
193109376,60+_F,0.0,0.09988082485349156,0.13135987931793505,0.03147905446444349
193204032,40s_F,0.0,0.835731480118731,0.8811358275040901,0.045404347385359145
193324672,60+_F,0.0,0.48137816908121533,0.46467441811688226,-0.016703750964333075
193567808,50s_F,,0.08946773260728227,0.16219939071047404,0.07273165810319177
194087488,40s_F,,0.07979694679810619,0.1251859297027168,0.04538898290461062
194111616,40s_F,,0.0873744218320291,0.15069949469394672,0.06332507286191762
194280512,40s_F,0.0,0.08110505445653937,0.10279542925360124,0.021690374797061873
194408576,30s_F,0.0,0.5436430730396657,0.4629541773160394,-0.08068889572362636
194560768,50s_F,1.0,0.5247678313198001,0.5168686026089814,-0.007899228710818718
194679552,40s_F,,0.3346208309244447,0.42460955719830684,0.08998872627386212
194911552,30s_F,1.0,0.18848888109697037,0.22742654636340126,0.03893766526643089
194980224,50s_F,0.0,0.20339638304962807,0.27613331696342003,0.07273693391379196
195084160,30s_F,0.0,0.09495511797471178,0.08825430726709232,-0.006700810707619451
195210368,40s_F,0.0,0.3806715342132972,0.407886755319459,0.027215221106161813
195227072,50s_F,0.0,0.21713776151638658,0.20688169082678645,-0.010256070689600133
195262336,30s_F,,0.49757587667157055,0.46988714084103156,-0.02768873583053899
195538880,40s_F,0.0,0.09277791367509831,0.14777253096065873,0.05499461728556042
195611264,40s_F,0.0,0.11270443475586828,0.16042749123128983,0.04772305647542155
196010304,40s_F,0.0,0.4790505947350197,0.5474876293205685,0.06843703458554878
196034432,30s_F,0.0,0.10810084485737834,0.11551872253956974,0.007417877682191404
196244160,40s_F,0.0,0.09991061100115874,0.12400682233821804,0.024096211337059303
196388928,30s_F,0.0,0.8238766458917397,0.8668062393792673,0.04292959348752756
196431616,40s_F,0.0,0.8578033913110713,0.8676946893992702,0.009891298088198885
196646912,60+_F,,0.18050480548867867,0.2039353149700814,0.02343050948140274
196691456,60+_F,0.0,0.0974438392705113,0.10873842274217116,0.011294583471659861
196823232,30s_F,0.0,0.14466495535978996,0.15229117061652767,0.007626215256737706
196890048,60+_F,0.0,0.2406657636231281,0.24637884412164657,0.005713080498518458
196930880,30s_F,0.0,0.1885901800161239,0.1811136948505691,-0.007476485165554797
197057088,50s_F,0.0,0.4582271837171979,0.467621431451926,0.009394247734728078
197144320,40s_F,1.0,0.8983052476535258,0.9037741875951886,0.005468939941662754
197896000,40s_F,0.0,0.687134870603916,0.7224335866064803,0.03529871600256429
197936832,60+_F,0.0,0.14904061802770166,0.16614552241580313,0.017104904388101472
198087168,30s_F,0.0,0.6093459210323264,0.724919708220296,0.11557378718796962
198224512,30s_F,0.0,0.427576034525374,0.3921602648117477,-0.03541576971362631
198335872,30s_F,0.0,0.4037194069054399,0.4878938632300634,0.0841744563246235
198617984,30s_F,0.0,0.08570780470398563,0.12682053787772354,0.04111273317373791
198714496,60+_F,0.0,0.08717084711391049,0.12669242495707356,0.03952157784316307
198913088,30s_F,0.0,0.16300659586060484,0.20308644575557697,0.040079849894972125
198952064,50s_F,,0.08517474575466906,0.0899704796156003,0.0047957338609312394
199041152,30s_F,,0.06405762300847767,0.11272134254999149,0.048663719541513814
199364096,50s_F,0.0,0.38898237960128845,0.41697943654043,0.027997056939141562
199520000,60+_M,0.0,0.5849013932138863,0.6270406924715782,0.04213929925769189
199848512,40s_F,0.0,0.13984676214084807,0.2007745875588912,0.06092782541804312
199870784,40s_F,0.0,0.30720951237729033,0.2928778758587681,-0.014331636518522206
199919040,60+_M,0.0,0.13494575006029863,0.153874230962898,0.01892848090259938
199933888,60+_F,1.0,0.12060966721784999,0.09885473114651994,-0.021754936071330055
200123200,50s_F,0.0,0.2910921119245666,0.30133028353879554,0.010238171614228964
200193728,30s_F,,0.07035265392095459,0.1045934396141997,0.03424078569324511
200204864,40s_F,1.0,0.8717547058049719,0.8915501159485967,0.019795410143624736
200234560,30s_F,0.0,0.8912063662976694,0.8256769937663259,-0.0655293725313435
200340352,60+_F,0.0,0.5391913867778151,0.44389327839614046,-0.09529810838167463
200349632,30s_F,1.0,0.08713064808198404,0.11236435114711721,0.025233703065133173
200548224,30s_F,1.0,0.8911789619608467,0.886822432330189,-0.004356529630657691
200564928,50s_F,1.0,0.2805859664476172,0.25708014472716373,-0.023505821720453457
200631744,30s_F,0.0,0.8081392629850392,0.818440040121036,0.010300777135996753
200743104,40s_F,,0.38709482135886475,0.37456578939359725,-0.0125290319652675
200761664,30s_F,0.0,0.10012797755723951,0.13438977883793474,0.034261801280695225
200774656,60+_F,,0.2688786283294701,0.26106192660814204,-0.00781670172132809
200839616,30s_F,0.0,0.8313543925586377,0.8524705548999187,0.021116162341280997
200906432,50s_F,0.0,0.1658230187607758,0.19906132604401633,0.03323830728324054
201383424,30s_F,,0.1499020311669208,0.1744280875753587,0.024526056408437885
201515200,30s_F,0.0,0.1334470094094464,0.13091851130322366,-0.002528498106222743
201570880,40s_F,0.0,0.09041861060351353,0.10649784198646386,0.016079231382950337
201674816,40s_F,0.0,0.07168490171609675,0.07860891195114263,0.00692401023504588
201698944,30s_F,,0.08881974971880503,0.10291458223979676,0.014094832520991724
201953216,30s_F,,0.5079051292763404,0.5758137945234479,0.06790866524710759
202107264,30s_F,0.0,0.6259113558985454,0.7611371420204267,0.1352257861218813
202135104,30s_F,0.0,0.8615050267728894,0.8753997709762643,0.013894744203374887
202378240,30s_F,0.0,0.07543903271711995,0.0941438997179335,0.018704867000813544
202536000,40s_F,0.0,0.7591742230826526,0.7957037978609632,0.03652957477831065
202792128,30s_F,0.0,0.8866886350682235,0.9018691963994754,0.015180561331251896
202871936,50s_F,0.0,0.08203431965438183,0.0878445630138864,0.005810243359504572
202892352,50s_F,,0.10409393869159932,0.15383032623638715,0.04973638754478783
202981440,30s_F,0.0,0.16311869365920756,0.15111010115277934,-0.012008592506428217
203133632,30s_F,0.0,0.09776719720310051,0.1612124082704061,0.06344521106730558
203291392,50s_F,1.0,0.37506270243627154,0.4041659416127952,0.029103239176523632
203426880,40s_F,,0.15810436695245297,0.15932816717794215,0.00122380022548918
203590208,40s_F,0.0,0.9003569090458882,0.9231871376807445,0.022830228634856287
204022656,60+_F,0.0,0.5221576307030849,0.38291002638704824,-0.1392476043160366
204041216,40s_F,0.0,0.8031588449689461,0.8658443477783987,0.06268550280945262
204044928,50s_F,0.0,0.20450675630211837,0.2498435973276798,0.04533684102556143
204102464,40s_F,0.0,0.33696419143156303,0.3601341338361605,0.023169942404597466
204323328,40s_F,0.0,0.5965875082431388,0.7085694012312557,0.1119818929881169
204416128,50s_F,0.0,0.34874132335949865,0.3774506941364675,0.028709370776968834
204429120,40s_M,0.0,0.5144154381630025,0.5917388846812367,0.0773234465182342
204638848,40s_F,1.0,0.07080606033009268,0.09506375749900434,0.024257697168911657
204681536,60+_F,1.0,0.450989797795511,0.37275601033174455,-0.07823378746376647
204718656,60+_F,0.0,0.08846298715635602,0.11188924877540703,0.02342626161905101
204833728,60+_F,1.0,0.09233827703156497,0.12697108544344715,0.03463280841188218
204887552,40s_F,0.0,0.8765241832847679,0.907260063434886,0.030735880150118078
205117696,50s_F,0.0,0.5062270031287315,0.517886245619717,0.011659242490985489
205188224,40s_F,,0.23957041366746817,0.3067161851374977,0.06714577147002954
205193792,40s_F,0.0,0.1876221669972219,0.22931196449928984,0.04168979750206794
205271744,40s_M,,0.8828230654489145,0.8697008974355113,-0.013122168013403268
205329280,40s_F,0.0,0.309837961362893,0.2932304374523868,-0.016607523910506183
205334848,40s_F,0.0,0.42512239857123413,0.46092466476753347,0.03580226619629934
205364544,40s_F,0.0,0.07481259437441143,0.08688336391003748,0.012070769535626052
205435072,30s_F,0.0,0.4728722389462209,0.3822340043150286,-0.0906382346311923
205459200,60+_F,0.0,0.2035793776232262,0.20329031650370613,-0.00028906111952006763
205709760,60+_F,0.0,0.08121638061820965,0.09149255816885099,0.010276177550641336
205938048,40s_F,,0.7675084905023991,0.7499184452954002,-0.017590045206998917
206190464,50s_F,,0.8020846278006803,0.8095620037545908,0.0074773759539104034
206370496,<30_F,0.0,0.8021053171194416,0.7444939056480793,-0.057611411471362284
206439168,60+_F,0.0,0.14506813709482327,0.15690583114148496,0.011837694046661684
206596928,40s_F,0.0,0.7035027027058736,0.6155185372753746,-0.08798416543049892
206663744,50s_F,,0.8909175857811724,0.9112830585908201,0.020365472809647733
206715712,30s_F,1.0,0.8794322355026707,0.8960753844576107,0.016643148954940012
206719424,50s_F,0.0,0.23740510714623753,0.23758466785414498,0.00017956070790745016
207007104,60+_F,0.0,0.24079626612927046,0.23487642483764976,-0.005919841291620709
207107328,40s_F,,0.7640390078897831,0.7041870530774887,-0.05985195481229433
207408000,40s_F,,0.6172719209175083,0.6874629517846513,0.07019103086714307
207450688,40s_F,0.0,0.083905301703542,0.08617565161774716,0.002270349914205161
207489664,40s_F,0.0,0.39127721482322597,0.4333152756348923,0.04203806081166633
207491520,50s_M,0.0,0.5674927699838751,0.528614178375424,-0.038878591608451085
207560192,50s_F,0.0,0.13681554644829474,0.1637279945421033,0.02691244809380855
207736512,40s_F,1.0,0.06520035930825271,0.08586911565253813,0.020668756344285416
207897984,40s_F,0.0,0.34098060985275686,0.3643760138989755,0.02339540404621865
207916544,40s_F,0.0,0.16398616312922243,0.23533165041673423,0.0713454872875118
207946240,50s_F,0.0,0.11115365011656003,0.14043492575222413,0.0292812756356641
207964800,40s_M,1.0,0.3272027273034789,0.32151560067166124,-0.0056871266318176406
208176384,60+_F,,0.8174385839460554,0.8472266846885674,0.029788100742512036
208276608,30s_F,0.0,0.24711192406530025,0.24214750386131223,-0.004964420203988018
208321152,60+_F,0.0,0.2100494865467784,0.21704745780796805,0.006997971261189645
208571712,40s_F,0.0,0.4695801061564599,0.4411975164536626,-0.02838258970279728
208751744,30s_F,,0.3135470821546686,0.2734992208989726,-0.04004786125569598
209419904,50s_F,,0.11790106839367534,0.1546938847395986,0.03679281634592327
209460736,40s_F,0.0,0.2328427847819861,0.28986056509593394,0.05701778031394783
209497856,40s_F,1.0,0.08041179662373216,0.08526900826670661,0.004857211642974452
209564672,40s_F,,0.09322837473066738,0.1668548171660382,0.07362644243537082
209906176,50s_F,0.0,0.45899348502556664,0.3763928676035792,-0.08260061742198743
210262528,50s_F,0.0,0.5728561954842112,0.6158063718412781,0.04295017635706688
210307072,60+_F,1.0,0.8447266321562021,0.8581490986675421,0.013422466511339937
210639296,30s_F,,0.10815995713052395,0.1173878968901292,0.009227939759605244
210811904,40s_F,1.0,0.8730541634496527,0.893859569650642,0.02080540620098925
210969664,40s_F,0.0,0.8469562147535453,0.9014148066382398,0.054458591884694485
211030912,30s_F,0.0,0.16514254575492424,0.17730869819552195,0.01216615244059771
211049472,40s_F,0.0,0.34117111166029135,0.4029299251755091,0.061758813515217725
211140416,40s_F,0.0,0.8361269964603388,0.8517546341212863,0.015627637660947435
211274048,40s_F,0.0,0.6029669454072968,0.6062380583121683,0.003271112904871476
211287040,30s_F,0.0,0.11706910281017562,0.1284102385308435,0.011341135720667875
211314880,40s_F,0.0,0.24093204306758234,0.2526164473500738,0.011684404282491484
212079552,40s_F,0.0,0.8254254282323593,0.815784976434286,-0.009640451798073268
212382080,60+_F,0.0,0.09684884257553743,0.14011807092209458,0.04326922834655715
212872064,60+_F,1.0,0.8397064257074253,0.8720381106374977,0.032331684930072435
212875776,40s_F,0.0,0.08441405419603665,0.11914682717165449,0.034732772975617845
213291520,40s_F,,0.6473487504725683,0.6173428702685048,-0.030005880204063584
213482688,30s_F,1.0,0.8876309786996057,0.8903123730425471,0.0026813943429413456
213486400,40s_F,1.0,0.16828600571421817,0.23003240399682603,0.06174639828260786
213603328,40s_F,0.0,0.7591108110770317,0.7856034441232274,0.026492633046195646
213731392,40s_F,0.0,0.08485964322335844,0.09197439760044832,0.007114754377089874
213744384,30s_F,,0.5094136407286932,0.448321787192155,-0.06109185353653823
213872448,30s_F,0.0,0.5829094684250591,0.5687579954669001,-0.014151472958158995
214052480,40s_M,0.0,0.8758801571968433,0.9020428478880547,0.026162690691211354
214095168,40s_F,0.0,0.566842717638774,0.630067770755885,0.06322505311711102
214453376,30s_F,0.0,0.11274990856100132,0.13842091472358545,0.025671006162584123
214507200,50s_F,0.0,0.829776841443031,0.8634664144431852,0.03368957300015418
214638976,30s_F,0.0,0.10720160965026658,0.11877737507158491,0.01157576542131833
214657536,40s_F,0.0,0.7975493541427049,0.8176983169352923,0.020148962792587377
214664960,30s_F,0.0,0.07242713176155431,0.08742880184865129,0.015001670087096977
214809728,30s_F,0.0,0.1051874942384523,0.1180614447495826,0.0128739505111303
214839424,40s_F,,0.07674274574230665,0.0983174293942608,0.021574683651954155
215296000,40s_F,0.0,0.11762357988075565,0.130809443670987,0.013185863790231359
215362816,<30_F,0.0,0.0748855884000842,0.12370914412234453,0.048823555722260326
215438912,40s_F,0.0,0.6054958941765829,0.5711038027975719,-0.034392091379011
215583680,40s_F,0.0,0.15463804861188213,0.1853241645018149,0.03068611588993278
215719168,60+_F,0.0,0.2605470767518073,0.2561412243299061,-0.004405852421901224
215810112,60+_F,1.0,0.11599202444172337,0.09792356976886694,-0.01806845467285642
215841664,30s_F,0.0,0.22052160278929767,0.18452481925209832,-0.035996783537199345
216476416,50s_F,0.0,0.8139353787502965,0.8818605252927001,0.06792514654240356
216829056,40s_F,,0.855891926285848,0.8741782386728026,0.018286312386954662
217035072,40s_F,1.0,0.0698746576336286,0.08006800243933679,0.010193344805708188
217077760,40s_F,,0.6678076583126942,0.6897709886101641,0.021963330297469885
217189120,30s_F,,0.10618841809127984,0.17396688656056,0.06777846846928016
217307904,60+_M,0.0,0.16156277235483482,0.21361487152790698,0.05205209917307216
217705088,40s_F,0.0,0.08642223755295991,0.07490310486788024,-0.011519132685079675
218091136,40s_F,0.0,0.36444014351501847,0.40937028319013213,0.04493013967511367
218291584,40s_F,1.0,0.0805572624605189,0.09110083175616557,0.010543569295646663
218362112,30s_F,0.0,0.16910057029037692,0.20506561442472823,0.03596504413435131
218382528,30s_F,1.0,0.679684184614766,0.6584404985180679,-0.021243686096698133
218423360,40s_F,0.0,0.1391043421809131,0.1563663889717932,0.017262046790880087
218475328,40s_F,0.0,0.56169217859431,0.5454630694725463,-0.016229109121763674
218480896,30s_F,0.0,0.12823668484019352,0.13951330418461058,0.011276619344417066
218484608,40s_F,1.0,0.8672190392299934,0.8690028571556312,0.001783817925637754
218837248,40s_F,0.0,0.09313597343075804,0.08981666428169696,-0.0033193091490610754
219104512,50s_F,1.0,0.45307762024699166,0.41161415429440856,-0.0414634659525831
219137920,40s_F,,0.2669485415001696,0.3184807345824352,0.05153219308226559
219267840,50s_F,0.0,0.0771164925646203,0.09032399906557666,0.013207506500956354
219291968,30s_F,0.0,0.16871563558836059,0.17027618225255994,0.0015605466641993582
219293824,30s_F,0.0,0.37231550987287326,0.398225393094808,0.025909883221934715
219496128,40s_F,0.0,0.2805785441149011,0.3262464163546053,0.0456678722397042
219587072,30s_F,0.0,0.07237278470178028,0.10068402049374278,0.0283112357919625
220672832,50s_F,,0.1686084773535673,0.21504499014049513,0.04643651278692784
220724800,50s_F,0.0,0.4377441372903511,0.3839509805961767,-0.05379315669417439
220748928,40s_F,,0.8045853732125394,0.8252330698798575,0.020647696667318027
220954944,40s_M,0.0,0.8845793239193945,0.9126929792020614,0.02811365528266685
221081152,60+_F,1.0,0.3944369221852896,0.3629916287350541,-0.0314452934502355
221101568,40s_F,1.0,0.45555196044159146,0.42874259527929076,-0.026809365162300702
221441216,30s_F,,0.09269888307350758,0.10220841479559287,0.009509531722085282
221689920,50s_F,0.0,0.4439381742826684,0.46009614198837356,0.016157967705705156
221747456,30s_F,1.0,0.341651535804629,0.30233885584105696,-0.03931267996357202
221808704,40s_F,0.0,0.6000428460142873,0.5295228873830851,-0.0705199586312022
221849536,60+_F,,0.17784084783905038,0.16371751587810915,-0.014123331960941232
221858816,40s_F,0.0,0.2528691952735124,0.207998425745265,-0.04487076952824742
221927488,50s_F,0.0,0.24579255407397632,0.25308189136851833,0.007289337294542009
221970176,30s_F,,0.2031430861439629,0.19439109831019055,-0.008751987833772346
222051840,60+_F,0.0,0.5906783580587298,0.5245759161521584,-0.06610244190657144
222326528,30s_F,0.0,0.11971144713457221,0.1002366342154048,-0.019474812919167417
222395200,40s_M,,0.09722112577663858,0.10288456242172056,0.005663436645081982
222434176,30s_F,0.0,0.8861907719619159,0.8927903822175933,0.006599610255677457
222473152,40s_F,1.0,0.1115013588203608,0.09485948053760643,-0.016641878282754374
222495424,40s_F,0.0,0.09339848989656399,0.12406558318332694,0.030667093286762953
222720000,60+_F,1.0,0.1828187982745531,0.25518734425823103,0.07236854598367792
222734848,50s_F,0.0,0.5048573396698915,0.4460394970001754,-0.058817842669716125
223189568,50s_F,0.0,0.7445284426643692,0.7213480603434845,-0.023180382320884707
223352896,40s_F,0.0,0.07057431641233784,0.10730669959583217,0.036732383183494324
223390016,40s_F,0.0,0.8538801602413975,0.8901984155280419,0.03631825528664445
223458688,40s_F,0.0,0.08590330991924881,0.1416302165615691,0.05572690664232029
223510656,50s_F,0.0,0.6151420158909645,0.735937678182337,0.12079566229137251
223673984,50s_F,0.0,0.09928523923369247,0.13130335963444761,0.03201812040075515
223696256,50s_F,0.0,0.9129784543742206,0.9185817907238392,0.005603336349618515
223722240,40s_F,,0.10313912589997437,0.1440417640855982,0.04090263818562384
223961664,40s_F,0.0,0.26538105832591696,0.23820535708643178,-0.027175701239485178
224004352,50s_F,0.0,0.878001763823123,0.9019204014178303,0.023918637594707248
224318016,30s_F,1.0,0.26460349761283697,0.24098007325983484,-0.02362342435300213
224451648,40s_F,0.0,0.9116646328361404,0.9109458990020336,-0.0007187338341068106
224511040,40s_F,,0.5100896046433232,0.46270067582263286,-0.047388928820690346
224832128,40s_F,0.0,0.08520821631250768,0.09602626402666059,0.010818047714152915
224932352,40s_F,0.0,0.11673805060957475,0.17326529437624003,0.05652724376666528
224934208,50s_F,0.0,0.5931728446163627,0.6681284286537036,0.07495558403734093
225312832,60+_F,0.0,0.8208246181292266,0.8677855136609444,0.04696089553171778
225452032,40s_F,0.0,0.7534477093493274,0.7659892293470214,0.01254151999769404
225609792,40s_F,,0.2977559214821027,0.33466243947996793,0.03690651799786521
225650624,30s_F,0.0,0.4071087622386348,0.39410131550115257,-0.01300744673748222
225841792,40s_F,0.0,0.6698253108047646,0.6978025632361522,0.0279772524313876
225847360,60+_F,,0.10882316896293917,0.10249820673528076,-0.006324962227658409
225875200,30s_F,,0.33573382910128474,0.31270711900613074,-0.023026710095154
226073792,50s_F,0.0,0.38990701577636616,0.36165942563369496,-0.028247590142671197
226161024,50s_F,0.0,0.15815179162863077,0.22018697201317358,0.06203518038454281
226315072,30s_F,,0.7406513128338813,0.7941035620079423,0.053452249174060995
226638016,30s_F,0.0,0.7603038595474064,0.816844992853269,0.05654113330586252
226725248,40s_F,,0.8290254231295647,0.7963382438088111,-0.0326871793207536
226753088,30s_F,0.0,0.24872276656458342,0.20931043731365548,-0.03941232925092794
226756800,50s_F,0.0,0.08842238745998793,0.15524397718427996,0.06682158972429203
226914560,40s_F,0.0,0.8090558101765991,0.8770821052243489,0.06802629504774982
226973952,<30_F,,0.12407364247535911,0.21094551205831563,0.08687186958295652
227244928,30s_F,0.0,0.7796528685925525,0.8657950172015138,0.0861421486089613
227476928,40s_F,1.0,0.11965205763432828,0.13348941827575916,0.013837360641430888
227610560,60+_M,0.0,0.06301755128862728,0.09230460755216827,0.029287056263540986
227859264,30s_F,0.0,0.08144201822501293,0.11418749496793452,0.032745476742921595
228644352,60+_F,0.0,0.12059803366416076,0.11304092652035778,-0.007557107143802977
228787264,30s_F,0.0,0.9044266892356758,0.8984286708685845,-0.005998018367091351
229035968,50s_F,0.0,0.07337165656194505,0.0924437853563518,0.019072128794406742
229217856,30s_F,1.0,0.6733726689063805,0.7080600783232623,0.034687409416881865
229243840,30s_F,0.0,0.12816706700535188,0.15399870613884437,0.025831639133492484
229282816,50s_F,0.0,0.8304600438233812,0.8632637010380547,0.03280365721467349
229323648,40s_F,0.0,0.8114822465906567,0.81036644771235,-0.0011157988783067063
229527808,30s_F,1.0,0.899687354264672,0.9077594402583228,0.008072085993650835
229585344,30s_F,0.0,0.8189090184231663,0.8304740510287535,0.011565032605587167
229917568,30s_F,0.0,0.14049482044453865,0.19090936550263912,0.050414545058100474
229963968,30s_F,0.0,0.1532225562679769,0.15943875638989094,0.0062162001219140395
230225664,30s_F,0.0,0.8587816218473789,0.8486971267447199,-0.010084495102659075
230337024,40s_F,,0.43035012117616084,0.4425884949096165,0.012238373733455654
230702656,60+_F,0.0,0.8735634238782225,0.8746047784404056,0.0010413545621831277
230756480,40s_F,0.0,0.8061711450852209,0.8005521381488141,-0.005619006936406823
230867840,40s_F,0.0,0.0779721016362603,0.09430276109775682,0.01633065946149652
230988480,40s_F,,0.9460036181744682,0.9198605619172693,-0.026143056257198927
231200064,40s_M,0.0,0.8971699857605784,0.8985749398610688,0.001404954100490463
231331840,30s_F,0.0,0.2051944447273209,0.19481065076104948,-0.010383793966271426
231333696,30s_F,,0.12875099618033078,0.16388566916964398,0.03513467298931319
231498880,60+_F,0.0,0.8436558324832647,0.8741272818638383,0.030471449380573556
231524864,40s_F,0.0,0.157805072129976,0.2133589962127093,0.0555539240827333
231528576,40s_F,0.0,0.10067509665844351,0.16408256099336366,0.06340746433492014
231545280,50s_F,0.0,0.30743430174228303,0.3479655686471059,0.040531266904822894
231641792,50s_F,1.0,0.8717454656508936,0.8789154066540033,0.007169941003109637
231797696,40s_F,0.0,0.8435388042210452,0.9012639068555987,0.05772510263455344
231905344,50s_F,1.0,0.8080983921810732,0.8478730828417307,0.03977469066065753
231959168,60+_F,1.0,0.2537077692970031,0.2358352210707296,-0.017872548226273516
232105792,40s_F,0.0,0.47655218938171806,0.5016254325012013,0.025073243119483224
232168896,40s_F,,0.06378972366138365,0.10177628900586701,0.03798656534448336
232330368,30s_F,0.0,0.24176416605568413,0.21188661882543094,-0.029877547230253182
232428736,30s_F,1.0,0.1086609732551987,0.14636628313113298,0.037705309875934276
232798080,30s_F,1.0,0.7993086281203351,0.804019939748225,0.004711311627889958
232809216,40s_F,0.0,0.07138306760965912,0.10538409962121507,0.03400103201155595
232851904,30s_F,0.0,0.08334376728707386,0.09125097765210904,0.00790721036503518
232913152,40s_F,0.0,0.8717075863560687,0.883669863835553,0.011962277479484307
233078336,60+_F,0.0,0.0752701131404012,0.11948646265387954,0.04421634951347833
233109888,30s_F,0.0,0.19508970064132722,0.236644976312787,0.04155527567145978
233219392,30s_F,1.0,0.823695903422624,0.8329503501748561,0.009254446752232082
233362304,30s_F,0.0,0.7652064241003856,0.8346580055600061,0.06945158145962049
233373440,30s_F,0.0,0.48907549975124637,0.6040034293290655,0.11492792957781911
233516352,30s_F,0.0,0.06516887578629135,0.09088692241718771,0.025718046630896357
233588736,30s_F,,0.40264942190091607,0.5443671622021601,0.141717740301244
233859712,30s_F,0.0,0.8552880992190981,0.8264133338509555,-0.028874765368142596
233969216,40s_F,0.0,0.8750456983406846,0.8542789539320309,-0.02076674440865367
234069440,30s_F,0.0,0.1598287035645144,0.22286767245930675,0.06303896889479235
234212352,30s_F,0.0,0.183737106156403,0.1890548752828661,0.00531776912646309
234216064,60+_F,1.0,0.888580303252968,0.9054073417247938,0.01682703847182576
234371968,60+_F,1.0,0.7445715538800458,0.7686599387466911,0.02408838486664533
234381248,30s_F,0.0,0.8864174048284823,0.8975003892464883,0.011082984418006037
234938048,60+_F,0.0,0.07742604569863691,0.11707175202433483,0.039645706325697916
234999296,30s_F,1.0,0.8700720655544657,0.8829766303624045,0.012904564807938779
235238720,50s_F,0.0,0.8779464698914263,0.9089420230482146,0.030995553156788258
235244288,40s_F,0.0,0.06553501434175862,0.08016817475189475,0.014633160410136126
235333376,30s_F,0.0,0.4979377833298523,0.5814362682013735,0.08349848487152123
235348224,30s_F,,0.06362858689956806,0.10686400898613665,0.043235422086568595
235370496,30s_F,0.0,0.12406397450370536,0.13412538578883193,0.010061411285126567
235467008,40s_F,0.0,0.08705283058677696,0.089920011654032,0.002867181067255045
235621056,30s_F,1.0,0.1769959468024785,0.1568287390356756,-0.02016720776680289
235916160,50s_F,0.0,0.1030070009392226,0.13834126734726726,0.03533426640804466
236047936,60+_F,0.0,0.06506822927290727,0.09638133845529608,0.031313109182388804
236495232,50s_F,0.0,0.782694720100217,0.8473672161879862,0.06467249608776915
236625152,30s_F,0.0,0.35183793774461564,0.32630841614139383,-0.025529521603221805
236805184,30s_F,,0.6836341114422629,0.7410726367454089,0.05743852530314597
236901696,30s_F,,0.09215768247864033,0.14967258684569099,0.05751490436705066
237606976,30s_F,1.0,0.09435511536560938,0.1063585326172074,0.012003417251598023
237742464,50s_F,0.0,0.9113714402151598,0.9141213800925684,0.0027499398774085693
238085824,30s_F,0.0,0.7772506661450201,0.8137237690467057,0.036473102901685595
238087680,30s_F,0.0,0.07078319092988433,0.09064143524887269,0.01985824431898836
238321536,40s_F,0.0,0.3166479654905554,0.26868506706796746,-0.04796289842258794
238379072,40s_F,0.0,0.6090096210694136,0.7410855068774272,0.13207588580801366
238434752,40s_F,1.0,0.0667959370921635,0.0846819646145819,0.0178860275224184
238470016,40s_F,1.0,0.6121422647167517,0.6763220304535704,0.06417976573681872
238562816,30s_F,0.0,0.8268514507219145,0.8570952498914169,0.030243799169502483
238596224,30s_F,,0.13740587549778194,0.17140962396457884,0.03400374846679691
238622208,40s_F,1.0,0.548975442541405,0.5496275108243313,0.0006520682829262991
238896896,30s_F,,0.5301584563756796,0.5043002588427443,-0.02585819753293528
238911744,50s_F,0.0,0.697089133554695,0.7051237754101404,0.008034641855445335
239273664,30s_F,,0.14491897327869147,0.18532770984582136,0.0404087365671299
239334912,30s_F,,0.15516306575583932,0.1565631674725624,0.0014001017167230845
239411008,30s_F,0.0,0.16758289907968899,0.20651115184415553,0.03892825276446654
239546496,50s_F,0.0,0.1160434761184299,0.14058730595937793,0.024543829840948037
239605888,30s_F,1.0,0.8183853390987352,0.7958516722462177,-0.022533666852517564
239611456,40s_F,0.0,0.14860675440069135,0.19265286123377984,0.04404610683308849
239997504,30s_F,0.0,0.0854057365156944,0.10909188935347798,0.02368615283778358
240003072,40s_F,0.0,0.07983105420886268,0.1220191053710321,0.04218805116216942
240040192,30s_F,,0.11065358774826944,0.15740030410041642,0.04674671635214697
240088448,60+_F,0.0,0.8724849137645964,0.8900036969250666,0.017518783160470286
240136704,30s_F,0.0,0.888029265438471,0.8776522653528639,-0.010377000085607158
240220224,50s_F,,0.7025400834939485,0.6515783225784915,-0.05096176091545701
240268480,30s_F,1.0,0.19532415385685112,0.17052368928942813,-0.024800464567422992
240838272,30s_F,1.0,0.6045473476403079,0.6592892727964912,0.05474192515618326
240949632,60+_F,0.0,0.7840890936826753,0.863840516543695,0.07975142286101966
240951488,60+_F,,0.524795564129875,0.5285426040269979,0.0037470398971228835
241038720,50s_F,0.0,0.8838477626855823,0.9027374872265619,0.01888972454097959
241174208,40s_F,,0.21183774418723733,0.23898280803921668,0.027145063851979345
241473024,40s_F,0.0,0.8214293080026751,0.8507167649069791,0.02928745690430401
241502720,50s_F,,0.13896529832142415,0.16548493591329083,0.02651963759186668
241589952,40s_F,0.0,0.616842192081002,0.7169851023525219,0.10014291027151989
241610368,40s_F,0.0,0.19954557723252608,0.25024133271900106,0.05069575548647498
241823808,40s_F,0.0,0.7112420212850442,0.6484607964876501,-0.06278122479739412
241838656,40s_F,0.0,0.5554033940926566,0.5544864580903652,-0.0009169360022913686
241877632,50s_F,0.0,0.8317883194815008,0.8370062697533744,0.0052179502718736614
241942592,40s_F,,0.11396452274004563,0.12714969017318486,0.01318516743313923
241957440,40s_F,0.0,0.10578184151376309,0.14203125138172282,0.03624940986795973
241970432,40s_F,0.0,0.1972279206057961,0.22957987005784497,0.03235194945204886
241987136,40s_F,0.0,0.11334794814286507,0.14690173437877185,0.03355378623590678
242451136,40s_F,,0.07121660209644869,0.09082968595782233,0.019613083861373642
242573632,40s_F,,0.21100411149823967,0.2419168888023496,0.030912777304109934
242729536,40s_M,1.0,0.06212599168639219,0.08802214419757591,0.02589615251118372
242779648,40s_F,0.0,0.5092682991375077,0.5375113975772929,0.02824309843978523
242968960,40s_F,0.0,0.21735689572671923,0.25758107297622757,0.04022417724950833
242987520,50s_M,0.0,0.08964217202391014,0.10047860077400761,0.010836428750097465
243148992,50s_F,,0.37244577882272956,0.3886839897758088,0.016238210953079257
243273344,30s_F,,0.3399008973178957,0.37260751647917223,0.03270661916127654
243291904,30s_F,0.0,0.8474602465810623,0.8694715968073576,0.0220113502262953
243293760,30s_F,0.0,0.9539071700749128,0.9049481654115634,-0.04895900466334935
243304896,30s_F,,0.061499800442291884,0.09403297053875216,0.03253317009646028
243574016,40s_F,1.0,0.09202933042220489,0.08712189996803228,-0.004907430454172607
243679808,40s_F,1.0,0.08682662323335201,0.13138745794925033,0.04456083471589832
243690944,50s_F,0.0,0.1013432199409468,0.1524539592190544,0.05111073927810761
243824576,50s_F,1.0,0.859474424571692,0.8717170065376351,0.012242581965943078
244008320,50s_F,0.0,0.2600638732603189,0.23901420544026705,-0.021049667820051826
244258880,30s_F,0.0,0.35575724383255597,0.3750827108565086,0.019325467023952658
244375808,30s_F,1.0,0.13056817842787766,0.15276013983261924,0.022191961404741584
244511296,50s_F,,0.2407772329222368,0.24847605409827322,0.00769882117603643
244529856,60+_F,0.0,0.07891596670652434,0.08825562095875089,0.009339654252226548
244540992,40s_F,1.0,0.19279864962345247,0.2195031844799579,0.026704534856505424
244555840,60+_F,,0.4372785092687886,0.38196439200063836,-0.05531411726815022
244832384,30s_F,0.0,0.08603137439038525,0.1175289674538279,0.03149759306344266
245205440,30s_F,,0.06774210149330755,0.09264333772425366,0.024901236230946117
245224000,30s_F,,0.0955865002273743,0.13561727087781358,0.04003077065043928
245266688,30s_F,1.0,0.7391446867530174,0.711647176863842,-0.02749750988917532
245465280,40s_F,0.0,0.08467638681206655,0.11039660961810435,0.025720222806037807
245565504,60+_F,0.0,0.18236986942027006,0.225683334630891,0.04331346521062093
245576640,40s_F,0.0,0.8770553005009429,0.9074979458271109,0.030442645326167916
245621184,30s_F,0.0,0.24483907955294204,0.26895831128687986,0.024119231733937818
245751104,40s_F,0.0,0.10152111873528984,0.11046767767202206,0.008946558936732227
245793792,60+_F,0.0,0.08373093684577258,0.1288143251034474,0.045083388257674814
245888448,30s_F,0.0,0.26422235647911274,0.2359076986511738,-0.028314657827938933
246003520,40s_F,0.0,0.4353181554685593,0.4241932186257589,-0.01112493684280036
246283776,30s_F,0.0,0.40279184079137764,0.3723666177637057,-0.03042522302767192
246287488,40s_F,0.0,0.8910416319763778,0.9058821866278697,0.014840554651491922
246289344,30s_F,0.0,0.5355691029815626,0.4163606584309047,-0.11920844455065788
246294912,40s_F,,0.8184727481398766,0.8386152384930496,0.02014249035317306
246339456,30s_F,0.0,0.06301691286486588,0.07662174490889152,0.013604832044025642
246649408,30s_F,1.0,0.19918781611863096,0.22007163635295013,0.020883820234319173
246764480,30s_F,0.0,0.19046937812339146,0.19257057883039355,0.0021012007070020933
247003904,50s_F,,0.9189393149172264,0.9246584731997237,0.005719158282497361
247007616,50s_F,1.0,0.06945242920444483,0.10406993875545051,0.034617509551005676
247341696,50s_F,,0.8376409247408092,0.8393317680034208,0.0016908432626115966
247510592,40s_F,0.0,0.799314202306207,0.8486578907202116,0.049343688414004605
247881792,50s_F,0.0,0.5639828445720607,0.5215624733244256,-0.04242037124763509
247926336,50s_M,,0.5914083746645253,0.6740754154902528,0.08266704082572751
248030272,50s_F,1.0,0.39606400572437667,0.3981262905644853,0.002062284840108619
248100800,40s_F,0.0,0.7901940888659184,0.820104295883627,0.029910207017708634
248592640,50s_F,0.0,0.15107070800763733,0.19274171335821655,0.041671005350579216
248611200,40s_F,0.0,0.7977152856709344,0.8575195293886764,0.059804243717741956
249297920,40s_F,,0.8841792963857422,0.911761262683586,0.02758196629784382
249314624,40s_F,0.0,0.8384785456770463,0.7997563834304168,-0.0387221622466295
249336896,60+_F,1.0,0.7178134177110438,0.7563735056934976,0.038560087982453806
249548480,30s_F,0.0,0.4849967857025688,0.5374576988858234,0.052460913183254576
249572608,30s_F,0.0,0.44166506560487995,0.5477208841806924,0.10605581857581248
250021760,40s_F,0.0,0.29319305752127733,0.3238026125882428,0.030609555066965444
250146112,30s_F,,0.5610680191422491,0.6493934802424376,0.08832546110018846
251174336,40s_F,0.0,0.610033496447306,0.6421867094928766,0.03215321304557062
251257856,30s_F,0.0,0.2217462138374425,0.2915196151186807,0.06977340128123818
251309824,40s_F,0.0,0.45807856333867797,0.5251894118719901,0.06711084853331212
251452736,40s_F,0.0,0.8831541862893013,0.8870208961645002,0.0038667098751988815
251534400,50s_M,,0.06966152311506302,0.07913781519072385,0.009476292075660836
251630912,50s_F,0.0,0.05853659811427291,0.10649824211833396,0.04796164400406105
251677312,40s_F,,0.16838888096652116,0.1882957010597549,0.019906820093233746
251732992,30s_F,1.0,0.09025862824769092,0.07745402239779212,-0.0128046058498988
251753408,40s_F,0.0,0.3313707416961651,0.3561266530099354,0.024755911313770307
251799808,40s_F,,0.10890366603735767,0.13977817167012735,0.03087450563276968
251874048,40s_F,,0.7702274341059574,0.7690191767821354,-0.0012082573238220151
252085632,30s_F,,0.09421972288481402,0.09831631466781911,0.004096591783005088
252202560,30s_F,0.0,0.331561439530223,0.33834100193527694,0.006779562405053952
252263808,50s_F,0.0,0.07130956384353325,0.08700365056865746,0.015694086725124207
252592320,30s_F,0.0,0.22546906975369457,0.2692161047815615,0.04374703502786692
252662848,30s_M,0.0,0.5628563674699547,0.6361776619808014,0.07332129451084668
252699968,30s_F,0.0,0.310936685650626,0.30285811761525244,-0.008078568035373546
252701824,30s_F,0.0,0.07493136306466107,0.11444237962643683,0.03951101656177576
252854016,50s_F,0.0,0.0833286098112449,0.10494725038271609,0.021618640571471184
253637248,40s_F,1.0,0.1978712582041654,0.21739587381455575,0.019524615610390345
253817280,30s_F,0.0,0.2784208652422761,0.29919559081706487,0.020774725574788766
254246016,30s_F,0.0,0.6073033342461194,0.6822437514761661,0.07494041723004674
254379648,50s_F,,0.9388465323701193,0.89977605139376,-0.039070480976359234
254513280,40s_F,0.0,0.883981580372466,0.8964672840980887,0.012485703725622743
254539264,60+_M,0.0,0.8847410510149519,0.8620749485954993,-0.02266610241945266
254585664,50s_F,0.0,0.6579401850357496,0.757779268124543,0.09983908308879341
254886336,40s_F,,0.7577962475168591,0.7175798624069434,-0.040216385109915764
255060800,30s_F,0.0,0.10646508650690727,0.09812110711566266,-0.008343979391244608
255101632,40s_F,0.0,0.34602422065551053,0.37526903002524725,0.029244809369736724
255643584,30s_F,0.0,0.07822916877780033,0.09896642093958857,0.020737252161788247
256272768,40s_F,0.0,0.894452327408033,0.9045674099863621,0.010115082578329049
256547456,50s_F,0.0,0.41965069662019167,0.3995372084359461,-0.020113488184245576
256733056,60+_F,0.0,0.08419427256354661,0.10183767226115846,0.017643399697611847
256816576,30s_F,0.0,0.8034088087398858,0.8448462102516436,0.04143740151175779
257011456,40s_F,0.0,0.549825256553412,0.5421470378728851,-0.0076782186805268715
257390080,30s_F,1.0,0.8805228420355313,0.8698342469736907,-0.010688595061840611
257987712,40s_F,0.0,0.2139277360972054,0.20117701922486556,-0.012750716872339835
258074944,40s_F,1.0,0.07072052512076778,0.08364161888453595,0.012921093763768168
258078656,40s_M,,0.8277143008716707,0.8587825947801615,0.03106829390849075
258091648,30s_F,0.0,0.47250228380544923,0.48396887925525567,0.011466595449806438
258128768,40s_F,0.0,0.10557440816734051,0.13736863979587707,0.03179423162853656
258271680,30s_F,1.0,0.7988181214762211,0.8159788022537211,0.017160680777499993
258527808,30s_F,0.0,0.6976277964329266,0.7078081600197366,0.01018036358680996
258737536,40s_M,0.0,0.14257814407346847,0.13511864938191015,-0.0074594946915583216
258765376,40s_F,,0.9063220525499617,0.9291079212955882,0.022785868745626492
258804352,50s_F,0.0,0.11077351367567688,0.13629036853195492,0.02551685485627804
258822912,40s_F,0.0,0.6749228029800521,0.6832320902354474,0.008309287255395259
258887872,30s_F,0.0,0.49452748481615677,0.48161976047093097,-0.012907724345225802
259426112,30s_F,1.0,0.08283780055515275,0.09092490922983859,0.008087108674685844
259570880,50s_F,0.0,0.10876467467119323,0.159213528959857,0.05044885428866376
260047872,60+_F,0.0,0.19012176670036715,0.24059733541780845,0.0504755687174413
260172224,60+_F,0.0,0.8158101044782841,0.76264840469242,-0.05316169978586405
260263168,50s_F,,0.1927012459773645,0.240946431209698,0.04824518523233351
260385664,40s_F,0.0,0.6144965339352734,0.7246355783088018,0.1101390443735284
260443200,40s_F,0.0,0.09145132897500234,0.13560555866874752,0.044154229693745176
261159616,60+_F,0.0,0.5134012704118207,0.38109820714867615,-0.13230306326314456
261432448,40s_F,0.0,0.07222596175213801,0.08242642448576748,0.01020046273362947
261618048,30s_F,0.0,0.6461380592874216,0.763377236932378,0.1172391776449564
261918720,60+_M,,0.7139442604961441,0.6124533640737417,-0.10149089642240239
262367872,40s_F,0.0,0.0934054174422376,0.13720097936388861,0.043795561921651016
262870848,50s_F,0.0,0.7215672295153727,0.7638738986164395,0.04230666910106684
262928384,30s_F,,0.8858373398305527,0.9038143353731419,0.017976995542589247
262941376,50s_F,0.0,0.8897183376818992,0.8972716836012222,0.007553345919322996
262950656,30s_F,,0.8087963634583548,0.8379030469759746,0.029106683517619802
262998912,30s_F,,0.6544145706339193,0.63620889266335,-0.018205677970569267
263004480,30s_F,,0.8431776000400393,0.8504489160527244,0.007271316012685158
263052736,30s_F,,0.5917948177417824,0.6532429684066098,0.06144815066482734
263071296,40s_F,0.0,0.8760412973165534,0.9008702445668579,0.02482894725030449
263075008,40s_F,,0.5920193041834192,0.580116050713763,-0.01190325346965615
263106560,50s_F,0.0,0.1093350396189292,0.13996639268804206,0.030631353069112868
263145536,60+_F,0.0,0.08161553869938479,0.11427238551289381,0.03265684681350903
263208640,40s_F,0.0,0.36178256830943056,0.37709402109395945,0.01531145278452889
263284736,50s_F,0.0,0.815239301146658,0.8844261557714317,0.0691868546247737
263292160,30s_F,0.0,0.5282052981918242,0.6023424102069683,0.07413711201514417
263320000,30s_F,0.0,0.327277719943196,0.3504717774525499,0.023194057509353938
263351552,30s_F,0.0,0.32446021295841243,0.33988253528048773,0.0154223223220753
263368256,40s_F,,0.950514229641066,0.9004603893928411,-0.0500538402482249
263407232,40s_F,1.0,0.781323951287677,0.7549456822781139,-0.026378269009563082
263427648,40s_F,0.0,0.7757457834082255,0.837274069827497,0.06152828641927144
263431360,40s_F,0.0,0.1647885952784906,0.19985044088407578,0.035061845605585173
263505600,60+_F,,0.40648085849587673,0.4439149832470577,0.037434124751180964
263516736,30s_F,0.0,0.28954865953352316,0.2953917989336929,0.005843139400169728
263758016,60+_F,0.0,0.3420440191733853,0.3066097706951076,-0.0354342484782777
263821120,30s_F,1.0,0.7810068507396114,0.8314365112986225,0.0504296605590111
263832256,40s_F,,0.7892675966703794,0.8229832451438597,0.0337156484734803
263897216,50s_F,0.0,0.07197690038946959,0.08885355069693512,0.016876650307465532
263908352,30s_F,0.0,0.24040697238394151,0.2595591633295896,0.0191521909456481
263938048,50s_F,0.0,0.7935751524828863,0.8608590052737268,0.06728385279084048
263973312,40s_F,,0.7269873955868227,0.6909031368255117,-0.03608425876131094
264047552,40s_F,0.0,0.3079718491991108,0.2961353862588337,-0.011836462940277126
264151488,40s_F,,0.5581031509665343,0.5204646580668824,-0.03763849289965193
264157056,50s_M,0.0,0.1363695861105803,0.22352343477541303,0.08715384866483272
264207168,40s_F,0.0,0.9031985493991573,0.9143161708128844,0.011117621413727075
264273984,50s_F,,0.34572428292909196,0.3141914107496939,-0.03153287217939804
264517120,30s_M,0.0,0.06034607715253849,0.10611507493975246,0.04576899778721397
264533824,50s_F,0.0,0.9107976021983789,0.9210638389071717,0.010266236708792786
264537536,40s_F,,0.1723893959122282,0.2001833899671704,0.027793994054942178
264548672,30s_F,0.0,0.5737806167472435,0.5178077278110993,-0.05597288893614416
264673024,60+_F,,0.7788109957344616,0.7497242376538555,-0.029086758080606012
264899456,40s_F,0.0,0.7511631035308254,0.6799693891234998,-0.07119371440732558
264942144,30s_F,0.0,0.8413056183043652,0.840706582870868,-0.0005990354334972636
265005248,40s_F,0.0,0.7664163598952216,0.7867348178662259,0.02031845797100429
265008960,30s_F,,0.8803735304730625,0.8993290638889795,0.018955533415916936
265155584,30s_F,,0.15237542665930864,0.2127007491386889,0.060325322479380245
265168576,30s_F,0.0,0.474397597615113,0.4258364242334302,-0.04856117338168281
265242816,40s_F,0.0,0.7745721737917824,0.7169060703058068,-0.05766610348597567
265270656,60+_F,0.0,0.9151438318579779,0.9082184779461859,-0.006925353911791943
265341184,60+_M,1.0,0.14057576774518568,0.19869219927453358,0.058116431529347895
265465536,50s_F,0.0,0.059274140307913364,0.10646276742815719,0.047188627120243826
265471104,50s_F,,0.24963156906208503,0.2913019988169366,0.04167042975485155
265740224,50s_F,0.0,0.2830555892930197,0.28085712888864267,-0.002198460404377045
266449216,40s_F,0.0,0.90093537171145,0.9135301219022225,0.012594750190772497
266480768,60+_F,0.0,0.457280686557763,0.4836684109036014,0.026387724345838415
266619968,40s_F,0.0,0.25596299423082075,0.25398707871605003,-0.001975915514770721
266658944,40s_M,0.0,0.08292721460288459,0.0956083510581265,0.01268113645524191
266662656,60+_M,0.0,0.11151961017588277,0.127994619077728,0.016475008901845223
266688640,40s_F,0.0,0.8798756424386301,0.7959224225781745,-0.08395321986045567
266701632,40s_F,0.0,0.1268714628325071,0.16157014984651252,0.034698687014005414
266766592,30s_F,0.0,0.12189949998516546,0.1458750611916014,0.023975561206435944
266863104,50s_F,,0.1927245372485306,0.2318483387642398,0.03912380151570921
266942912,40s_F,0.0,0.509853859950013,0.5602760541037302,0.05042219415371718
267093248,40s_F,0.0,0.78172177403835,0.8397919846314695,0.058070210593119564
267100672,60+_F,0.0,0.9040131010582101,0.905468469866269,0.0014553688080589655
267106240,40s_F,0.0,0.20252081598657792,0.2306045269195122,0.02808371093293427
267210176,40s_F,0.0,0.8936348510069969,0.9179268184941857,0.02429196748718876
267299264,50s_F,,0.07413145076971431,0.11101914233003779,0.03688769156032348
267343808,30s_F,0.0,0.06253986512111935,0.1129625505706861,0.050422685449566754
267358656,40s_F,,0.16670954246919692,0.1898177644887397,0.023108222019542768
267440320,30s_F,,0.13343384316100243,0.13370120569502983,0.00026736253402739885
267677888,40s_F,,0.5115462382173446,0.43684658404835813,-0.07469965416898644
267681600,40s_F,0.0,0.08252079698018544,0.10032150131922664,0.0178007043390412
267685312,30s_F,0.0,0.8761703216148098,0.8783751127104013,0.002204791095591463
267690880,60+_F,,0.10820868312161391,0.15200117644755382,0.0437924933259399
267705728,40s_F,0.0,0.7855832541188669,0.8395385440520964,0.05395528993322951
267891328,30s_F,,0.7977734146932604,0.8232533509498704,0.025479936256610047
267904320,30s_F,0.0,0.15508364280767886,0.14645562037562385,-0.008628022432055016
268089920,60+_F,,0.8568248202162022,0.8732701439864755,0.0164453237702733
268104768,40s_F,1.0,0.6494871771996157,0.621113283491086,-0.028373893708529718
268151168,40s_F,,0.33088657655989473,0.379859642682042,0.048973066122147246
268308928,40s_F,0.0,0.3015194018140212,0.3229644465041081,0.0214450446900869
268323776,30s_F,,0.7700849129035625,0.6577291929119279,-0.11235571999163463
268327488,40s_F,0.0,0.14973656697159377,0.17850510432300998,0.028768537351416212
268388736,60+_F,0.0,0.9012971180914442,0.8765182348897551,-0.024778883201689084
268411008,40s_F,1.0,0.4827295719267846,0.47113745578766464,-0.011592116139119979
268895424,60+_F,0.0,0.08354389248337654,0.12429387603210856,0.04074998354873202
269049472,40s_F,0.0,0.09543437559253498,0.11975445080860608,0.024320075216071102
269246208,30s_F,0.0,0.9393762614365272,0.8750581264360272,-0.06431813500049999
269259200,40s_F,0.0,0.8645339578650774,0.8947986140279646,0.030264656162887205
269387264,30s_F,,0.13519158700242198,0.13393822826667243,-0.0012533587357495546
269418816,40s_F,0.0,0.23444727969759083,0.23999297578644171,0.005545696088850888
269470784,30s_F,0.0,0.4061166375456137,0.35827349481149057,-0.047843142734123156
269535744,40s_F,1.0,0.5951535255406255,0.720799483860731,0.1256459583201055
269558016,40s_F,0.0,0.8951894874628442,0.8988159375582192,0.003626450095374989
269604416,40s_F,,0.8064277425325898,0.8160538907834333,0.009626148250843514
269639680,60+_F,0.0,0.7219166480933532,0.6082158316993052,-0.11370081639404805
269932928,40s_F,,0.3001950412567028,0.3364629880733255,0.036267946816622654
269936640,40s_F,0.0,0.20309919085349368,0.21560919587147606,0.012510005017982384
269944064,40s_F,0.0,0.5328905393795594,0.5412596083223811,0.008369068942821634
269949632,30s_F,0.0,0.15519530632123257,0.1571438876377376,0.0019485813165050214
269994176,30s_F,,0.6271010892917331,0.6698848481864427,0.042783758894709534
270031296,40s_F,,0.10348126219758384,0.14901388287790818,0.045532620680324334
270048000,40s_F,,0.07734768356195935,0.0932213386931613,0.01587365513120194
270062848,40s_F,,0.8515707766892585,0.8279173393577851,-0.023653437331473404
270118528,40s_F,0.0,0.1139153990493372,0.14042834261687925,0.026512943567542052
270129664,50s_F,,0.38438194468108905,0.4106967920754231,0.02631484739433404
270138944,50s_F,,0.8926385620656034,0.9003236643131474,0.007685102247543929
270322688,30s_F,,0.2528766025873734,0.28923137579405833,0.036354773206684954
270346816,40s_M,0.0,0.851008463021546,0.8518496575488095,0.0008411945272635002
270382080,30s_F,0.0,0.2536612687385377,0.25968097341766977,0.006019704679132043
270545408,40s_F,0.0,0.10934728645655774,0.15985750315139732,0.050510216694839585
270575104,30s_M,0.0,0.0646427068240833,0.10459611268178953,0.03995340585770624
270627072,40s_F,0.0,0.09630456921922213,0.1086763511665146,0.012371781947292465
271076224,40s_F,0.0,0.7548459060150969,0.6781874419490879,-0.07665846406600907
271243264,50s_F,0.0,0.07355117466415943,0.10331141988784985,0.029760245223690418
271412160,30s_F,,0.3257394317746695,0.3500825456912215,0.024343113916551973
271484544,40s_F,1.0,0.39502113067173256,0.3523844000024289,-0.04263673066930368
271512384,50s_F,0.0,0.8852659852409941,0.8895608282135308,0.004294842972536683
271516096,40s_F,0.0,0.11412912777414673,0.1472684018535508,0.03313927407940408
271887296,50s_F,0.0,0.26699932272608906,0.31124273708768807,0.04424341436159901
271974528,40s_F,,0.8995264751622701,0.9122078218078552,0.012681346645585068
271976384,60+_F,,0.07131939770628987,0.09280240834687872,0.021483010640588857
272187968,40s_M,0.0,0.10047479653903713,0.13329169344785946,0.032816896908822335
272349440,<30_F,1.0,0.13748340411244792,0.2263992174040612,0.08891581329161327
272360576,30s_F,0.0,0.10719744731618457,0.1522549416283761,0.04505749431219154
272366144,60+_F,1.0,0.8223636017947307,0.8707672736913692,0.04840367189663852
272369856,30s_F,0.0,0.8853041861400247,0.90550233483829,0.020198148698265306
272516480,40s_F,1.0,0.7562298477713998,0.7928259101161085,0.03659606234470869
272529472,40s_F,0.0,0.7863833500774089,0.8180079687966737,0.03162461871926481
272832000,50s_F,0.0,0.14954168010347788,0.1807781191971769,0.031236439093699025
272844992,30s_F,,0.4245859558439086,0.5592430045465072,0.1346570487025986
272859840,40s_F,0.0,0.3532398205271808,0.35192740053359634,-0.001312419993584446
272924800,40s_F,0.0,0.2249534085956518,0.27645345338264443,0.05150004478699263
272937792,30s_F,,0.37045248243721873,0.3629727229785075,-0.00747975945871121
273041728,30s_M,0.0,0.9051471435196282,0.9016930733976528,-0.0034540701219754055
273171648,30s_M,0.0,0.10680293208049119,0.15223027846334053,0.04542734638284934
273472320,60+_F,0.0,0.8886017631264251,0.9177915302107945,0.029189767084369378
273490880,40s_F,1.0,0.8887757313596127,0.8705091739191627,-0.018266557440450026
273513152,60+_F,0.0,0.5159681395602712,0.40998922356355494,-0.10597891599671627
273592960,30s_F,1.0,0.07133057032447133,0.09834834944566802,0.027017779121196683
273724736,30s_F,0.0,0.18115807100468292,0.20681767999773176,0.025659608993048838
273741440,60+_F,0.0,0.21335830675039807,0.28720042509415805,0.07384211834375998
273769280,40s_F,1.0,0.11388858675982283,0.15735278352644577,0.04346419676662294
273904768,30s_F,0.0,0.5247625819081021,0.5399577298911454,0.015195147983043333
274047680,<30_F,0.0,0.1165263063600024,0.141821356432411,0.025295050072408606
274092224,30s_F,0.0,0.6105615501300296,0.6834978759928464,0.07293632586281684
274287104,30s_F,0.0,0.5357462855355514,0.4363116907848448,-0.0994345947507066
274346496,40s_F,0.0,0.12675108260257045,0.13743689272923676,0.010685810126666306
274353920,40s_F,,0.2557797822947002,0.2907411351354151,0.03496135284071489
274398464,<30_F,,0.4873861049873776,0.4609488709625863,-0.026437234024791312
274665728,30s_F,,0.593366463940485,0.4919795006227641,-0.1013869633177209
274704704,60+_F,0.0,0.1155266202518013,0.14524754247195737,0.02972092222015607
274710272,40s_F,0.0,0.08482598132120577,0.08203466592114309,-0.00279131540006268
274754816,30s_F,,0.14865998377804931,0.16652338285224413,0.01786339907419482
274795648,40s_F,0.0,0.21488820320693564,0.22094768899748654,0.006059485790550906
274945984,40s_F,0.0,0.4015131659683285,0.39183026999843984,-0.009682895969888639
274966400,30s_F,,0.8065296003275241,0.8584029798920108,0.05187337956448668
274988672,60+_F,1.0,0.9401115408748361,0.9152607131373991,-0.024850827737436965
275005376,30s_F,0.0,0.17087193026805708,0.2006833236251911,0.02981139335713401
275023936,40s_F,0.0,0.215279613811029,0.2564161400083727,0.041136526197343704
275088896,50s_F,,0.14615872624466358,0.18457586291927328,0.03841713667460969
275304192,40s_F,,0.2710724188687161,0.26719303293848923,-0.003879385930226853
275530624,50s_F,0.0,0.08098565265367517,0.08824530131039704,0.007259648656721865
275656832,60+_F,0.0,0.857960549011536,0.886039285536922,0.02807873652538606
275868416,40s_F,1.0,0.8080376208758838,0.85294232905236,0.04490470817647618
276003904,50s_F,1.0,0.36924662926761637,0.32911250314652896,-0.04013412612108741
276009472,30s_F,1.0,0.09395251843533449,0.0963550443429308,0.0024025259075963062
276059584,40s_F,0.0,0.07370318717072294,0.10845171868306362,0.03474853151234068
276091136,50s_F,1.0,0.06379286758361015,0.10654914430500288,0.04275627672139273
276226624,40s_F,0.0,0.07173095878928477,0.10045232260347559,0.028721363814190812
276239616,40s_F,,0.15856091482815135,0.22545425631862437,0.06689334149047302
276480896,40s_F,0.0,0.43255153782356587,0.3752679275957571,-0.05728361022780876
276612672,30s_F,0.0,0.2833441224269092,0.32124535253618175,0.03790123010927254
276772288,40s_F,0.0,0.07219066449213081,0.10981616608501986,0.03762550159288905
276898496,60+_F,1.0,0.2870394699325471,0.23543559176525478,-0.05160387816729231
276913344,60+_F,0.0,0.7644017444182433,0.7930504780804624,0.028648733662219095
276972736,30s_F,1.0,0.08809323870394328,0.0984395122658356,0.010346273561892314
277468288,30s_F,,0.575457706083905,0.5029683903521002,-0.07248931573180484
277488704,50s_F,,0.4706364294321665,0.43356954557987704,-0.037066883852289456
277923008,30s_F,,0.08335401685953181,0.12509130950284975,0.041737292643317936
278010240,50s_F,0.0,0.7470766343982137,0.8117625513538723,0.06468591695565862
278271936,40s_F,0.0,0.7217737601995166,0.698890629618,-0.022883130581516586
278283072,50s_F,0.0,0.14356699666276151,0.21044553552503573,0.06687853886227421
278856576,50s_F,0.0,0.11784680948919991,0.15892541737377872,0.0410786078845788
278902976,40s_F,0.0,0.09788772904414608,0.1573856595758679,0.05949793053172181
278949376,40s_F,0.0,0.1319511029521816,0.14480859795601944,0.012857495003837843
278956800,40s_F,0.0,0.09414889296567643,0.11756119119588795,0.02341229823021153
279008768,50s_F,0.0,0.9485893700185721,0.914769479314418,-0.03381989070415414
279181376,40s_F,1.0,0.8292576664689387,0.7853506243404688,-0.043907042128469964
279287168,50s_F,,0.6161296642463967,0.7119555451868217,0.09582588094042499
279456064,40s_F,,0.41910877357851406,0.3433425515684445,-0.07576622201006955
279522880,40s_F,,0.08117645531339215,0.12918081862721112,0.048004363313818965
279587840,40s_F,1.0,0.11540836814205178,0.13817790641653105,0.022769538274479265
279595264,40s_F,0.0,0.9473621922846656,0.8967582619528551,-0.05060393033181043
279736320,60+_F,0.0,0.5529980228900839,0.6754844199419029,0.12248639705181896
279743744,60+_F,0.0,0.8750683320461414,0.8816986152842801,0.0066302832381386345
279875520,30s_F,0.0,0.10444092776211696,0.1417020963963302,0.037261168634213235
279907072,30s_F,,0.4457583267417865,0.41923347554486157,-0.026524851196924937
280062976,50s_F,,0.8919466564937037,0.9062868507012499,0.014340194207546175
280135360,40s_F,0.0,0.46064799085185193,0.5965256275827104,0.1358776367308585
280146496,30s_F,,0.49006893284441183,0.5629788690445556,0.0729099362001438
280289408,50s_F,0.0,0.06984306618203134,0.11226524793692302,0.04242218175489168
280436032,50s_F,,0.8514444535377317,0.8646754512215803,0.013230997683848611
280816512,50s_F,0.0,0.3570144434516802,0.3868099754535339,0.029795532001853697
280922304,30s_F,,0.2747962607838295,0.2912310886865868,0.0164348279027573
280950144,30s_F,0.0,0.4152323553079497,0.5289440439237787,0.11371168861582898
281258240,60+_M,0.0,0.09864142804583159,0.15356444424953947,0.054923016203707875
281276800,40s_F,0.0,0.7129835458950987,0.7160449903996914,0.0030614445045926697
281423424,40s_F,,0.48517687048134994,0.4722592462416037,-0.01291762423974624
281456832,30s_F,,0.8217162938815722,0.8111799722108435,-0.01053632167072871
281555200,30s_F,,0.07045593171045865,0.07732692285516875,0.006870991144710098
281646144,30s_F,0.0,0.0893370829605816,0.12442769367908368,0.035090610718502085
281649856,30s_F,,0.9436815243042053,0.8877502722261549,-0.055931252078050386
282004352,50s_F,,0.8956108060150537,0.9048797240030835,0.009268917988029757
282043328,30s_F,0.0,0.8603676256082412,0.8380175189009161,-0.022350106707325068
282238208,60+_F,0.0,0.8928825060685693,0.8979055170727043,0.005023011004134936
282574144,40s_F,0.0,0.1557658554461635,0.2096860073279047,0.05392015188174121
282603840,30s_F,1.0,0.8309631675040282,0.8629033504623206,0.031940182958292374
282728192,40s_F,1.0,0.5995518308749435,0.7088449016407513,0.10929307076580785
282809856,50s_F,0.0,0.7609637690018842,0.6803415529500613,-0.08062221605182296
283036288,40s_F,0.0,0.7675960455993353,0.7992527412509678,0.03165669565163254
283138368,60+_M,0.0,0.6173154414579171,0.6547111479022615,0.03739570644434442
283194048,30s_F,1.0,0.0811355508988585,0.09039704646591719,0.009261495567058686
283270144,50s_F,,0.8747662186789281,0.8985249108854579,0.02375869220652982
283487296,40s_F,0.0,0.11019920204519534,0.1298270637783224,0.019627861733127056
283507712,40s_F,0.0,0.14552680440317212,0.213708611305541,0.06818180690236889
283520704,30s_F,0.0,0.1349514701943652,0.17197078832887042,0.03701931813450521
283645056,60+_F,0.0,0.7878002316126862,0.833764342453184,0.045964110840497785
283672896,40s_F,0.0,0.25202874773021855,0.2529107846628512,0.0008820369326326682
284209280,60+_F,0.0,0.5959868201856611,0.6652590031956369,0.06927218300997584
284233408,50s_F,0.0,0.5813966176640633,0.5068349361060406,-0.07456168155802267
284545216,30s_F,0.0,0.19134099807457466,0.20199286333147914,0.01065186525690448
284831040,30s_F,0.0,0.07414579590210818,0.09650430078773573,0.022358504885627545
285252352,40s_F,0.0,0.8680413064021502,0.8271019280327608,-0.04093937836938932
285512192,50s_F,0.0,0.9048687197158612,0.9106899032009905,0.005821183485129278
285517760,40s_F,1.0,0.17801032268620864,0.2338646885270116,0.055854365840802944
285554880,50s_F,1.0,0.10499120243756568,0.15089282455585912,0.045901622118293434
285677376,30s_F,0.0,0.6714102470675232,0.612426840017888,-0.05898340704963512
285721920,40s_F,,0.911282461620445,0.9110046539412443,-0.0002778076792007145
285772032,30s_F,0.0,0.8468902014689382,0.810402971159655,-0.03648723030928325
285909376,50s_F,0.0,0.2512442071519748,0.25843487546601535,0.007190668314040527
286043008,30s_F,0.0,0.4074543556867768,0.335238954946197,-0.0722154007405798
286119104,60+_F,0.0,0.09177158219771739,0.12865720747762194,0.03688562527990455
286171072,40s_F,0.0,0.5479937463725306,0.5517723895736587,0.0037786432011280846
286185920,60+_F,1.0,0.20596336757099024,0.24312154992878732,0.03715818235779708
286189632,30s_F,0.0,0.16532846552585354,0.20308239191931338,0.03775392639345984
286378944,40s_F,0.0,0.07473928944787972,0.09390573631390357,0.019166446866023854
286744576,40s_F,,0.17424589808038274,0.1687573241151431,-0.005488573965239635
286792832,30s_F,0.0,0.06689259762175886,0.10950276976611517,0.042610172144356306
286796544,50s_F,0.0,0.783351780872423,0.755899374857592,-0.02745240601483101
286980288,30s_F,0.0,0.15158369757982018,0.1668793908934643,0.01529569331364411
287039680,40s_F,0.0,0.18039153760151985,0.18778414867767432,0.007392611076154465
287262400,40s_F,0.0,0.2475654642370363,0.2761684603377496,0.028602996100713318
287292096,30s_F,,0.8831363432704668,0.8986746382757121,0.015538295005245395
287308800,50s_F,1.0,0.08879511110181129,0.10776073640989202,0.018965625308080727
287518528,40s_F,0.0,0.5725221554548673,0.5811326993566276,0.008610543901760304
287659584,50s_F,0.0,0.7759641395230052,0.7720141556847077,-0.003949983838297588
287670720,30s_F,0.0,0.18941339403593724,0.1848009566268549,-0.004612437409082348
287822912,50s_F,0.0,0.8145407726172931,0.7619120023414858,-0.05262877027580726
287928704,40s_F,1.0,0.6352547087230073,0.7009166579327625,0.06566194920975521
287973248,40s_F,0.0,0.5150983257869332,0.4888471748291084,-0.026251150957824765
288734208,30s_F,0.0,0.5459738040182466,0.5605307796518454,0.014556975633598812
288873408,60+_F,0.0,0.07865501946878403,0.10865300809828249,0.029997988629498457
289242752,30s_F,0.0,0.08242458371793093,0.10466614366547684,0.02224155994754591
289248320,30s_F,0.0,0.7109584876815918,0.7580241803255539,0.0470656926439621
289402368,50s_F,0.0,0.11828770273938555,0.15742192745769057,0.03913422471830502
289652928,40s_F,0.0,0.805824898474851,0.8554701092437295,0.04964521076887851
290228288,40s_F,0.0,0.6667628989581702,0.5904212659476904,-0.0763416330104798
290309952,40s_F,0.0,0.07382207992287952,0.11208503905075937,0.038262959127879845
290339648,30s_F,1.0,0.34999161012629104,0.3565130787744995,0.006521468648208462
290421312,50s_F,0.0,0.510304533850747,0.6223152671054444,0.11201073325469735
290623616,30s_F,0.0,0.21322083130526137,0.2674966086190398,0.05427577731377842
290673728,30s_F,0.0,0.07920654765716675,0.07436395176661403,-0.00484259589055272
290824064,30s_F,0.0,0.45673688938344975,0.3545496435366424,-0.10218724584680733
291050496,50s_F,,0.8890844445726701,0.9161576508444992,0.027073206271829076
291074624,50s_F,0.0,0.9003934404839689,0.8931335022402501,-0.007259938243718733
291258368,60+_F,1.0,0.8761061560798286,0.8911000157726598,0.01499385969283129
291417984,30s_F,0.0,0.06823743156359503,0.08515207036024043,0.016914638796645398
292115840,60+_F,1.0,0.8762848596653942,0.8823872824519503,0.00610242278655615
292234624,50s_F,0.0,0.1381809880703386,0.14427712364256912,0.0060961355722305155
292381248,40s_F,0.0,0.24435719641283948,0.27279353611702367,0.028436339704184188
292383104,40s_F,1.0,0.10729207807018035,0.12551970830178433,0.01822763023160398
292576128,30s_F,0.0,0.5518194867093175,0.6435992274021196,0.09177974069280215
292787712,30s_F,0.0,0.18797201698300153,0.1423799007993553,-0.045592116183646225
292811840,50s_M,0.0,0.13313226660071953,0.20114161074843173,0.0680093441477122
292904640,50s_F,0.0,0.0832041991785632,0.09871349012631862,0.015509290947755425
292980736,60+_F,1.0,0.4917268786757825,0.4991124119015817,0.007385533225799157
293001152,30s_F,0.0,0.8843472164825434,0.8924949223151545,0.00814770583261104
293190464,30s_F,1.0,0.7574768515796945,0.7712554687202022,0.013778617140507765
293526400,30s_F,0.0,0.17316155629602378,0.19290137632597673,0.019739820029952948
293732416,60+_F,0.0,0.48772972040070384,0.5829537933369223,0.09522407293621848
293767680,50s_F,0.0,0.4060560819501542,0.40242863062485595,-0.0036274513252982366
294005248,30s_F,,0.3517371996898702,0.3233624234088054,-0.02837477628106483
294255808,40s_F,0.0,0.7803452624772248,0.6758733343101307,-0.10447192816709405
294677120,30s_F,0.0,0.5499159106507476,0.6049499532799928,0.05503404262924516
294678976,50s_F,0.0,0.8909680037419642,0.9110723220348466,0.020104318292882395
294892416,30s_F,0.0,0.42207552992938746,0.3637195806222789,-0.05835594930710858
294910976,30s_F,0.0,0.07032813269283594,0.10476891665726008,0.03444078396442414
295180096,40s_F,0.0,0.42712517763299734,0.42263785798738546,-0.004487319645611887
295204224,40s_F,0.0,0.7686043286923632,0.7977406452032773,0.029136316510914084
295877952,40s_F,1.0,0.09277959525010467,0.13989988706426337,0.04712029181415871
296186048,30s_F,0.0,0.07090312139106623,0.11142577846325397,0.04052265707218773
296217600,50s_F,0.0,0.16941846525742235,0.17634367633568376,0.006925211078261412
296275136,40s_F,1.0,0.2807190390475987,0.31643200965476326,0.03571297060716455
296347520,60+_F,1.0,0.8956455045310666,0.8748837814072726,-0.020761723123793985
296483008,40s_F,,0.8912249923436351,0.8882278650042603,-0.002997127339374739
296484864,40s_F,0.0,0.7975557881506742,0.6705754188558376,-0.12698036929483658
296618496,30s_F,0.0,0.08220613940205702,0.11574433253379608,0.03353819313173906
297028672,40s_F,0.0,0.9505181099508825,0.9223866576360794,-0.028131452314803074
297132608,60+_M,0.0,0.6866346330975837,0.7621454088543621,0.07551077575677845
297372032,40s_F,0.0,0.07752908443085167,0.09059181431223166,0.013062729881379992
297746944,50s_F,0.0,0.23519019517665235,0.2124881447391683,-0.02270205043748405
297921408,40s_F,0.0,0.08970872933253378,0.13672309500452134,0.047014365671987565
297999360,30s_F,0.0,0.8157241143413781,0.8570126415592564,0.041288527217878235
298218368,50s_F,0.0,0.6793426609675083,0.7123369042984798,0.03299424333097156
298353856,40s_F,0.0,0.35800546860610694,0.35708250422511917,-0.0009229643809877675
298736192,40s_F,0.0,0.17075193460884108,0.18920482858594304,0.018452893977101953
298973760,30s_F,,0.37684784231363766,0.40512902492505953,0.028281182611421873
299109248,30s_F,,0.28465361113018345,0.2680874616024266,-0.016566149527756868
299194624,40s_F,0.0,0.15932570390674053,0.18454680565783488,0.02522110175109435
299400640,30s_F,0.0,0.8747149593007905,0.8830740360276321,0.008359076726841663
299684608,40s_F,0.0,0.3370208280093927,0.3280109185379169,-0.009009909471475785
299714304,60+_F,,0.5989066645552432,0.5654095985667295,-0.03349706598851376
299860928,40s_F,0.0,0.2928720630201096,0.3337773010656571,0.04090523804554752
300328640,30s_F,0.0,0.17733674881298697,0.1669790109982708,-0.010357737814716161
300582912,40s_F,0.0,0.18091723041538935,0.22331645985891518,0.04239922944352584
300610752,40s_F,0.0,0.4183566636486338,0.4890006751666886,0.07064401151805483
300657152,30s_F,0.0,0.49553959354901883,0.6380452059396913,0.14250561239067244
300744384,50s_F,0.0,0.09352217455887425,0.10560617643928291,0.01208400188040866
300800064,60+_F,0.0,0.8127726345747681,0.833667488219445,0.020894853644676914
300861312,50s_F,0.0,0.2430446404075789,0.26478450640859874,0.021739866001019847
301570304,30s_F,1.0,0.07657067647559607,0.0843479095400875,0.0077772330644914345
301698368,40s_F,0.0,0.8005094427348735,0.8275790386507945,0.027069595915921063
301935936,40s_F,,0.460090537972061,0.5455368395997574,0.0854463016276964
301961920,40s_F,0.0,0.740694881942968,0.7361163929467494,-0.004578488996218599
303088512,40s_F,0.0,0.10412196015361702,0.1343651701744225,0.03024321002080549
303108928,40s_F,0.0,0.3699658794277264,0.2977113934657856,-0.07225448596194078
303155328,50s_F,0.0,0.8870906222449456,0.9004883436991815,0.0133977214542359
303170176,40s_F,0.0,0.07010119047814291,0.10152051258191731,0.031419322103774405
303227712,50s_F,0.0,0.16886143529457326,0.2127902246692057,0.04392878937463243
303702848,30s_F,,0.07158370517172753,0.0973865416310205,0.025802836459292974
303719552,40s_F,0.0,0.4592056199080819,0.414299710875639,-0.0449059090324429
304196544,30s_F,0.0,0.8310565118534963,0.846242345699483,0.015185833845986707
304202112,30s_F,0.0,0.07279411273090422,0.08376847681459915,0.010974364083694926
304491648,60+_F,0.0,0.6891024316620695,0.6439807234312751,-0.04512170823079442
304493504,40s_F,0.0,0.45419004239139527,0.4708108709256711,0.016620828534275822
304623424,30s_F,0.0,0.14915811705633825,0.1698482181523617,0.020690101096023455
304630848,40s_F,0.0,0.7865359296558628,0.8094606465993814,0.022924716943518608
304684672,30s_F,0.0,0.36093624064220997,0.38948113883530033,0.028544898193090362
305059584,30s_F,0.0,0.08099780387659533,0.1234239970455794,0.042426193168984064
305336128,30s_F,0.0,0.15466120684328685,0.1886368766833061,0.033975669840019235
305493888,30s_M,,0.21925589107150403,0.20400069799281084,-0.015255193078693191
305523584,60+_F,,0.7753301127140209,0.8085232716066048,0.033193158892583896
305640512,30s_F,,0.7889911463885935,0.8296772283494072,0.04068608196081369
305644224,30s_F,0.0,0.1975272879517117,0.2146247900856546,0.0170975021339429
305788992,60+_F,0.0,0.0907971618438812,0.13963808738165903,0.04884092553777783
305829824,50s_F,0.0,0.1549035010323311,0.20086393119668544,0.04596043016435433
306080384,30s_F,,0.10035263319733642,0.0884031049543407,-0.011949528242995722
306117504,30s_F,0.0,0.6065609571925733,0.7306273349732203,0.124066377780647
306497984,40s_F,,0.09747719205032186,0.13584836321404184,0.03837117116371998
306811648,50s_F,,0.07592447696152467,0.11539797874896161,0.03947350178743694
306898880,30s_F,,0.5479970176139616,0.5890238900566369,0.04102687244267533
306952704,40s_F,0.0,0.1475602962962841,0.22775628569836917,0.08019598940208508
307071488,30s_F,0.0,0.32058409760416323,0.32795093152345806,0.007366833919294824
307080768,40s_F,,0.3483431395462285,0.3783952678087835,0.030052128262555045
307284928,40s_F,0.0,0.8753796207594818,0.8947152705165153,0.019335649757033502
307368448,30s_F,,0.8505867633825267,0.870570777991266,0.01998401460873933
307528064,40s_F,,0.24354627199039203,0.2417044628323285,-0.0018418091580635343
307628288,40s_F,,0.3019031946156603,0.3293123909511322,0.027409196335471897
307711808,30s_F,1.0,0.31530608798663695,0.37873698944693435,0.0634309014602974
307793472,30s_F,,0.7513953712820189,0.7676912213233813,0.01629585004136236
307845440,30s_F,0.0,0.733928142459041,0.7413159903290407,0.007387847869999686
307927104,40s_F,0.0,0.351492583452535,0.35801169048637,0.006519107033835014
307934528,30s_F,,0.6629539699766052,0.6534803381684298,-0.009473631808175398
308021760,30s_F,0.0,0.23110192495987078,0.27250207589419845,0.04140015093432767
308025472,60+_F,0.0,0.17939757336582104,0.20817028271074295,0.028772709344921904
308134976,40s_F,0.0,0.19890250335503568,0.2572807435043271,0.05837824014929144
308521024,30s_F,0.0,0.15609569545110671,0.232948474299856,0.07685277884874928
308569280,30s_F,0.0,0.944176113256375,0.9007689563827452,-0.043407156873629726
308617536,50s_F,,0.12191422795962405,0.13529921984373539,0.013384991884111339
308619392,40s_F,0.0,0.3321130285574479,0.306477773586279,-0.02563525497116892
308762304,40s_F,0.0,0.10444320217982751,0.11298786152827897,0.008544659348451458
308842112,40s_F,0.0,0.23560702125319063,0.21444676197076035,-0.021160259282430288
308955328,40s_F,,0.4696184555182999,0.43584741292740714,-0.03377104259089275
309038848,60+_F,,0.7265133108740287,0.6474842127156224,-0.07902909815840631
309096384,30s_F,,0.4066612703022986,0.4857113155148364,0.07905004521253778
309256000,40s_F,0.0,0.894190290435224,0.9006479976943903,0.006457707259166279
309417472,40s_F,,0.07108697324133723,0.09977542091150939,0.02868844767017216
309424896,30s_F,,0.25256667621665174,0.256267213731061,0.003700537514409241
309616064,30s_F,,0.45434896383970125,0.5557740420713552,0.10142507823165392
309627200,40s_F,,0.5149933084851236,0.5325843860855408,0.017591077600417226
309656896,40s_F,0.0,0.14917605423821068,0.15549901901556987,0.006322964777359191
309747840,30s_F,1.0,0.12084491313585788,0.14280349802873502,0.021958584892877137
309803520,40s_F,0.0,0.08351651646598293,0.10437727420325008,0.020860757737267144
309868480,40s_F,0.0,0.23781692479670202,0.24581515654899974,0.007998231752297719
309979840,60+_F,1.0,0.423590861831115,0.4554977072771508,0.03190684544603578
310068928,50s_F,0.0,0.12196580322023082,0.1490774345157611,0.027111631295530292
310211840,60+_F,,0.22214761391345125,0.19446651917352134,-0.027681094739929912
310505088,40s_F,0.0,0.19126987871887355,0.23950575398907292,0.048235875270199374
310547776,50s_F,1.0,0.377541380870757,0.40407362097283944,0.02653224010208244
310699968,30s_F,0.0,0.6168355936363784,0.7387084420308945,0.12187284839451606
310701824,30s_F,0.0,0.33676059928831703,0.2854992967380763,-0.05126130255024075
310744512,60+_M,0.0,0.139690489510162,0.14280450318658292,0.003114013676420918
310909696,60+_F,1.0,0.8707304462646994,0.8926606780691025,0.021930231804403122
310963520,40s_M,0.0,0.6737111400125335,0.5681648146531251,-0.10554632535940844
311323584,50s_F,0.0,0.9001067717290205,0.9189776590425345,0.01887088731351394
311709632,30s_F,0.0,0.8810397378781307,0.8910634413719051,0.01002370349377435
311837696,40s_F,0.0,0.8464015664187389,0.8958257896293492,0.04942422321061035
311956480,30s_F,0.0,0.34276982869469463,0.315288636161652,-0.027481192533042653
312103104,50s_F,0.0,0.08811031987768782,0.1261151659179405,0.038004846040252685
312234880,40s_F,0.0,0.08513124260394948,0.11355701416190861,0.028425771557959126
312316544,30s_F,0.0,0.46460301195863435,0.6425427437221195,0.17793973176348515
312340672,40s_F,0.0,0.6850858674815532,0.7170617007319643,0.03197583325041109
312537408,40s_F,,0.14266086890486837,0.1832428621149898,0.04058199321012143
312572672,30s_F,,0.7434973897230971,0.7168399440920692,-0.0266574456310279
312659904,30s_F,0.0,0.08995488581506511,0.10407233472848336,0.014117448913418248
312678464,30s_F,0.0,0.26873666265504836,0.25505718452446646,-0.013679478130581901
312693312,30s_F,0.0,0.06549952358356093,0.1112338438144434,0.045734320230882475
312802816,30s_F,,0.886951668510942,0.8959328276476778,0.008981159136735806
312834368,30s_F,0.0,0.6435931866122176,0.557623639104765,-0.08596954750745267
312852928,40s_F,,0.890664930962706,0.9004133265190487,0.00974839555634266
312904896,30s_F,0.0,0.09365384115729286,0.15351928185867184,0.059865440701378975
313001408,30s_F,0.0,0.7944572781664125,0.864269632940508,0.06981235477409542
313071936,30s_F,0.0,0.48893881437517367,0.4174889625373507,-0.07144985183782299
313151744,30s_F,0.0,0.4343872944925028,0.36492019073450266,-0.06946710375800014
313259392,30s_F,0.0,0.5505425890656535,0.5430495764289945,-0.007493012636658913
313318784,60+_F,0.0,0.077886936033455,0.10177531764330926,0.02388838160985425
313339200,30s_F,,0.1556967769115011,0.18408646165843087,0.028389684746929766
313474688,30s_F,0.0,0.4581451572199547,0.4056731967674135,-0.05247196045254121
313535936,40s_F,1.0,0.45377808503377787,0.39987844316938825,-0.053899641864389614
313541504,60+_M,,0.779337213122726,0.7791920205537053,-0.00014519256902068012
313675136,30s_F,0.0,0.09704346919879042,0.09740356716575273,0.00036009796696230556
313682560,40s_F,0.0,0.08826649406885725,0.14642121062417532,0.058154716555318064
313782784,30s_F,0.0,0.9385150437411852,0.8787941585462087,-0.059720885194976536
313959104,30s_F,0.0,0.32623002169299037,0.3431919528985387,0.016961931205548342
314395264,40s_F,0.0,0.31201849661683206,0.30090508054092224,-0.011113416075909821
314430528,50s_F,0.0,0.898189313196263,0.9159619427094924,0.017772629513229332
314471360,50s_F,1.0,0.8928777218190431,0.9165203783152878,0.02364265649624464
314527040,60+_F,0.0,0.7787942308563228,0.7385514999243131,-0.040242730932009696
314649536,30s_F,1.0,0.5965353980553157,0.6901509414026806,0.09361554334736488
315245312,30s_F,0.0,0.3383985847747333,0.34070467297462304,0.0023060881998897553
315263872,30s_F,0.0,0.285883390577648,0.27319659761709486,-0.01268679296055314
315265728,30s_F,0.0,0.5729441190756134,0.6562719072457361,0.08332778817012276
315291712,60+_M,0.0,0.09746381243707501,0.13298814325683972,0.03552433081976471
315367808,40s_F,1.0,0.5326770333199129,0.4643407692286718,-0.0683362640912411
315438336,30s_F,0.0,0.24422134788625505,0.3236667225764471,0.07944537469019203
315505152,30s_F,0.0,0.1218439485442541,0.18089353005418615,0.05904958150993206
316028544,40s_F,0.0,0.08970115796981272,0.1145946043361491,0.024893446366336378
316154752,30s_F,0.0,0.08594649298101661,0.12206788352237974,0.036121390541363124
316548224,50s_F,0.0,0.7441355634213304,0.808052925190585,0.06391736176925467
316752384,40s_F,0.0,0.5948394392950683,0.6605379413026466,0.06569850200757832
317004800,40s_F,0.0,0.10801004983624848,0.12304751533864149,0.015037465502393002
317112448,50s_F,0.0,0.19493419203441253,0.2123070127475274,0.017372820713114856
317214528,40s_F,0.0,0.19535528580716263,0.19035862340642648,-0.0049966624007361515
317281344,60+_F,0.0,0.8262796639233576,0.8614831629339826,0.03520349901062503
318077568,60+_F,0.0,0.8232730974331477,0.8315465263170758,0.008273428883928124
318703040,40s_F,1.0,0.45529381651872197,0.4129713019325567,-0.04232251458616526
318922048,40s_F,0.0,0.4522184376134172,0.535974256642248,0.08375581902883078
319148480,50s_M,1.0,0.12176310922500237,0.13492104186244627,0.0131579326374439
319274688,40s_F,0.0,0.26939143495461204,0.25185565347040434,-0.017535781484207702
320122880,60+_F,0.0,0.10665387437979966,0.14431650889960704,0.03766263451980738
320161856,30s_F,0.0,0.7232834170246651,0.7921751154022136,0.0688916983775485
321615104,30s_F,0.0,0.2528944466312477,0.2776462415262249,0.024751794894977197
321774720,30s_F,0.0,0.13430001814492484,0.15436203803435747,0.020062019889432625
322335232,40s_F,0.0,0.27642875032822084,0.29905087983042283,0.022622129502201993
322407616,30s_F,0.0,0.28862879324982993,0.2622626426809367,-0.026366150568893243
322448448,30s_F,0.0,0.09148286379640684,0.11624384316527958,0.02476097936887274
322468864,30s_F,0.0,0.42407276892516615,0.409117754324856,-0.01495501460031018
322494848,30s_F,0.0,0.47256030088533874,0.47187341867278265,-0.0006868822125560836
322509696,40s_F,0.0,0.8941851483665886,0.904177479587705,0.009992331221116424
322678592,30s_F,,0.8214941258619715,0.8135431972608607,-0.007950928601110796
322682304,50s_F,0.0,0.20157773506896587,0.21151496265555136,0.009937227586585495
322769536,40s_F,1.0,0.8793841249037189,0.8993213164460647,0.019937191542345856
322901312,50s_F,,0.5043081699338416,0.5182461705404662,0.013938000606624534
323211264,60+_F,,0.7352536418198958,0.7655898091162405,0.030336167296344696
323283648,50s_F,0.0,0.8110981307739564,0.8725894085586429,0.06149127778468644
323330048,30s_F,0.0,0.9390253236661842,0.9008474397338186,-0.03817788393236554
323398720,40s_F,,0.07657582063468053,0.12964474940637466,0.05306892877169413
323411712,40s_F,,0.11842204955322046,0.13603434796272187,0.017612298409501417
323437696,50s_F,0.0,0.9487101187322132,0.9238345695930813,-0.024875549139131925
323456256,40s_F,1.0,0.07157025151089973,0.08035570098416459,0.008785449473264859
323502656,40s_F,0.0,0.15267491252560356,0.21454633528161116,0.0618714227560076
323513792,50s_F,0.0,0.33344786787685776,0.3455061525406014,0.012058284663743646
323532352,50s_F,,0.6981478826206506,0.6449998961418456,-0.05314798647880503
323541632,30s_F,,0.2927498356501969,0.29711134913553694,0.0043615134853400295
323545344,60+_F,0.0,0.7684443546933224,0.8042146081222796,0.03577025342895723
323576896,60+_F,0.0,0.8683274105786798,0.8511088362444554,-0.017218574334224357
323591744,40s_F,0.0,0.7678806210948155,0.8352680250216993,0.0673874039268838
323641856,40s_F,,0.8833712299745778,0.8862410779507917,0.002869847976213813
324393536,60+_F,,0.17439414598780098,0.18059927892067396,0.006205132932872975
324469632,50s_F,0.0,0.733074457449545,0.6514937782216947,-0.08158067922785028
324835264,50s_F,0.0,0.3608701964328841,0.338778200995956,-0.02209199543692808
324926208,50s_F,0.0,0.29397050399442093,0.2376430956041986,-0.05632740839022232
325015296,30s_F,0.0,0.6990958937800186,0.7120380068558407,0.01294211307582216
325041280,40s_M,0.0,0.1397309518001325,0.17562827426641683,0.035897322466284326
325067264,60+_F,,0.08993117454630356,0.09456688539575174,0.00463571084944818
325310400,40s_F,0.0,0.19399530682835991,0.2222474386665111,0.028252131838151173
325340096,40s_F,0.0,0.8223151093559816,0.8438329651069866,0.021517855751004955
325527552,60+_F,,0.11324408638872117,0.10837664867392297,-0.004867437714798209
325731712,50s_F,0.0,0.104239183158135,0.12902089830594365,0.02478171514780865
325947008,60+_F,0.0,0.88459314394546,0.8794812369789381,-0.005111906966521862
326733952,40s_F,0.0,0.580595587880769,0.5195527595678826,-0.06104282831288643
326875008,50s_F,,0.9000203425544975,0.9229661078109317,0.022945765256434214
326904704,40s_F,0.0,0.8141000875639262,0.8207540193010598,0.006653931737133689
327313024,40s_F,0.0,0.2501610687902574,0.29811416035034655,0.047953091560089145
327791872,60+_M,0.0,0.09937287882140526,0.1319388915518658,0.032566012730460545
327816000,40s_M,0.0,0.46911553717976856,0.5075357564315085,0.03842021925173994
328025728,40s_F,0.0,0.1790616186620102,0.20274717470838172,0.023685556046371514
328255872,30s_F,0.0,0.8395361616906314,0.8732162368970104,0.033680075206379056
328363520,50s_F,0.0,0.1385452090204796,0.21514643135692016,0.07660122233644057
328602944,50s_F,0.0,0.564567649847396,0.7106601317353445,0.14609248188794843
328656768,40s_F,0.0,0.3321685145486262,0.3709877624009619,0.03881924785233565
329844608,50s_F,0.0,0.07498309682800307,0.1055858558776802,0.03060275904967713
329996800,30s_F,0.0,0.25919668736584006,0.32060192765670054,0.061405240290860474
330069184,40s_F,0.0,0.10476467910036806,0.15639297478815042,0.05162829568778236
330123008,30s_F,0.0,0.7505778833097304,0.7518889902765076,0.0013111069667771647
330410688,60+_F,0.0,0.46989854130480674,0.42746472493291643,-0.04243381637189031
330780032,50s_F,1.0,0.6365539500751884,0.6901053718137643,0.053551421738575855
330898816,40s_F,0.0,0.09427260672369905,0.12522729838420157,0.03095469166050252
330908096,50s_F,0.0,0.15295567164645407,0.1773348245690663,0.024379152922612224
330919232,30s_F,0.0,0.6668195823597515,0.7144654322517162,0.04764584989196474
331034304,30s_F,0.0,0.06795732874251285,0.11064919575664531,0.042691867014132454
331201344,60+_F,1.0,0.1000212143178966,0.12575983074317348,0.02573861642527689
331314560,40s_F,,0.06846571217030022,0.08482356690685594,0.016357854736555724
331721024,40s_F,0.0,0.219025232873984,0.24275449714019906,0.02372926426621505
331763712,40s_F,0.0,0.536160327111975,0.46407020330074417,-0.07209012381123087
332064384,40s_F,0.0,0.191644731698002,0.276097516642807,0.08445278494480501
332179456,50s_M,0.0,0.10398237598571916,0.1511064064223013,0.04712403043658214
333129728,50s_F,0.0,0.1792145574435158,0.19389681331373881,0.01468225587022301
333218816,50s_F,0.0,0.6667962283943488,0.720464414138743,0.05366818574439414
334324992,40s_F,0.0,0.4123607730512087,0.5545242189260522,0.14216344587484347
334725888,40s_F,0.0,0.8057575216392457,0.8652439210027514,0.05948639936350564
335202880,40s_F,0.0,0.5095586573347248,0.5835180579223962,0.07395940058767136
335308672,40s_F,,0.15187938189638484,0.21989227576636153,0.06801289386997669
335336512,30s_F,0.0,0.19634509620963425,0.19533056390115994,-0.001014532308474314
335479424,50s_F,1.0,0.22254005795607631,0.23135438142142475,0.00881432346534844
335481280,50s_F,0.0,0.6108903074573888,0.684248447906618,0.07335814044922917
335540672,50s_F,0.0,0.6243951427586386,0.5808764113448422,-0.04351873141379636
335544384,30s_F,0.0,0.3040882460567402,0.3646571058066894,0.060568859749949244
336028800,40s_F,0.0,0.6549019105391839,0.6925392063162836,0.03763729577709973
336190272,60+_F,0.0,0.8090469933427553,0.875295217988175,0.06624822464541968
336275648,30s_F,0.0,0.13851004665554062,0.12915555543166515,-0.009354491223875466
336338752,60+_F,0.0,0.1633451282288582,0.18367932165946485,0.020334193430606662
336411136,40s_F,0.0,0.9048742150000432,0.9208426999877591,0.01596848498771597
336427840,40s_F,0.0,0.22152343774570252,0.34766083748048976,0.12613739973478724
336563328,40s_F,0.0,0.44934120027794605,0.4345697639872313,-0.014771436290714757
336657984,40s_F,0.0,0.8331230625051776,0.8273124449761124,-0.0058106175290651985
336876992,40s_F,,0.14802668751352197,0.22775628569836917,0.0797295981848472
336893696,40s_F,,0.16699990492132696,0.1779537111288916,0.010953806207564643
336906688,40s_F,,0.0722142708319927,0.10661607535390802,0.034401804521915325
336912256,40s_F,0.0,0.09133289285003113,0.13798526135901706,0.046652368508985936
337133120,40s_F,0.0,0.48803173446644005,0.5576656300036466,0.0696338955372065
337166528,40s_F,0.0,0.24499026191449583,0.31941149184105916,0.07442122992656333
337355840,40s_F,,0.5032484337797584,0.4375936298167124,-0.06565480396304596
337480192,40s_F,0.0,0.10479696759729382,0.18724809668166692,0.0824511290843731
337552576,40s_F,0.0,0.06808947222460424,0.10150890105662476,0.03341942883202052
338573376,40s_F,0.0,0.3306139023143245,0.30905478609589226,-0.02155911621843226
338781248,50s_F,0.0,0.3513647661444764,0.3384560127566496,-0.012908753387826821
339013248,30s_F,0.0,0.1124216745066899,0.17669334410065768,0.06427166959396778
339941248,40s_F,,0.1792553439981208,0.19408617094453517,0.014830826946414383
340132416,30s_F,0.0,0.9044451025469101,0.9043267815659184,-0.00011832098099173738
340162112,40s_F,,0.37475395387274557,0.43886518619713394,0.06411123232438837
340184384,30s_F,0.0,0.8769840268024438,0.9066165805722848,0.029632553769840975
340423808,40s_F,0.0,0.8952614413037527,0.8842131603383541,-0.011048280965398671
340544448,40s_F,0.0,0.5803777276389536,0.5755291890240614,-0.004848538614892206
340637248,60+_F,,0.5305133274072076,0.440793597615966,-0.0897197297912416
340915648,40s_F,,0.5707063677291191,0.6240687414090567,0.05336237367993757
340928640,40s_F,,0.8961977587808546,0.9226796515180042,0.026481892737149626
340982464,40s_F,0.0,0.36730474040308037,0.3259296524205583,-0.04137508798252204
341296128,40s_F,0.0,0.785511952608034,0.8392903509772779,0.05377839836924392
341604224,50s_F,1.0,0.23215465307726307,0.2408673766375789,0.008712723560315827
341626496,40s_F,0.0,0.4673409178051678,0.5662131299082289,0.09887221210306113
341641344,40s_F,0.0,0.832019453632121,0.8619406772529011,0.02992122362078009
341667328,40s_F,0.0,0.4423823242546901,0.47526802451570654,0.03288570026101645
341786112,60+_M,,0.7929569374592016,0.8482681376349985,0.05531120017579694
342044096,60+_F,0.0,0.7638173158638288,0.7906364745709736,0.026819158707144797
342103488,40s_F,0.0,0.825883290857129,0.8620676457701102,0.03618435491298122
342363328,40s_F,0.0,0.883030560698215,0.8714131940332753,-0.011617366664939621
342420864,30s_F,,0.8130453478162117,0.8086506169417532,-0.004394730874458519
342554496,40s_F,0.0,0.5655325926025059,0.5382871250447622,-0.027245467557743708
342578624,50s_F,0.0,0.8931477969405789,0.9135385905796446,0.020390793639065707
343126144,50s_F,0.0,0.21994028331737941,0.22384431740996585,0.003904034092586439
343274624,30s_F,,0.4239797539605819,0.4310652240269529,0.007085470066371002
343306176,40s_F,0.0,0.8947545443551378,0.9139798267466975,0.01922528239155974
343588288,50s_M,0.0,0.15870393288520254,0.14656969612107015,-0.012134236764132389
343883392,30s_F,1.0,0.07245972965220299,0.09202234162841284,0.019562611976209857
343983616,60+_F,0.0,0.7145594821818877,0.7230671875773392,0.008507705395451537
344076416,50s_F,0.0,0.06716363612553584,0.10564796026122245,0.0384843241356866
344466176,40s_F,0.0,0.13360762129194834,0.15711666927140017,0.02350904797945183
344662912,60+_M,0.0,0.6932045802490204,0.6711330426736319,-0.02207153757538849
344826240,40s_F,,0.2977306816183891,0.29724036217303157,-0.0004903194453575455
344887488,60+_F,0.0,0.8169205371958345,0.8773867241693115,0.060466186973477054
344950592,40s_F,0.0,0.25343196282837005,0.2804582827001346,0.02702631987176457
345000704,40s_F,0.0,0.14991396095640513,0.1978354620847669,0.04792150112836177
345017408,60+_F,,0.8669510057686395,0.8971708882238008,0.030219882455161273
345644736,40s_F,,0.14147678532635927,0.2017325113318115,0.06025572600545223
345680000,30s_F,,0.10205782162693239,0.1312816414276986,0.029223819800766215
345930560,60+_F,0.0,0.723967702109213,0.7014913889447122,-0.022476313164500827
346184832,60+_F,,0.1345927840369675,0.13798753900232966,0.003394754965362151
346216384,30s_F,0.0,0.8801491585906223,0.8837328775097538,0.003583718919131562
346572736,40s_F,,0.7707436199332082,0.7818162254796285,0.011072605546420311
346661824,50s_F,0.0,0.8758881917693353,0.88151844761984,0.005630255850504695
346888256,60+_F,0.0,0.702033168086721,0.6479774676498848,-0.05405570043683616
347747584,40s_F,,0.904653110834269,0.9046151345829582,-3.7976251310856135e-05
348059392,40s_F,1.0,0.5679289662631528,0.5939374471768968,0.02600848091374397
348313664,40s_F,0.0,0.5021923941017163,0.4975426050774218,-0.004649789024294526
348358208,30s_F,,0.869700117157125,0.9015270600177788,0.031826942860653795
348419456,40s_F,0.0,0.07654422313541649,0.12861944558960123,0.052075222454184736
348569792,30s_F,0.0,0.43693187986585735,0.4159442122442205,-0.02098766762163684
348751680,30s_F,0.0,0.08358903349252805,0.141249150182512,0.05766011668998394
348764672,40s_M,0.0,0.39679339676210224,0.44303700294082554,0.04624360617872331
348768384,40s_F,0.0,0.45661040761203325,0.5761190592613467,0.1195086516493134
348796224,40s_M,1.0,0.6811860571249158,0.5954345171336987,-0.0857515399912171
348824064,50s_F,0.0,0.855844535677049,0.9125308442067006,0.05668630852965162
348916864,50s_F,1.0,0.23497258061596538,0.2775916972095898,0.04261911659362444
348955840,30s_M,,0.8452614670468835,0.8868105331540614,0.0415490661071779
348985536,40s_F,0.0,0.13446983119698616,0.15836969754141367,0.023899866344427506
349172992,50s_F,0.0,0.6345734607171373,0.7819238833696589,0.14735042265252163
349176704,40s_F,0.0,0.4533197789877401,0.3770064320910152,-0.07631334689672492
349239808,30s_F,0.0,0.16846182805802049,0.204641000452794,0.0361791723947735
349263936,40s_F,0.0,0.3021883271134983,0.3598253099405765,0.05763698282707819
349364160,50s_F,0.0,0.8992779451398856,0.920117082679499,0.020839137539613417
349401280,30s_F,0.0,0.09873974975675855,0.14158144070591833,0.04284169094915978
349423552,40s_M,0.0,0.6124316983489361,0.7866299570433248,0.17419825869438876
349432832,40s_F,0.0,0.13866950896346752,0.15874299280114096,0.020073483837673434
349442112,40s_F,0.0,0.892792196983614,0.9097431320130066,0.0169509350293926
349564608,50s_F,0.0,0.91644814533405,0.9315397382294647,0.01509159289541473
349588736,40s_F,0.0,0.22593368290545177,0.34344909258409273,0.11751540967864096
349618432,30s_F,0.0,0.07685037583042528,0.09693529629124534,0.020084920460820055
349627712,40s_F,0.0,0.7325835818175389,0.715578263382353,-0.017005318435185934
349700096,50s_F,0.0,0.8830919021707799,0.9155970523613297,0.03250515019054978
349713088,40s_F,,0.3637582597680676,0.3574365045769259,-0.006321755191141698
349896832,40s_F,0.0,0.16403599308715638,0.1959207986589987,0.03188480557184231
350206784,30s_M,0.0,0.2225035584159969,0.23947703581614546,0.016973477400148568
350264320,40s_F,,0.7380817788915239,0.8055665639823768,0.06748478509085287
350334848,40s_F,0.0,0.08500900415846857,0.13361466156733173,0.04860565740886316
350498176,50s_F,0.0,0.8889018303886546,0.9214642715255877,0.032562441136933185
350522304,40s_F,0.0,0.885366510976867,0.9141841380086255,0.028817627031758497
350587264,40s_F,0.0,0.2815355239836388,0.2632137832375793,-0.018321740746059467
350622528,40s_F,0.0,0.20086096959279343,0.19785277316815097,-0.003008196424642451
350689344,40s_F,1.0,0.30993627926828193,0.29770911860986404,-0.01222716065841789
350941760,40s_F,,0.08886867786914664,0.12388319698119812,0.03501451911205149
350988160,40s_F,0.0,0.07940883156728622,0.09662966579191132,0.0172208342246251
351051264,30s_F,0.0,0.1672155183492124,0.20301538242802786,0.03579986407881547
351053120,40s_F,,0.8180820203170606,0.8591220091233828,0.0410399888063222
351079104,40s_F,,0.6532918436298979,0.6511738454062559,-0.0021179982236420036
351110656,50s_M,0.0,0.49496879919865194,0.5035606914846605,0.008591892286008596
351145920,40s_F,,0.5049948343199006,0.49274387324175334,-0.012250961078147216
351166336,40s_F,1.0,0.5716344531553716,0.45605604019151136,-0.11557841296386029
351235008,40s_F,,0.7391886905347899,0.7603872109244121,0.021198520389622222
351641472,30s_F,0.0,0.5081548666297706,0.4642589843765771,-0.04389588225319352
351778816,50s_F,0.0,0.727197307839338,0.73395924679637,0.006761938957032032
351795520,50s_F,0.0,0.8732467107666954,0.8867321973788304,0.013485486612135
351823360,50s_F,0.0,0.2050244135234196,0.17639851772530593,-0.02862589579811367
351906880,40s_F,,0.5680765903958992,0.6771228160054084,0.10904622560950916
351929152,30s_F,0.0,0.9026375696260416,0.9086109957010876,0.005973426075046029
352018240,30s_F,0.0,0.8506002710031839,0.8780452168831097,0.027444945879925742
352038656,60+_F,0.0,0.19975538950773786,0.2462592982367291,0.04650390872899124
352344896,40s_F,,0.8058462087045247,0.8078244070316322,0.001978198327107439
352777344,30s_F,0.0,0.11746248705938807,0.14548693137583654,0.028024444316448474
352922112,40s_F,0.0,0.301843110524941,0.3208445000583893,0.01900138953344832
353016768,40s_F,0.0,0.8984644960709544,0.9193872491885589,0.020922753117604498
353452928,40s_F,0.0,0.11693094179326856,0.15977264939714667,0.04284170760387811
353590272,40s_F,0.0,0.603567946065855,0.6199165325339359,0.016348586468080906
354057984,40s_F,0.0,0.0772825490927325,0.10774545694740104,0.03046290785466854
354137792,40s_F,0.0,0.2352627373590414,0.26533901322726106,0.03007627586821965
354299264,40s_F,,0.49743129165081273,0.43726694767880614,-0.060164343972006595
354419904,40s_F,0.0,0.648571762013797,0.7623320360514358,0.11376027403763889
354438464,40s_F,0.0,0.17834081994316278,0.20337267337959308,0.0250318534364303
354616640,40s_F,0.0,0.06733878174646303,0.10485538695873599,0.03751660521227296
354921024,40s_F,0.0,0.7386811212752505,0.7664173668140809,0.027736245538830362
354941440,40s_F,0.0,0.7152822388023229,0.7144944487162447,-0.0007877900860782105
355177152,40s_F,0.0,0.8640307613484417,0.898001672013617,0.033970910665175325
355221696,40s_F,0.0,0.08135864693065464,0.09299251946313308,0.01163387253247844
355453696,40s_F,,0.8850782889296288,0.901254562573341,0.016176273643712213
355837888,30s_F,1.0,0.8655961444441855,0.8783775518341721,0.012781407389986565
355893568,40s_F,0.0,0.8053875286341459,0.7424190688011677,-0.06296845983297816
356409536,40s_F,0.0,0.5663336612303072,0.5676768968655643,0.0013432356352571784
356431808,30s_F,0.0,0.8307492724185761,0.8340208533841604,0.003271580965584331
356608128,40s_F,1.0,0.08286732286053244,0.10011139517681722,0.017244072316284775
356684224,40s_F,,0.42451228666352087,0.42095287846203966,-0.0035594082014812067
356795584,40s_F,0.0,0.3017080078565384,0.2853874799172632,-0.016320527939275187
356884672,40s_F,,0.06371574127877484,0.08963170440621415,0.02591596312743931
356979328,40s_F,0.0,0.12219249755562822,0.16690254958568768,0.044710052030059455
357085120,40s_M,0.0,0.06382239247041316,0.08431198314037941,0.02048959066996625
357161216,40s_F,,0.7947024707976753,0.6851851306805355,-0.10951734011713976
357357952,40s_F,0.0,0.8978493298700211,0.9098616897533983,0.012012359883377233
357415488,40s_F,0.0,0.42631349058692614,0.43183744185377515,0.005523951266849014
357443328,40s_F,0.0,0.27297445261519626,0.31713871793307474,0.04416426531787848
357539840,40s_F,0.0,0.7967047918889542,0.88088616822143,0.0841813763324758
357853504,30s_F,0.0,0.0922925626156965,0.1217425556071953,0.029449992991498794
358094784,60+_F,,0.5734723561477001,0.5007776782196718,-0.0726946779280283
358102208,50s_F,0.0,0.07005483234089574,0.10627729479741088,0.03622246245651514
358126336,40s_F,0.0,0.09291081189241365,0.1043473110887972,0.011436499196383551
358508672,30s_F,0.0,0.10656869642487395,0.1405740754354599,0.034005379010585965
358686848,40s_F,0.0,0.13777422299646536,0.18820736707463306,0.05043314407816771
358757376,50s_F,1.0,0.5854000175945179,0.6911948548945515,0.10579483730003358
358775936,40s_F,0.0,0.08529652397065302,0.12173700274079374,0.03644047877014073
358781504,40s_F,,0.8186820431441333,0.8532972653052621,0.03461522216112878
358788928,30s_F,0.0,0.08417537789593973,0.0917956748907434,0.007620296994803669
358824192,50s_F,,0.10962610254205518,0.1320030603842057,0.02237695784215052
358842752,50s_F,,0.8731633042256347,0.9106615272783641,0.03749822305272943
359006080,50s_F,0.0,0.09087521171658594,0.10536221265658673,0.014487000940000785
359015360,30s_F,0.0,0.2489501176442971,0.33976225676674787,0.09081213912245079
359627840,40s_F,0.0,0.7207508346457686,0.7530708734693786,0.03232003882361001
359848704,30s_F,0.0,0.2625055307974671,0.22756928412658575,-0.03493624667088133
359870976,50s_F,1.0,0.16497040630287743,0.1992384882570085,0.03426808195413106
359948928,40s_F,,0.07277639647147986,0.10311074386282904,0.030334347391349173
360232896,40s_F,0.0,0.3299725808316055,0.30125217634716284,-0.028720404484442685
360297856,60+_F,1.0,0.8990645193046667,0.8964065699083331,-0.00265794939633357
360383232,40s_F,1.0,0.7951104433310477,0.843833974681247,0.048723531350199245
360450048,60+_F,0.0,0.6575485182624117,0.7685180631017475,0.11096954483933585
360474176,30s_F,1.0,0.5905524069925085,0.7174929386967951,0.12694053170428654
360509440,30s_F,,0.31050083288839814,0.25204612055550535,-0.05845471233289279
360767424,30s_F,0.0,0.10532686820720809,0.13882042478517498,0.03349355657796689
361003136,30s_F,0.0,0.12863540938502965,0.1624391991794203,0.03380378979439064
361147904,30s_F,1.0,0.1505031108688421,0.12935505771291977,-0.02114805315592233
361381760,30s_F,0.0,0.36885430316418416,0.4276138794411806,0.05875957627699646
361507968,60+_F,0.0,0.07182385825405925,0.09417127387802435,0.022347415623965097
361762240,40s_F,0.0,0.8809178748580432,0.8917146878223189,0.010796812964275704
362304192,40s_F,0.0,0.141488582660099,0.1610011411150689,0.019512558454969908
362352448,30s_F,1.0,0.8804839626384029,0.9035345260046478,0.02305056336624489
362693952,30s_F,0.0,0.06683125114356875,0.08645705399241885,0.0196258028488501
362747776,30s_F,0.0,0.0746377333330832,0.09468555921701319,0.02004782588392999
362835008,40s_F,0.0,0.8367482009293399,0.8497903070718891,0.013042106142549192
362836864,40s_F,,0.08390292854879189,0.13171554021066392,0.047812611661872034
362929664,50s_M,0.0,0.6410629758616209,0.6720701353895461,0.03100715952792521
362935232,40s_F,1.0,0.4306655770227391,0.41590153517777567,-0.014764041844963438
362948224,40s_F,0.0,0.14294127585796915,0.14963966183280938,0.0066983859748402375
363143104,40s_F,1.0,0.49649959774399277,0.4384814349035939,-0.058018162840398846
363261888,40s_F,0.0,0.28833202067651514,0.27354680321580477,-0.014785217460710376
363269312,30s_F,0.0,0.31011088993024916,0.31138447306892497,0.0012735831386758156
363408512,40s_F,1.0,0.8832255160628124,0.9098726997154255,0.026647183652613093
363441920,40s_F,0.0,0.7609961102338658,0.8067400225435758,0.04574391230970998
363660928,30s_F,0.0,0.9425665601758481,0.9150356386628086,-0.027530921513039486
363783424,40s_F,1.0,0.8918480272272298,0.9053761388735717,0.013528111646341934
364035840,30s_F,0.0,0.09588412381146527,0.1051810647959466,0.009296940984481333
364097088,40s_F,0.0,0.07337996766714186,0.08202267600982077,0.008642708342678912
364227008,40s_F,1.0,0.09469248161970083,0.14078000845324817,0.046087526833547346
364353216,30s_F,1.0,0.09408938494580181,0.10842156273304532,0.014332177787243508
364362496,60+_F,0.0,0.09038168330947155,0.13690122264951887,0.04651953934004732
364369920,40s_F,0.0,0.8134727534170401,0.7983085636079779,-0.0151641898090622
364626048,40s_F,0.0,0.8378077869813338,0.8938207319146041,0.05601294493327025
365177280,40s_F,0.0,0.09258724971087248,0.10426978443854676,0.011682534727674276
365266368,30s_F,0.0,0.2607932095786956,0.2777532705254135,0.01696006094671787
365320192,30s_F,0.0,0.07789368116794435,0.08295257486619317,0.005058893698248829
365383296,30s_F,,0.8195921969050726,0.8558565597882745,0.036264362883201895
365633856,40s_F,0.0,0.8464303497428545,0.8553860817933847,0.00895573205053024
365721088,30s_F,0.0,0.47865346272573867,0.5490148574151709,0.0703613946894322
365765632,40s_F,1.0,0.8139729518678075,0.8611855621803773,0.04721261031256985
365947520,50s_F,0.0,0.8053804160246183,0.8270092633708234,0.02162884734620507
366075584,40s_F,0.0,0.4132397190663435,0.4344213803437073,0.021181661277363817
366136832,40s_F,0.0,0.08358370646379928,0.10412048432121475,0.020536777857415464
366140544,40s_F,,0.4435043767392798,0.5198751112971716,0.07637073455789178
366261184,40s_F,0.0,0.4968564247650882,0.58987638390464,0.09301995913955186
366537728,30s_F,,0.5423440124269415,0.5212997137033093,-0.021044298723632227
367209600,30s_M,0.0,0.48584384521982976,0.48842791762481236,0.002584072404982596
367497280,40s_F,1.0,0.8419250264912579,0.8691576523829866,0.0272326258917287
368184000,40s_F,0.0,0.06770043165133208,0.08693028717049366,0.01922985551916158
368208128,50s_F,0.0,0.28150057189041267,0.2732659578099466,-0.008234614080466052
368258240,40s_F,,0.25633112065620334,0.32265018374167576,0.06631906308547242
368373312,40s_F,0.0,0.6299492426697337,0.6496117245194689,0.01966248184973518
368395584,40s_F,0.0,0.15796859216698633,0.21152692194430042,0.05355832977731409
368399296,30s_F,,0.8814669904086416,0.8978069154360436,0.016339925027402002
368456832,40s_F,,0.5127929916020947,0.5285639087456038,0.01577091714350909
369108288,40s_F,0.0,0.11071240452107656,0.13272309966946003,0.02201069514838347
369152832,40s_F,0.0,0.8803436008282423,0.9007903915631051,0.020446790734862885
369162112,30s_F,0.0,0.8905572045717952,0.8602106230500834,-0.03034658152171177
369316160,40s_F,0.0,0.242966713749534,0.23875980357108925,-0.004206910178444739
369395968,40s_F,0.0,0.6326743257208589,0.6968575707931067,0.06418324507224782
369859968,40s_F,0.0,0.7335124645391922,0.7677808492881207,0.03426838474892857
369906368,50s_F,0.0,0.06890998048664532,0.08310978101241993,0.014199800525774617
369941632,40s_F,,0.08002702700864797,0.11407678006955493,0.03404975306090696
370103104,40s_F,,0.536475212783767,0.4656702481618828,-0.07080496462188418
370231168,50s_F,1.0,0.09013971175283947,0.13516133568262653,0.045021623929787064
370504000,40s_F,1.0,0.20324584304290383,0.20511144626518318,0.001865603222279355
370529984,50s_F,,0.37589774080179056,0.42130146163842036,0.0454037208366298
370619072,30s_F,,0.48089169387425806,0.3956851718135106,-0.08520652206074747
371027392,40s_F,0.0,0.3178335870554951,0.3155184784986888,-0.002315108556806278
371212992,40s_F,,0.08400386357720517,0.10083435162374482,0.01683048804653965
371235264,30s_F,0.0,0.34833817869948897,0.27625259561145277,-0.0720855830880362
371261248,40s_F,0.0,0.09882656404911573,0.1154188746577996,0.016592310608683866
371454272,30s_F,1.0,0.43264628497972496,0.41984218509346755,-0.012804099886257414
371509952,40s_F,0.0,0.08967038710967083,0.08901495831471079,-0.0006554287949600418
371608320,30s_F,0.0,0.3027314148647248,0.30931515750598204,0.0065837426412572175
371751232,30s_F,1.0,0.16013339836597013,0.17362163624002921,0.01348823787405909
371767936,40s_F,,0.0739933059996067,0.10762499985705143,0.03363169385744473
372031488,30s_F,,0.8779732698021181,0.8907516283654853,0.012778358563367176
372098304,40s_F,0.0,0.8920426691611312,0.9004912102004602,0.008448541039329016
372321024,40s_F,0.0,0.49233807492685355,0.4458785819940572,-0.04645949293279633
372553024,30s_F,,0.8133612869577292,0.8010779231025208,-0.012283363855208451
372838848,30s_F,0.0,0.11465450491328026,0.121367818663213,0.0067133137499327394
372890816,30s_F,0.0,0.5792588560426336,0.6324494784850596,0.053190622442426005
373221184,30s_F,1.0,0.0732710283241138,0.09881929471966185,0.025548266395548053
373256448,30s_F,0.0,0.06315383738946957,0.09465156981053012,0.03149773242106055
373618368,40s_F,0.0,0.75156364235735,0.8082401636683143,0.056676521310964345
373805824,40s_F,0.0,0.09944964708944484,0.1369823284775039,0.03753268138805907
374171456,50s_F,0.0,0.8151014597461811,0.8717687170201037,0.05666725727392263
374188160,30s_F,1.0,0.4556893501414298,0.484918234025167,0.029228883883737178
374266112,30s_F,,0.8077077266131037,0.833545173709584,0.02583744709648028
374325504,60+_F,1.0,0.06605459532243466,0.0934391323876208,0.02738453706518615
374650304,60+_M,0.0,0.6122911977878477,0.7255401948364935,0.11324899704864577
375227520,30s_F,1.0,0.8117001071664359,0.8480117273146662,0.036311620148230306
375273920,30s_M,0.0,0.11084376255686848,0.13496739536437904,0.024123632807510564
375299904,40s_F,0.0,0.25931276517320595,0.25282895392938143,-0.006483811243824522
375544896,40s_F,1.0,0.17424763108919172,0.20037485847715367,0.026127227387961943
375552320,50s_F,0.0,0.07850310149955121,0.09907546777999235,0.020572366280441137
375630272,40s_F,0.0,0.07414748567900244,0.08595335307090482,0.011805867391902383
375969920,30s_F,0.0,0.14157698005939168,0.13164137535435683,-0.00993560470503485
376253888,50s_F,1.0,0.1351083435844635,0.21399271482580876,0.07888437124134526
376511872,50s_F,1.0,0.07693464701967036,0.10818390884411597,0.03124926182444561
376625088,50s_F,1.0,0.842105722358394,0.8822444626878148,0.040138740329420775
376636224,40s_F,0.0,0.07440476619163298,0.09375387012828923,0.019349103936656245
377105792,40s_F,1.0,0.49962790753283093,0.4452191174514573,-0.054408790081373615
377282112,40s_F,1.0,0.3687171330476847,0.34537077634743973,-0.023346356700244986
377605056,30s_F,0.0,0.8618289339139179,0.8562026974226461,-0.005626236491271808
377612480,40s_F,0.0,0.7392547567196202,0.7982125775484537,0.058957820828833496
377644032,40s_F,0.0,0.9071527223657491,0.9057288765808622,-0.0014238457848868569
377950272,40s_F,0.0,0.1546050988402409,0.2363892724187642,0.0817841735785233
377972544,40s_F,0.0,0.5405394116318815,0.63672728284082,0.09618787120893857
378174848,40s_F,0.0,0.39947898865563475,0.3169340981877683,-0.08254489046786645
378223104,30s_F,1.0,0.3966671010865632,0.3350130461269539,-0.06165405495960935
378319616,30s_F,0.0,0.6509408735633797,0.6536655029812856,0.002724629417905855
378367872,30s_F,1.0,0.7371849561850703,0.7616460041268938,0.024461047941823466
378416128,30s_F,0.0,0.5052097301033054,0.5135507426573439,0.008341012554038518
378722368,40s_F,0.0,0.4805525258812658,0.43725373456179845,-0.043298791319467345
378746496,30s_F,0.0,0.23998130561001954,0.2430508737230017,0.003069568112982146
378861568,40s_F,1.0,0.1285132363948006,0.15835194618350884,0.02983870978870823
379106560,40s_F,0.0,0.8560278115702181,0.774960224303757,-0.08106758726646113
379162240,40s_F,0.0,0.06626856387511412,0.07468182784649713,0.008413263971383006
379186368,40s_F,0.0,0.7866829473105024,0.864839783532013,0.0781568362215106
379201216,30s_F,0.0,0.5751353056203521,0.5133676875412468,-0.061767618079105246
379325568,40s_F,1.0,0.10126362590821941,0.14039397619993502,0.039130350291715604
379362688,30s_M,0.0,0.29735429536890723,0.31134762353978906,0.013993328170881836
379394240,40s_F,,0.8899810573801342,0.9029110629079017,0.012930005527767463
379817408,50s_F,0.0,0.2181903116738047,0.24956411757712701,0.03137380590332231
380329664,40s_M,0.0,0.4215412642990019,0.33847671179991673,-0.08306455249908518
380409472,50s_F,0.0,0.8881632898792504,0.9114781664582479,0.023314876578997445
380658176,40s_F,1.0,0.5490465014485401,0.5765858845462662,0.02753938309772619
380682304,30s_F,0.0,0.48116660403059486,0.45836187305948006,-0.022804730971114795
380775104,40s_F,0.0,0.16791179188008268,0.24584274956196667,0.07793095768188399
380782528,40s_F,,0.06355413966947966,0.08698176412811731,0.02342762445863765
380806656,40s_F,0.0,0.09230035030036303,0.10383969940829854,0.011539349107935512
380834496,40s_F,0.0,0.8594648117889544,0.8967678954401118,0.03730308365115742
380929152,30s_F,0.0,0.09675318220223147,0.11302554213624273,0.016272359934011257
380960704,50s_F,1.0,0.1216934321665339,0.1787728563055525,0.057079424139018606
381042368,40s_F,0.0,0.06862056432443818,0.09932397917907261,0.03070341485463443
381044224,40s_F,0.0,0.856572187226164,0.8187591119951769,-0.03781307523098709
381129600,40s_F,1.0,0.5206932081146608,0.4434048327258174,-0.07728837538884342
381240960,40s_F,0.0,0.19169240628784515,0.2161604693576184,0.024468063069773255
381472960,40s_F,0.0,0.0811635440973276,0.09126083408562038,0.01009728998829279
381593600,30s_F,,0.8381288417444979,0.8747463089527957,0.03661746720829784
381879424,40s_F,0.0,0.947340386850352,0.9103495797822475,-0.036990807068104536
382276608,40s_F,0.0,0.23443344472585678,0.24333128616651536,0.008897841440658583
382400960,50s_F,1.0,0.15850292933668744,0.19517190211901622,0.03666897278232878
383108096,30s_F,1.0,0.8141581677182791,0.808602162071134,-0.00555600564714509
383115520,40s_F,,0.632728528486112,0.697554263736339,0.06482573525022695
383163776,40s_F,1.0,0.07515217877677266,0.12800182845909522,0.05284964968232256
383314112,50s_F,0.0,0.08486043380501815,0.12324612896533799,0.03838569516031984
383356800,30s_F,,0.9427934420867963,0.9168750727633735,-0.02591836932342273
383483008,40s_F,0.0,0.0846064390748681,0.0998776789218082,0.015271239846940093
383921024,40s_F,1.0,0.07199758888404079,0.09869223481070222,0.02669464592666143
384370176,50s_F,,0.8459364159023893,0.8736502331643284,0.02771381726193911
384585472,50s_F,0.0,0.8188516167794044,0.8455313151858174,0.026679698406412933
384696832,50s_F,,0.8707932127214025,0.8408158492004674,-0.029977363520935163
384804480,50s_F,0.0,0.5419071743400442,0.49544949550577644,-0.04645767883426777
384858304,40s_F,0.0,0.5873649365665511,0.739831668351427,0.1524667317848759
384906560,50s_F,0.0,0.05813247504686971,0.10748159133765772,0.04934911629078801
385079168,30s_F,1.0,0.3872050900819661,0.42846661529845803,0.04126152521649196
385257344,40s_F,0.0,0.7438747772546483,0.7544756524376629,0.010600875183014558
385409536,40s_F,1.0,0.20056614477359386,0.2337419206765938,0.03317577590299994
385539456,30s_F,0.0,0.2569409224923653,0.2521704130520742,-0.00477050944029106
385635968,40s_F,0.0,0.08406140118129667,0.1390791543621026,0.05501775318080594
385732480,30s_F,,0.1459800448925729,0.1787112143232555,0.032731169430682605
385838272,40s_F,,0.5196295368588943,0.4549689213717462,-0.06466061548714813
386022016,40s_F,,0.3160148681802101,0.35677329126541507,0.040758423085205
386027584,50s_F,0.0,0.7808917611295983,0.808388404395199,0.02749664326560064
386033152,50s_F,1.0,0.24032450345390072,0.2505282684790496,0.010203765025148859
386365376,40s_F,0.0,0.8052758691114625,0.7764813862550956,-0.028794482856366987
386417344,30s_F,0.0,0.753667313036956,0.7106438049821463,-0.0430235080548097
386521280,30s_F,,0.07511858291336464,0.10362909241661664,0.028510509503252
386599232,50s_F,0.0,0.06871210270354951,0.09603912018463572,0.027327017481086208
386820096,50s_F,0.0,0.6906564965393364,0.7340725921037163,0.043416095564379975
387269248,60+_F,0.0,0.14930514677267628,0.1665605399099465,0.017255393137270203
387367616,40s_F,1.0,0.42070921295639097,0.34237896371737575,-0.07833024923901521
387371328,40s_F,0.0,0.11603440740969535,0.14728639197637475,0.031251984566679394
387430720,50s_F,0.0,0.09008515357602619,0.10714638428285085,0.017061230706824665
387445568,30s_F,0.0,0.7833967080168552,0.8075882418652351,0.02419153384837991
387662720,40s_F,0.0,0.6407504675975193,0.7362613300557875,0.09551086245826823
387725824,30s_F,0.0,0.8558898441422192,0.8492230943086906,-0.006666749833528662
387733248,40s_F,0.0,0.06488839510311104,0.07972903466773229,0.014840639564621255
387850176,40s_F,0.0,0.07957561918148782,0.12189979441979276,0.04232417523830494
387918848,30s_F,0.0,0.2302259475208094,0.2504081097714609,0.020182162250651475
388024640,30s_F,0.0,0.2361015320030756,0.2476335092322634,0.011531977229187806
388067328,40s_M,0.0,0.06721868068888423,0.1103224439805936,0.04310376329170937
388110016,30s_F,0.0,0.8260632412388565,0.8688467293632333,0.04278348812437671
388505344,50s_F,0.0,0.7583381680148219,0.7806685797265864,0.02233041171176453
388748480,30s_F,0.0,0.06408048485242235,0.09354326378271378,0.029462778930291436
388767040,50s_F,1.0,0.10956077369524371,0.131291596102423,0.021730822407179287
388878400,40s_M,,0.7757343522161204,0.7077040874297927,-0.06803026478632768
389065856,40s_F,0.0,0.9532952545852202,0.9113630629991565,-0.04193219158606376
389223616,30s_F,,0.08982774110658762,0.08685298723426667,-0.0029747538723209482
389231040,30s_F,0.0,0.4171496602754925,0.3378709827420247,-0.07927867753346779
389294144,30s_F,,0.29913463364574333,0.2861323395320585,-0.01300229411368481
389425920,60+_F,0.0,0.11234140074022146,0.14617901898479188,0.03383761824457042
389437056,30s_F,0.0,0.10900327641749477,0.18786685577855397,0.0788635793610592
389847232,50s_F,0.0,0.5213614446952074,0.6057109408947587,0.08434949619955134
390045824,40s_M,0.0,0.06930452217078853,0.10260441618665532,0.03329989401586679
390075520,30s_F,0.0,0.7755120867937956,0.8127464819398555,0.03723439514605997
390095936,<30_F,,0.12141520339418511,0.15427098636962147,0.03285578297543636
390569216,40s_F,,0.8340298132375749,0.8760269304193605,0.04199711718178567
390691712,30s_F,0.0,0.22819641780561895,0.19848935831049094,-0.029707059495128002
390882880,60+_F,0.0,0.9079176615415636,0.911408094858273,0.003490433316709396
391003520,50s_F,0.0,0.7426898677713757,0.7421937451803906,-0.0004961225909850819
391224384,40s_M,1.0,0.8633250572265099,0.8850702680105901,0.021745210784080204
391289344,50s_F,0.0,0.5960087720720888,0.6060505740019757,0.010041801929886907
391473088,40s_F,0.0,0.15170947542222082,0.20825863329110125,0.05654915786888043
391666112,50s_F,1.0,0.36766331406915426,0.360294307760533,-0.007369006308621251
391695808,30s_F,0.0,0.07887250752070331,0.07536732166680811,-0.0035051858538951985
391779328,30s_F,0.0,0.06524803869398804,0.111070160597769,0.04582212190378096
391994624,30s_F,,0.7933214844150533,0.8203871164852974,0.02706563207024404
392336128,40s_F,,0.3901390827943626,0.41538603228205395,0.02524694948769135
392556992,40s_F,0.0,0.4160652173726034,0.33924292180623106,-0.07682229556637232
392584832,60+_M,,0.8686697815014247,0.9047402159629523,0.03607043446152758
392627520,50s_F,0.0,0.2378411948061951,0.23025414099473418,-0.007587053811460909
392679488,30s_F,0.0,0.7739147928222223,0.840760498504213,0.06684570568199066
393141632,30s_F,1.0,0.579763065178126,0.6618256789368505,0.08206261375872448
393277120,40s_F,0.0,0.8374614180332773,0.8589438203226171,0.02148240228933973
393343936,30s_F,0.0,0.8904158648320358,0.8882983977570588,-0.002117467074977064
393373632,30s_F,0.0,0.43820391539712167,0.4429788324132681,0.004774917016146407
393429312,50s_F,,0.2993917374368473,0.23718886887060647,-0.062202868566240854
393533248,30s_F,0.0,0.3423683542906499,0.3413142769073071,-0.0010540773833427886
393538816,40s_F,0.0,0.5910000479539425,0.6080591635579221,0.017059115603979658
393733696,40s_F,0.0,0.7361126389098984,0.7593879943172062,0.02327535540730774
393848768,30s_F,1.0,0.8828382882760489,0.9085039184082432,0.02566563013219425
393869184,40s_F,1.0,0.09576294412631206,0.13538245627020007,0.03961951214388801
393980544,60+_F,0.0,0.17995907416328477,0.1644773771378397,-0.01548169702544508
393986112,30s_F,0.0,0.8415766478847584,0.8528174263220142,0.011240778437255794
394155008,40s_F,0.0,0.7693443517846258,0.7970234605660977,0.02767910878147195
394912256,50s_F,1.0,0.6725049727494826,0.6692920620659071,-0.0032129106835755428
394984640,40s_F,1.0,0.8236108436996687,0.8777281308538828,0.054117287154214044
395010624,40s_F,,0.10984186684152569,0.12814148314235635,0.018299616300830657
395094144,50s_F,0.0,0.8628558604047738,0.8783289196508144,0.015473059246040588
395255616,60+_F,,0.8207227695658446,0.8529319159255735,0.032209146359728935
395337280,50s_F,0.0,0.09168862827058835,0.10163580637062035,0.009947178100031998
395444928,40s_F,,0.12115926128226522,0.1415808027000047,0.020421541417739483
395489472,30s_F,0.0,0.4215662295112805,0.40269525724171273,-0.018870972269567743
395535872,50s_F,1.0,0.1193403865928068,0.20338586301252665,0.08404547641971985
395548864,30s_F,0.0,0.2672177318197449,0.25908030830317763,-0.008137423516567266
395619392,40s_F,0.0,0.40680886354581475,0.4905630416924733,0.08375417814665853
395699200,40s_F,0.0,0.07343816649998103,0.07779800289120355,0.0043598363912225185
395849536,40s_F,0.0,0.07711800733615248,0.09044079994487063,0.013322792608718145
395884800,40s_F,0.0,0.09163268641921185,0.11410164580486142,0.022468959385649565
395977600,30s_F,,0.41181646445107584,0.36793644287390165,-0.04388002157717419
396194752,30s_F,0.0,0.5874616792270119,0.7226054664542803,0.13514378722726839
396348800,40s_F,0.0,0.4451111046602258,0.47308722263991126,0.027976117979685466
396473152,60+_F,,0.5643050743493238,0.5095828919807331,-0.05472218236859061
396588224,60+_F,,0.2085246995887879,0.24162347305859588,0.033098773469807996
396788672,30s_F,0.0,0.8893906641833699,0.9123229553808543,0.02293229119748441
396870336,30s_F,0.0,0.18859846260591037,0.26953656315081903,0.08093810054490866
396976128,60+_F,,0.07933443790392991,0.09616826871690456,0.016833830812974654
396996544,40s_F,,0.17254706435389813,0.17634341397023456,0.0037963496163364308
397061504,50s_F,1.0,0.31418561246086046,0.3492648406731702,0.03507922821230974
397096768,40s_F,0.0,0.09540317866435298,0.09834790996442624,0.002944731300073264
397304640,50s_F,0.0,0.05883837391674843,0.10478542000100133,0.0459470460842529
397404864,30s_F,,0.47804265280511243,0.6008941162850351,0.12285146347992265
397441984,60+_F,0.0,0.7513344500042849,0.7660427996729513,0.01470834966866641
397486528,30s_F,0.0,0.15677976073122707,0.15711457965181572,0.0003348189205886476
397544064,30s_F,0.0,0.12038023079682458,0.15281534240426903,0.032435111607444445
397553344,50s_F,0.0,0.940131834040027,0.9155026852762823,-0.024629148763744668
397616448,40s_F,1.0,0.9382865301081317,0.910666770472871,-0.027619759635260643
397685120,40s_F,0.0,0.2344735789203678,0.29915014928611505,0.06467657036574725
397881856,30s_F,0.0,0.08595271426253563,0.12285659504485161,0.036903880782315976
397924544,40s_F,0.0,0.5713865608588656,0.5984387793002959,0.027052218441430242
397982080,40s_F,0.0,0.2033155348400915,0.21066776075383956,0.007352225913748067
398408960,30s_F,,0.09667566743270023,0.11097684932145499,0.01430118188875476
398551872,60+_F,0.0,0.7861853991998506,0.8228247181447154,0.03663931894486472
398657664,40s_F,0.0,0.0806623077279718,0.12910937442390605,0.04844706669593425
398833984,50s_F,0.0,0.12926677153381777,0.19072246104398552,0.06145568951016775
398967616,40s_F,0.0,0.09443600780258433,0.12426670146662454,0.029830693664040203
398986176,50s_F,0.0,0.5847682299669831,0.6847286602199165,0.09996043025293344
399231168,40s_F,,0.8351999160653181,0.8611655780183578,0.02596566195303973
399615360,40s_F,1.0,0.07868173812016577,0.10537963631000935,0.026697898189843583
399804672,60+_F,1.0,0.7405494612364396,0.7752231243020627,0.03467366306562314
399860352,30s_F,,0.44271129559696404,0.38263269839954456,-0.06007859719741948
399893760,40s_M,0.0,0.12353237206895225,0.16331694951240824,0.039784577443455996
399968000,60+_F,,0.11120190987437778,0.12904563617878906,0.017843726304411278
400133184,50s_F,1.0,0.1223167025747258,0.17205236808323898,0.04973566550851319
400161024,40s_F,0.0,0.4993266037302066,0.45719493204595407,-0.042131671684252525
400359616,40s_F,,0.17182544843711373,0.18496325464650598,0.013137806209392255
400959104,30s_F,0.0,0.33471349441378456,0.3226909263954947,-0.01202256801828988
401272768,40s_F,0.0,0.7370013688831075,0.7637790989636496,0.026777730080542073
401462080,50s_F,0.0,0.7343211581795347,0.646201621945471,-0.08811953623406366
401523328,40s_F,0.0,0.8407230240351382,0.8771489648268403,0.03642594079170214
401528896,30s_F,,0.11220196620984617,0.16439262245388908,0.05219065624404291
401558592,30s_F,,0.13455850892140409,0.21009465860763502,0.07553614968623093
401603136,30s_F,1.0,0.12672760142406608,0.11655612887628124,-0.010171472547784846
401707072,40s_F,0.0,0.7044539375734108,0.7065123802084057,0.0020584426349948837
401781312,30s_F,0.0,0.8614278163564212,0.8730059254798731,0.011578109123451918
401801728,60+_F,,0.8458554671501238,0.8407277875314828,-0.005127679618641023
402072704,30s_F,0.0,0.07162229389334449,0.09287652393058772,0.021254230037243235
402128384,40s_F,0.0,0.0769037314853409,0.0863764208821529,0.009472689396812006
402139520,40s_F,,0.4715149375543178,0.4679161322287771,-0.003598805325540688
402215616,40s_F,0.0,0.9098001618043586,0.9246800369128425,0.014879875108483875
402291712,30s_F,,0.0758064760800249,0.0809816521932995,0.005175176113274602
402490304,40s_F,,0.07593963858065689,0.09409154404808923,0.01815190546743234
402492160,40s_F,,0.2309086491458553,0.26464157709275826,0.03373292794690297
402720448,30s_F,0.0,0.0840895893608023,0.09167920361438937,0.007589614253587076
402835520,40s_M,0.0,0.9063532396620242,0.9122927640038996,0.005939524341875391
402915328,30s_F,,0.8220056584933819,0.8628460830331522,0.040840424539770326
402941312,30s_F,0.0,0.08293526781856184,0.11793345403737447,0.034998186218812635
403067520,60+_F,0.0,0.589664201757272,0.5815571814436769,-0.008107020313595115
403190016,50s_F,,0.7427995416221548,0.7940562248606545,0.051256683238499745
403275392,40s_F,0.0,0.7057593668876239,0.6136578655474854,-0.0921015013401385
403279104,40s_F,,0.765088054017721,0.7949524307252536,0.029864376707532614
403342208,40s_F,0.0,0.8925198511745271,0.906211709724531,0.013691858550003877
403357056,40s_F,,0.6130009079173858,0.6386913317842235,0.02569042386683773
403473984,40s_F,,0.08261684591523494,0.09076048229564739,0.008143636380412447
403620608,40s_F,0.0,0.1833424294218345,0.19771511836942743,0.014372688947592915
403769088,30s_F,,0.8400857821564343,0.8590251348108037,0.018939352654369412
403991808,40s_F,1.0,0.5688281033284119,0.5833055323348477,0.014477429006435782
404047488,40s_F,,0.1029083260091757,0.1318458200703145,0.02893749406113881
404075328,40s_F,0.0,0.5753484936497523,0.5261958226375567,-0.04915267101219556
404077184,40s_F,,0.12782760546511482,0.1564400212597808,0.028612415794665974
404099456,40s_F,0.0,0.07478063076294121,0.08806671328630405,0.013286082523362844
404238656,30s_F,0.0,0.0682754450660696,0.07683659284915902,0.008561147783089418
404463232,40s_F,0.0,0.32383587140400183,0.29232130614048946,-0.03151456526351237
404999616,30s_F,0.0,0.8783099815075929,0.8382577704506865,-0.04005221105690637
405090560,30s_F,0.0,0.4514640258445706,0.4406318972988921,-0.010832128545678554
405129536,30s_F,,0.08939439142190041,0.08863307565964136,-0.0007613157622590461
405231616,40s_F,1.0,0.23666383292830567,0.26376366892313946,0.027099835994833787
405599104,40s_F,,0.08442262423155332,0.14616043866970893,0.06173781443815561
405853376,50s_F,,0.24447302641545313,0.26494295347253943,0.020469927057086307
405890496,30s_F,0.0,0.09893407913589669,0.11612680662302416,0.017192727487127468
405964736,40s_F,0.0,0.7686624680957519,0.8228914242461931,0.05422895615044121
406423168,40s_F,0.0,0.24367859767473063,0.2390435716963098,-0.004635025978420831
406515968,40s_F,0.0,0.0683757432287847,0.08335864262539423,0.01498289939660953
406580928,30s_F,0.0,0.07613078114749416,0.10006833513207486,0.023937553984580695
406592064,40s_F,0.0,0.9229034963912697,0.9275776326297261,0.004674136238456472
406632896,40s_F,0.0,0.9480957330369053,0.9163444902880533,-0.03175124274885199
406649600,40s_F,0.0,0.3224798174136994,0.310360346999653,-0.01211947041404643
406889024,40s_F,0.0,0.08567461708611544,0.13304429602156656,0.04736967893545112
406931712,40s_F,0.0,0.690205115787008,0.6947349257659422,0.004529809978934152
407043072,50s_F,,0.8847269572833146,0.8730097404580849,-0.011717216825229748
407106176,50s_F,0.0,0.8598634959858172,0.8862083596700046,0.026344863684187314
407245376,40s_F,0.0,0.9595956045523572,0.9322556148206513,-0.027339989731705816
407369728,50s_F,1.0,0.1296145653487792,0.1298579675017244,0.00024340215294521572
407375296,40s_F,0.0,0.899109969856524,0.9217668831031649,0.022656913246640875
407451392,30s_F,1.0,0.857611798753356,0.8829272664752261,0.0253154677218701
407599872,30s_F,1.0,0.09074937092061022,0.13229645965327155,0.04154708873266133
407603584,40s_F,1.0,0.30196288387516296,0.29005193701319704,-0.011910946861965921
407677824,40s_F,1.0,0.13352709003662216,0.19754880516844153,0.06402171513181937
407750208,40s_F,0.0,0.285870804529058,0.3050855175082203,0.01921471297916233
407817024,40s_F,0.0,0.07729249072933253,0.08016482837497924,0.0028723376456467054
407837440,40s_F,,0.40213365699293246,0.3962097411196488,-0.005923915873283669
407902400,40s_F,0.0,0.7598628083196651,0.8437473413134885,0.08388453299382337
408152960,40s_F,0.0,0.8318166068523736,0.867574012977875,0.03575740612550138
408156672,40s_M,0.0,0.5548937303521423,0.5771980444245558,0.02230431407241351
408201216,40s_F,,0.06965094302705607,0.07907886145553826,0.009427918428482188
408214208,60+_F,0.0,0.22695665103366008,0.1924475745954192,-0.03450907643824089
408242048,30s_F,0.0,0.3542907158187639,0.31192304297855605,-0.04236767284020787
408299584,50s_F,0.0,0.0801489097341605,0.12050960947545969,0.04036069974129919
408713472,40s_F,1.0,0.14159931393609881,0.17526896616445506,0.033669652228356245
408746880,40s_F,0.0,0.09598076702831931,0.13730954155861574,0.04132877453029643
408908352,30s_F,0.0,0.5695221060989099,0.6120538894218506,0.04253178332294072
408947328,30s_M,0.0,0.757076160016189,0.7441428879653634,-0.012933272050825617
408956608,30s_F,0.0,0.7721195424704038,0.8262278952195165,0.05410835274911263
408960320,30s_F,0.0,0.129754450818278,0.1358607734585422,0.0061063226402642
409043840,30s_F,0.0,0.3120487419444598,0.3185620528524403,0.0065133109079805185
409088384,30s_F,,0.2830569668815659,0.3298355868509583,0.04677861996939242
409140352,40s_F,0.0,0.08408605186332938,0.07800482165010904,-0.006081230213220337
409149632,40s_F,0.0,0.509353917187487,0.5235583111218775,0.014204393934390436
409248000,40s_F,1.0,0.8059805577839612,0.8255198786515447,0.019539320867583587
409455872,50s_F,0.0,0.4518276096617735,0.4807639147230915,0.028936305061318
409487424,30s_F,0.0,0.8382651282660245,0.8157760122620489,-0.02248911600397563
409615488,60+_F,0.0,0.11063279443054036,0.1458181362833179,0.03518534185277755
409619200,60+_F,0.0,0.0957682539841345,0.12713509587830846,0.031366841894173964
409880896,40s_F,0.0,0.10362643963407699,0.12421911674496355,0.020592677110886567
410010816,50s_F,1.0,0.8365248301548897,0.8087261543687398,-0.027798675786149807
410046080,50s_F,0.0,0.40334996174662974,0.43392047370907144,0.030570511962441704
410101760,30s_F,1.0,0.6841566579302382,0.6040026984541949,-0.08015395947604331
410528640,50s_F,1.0,0.9510454473789093,0.9126163365657075,-0.03842911081320177
410534208,40s_F,1.0,0.7442469458468739,0.7741537666809486,0.0299068208340747
410686400,60+_F,1.0,0.12450622993217322,0.16645549271357496,0.041949262781401736
410795904,30s_F,0.0,0.1270009574057566,0.14017621686833767,0.01317525946258108
411122560,40s_F,0.0,0.08741632456743903,0.12689526337687443,0.0394789388094354
411185664,40s_F,0.0,0.6204744601123826,0.7001853361247684,0.0797108760123858
411207936,60+_F,0.0,0.8399968122250265,0.8518326484488266,0.011835836223800023
411965184,30s_F,,0.8001617735034979,0.808576091532419,0.00841431802892112
412054272,30s_F,0.0,0.8201495421971265,0.859214246705766,0.039064704508639414
412174912,50s_F,0.0,0.8646105269005233,0.8397491491025159,-0.024861377798007456
412507136,60+_F,0.0,0.2573104008749673,0.2712118471756629,0.013901446300695564
412598080,30s_F,0.0,0.8028220891348962,0.8491346224257833,0.04631253329088714
412612928,60+_F,0.0,0.8693778581192418,0.8445882275113157,-0.02478963060792616
412683456,40s_F,0.0,0.0719409100819671,0.10227759778431497,0.030336687702347875
412915456,50s_F,0.0,0.7087074334623551,0.718814448405064,0.010107014942708936
413021248,40s_F,,0.07900810855739505,0.10525446225228187,0.026246353694886815
413028672,40s_F,0.0,0.13088394487382765,0.12197334450214427,-0.008910600371683383
413037952,30s_F,0.0,0.8753083272673372,0.9058767009192153,0.030568373651878145
413164160,30s_F,,0.36485364325025943,0.3664808469062216,0.001627203655962195
413179008,50s_F,0.0,0.25225087829003456,0.270350113724113,0.01809923543407843
413327488,30s_F,0.0,0.08934075027007939,0.13680541342954125,0.047464663159461865
413494528,60+_F,0.0,0.08252886252613634,0.10794131630427815,0.025412453778141816
413771072,40s_F,0.0,0.38025388733105797,0.42567013968681894,0.045416252355760967
414095872,30s_F,0.0,0.4365525561050939,0.4516624293976367,0.015109873292542764
414236928,40s_F,0.0,0.7974448826859151,0.8127134361574326,0.015268553471517565
414442944,40s_M,0.0,0.7918540641654965,0.8092212419428222,0.01736717777732566
415053568,30s_F,0.0,0.10330173678403104,0.13094307535112834,0.0276413385670973
415064704,40s_F,0.0,0.4573577684658931,0.4073918885007474,-0.049965879965145676
415272576,30s_F,0.0,0.31793521489289,0.33082332512513785,0.01288811023224784
415343104,40s_F,0.0,0.15727691766898697,0.20839175450130512,0.051114836832318156
415569536,30s_F,0.0,0.1514441348500971,0.20954890583041,0.058104770980312886
415630784,50s_F,0.0,0.06645319609702145,0.09975208799306101,0.03329889189603956
415634496,30s_F,0.0,0.9052539142856834,0.9113219592797772,0.0060680449940938574
415641920,40s_F,0.0,0.8183452698409285,0.878525521865241,0.06018025202431254
415846080,30s_F,,0.07584463846696453,0.1281840966756235,0.05233945820865897
416074368,60+_F,,0.7478802411118012,0.6556767069559997,-0.09220353415580151
416076224,30s_F,0.0,0.6790751537839256,0.7138528273927364,0.03477767360881079
416506816,40s_F,0.0,0.4120317379491242,0.4440317962283171,0.032000058279192944
416556928,30s_F,,0.8677423789538765,0.8136929867897372,-0.05404939216413929
416894720,50s_F,0.0,0.8451730636903814,0.8988766680586459,0.05370360436826449
416935552,30s_F,0.0,0.22999720770764445,0.1995133599620119,-0.030483847745632564
417084032,40s_F,0.0,0.5297094955953187,0.5345036541547359,0.004794158559417228
417334592,50s_F,1.0,0.21984005687298463,0.2245692581585559,0.004729201285571277
417356864,40s_F,0.0,0.08607035155026331,0.13616481131711064,0.05009445976684733
417442240,30s_F,,0.622294380215841,0.6449294735889315,0.022635093373090442
417846848,50s_F,0.0,0.07825399330352971,0.13449216863600455,0.05623817533247484
418012032,30s_F,0.0,0.14443857119039097,0.13944805786404527,-0.0049905133263457024
418210624,40s_F,1.0,0.517116275597155,0.4963417636409389,-0.020774511956216102
418386944,40s_F,,0.6717757369070094,0.6844842595672201,0.01270852266021072
418463040,30s_F,,0.48325056265380445,0.5665559019142684,0.08330533926046396
418481600,50s_F,0.0,0.752581592495354,0.8010971325866276,0.04851554009127368
418552128,50s_F,,0.25561802215079354,0.25581100907555865,0.00019298692476510393
418615232,30s_F,0.0,0.12153454967254883,0.1943636616257413,0.07282911195319249
418687616,50s_F,0.0,0.18645923803543224,0.18923360773410994,0.0027743696986776978
418693184,30s_F,,0.8687622077710031,0.8977995647199302,0.029037356948927062
418754432,30s_F,0.0,0.14872691836738514,0.16934732880353312,0.020620410436147985
418984576,40s_F,,0.15060213550824175,0.21500734490470966,0.0644052093964679
419118208,50s_F,1.0,0.21189131091581032,0.1854663292593515,-0.026424981656458818
419353920,30s_F,0.0,0.1075590581257673,0.12370979365286704,0.016150735527099738
419457856,30s_F,0.0,0.4523515569313308,0.38557677122578105,-0.06677478570554973
419483840,30s_F,0.0,0.8290398010518235,0.7944433990026732,-0.034596402049150266
419628608,50s_F,0.0,0.8974469864905604,0.9162968611608174,0.018849874670257005
420152000,40s_F,0.0,0.08004904072873441,0.08512005714054915,0.005071016411814747
421299008,60+_F,,0.11312418510093902,0.12466512633323144,0.01154094123229242
421753728,40s_F,0.0,0.07456365999334874,0.10574471469058633,0.031181054697237587
421956032,50s_F,,0.18984793227986757,0.18681295686108132,-0.003034975418786251
421965312,50s_F,1.0,0.12499225954847251,0.13608626629391649,0.011094006745443974
422208448,40s_F,0.0,0.09022647046683861,0.07852716521247655,-0.011699305254362066
422355072,60+_F,0.0,0.8424484089541486,0.8620729458437022,0.019624536889553568
422390336,30s_F,0.0,0.12623063276100727,0.13050083405988194,0.004270201298874676
422468288,50s_F,,0.7566415450361242,0.6985547428630418,-0.058086802173082486
422549952,30s_F,0.0,0.09873256139089513,0.12005099988742567,0.021318438496530534
422614912,40s_F,0.0,0.09459441759486031,0.12141823025075185,0.026823812655891538
422663168,50s_F,0.0,0.3934411438436684,0.3954911522326581,0.0020500083889897214
422694720,<30_F,0.0,0.2490357828380698,0.3022648995357442,0.05322911669767441
422750400,30s_F,0.0,0.1736392857659,0.1752997906334642,0.001660504867564222
422820928,50s_F,1.0,0.8503425141895674,0.9018347998951844,0.051492285705617036
422908160,30s_F,0.0,0.8147606786289759,0.8260107138616088,0.011250035232632905
423032512,40s_F,1.0,0.5934425798973906,0.670142358996272,0.07669977909888137
423064064,60+_F,0.0,0.8787073029188296,0.8972483655789344,0.0185410626601048
423080768,40s_F,1.0,0.0905592801946507,0.10619896033890398,0.01563968014425328
423084480,60+_F,1.0,0.14990920083724799,0.15431503548799583,0.004405834650747842
423127168,60+_F,0.0,0.8169111541896176,0.8245620964775854,0.00765094228796781
423240384,30s_F,1.0,0.5112502682809563,0.5651028315481885,0.0538525632672322
423325760,40s_F,0.0,0.19180564611051598,0.2973375827043232,0.10553193659380722
423479808,50s_F,0.0,0.6080392680732793,0.600677170264121,-0.007362097809158308
423485376,60+_M,0.0,0.8956847672683452,0.901851369198232,0.006166601929886717
423587456,<30_F,0.0,0.31938770712675574,0.31802083532483033,-0.0013668718019254067
423685824,30s_F,1.0,0.28527108484333846,0.2462678802996926,-0.039003204543645864
423878848,50s_F,1.0,0.9074394482239376,0.9075896970209844,0.0001502487970467259
423925248,40s_F,0.0,0.09878781607839528,0.1250481681252633,0.02626035204686801
424057024,40s_F,1.0,0.10878308760454498,0.1603458490814057,0.051562761476860716
424075584,30s_F,0.0,0.3786295970802338,0.3641756129205945,-0.014453984159639277
424118272,40s_F,0.0,0.892193971403071,0.8843865684752917,-0.007807402927779261
424326144,30s_F,,0.8578222955333793,0.8911514500072434,0.03332915447386409
424359552,30s_F,1.0,0.24639743548051424,0.2907998709576826,0.04440243547716838
424385536,40s_F,0.0,0.35956658716058043,0.40897701758086763,0.0494104304202872
424391104,30s_F,0.0,0.07844510128878766,0.08712179308358911,0.008676691794801447
424521024,<30_F,0.0,0.28934406236830484,0.3431035585030622,0.053759496134757334
424543296,50s_F,0.0,0.08193158551376875,0.13678228956392707,0.05485070405015832
424643520,40s_F,0.0,0.41812628885439596,0.4527736794910654,0.03464739063666944
424676928,50s_F,0.0,0.8878431773207062,0.8984087655855971,0.010565588264890957
424829120,40s_F,1.0,0.10630112652752027,0.1316648206478289,0.025363694120308616
424886656,60+_F,0.0,0.4610973687279731,0.5325818282464391,0.07148445951846599
425107520,40s_F,0.0,0.07253920978707808,0.09815153294518791,0.025612323158109837
425259712,60+_F,,0.8705611363784845,0.8760468201572952,0.005485683778810646
425263424,40s_F,0.0,0.06828478619781751,0.10252645361736834,0.03424166741955083
425367360,40s_F,0.0,0.1810081493093518,0.23755857938735514,0.05655043007800334
425836928,30s_F,1.0,0.1477698251873047,0.13736080345103166,-0.010409021736273033
426026240,30s_F,0.0,0.2799838090060588,0.2632496806521295,-0.01673412835392929
426039232,40s_F,0.0,0.22224653165413852,0.26991417684735153,0.04766764519321301
426326912,60+_F,0.0,0.07915391188388038,0.09796099498263829,0.018807083098757907
426506944,60+_F,0.0,0.6549559178422305,0.6404466103816614,-0.01450930746056911
426523648,50s_F,1.0,0.06972316487546604,0.10745316129358282,0.03772999641811678
427115712,30s_F,,0.6087064347088188,0.5769510045482538,-0.031755430160565035
427253056,30s_F,0.0,0.6593737279704428,0.742066584998127,0.08269285702768425
427331008,40s_F,0.0,0.7132121832779064,0.7528714604695277,0.03965927719162132
427347712,50s_F,1.0,0.5614683851167395,0.4494274253071242,-0.11204095980961526
427427520,40s_F,,0.6480826324228818,0.7561909619959613,0.10810832957307948
427563008,40s_F,0.0,0.13926367475558626,0.15516898981054994,0.015905315054963676
427637248,50s_F,1.0,0.8719048502954325,0.917531897825341,0.04562704752990843
427670656,40s_F,0.0,0.8104315229986448,0.8397825825898623,0.02935105959121742
428259008,40s_F,0.0,0.8880765970546507,0.9152296870430842,0.027153089988433465
428557824,50s_F,1.0,0.8130813848669254,0.8418181260529657,0.028736741186040304
428845504,40s_F,1.0,0.8808717090677335,0.8873860954133752,0.006514386345641721
428875200,60+_M,,0.4485380721480737,0.4432914896067123,-0.0052465825413614
429604608,30s_F,,0.872208480366758,0.8809915510363702,0.008783070669612147
429712256,40s_F,,0.48476407298030144,0.36959208428574153,-0.11517198869455991
429806912,<30_M,0.0,0.3276418649349725,0.3513231731976705,0.023681308262697986
429916416,50s_F,0.0,0.1656272856481597,0.19477228402692034,0.02914499837876064
430183680,40s_F,1.0,0.0672431549655906,0.09968127515436753,0.032438120188776925
430198528,60+_F,0.0,0.8746300840704444,0.8588585193093913,-0.015771564761053125
430282048,30s_F,1.0,0.8780567167716538,0.8565352455849754,-0.021521471186678354
430465792,50s_F,0.0,0.8619754190968396,0.8134884326311316,-0.04848698646570804
430558592,30s_F,1.0,0.10564224686629847,0.13820089830509055,0.03255865143879208
430725632,30s_F,0.0,0.8372787717358697,0.8681025925537014,0.030823820817831638
430931648,30s_F,0.0,0.22841510028560713,0.23352989794739165,0.00511479766178452
430933504,60+_F,,0.7370884747399852,0.6838578551966767,-0.05323061954330843
430963200,60+_F,,0.7110985157742951,0.653768558785408,-0.0573299569888871
431059712,30s_F,0.0,0.48431172934540284,0.6237861170670014,0.13947438772159854
431096832,30s_F,1.0,0.12766160772400073,0.17276064580705744,0.04509903808305671
431349248,30s_F,0.0,0.09141384758960562,0.1090517059544489,0.017637858364843273
431403072,40s_F,1.0,0.07719609525508861,0.09894688624082482,0.021750790985736207
431564544,60+_F,0.0,0.5383293645280183,0.39757895440041063,-0.14075041012760764
431839232,60+_F,0.0,0.22085959460920127,0.22365694010666268,0.002797345497461412
431872640,50s_F,0.0,0.807506704475296,0.8345720466315153,0.027065342156219252
432113920,30s_F,0.0,0.5858707102865354,0.6003162338545011,0.01444552356796569
432227136,40s_F,0.0,0.09346916367126662,0.14811109568292596,0.054641932011659344
432314368,60+_M,0.0,0.3338695556235868,0.3049518371183671,-0.02891771850521968
432446144,60+_F,0.0,0.36414920994878813,0.28626538221979536,-0.07788382772899277
432659584,40s_M,0.0,0.8383668904003204,0.8237504823816749,-0.0146164080186455
432860032,30s_F,0.0,0.6067573196504528,0.597766321523936,-0.008990998126516714
432867456,30s_F,0.0,0.07230118231563477,0.09776653469083336,0.02546535237519859
432880448,60+_F,,0.8556005304240253,0.8710193040912386,0.015418773667213337
432978816,50s_F,1.0,0.07385109035287644,0.09926447367267606,0.025413383319799615
432982528,50s_F,0.0,0.05889491140704339,0.10736504372329062,0.04847013231624722
433121728,30s_F,0.0,0.6175723977990218,0.7092122034590086,0.09163980565998675
433125440,50s_F,0.0,0.06998011722608281,0.112323839040429,0.04234372181434619
433359296,40s_F,,0.10763501811988087,0.12656917741097373,0.018934159291092864
433517056,30s_F,0.0,0.09763863033244732,0.14427035496797172,0.046631724635524396
433691520,30s_F,0.0,0.06130784886089378,0.1148905743116138,0.05358272545072002
433830720,30s_F,0.0,0.15743293893815213,0.20763628561416111,0.05020334667600898
434125824,40s_F,0.0,0.07387544195552008,0.09079352637349142,0.016918084417971338
434281728,40s_M,0.0,0.89059935533738,0.9043271694935139,0.013727814156133888
434291008,50s_F,0.0,0.5310553885183293,0.6565264446560332,0.12547105613770382
434495168,30s_F,,0.3947871858228937,0.3705853982141207,-0.024201787608773007
434578688,30s_F,0.0,0.9002937918968137,0.9038307353215209,0.0035369434247072284
434786560,40s_F,0.0,0.8111420295566366,0.8387020560275835,0.027560026470946908
434831104,50s_F,0.0,0.17134474850001666,0.1648993569770909,-0.006445391522925753
434844096,30s_F,0.0,0.14855166320573815,0.1870860144506225,0.03853435124488436
434944320,40s_F,,0.7594860398920131,0.7699037362438419,0.010417696351828765
435059392,50s_F,0.0,0.5785159201022703,0.5851092036343787,0.006593283532108418
435167040,60+_F,1.0,0.12382751289812047,0.11453102920987705,-0.009296483688243415
435378624,50s_F,0.0,0.07941763019350062,0.10264094085182561,0.02322331065832499
435655168,40s_F,0.0,0.09513105610454677,0.1675087164675329,0.07237766036298614
435955840,30s_F,0.0,0.16264438486182062,0.1940099648041729,0.031365579942352284
436013376,40s_F,0.0,0.08874481251963763,0.10071010828831373,0.011965295768676096
436215680,60+_F,0.0,0.6917186395678401,0.7661915211590806,0.07447288159124055
436382720,50s_F,0.0,0.22016371207919846,0.22487383751983597,0.004710125440637508
436681536,40s_F,0.0,0.9435568419230596,0.89455576444702,-0.049001077476039545
436683392,40s_F,0.0,0.19863212782426173,0.20842602385030282,0.009793896026041082
436739072,30s_F,0.0,0.4342907559752057,0.41252392984800473,-0.02176682612720099
436818880,40s_F,,0.25097921880197305,0.24507789884067457,-0.0059013199612984735
436939520,30s_F,0.0,0.3708733245437885,0.3673985719941059,-0.0034747525496826026
437076864,30s_F,0.0,0.8385712495944123,0.8663619627095821,0.027790713115169785
437084288,40s_F,1.0,0.4611178531857252,0.4338016429105588,-0.027316210275166397
437160384,50s_F,0.0,0.8772594697308932,0.8930820298923333,0.015822560161440125
437193792,30s_F,0.0,0.7586967099500679,0.7864562108760411,0.027759500925973235
437288448,30s_F,0.0,0.6223978451243931,0.6390862861520729,0.016688441027679746
437345984,30s_F,0.0,0.5048063380713582,0.6432962303748054,0.13848989230344722
437422080,30s_F,1.0,0.8733065013164207,0.8892418849325285,0.0159353836161078
437490752,30s_F,0.0,0.07852345714420253,0.1266647219573733,0.04814126481317077
437509312,30s_F,0.0,0.34497216483205617,0.3714852127827133,0.02651304795065712
437540864,60+_F,0.0,0.8642159373994427,0.858830576703123,-0.005385360696319674
437552000,50s_F,0.0,0.5620306890657979,0.5902693512718121,0.02823866220601423
437598400,40s_F,0.0,0.09368386928947368,0.1499329757875046,0.05624910649803093
437624384,30s_F,,0.43244402489946254,0.3797479744605143,-0.05269605043894826
437661504,30s_M,0.0,0.20952352679121122,0.2716927746483251,0.06216924785711386
437793280,30s_F,1.0,0.0906259046491642,0.10306337354253509,0.012437468893370884
437835968,50s_F,,0.1137522594811021,0.1366000059318661,0.02284774645076401
437884224,30s_F,0.0,0.1588221929079631,0.1685417830571711,0.009719590149208007
437939904,40s_F,,0.35364568877965913,0.32045998889744254,-0.03318569988221659
437967744,30s_F,,0.07945658446738663,0.12853916392982812,0.04908257946244149
438105088,40s_M,0.0,0.22755535244438918,0.2443611244919418,0.016805772047552625
438112512,30s_F,0.0,0.8388858784901589,0.7935945551089115,-0.04529132338124742
438235008,30s_F,1.0,0.11264517859465693,0.1431902597858941,0.030545081191237153
438459584,40s_F,0.0,0.606803010963767,0.6798047867897979,0.07300177582603096
438543104,40s_F,,0.468077355389766,0.46100072282050425,-0.007076632569261776
438814080,60+_F,,0.9019667057704299,0.917164902785184,0.015198197014754111
439007104,30s_F,,0.7995401173639859,0.8347458234813652,0.035205706117379276
439040512,30s_F,0.0,0.6405237867653358,0.6581868958873336,0.017663109121997755
439059072,50s_F,,0.08522564535071857,0.09881030938413957,0.013584664033420998
439372736,60+_F,0.0,0.8486064854455333,0.8583427744115656,0.009736288966032292
439515648,30s_F,1.0,0.29384859181026907,0.3201254476189371,0.02627685580866801
439536064,30s_F,0.0,0.906794723959293,0.9166950154756895,0.009900291516396598
439665984,30s_F,1.0,0.4139561167710522,0.43808825421013337,0.02413213743908116
439743936,30s_F,0.0,0.09561666136474818,0.1114548149936366,0.01583815362888842
439768064,30s_F,0.0,0.6120221222500752,0.6704833446657686,0.058461222415693403
440207936,40s_F,0.0,0.8493353349529461,0.840159218871766,-0.009176116081180075
440239488,50s_F,,0.11433235819223625,0.14418883535173652,0.029856477159500266
440272896,30s_F,1.0,0.8515218330546253,0.8917197016114877,0.04019786855686247
440302592,60+_F,0.0,0.12514764614125354,0.13558628979052995,0.010438643649276408
440319296,40s_F,0.0,0.29806710920235907,0.29350994124837393,-0.004557167953985142
440614400,30s_F,0.0,0.2251927261234254,0.21633370385646253,-0.008859022266962863
440675648,40s_F,0.0,0.2829056131400931,0.30157785070425225,0.018672237564159144
440913216,40s_F,1.0,0.08167985765544024,0.08710830220059863,0.005428444545158395
441002304,30s_F,0.0,0.30417512606851715,0.3152374323232632,0.011062306254746024
441432896,60+_F,0.0,0.8064300871052701,0.8289129452530299,0.022482858147759854
441531264,40s_F,,0.27079659918228527,0.28446028301183474,0.013663683829549467
441551680,<30_F,0.0,0.07114156021089048,0.08039211298492654,0.009250552774036067
441744704,30s_F,1.0,0.2661375208267134,0.2508271334359709,-0.015310387390742475
441813376,40s_F,,0.8215107446081683,0.8695328362279274,0.04802209161975912
441876480,30s_F,0.0,0.848900186895835,0.8307366237087852,-0.018163563187049814
441980416,60+_F,0.0,0.19485465667678004,0.18798177859208587,-0.006872878084694167
442112192,30s_F,0.0,0.8388265771443728,0.7665664265114028,-0.07226015063296998
442316352,50s_F,,0.205649813175755,0.23253222142700847,0.02688240825125346
442451840,60+_F,1.0,0.1571136634290397,0.16657669743453224,0.009463034005492532
442509376,30s_F,0.0,0.16387965336620083,0.16114417416746518,-0.002735479198735652
442656000,50s_F,0.0,0.7850434860304282,0.8337947739340273,0.04875128790359917
443129280,40s_F,,0.11182061548680222,0.1506980161243568,0.03887740063755457
443223936,30s_F,1.0,0.06464688448906156,0.09198741646840772,0.02734053197934616
443272192,50s_F,,0.7617960725296394,0.7934507618804991,0.03165468935085969
443387264,50s_F,0.0,0.08922468221196729,0.1109647468180576,0.021740064606090306
443424384,40s_F,0.0,0.349664319814997,0.37036306628978216,0.020698746474785146
443530176,50s_F,0.0,0.8551421449846213,0.890814226295451,0.03567208131082977
443533888,30s_F,0.0,0.8915050930377885,0.9045623287605542,0.013057235722765737
443546880,40s_F,0.0,0.07239967167917087,0.0876962740795018,0.015296602400330928
443635968,50s_F,0.0,0.18664512883031023,0.2083174632137938,0.021672334383483566
443674944,30s_F,0.0,0.09001239353945001,0.14015147859254887,0.05013908505309886
444023872,60+_F,0.0,0.34152919227055484,0.2863022709481679,-0.055226921322386935
444315264,30s_F,0.0,0.08245695499866683,0.1264845687451735,0.04402761374650667
444354240,50s_F,0.0,0.6465004117181659,0.7742237580006943,0.12772334628252846
444491584,60+_F,0.0,0.49746929217953406,0.47338385620088,-0.024085435978654035
444504576,30s_F,1.0,0.12335282264047213,0.13249182786990074,0.009139005229428607
444617792,50s_F,0.0,0.9222362718833245,0.9065310762044956,-0.015705195678828887
444760704,40s_F,0.0,0.7915160542229777,0.8078275880155598,0.0163115337925821
445059520,60+_F,,0.2391967029045988,0.22945652204152892,-0.00974018086306988
445070656,30s_F,0.0,0.08969184932911149,0.1156485403767795,0.025956691047668012
445115200,30s_F,1.0,0.5393927035158579,0.5245414202351708,-0.014851283280687078
445122624,50s_F,1.0,0.48303580409112684,0.5323593425474475,0.049323538456320704
445131904,50s_F,0.0,0.7779703044767331,0.8296306645700333,0.05166036009330022
445156032,30s_F,0.0,0.15863911039875142,0.20585140616366704,0.04721229576491562
445224704,50s_F,1.0,0.37858653842162326,0.3775701235219114,-0.0010164148997118816
445272960,60+_F,0.0,0.0845541402821228,0.11744784331943245,0.03289370303730965
445360192,30s_F,0.0,0.46864307238208464,0.40568439086649327,-0.06295868151559136
445408448,30s_F,1.0,0.874310694493011,0.873473498275576,-0.0008371962174350545
445772224,40s_F,1.0,0.8948476029555182,0.9088362903025634,0.01398868734704517
446329024,30s_F,0.0,0.5042203748474886,0.6391728380798417,0.1349524632323531
446603712,<30_F,1.0,0.12137659954300024,0.15705999248534275,0.035683392942342504
446661248,30s_F,,0.12891635473826837,0.14107652439994056,0.012160169661672188
446967488,40s_F,0.0,0.08706351376446203,0.11746256778824563,0.030399054023783595
447071424,50s_F,,0.2569791035675848,0.2983473703441431,0.041368266776558305
447101120,50s_F,0.0,0.08738851384764297,0.10112637167056521,0.013737857822922236
447199488,40s_F,0.0,0.06875149132855272,0.09719556841520102,0.028444077086648298
447503872,40s_F,,0.27923875774865303,0.2691724971412107,-0.010066260607442312
447524288,40s_F,,0.6531155088899606,0.7627947164541767,0.10967920756421612
447650496,30s_F,1.0,0.08131541898621128,0.09310119579595169,0.011785776809740411
447739584,30s_F,,0.8782261009985808,0.8709019952688339,-0.007324105729746844
447754432,30s_F,0.0,0.6319687740077344,0.7105801247615082,0.07861135075377379
447958592,30s_F,0.0,0.058042100483162516,0.08842639822891141,0.03038429774574889
447960448,40s_F,0.0,0.6245378800054318,0.7295390480206199,0.1050011680151881
448255552,30s_F,0.0,0.7799316546658246,0.7909382842969015,0.011006629631076903
448439296,30s_F,0.0,0.06682542895016322,0.09357017007872653,0.026744741128563315
448507968,40s_F,0.0,0.37610975227695037,0.3507140829466774,-0.025395669330272985
448552512,30s_F,0.0,0.5987159175720591,0.6054170855782477,0.006701168006188585
448610048,30s_F,,0.8729976152328562,0.8799157972523917,0.006918182019535424
448814208,50s_F,0.0,0.11897284963155366,0.10477425236655166,-0.014198597265002
448932992,40s_F,0.0,0.7713404020394937,0.7827071957881312,0.011366793748637471
449265216,40s_M,0.0,0.06821814031921263,0.10212706965641721,0.03390892933720459
449280064,30s_F,0.0,0.21211854343239733,0.2168947619722679,0.004776218539870564
449489792,60+_F,0.0,0.8056534002114134,0.826490963926463,0.020837563715049634
449710656,40s_M,0.0,0.07137647429202372,0.0796063246258493,0.008229850333825575
449714368,30s_F,0.0,0.23645216913181685,0.24364936886677577,0.0071971997349589145
449736640,<30_F,0.0,0.1223177424103628,0.15736324712170968,0.035045504711346875
449777472,60+_F,0.0,0.8261708897337421,0.7924143400778424,-0.03375654965589969
450096704,40s_F,,0.7444723147533905,0.7698457398749717,0.02537342512158125
450107840,50s_F,0.0,0.19087946689075996,0.15643957169227485,-0.034439895198485115
450451200,30s_F,0.0,0.074151296788048,0.11894791795961124,0.044796621171563245
450462336,50s_F,0.0,0.6613046059061723,0.7776194420900788,0.11631483618390648
450679488,60+_F,0.0,0.35450977269078493,0.31962125612477615,-0.034888516566008776
450699904,30s_F,0.0,0.8960761262218813,0.8979656498396617,0.0018895236177803865
450831680,40s_F,0.0,0.19000996678919496,0.22340388244341874,0.03339391565422378
450863232,40s_F,1.0,0.19193438431313792,0.20817765654438047,0.016243272231242556
450976448,60+_F,1.0,0.521767805093852,0.5552261537153554,0.03345834862150343
450983872,40s_F,0.0,0.9415212680569257,0.9120527768039628,-0.029468491252962914
451046976,30s_F,0.0,0.5099185133103636,0.48343595253447424,-0.026482560775889397
451132352,50s_F,1.0,0.25759901686202974,0.28064875912918674,0.023049742267157003
451308672,30s_F,1.0,0.09200781002124396,0.14560567792060505,0.05359786789936109
451340224,60+_F,0.0,0.07261413525483928,0.09575877381376185,0.02314463855892257
451375488,40s_F,0.0,0.2530748594698509,0.2766275981122412,0.02355273864239027
451559232,30s_F,0.0,0.7756179045346003,0.7841020353695227,0.008484130834922388
451566656,60+_F,0.0,0.41915477286503483,0.47955736146851585,0.06040258860348102
451863616,40s_F,0.0,0.4301547405190661,0.45092624887637184,0.020771508357305735
451867328,30s_F,0.0,0.5589656735566688,0.5175912452125876,-0.04137442834408123
451910016,40s_F,0.0,0.11575345924697426,0.1575754027081725,0.04182194346119823
452121600,30s_F,0.0,0.2753474573881607,0.27710467558931606,0.001757218201155375
452323904,60+_F,0.0,0.1473957795080204,0.18941782635011564,0.042022046842095234
452600448,30s_F,0.0,0.0656520192783334,0.1054023796424391,0.0397503603641057
452626432,30s_F,0.0,0.7601514213350139,0.7632296906197971,0.003078269284783164
452956800,30s_F,0.0,0.8052171349513231,0.8326132257752644,0.027396090823941344
453361408,30s_F,0.0,0.2199399509972355,0.22929227930657567,0.009352328309340158
453379968,30s_F,0.0,0.12441528806561941,0.16094154961057414,0.036526261544954725
453439360,30s_F,0.0,0.09773403059675849,0.13364827729131268,0.03591424669455419
453591552,40s_F,1.0,0.8025951795268759,0.8773707071892237,0.07477552766234785
453617536,30s_F,0.0,0.8563188679988432,0.8906265154750821,0.034307647476238934
453704768,60+_F,1.0,0.1611589420049215,0.15169914052863936,-0.009459801476282143
453747456,60+_F,0.0,0.2627955456223314,0.22690198784445986,-0.03589355777787151
453762304,30s_F,1.0,0.1324478355498428,0.14327807838653123,0.01083024283668843
454289408,30s_F,,0.2793350578597366,0.3228850157090357,0.043549957849299104
454372928,30s_F,0.0,0.06402882582519397,0.10780711214881852,0.04377828632362456
454382208,30s_F,0.0,0.06194106081694113,0.10655547312464682,0.044614412307705686
454469440,50s_F,0.0,0.0738375450509535,0.11038839577411728,0.03655085072316379
454506560,40s_F,0.0,0.8770437969513486,0.9002575690794155,0.023213772128066856
454888896,30s_M,1.0,0.8804633447431196,0.8563669104116272,-0.024096434331492445
455072640,40s_F,,0.12818968822182875,0.13309797847362156,0.004908290251792818
455081920,30s_F,,0.06594090797989265,0.10088572615989123,0.03494481817999859
455115328,40s_F,0.0,0.5653507451352922,0.6684297817403854,0.10307903660509321
455219264,40s_F,0.0,0.7116677716576469,0.7388317940067521,0.0271640223491052
455395584,40s_F,0.0,0.45432832988610206,0.44389555072043924,-0.01043277916566282
455737088,30s_F,1.0,0.2064864553046635,0.1771622465607946,-0.0293242087438689
455865152,60+_F,,0.0790179193351161,0.10177531764330926,0.022757398308193164
455950528,30s_F,0.0,0.08172831197769774,0.08032587681114489,-0.0014024351665528484
456182528,30s_F,0.0,0.5340541416647951,0.6329269495636433,0.09887280789884811
456284608,30s_F,0.0,0.1779072173573177,0.24027042442650198,0.06236320706918427
456295744,30s_F,,0.20825312140362592,0.1817033575384971,-0.026549763865128834
456303168,30s_F,0.0,0.5495750421854584,0.5139590630780302,-0.0356159791074282
456373696,30s_F,,0.10458135787752416,0.10570608767903661,0.0011247298015124446
456451648,60+_F,1.0,0.9084813605911083,0.9255121476936276,0.017030787102519263
456653952,30s_F,0.0,0.09137650248953136,0.15315062867598025,0.0617741261864489
456934208,50s_F,1.0,0.0829501974308522,0.10230873610493985,0.01935853867408764
457327680,50s_F,0.0,0.8446383003919676,0.8708564947748323,0.026218194382864657
457400064,30s_F,0.0,0.5709556267293537,0.6190927465096009,0.04813711978024715
457479872,50s_F,0.0,0.14402659724646058,0.17085362795080872,0.026827030704348137
457520704,40s_F,1.0,0.2899918758010849,0.26412757034622064,-0.025864305454864234
457524416,60+_F,,0.09350026020497737,0.1134507231393675,0.019950462934390123
457832512,40s_F,,0.34098191395917865,0.2923624804496548,-0.04861943350952386
458738240,30s_F,1.0,0.11051488628558717,0.09628636217476651,-0.014228524110820664
458741952,60+_F,,0.2588815113064628,0.2877656463518195,0.028884135045356696
458842176,60+_F,0.0,0.18278629374599664,0.19269021754930699,0.009903923803310344
459053760,60+_F,0.0,0.088510513865799,0.08707377911944433,-0.0014367347463546676
459849984,40s_F,0.0,0.14633411659738127,0.16684876839514157,0.020514651797760297
460132096,40s_F,1.0,0.2556311975586072,0.24699816138490488,-0.008633036173702313
460293568,30s_F,0.0,0.5784263684052195,0.6436045210037815,0.06517815259856197
460377088,50s_F,1.0,0.23876256930009995,0.25097003458569067,0.012207465285590718
460510720,50s_F,0.0,0.862571609243296,0.9080475409492195,0.045475931705923456
460525568,60+_F,0.0,0.10474651663560021,0.12520215540309731,0.020455638767497106
460898624,30s_F,0.0,0.07742484633257436,0.11249546797652778,0.035070621643953415
461006272,50s_F,0.0,0.4340993456229233,0.405731202405735,-0.02836814321718828
461167744,50s_F,0.0,0.16787756014382232,0.24354027403885317,0.07566271389503085
461524096,40s_F,0.0,0.06632459191898797,0.09218445750817772,0.02585986558918975
461681856,30s_F,0.0,0.7954565767464216,0.8565257173546965,0.06106914060827495
461737536,30s_F,0.0,0.7961877716725064,0.7829746728465491,-0.013213098825957337
461845184,50s_F,0.0,0.09654727685552743,0.1257100260771362,0.02916274922160876
461897152,40s_F,1.0,0.9104332855188245,0.9191100859910345,0.008676800472209978
461932416,30s_F,0.0,0.2550709431930491,0.25662527164695015,0.0015543284539010216
461941696,40s_F,,0.07672266078452161,0.12512801717640915,0.04840535639188753
461965824,40s_F,0.0,0.8691397855587364,0.9039888182231706,0.034849032664434176
462264640,30s_F,,0.06676274404338792,0.11286380081205113,0.04610105676866322
462442816,30s_F,0.0,0.20050804285035073,0.23267360978865073,0.0321655669383
462478080,30s_F,0.0,0.06781543349305448,0.10551047014713363,0.03769503665407915
462517056,30s_F,0.0,0.8743828537983706,0.8830214403778259,0.008638586579455376
462672960,30s_F,0.0,0.5081343291499508,0.4213504683762651,-0.08678386077368572
463029312,50s_F,0.0,0.11326703965589954,0.135938137882259,0.02267109822635946
463188928,40s_F,0.0,0.13887811893417606,0.1367253144841669,-0.002152804450009177
463190784,30s_F,0.0,0.5062243988287528,0.4983875621309142,-0.007836836697838634
463331840,40s_F,0.0,0.9482774725067898,0.9026327560625986,-0.04564471644419121
463350400,60+_F,0.0,0.8717522678544934,0.8435186837850759,-0.02823358406941756
463602816,30s_F,,0.7786974630994916,0.7560513817073712,-0.022646081392120432
463613952,40s_F,0.0,0.1974878373632523,0.20788672093620353,0.01039888357295124
463747584,30s_F,0.0,0.3851179010493569,0.423807009281306,0.0386891082319491
463795840,60+_F,0.0,0.23578745434030876,0.21318515009812952,-0.02260230424217924
464295104,60+_F,0.0,0.8929846640717795,0.899812538619233,0.006827874547453594
464397184,40s_F,,0.6728732831088992,0.619560640822322,-0.05331264228657717
464445440,30s_F,,0.11413299832801359,0.14558119084833762,0.031448192520324034
464579072,60+_F,0.0,0.41897289953527944,0.5164287174047331,0.09745581786945362
464670016,30s_F,0.0,0.44142497048464996,0.43678164053212787,-0.004643329952522091
464759104,30s_F,1.0,0.8996526427764396,0.8987291893565298,-0.0009234534199098476
464764672,30s_F,0.0,0.07545793800409047,0.09604984826281855,0.020591910258728086
464831488,30s_F,1.0,0.06423360162677386,0.09373098164755418,0.029497380020780326
464892736,40s_F,0.0,0.4058398866489684,0.42106878719294655,0.01522890054397813
465163712,30s_F,,0.5037179498922645,0.5719448370907427,0.06822688719847825
465254656,30s_F,1.0,0.09626232742991148,0.1141522019126742,0.01788987448276272
465544192,40s_F,,0.19731778496748628,0.2176523952843479,0.020334610316861623
465744640,50s_F,,0.8177991655954725,0.8418975106819646,0.024098345086492112
466011904,40s_F,0.0,0.5875910507339348,0.7026187767766957,0.1150277260427609
466050880,40s_F,,0.868300386330817,0.843445968197581,-0.024854418133235967
466186368,40s_F,1.0,0.8999499909238619,0.9075624622101592,0.007612471286297384
466462912,60+_F,0.0,0.722307261200337,0.6644201621948598,-0.05788709900547717
466546432,50s_F,0.0,0.8219390114872733,0.8763371062254361,0.05439809473816282
466600256,40s_F,,0.60983222548233,0.7728491150582094,0.16301688957587945
466724608,40s_F,0.0,0.1494932522010362,0.18343163525511144,0.03393838305407523
467147776,50s_F,0.0,0.8915483911382754,0.9021649978206967,0.010616606682421259
467439168,50s_M,,0.07460200468421918,0.08979004735872068,0.015188042674501495
467498560,30s_F,,0.8251959248325087,0.8303351775824277,0.005139252749918999
467502272,30s_F,0.0,0.141889575194046,0.1836311918276362,0.04174161663359022
467582080,50s_F,0.0,0.40980477571135937,0.4200972517964041,0.010292476085044744
467617344,30s_F,,0.07275089918231169,0.09056347035349946,0.01781257117118777
467750976,40s_F,0.0,0.28957569140324435,0.290599948833104,0.0010242574298596763
467765824,40s_F,0.0,0.9083352782913292,0.914363816407613,0.006028538116283788
467888320,30s_F,0.0,0.06281049929316805,0.09833687074409785,0.035526371450929795
467925440,30s_F,0.0,0.12196646486527422,0.13861534231089112,0.016648877445616897
467927296,40s_F,0.0,0.8052395985725151,0.8516784191965558,0.0464388206240407
467984832,50s_F,,0.862722770082232,0.8392974239580796,-0.02342534612415237
468047936,60+_F,0.0,0.881847554567342,0.8361852555697281,-0.04566229899761387
468092480,40s_F,0.0,0.2887903053827522,0.2789526401282728,-0.009837665254479377
468107328,40s_F,,0.7393764002428225,0.6588305970599342,-0.08054580318288829
468240960,40s_F,0.0,0.8659336961787822,0.8932316786702765,0.027297982491494288
468627008,30s_F,,0.5262424233543473,0.5731662749749035,0.04692385162055612
468745792,60+_F,,0.11059560767940145,0.090340375058235,-0.02025523262116645
468870144,40s_F,0.0,0.1223399820266534,0.17731080705474878,0.054970825028095374
469100288,40s_F,,0.9410603712080841,0.9214881491079006,-0.0195722221001835
469170816,30s_F,,0.5841349994758889,0.7036846900695403,0.11954969059365139
469460352,40s_F,0.0,0.6287989335163032,0.6492552179742552,0.020456284457952
469688640,40s_F,,0.8124465799744788,0.8393245854521406,0.026878005477661837
469714624,30s_F,1.0,0.37584816098335927,0.32404962890429073,-0.05179853207906854
469861248,60+_F,0.0,0.09249342334114256,0.14965974642704954,0.05716632308590698
469924352,50s_F,1.0,0.8144262953552917,0.8351553137468768,0.02072901839158514
469968896,30s_F,,0.7371802363223123,0.6213222814230428,-0.11585795489926953
470065408,50s_F,0.0,0.17699753150475803,0.18225515649852572,0.0052576249937676955
470083968,30s_F,,0.20851214483959887,0.2061695296449106,-0.0023426151946882856
470341952,60+_F,0.0,0.4595479883445013,0.46264650131334234,0.0030985129688410606
470358656,50s_F,1.0,0.10501460069349967,0.12603554133783218,0.021020940644332506
470371648,40s_F,,0.11366982197075635,0.15346734481703198,0.03979752284627562
470380928,50s_F,,0.09753459429551362,0.13416729270218966,0.036632698406676045
470408768,60+_F,0.0,0.09004327531609568,0.1216865793444128,0.031643304028317124
470496000,40s_F,,0.835297625037326,0.8837179319559286,0.04842030691860266
470716864,30s_F,,0.17587666062618865,0.2100670595176312,0.03419039889144254
470904320,50s_F,0.0,0.0895074752478842,0.11573517945982557,0.02622770421194137
471086208,30s_F,0.0,0.07330508874654403,0.09556355637805368,0.022258467631509654
471654144,40s_F,,0.8036005660330736,0.8634885799246522,0.059888013891578606
471674560,30s_F,,0.8673348569402698,0.8802807715446206,0.012945914604350794
471693120,50s_F,0.0,0.1117728115272683,0.16480598923551149,0.05303317770824319
472097728,60+_M,0.0,0.15026763270645388,0.15400575524330007,0.003738122536846189
472114432,30s_F,0.0,0.7534407118110067,0.6472530079998119,-0.1061877038111948
472183104,60+_F,,0.8032939899590954,0.7806789386146059,-0.02261505134448949
472190528,60+_F,0.0,0.6957734913058888,0.7037248019725473,0.00795131066665844
472205376,30s_F,0.0,0.1016951870521764,0.1373948243239745,0.03569963727179812
472212800,60+_F,0.0,0.7858758145398153,0.8042240284513953,0.018348213911580036
472223936,60+_M,0.0,0.1773653883514163,0.16917986760599862,-0.008185520745417674
472242496,30s_F,1.0,0.0756812068737975,0.07794125863299006,0.002260051759192569
472346432,50s_F,0.0,0.27365261694395937,0.3669361832194191,0.09328356627545975
472366848,40s_F,1.0,0.3003746291916598,0.3618570285027499,0.06148239931109012
472372416,60+_F,0.0,0.8819963786695508,0.8879467470732553,0.005950368403704442
472377984,30s_F,1.0,0.11070893767054271,0.13285512824254506,0.022146190572002344
472387264,40s_F,0.0,0.06297359447505886,0.0866439895630424,0.023670395087983534
472435520,40s_F,0.0,0.27552889341660924,0.32859152309507084,0.05306262967846159
472476352,60+_F,1.0,0.7309942358937124,0.6425968053654253,-0.08839743052828708
472504192,50s_F,1.0,0.3368474498001213,0.3281954868353666,-0.008651962964754734
472545024,30s_F,0.0,0.5901168047053592,0.6388454486080657,0.04872864390270648
472611840,50s_F,1.0,0.5953846846023637,0.5816833833358257,-0.013701301266538013
472619264,60+_F,0.0,0.17638796002862464,0.2208807317567056,0.04449277172808097
472710208,30s_F,0.0,0.9029129941734512,0.9163216392132627,0.01340864503981154
472773312,60+_F,1.0,0.7237888640021392,0.704926307916222,-0.018862556085917137
472851264,30s_F,,0.3934210853429685,0.34385202782618135,-0.04956905751678714
472862400,30s_F,0.0,0.26403884048902904,0.27981764590911523,0.015778805420086195
472955200,40s_F,0.0,0.8774126042528657,0.8803078467256501,0.0028952424727843873
473190912,50s_F,0.0,0.8243303651667566,0.8152340183115868,-0.009096346855169801
473229888,30s_F,0.0,0.09861144136485687,0.19301208993323113,0.09440064856837425
473357952,40s_F,0.0,0.8364401870661274,0.8558494910450187,0.01940930397889129
473378368,40s_F,0.0,0.22604113047538138,0.2435181671701925,0.017477036694811127
473380224,30s_F,0.0,0.0804689107795381,0.12046721081493394,0.03999830003539584
473608512,30s_F,0.0,0.5670854571923185,0.6144942423801861,0.04740878518786762
473653056,30s_F,0.0,0.8041570977954494,0.8444203539538272,0.04026325615837778
473688320,50s_F,0.0,0.9460664004697823,0.9295902055020402,-0.016476194967742108
473701312,60+_F,1.0,0.3058562240989618,0.3273124133557522,0.02145618925679038
473744000,30s_F,0.0,0.1637395148794961,0.21337869782150104,0.04963918294200495
473745856,50s_F,0.0,0.874751310606052,0.9001380453654491,0.02538673475939701
473775552,40s_F,0.0,0.6727312292743229,0.7207884673348368,0.048057238060513874
473781120,50s_F,0.0,0.7765778441591493,0.7604254636361651,-0.016152380522984178
473790400,40s_F,,0.11049410678642772,0.12941646338246218,0.01892235659603446
473957440,40s_F,,0.528733252625813,0.4670735069191649,-0.06165974570664817
473961152,50s_F,0.0,0.9090069368065734,0.9267836594421159,0.01777672263554253
474105920,60+_F,,0.7623175136120998,0.7719970479199493,0.009679534307849513
474180160,50s_F,0.0,0.536125588563727,0.5757080222297024,0.03958243366597536
474195008,60+_F,0.0,0.08721706585133891,0.08357150620892856,-0.0036455596424103537
474306368,30s_F,0.0,0.08491695979425355,0.09693913902044894,0.01202217922619539
474428864,50s_F,,0.0750921174070853,0.10597128507580239,0.030879167668717095
474434432,50s_F,0.0,0.7292112425789589,0.7830143495845949,0.053803107005636064
474467840,50s_F,0.0,0.15231279711549298,0.23097463590265643,0.07866183878716346
474634880,30s_F,0.0,0.07664926952288145,0.10030657078621605,0.023657301263334596
474668288,50s_F,0.0,0.8819846583587808,0.9023556204934043,0.020370962134623527
474751808,50s_F,,0.5084822773473968,0.4997689387661714,-0.008713338581225416
474837184,40s_F,0.0,0.08251459613990755,0.11371528148656303,0.031200685346655474
474954112,50s_M,1.0,0.6891123606043577,0.6622745555442267,-0.026837805060131004
475076608,60+_F,0.0,0.7176946000495562,0.6851694447606873,-0.0325251552888689
475156416,60+_F,0.0,0.8825408173113856,0.9168926742896553,0.0343518569782697
475158272,30s_F,0.0,0.22845287956108518,0.34316970670245617,0.11471682714137099
475199104,30s_F,,0.2876331098585581,0.24935998172990234,-0.03827312812865577
475236224,50s_F,0.0,0.1970010440310782,0.23083414683826894,0.033833102807190735
475241792,40s_F,1.0,0.5476906436662,0.5112739611158333,-0.036416682550366675
475362432,30s_F,0.0,0.14718061989452583,0.1805137245842284,0.033333104689702575
475388416,30s_F,0.0,0.8495409820100638,0.8640454642060648,0.014504482196000978
475716928,50s_F,1.0,0.25158282516249697,0.2996988208825867,0.04811599572008973
475789312,60+_F,,0.12510445308707252,0.1718165200717052,0.04671206698463268
475885824,30s_F,0.0,0.21686819936177065,0.2385223118168326,0.021654112455061936
476013888,50s_F,,0.7647232391497749,0.6952111871424007,-0.0695120520073742
476030592,40s_F,0.0,0.9447285353858892,0.8990270515047797,-0.045701483881109506
476038016,40s_F,1.0,0.10035059470214064,0.12054109854864448,0.020190503846503838
476110400,60+_F,0.0,0.9502951074960366,0.9021910246857174,-0.04810408281031919
476429632,60+_F,1.0,0.6678502809152626,0.6881006777011842,0.020250396785921665
476511296,40s_F,,0.3875864124353907,0.4046778060578526,0.01709139362246187
476526144,30s_F,0.0,0.06855756108480002,0.09104104435554206,0.02248348327074204
476546560,30s_F,0.0,0.14637067048676777,0.19785009907093876,0.05147942858417098
476596672,30s_M,,0.770501319028914,0.7454497719191875,-0.025051547109726457
476648640,60+_F,0.0,0.15462042749252095,0.20823970103036754,0.053619273537846596
476739584,60+_F,0.0,0.8326718194593903,0.8745948449514321,0.041923025492041854
476747008,50s_F,1.0,0.8403715813190935,0.8702575307520992,0.02988594943300571
476754432,30s_F,0.0,0.2215288340001886,0.24553065368877638,0.024001819688587778
476815680,30s_F,,0.4203666800225894,0.5384918582977555,0.11812517827516605
476979008,30s_F,0.0,0.0961338173002357,0.12143382185969184,0.02530000455945615
477105216,40s_F,0.0,0.28309084058847533,0.2714030956753856,-0.011687744913089715
477146048,50s_F,,0.3800109843406358,0.33603230391881544,-0.04397868042182035
477236992,50s_F,0.0,0.129693040190594,0.15574292882079344,0.02604988863019944
477357632,50s_F,0.0,0.4989543716287718,0.4546730695965072,-0.0442813020322646
477383616,40s_F,1.0,0.6887668481886045,0.63651098956374,-0.05225585862486448
477387328,60+_F,0.0,0.343953199948285,0.34054077347668354,-0.0034124264716014485
477428160,50s_F,0.0,0.3413109474385893,0.33263454827134603,-0.008676399167243276
477463424,60+_F,1.0,0.0957454564628437,0.08734522519787571,-0.008400231264967986
477561792,40s_F,0.0,0.0856312809177218,0.12758936474098248,0.041958083823260675
477615616,60+_F,0.0,0.5637440644617301,0.46449172840207065,-0.09925233605965944
477700992,40s_F,1.0,0.17209176200826448,0.1962474351429898,0.02415567313472533
477823488,40s_F,0.0,0.1188037916683452,0.1373001517382686,0.01849636006992339
477927424,40s_F,1.0,0.09470910203002751,0.13796820884897293,0.04325910681894542
477983104,50s_F,,0.9047233332661428,0.9357986610339818,0.031075327767838945
478033216,60+_F,,0.7396799065127238,0.8029204702968419,0.06324056378411813
478352448,30s_F,0.0,0.9024014011092801,0.8998162479801408,-0.002585153129139317
478385856,40s_F,1.0,0.8093783536922656,0.8504813888360542,0.04110303514378855
478590016,30s_F,,0.2157980385687852,0.2126738206742518,-0.0031242178945334043
478593728,30s_F,1.0,0.7913781124730697,0.8438477119071076,0.05246959943403795
478599296,60+_F,0.0,0.492342247554744,0.6103471447132679,0.11800489715852391
478775616,50s_F,,0.6285590813478366,0.6792797413883384,0.0507206600405018
478875840,60+_F,0.0,0.07020146939347377,0.08820164251581218,0.01800017312233841
478894400,50s_F,1.0,0.10774119232256614,0.16301537102821345,0.05527417870564731
478961216,50s_F,0.0,0.8331147474520403,0.8546895443540373,0.02157479690199704
478977920,50s_F,1.0,0.0718429578868337,0.09296427480409344,0.02112131691725974
479143104,30s_F,1.0,0.11700125193306095,0.15296619397362618,0.03596494204056523
479144960,30s_F,0.0,0.4464854139930056,0.4148555803938567,-0.03162983359914889
479174656,60+_F,,0.9051453777151507,0.9061486780363808,0.0010033003212300828
479200640,30s_F,0.0,0.16551446116610108,0.16654209032669598,0.0010276291605949006
479208064,30s_F,0.0,0.18363490557212933,0.24350678769847242,0.05987188212634309
479209920,50s_F,1.0,0.08649125449594568,0.10666839913442365,0.020177144638477973
479299008,30s_F,0.0,0.3389896663858162,0.3350960916112599,-0.0038935747745562632
479313856,60+_F,1.0,0.5011965835241955,0.5241366260294652,0.02294004250526971
479456768,50s_F,1.0,0.23985052850505603,0.21870307446735665,-0.02114745403769938
479473472,30s_F,0.0,0.8702168039779618,0.8984043269155124,0.02818752293755067
479523584,30s_F,0.0,0.8773195630521013,0.8900391890390084,0.012719625986907013
479737024,60+_F,0.0,0.8287669799981535,0.8612029691085966,0.0324359891104431
479811264,40s_F,0.0,0.8528960572478091,0.886381116724603,0.03348505947679381
479892928,60+_F,0.0,0.27527031778591854,0.266884190817256,-0.008386126968662533
479896640,40s_F,,0.5178754562896204,0.40915606670764276,-0.10871938958197763
479946752,30s_F,,0.7198110305487257,0.7551101066062594,0.035299076057533685
480201024,40s_F,0.0,0.12533750583159242,0.17807699703256588,0.05273949120097346
480392192,40s_F,,0.7771213665897874,0.764869482538878,-0.012251884050909378
480459008,60+_F,,0.8362740690359867,0.8514762732547321,0.015202204218745408
480494272,60+_F,,0.8412651171502383,0.8575561854011637,0.01629106825092541
480551808,40s_M,0.0,0.1851904116266873,0.20678871023228063,0.021598298605593313
480581504,60+_F,0.0,0.0699172872692058,0.10206180115098068,0.032144513881774875
480709568,60+_F,0.0,0.1254351397953245,0.18389887569411104,0.058463735898786534
480722560,60+_F,0.0,0.37780904976311613,0.35383077446436917,-0.023978275298746965
480726272,30s_M,0.0,0.3551755635992865,0.3868647198155446,0.03168915621625812
480780096,60+_M,0.0,0.5697460580052732,0.5460521179173741,-0.023693940087899157
480824640,30s_F,0.0,0.05911193402717019,0.11043315256579234,0.05132121853862215
480950848,30s_F,0.0,0.6042457480236202,0.7304070667419262,0.12616131871830605
481160576,40s_F,0.0,0.1769610884991591,0.20260792438621153,0.025646835887052438
481307200,40s_F,0.0,0.9021497951125823,0.9139436992462998,0.011793904133717503
481335040,60+_F,1.0,0.703787207191487,0.7776455395547844,0.07385833236329742
481433408,40s_M,0.0,0.17997180551847017,0.20357281888509152,0.02360101336662135
481435264,60+_F,1.0,0.08541135817766471,0.09931786492210178,0.013906506744437067
481492800,30s_F,0.0,0.2164960927405015,0.22202406195945484,0.005527969218953349
481580032,30s_F,0.0,0.07432893285860294,0.07721446273236895,0.0028855298737660157
481602304,40s_F,,0.15167121376360695,0.18879889394157756,0.03712768017797061
481609728,30s_F,0.0,0.8645380022616799,0.8292941815257504,-0.035243820735929465
481724800,60+_F,0.0,0.9019007774713756,0.9006782545822609,-0.00122252288911473
481893696,40s_F,,0.857233393990192,0.9170998727390811,0.05986647874888906
482010624,60+_F,0.0,0.08257729663185526,0.12226142842136528,0.039684131789510024
482303872,40s_F,0.0,0.07457720509196755,0.08807048764718424,0.013493282555216687
482307584,30s_F,0.0,0.09016226662701886,0.12637046428857246,0.0362081976615536
482374400,50s_F,0.0,0.6220426580951461,0.6886415179011856,0.06659885980603941
482428224,50s_F,0.0,0.8965012425618848,0.8839486002162087,-0.012552642345676102
482493184,60+_F,,0.6464979828511158,0.5067957919067255,-0.1397021909443903
482547008,50s_F,0.0,0.36363254368148995,0.3799685072437233,0.016335963562233324
482686208,30s_F,0.0,0.20851395377352677,0.25664631444569297,0.0481323606721662
483025856,40s_F,,0.08543687481007536,0.10718550362748466,0.0217486288174093
483036992,40s_F,0.0,0.0888731163334617,0.08243667539744384,-0.006436440936017862
483341376,40s_F,0.0,0.2682845895524231,0.3022305646333314,0.0339459750809083
483484288,30s_F,0.0,0.8999856570024426,0.920712404616865,0.02072674761442239
483489856,30s_F,,0.8724437575488483,0.9085057071720781,0.03606194962322984
483590080,30s_F,,0.06419444707060645,0.1105912911150904,0.04639684404448395
483712576,50s_F,0.0,0.06866551265817278,0.0846577987436096,0.01599228608543682
483890752,40s_F,0.0,0.10942155623862046,0.13312433407139646,0.023702777832775995
484141312,30s_F,0.0,0.5888829301981522,0.6276420862613685,0.03875915606321634
484664704,30s_F,0.0,0.11125698176357338,0.12893089176157224,0.017673909997998866
484675840,50s_F,0.0,0.2761517296961747,0.34498368581188943,0.06883195611571474
484683264,60+_M,0.0,0.8278506180215064,0.8130550893285284,-0.014795528692977955
485392256,50s_F,0.0,0.11515624653486083,0.18276362014794628,0.06760737361308546
485711488,50s_F,0.0,0.0633521186264827,0.10043853265578791,0.03708641402930521
486008448,30s_F,,0.9403393231352664,0.9085230666079136,-0.03181625652735276
486192192,30s_F,0.0,0.08116905978189166,0.11813383940256507,0.036964779620673405
486407488,40s_F,1.0,0.28798271759637606,0.2904649902175478,0.0024822726211717328
486537408,30s_F,0.0,0.8481201750180102,0.8697174387933312,0.021597263775321007
486750848,40s_F,1.0,0.8267993157963964,0.8249264291795957,-0.0018728866168007396
487019968,40s_F,0.0,0.7641016455756866,0.6969900218415458,-0.06711162373414081
488079744,30s_F,,0.5013447366083188,0.4876659039536375,-0.013678832654681283
488313600,30s_F,0.0,0.44482520280970594,0.41073763860510576,-0.034087564204600185
488690368,30s_F,1.0,0.07402160387393798,0.11593075631704691,0.04190915244310893
488740480,60+_M,,0.738063774054662,0.8275833955137055,0.08951962145904357
488987328,40s_F,1.0,0.1364743362074329,0.15926224788224114,0.02278791167480823
489005888,40s_F,0.0,0.2313363113181299,0.2939606401648272,0.0626243288466973
489321408,30s_F,0.0,0.6002087271095684,0.7048872666725042,0.10467853956293582
489616512,30s_F,0.0,0.5839110340678382,0.5622325429882491,-0.02167849107958908
489790976,30s_F,0.0,0.10649534312364704,0.1282232428702571,0.02172789974661006
489835520,30s_F,0.0,0.20385983218897905,0.20708093441053133,0.00322110222155228
489930176,30s_F,0.0,0.08258890991398939,0.13586923473101908,0.0532803248170297
490477696,30s_F,1.0,0.43849433662809534,0.5060199028483007,0.06752556622020534
491511488,30s_F,0.0,0.7562232111603372,0.7823919577118257,0.026168746551488486
491531904,60+_F,,0.8542851158193919,0.8318673504311792,-0.022417765388212718
492255744,50s_M,0.0,0.08029112053612673,0.08687590117189535,0.006584780635768617
492413504,60+_F,0.0,0.08313167809799621,0.09551491492221373,0.01238323682421752
493677440,30s_M,0.0,0.16865535040740517,0.1966747015780087,0.02801935117060353
495125120,30s_F,1.0,0.06327584228798021,0.09787327677752972,0.03459743448954951
497235392,30s_F,,0.1852712893429658,0.1830459827648573,-0.002225306578108488
497500800,30s_F,0.0,0.5029272731295138,0.5322495105153879,0.02932223738587414
498087296,30s_F,0.0,0.8832332404528691,0.884394198702428,0.0011609582495588633
498985600,50s_F,0.0,0.09997283017581957,0.1546419905201489,0.05466916034432934
499716864,30s_F,0.0,0.7692312925224714,0.8141808255912961,0.044949533068824765
499720576,30s_M,0.0,0.7724049834552783,0.8031412211675085,0.03073623771223022
500800768,30s_F,0.0,0.21455559714327044,0.2430206347054889,0.028465037562218465
501563584,40s_M,0.0,0.07126046986560032,0.0723291097335127,0.001068639867912377
501654528,50s_F,0.0,0.5506777351820286,0.46712644726777236,-0.0835512879142562
501771456,30s_F,0.0,0.7733901053216037,0.824007819493653,0.0506177141720493
501803008,30s_F,,0.11122429075061803,0.1329902789324231,0.02176598818180507
501858688,30s_F,0.0,0.4716798008014147,0.5127750295777731,0.041095228776358406
502604800,50s_F,0.0,0.8255663160871903,0.8928483107112595,0.06728199462406914
503287808,40s_F,0.0,0.3764031172894287,0.31934741127119304,-0.057055706018235675
503517952,40s_F,0.0,0.06904749764431184,0.10216874150535657,0.03312124386104473
505635648,40s_F,0.0,0.5643023756611081,0.607656872607194,0.04335449694608595
505704320,30s_F,,0.09777896271175218,0.13066172054448896,0.03288275783273678
506353920,40s_F,0.0,0.7353826221855846,0.7782132816211011,0.04283065943551656
506801216,30s_F,0.0,0.5625423207595062,0.5769406723586148,0.014398351599108627
506884736,40s_M,1.0,0.3980920885797665,0.35717320604931657,-0.04091888253044995
507378432,30s_F,0.0,0.24794017424036494,0.29310847409495777,0.045168299854592836
507805312,40s_M,0.0,0.21061199263271738,0.2784296687662495,0.06781767613353215
508564416,30s_F,1.0,0.7439703445862623,0.7530284846144132,0.009058140028150863
508724032,30s_F,0.0,0.09754926372074195,0.12447920973494442,0.02692994601420247
508805696,30s_F,0.0,0.11344766872421501,0.11487889893145742,0.0014312302072424093
508902208,30s_F,,0.06032423408197855,0.10627364577204147,0.04594941169006292
509145344,30s_F,0.0,0.4475259558504186,0.5348888633618062,0.08736290751138759
510197696,30s_F,,0.08909426676711502,0.10038876030866428,0.011294493541549266
510431552,40s_F,0.0,0.06756581520379623,0.09946157174135778,0.03189575653756155
510524352,30s_F,0.0,0.4119851506565721,0.5337549251153487,0.12176977445877663
510600448,40s_M,0.0,0.33534003066174844,0.34469466331289117,0.009354632651142725
510678400,30s_F,0.0,0.35012303918204873,0.3994758150787485,0.049352775896699785
513573760,30s_F,1.0,0.23125612149147373,0.20014768965528454,-0.031108431836189193
514145408,50s_F,0.0,0.7447719064007857,0.7669937408923855,0.022221834491599757
514334720,30s_F,,0.847789129044878,0.8614440661181585,0.013654937073280471
514579712,50s_F,1.0,0.675260000898399,0.6212959583911573,-0.05396404250724174
514583424,30s_F,0.0,0.8707285483655037,0.8323283105178395,-0.03840023784766422
514626112,40s_M,1.0,0.06072551788981123,0.0869632936590043,0.026237775769193075
514832128,30s_F,0.0,0.7932796735000287,0.7342070589852824,-0.059072614514746324
514902656,50s_F,1.0,0.3416459131979485,0.37874262832389904,0.03709671512595053
515062272,30s_F,0.0,0.8110422811322647,0.8517847930048597,0.04074251187259492
515116096,30s_F,0.0,0.10403635986174695,0.11310462491804206,0.009068265056295113
515192192,30s_F,,0.12075272832977603,0.15214931773735424,0.03139658940757821
515199616,30s_F,0.0,0.30631251314143615,0.3117616813518865,0.005449168210450328
515351808,40s_F,0.0,0.10496671855948664,0.16531754534726378,0.060350826787777145
515437184,40s_F,0.0,0.06771920947251533,0.10404468543515773,0.03632547596264239
515630208,50s_F,1.0,0.8615236419767662,0.9034092375473698,0.04188559557060356
515728576,60+_F,,0.7994042133022325,0.7244957821216201,-0.07490843118061241
515778688,30s_F,0.0,0.7492584916716086,0.8253866496560659,0.07612815798445727
515860352,40s_F,0.0,0.07345291059958024,0.11349490004719023,0.04004198944760999
515875200,40s_F,0.0,0.4702285257457317,0.45208066131446567,-0.018147864431266036
515966144,60+_F,1.0,0.4278131676564572,0.3903511736453622,-0.03746199401109501
516040384,40s_F,1.0,0.08967727152374383,0.13644460222934512,0.046767330705601295
516064512,30s_F,0.0,0.06671239200716882,0.11323447711561334,0.04652208510844452
516083072,60+_F,0.0,0.6927595652762887,0.5741134503123471,-0.11864611496394162
516244544,40s_F,1.0,0.6172534086283071,0.6489282488590448,0.03167484023073763
516257536,30s_F,,0.7372449474481971,0.6632099215786978,-0.07403502586949928
516500672,50s_F,,0.4362065268327548,0.4677507641526926,0.03154423731993783
516522944,30s_F,0.0,0.09312527262544387,0.09942244239668613,0.006297169771242256
516578624,60+_F,0.0,0.24601022151007537,0.26745575227202617,0.0214455307619508
516599040,30s_F,0.0,0.33344029038240985,0.30925377246385943,-0.02418651791855042
516855168,40s_F,0.0,0.37557505252882906,0.3884280447403831,0.01285299221155406
517126144,30s_F,0.0,0.42348746644215646,0.5630139832091796,0.13952651676702316
517194816,40s_F,0.0,0.8715330452092498,0.8812842573401706,0.009751212130920783
517231936,50s_F,0.0,0.40721022684682723,0.4103501688706875,0.003139942023860254
517385984,50s_F,1.0,0.8916015095980552,0.918339077829095,0.026737568231039788
517528896,60+_F,0.0,0.8956706867891593,0.9082599343092445,0.012589247520085167
517610560,40s_F,0.0,0.12315998139765723,0.1392921029552827,0.01613212155762546
517714496,40s_F,0.0,0.28147518538313265,0.28956294389810777,0.008087758514975119
517762752,40s_F,0.0,0.30528021891877155,0.27731861545231823,-0.027961603466453322
517803584,50s_F,0.0,0.10670721722338193,0.12948427712868818,0.02277705990530625
517825856,30s_F,,0.07245238139577703,0.0925783259315447,0.020125944535767673
517918656,30s_F,,0.24979177825706217,0.23490047771550923,-0.014891300541552938
517939072,40s_F,0.0,0.12525910715111127,0.18152771935231338,0.056268612201202106
518128384,40s_F,,0.32086540146593073,0.3643722324085673,0.043506830942636576
518167360,60+_F,0.0,0.17716365148908508,0.18416064867579215,0.006996997186707071
518197056,40s_F,1.0,0.0862552381724016,0.08695610990017162,0.0007008717277700166
518338112,40s_F,0.0,0.7138724721132417,0.7102762616501087,-0.003596210463132965
518421632,50s_F,0.0,0.0918931233067144,0.13018291922946604,0.03828979592275164
518518144,60+_F,,0.6126972680879065,0.4911901451564208,-0.12150712293148569
518644352,40s_F,0.0,0.5871380001930031,0.6163419561556299,0.029203955962626815
518655488,<30_F,,0.16880567759067244,0.21918994806708192,0.050384270476409476
518659200,50s_F,0.0,0.23843661878026612,0.25530775273990325,0.01687113395963713
518777984,50s_F,0.0,0.06787393741107582,0.112323839040429,0.04444990162935318
519119488,30s_F,1.0,0.8834317766980518,0.8880348763571075,0.004603099659055698
519152896,30s_F,0.0,0.0796388980445455,0.10691574764333307,0.027276849598787567
519154752,30s_F,,0.07172181196651224,0.10427921574400786,0.03255740377749562
519394176,30s_F,0.0,0.25520740031742867,0.3107534014396595,0.05554600112223085
519505536,60+_F,1.0,0.2900824274919052,0.27493154981101464,-0.015150877680890573
519822912,30s_F,0.0,0.8081623462971744,0.8699672293019544,0.06180488300477993
519941696,50s_F,1.0,0.5238784191304034,0.5700244709456204,0.046146051815216915
520169984,50s_F,0.0,0.08795585979778299,0.10039455998790242,0.012438700190119431
521322560,30s_F,0.0,0.7997054900887944,0.8037339670343217,0.004028476945527215
521662208,30s_F,0.0,0.37385921126224664,0.33127128283420454,-0.0425879284280421
523076480,40s_F,,0.09763835297768816,0.11936302949046133,0.02172467651277317
523353024,30s_F,1.0,0.09500716913556294,0.1329914600317386,0.03798429089617565
523388288,40s_F,0.0,0.06889113104135551,0.0713070102614318,0.0024158792200762863
524253184,30s_F,1.0,0.8913289606696111,0.8874073286998132,-0.00392163196979789
524733888,60+_M,1.0,0.1269434765405938,0.19888342867498549,0.0719399521343917
524887936,30s_F,,0.2569141833335775,0.24453440856923994,-0.012379774764337576
525556096,<30_F,0.0,0.24096339659789334,0.26001638255405657,0.019052985956163226
525778816,30s_F,0.0,0.22372556537274363,0.2404779661361149,0.016752400763371283
525801088,30s_F,1.0,0.1351057030730305,0.16111109316940886,0.026005390096378367
526146304,30s_M,0.0,0.3410622268868997,0.35124608500058585,0.010183858113686162
526194560,30s_F,0.0,0.07767774894132677,0.09151836269921823,0.01384061375789146
527580992,30s_F,,0.29615512992733156,0.3317105663892307,0.035555436461899126
527709056,30s_F,0.0,0.08861010181086326,0.14186103160729735,0.05325092979643409
527770304,30s_F,1.0,0.6273432800548334,0.5977004151284302,-0.029642864926403223
527859392,40s_F,0.0,0.0842521398561607,0.12055803007738472,0.03630589022122402
527881664,30s_F,0.0,0.5458520487329434,0.5290181539215459,-0.01683389481139741
529442560,30s_F,0.0,0.08059108587236785,0.10352356877761389,0.022932482905246035
529912128,30s_F,0.0,0.08946300448335785,0.12221358462673212,0.03275058014337427
530153408,30s_F,0.0,0.8386984487096774,0.8855208543887787,0.04682240567910134
530257344,40s_F,0.0,0.19268479649495796,0.24725280494976432,0.05456800845480636
530619264,40s_F,1.0,0.09187994180806268,0.1281026925370217,0.036222750728959016
530958912,30s_F,0.0,0.4070438178627318,0.3851437377709172,-0.0219000800918146
531818240,50s_F,0.0,0.850607790834699,0.882934834214864,0.03232704338016501
532161600,30s_F,0.0,0.17822839179601022,0.20644574033708415,0.02821734854107394
532232128,30s_F,,0.27181614582558455,0.25423826231338964,-0.017577883512194914
532313792,<30_F,0.0,0.46365640010558445,0.3909947404388908,-0.07266165966669363
533785600,40s_F,0.0,0.08674985871865705,0.15448597883850138,0.06773612011984433
533986048,30s_F,0.0,0.4445626410637653,0.5163825371380573,0.07181989607429196
534398080,30s_F,0.0,0.797134509410027,0.803592443482021,0.00645793407199402
535151616,30s_F,,0.429859653227778,0.5198118677359281,0.08995221450815011
535645312,40s_M,,0.1501704783659508,0.17089372016676735,0.020723241800816555
535895872,30s_F,0.0,0.6158350263324093,0.6483429258841918,0.03250789955178257
535929280,30s_F,0.0,0.3477525632484136,0.32021079853512796,-0.02754176471328562
535999808,30s_F,1.0,0.4589712362305957,0.49579027368867273,0.03681903745807702
536489792,30s_F,0.0,0.19124400812521852,0.2621414342414543,0.07089742611623578
536526912,30s_F,,0.16074219313665897,0.1798813247348829,0.019139131598223946
536614144,30s_M,0.0,0.08511470125818191,0.11799164195479556,0.03287694069661365
536851712,30s_F,1.0,0.1091070980658299,0.13290702229494603,0.02379992422911613
536892544,30s_F,0.0,0.10992085424996066,0.12043949184850676,0.010518637598546099
537211776,30s_F,0.0,0.7575469803032777,0.7029476516604221,-0.05459932864285566
537685056,30s_F,1.0,0.5203630548063551,0.5764942147948799,0.056131159988524804
538421888,40s_F,0.0,0.6230257170880215,0.6733017673946979,0.05027605030667648
538776384,30s_F,0.0,0.8429993793044461,0.8883755784235576,0.045376199119111504
538861760,40s_F,0.0,0.5113303874469629,0.5457736082367959,0.03444322078983297
538882176,30s_F,1.0,0.3526334954136937,0.2968380699331398,-0.055795425480553884
539099328,60+_F,0.0,0.12080707844230149,0.21097080222580242,0.09016372378350093
539596736,40s_M,,0.15698697052983213,0.15502158144440417,-0.0019653890854279543
539633856,30s_M,0.0,0.14621318802861943,0.19115546047247858,0.04494227244385915
539986496,40s_F,0.0,0.32364041566748314,0.2784713961423248,-0.04516901952515834
540305728,50s_F,0.0,0.2822257005022736,0.31141731300800607,0.02919161250573249
540443072,50s_F,0.0,0.31966830440180555,0.30620293875774207,-0.013465365644063476
540541440,30s_F,0.0,0.06615948857500704,0.08893239406389995,0.02277290548889291
540645376,40s_F,0.0,0.0975395546063556,0.11736124436806952,0.019821689761713918
540769728,40s_F,0.0,0.6689644300071875,0.6703037698120808,0.0013393398048933136
540773440,30s_F,0.0,0.5731592304397028,0.5870496610209908,0.013890430581287916
540834688,50s_F,0.0,0.0753260264251587,0.12370307532960086,0.04837704890444215
541150208,30s_M,0.0,0.769591539475532,0.833666356859789,0.06407481738425691
541222592,50s_F,0.0,0.8033930230474233,0.7811772609120616,-0.022215762135361694
541306112,30s_F,,0.8800121480095097,0.8956922491069302,0.015680101097420573
541649472,30s_F,,0.09640917523985268,0.15227562293084188,0.055866447690989196
541716288,40s_F,,0.8598002727821745,0.8684896047517384,0.008689331969563896
541805376,50s_F,0.0,0.5922733781795511,0.7095811295519908,0.11730775137243976
542521792,50s_F,0.0,0.14074385323368074,0.2033268834584706,0.06258303022478987
542557056,40s_F,0.0,0.3115841115018714,0.2816621478269506,-0.029921963674920782
542575616,40s_F,1.0,0.08330112824893837,0.08881097400686082,0.005509845757922446
542651712,40s_F,0.0,0.6149501770626459,0.6083570122853773,-0.0065931647772685675
542759360,40s_F,,0.2538885107242761,0.28830992555135065,0.03442141482707456
542770496,30s_F,0.0,0.6600547727435646,0.5442415453338183,-0.11581322740974631
542861440,40s_F,0.0,0.8992982164802629,0.9027951236625982,0.003496907182335307
543024768,30s_F,,0.07162517538231433,0.11561501324499401,0.04398983786267968
543058176,50s_F,1.0,0.733359179088948,0.7381454269955745,0.004786247906626517
543199232,50s_F,1.0,0.7051096341150566,0.7721026132780336,0.06699297916297708
543301312,40s_F,,0.2945109737723297,0.25535870764445756,-0.03915226612787215
543325440,50s_F,0.0,0.11932116212660572,0.14952497614696125,0.030203814020355532
543462784,30s_F,1.0,0.1724416304077317,0.1894879309211228,0.017046300513391094
543603840,30s_F,0.0,0.24221336490280426,0.3481451333628125,0.10593176846000824
543720768,30s_F,0.0,0.816038676363191,0.8656587331538779,0.04962005679068682
543891520,30s_F,0.0,0.15789847905363424,0.164640482636063,0.006742003582428768
544143936,30s_F,1.0,0.12101822879074353,0.16744194021688957,0.04642371142614604
544340672,30s_F,0.0,0.1569137695638035,0.2224584111261222,0.06554464156231868
544351808,40s_F,0.0,0.7700369480551886,0.7830026426964671,0.012965694641278502
544570816,30s_F,0.0,0.5753635548513807,0.7024101203737791,0.12704656552239846
544626496,30s_F,0.0,0.08542071485429652,0.1328262337013303,0.04740551884703377
544901184,30s_F,0.0,0.550902415810685,0.5711797047585013,0.02027728894781633
544917888,40s_M,0.0,0.41213859349430704,0.49340960393878036,0.08127101044447332
545045952,40s_F,0.0,0.35654494161699213,0.3172995338178763,-0.03924540779911584
545207424,30s_F,,0.11820753230449028,0.1849114854053819,0.06670395310089162
545428288,60+_F,0.0,0.3270426408657409,0.35718839005576425,0.03014574919002333
545480256,40s_F,0.0,0.32962352222582275,0.36338400560489403,0.03376048337907128
545615744,30s_F,0.0,0.19275931781989578,0.2343116945623962,0.041552376742500424
545834752,30s_F,0.0,0.761170132043614,0.6642294334569716,-0.09694069858664234
546038912,40s_F,0.0,0.4882026997390721,0.5432397138218584,0.05503701408278633
546087168,40s_F,0.0,0.8193638165938036,0.8632306033185617,0.04386678672475808
546116864,30s_F,1.0,0.06370572163216365,0.08622495990676646,0.02251923827460281
546122432,30s_F,,0.8697549957056857,0.8337266749178334,-0.03602832078785234
546196672,40s_F,0.0,0.223002314130102,0.2546148898904914,0.03161257576038942
546393408,60+_F,0.0,0.6789127051839355,0.5865278660934243,-0.0923848390905112
546543744,30s_F,1.0,0.14932889019447768,0.18362799088963577,0.0342991006951581
546554880,30s_F,0.0,0.3708879966734338,0.4257690642371188,0.05488106756368499
546564160,<30_F,1.0,0.16718739978994254,0.17782209357788795,0.010634693787945404
547068992,30s_F,1.0,0.06918906054967987,0.1132795005972652,0.04409044004758533
547258304,<30_F,1.0,0.06259140895108083,0.09117315974055899,0.028581750789478166
547273152,<30_F,,0.8232386605979667,0.7486407548062028,-0.07459790579176384
547315840,<30_F,,0.0815021520805391,0.13404597273702545,0.052543820656486356
547334400,30s_F,1.0,0.10802749288719676,0.10456976665127177,-0.003457726235924996
547345536,40s_F,0.0,0.0757044929296761,0.09696537322888982,0.02126088029921372
547451328,40s_F,1.0,0.8700967035360204,0.8290556071093045,-0.04104109642671594
547455040,50s_F,0.0,0.526550315544168,0.5473721563318125,0.020821840787644486
547570112,<30_F,0.0,0.0627863467964413,0.111358562785901,0.04857221598945971
547752000,40s_F,0.0,0.8062492450919849,0.8482359766109887,0.041986731519003784
547833664,30s_F,0.0,0.8609989868841518,0.8528995993546473,-0.008099387529504454
547919040,30s_F,0.0,0.07567959278088095,0.12135852992266044,0.045678937141779494
547954304,40s_F,0.0,0.5221803803426609,0.6595313344699747,0.1373509541273138
548171456,40s_F,0.0,0.9430514416437967,0.9075109965669228,-0.03554044507687393
548177024,50s_F,,0.12485124014048628,0.14340217728948434,0.018550937148998067
548293952,60+_F,0.0,0.2024127736540605,0.20491634363416683,0.0025035699801063405
548438720,60+_F,0.0,0.10333151357853922,0.13124800387467922,0.027916490296140004
548557504,40s_F,0.0,0.12603663727200995,0.16079247365311486,0.03475583638110491
548689280,50s_F,1.0,0.8603277420978437,0.8837035810043495,0.023375838906505852
548776512,30s_F,,0.10825231436562346,0.11429010200702494,0.006037787641401476
548852608,60+_F,0.0,0.08216948597385938,0.10696034637253987,0.02479086039868049
548962112,30s_F,0.0,0.561328096508782,0.6701686980294493,0.10884060152066732
549116160,30s_F,1.0,0.1434270023430751,0.2010589266889402,0.057631924345865115
549344448,50s_M,,0.8755484382523427,0.8944568880157511,0.01890844976340833
549370432,30s_F,1.0,0.10515544949097871,0.15425982149018716,0.049104371999208446
549556032,30s_F,0.0,0.08485691113638896,0.09176429248604795,0.006907381349658986
549619136,40s_F,0.0,0.13993553774076076,0.21708201155387344,0.07714647381311268
549626560,50s_F,,0.6795402695712697,0.7216958252012903,0.0421555556300206
549630272,40s_F,,0.8448146398473066,0.8627778472631377,0.017963207415831017
549674816,60+_F,0.0,0.9471468075709852,0.9179932094869936,-0.02915359808399165
549884544,40s_F,0.0,0.7790631582212053,0.8453831837021919,0.06632002548098659
549975488,60+_F,0.0,0.13787587032616153,0.12734171309019265,-0.010534157235968872
549984768,30s_F,0.0,0.5664653026597846,0.6013284482933418,0.03486314563355719
550057152,30s_F,0.0,0.20094062077493166,0.21581998393256083,0.014879363157629166
550190784,40s_F,0.0,0.5682400222017171,0.5616189199776526,-0.0066211022240645345
550242752,30s_F,0.0,0.8444647152682496,0.8441697857079135,-0.0002949295603361657
550285440,40s_F,0.0,0.14840162889765154,0.17588270538682674,0.027481076489175194
550287296,50s_F,0.0,0.10476360818289084,0.10861375894322085,0.003850150760330018
550458048,30s_F,0.0,0.16830118739812022,0.19821501033969624,0.029913822941576018
550888640,30s_F,0.0,0.0981027526698775,0.1338743858888033,0.03577163321892579
550940608,50s_F,0.0,0.20953494666552375,0.2979638331150869,0.08842888644956315
551009280,50s_F,0.0,0.2200898704345592,0.29417069528291295,0.07408082484835377
551079808,40s_F,0.0,0.08828126039732463,0.10253575498635012,0.014254494589025488
551126208,40s_F,0.0,0.07193988219491644,0.1047333996384035,0.03279351744348706
551180032,30s_F,0.0,0.8632197934454191,0.8471322218529679,-0.016087571592451222
551187456,30s_F,0.0,0.08399191184409661,0.12044670768174676,0.03645479583765014
551304384,30s_F,0.0,0.36115352231997877,0.28590018756475016,-0.0752533347552286
551436160,30s_F,0.0,0.23905421026728046,0.29859968863937114,0.05954547837209068
551588352,40s_F,0.0,0.9041001128069024,0.9219268587223103,0.017826745915407893
551621760,<30_F,,0.10272086015989706,0.21712633960713543,0.11440547944723836
551694144,50s_F,0.0,0.0805343489065544,0.0870664574780193,0.006532108571464898
551736832,30s_F,0.0,0.2654686910036177,0.29151128037409924,0.02604258937048154
551863040,60+_F,0.0,0.89391426482389,0.8683839360476732,-0.02553032877621686
552070912,40s_F,0.0,0.08568918997955499,0.14194391002592824,0.05625472004637325
552124736,30s_F,0.0,0.09662596419580004,0.09943299355703474,0.0028070293612346975
552228672,40s_F,0.0,0.8890848550102749,0.8740177865225196,-0.015067068487755297
552664832,60+_F,0.0,0.8722773421923317,0.8796761970052226,0.0073988548128909315
552670400,50s_F,1.0,0.1646369949230966,0.164372161355886,-0.0002648335672106039
552729792,50s_F,0.0,0.5195193502410884,0.6026273031223546,0.08310795288126616
553008192,60+_F,0.0,0.21232912751142646,0.2089891177514996,-0.0033400097599268763
553065728,60+_F,1.0,0.8646887983004657,0.8825418935164193,0.017853095215953574
553115840,30s_F,,0.06989071297746662,0.09695665745462007,0.02706594447715345
553225344,30s_F,0.0,0.3591721302324874,0.3327357226236207,-0.026436407608866674
553331136,40s_F,0.0,0.6399306223271668,0.6524247190390363,0.012494096711869518
553466624,50s_F,1.0,0.5168565810198272,0.5757508146730308,0.058894233653203565
553680064,50s_F,0.0,0.1085198567766011,0.15873344488460617,0.05021358810800507
553720896,60+_F,1.0,0.07372310108299092,0.11846670515954635,0.044743604076555435
553793280,40s_F,,0.7230725505932821,0.7559011358451816,0.03282858525189947
553817408,50s_F,0.0,0.23732643615158266,0.23409574247282713,-0.0032306936787555307
553835968,40s_F,0.0,0.5794281429307241,0.6715285076580098,0.09210036472728567
553874944,50s_F,0.0,0.06660304477162834,0.10401082194980102,0.037407777178172674
554028992,40s_F,0.0,0.07322732066031828,0.11003571434975208,0.036808393689433797
554045696,40s_F,0.0,0.5787370455588203,0.5645772946775911,-0.014159750881229227
554155200,50s_F,1.0,0.23435427038105366,0.20967532580354536,-0.0246789445775083
554166336,60+_M,0.0,0.3389426607299368,0.37333828400886715,0.034395623278930365
554216448,60+_F,0.0,0.7996982378652594,0.831771290543106,0.03207305267784655
554236864,<30_F,0.0,0.8482650120113578,0.8254355815814297,-0.022829430429928133
554364928,30s_F,0.0,0.8679069587159859,0.8688418852220317,0.0009349265060457634
554437312,50s_F,,0.10241918868262417,0.13442598567588315,0.03200679699325898
554543104,50s_F,0.0,0.536448305926221,0.46562745553111107,-0.07082085039510988
554570944,30s_F,0.0,0.1467697246869509,0.2243650172227674,0.07759529253581648
554697152,30s_F,0.0,0.24241719811028797,0.23844882917729002,-0.0039683689329979566
555007104,30s_F,0.0,0.0667598350466735,0.10315212378852179,0.036392288741848286
555489664,30s_F,0.0,0.34292707685667645,0.35516818691919866,0.012241110062522209
555597312,60+_F,1.0,0.5204523582232724,0.38596346026172357,-0.13448889796154884
555608448,60+_F,0.0,0.8541728575386197,0.8523416684540962,-0.0018311890845235101
555701248,40s_F,0.0,0.890823765183178,0.8908803947209338,5.6629537755870096e-05
555712384,50s_F,0.0,0.20221301629439453,0.23337585666052518,0.03116284036613065
555987072,30s_F,0.0,0.2476436937762449,0.24600843556402233,-0.0016352582122225734
556161536,60+_F,0.0,0.7830091979966787,0.7384001498751356,-0.04460904812154309
556167104,60+_F,0.0,0.12932084589309778,0.13597438265465056,0.006653536761552781
556222784,50s_F,1.0,0.8234615106330027,0.8383208738342712,0.014859363201268572
556323008,30s_F,0.0,0.6502738764277481,0.7304088851216969,0.08013500869394874
556484480,50s_F,0.0,0.17954270470289949,0.21684621601839282,0.03730351131549334
556742464,30s_F,0.0,0.11796064179406972,0.12605244141055522,0.008091799616485498
556775872,30s_F,0.0,0.2424117580160608,0.2330669065807526,-0.009344851435308194
556790720,30s_F,0.0,0.8196043280593748,0.877891801884707,0.05828747382533217
556913216,40s_F,,0.8773143529707451,0.8976788077260138,0.020364454755268713
556952192,30s_F,0.0,0.06143159883443987,0.09289641644617508,0.03146481761173521
557457024,50s_F,1.0,0.6208689263065454,0.6019701235512255,-0.018898802755319966
557739136,50s_F,0.0,0.20122385352822508,0.2201798054378381,0.018955951909613022
557805952,30s_F,1.0,0.433424333034396,0.46893691960830614,0.035512586573910154
557848640,40s_F,1.0,0.20343939057353855,0.21654264624588038,0.01310325567234183
557926592,40s_F,,0.09414748926140369,0.10330386282914833,0.009156373567744638
558000832,50s_F,,0.8519972458914751,0.8773468354596134,0.025349589568138375
558101056,40s_F,1.0,0.18775666344510816,0.1964619373622843,0.008705273917176126
558108480,60+_F,0.0,0.2932388170901771,0.2894228484194965,-0.0038159686706805696
558136320,30s_F,,0.6531405078930363,0.6478327147781191,-0.0053077931149172475
558479680,30s_F,0.0,0.8505215509212958,0.8806416087896541,0.030120057868358363
558490816,40s_F,0.0,0.06501038250158486,0.10503044737651025,0.04002006487492539
558711680,40s_F,1.0,0.5643883452625732,0.5853513874970392,0.02096304223446599
558769216,<30_F,0.0,0.8507164661700591,0.8360403810692146,-0.014676085100844505
558867584,30s_F,0.0,0.16956050332263636,0.18374915148884327,0.014188648166206907
558975232,40s_F,0.0,0.22310148820729567,0.24539624711604494,0.022294758908749268
559090304,40s_F,0.0,0.4387470736178451,0.45352736339719013,0.014780289779345035
559138560,30s_F,0.0,0.17765356594527565,0.14323916696179065,-0.034414398983485
559196096,30s_F,,0.11440874280130277,0.13516190600861042,0.02075316320730765
559201664,40s_F,0.0,0.1645384240641869,0.1894837900069741,0.024945365942787207
559270336,40s_F,,0.8618617281716908,0.8159989769149323,-0.04586275125675854
559326016,60+_F,0.0,0.8041021622659382,0.7010561540679374,-0.1030460081980008
559348288,50s_F,0.0,0.5015058747777541,0.3579288247529655,-0.1435770500247886
559387264,60+_F,1.0,0.8041067457857443,0.8309630193796208,0.026856273593876545
559483776,50s_F,0.0,0.529401684711765,0.5914164498132386,0.062014765101473635
559530176,30s_F,1.0,0.09086087115623563,0.12716056792297947,0.03629969676674384
559552448,50s_F,0.0,0.14651346883524982,0.19046752713534384,0.04395405830009402
559971904,<30_F,0.0,0.4950339355535046,0.5826941077852754,0.0876601722317708
560448896,30s_F,,0.8810732715703533,0.9034934803395126,0.02242020876915929
560597376,50s_F,0.0,0.8475258084187256,0.7880916976780697,-0.059434110740655854
560725440,30s_F,0.0,0.26400276816378054,0.2639481151445997,-5.46530191808392e-05
560812672,30s_F,0.0,0.24332494928065093,0.27606784141449064,0.03274289213383971
560823808,60+_F,0.0,0.22855447345452384,0.21291568229306435,-0.015638791161459498
561020544,30s_F,0.0,0.41321411563068017,0.3720326398038633,-0.04118147582681686
561061376,30s_F,1.0,0.9457264313537777,0.9167443713659883,-0.028982059987789355
561072512,<30_F,1.0,0.5812230426485909,0.486445524701982,-0.09477751794660894
561152320,30s_F,,0.11091039881563723,0.13542912439565355,0.024518725580016318
561157888,50s_F,0.0,0.42200036079719316,0.5373334069369784,0.11533304613978523
561226560,40s_F,0.0,0.07024844679914755,0.10079772543466094,0.03054927863551339
561237696,60+_F,0.0,0.8795392191830962,0.8832714298896412,0.0037322107065450583
561391744,60+_F,0.0,0.5851697671241224,0.5852015045077096,3.173738358719369e-05
561449280,50s_F,0.0,0.5821028384356713,0.6530894462399809,0.07098660780430954
561723968,60+_F,0.0,0.15271053647188867,0.17881927169043663,0.02610873521854795
561848320,30s_M,0.0,0.7171991455678941,0.7712700959212974,0.05407095035340326
561937408,30s_F,0.0,0.8256915295173546,0.857007222523539,0.03131569300618442
562084032,50s_F,0.0,0.8709745260489657,0.8182670230596308,-0.05270750298933491
562124864,30s_F,0.0,0.06965372982846973,0.08095878622521374,0.011305056396744007
562173120,40s_F,0.0,0.8920700962490966,0.908190915212358,0.01612081896326134
562301184,30s_F,1.0,0.06192596505472716,0.09564266945426331,0.03371670439953615
562306752,40s_F,0.0,0.14008016524701777,0.20432238336742115,0.06424221812040337
562314176,50s_F,0.0,0.23996621590509964,0.2442679562743535,0.004301740369253848
562538752,50s_F,1.0,0.27832985754963574,0.26586156869078786,-0.012468288858847876
562540608,50s_F,0.0,0.7247233114296334,0.7952295460205153,0.0705062345908819
562561024,40s_M,0.0,0.43409711727448974,0.44498578768582064,0.010888670411330903
562696512,40s_F,1.0,0.5093967648771083,0.4931323450220756,-0.016264419855032686
562796736,50s_F,0.0,0.8777372119942042,0.9041409986304952,0.02640378663629106
562817152,30s_F,0.0,0.5106745165063058,0.5076093582052174,-0.0030651583010884442
562857984,30s_F,,0.49734789756034886,0.4957821976322973,-0.001565699928051556
562956352,30s_F,,0.5392184575218094,0.5046660953243195,-0.034552362197489916
563010176,40s_F,0.0,0.24816782087556746,0.22605541023366274,-0.022112410641904723
563284864,60+_F,0.0,0.419177165152838,0.3436777873171211,-0.07549937783571686
563333120,30s_M,,0.06270485019916144,0.09992429562264635,0.037219445423484904
563444480,30s_F,0.0,0.17494038799624703,0.18518561709641687,0.01024522910016984
563522432,50s_F,0.0,0.8234597512056561,0.8510554598110115,0.02759570860535543
563630080,30s_F,0.0,0.1869212568543024,0.2201186817724421,0.033197424918139706
563704320,60+_F,1.0,0.13239399247466369,0.1221206728891318,-0.01027331958553189
563891776,60+_F,0.0,0.0912224674783004,0.10902728687182014,0.017804819393519744
563997568,40s_F,1.0,0.35941561661283167,0.2850939232322383,-0.07432169338059336
564305664,30s_M,0.0,0.6297625579321366,0.6038219905638565,-0.0259405673682801
564309376,30s_F,,0.22865111053145476,0.24942233726020235,0.020771226728747594
564426304,30s_F,1.0,0.8592232866885853,0.8765844702417402,0.01736118355315497
564513536,30s_F,0.0,0.6255706103010792,0.7101972126206927,0.0846266023196135
564572928,50s_F,0.0,0.8100471538646368,0.8548368832506683,0.04478972938603154
564695424,40s_F,0.0,0.8211042532693905,0.8746762714675382,0.05357201819814772
564916288,40s_F,0.0,0.8636429018755035,0.8863860491829243,0.022743147307420775
564934848,30s_F,0.0,0.27220851471872853,0.2856055378177294,0.013397023099000871
564955264,40s_F,1.0,0.3624170644881117,0.32570375797457224,-0.036713306513539434
565010944,40s_F,0.0,0.2800776169351411,0.3091373604352473,0.029059743500106205
565447104,30s_F,0.0,0.4613067787744471,0.5096572706055299,0.04835049183108281
565625280,30s_F,,0.0774791270676004,0.09086161913856108,0.013382492070960678
565686528,30s_F,0.0,0.40188006402964505,0.3854058741824694,-0.016474189847175635
565898112,40s_F,0.0,0.9017815555171541,0.9086939457839017,0.0069123902667476145
565907392,50s_F,0.0,0.08868340688046437,0.10478063088709179,0.016097224006627414
566078144,40s_F,1.0,0.08221467596250574,0.09377462602896727,0.01155995006646153
566111552,50s_F,,0.3944469755517212,0.33542422585183607,-0.059022749699885135
566202496,60+_F,0.0,0.425644152256911,0.40277915838359774,-0.022864993873313255
566319424,40s_F,1.0,0.33950464878533687,0.42441979058682955,0.08491514180149268
566356544,40s_F,,0.12035727401131678,0.18072454994352366,0.06036727593220688
566371392,30s_F,0.0,0.12356672032808115,0.1330392823437469,0.00947256201566575
566423360,60+_F,0.0,0.435584769843689,0.38151782735135176,-0.05406694249233723
566479040,30s_F,0.0,0.21228275039311087,0.23714093702352146,0.02485818663041059
566738880,60+_F,1.0,0.3631559794878852,0.3172785822154049,-0.0458773972724803
566740736,30s_F,0.0,0.11092969783771595,0.1602073523563517,0.04927765451863575
566783424,30s_F,0.0,0.43026144251055376,0.4066923008334368,-0.023569141677116934
566794560,30s_F,0.0,0.09021640428837228,0.1350575420362226,0.044841137747850326
566928192,30s_F,0.0,0.813482585091954,0.8211215013802735,0.007638916288319475
566980160,30s_F,0.0,0.4626283009745466,0.45584399734495556,-0.0067843036295910375
567180608,50s_F,0.0,0.8678323267398764,0.8658106326931885,-0.0020216940466879496
567217728,30s_F,0.0,0.08846072904137449,0.08316890646360944,-0.005291822577765046
567412608,30s_F,0.0,0.3810784744253617,0.37684582104230335,-0.004232653383058338
567520256,60+_M,1.0,0.8963723212141242,0.9003251670215985,0.003952845807474237
567536960,40s_F,1.0,0.5641518595320405,0.5260878128213807,-0.03806404671065977
567548096,40s_F,0.0,0.1009390027478353,0.1519673232305773,0.051028320482742
567637184,40s_F,0.0,0.8621083725522776,0.8983710841871677,0.036262711634890143
567676160,30s_M,0.0,0.20991605960030765,0.2709932609579585,0.06107720135765085
567785664,30s_F,0.0,0.2935613332605651,0.3067644919008194,0.013203158640254287
567900736,50s_F,0.0,0.0869985243820273,0.13177455607435665,0.04477603169232934
567939712,30s_F,0.0,0.6466400381066137,0.7859632850986774,0.13932324699206367
567971264,30s_F,1.0,0.7850971123864374,0.8378051901718954,0.05270807778545794
568218112,60+_F,0.0,0.07391650138881918,0.10891834345009915,0.03500184206127997
568472384,40s_F,1.0,0.11056220760079262,0.1079685166374794,-0.0025936909633132166
568485376,40s_F,0.0,0.7836837022125208,0.8197952119397123,0.03611150972719146
568574464,40s_F,0.0,0.3409917335431754,0.3833962723398672,0.04240453879669176
568867712,30s_F,0.0,0.5475161230827776,0.6149147301231754,0.0673986070403978
569019904,30s_F,1.0,0.365011413934736,0.38563433435724953,0.020622920422513513
569029184,30s_F,0.0,0.09095103289092114,0.11265837328551172,0.021707340394590574
569385536,30s_F,0.0,0.22920378858264587,0.24922867836034562,0.020024889777699756
569413376,60+_F,0.0,0.8249666859282675,0.8168136229823868,-0.008153062945880696
569548864,30s_F,,0.8468040071186722,0.8352770140814385,-0.011526993037233702
569699200,30s_F,1.0,0.10637819649500913,0.18579416919476122,0.07941597269975209
569849536,<30_F,1.0,0.13703574205164462,0.16593812594175855,0.02890238389011393
570081536,40s_F,,0.818814224404979,0.8710257236843367,0.052211499279357754
570281984,30s_F,0.0,0.08766580033485213,0.11532296744168191,0.027657167106829778
570283840,40s_F,0.0,0.09109836820827194,0.1351242274407842,0.04402585923251226
570475008,50s_F,0.0,0.8311514445394103,0.8552848048481242,0.024133360308713936
570493568,30s_F,0.0,0.0647722292228706,0.1031499141502085,0.038377684927337896
570499136,60+_F,0.0,0.5532606406161691,0.48216392955239284,-0.07109671106377624
570500992,30s_M,0.0,0.9438346013299634,0.8991632371778107,-0.04467136415215278
570578944,30s_F,0.0,0.632097206523627,0.5515098649363582,-0.08058734158726877
570838784,30s_F,1.0,0.8575963442453305,0.8655328117471973,0.007936467501866828
571198848,30s_F,1.0,0.8470460779496165,0.8865869462293731,0.03954086827975656
571358464,60+_F,0.0,0.4312048560292543,0.3545437532937121,-0.07666110273554216
571419712,30s_F,,0.30939022174791003,0.3483755514139184,0.03898532966600837
571612736,30s_F,,0.06286010157126044,0.10043686553079809,0.03757676395953764
571690688,30s_F,1.0,0.49179593657694703,0.4315417899092802,-0.06025414666766682
571818752,30s_F,1.0,0.1219838815963394,0.1630435144119612,0.04105963281562179
571842880,40s_F,1.0,0.45434983709253535,0.39526745911293626,-0.05908237797959909
571943104,50s_F,0.0,0.27612551079767184,0.2857789805531471,0.009653469755475264
571946816,40s_F,,0.1419787471114837,0.16379936177643548,0.021820614664951776
571991360,40s_F,0.0,0.8754223820793388,0.8801918354463549,0.004769453367016174
572008064,30s_F,0.0,0.09775342608362825,0.1104488825896773,0.012695456506049058
572052608,40s_F,1.0,0.16465435517501834,0.19341189106833784,0.028757535893319502
572175104,60+_F,0.0,0.6046243239722275,0.5845598252727675,-0.02006449869946003
572193664,30s_F,1.0,0.8738495526412413,0.8930463138491446,0.019196761207903257
572247488,30s_M,0.0,0.19682235799625322,0.23559243045805126,0.03877007246179803
572421952,50s_F,1.0,0.22995983442181087,0.22936009970426394,-0.0005997347175469292
572427520,30s_M,0.0,0.9060797192739575,0.9218185378278827,0.015738818553925227
572499904,40s_F,0.0,0.7449880286728657,0.7974289820939896,0.05244095342112387
572603840,30s_F,,0.5265306350512509,0.5133738494811361,-0.013156785570114793
572859968,30s_F,0.0,0.843325373103317,0.8540193354302035,0.010693962326886464
572932352,30s_F,0.0,0.8687143661344777,0.8810425137629311,0.012328147628453356
573017728,30s_F,0.0,0.45153152300970284,0.4339674878223531,-0.017564035187349725
573270144,30s_F,,0.8668938184366759,0.8925780935338868,0.02568427509721094
573336960,30s_F,0.0,0.21267590972358014,0.23691884610038488,0.024242936376804747
573381504,60+_M,,0.8930880463575268,0.9125075718440203,0.019419525486493505
573400064,30s_F,0.0,0.8842047379263994,0.8925982235810848,0.00839348565468534
573439040,40s_F,0.0,0.6278734393163442,0.7540471546742534,0.12617371535790922
573685888,60+_F,1.0,0.8702187246605944,0.8075591597326773,-0.06265956492791702
573789824,30s_F,0.0,0.1474341292040022,0.17865824942205613,0.03122412021805393
573834368,40s_F,0.0,0.16381981573094517,0.18507203874405018,0.021252223013105004
573852928,30s_F,0.0,0.5666054269448803,0.667419424188947,0.1008139972440667
573993984,40s_F,0.0,0.9039051964313362,0.8888083223475944,-0.015096874083741718
574155456,40s_F,1.0,0.455555317436902,0.5310438724198161,0.07548855498291412
574289088,50s_F,0.0,0.2815034521409638,0.25659129417213533,-0.024912157968828452
574439424,50s_F,0.0,0.5949521930985661,0.5776994772325679,-0.01725271586599819
574680704,30s_F,0.0,0.7439177460331267,0.6763341806170243,-0.06758356541610233
574844032,40s_F,0.0,0.8260172362179897,0.8612653048599546,0.035248068641964836
574883008,30s_F,0.0,0.07044519895943495,0.10070213450090876,0.03025693554147381
574884864,60+_F,0.0,0.10024082870252293,0.1494429546268157,0.04920212592429277
575146560,60+_M,0.0,0.3509764099756955,0.32436364658294464,-0.02661276339275087
575291328,40s_F,0.0,0.7008400952725367,0.7728281109829885,0.07198801571045188
575530752,30s_F,,0.21565489041346553,0.21694263196440847,0.001287741550942939
575582720,30s_F,0.0,0.13745309235020475,0.14907492755947147,0.011621835209266712
575874112,30s_M,0.0,0.881482814009764,0.8430006254208975,-0.03848218858886654
575881536,30s_F,0.0,0.09451194272193683,0.11353768433647861,0.019025741614541777
575937216,30s_F,0.0,0.1702753071115557,0.18294178639280653,0.012666479281250836
575939072,40s_M,0.0,0.06730495784352122,0.07508643242153297,0.007781474578011746
575976192,30s_F,1.0,0.11992476371841067,0.12660175598065362,0.006676992262242956
576033728,40s_F,1.0,0.673540772686761,0.5944667556538366,-0.07907401703292449
576167360,30s_F,0.0,0.20911896505375857,0.22707962392161846,0.017960658867859886
576339968,40s_F,1.0,0.8409537965520741,0.8192238939356645,-0.021729902616409613
576388224,30s_F,0.0,0.7292709138591941,0.768969699667133,0.03969878580793895
576724160,30s_F,1.0,0.545536148283303,0.6022130794214856,0.05667693113818262
577008128,30s_F,1.0,0.16475690405483182,0.18509260796655125,0.020335703911719433
577028544,30s_F,0.0,0.41334005574118615,0.4324221348355921,0.019082079094405957
577048960,40s_F,0.0,0.8409944017261357,0.8159881293662301,-0.0250062723599056
577076800,30s_F,0.0,0.09905876252109015,0.14528567040336468,0.04622690788227453
577089792,30s_F,0.0,0.8802597296425071,0.8655741010432793,-0.01468562859922784
577145472,30s_F,0.0,0.07919720798131495,0.09333984133783947,0.01414263335652452
577156608,30s_F,,0.44930321974719317,0.4576818244335332,0.008378604686340052
577273536,50s_F,,0.13521086309867617,0.1829883458555479,0.04777748275687174
577548224,60+_F,0.0,0.10038956127460892,0.13754507369156654,0.03715551241695762
577635456,30s_M,0.0,0.09531456784749798,0.1328653230469546,0.03755075519945661
577824768,50s_F,,0.49996087714974335,0.5130968675662497,0.013135990416506371
577988096,30s_F,1.0,0.8606005244633442,0.8817768730660521,0.021176348602707895
578077184,50s_F,1.0,0.8477370223807634,0.8568285553617083,0.009091532980944894
578108736,40s_F,1.0,0.0789007484691234,0.09844098374396541,0.019540235274842013
578218240,50s_F,0.0,0.3851538571348997,0.3957160841850456,0.010562227050145923
578255360,<30_F,0.0,0.06897318359204277,0.09264788349513386,0.023674699903091095
578257216,40s_F,0.0,0.9106766334763645,0.9118861882852081,0.0012095548088435493
578262784,30s_F,0.0,0.09097957841818817,0.10716954535471829,0.016189966936530117
578368576,40s_F,0.0,0.20575992659147144,0.18760464559004864,-0.0181552810014228
578530048,50s_F,1.0,0.6458038367720763,0.5783828463243972,-0.06742099044767913
578672960,30s_F,1.0,0.06092339321548715,0.10952343498132269,0.048600041765835544
578724928,30s_F,0.0,0.20821123780877798,0.19742062885640643,-0.01079060895237155
578763904,30s_F,1.0,0.3697609186785125,0.3664650974801352,-0.003295821198377291
578849280,40s_F,0.0,0.7307599041145357,0.7487544482954342,0.01799454418089852
578955072,30s_F,,0.8818084406560129,0.906965369523582,0.02515692886756904
579025600,40s_F,0.0,0.11637290063400842,0.14532651034580993,0.028953609711801512
579123968,50s_F,,0.8687779767052513,0.8891200499732617,0.020342073268010408
579183360,40s_F,,0.0628832346690073,0.1042515326063778,0.0413682979373705
579196352,40s_F,0.0,0.8535035754715569,0.8049150026037971,-0.04858857286775975
579278016,60+_F,0.0,0.7997022163324743,0.7986587499735499,-0.001043466358924383
579432064,<30_F,0.0,0.20842655108590472,0.23353831834576533,0.025111767259860612
579524864,30s_F,1.0,0.15641728269108093,0.1641224720726163,0.00770518938153536
579556416,30s_F,1.0,0.7203299602513438,0.6374193227395639,-0.08291063751177985
579675200,50s_F,0.0,0.11309788111976307,0.1727880088952487,0.05969012777548563
579743872,30s_F,0.0,0.07718054412590063,0.13520744440227708,0.058026900276376456
579849664,60+_F,0.0,0.15586669540232045,0.2057733498562198,0.04990665445389936
579998144,40s_F,0.0,0.16091454617748796,0.20508933456060993,0.04417478838312197
580005568,30s_F,0.0,0.566804689713172,0.6337975737948383,0.06699288408166626
580283968,30s_F,0.0,0.24691317437977542,0.35066007330358606,0.10374689892381064
580395328,40s_F,0.0,0.17611170521437422,0.21785743033038632,0.0417457251160121
580412032,40s_F,0.0,0.8394128891017221,0.8823879582932296,0.04297506919150751
580486272,30s_F,0.0,0.27661657980914195,0.2822225049959247,0.0056059251867827675
580595776,60+_F,0.0,0.07947575667406563,0.11262037874083429,0.03314462206676866
580855616,40s_F,0.0,0.2822883093008356,0.27841379273222183,-0.0038745165686137617
581061632,50s_F,0.0,0.21956465538646047,0.2120305900895168,-0.0075340652969436706
581104320,50s_F,0.0,0.7293948281521807,0.6870088618755226,-0.04238596627665814
581137728,50s_F,0.0,0.6706505949900273,0.5951095376115876,-0.07554105737843975
581158144,60+_F,0.0,0.11450779573494885,0.13701861444429891,0.022510818709350067
581397568,60+_F,1.0,0.12728948607831014,0.1602910245027069,0.033001538424396765
581512640,50s_F,,0.21744453923389226,0.18422099609396297,-0.033223543139929285
581586880,50s_F,0.0,0.08633996695966667,0.10192829773622586,0.01558833077655919
581811456,50s_F,0.0,0.8778310874193465,0.9088502879298936,0.031019200510547185
581831872,50s_F,1.0,0.8817647011326233,0.9098601807911137,0.028095479658490463
581913536,40s_F,,0.08370818112593058,0.10554170239949993,0.021833521273569356
582100992,50s_F,0.0,0.07273862695077894,0.11254498362195156,0.03980635667117262
582331136,40s_F,1.0,0.6242090387295786,0.5484328002422757,-0.07577623848730286
582342272,40s_F,0.0,0.10620995166354501,0.14955033040769158,0.04334037874414658
582375680,30s_F,1.0,0.3924152618374876,0.3549572282832827,-0.037458033554204906
582739456,60+_F,1.0,0.6842737669668654,0.6238803494022078,-0.06039341756465755
582926912,<30_F,0.0,0.35009647007810485,0.27523821463540654,-0.07485825544269831
583064256,30s_F,0.0,0.8975279054980387,0.90348630811927,0.005958402621231262
583318528,30s_F,0.0,0.8689622927201337,0.8624539655375731,-0.006508327182560558
583689728,40s_F,,0.5874354636440596,0.6168103165566354,0.0293748529125758
583736128,30s_F,0.0,0.3678173926590356,0.42201360185392994,0.05419620919489432
583827072,40s_F,0.0,0.2050621252732859,0.2532980014366404,0.04823587616335448
584059072,60+_F,0.0,0.7897398798672179,0.8091538124558945,0.01941393258867652
584066496,30s_F,0.0,0.6872532281523813,0.7039298354258716,0.016676607273490296
584450688,50s_F,1.0,0.8965461000929276,0.9160912208123855,0.01954512071945791
584521216,30s_F,,0.26147375915869797,0.2613473649964206,-0.00012639416227738787
584641856,50s_F,0.0,0.44129966220428585,0.3989678346690375,-0.042331827535248334
584665984,60+_F,,0.8173233840313854,0.8655935916656387,0.04827020763425327
584706816,40s_F,1.0,0.782875800704852,0.8487183750685701,0.0658425743637181
584736512,30s_F,1.0,0.4132984473708862,0.4195646377224984,0.006266190351612189
585092864,40s_F,0.0,0.07600091491362215,0.08973435426851002,0.01373343935488787
585167104,30s_F,0.0,0.1594899651413254,0.20113695458783493,0.04164698944650952
585282176,60+_F,0.0,0.4554233986051439,0.3829158411705029,-0.07250755743464099
585606976,30s_F,0.0,0.8511282943011406,0.8747088996237147,0.02358060532257411
585788864,<30_F,,0.8217429015390192,0.8003582046377096,-0.02138469690130962
585848256,60+_F,0.0,0.07795141749620008,0.12085153114758083,0.04290011365138076
586304832,40s_F,0.0,0.766438444583394,0.7921195079813278,0.025681063397933745
586711296,40s_F,,0.08892450915296568,0.13357736061037925,0.04465285145741357
586770688,<30_F,0.0,0.10082644286498012,0.13960449765079377,0.038778054785813657
586817088,30s_F,0.0,0.5131090837738297,0.5999631059556827,0.08685402218185301
586932160,40s_F,0.0,0.8567502158828014,0.8964639606962406,0.039713744813439145
587037952,40s_F,1.0,0.8708827629418434,0.8846468567716923,0.013764093829848889
587253248,40s_F,0.0,0.7442665747047924,0.7666965881613633,0.02243001345657092
587258816,30s_F,0.0,0.06897646130370799,0.10437184796268546,0.03539538665897747
587271808,30s_F,0.0,0.16747812194046546,0.16397140291132978,-0.0035067190291356853
587329344,30s_F,,0.7327225019798347,0.7805045674497054,0.04778206546987074
587420288,30s_F,0.0,0.08539477883398887,0.08131334010141682,-0.004081438732572051
587427712,40s_F,1.0,0.8848470638775866,0.911433800880889,0.026586737003302385
587563200,30s_F,0.0,0.8859593636786672,0.8894182281210098,0.0034588644423425574
587689408,30s_F,0.0,0.8203174491731241,0.8674935683042484,0.047176119131124294
587856448,30s_F,,0.16416882086981083,0.1390937509688955,-0.02507506990091532
587891712,50s_F,,0.05933227810173001,0.09485635855095247,0.03552408044922246
588196096,40s_F,,0.12197949877446666,0.15335422838737722,0.03137472961291056
588209088,50s_F,0.0,0.06994072264751147,0.09527510231430382,0.025334379666792348
588327872,40s_F,0.0,0.20358164475547255,0.2262118726786538,0.022630227923181256
588498624,60+_F,0.0,0.09879682746570556,0.1062224490457725,0.007425621580066932
588619264,30s_F,1.0,0.8704434452709944,0.8782985353555938,0.007855090084599392
588771456,40s_F,0.0,0.07426778067487895,0.09182073860487576,0.01755295792999681
588777024,30s_F,,0.7875109352885693,0.7754052290334389,-0.01210570625513041
588862400,30s_F,0.0,0.5764303291947034,0.7232118658630781,0.14678153666837468
589094400,30s_F,1.0,0.758387565578089,0.7656943181559808,0.007306752577891817
589534272,50s_F,,0.07501194875327734,0.11419652176039938,0.03918457300712204
589558400,30s_M,0.0,0.798372407757161,0.8618454885472541,0.06347308079009306
589727296,60+_F,0.0,0.9467519240180561,0.8924735161377803,-0.054278407880275825
589842368,50s_F,0.0,0.7656111118541076,0.8218179473988966,0.056206835544789
589940736,30s_F,,0.7307213633462116,0.6856178425916432,-0.04510352075456847
589963008,40s_F,0.0,0.14392924300421822,0.16255822374696938,0.018628980742751156
590005696,<30_F,0.0,0.2246772521149636,0.27032917289425434,0.045651920779290756
590302656,50s_F,0.0,0.4911642589879887,0.48025114943076985,-0.010913109557218859
590575488,40s_F,0.0,0.08616764363772628,0.12077198207029168,0.0346043384325654
590636736,30s_F,0.0,0.15288209621117935,0.17374372654867404,0.02086163033749469
590876160,50s_F,0.0,0.9027396678693255,0.9143747269128752,0.011635059043549778
590967104,<30_F,0.0,0.1169861315676338,0.21287581576911482,0.09588968420148103
591043200,40s_F,0.0,0.07354306828120401,0.10694328575130074,0.033400217470096735
591137856,30s_F,1.0,0.8721688771954612,0.8877517473647266,0.015582870169265406
591368000,40s_F,,0.7521745772579118,0.8123505589037288,0.060175981645816945
591444096,30s_F,0.0,0.6992337818629961,0.6365116264662091,-0.06272215539678705
591466368,50s_M,,0.09452191214107715,0.10626968801857373,0.011747775877496577
591522048,30s_F,0.0,0.5134548329782429,0.5659832053790871,0.05252837240084418
591568448,40s_F,1.0,0.4528455875304902,0.360345552000465,-0.09250003553002523
591570304,40s_F,0.0,0.24048045066883003,0.24929366479564535,0.008813214126815322
591657536,50s_F,0.0,0.6108868974643427,0.7476681511009242,0.13678125363658156
591828288,40s_F,1.0,0.12174423175548724,0.15097147558143859,0.02922724382595135
591909952,50s_F,0.0,0.11553792936447942,0.19793772418829847,0.08239979482381905
591926656,40s_F,0.0,0.11122452568385274,0.09678372070840624,-0.014440804975446503
592071424,60+_F,0.0,0.8501037039911177,0.8082807071898181,-0.04182299680129953
592164224,50s_M,0.0,0.6559269963854838,0.7048521971898779,0.04892520080439411
592260736,30s_F,0.0,0.07114888863699151,0.08339022849497316,0.012241339857981648
592516864,30s_F,0.0,0.8405602442342878,0.8599961302585325,0.01943588602424473
592591104,30s_F,1.0,0.5950118784145192,0.6894390927045057,0.09442721428998646
592689472,30s_F,0.0,0.13274603916318403,0.15533412055533463,0.0225880813921506
592789696,<30_M,0.0,0.8577184145196111,0.8474238417563146,-0.010294572763296483
592888064,60+_F,0.0,0.1660712880916968,0.16891231172584675,0.002841023634149953
593068096,50s_F,0.0,0.507021849518953,0.4888593974363962,-0.01816245208255679
593095936,30s_F,0.0,0.09560401910088599,0.13664810509040343,0.041044085989517434
593164608,50s_F,1.0,0.09001691920070544,0.11035309228412403,0.02033617308341859
593374336,40s_F,0.0,0.8850292869802181,0.8958708564028178,0.010841569422599728
593519104,30s_F,0.0,0.1014426405903924,0.1392010831802947,0.0377584425899023
593526528,30s_F,,0.2677678680562597,0.2983200899623933,0.030552221906133603
593665728,30s_F,,0.30360735318012705,0.3376291963341725,0.03402184315404544
593669440,30s_F,,0.11121234450525282,0.15818918538993795,0.046976840884685137
593777088,50s_F,0.0,0.7982005234721748,0.8441836913047238,0.045983167832548966
593855040,60+_F,,0.6550045322366448,0.6405262263056302,-0.014478305931014623
593940416,30s_F,0.0,0.4479708445392404,0.41182547741188286,-0.03614536712735755
594211392,30s_F,0.0,0.42655150507740397,0.4398552206406528,0.01330371556324883
594628992,30s_F,1.0,0.0901321966816438,0.13526279898917692,0.04513060230753313
594638272,40s_F,0.0,0.09112012922193508,0.08093247353829142,-0.01018765568364366
594658688,50s_F,0.0,0.4438612644481746,0.36831424061215645,-0.07554702383601813
594745920,30s_M,0.0,0.7056206565720258,0.7825301510700711,0.0769094944980453
595018752,30s_F,0.0,0.11717387628007256,0.13495750145477603,0.01778362517470347
595057728,30s_F,0.0,0.26485238227196317,0.23561633556474704,-0.029236046707216135
595068864,40s_F,0.0,0.7470402073462614,0.7834402262853386,0.03640001893907718
595408512,50s_F,1.0,0.3412773135812003,0.28100361422479575,-0.06027369935640453
595477184,40s_F,0.0,0.7795637222537105,0.7625743012898966,-0.01698942096381395
595551424,50s_F,0.0,0.8836323022707265,0.8758153356064589,-0.007816966664267677
595560704,40s_F,0.0,0.1697735458935587,0.2032117353347699,0.033438189441211214
595575552,40s_F,0.0,0.31204434104455453,0.354669637685546,0.04262529664099146
595597824,<30_F,0.0,0.8307553327085655,0.7714041348087597,-0.05935119789980581
595690624,40s_F,0.0,0.4326902926728558,0.48214070358291927,0.04945041091006347
595709184,30s_F,,0.11303622574222713,0.10116262156940917,-0.011873604172817964
595724032,40s_F,0.0,0.16958433812359883,0.20802906857357314,0.03844473044997432
595883648,30s_F,,0.1320551695706048,0.16542471120028207,0.03336954162967726
596275264,30s_F,0.0,0.18551734651524399,0.21806426155969524,0.03254691504445126
596416320,40s_F,1.0,0.15781389897537512,0.15696373854918158,-0.0008501604261935414
596473856,60+_M,0.0,0.07106814127037159,0.12428090589239957,0.05321276462202798
596653888,<30_F,0.0,0.44561716592790046,0.4018270813201718,-0.04379008460772865
596726272,40s_F,0.0,0.8740771470596255,0.8952574413414741,0.021180294281848644
596982400,30s_F,0.0,0.8346670295207388,0.8714697384302927,0.03680270890955395
597578176,50s_F,,0.5349616093395584,0.427197592283376,-0.10776401705618238
597832448,40s_F,0.0,0.9109562337327813,0.930161685989378,0.019205452256596645
597943808,50s_F,0.0,0.6370700534305399,0.7639215529368498,0.12685149950630992
597979072,60+_F,0.0,0.3804991146703119,0.45573317658512347,0.07523406191481158
597980928,30s_F,0.0,0.2639549980445509,0.24945683703833807,-0.014498161006212845
598140544,60+_F,,0.10212520741478785,0.1371960463350523,0.035070838920264455
598329856,60+_F,0.0,0.2379823027887699,0.2550948378721932,0.017112535083423336
598340992,60+_F,1.0,0.747598804436689,0.7418000924745242,-0.00579871196216486
598350272,30s_F,0.0,0.8823468646207947,0.8953369912484408,0.012990126627646092
598361408,40s_F,0.0,0.19738850518222809,0.23899864956862577,0.04161014438639768
598548864,50s_F,0.0,0.4348310142898702,0.4268243369545653,-0.008006677335304913
598556288,40s_F,0.0,0.8783945847086051,0.8755244783733228,-0.0028701063352822853
598598976,60+_M,,0.7490678530219685,0.7682106289300878,0.019142775908119303
598621248,40s_F,0.0,0.131019703845907,0.16587599013158552,0.03485628628567852
598715904,60+_F,0.0,0.46355689677341544,0.4478318187429127,-0.015725078030502715
598801280,30s_M,0.0,0.13229114528869526,0.17543790317716837,0.04314675788847311
598905216,60+_F,0.0,0.7459333740105898,0.7745098899320922,0.028576515921502454
598907072,60+_F,0.0,0.8780649716590219,0.8847782137859826,0.006713242126960783
598944192,30s_F,0.0,0.9016834602669028,0.9088763461257932,0.00719288585889033
598955328,50s_F,0.0,0.07715311538874729,0.08402741063964897,0.006874295250901677
599020288,50s_F,0.0,0.527921744874938,0.486942076671975,-0.04097966820296306
599057408,40s_F,0.0,0.46173570791813323,0.41449092815758276,-0.04724477976055047
599072256,30s_F,1.0,0.8102582962031338,0.8342902858311249,0.024031989627991024
599155776,50s_M,,0.07212921714443918,0.07093750814178996,-0.0011917090026492133
599402624,30s_F,,0.104027545240788,0.14669590925256537,0.04266836401177737
599449024,30s_F,0.0,0.23879987633863486,0.21043290675305815,-0.028366969585576718
600334336,30s_F,0.0,0.8260133360605557,0.8131241612752325,-0.012889174785323254
600349184,40s_F,0.0,0.640963285164141,0.5871879914837204,-0.053775293680420666
600423424,50s_F,0.0,0.8624670515468743,0.8885928470400138,0.026125795493139536
600889280,40s_F,,0.8849833086769948,0.9174099616558905,0.03242665297889569
600930112,40s_F,1.0,0.1642659968040429,0.20677107293889832,0.04250507613485541
601099008,40s_F,1.0,0.14367933130574978,0.19130876423086765,0.04762943292511787
601399680,30s_F,0.0,0.3391650524960277,0.364119055221932,0.024954002725904312
601559296,30s_F,0.0,0.08119754287791738,0.08581844999114045,0.004620907113223077
601639104,40s_F,0.0,0.8248811092023162,0.8597466577336939,0.03486554853137769
601763456,60+_M,0.0,0.11038914682709124,0.13214130499961044,0.0217521581725192
601898944,60+_F,0.0,0.1309100567359882,0.2200544734292568,0.08914441669326859
602060416,40s_F,0.0,0.10716143789846024,0.1240282685158493,0.01686683061738907
602181056,60+_F,0.0,0.786531643410907,0.805524468537148,0.01899282512624101
602233024,40s_F,0.0,0.9028203034162644,0.9182610886721533,0.015440785255888878
602246016,30s_F,1.0,0.7712996992817925,0.8284162067680502,0.05711650748625763
602307264,30s_F,0.0,0.2956410384305481,0.330150843333597,0.03450980490304889
602344384,30s_F,1.0,0.07177118763190667,0.10264230461648065,0.030871116984573982
602377792,40s_F,0.0,0.09139243881740935,0.14851929260928068,0.057126853791871324
602522560,60+_F,0.0,0.10061923029903726,0.13459115250585657,0.03397192220681931
602529984,60+_F,0.0,0.902520245152619,0.8393707540122556,-0.06314949114036339
602786112,30s_F,0.0,0.3689844468656325,0.4151663776598755,0.04618193079424304
602821376,40s_F,1.0,0.7405667884681044,0.6732769688891415,-0.06728981957896296
603222272,30s_F,,0.3418388113235497,0.35644856156834903,0.014609750244799324
603253824,30s_F,0.0,0.17543157017683042,0.16472955291479607,-0.010702017262034347
603383744,30s_F,0.0,0.5023889878641091,0.49598827227212433,-0.006400715591984796
603415296,30s_F,1.0,0.21053024449664062,0.19692906084737577,-0.013601183649264853
603424576,<30_F,0.0,0.17187447578530565,0.22835056668335188,0.05647609089804623
603730816,30s_F,0.0,0.31862350670405115,0.2521595721732272,-0.06646393453082394
603860736,50s_F,1.0,0.261637543562127,0.22628771756883637,-0.03534982599329062
604020352,40s_F,0.0,0.10999133373686085,0.15294759159632604,0.04295625785946519
604120576,30s_F,0.0,0.18218200085544484,0.2224172158897983,0.040235215034353455
604424960,50s_F,0.0,0.4314390310369381,0.4409061028152983,0.009467071778360203
604445376,40s_F,0.0,0.07894935314510237,0.07245993047259526,-0.006489422672507114
604532608,30s_F,0.0,0.22773922511489722,0.2902778182379339,0.0625385931230367
604606848,30s_F,,0.11221429130899363,0.14737791222709504,0.03516362091810141
604903808,30s_F,1.0,0.13749032281225296,0.16533393276768288,0.02784360995542992
605271296,<30_F,0.0,0.34678821667689264,0.3617360752546203,0.01494785857772768
605471744,40s_F,0.0,0.9128278276738127,0.9233215540565127,0.010493726382700075
605683328,30s_F,0.0,0.8759568359215448,0.902826920598132,0.026870084676587136
605796544,60+_F,,0.2019719627986695,0.17871554611275461,-0.023256416685914882
605937600,30s_F,0.0,0.07413474558815712,0.11819021054944351,0.044055464961286386
606034112,50s_F,0.0,0.7825168650855224,0.791431320319357,0.008914455233834606
606139904,40s_F,1.0,0.4242669354026976,0.44153882322633853,0.01727188782364092
606190016,50s_F,,0.22534955758426237,0.3255403513283195,0.10019079374405712
606271680,60+_F,0.0,0.1093698987348329,0.13248813921832603,0.023118240483493133
606292096,30s_F,,0.4884485100176112,0.4655308632401391,-0.0229176467774721
606620608,60+_F,,0.6126177975977531,0.7046692621378604,0.09205146454010726
606635456,30s_F,0.0,0.09619925062832058,0.12382249377840092,0.027623243150080343
606854464,50s_F,0.0,0.9054089315383557,0.9232587579671181,0.017849826428762428
606878592,30s_F,0.0,0.6597272548450072,0.6593859851808713,-0.0003412696641358348
606984384,40s_F,1.0,0.952777839338577,0.8984544934168858,-0.05432334592169119
607028928,50s_F,,0.7746904811277777,0.7588165829270966,-0.01587389820068108
607101312,30s_F,0.0,0.5065248165179059,0.5996278395413162,0.09310302302341023
607121728,40s_F,0.0,0.09848356660613038,0.13074540219873831,0.03226183559260794
607376000,30s_F,,0.0635753146458034,0.08928506381896151,0.025709749173158103
607611712,30s_F,0.0,0.2887878942713858,0.3452209414782078,0.05643304720682202
607852992,<30_F,1.0,0.19505983563035872,0.21443992891005384,0.019380093279695115
607862272,50s_F,0.0,0.10873965629190144,0.19001405039063513,0.08127439409873369
608072000,40s_F,,0.34608517229182995,0.3231681862535586,-0.02291698603827136
608114688,<30_F,0.0,0.8515330129638276,0.8235865237637957,-0.027946489200031843
608316992,30s_F,0.0,0.3542874711982428,0.26461545380976004,-0.08967201738848274
608469184,50s_F,0.0,0.5041883181314755,0.43669306007763026,-0.06749525805384521
608489600,40s_F,0.0,0.6755912391204311,0.5915480964936649,-0.08404314262676615
608647360,30s_F,0.0,0.24153682463457682,0.2681397509787539,0.026602926344177102
609161472,50s_F,0.0,0.3561787905673955,0.3459758720165514,-0.010202918550844098
609265408,60+_F,0.0,0.09337122029090413,0.14115674463487238,0.04778552434396825
609278400,30s_F,0.0,0.11571206319389807,0.13645570957520495,0.02074364638130688
609575360,30s_F,,0.8694030045704949,0.8937826864078542,0.02437968183735928
609653312,<30_F,0.0,0.47685001269585053,0.5549391775494024,0.07808916485355183
609751680,30s_F,0.0,0.8712245004449397,0.9006203990516842,0.02939589860674452
609753536,30s_F,0.0,0.8987634321643132,0.8940787540969818,-0.004684678067331416
609892736,30s_F,0.0,0.12447821376102289,0.1541464922035049,0.029668278442482016
609900160,30s_F,1.0,0.30020000735413954,0.27588437033732366,-0.024315637016815883
610074624,30s_F,0.0,0.07514058457716889,0.09096446001392641,0.01582387543675752
610132160,30s_F,0.0,0.758123836354915,0.8214436877815398,0.06331985142662477
610310336,60+_F,,0.09768069010205473,0.12853369389357847,0.03085300379152374
610419840,50s_F,0.0,0.5377480218671793,0.5429240246205285,0.005176002753349174
610484800,30s_F,0.0,0.2755274567377721,0.2547523851178942,-0.020775071619877905
610534912,30s_F,0.0,0.13883567424657245,0.1485047580870471,0.009669083840474657
610607296,50s_F,0.0,0.6250883093992615,0.757296181887482,0.13220787248822052
610612864,60+_F,0.0,0.8844837844985457,0.8798706825752444,-0.004613101923301333
610794752,<30_F,0.0,0.09135635309719449,0.12041921971313481,0.02906286661594032
610891264,30s_F,,0.4066412868539399,0.3159992722237399,-0.0906420146302
610909824,30s_F,0.0,0.3411492045977617,0.2948668083152993,-0.04628239628246239
610924672,60+_M,0.0,0.1194398723315232,0.13429473251042198,0.014854860178898782
610937664,30s_F,0.0,0.08109856203436511,0.12558194727501548,0.044483385240650375
610997056,40s_F,0.0,0.5845326633713445,0.6196636698735718,0.035131006502227335
611203072,40s_F,0.0,0.4358344793338005,0.5173686848770828,0.08153420554328228
611282880,30s_M,0.0,0.11705515372521176,0.1522810224774388,0.03522586875222704
611307008,30s_F,0.0,0.3932602183369394,0.3801192778619604,-0.01314094047497899
611329280,60+_M,0.0,0.7889200617556483,0.7219905682496176,-0.06692949350603072
611331136,40s_F,0.0,0.14652880143531447,0.1413779612934238,-0.005150840141890656
611466624,<30_F,,0.282888862270017,0.2898691726999814,0.006980310429964387
611548288,40s_F,0.0,0.292941501306103,0.29075389744757113,-0.0021876038585318947
611583552,40s_F,0.0,0.7492904880917516,0.7444647180104519,-0.004825770081299696
611748736,40s_F,0.0,0.07430876376420212,0.0969637249164923,0.02265496115229018
611837824,30s_F,0.0,0.7776549062184379,0.6854550347000257,-0.09219987151841225
611900928,60+_F,1.0,0.08819884606621473,0.08520578458264166,-0.002993061483573062
612036416,50s_F,0.0,0.8963439105432625,0.9114781182789392,0.015134207735676752
612056832,50s_F,0.0,0.13949897866684657,0.16685086410791825,0.02735188544107167
612214592,40s_F,0.0,0.09428784848041373,0.09141743090277994,-0.002870417577633788
612244288,60+_F,0.0,0.1538762084481614,0.13957975115312668,-0.014296457295034731
612277696,40s_F,0.0,0.11072674436584697,0.13968318677446173,0.028956442408614766
612316672,40s_F,0.0,0.3704868385694799,0.36418686188835214,-0.00629997668112775
612702720,30s_F,0.0,0.1211580448461171,0.1602050660519607,0.03904702120584359
612873472,30s_F,0.0,0.22169305079141594,0.23879397028155577,0.017100919490139838
613072064,40s_F,0.0,0.1910621699812702,0.22178980486756036,0.030727634886290156
613279936,50s_F,0.0,0.10188331456540249,0.12009282019991961,0.01820950563451712
613437696,30s_F,0.0,0.2675056479354538,0.24195500844228676,-0.02555063949316702
613521216,60+_F,1.0,0.11582911024689004,0.149788167612534,0.03395905736564396
613625152,50s_F,,0.450178257571031,0.34170953526276504,-0.10846872230826599
613677120,50s_F,0.0,0.14795060151131298,0.15728553179659552,0.009334930285282539
613959232,30s_F,,0.06318377072952767,0.09032960816210377,0.027145837432576092
614007488,60+_F,,0.1605999554077426,0.1413270184257261,-0.019272936982016514
614434368,<30_M,0.0,0.7222456407494765,0.6673769786002149,-0.05486866214926156
614603264,50s_F,1.0,0.8500893726605878,0.8097965142674555,-0.04029285839313235
614614400,50s_F,0.0,0.08596750859044,0.09002992115229252,0.004062412561852524
615228736,40s_F,0.0,0.10031195809627029,0.1577558460784797,0.05744388798220941
615284416,50s_M,1.0,0.08412997919280306,0.08453176491716238,0.00040178572435932425
616078784,30s_F,,0.3153797974064152,0.34559275184131266,0.030212954434897465
616151168,50s_F,0.0,0.10241287981835624,0.13737662066000794,0.0349637408416517
616364608,30s_F,0.0,0.7082781829462981,0.7580284395269669,0.049750256580668784
616574336,40s_F,,0.8893376591460206,0.894691592275832,0.005353933129811361
616680128,40s_F,0.0,0.8420842425158842,0.8618664197151054,0.01978217719922115
617066176,<30_F,0.0,0.8378503741906685,0.7368881714276735,-0.10096220276299506
617151552,30s_F,0.0,0.7745889874051005,0.8613861748315493,0.08679718742644882
618144512,50s_F,1.0,0.44812722179434766,0.49956077374804253,0.05143355195369487
618272576,60+_M,0.0,0.46399476336097273,0.6085447264930677,0.14454996313209495
618599232,50s_M,0.0,0.5065307672153938,0.5273285636093462,0.020797796393952406
618686464,30s_F,0.0,0.37677560630827345,0.35542333977269114,-0.02135226653558231
618756992,30s_F,0.0,0.10461199753820238,0.12465598704275944,0.02004398950455706
618868352,<30_F,0.0,0.16937278102119854,0.18906796769744474,0.0196951866762462
618946304,30s_F,1.0,0.8602374996811222,0.8887197326527456,0.028482232971623445
619118912,40s_M,0.0,0.26223020657507523,0.3083983486992647,0.04616814212418946
619126336,50s_F,0.0,0.4862329874971848,0.49562856680646306,0.009395579309278257
619128192,40s_F,0.0,0.06880937981451249,0.10317633298172386,0.034366953167211375
619282240,40s_F,0.0,0.8415198570627916,0.870186857567388,0.028667000504596363
619324928,40s_F,,0.2638937909459991,0.2822558787694265,0.01836208782342741
619349056,40s_F,0.0,0.1632415349706192,0.18511081902547746,0.021869284054858273
619441856,30s_F,,0.2912848453400916,0.29995700921122137,0.00867216387112979
619627456,40s_F,0.0,0.8791170837395227,0.8824262510317196,0.0033091672921968796
619781504,30s_F,,0.38993498019178846,0.3500444554397383,-0.03989052475205018
619933696,40s_M,,0.7790311867499122,0.8105501053951172,0.03151891864520495
620228800,30s_F,0.0,0.12815449596117504,0.1497590115978864,0.02160451563671137
620303040,40s_F,1.0,0.09585075531249174,0.1523146236327579,0.056463868320266175
620724352,50s_F,,0.8884424695679861,0.9047110460234093,0.016268576455423234
620935936,50s_F,,0.10443449506662926,0.1360557641234185,0.031621269056789233
621227328,60+_M,,0.25873816010011985,0.23956059930143125,-0.019177560798688598
621310848,50s_F,,0.8006519450128756,0.7650132204598887,-0.03563872455298689
621498304,30s_F,1.0,0.7336808272905974,0.6597143789730302,-0.07396644831756716
621546560,50s_F,1.0,0.08024607191678172,0.10597128507580239,0.02572521315902067
621557696,60+_M,0.0,0.06825900226384939,0.09837340739200806,0.030114405128158675
621600384,40s_F,0.0,0.07385881256270652,0.10108549746728775,0.02722668490458123
621908480,30s_F,0.0,0.12836940847573172,0.13500830259482163,0.006638894119089911
622038400,40s_F,0.0,0.29585211820699026,0.2862143242902637,-0.009637793916726534
622066240,60+_F,0.0,0.1290589952994259,0.14888070808403064,0.019821712784604734
622155328,30s_F,0.0,0.2581675591754364,0.24207255186467133,-0.016095007310765047
622199872,40s_F,0.0,0.08886970767964626,0.1411116025000526,0.05224189482040635
622236992,60+_F,,0.5519688913248736,0.6568100711336895,0.10484117980881591
622288960,50s_F,1.0,0.2500302168946355,0.2481640881155446,-0.0018661287790908976
622307520,40s_F,0.0,0.08934633732060221,0.09248473718489461,0.0031383998642924016
622502400,40s_F,0.0,0.26710311702976264,0.24798255650903925,-0.01912056052072339
622912576,30s_F,,0.6111222061397075,0.5443115503223588,-0.06681065581734869
622920000,30s_F,1.0,0.8237325218418461,0.752974582733892,-0.07075793910795414
623092608,30s_F,0.0,0.2798569075355145,0.3475666589303616,0.06770975139484708
623094464,40s_F,0.0,0.8159115235612725,0.8583125006578064,0.0424009770965339
623304192,40s_F,0.0,0.12242414278107085,0.16252278086920782,0.040098638088136976
623725504,60+_F,0.0,0.1368927772843471,0.21041780923472916,0.07352503195038207
623822016,60+_F,0.0,0.45368683764523526,0.37093119950515785,-0.08275563814007741
623870272,30s_F,1.0,0.6986822011297075,0.6396298176158829,-0.05905238351382458
624083712,50s_F,0.0,0.08150354350840289,0.1065528385820012,0.025049295073598307
624154240,60+_F,,0.272159213233001,0.2874398746030311,0.01528066137003009
624187648,50s_F,0.0,0.882671561548507,0.837058190413108,-0.04561337113539898
624198784,30s_F,1.0,0.10924594911540099,0.10373961066215809,-0.005506338453242901
624419648,<30_F,1.0,0.05746495437937276,0.10464487976791072,0.047179925388537956
624477184,30s_F,1.0,0.8134330467721032,0.8839033231156121,0.070470276343509
624514304,40s_F,0.0,0.45115097842101554,0.49682867794553787,0.04567769952452233
624531008,30s_F,0.0,0.49137009436428364,0.4812228521256036,-0.010147242238680021
624562560,40s_F,0.0,0.23036559112549287,0.28475991444674537,0.05439432332125249
624586688,40s_F,0.0,0.13499369025217564,0.1628067115187077,0.027813021266532068
624627520,30s_F,,0.20863374509871785,0.22164426376440022,0.013010518665682369
624733312,40s_F,0.0,0.38271792890470313,0.3591804539994686,-0.023537474905234557
624788992,40s_F,,0.11328443977524659,0.12140225858951065,0.008117818814264058
624918912,40s_F,,0.07607348371301378,0.08926331163623295,0.013189827923219169
624935616,30s_F,1.0,0.06981753783039546,0.10235410211254288,0.03253656428214742
625071104,50s_F,0.0,0.5778386622419798,0.6674873148016881,0.08964865255970833
625199168,40s_F,,0.11114156855242692,0.14271411141901147,0.03157254286658455
625260416,30s_F,,0.47637936520836793,0.48904339115617274,0.012664025947804802
625273408,30s_F,1.0,0.06105681913348761,0.09632261068531804,0.03526579155183043
625293824,30s_F,0.0,0.8650743526381798,0.8293305149256394,-0.035743837712540416
625529536,30s_F,0.0,0.09183904997924117,0.09176713156313708,-7.191841610408589e-05
625702144,30s_F,,0.8253224348029506,0.8597456751315239,0.034423240328573246
625839488,30s_F,0.0,0.5041194365266823,0.6325778325981706,0.12845839607148823
626257088,60+_F,,0.9011341796698238,0.8920562415481298,-0.009077938121693996
626320192,60+_F,0.0,0.09286887305067071,0.14223982773409993,0.049370954683429225
626531776,40s_F,1.0,0.7971648720989696,0.8562536757603161,0.0590888036613465
626711808,30s_F,,0.8816328038317858,0.8898861551640261,0.008253351332240366
626767488,60+_F,1.0,0.7268341720654148,0.6381788657400691,-0.08865530632534568
626891840,40s_F,0.0,0.09185936127210229,0.14922115739005123,0.05736179611794895
627107136,60+_F,0.0,0.20523696180404383,0.20623162417274046,0.000994662368696636
627123840,60+_F,0.0,0.4516999387253587,0.45082365618072906,-0.0008762825446296252
627407808,<30_F,0.0,0.07749855298596908,0.1267945300161892,0.04929597703022012
627459776,60+_F,,0.5425863039023503,0.4988100307293379,-0.043776273173012414
627498752,30s_F,0.0,0.06020052389206049,0.10974910842046141,0.04954858452840093
627652800,60+_F,1.0,0.8072141374155448,0.7506941659251362,-0.05651997149040866
627875520,30s_F,,0.3438816451166973,0.39106133846665664,0.04717969334995936
628033280,30s_F,0.0,0.6980464012963026,0.677739008277278,-0.020307393019024622
628307968,30s_F,0.0,0.0899938391267606,0.13423566285351796,0.04424182372675736
628389632,40s_F,0.0,0.8480184288841542,0.8626112801778579,0.01459285129370369
628447168,50s_F,,0.15540168274352914,0.19109683883099038,0.03569515608746124
628463872,30s_F,0.0,0.06757054043054772,0.10988859608378646,0.042318055653238734
628577088,40s_F,,0.35835457805176807,0.3412686905115436,-0.017085887540224443
628647616,30s_F,0.0,0.07083031676851484,0.10315300187809046,0.032322685109575616
628926016,30s_F,0.0,0.07726624239438137,0.09257155149773584,0.015305309103354467
629080064,30s_F,0.0,0.5796770225827372,0.5674664703604512,-0.012210552222286064
629180288,30s_F,0.0,0.4464340716771889,0.4474910792240043,0.0010570075468153695
629226688,40s_F,1.0,0.8776234793463255,0.8981288552648498,0.020505375918524305
629243392,50s_F,0.0,0.07445966390193332,0.09920176004023581,0.0247420961383025
629282368,40s_F,1.0,0.8524010806174477,0.8896578667911968,0.03725678617374917
629367744,40s_F,0.0,0.2124769972085914,0.262997740216689,0.050520743008097585
629549632,30s_F,,0.7083173221867624,0.6584278185280681,-0.04988950365869427
630225216,30s_F,,0.7482008660595924,0.681008805342236,-0.0671920607173564
630455360,40s_F,1.0,0.21147528349577377,0.21298330310341668,0.0015080196076429075
630494336,<30_F,0.0,0.47274857066504433,0.4737381989539788,0.000989628288934452
630503616,50s_F,1.0,0.4935543444998951,0.5758459830453263,0.0822916385454312
630559296,30s_F,1.0,0.8963609772151225,0.888835554360034,-0.007525422855088504
630772736,30s_F,0.0,0.317325549541451,0.29429570853528014,-0.023029841006170837
630798720,30s_F,0.0,0.8929641363849207,0.8829764767976083,-0.009987659587312403
630839552,40s_F,0.0,0.892169829930869,0.9257682027815015,0.033598372850632496
630850688,30s_F,0.0,0.17753073312945633,0.1354965965767468,-0.042034136552709545
630943488,40s_F,1.0,0.776179676566223,0.8267697242994698,0.05059004773324682
631210752,60+_F,,0.08448829072506538,0.08514075838116168,0.0006524676560963061
631260864,50s_F,0.0,0.7939924263899759,0.8540613554882966,0.060068929098320734
631405632,30s_F,0.0,0.20773828160260843,0.21881953642705948,0.011081254824451048
631620928,40s_F,,0.0887342390327196,0.1468311915739252,0.058096952541205615
631650624,30s_F,0.0,0.1908280096324725,0.1796044835271116,-0.011223526105360898
632090496,40s_F,0.0,0.8897719979147586,0.8347362964948583,-0.05503570141990033
632359616,<30_F,,0.29111201289677097,0.2941280613733291,0.0030160484765581197
632367040,30s_F,0.0,0.5942276907842695,0.6825098031908402,0.08828211240657069
632758656,60+_F,0.0,0.19737293188069904,0.2095966175074746,0.01222368562677556
632903424,40s_F,0.0,0.9038314537571985,0.8943767219407833,-0.009454731816415207
632940544,50s_F,0.0,0.15993771014158528,0.23972160324716743,0.07978389310558215
633241216,30s_F,,0.11713784880493712,0.1424328935766865,0.02529504477174939
633501056,50s_F,0.0,0.4920715072067005,0.4686633207855978,-0.023408186421102706
633536320,30s_F,0.0,0.28954067112128234,0.2816923799321592,-0.007848291189123169
633608704,30s_F,,0.14272520465505817,0.1665478224083362,0.02382261775327804
633647680,40s_F,0.0,0.09249847806054008,0.11850971951630061,0.02601124145576053
633933504,40s_F,0.0,0.2250940019267377,0.24279982605744832,0.017705824130710618
634453184,30s_M,1.0,0.8362657713264334,0.906205677048879,0.06993990572244557
634685184,40s_F,0.0,0.11923304804127778,0.16225216256001196,0.04301911451873418
634714880,40s_F,0.0,0.22071008938198414,0.2674394104275165,0.046729321045532374
635076800,40s_F,0.0,0.39518444206658343,0.38862383669662665,-0.0065606053699567846
635182592,40s_F,0.0,0.08727454878831965,0.09027059207603298,0.002996043287713329
635212288,30s_F,0.0,0.5059789663540711,0.6127670594720122,0.10678809311794102
635332928,30s_F,0.0,0.06213833007791981,0.0750204147910715,0.012882084713151686
635488832,30s_F,0.0,0.12445827052404396,0.1500771739015162,0.025618903377472246
635494400,30s_F,0.0,0.07179554687120399,0.11057606650494463,0.03878051963374064
635635456,30s_F,1.0,0.8531302014983752,0.8446238866324396,-0.00850631486593556
635659584,40s_F,0.0,0.8719562355268826,0.8927923793985707,0.020836143871688084
635665152,40s_F,0.0,0.06844297442643764,0.10028144102355975,0.03183846659712211
635800640,60+_F,0.0,0.10339648782855675,0.10718019238188857,0.0037837045533318237
635902720,30s_F,,0.5750561361073239,0.6310215028109513,0.055965366703627395
635952832,60+_F,1.0,0.08718119355384363,0.09249297723424237,0.005311783680398738
636027072,60+_F,0.0,0.11002174025675221,0.11504039102965216,0.005018650772899952
636105024,30s_F,0.0,0.0774331880911045,0.0959439729854131,0.018510784894308602
636160704,40s_F,0.0,0.8379582874700356,0.8264493062975855,-0.011508981172450139
636324032,40s_F,,0.16580894098753582,0.23142710503514105,0.06561816404760523
636396416,50s_F,0.0,0.38099578362126024,0.38404888993029246,0.0030531063090322164
636398272,60+_F,,0.49464072437111606,0.5663574003569198,0.07171667598580378
636411264,50s_F,0.0,0.08435200268049693,0.10581199324887348,0.021459990568376552
636416832,30s_F,0.0,0.8508491873219988,0.8552016360541796,0.00435244873218088
636418688,40s_F,0.0,0.2498718694465829,0.24235171599709543,-0.007520153449487477
636496640,30s_F,1.0,0.10895728440501008,0.14477978319699386,0.03582249879198378
636702656,40s_F,0.0,0.7899236012174407,0.8538628414440251,0.06393924022658448
636788032,30s_F,0.0,0.8143198819760009,0.8244900745630188,0.010170192587017901
636793600,30s_F,1.0,0.09420598623899228,0.12945760655737892,0.03525162031838665
636852992,<30_F,0.0,0.08404793793934019,0.13799864370522374,0.05395070576588355
636962496,30s_F,0.0,0.8154801312510302,0.7948189651263986,-0.020661166124631647
637051584,60+_F,0.0,0.14915280626451588,0.21692821851235647,0.06777541224784059
637090560,30s_F,0.0,0.34866293319173053,0.39848719415844175,0.04982426096671122
637103552,<30_F,1.0,0.6782704283430689,0.7287944934861897,0.0505240651431208
637443200,30s_F,1.0,0.08041515189063915,0.08015085872780477,-0.00026429316283438364
637584256,50s_F,0.0,0.7665666277461298,0.7103852296719119,-0.05618139807421796
637840384,40s_F,,0.890362761598326,0.89671201168956,0.006349250091234104
637883072,40s_F,0.0,0.7403278050711514,0.8066898439892075,0.06636203891805614
638050112,30s_F,,0.12778048179697685,0.14708526471738004,0.01930478292040319
638345216,40s_F,,0.07023113169858976,0.10126250630659545,0.031031374608005688
638432448,40s_F,1.0,0.14545094290970617,0.2042938081806016,0.05884286527089544
638475136,30s_F,,0.09760466633451072,0.0832914215381789,-0.014313244796331823
638573504,60+_F,0.0,0.26579736051603225,0.2507951826425032,-0.015002177873529032
638612480,60+_M,0.0,0.26913689187270895,0.27529433053935715,0.006157438666648196
638801792,50s_F,0.0,0.07216062047898525,0.09733775760901368,0.025177137130028435
639020800,50s_F,0.0,0.08000751402180012,0.1205055997009212,0.04049808567912108
639109888,30s_F,0.0,0.8730486739214759,0.8794383671548464,0.006389693233370464
639208256,30s_M,0.0,0.09209981329281441,0.10750060802796982,0.015400794735155404
639243520,60+_M,0.0,0.2912492455288894,0.2625470742626496,-0.028702171266239807
639297344,30s_F,0.0,0.0922838152446731,0.12205280162380713,0.029768986379134027
639557184,30s_F,0.0,0.08525845342930488,0.12142681499897781,0.03616836156967293
639605440,40s_F,1.0,0.36991786068293925,0.30375744813244077,-0.06616041255049848
639681536,50s_F,0.0,0.08738837601994554,0.0943690634726241,0.006980687452678561
639726080,40s_F,0.0,0.06974757095242559,0.0989212960152982,0.029173725062872607
639817024,50s_F,0.0,0.0711975752624154,0.08949857438338933,0.018300999120973938
639844864,30s_F,0.0,0.06824397394378705,0.10963826838193523,0.04139429443814818
640106560,60+_M,1.0,0.10909269560720945,0.13068221218589016,0.021589516578680704
640594688,60+_F,0.0,0.4089672948191736,0.3323139918300415,-0.07665330298913209
640668928,<30_F,0.0,0.8129761779401875,0.7418149663329651,-0.07116121160722244
640848960,40s_F,0.0,0.8900341729465387,0.8889003831907099,-0.0011337897558288956
640962176,30s_F,0.0,0.08159564812030806,0.09793646382909327,0.016340815708785206
641043840,40s_F,0.0,0.8864580197338797,0.8974405728783685,0.010982553144488816
641077248,40s_F,0.0,0.13019278889898359,0.15119276446066532,0.020999975561681733
641212736,<30_F,0.0,0.07383324081020146,0.08404260562170071,0.010209364811499255
641218304,30s_F,0.0,0.8678787221471924,0.8564501341204723,-0.011428588026720088
641223872,40s_M,0.0,0.8680960024177454,0.8872402642631856,0.019144261845440158
641281408,30s_F,0.0,0.08520241063233953,0.11890291605863178,0.03370050542629224
641390912,40s_F,0.0,0.08141737749286485,0.09742083931098361,0.016003461818118764
641678592,<30_F,0.0,0.08636424620754869,0.11279540654275429,0.026431160335205595
641680448,40s_F,0.0,0.10321892971038903,0.141289584236161,0.03807065452577198
641686016,30s_F,1.0,0.36096895024321474,0.28335333761649567,-0.07761561262671907
641840064,50s_F,0.0,0.7984800845922372,0.8501001490889917,0.05162006449675449
642213120,40s_F,0.0,0.15124461401604827,0.20330086043853787,0.0520562464224896
642322624,40s_F,0.0,0.09129439643614794,0.0809864042634233,-0.010307992172724642
642489664,<30_F,0.0,0.4617045825135564,0.5448763409220654,0.08317175840850899
642790336,50s_F,0.0,0.09174105040315719,0.10229104635480928,0.010549995951652083
642974080,<30_F,0.0,0.8669745826152588,0.8210525754166195,-0.04592200719863937
643078016,30s_F,0.0,0.09300320332606919,0.1501431050259248,0.0571399016998556
643202368,30s_M,,0.7377175009124786,0.7747852091435604,0.03706770823108185
643235776,60+_M,0.0,0.6663400306899185,0.6615632735659568,-0.00477675712396175
643297024,60+_F,0.0,0.18122736499309927,0.2077794782774771,0.026552113284377815
643304448,50s_F,0.0,0.16099419585353117,0.23317964289764848,0.0721854470441173
643308160,30s_F,1.0,0.060740472037385536,0.08763026901958842,0.02688979698220289
643387968,30s_F,,0.10159172046155962,0.1470867651684175,0.04549504470685789
643408384,30s_F,0.0,0.39988136154149745,0.40961024866551893,0.00972888712402148
643562432,60+_F,1.0,0.07157003732400911,0.10281928469285613,0.031249247368847016
643575424,40s_F,,0.2744115092361403,0.2583667036039715,-0.016044805632168813
643640384,30s_F,1.0,0.10363443224475204,0.11828008620637118,0.01464565396161914
644096960,60+_F,1.0,0.4941315787950253,0.5330889154995818,0.03895733670455653
644150784,50s_M,1.0,0.23767250859489597,0.271997433749407,0.03432492515451102
644189760,30s_F,0.0,0.7557216909201259,0.7547807659399038,-0.0009409249802220243
644215744,40s_M,,0.37002976692531697,0.3989494786503802,0.028919711725063246
644468160,30s_F,0.0,0.29303788609445613,0.2676118104402292,-0.025426075654226943
645065792,50s_F,0.0,0.6104145726252718,0.7286880365055187,0.11827346388024695
645173440,40s_F,0.0,0.07594655316882767,0.08633047745196067,0.010383924283132992
645188288,30s_F,1.0,0.8861743489842199,0.900187293585536,0.01401294460131608
645305216,40s_F,0.0,0.22392532219459527,0.2292985382237244,0.00537321602912913
645375744,30s_F,0.0,0.13430087958525122,0.2111011940097704,0.07680031442451918
645403584,40s_F,0.0,0.09680204590961682,0.11672436672912964,0.019922320819512826
645743232,50s_F,,0.8094634001480966,0.8217427520975318,0.012279351949435191
646019776,50s_F,0.0,0.8715180330840044,0.8953589776715265,0.02384094458752206
646081024,60+_F,0.0,0.7557044667413622,0.6344588439704774,-0.1212456227708848
646305600,30s_M,0.0,0.10650879845556378,0.10983881770433618,0.003330019248772395
646337152,<30_F,0.0,0.08063315953791421,0.10187120167791865,0.021238042140004437
646543168,50s_F,1.0,0.06957700664662757,0.08914005144825529,0.019563044801627724
646634112,30s_F,,0.198027810047166,0.27929918268875237,0.08127137264158638
647281856,30s_F,,0.9025565197658273,0.8999659459311476,-0.0025905738346796436
647348672,30s_F,,0.22620119660540378,0.23536440949773987,0.009163212892336098
647562112,60+_F,0.0,0.8222857330963649,0.777087436907283,-0.04519829618908189
647820096,50s_F,0.0,0.2320505355616773,0.2724736384858876,0.040423102924210336
647951872,40s_F,0.0,0.1702969804923336,0.21403659646620024,0.043739615973866636
648042816,40s_F,0.0,0.08182325438122665,0.137966068088008,0.05614281370678134
648395456,30s_F,0.0,0.5227466550501599,0.6423201577987089,0.11957350274854894
648456704,50s_M,0.0,0.09023268941815918,0.07603221021237057,-0.01420047920578861
648536512,40s_F,0.0,0.29413435322542664,0.3036026321110338,0.00946827888560714
648820480,30s_F,0.0,0.07122555404835768,0.10433367012085369,0.033108116072496016
648907712,50s_F,,0.48752376407336806,0.46234169676017883,-0.025182067313189227
649028352,30s_F,0.0,0.24347774942134098,0.24401228916712575,0.0005345397457847678
649225088,60+_F,1.0,0.8805530348145804,0.8841969250512908,0.003643890236710412
649327168,40s_F,,0.28744825767567095,0.35049633757404086,0.06304807989836991
649364288,30s_F,0.0,0.7844679598427412,0.7149470454290191,-0.0695209144137221
649646400,40s_F,1.0,0.892353456436356,0.8501010300113505,-0.042252426425005485
649807872,40s_F,0.0,0.5471130265600422,0.5683974119008447,0.02128438534080246
649999040,40s_F,0.0,0.09142813215752098,0.11356822040984746,0.02214008825232648
650080704,30s_F,0.0,0.07363853260404238,0.12002918656061229,0.04639065395656991
650192064,60+_F,0.0,0.3266689421199107,0.27348432236326614,-0.05318461975664457
650364672,50s_F,1.0,0.09413628616473822,0.13470631825230536,0.04057003208756714
650418496,50s_F,0.0,0.8553818036322789,0.8864398469586778,0.031058043326398943
650663488,40s_F,,0.23080456129859978,0.21560582905661765,-0.015198732241982121
650852800,50s_F,0.0,0.4792870894038897,0.48172674479647926,0.002439655392589557
650958592,30s_F,0.0,0.28006785664146894,0.34333457938596323,0.0632667227444943
651353920,60+_F,0.0,0.10915151134471669,0.16373063466850116,0.054579123323784465
651365056,30s_F,0.0,0.2490585907756155,0.2606111883680882,0.011552597592472708
651472704,50s_F,0.0,0.18950907650442134,0.2377652703454398,0.04825619384101845
651541376,40s_F,0.0,0.5583307143070235,0.6266543782098604,0.06832366390283684
651552512,40s_F,0.0,0.8669796144743518,0.910831874936079,0.04385226046172719
651799360,50s_F,0.0,0.18054395244977772,0.23521772170945787,0.05467376925968015
651866176,50s_F,0.0,0.8066104580840961,0.8425052561406596,0.03589479805656348
651884736,50s_F,1.0,0.8255845974456527,0.8545142418920778,0.028929644446425096
651975680,30s_F,0.0,0.4498000491413523,0.411984253603256,-0.037815795538096275
652051776,40s_F,1.0,0.18011065870332998,0.2186345974663455,0.03852393876301552
652116736,60+_F,0.0,0.07981744443059166,0.10233077734114908,0.022513332910557418
652213248,30s_F,0.0,0.21483395968171123,0.23714491022582546,0.022310950544114222
653026176,<30_F,0.0,0.07094117461803165,0.10141926627862312,0.03047809166059147
653076288,<30_F,,0.06394038634106636,0.1068321182605578,0.042891731919491444
653306432,60+_M,0.0,0.08343377742130159,0.10017560694327617,0.016741829521974574
653310144,30s_F,,0.8279844301232276,0.777323221810497,-0.05066120831273069
653443776,50s_F,0.0,0.760995184787682,0.7673782262578276,0.006383041470145567
653597824,40s_F,1.0,0.3065908828657675,0.3411865042316366,0.03459562136586908
653636800,50s_F,0.0,0.05953167210381527,0.08512994812309095,0.02559827601927568
653655360,30s_F,,0.06285309880430602,0.09804406032116945,0.035190961516863434
653712896,40s_F,,0.08671300956966212,0.0964720410352642,0.009759031465602086
653852096,30s_F,,0.38963683643074665,0.4126843699351694,0.023047533504422735
653896640,40s_F,0.0,0.6041717023542938,0.6586561458235017,0.05448444346920789
654008000,60+_F,0.0,0.12194805334721731,0.15814120890941705,0.036193155562199736
654106368,30s_F,0.0,0.12209434681590778,0.16462902472355548,0.0425346779076477
654219584,40s_F,1.0,0.6024358344367394,0.6339226694074835,0.031486834970744115
654282688,30s_F,1.0,0.158464263296298,0.19752271867888072,0.03905845538258271
654316096,50s_F,0.0,0.23863879330335672,0.21186596721640516,-0.026772826086951557
654562944,50s_F,0.0,0.07018202064046342,0.1001858564870897,0.03000383584662629
654568512,<30_F,0.0,0.25036037125106153,0.2573063870886399,0.006946015837578368
654663168,40s_F,0.0,0.5728409452759745,0.6245284492394348,0.051687503963460335
654759680,30s_F,0.0,0.5737997098327473,0.5426523885829928,-0.0311473212497545
654809792,30s_F,0.0,0.8647497983218224,0.8915886219533753,0.026838823631552877
654906304,40s_F,,0.7745595078266062,0.7196712687657647,-0.054888239060841504
655123456,40s_F,0.0,0.3929884222290646,0.35426775373353925,-0.03872066849552536
655364736,50s_F,0.0,0.7161265387543846,0.6646859778271825,-0.05144056092720206
655489088,30s_F,,0.4666827545336973,0.4929088403205727,0.026226085786875408
655659840,<30_F,0.0,0.8813045786947796,0.8211653001644865,-0.060139278530293105
655730368,30s_F,,0.7469862913510421,0.7746760616377989,0.027689770286756787
655938240,60+_F,0.0,0.9112560086579253,0.8963303368690019,-0.014925671788923456
655973504,50s_F,1.0,0.24301509828058301,0.2504000842255848,0.007384985945001782
656077440,60+_F,0.0,0.8626534333902203,0.8729069611362179,0.010253527745997637
656404096,30s_F,,0.42463571020357216,0.4584288999107099,0.03379318970713774
656491328,40s_F,0.0,0.49273038291422483,0.5331200576709536,0.04038967475672878
656572992,30s_F,1.0,0.0687032135239686,0.10758996854546891,0.03888675502150031
656632384,60+_F,1.0,0.7765801258315729,0.7266286365882167,-0.04995148924335613
656673216,<30_F,,0.873785096924484,0.8394504934355738,-0.034334603488910265
656819840,40s_F,0.0,0.8789325321537845,0.9098152025586816,0.030882670404897117
656933056,50s_F,1.0,0.6320764702642743,0.7414252531831784,0.10934878291890415
656936768,40s_F,0.0,0.5372036784109908,0.42964895283514193,-0.10755472557584889
657163200,40s_F,0.0,0.6351325533848873,0.7345800314268937,0.09944747804200638
657319104,50s_F,1.0,0.0930904724023827,0.12208973267026461,0.02899926026788191
657365504,30s_F,1.0,0.8904088646665287,0.8895169057629235,-0.0008919589036051612
657367360,30s_F,0.0,0.740353988014298,0.7477737416123256,0.007419753598027601
657506560,30s_F,0.0,0.47516244350053843,0.4221083508191433,-0.05305409268139516
657580800,<30_F,0.0,0.05890388660812611,0.1016259501913178,0.042722063583191694
657617920,50s_F,0.0,0.10056046835719384,0.11520535984081841,0.014644891483624564
657703296,50s_F,,0.8962301644201734,0.9084940347083935,0.012263870288220069
657720000,60+_F,0.0,0.8900888740857783,0.8846393791435883,-0.005449494942190047
657812800,60+_F,0.0,0.09526776123027408,0.12767717477730278,0.0324094135470287
658100480,30s_F,0.0,0.24948998640292422,0.21801358317127614,-0.031476403231648076
658276800,40s_F,1.0,0.12660398971722298,0.15750102233439214,0.030897032617169168
658377024,30s_F,0.0,0.18888599709396264,0.18987879877153124,0.0009928016775686
658390016,40s_F,0.0,0.6110484481873159,0.6393506067516964,0.028302158564380564
658497664,40s_F,0.0,0.10000493249107366,0.11127893100078573,0.011273998509712072
658518080,30s_F,0.0,0.2744313520901915,0.26180027493484936,-0.012631077155342119
658534784,40s_F,0.0,0.9193588330635499,0.9107099315807823,-0.008648901482767646
658596032,<30_F,0.0,0.8761602105250276,0.8380283532506967,-0.03813185727433088
658978368,50s_F,1.0,0.3746730160021486,0.3703124779642625,-0.004360538037886108
658982080,40s_F,0.0,0.08723919522096026,0.1311957491706301,0.04395655394966984
659106432,30s_F,,0.7272131250257826,0.7514418147291583,0.02422868970337566
659236352,30s_F,0.0,0.8461185190777737,0.8185797873809,-0.02753873169687371
659446080,50s_F,1.0,0.3972686958686182,0.36496308960382323,-0.03230560626479495
659570432,40s_F,0.0,0.667404228512655,0.6355481589027949,-0.031856069609860094
659587136,40s_F,0.0,0.14567345113252358,0.18739397325484736,0.04172052212232377
659793152,40s_M,0.0,0.8546228825451536,0.894566971505501,0.0399440889603474
659854400,50s_F,1.0,0.7159214658003354,0.6343021006693316,-0.08161936513100387
659988032,30s_F,0.0,0.6918895681105384,0.713426291090981,0.021536722980442624
660047424,40s_M,0.0,0.07668260412526623,0.09917087161220729,0.022488267486941063
660054848,30s_F,0.0,0.06646030117004058,0.08625466080072948,0.0197943596306889
660136512,60+_F,0.0,0.8480647879586329,0.855703197305473,0.007638409346840014
660351808,40s_F,0.0,0.08884363176486698,0.14865294031837017,0.05980930855350319
660416768,50s_F,0.0,0.5370301042737919,0.5758219405983699,0.038791836324577944
660541120,50s_F,0.0,0.3254666070319112,0.35338250197283005,0.02791589494091884
660886336,50s_F,,0.3833986025531442,0.3180293237209589,-0.0653692788321853
661058944,40s_F,0.0,0.091036956159865,0.14682285632600234,0.05578590016613734
661103488,30s_F,,0.2586514899092897,0.2715467517711735,0.012895261861883778
661157312,60+_F,1.0,0.19644969040209428,0.18749314213805834,-0.00895654826403594
661281664,40s_F,0.0,0.08665357599702377,0.13313038317083853,0.04647680717381476
661303936,30s_F,0.0,0.4271937282636001,0.5576828045013928,0.13048907623779277
661933120,30s_F,1.0,0.4114475880897073,0.32762392910801763,-0.08382365898168964
661951680,30s_F,0.0,0.0799350388721174,0.07738696501322577,-0.0025480738588916363
662022208,30s_F,1.0,0.08448046334135753,0.12378464724240727,0.03930418390104974
662059328,30s_F,,0.073785024209898,0.10995368292302903,0.03616865871313102
662150272,60+_F,0.0,0.8164296361192622,0.8662758384788485,0.049846202359586256
662161408,30s_F,0.0,0.23851998522835116,0.2219702480418425,-0.01654973718650865
662224512,40s_M,0.0,0.827476139364403,0.8404466410127069,0.012970501648303934
662486208,50s_F,0.0,0.2163630740102832,0.2453281828857336,0.028965108875450396
662617984,30s_F,,0.2835260617488906,0.31583938931670047,0.03231332756780986
662627264,30s_F,0.0,0.20088924166208325,0.24527869361918408,0.04438945195710084
662855552,40s_M,1.0,0.4675687010241842,0.5374510868523003,0.06988238582811607
663015168,30s_F,0.0,0.49380599040572726,0.47746290557918913,-0.016343084826538123
663044864,<30_F,0.0,0.07043591218686174,0.1252318323575131,0.05479592017065135
663137664,50s_F,0.0,0.0874009573590232,0.08890592776386598,0.0015049704048427787
663304704,40s_F,0.0,0.1222224109119637,0.15546186669788142,0.03323945578591772
663351104,60+_F,0.0,0.21534014334799384,0.23746130704636378,0.022121163698369944
663434624,40s_F,0.0,0.492818954144872,0.5074587474684576,0.01463979332358567
663551552,50s_F,,0.10440986297573368,0.1402308569474428,0.035820993971709125
663627648,40s_F,,0.32779390705782047,0.3317053165293491,0.003911409471528626
663685184,30s_F,0.0,0.8641480247645048,0.823618240711814,-0.04052978405269081
663824384,50s_F,,0.7382334721286743,0.7910638098401123,0.05283033771143797
663835520,30s_F,0.0,0.5087364467380953,0.4807886556945897,-0.027947791043505588
663891200,40s_F,1.0,0.5055281204833321,0.4795154038873536,-0.02601271659597848
664035968,30s_F,0.0,0.8498558883917601,0.8178780405109799,-0.031977847880780175
664178880,40s_F,0.0,0.581559899018165,0.5363800645069116,-0.0451798345112534
664305088,30s_F,1.0,0.08364352077098529,0.08840253277594876,0.004759012004963467
664329216,30s_F,0.0,0.09430749309846487,0.12515944549575567,0.0308519523972908
664566784,30s_F,0.0,0.21471819257897487,0.19868505637935335,-0.016033136199621517
664813632,50s_F,0.0,0.07820715159793461,0.08321292348353797,0.005005771885603361
664906432,30s_F,,0.6272060881603023,0.6509720547306144,0.023765966570312047
664965824,30s_F,1.0,0.1164878711648802,0.1153870825528036,-0.001100788612076603
665491072,30s_F,,0.1586260986881842,0.19388642538428716,0.03526032669610296
665737920,40s_F,0.0,0.8941443240839798,0.8926360485848177,-0.001508275499162104
665799168,40s_F,0.0,0.48551525014977975,0.42748557117393693,-0.058029678975842824
665934656,60+_F,0.0,0.09644262482287554,0.14614858221358124,0.0497059573907057
666046016,40s_F,0.0,0.09444563424293088,0.10587597947649037,0.011430345233559486
666086848,50s_F,0.0,0.2587142020836655,0.29656596202397695,0.037851759940311425
666357824,40s_F,0.0,0.5059029019868723,0.558703081733738,0.05280017974686568
666762432,<30_F,,0.15777068931876362,0.17269179546420388,0.01492110614544026
666825536,30s_F,1.0,0.574031323874247,0.6105365366382537,0.036505212764006645
666940608,40s_F,0.0,0.8180195540348103,0.8041614395839959,-0.013858114450814418
667074240,30s_F,0.0,0.07574393233076351,0.09383003406839448,0.018086101737630964
667206016,30s_F,0.0,0.1621280631657381,0.1548656546993049,-0.007262408466433196
667311808,30s_F,1.0,0.8706451994783687,0.8887224319596551,0.018077232481286343
667566080,40s_F,,0.6153559117835145,0.5692418976046131,-0.046114014178901375
667605056,50s_F,0.0,0.6153729342528246,0.6203019704162608,0.004929036163436207
667696000,<30_F,0.0,0.3583644803384091,0.37036651695446454,0.012002036616055423
667989248,30s_F,0.0,0.06379771610434996,0.08853261572743985,0.02473489962308989
668078336,30s_F,0.0,0.821957148153169,0.7386224436599997,-0.08333470449316926
668135872,<30_F,0.0,0.45865774606973564,0.41727824261730107,-0.041379503452434574
668237952,30s_F,,0.3566355081949307,0.3277419010645366,-0.028893607130394072
668315904,40s_F,1.0,0.1334032107045626,0.18378732510622509,0.05038411440166249
668327040,40s_F,0.0,0.52664470076339,0.5668799408971152,0.04023524013372526
668377152,30s_F,0.0,0.08837500066867829,0.12651585716650324,0.03814085649782495
668481088,50s_F,0.0,0.09487380145600756,0.1485133394731539,0.05363953801714634
668863424,60+_F,1.0,0.10744767582766271,0.15405753321556326,0.04660985738790055
669054592,50s_F,,0.1398890289444623,0.1533293268827123,0.013440297938249995
669095424,40s_F,0.0,0.0831417440473648,0.13750776242965704,0.05436601838229224
669158528,60+_F,0.0,0.6719936434614888,0.5970180385300017,-0.07497560493148714
669206784,30s_F,0.0,0.06742541165423757,0.09828899535448478,0.030863583700247207
669227200,40s_F,,0.5543954235715359,0.6265599984847324,0.0721645749131965
669294016,40s_F,0.0,0.19339425811142427,0.23825837839848618,0.04486412028706191
669340416,40s_F,0.0,0.23450475183443997,0.2196918366448921,-0.01481291518954786
669362688,30s_F,1.0,0.7112415861333033,0.7466811132379333,0.03543952710462994
669401664,30s_F,0.0,0.244477724895246,0.20274213299759225,-0.041735591897653745
669531584,60+_F,0.0,0.07446670516232257,0.09165183004291197,0.017185124880589403
669609536,50s_F,0.0,0.07816234728509379,0.1101215619824464,0.031959214697352606
669631808,30s_F,0.0,0.13831673306832312,0.19339124047213047,0.05507450740380734
669685632,30s_M,0.0,0.07848137721945209,0.0868651756079796,0.008383798388527514
669975168,40s_F,,0.10052832739329555,0.13137053944689372,0.030842212053598175
670350080,40s_F,,0.08372979091707831,0.07984695726032111,-0.0038828336567572064
670355648,40s_F,1.0,0.9078342108951902,0.9297043469296882,0.021870136034497945
670420608,30s_F,0.0,0.08160179741538041,0.0753623437220507,-0.006239453693329719
670539392,40s_F,0.0,0.8971429994935811,0.9123383340829945,0.015195334589413356
670548672,50s_F,0.0,0.6083935738485363,0.5775969345781219,-0.030796639270414428
670730560,30s_F,0.0,0.20118224622604736,0.2860094083985257,0.08482716217247832
670758400,50s_F,1.0,0.8464339208055434,0.7833955293417698,-0.06303839146377355
670762112,30s_F,0.0,0.09305091131547,0.12227390753734553,0.029222996221875533
670771392,40s_F,0.0,0.08103965863535352,0.08915339014956233,0.008113731514208813
671025664,30s_F,1.0,0.8863995194130581,0.8731873889979621,-0.013212130415095946
671174144,<30_F,0.0,0.7739761079197146,0.7887828042312901,0.014806696311575496
671925824,40s_F,0.0,0.257618014624619,0.24823462263427434,-0.00938339199034463
671985216,40s_F,1.0,0.09838718570493742,0.11909425111796111,0.020707065413023695
672490048,40s_F,0.0,0.2514157208086018,0.2879005153315567,0.03648479452295489
672666368,30s_M,0.0,0.8589577471235738,0.892786244443722,0.033828497320148254
672729472,40s_F,0.0,0.5444758986180624,0.588599077226189,0.044123178608126534
672811136,30s_F,0.0,0.2478662703688655,0.23821606637185969,-0.009650203997005807
672877952,50s_F,0.0,0.10895469923323685,0.13166594954072447,0.02271125030748762
673098816,30s_F,0.0,0.5207572664312532,0.4223650259942249,-0.09839224043702832
673161920,40s_F,,0.918239993461805,0.9083510237054709,-0.00988896975633402
673282560,60+_F,0.0,0.8738983184502916,0.9037662550450046,0.029867936594712985
673293696,60+_F,0.0,0.5906962633030326,0.5635105573391049,-0.027185705963927664
673494144,30s_F,,0.25061990767110953,0.25037833694739187,-0.00024157072371766564
673577664,<30_F,0.0,0.15613082219620852,0.17037696655438295,0.014246144358174423
673726144,40s_F,0.0,0.9041298233773789,0.9160008459753609,0.011871022597982006
673739136,50s_F,1.0,0.07355303326304843,0.09251681170912292,0.018963778446074483
673770688,50s_F,0.0,0.7390066529148891,0.7756255902180711,0.036618937303182
673796672,50s_F,1.0,0.8873569678133663,0.9089456131684192,0.021588645355052893
673882048,40s_F,0.0,0.07021107463179162,0.09156953437684003,0.021358459745048408
673922880,40s_F,0.0,0.08907657001053346,0.08631891022579394,-0.002757659784739519
673984128,30s_F,0.0,0.8653082893421048,0.8787522021168627,0.013443912774757871
674034240,30s_F,,0.8604696785863833,0.8857365465274745,0.02526686794109112
674099200,50s_F,1.0,0.8935991112701298,0.9106963331150613,0.017097221844931454
674260672,30s_M,,0.815792065023615,0.8453975170159267,0.029605451992311682
674346048,30s_F,0.0,0.45475096127208864,0.37990951947653473,-0.07484144179555391
674403584,<30_F,0.0,0.07883836468319946,0.15130560432191922,0.07246723963871976
674537216,40s_F,0.0,0.14424545050166868,0.16769373542997115,0.023448284928302476
674631872,30s_F,,0.8401625880183038,0.7679599612730292,-0.07220262674527456
674737664,<30_F,0.0,0.12646296943244548,0.20615735265963406,0.07969438322718858
674875008,60+_F,0.0,0.8636402713724824,0.8964249905268925,0.03278471915441006
674888000,30s_F,0.0,0.7225105200718965,0.7052532299194495,-0.017257290152447036
675248064,40s_F,0.0,0.8697734674832551,0.8826815507488973,0.01290808326564219
675322304,30s_F,0.0,0.8620378585396924,0.8565394585080359,-0.00549840003165647
675402112,40s_F,,0.2227092788839024,0.22637760941235363,0.0036683305284512246
675854976,<30_F,0.0,0.19131667264405067,0.2064759369599762,0.015159264315925541
676111104,40s_F,0.0,0.10653300116665194,0.13434638696292442,0.027813385796272475
676242880,30s_F,1.0,0.8865695886529218,0.8869386430029246,0.0003690543500027843
676289280,30s_F,0.0,0.08172032263497155,0.1266765596342588,0.04495623699928726
676382080,40s_F,0.0,0.4399098450316375,0.4898636187191548,0.0499537736875173
676541696,<30_F,1.0,0.1148858718703643,0.16053171644111688,0.04564584457075259
676606656,60+_F,0.0,0.08663972670955487,0.09133699272905219,0.004697266019497312
676617792,30s_F,1.0,0.10921471075784633,0.1525653287099357,0.04335061795208936
676825664,30s_F,0.0,0.8293880047714324,0.8576634152442337,0.028275410472801354
676840512,30s_F,0.0,0.24252940693930303,0.25778202238840586,0.015252615449102835
676877632,30s_F,0.0,0.7113923278301182,0.7870504909794263,0.07565816314930807
676924032,30s_F,0.0,0.06327262144953091,0.10390028574553056,0.04062766429599965
677180160,30s_F,0.0,0.06394203259943869,0.0908655910789003,0.02692355847946161
677189440,30s_F,,0.5810214997358943,0.6278432507525742,0.04682175101667985
677217280,40s_F,1.0,0.29664135611685655,0.24711126535041378,-0.04953009076644277
677473408,50s_F,1.0,0.09099074953833376,0.10533219750703612,0.014341447968702362
677582912,40s_F,0.0,0.5974908326108613,0.6167349655883829,0.01924413297752159
677590336,40s_F,,0.09678656391979647,0.1090838179220727,0.012297254002276228
677614464,50s_F,0.0,0.11526163846260085,0.14732296420688148,0.03206132574428064
677664576,30s_F,0.0,0.35582607878613026,0.3794960384310133,0.023669959644883054
677785216,30s_F,,0.8372724630963336,0.8190859304671763,-0.01818653262915737
677846464,30s_F,0.0,0.07130738189578258,0.07943061670171937,0.008123234805936796
677913280,30s_F,0.0,0.4605632709064963,0.39954361127669197,-0.061019659629804324
677928128,50s_F,0.0,0.5461736730508838,0.4558714108063116,-0.09030226224457222
677991232,<30_F,0.0,0.08893368484928389,0.1328504596999946,0.0439167748507107
678182400,<30_F,0.0,0.35151911186520374,0.3789588458484503,0.02743973398324656
678230656,30s_F,0.0,0.7223077672800424,0.6530513789038919,-0.06925638837615056
678418112,30s_F,0.0,0.2050076505555362,0.2493181666364326,0.044310516080896395
678466368,30s_F,0.0,0.6038874265005183,0.6240851420928687,0.020197715592350396
678488640,50s_F,,0.87676509994565,0.8245486889410212,-0.052216411004628815
678733632,60+_F,0.0,0.8942618970666635,0.9031081059080396,0.008846208841376102
678807872,40s_F,0.0,0.9335256479178747,0.8974845454445931,-0.03604110247328163
678961920,50s_F,0.0,0.8684899599586786,0.9019290027374047,0.033439042778726114
679249600,50s_F,0.0,0.10330517198577763,0.09742754710197116,-0.00587762488380647
679255168,40s_F,,0.3271616987131466,0.3154712373742859,-0.011690461338860703
679392512,50s_F,0.0,0.10169392453770225,0.1326543955433164,0.03096047100561415
679780416,30s_F,1.0,0.6773037311984942,0.7177792431347783,0.04047551193628407
679791552,40s_F,0.0,0.38566784733084214,0.40371846642354897,0.018050619092706832
679800832,50s_F,0.0,0.223777353400952,0.22804942872613362,0.004272075325181618
679871360,30s_F,0.0,0.13551908873102803,0.12583081800612367,-0.009688270724904358
679921472,30s_F,0.0,0.33427934260538483,0.391130613886181,0.056851271280796145
680036544,60+_F,1.0,0.8509055929795134,0.8619264355022724,0.011020842522759033
680043968,30s_F,,0.0679759310432504,0.08854896302785714,0.020573031984606735
680162752,30s_F,0.0,0.7122453506936968,0.7609244392951952,0.04867908860149839
680300096,30s_F,,0.2518670011363268,0.26906043110393496,0.017193429967608143
680305664,30s_F,1.0,0.15691284377743406,0.15294500168445282,-0.003967842092981233
680366912,<30_F,0.0,0.7496208992231856,0.7469820538024702,-0.0026388454207154632
680383616,50s_F,0.0,0.8840709587942746,0.878910755303412,-0.005160203490862547
680830912,30s_F,,0.07992596596891474,0.12282223508451715,0.0428962691156024
680920000,40s_F,0.0,0.9272525308625751,0.9070314770939625,-0.020221053768612607
681096320,50s_F,0.0,0.09685916362714991,0.11048315698171268,0.013623993354562769
681129728,30s_F,,0.5688011269971021,0.5416079821772756,-0.027193144819826487
681734784,40s_F,0.0,0.4020421073098835,0.37410521369044397,-0.027936893619439518
681781184,50s_F,0.0,0.19558947584060554,0.2181064544600905,0.022516978619484956
681870272,30s_F,0.0,0.10132422222468847,0.103421354649678,0.0020971324249895312
681931520,30s_F,1.0,0.34806789091061197,0.38791321121839856,0.03984532030778659
681935232,40s_F,0.0,0.8626713309641113,0.8548136511559926,-0.00785767980811869
681989056,30s_F,0.0,0.2778958631256056,0.2999413772317105,0.02204551410610489
682009472,40s_F,,0.5666052204007405,0.6134666478623092,0.04686142746156874
682035456,40s_F,0.0,0.8407965284483189,0.7786475058009631,-0.06214902264735578
682122688,40s_F,0.0,0.5848009062203957,0.6473072759364947,0.06250636971609902
682701760,50s_F,0.0,0.09901952729325134,0.14140420920420854,0.042384681910957206
682761152,50s_M,0.0,0.0753089536513991,0.11235047258638012,0.03704151893498102
682840960,60+_F,0.0,0.42050148749545213,0.3586077611858088,-0.06189372630964335
682878080,30s_F,0.0,0.20059340946520077,0.20207701185264454,0.001483602387443772
682935616,30s_F,0.0,0.33504684195653867,0.2869301473922047,-0.048116694564333984
683137920,30s_F,0.0,0.09245418055008049,0.09604109880003152,0.0035869182499510266
683141632,40s_F,0.0,0.07339336520003326,0.1137062440804843,0.04031287888045104
683262272,30s_F,0.0,0.7344628917807121,0.7389518246051862,0.004488932824474046
683408896,30s_F,1.0,0.5585858357218785,0.5524217584230844,-0.006164077298794091
683427456,30s_F,0.0,0.0887550331012324,0.12366543611833297,0.03491040301710058
683505408,<30_F,0.0,0.4674223839181629,0.6159041490160208,0.14848176509785788
683587072,30s_F,,0.17758483715626142,0.1663404549199743,-0.011244382236287126
683618624,40s_F,0.0,0.730159774889031,0.6698464277328057,-0.06031334715622538
683648320,40s_F,0.0,0.1876601176006263,0.18370133257546734,-0.0039587850251589785
683832064,60+_F,0.0,0.13968814211191666,0.19238449730337195,0.052696355191455296
684127168,<30_F,0.0,0.2605728750095122,0.2986725025860718,0.0380996275765596
684151296,40s_F,0.0,0.8977074011288978,0.9078153822252719,0.010107981096374119
684201408,40s_F,1.0,0.27299665211953517,0.2306398324960447,-0.04235681962349047
684448256,40s_F,0.0,0.2312699983821872,0.23490715196680306,0.00363715358461586
684791616,60+_F,0.0,0.3099754928742075,0.34615597966956296,0.03618048679535546
684914112,50s_M,0.0,0.4686176672377282,0.4908590967621468,0.0222414295244186
684930816,40s_F,1.0,0.15888241874666045,0.16363458094779634,0.00475216220113589
685257472,30s_F,0.0,0.33403670903186056,0.31175080525439747,-0.02228590377746309
685279744,30s_F,1.0,0.8508103318195094,0.8565310484272706,0.005720716607761189
685281600,40s_F,,0.25178074901940484,0.31729637116798864,0.06551562214858381
685287168,40s_F,1.0,0.0734384518341977,0.08696429398950085,0.013525842155303155
685328000,40s_F,0.0,0.5471810334842497,0.48234010451432063,-0.0648409289699291
685435648,30s_F,0.0,0.1466252630238822,0.1804720483595115,0.03384678533562929
685537728,30s_F,0.0,0.1673563123966572,0.1495616930241521,-0.017794619372505094
685665792,40s_F,,0.9419059996777321,0.8996377483861556,-0.04226825129157652
685758592,60+_F,0.0,0.5059705130593514,0.4371451825722539,-0.06882533048709749
685786432,40s_M,0.0,0.45296480733231315,0.40873848458232376,-0.04422632274998939
685862528,30s_F,0.0,0.6969305763768393,0.6419409065355474,-0.054989669841291944
685999872,30s_F,0.0,0.09180889716718366,0.11107097212620114,0.01926207495901748
686150208,30s_F,0.0,0.8311730272920224,0.8632753226024908,0.03210229531046849
686235584,40s_F,0.0,0.8795300286035781,0.8989280202607359,0.01939799165715783
686289408,40s_F,1.0,0.17834104500533962,0.24083373278268097,0.06249268777734135
686417472,30s_F,,0.07618489360652823,0.10374399538093725,0.02755910177440901
686647616,50s_F,0.0,0.5042969449218027,0.5000923316224308,-0.004204613299371829
686664320,<30_F,0.0,0.34241550814634225,0.34140465224293925,-0.0010108559034029962
686675456,40s_F,1.0,0.10120575148191828,0.14032979947453775,0.03912404799261947
686699584,30s_F,1.0,0.8412124859437239,0.8694624998457787,0.028250013902054838
686831360,30s_F,0.0,0.882742999013389,0.9060994490238241,0.02335645001043507
686849920,30s_F,0.0,0.2540618319956654,0.2445188183980923,-0.009543013597573091
686914880,<30_F,,0.07192362339899726,0.10139863796902727,0.029475014570030017
686924160,40s_F,,0.09640508590825281,0.16202709148677547,0.06562200557852266
686926016,40s_F,0.0,0.8345145404814898,0.8387481648095151,0.0042336243280253205
686955712,60+_M,0.0,0.4963126509835465,0.470991024035762,-0.025321626947784504
687041088,40s_F,0.0,0.7019710027942578,0.7236853458380211,0.021714343043763296
687196992,30s_F,0.0,0.41939515619771195,0.5577690048300942,0.13837384863238222
687317632,40s_F,0.0,0.0767990114946028,0.09746125165577123,0.020662240161168424
687404864,40s_F,0.0,0.3932398283126778,0.39596640639051733,0.0027265780778395476
687640576,60+_F,1.0,0.1644802790538747,0.16209139871079375,-0.0023888803430809347
688080448,40s_F,0.0,0.08674838730364735,0.09575546964142381,0.00900708233777646
688147264,30s_F,0.0,0.0852508305380909,0.12143908045150471,0.03618824991341381
688202944,40s_F,0.0,0.3422198422767238,0.33564854186230414,-0.006571300414419667
688258624,30s_F,0.0,0.20929429832651342,0.2075674472694926,-0.0017268510570208062
688327296,50s_F,0.0,0.21279274242007865,0.2247538561811915,0.011961113761112863
688464640,30s_F,,0.5191643647122105,0.5026888247489628,-0.016475539963247687
688525888,30s_F,0.0,0.3339383502264864,0.35667836630162175,0.022740016075135372
688576000,40s_F,0.0,0.48768433574342684,0.40707808417377384,-0.08060625156965301
688722624,40s_F,,0.16226316103949462,0.22812813434187287,0.06586497330237825
688869248,40s_M,0.0,0.10242965294317219,0.13896681076613793,0.03653715782296574
688900800,40s_F,0.0,0.07664782709519755,0.09658545797939853,0.019937630884200988
688989888,60+_F,1.0,0.6621013078202137,0.55462558605991,-0.10747572176030373
688991744,50s_M,,0.0681181529083811,0.10716860542799872,0.039050452519617626
689093824,30s_F,0.0,0.9439322974609299,0.9157986349746221,-0.028133662486307776
689234880,40s_F,0.0,0.2526638912501397,0.21636983364501775,-0.03629405760512197
689238592,50s_F,0.0,0.6216343713945591,0.6800842633984652,0.058449892003906045
689342528,40s_F,0.0,0.07474281648388698,0.10532506401005591,0.030582247526168935
689374080,30s_F,0.0,0.2074570459982611,0.21269704981888643,0.0052400038206253385
689541120,30s_F,,0.41677647014665586,0.4369981749806043,0.020221704833948417
689650624,30s_F,0.0,0.10297045971471336,0.107099806684209,0.0041293469694956425
689693312,40s_F,0.0,0.427722647861573,0.39244258228836787,-0.03528006557320512
689748992,60+_F,,0.6638430062878004,0.7685857836888849,0.10474277740108451
689767552,40s_F,1.0,0.5541203027924689,0.5526980510373273,-0.001422251755141657
689780544,60+_F,0.0,0.6425375274816371,0.6166390499559707,-0.02589847752566632
689821376,30s_F,0.0,0.6554573149408363,0.7039154426693318,0.04845812772849556
689923456,50s_F,0.0,0.14665356204789146,0.14991910899311725,0.0032655469452257946
689979136,40s_F,0.0,0.10116047240192111,0.10557308944457874,0.004412617042657635
690040384,60+_F,0.0,0.29657337668155886,0.31251377710710343,0.015940400425544565
690109056,50s_F,,0.08619236247903178,0.12292179501977092,0.03672943254073914
690407872,40s_F,,0.09601000843833316,0.10019225166901358,0.004182243230680421
690417152,40s_F,0.0,0.23157177033378556,0.28914513248750207,0.0575733621537165
690526656,40s_F,0.0,0.6409951800630178,0.6178773777559815,-0.023117802307036306
690606464,40s_F,,0.7655464548713531,0.646426957842471,-0.11911949702888214
690715968,50s_F,,0.48539711070009767,0.472919106627158,-0.012478004072939641
690907136,30s_F,,0.25077792513783753,0.27604209443878874,0.02526416930095121
691126144,30s_F,0.0,0.26606321538347844,0.25530243401333025,-0.010760781370148187
691612416,60+_F,0.0,0.9034285805137856,0.9164914369150873,0.01306285640130167
691866688,30s_F,1.0,0.07652164413725392,0.08826228772582684,0.011740643588572922
692339968,50s_F,0.0,0.32475573226137044,0.3007788282203108,-0.02397690404105962
692354816,40s_F,0.0,0.2680491221295042,0.274548089300374,0.006498967170869785
692451328,50s_F,0.0,0.08542255080502162,0.10916204127433654,0.023739490469314922
692566400,50s_F,0.0,0.5006177776240964,0.6063573548381729,0.10573957721407645
692583104,50s_F,,0.42851373971869855,0.41999231490990546,-0.008521424808793088
692612800,60+_F,0.0,0.5238560707226668,0.4416694522546776,-0.08218661846798925
692625792,50s_F,0.0,0.8271202312603347,0.7677902183874543,-0.05933001287288042
692672192,50s_F,0.0,0.8736648641859479,0.8986799159774287,0.02501505179148078
692720448,60+_F,,0.7064948481004005,0.5879520389742695,-0.11854280912613102
692739008,50s_F,0.0,0.8787616539814492,0.9041002178800405,0.025338563898591238
692809536,60+_F,,0.11230842161445162,0.09368398148359815,-0.018624440130853473
692883776,50s_F,1.0,0.8728973672947348,0.9052869719556936,0.03238960466095886
692904192,50s_F,1.0,0.07265009092246726,0.09354868612640396,0.020898595203936707
692948736,40s_F,,0.7723165135802482,0.8060523349141705,0.03373582133392228
693121344,40s_F,0.0,0.169319525813052,0.16817145042317383,-0.0011480753898781837
693145472,50s_F,0.0,0.7342255651878983,0.8046792420146083,0.07045367682671
693481408,30s_F,0.0,0.16542223911912005,0.22703669246416616,0.061614453345046116
693553792,30s_F,0.0,0.07483666613145247,0.0870354002483308,0.01219873411687833
693692992,30s_F,0.0,0.1406028489806093,0.2087755915985348,0.0681727426179255
693800640,30s_F,0.0,0.07791347859539022,0.10839533533809612,0.0304818567427059
694090176,60+_F,0.0,0.2901205253034562,0.23630800525058915,-0.053812520052867074
694131008,30s_F,,0.09084816346591547,0.13039541478984462,0.03954725132392915
694216384,30s_F,0.0,0.4085745809694631,0.3633053085715862,-0.04526927239787687
694554176,40s_F,0.0,0.7795961287750915,0.8327183656694289,0.05312223689433737
694968064,30s_F,0.0,0.14291144305069053,0.1707669959180252,0.027855552867334654
694982912,60+_F,0.0,0.7810242879827068,0.7669531977752879,-0.014071090207418924
695036736,30s_F,0.0,0.09318474552637188,0.13429849115928333,0.04111374563291145
695053440,<30_F,0.0,0.7243635131586285,0.6861295353613335,-0.03823397779729498
695148096,30s_F,0.0,0.0746530651919816,0.08329063035424428,0.008637565162262675
695370816,<30_F,0.0,0.09551225999108141,0.12347345903831027,0.027961199047228852
695428352,40s_F,0.0,0.5431471738394247,0.5559486590802866,0.012801485240861887
695433920,30s_F,0.0,0.5671396956899254,0.5230540903260512,-0.04408560536387418
695511872,30s_F,0.0,0.12247220243399529,0.14116018823467683,0.01868798580068154
695576832,30s_M,1.0,0.27524558134533733,0.3081584870476353,0.03291290570229799
695825536,40s_F,0.0,0.28641797332757213,0.30632134761764496,0.01990337429007283
696009280,30s_F,0.0,0.39247501878148733,0.41980733593783837,0.027332317156351038
696439872,30s_F,1.0,0.18187114171171004,0.1744895805460361,-0.007381561165673928
696582784,40s_F,0.0,0.6468523710062261,0.6648590693526144,0.01800669834638835
696851904,30s_F,0.0,0.8618431425347214,0.8472918328299673,-0.014551309704754045
696881600,40s_F,0.0,0.9268185946588211,0.8943510116372486,-0.03246758302157249
696883456,30s_F,1.0,0.22046085387668082,0.2360973114288579,0.015636457552177074
697165568,60+_F,0.0,0.9005342714039223,0.9124357953206769,0.011901523916754586
697514496,30s_F,1.0,0.6012464251933479,0.7291725924095387,0.12792616721619077
697601728,30s_F,0.0,0.7588356289987285,0.6768360407614188,-0.08199958823730968
697720512,<30_F,0.0,0.3066023273393254,0.3286725837971207,0.022070256457795312
697726080,30s_F,0.0,0.1174693604846493,0.1356288757449688,0.01815951526031949
697731648,50s_F,0.0,0.08245548936447218,0.09405686258015315,0.011601373215680971
697779904,60+_F,1.0,0.9074156973832216,0.9184312499643659,0.011015552581144283
697972928,30s_F,0.0,0.18333853759732388,0.20450019550394358,0.021161657906619696
698000768,30s_F,0.0,0.5642057278544749,0.681698744031941,0.1174930161774661
698006336,30s_F,0.0,0.41172909429351834,0.37816691772925154,-0.0335621765642668
698115840,<30_F,0.0,0.7887122597487455,0.7622118362365344,-0.026500423512211047
698429504,30s_F,1.0,0.17494480097538356,0.1736854278127656,-0.001259373162617955
698555712,60+_F,0.0,0.6075438312171945,0.6575759755568359,0.05003214433964143
698559424,30s_F,0.0,0.45704209781157495,0.4268482294364409,-0.030193868375134048
698809984,30s_F,1.0,0.064595589442608,0.102795969760305,0.038200380317697
698871232,50s_F,0.0,0.8732060393883583,0.8894238720350532,0.016217832646694963
698982592,60+_F,0.0,0.44365032653561237,0.445025641152005,0.00137531461639262
698986304,50s_F,0.0,0.08044207589574784,0.09663840331773291,0.01619632742198507
699056832,30s_F,1.0,0.30646506855333233,0.25218076480949564,-0.05428430374383669
699071680,50s_F,0.0,0.903312953056181,0.9258036685109967,0.022490715454815735
699123648,50s_F,1.0,0.09998101067631261,0.14496727877945512,0.044986268103142504
699240576,30s_F,,0.8595023799730802,0.8642494626323094,0.004747082659229185
699368640,30s_F,,0.07811858717305896,0.09450385596243426,0.016385268789375296
699617344,30s_F,0.0,0.1153354842562341,0.14645316792485713,0.031117683668623025
700001536,50s_F,0.0,0.06717884655082397,0.08954954227073614,0.022370695719912168
700034944,60+_F,1.0,0.15723915662127147,0.18259515942477444,0.025356002803502975
700073920,40s_F,0.0,0.332020234399906,0.37463936838322665,0.04261913398332062
700157440,30s_F,0.0,0.5392541247388408,0.576533779407079,0.03727965466823813
700333760,30s_F,0.0,0.10369275026962614,0.12090213277920904,0.0172093825095829
700357888,60+_M,0.0,0.8695337481390817,0.8804331733795242,0.010899425240442517
700387584,50s_F,,0.11449113652795626,0.154157908354661,0.03966677182670475
700506368,30s_F,1.0,0.7796700243815067,0.7383580056157087,-0.04131201876579793
700526784,30s_F,0.0,0.3283881717714456,0.3003739923944574,-0.02801417937698819
700708672,60+_F,0.0,0.2009344612025908,0.21670248021446611,0.01576801901187533
700949952,40s_F,1.0,0.07230911404347508,0.0889386629485184,0.016629548905043326
700985216,50s_F,0.0,0.9052332827735198,0.9071253648419778,0.0018920820684580342
701365696,50s_F,1.0,0.08919627070618709,0.13501422497296922,0.04581795426678213
701684928,40s_F,1.0,0.8619195893047921,0.8890289054642375,0.02710931615944545
701783296,<30_F,0.0,0.30619657533075384,0.3876550704457324,0.08145849511497855
701807424,<30_F,0.0,0.5418465099591183,0.587807287919122,0.04596077796000364
701833408,40s_F,1.0,0.07938222826184957,0.09315230012690141,0.013770071865051844
701902080,50s_F,0.0,0.2786313551374669,0.2617396021363356,-0.01689175300113127
701928064,30s_F,0.0,0.19267619409556075,0.23542190899704848,0.042745714901487736
702002304,30s_F,,0.26375164553744723,0.3602794687747229,0.09652782323727566
702007872,30s_F,0.0,0.5630022804979501,0.5947990712446825,0.03179679074673236
702041280,<30_F,0.0,0.8074516470766906,0.775536775656764,-0.03191487141992655
702254720,30s_F,1.0,0.3095850710956757,0.3521913688958253,0.04260629780014963
702284416,40s_F,0.0,0.0754539040723699,0.10158280655718903,0.026128902484819125
702716864,60+_F,0.0,0.19186733199818742,0.18432437210092206,-0.007542959897265361
702720576,40s_F,0.0,0.30612043391558735,0.2598667973847635,-0.04625363653082387
702729856,30s_F,0.0,0.839298246790396,0.8692572078336548,0.02995896104325879
702989696,60+_F,0.0,0.335241012304422,0.3339284000882317,-0.0013126122161902787
703314496,30s_F,0.0,0.32852938876203214,0.2831268034558744,-0.04540258530615776
703320064,40s_F,0.0,0.06298774455484492,0.0883861169174513,0.025398372362606378
703321920,40s_F,0.0,0.10019636455026479,0.12388404269684321,0.02368767814657842
703646720,30s_F,0.0,0.8653522832648632,0.8862694963580693,0.020917213093206044
703754368,30s_F,0.0,0.16406790731001497,0.1519585158892596,-0.012109391420755372
703902848,40s_F,1.0,0.1721799295571351,0.19958626537796473,0.02740633582082963
704270336,50s_F,0.0,0.14717610291020156,0.1425361819085949,-0.0046399210016066506
704283328,30s_F,0.0,0.8090339757333304,0.8762042304303546,0.0671702546970242
704585856,40s_F,0.0,0.0755440132698519,0.10277206413070314,0.02722805086085124
704628544,30s_F,1.0,0.757375868678051,0.7795651972437276,0.02218932856567668
705133376,40s_F,,0.25600220382406813,0.3185066792390084,0.06250447541494025
705276288,60+_F,0.0,0.5928514579266806,0.5846413541264349,-0.008210103800245672
705305984,30s_F,0.0,0.26699416997978626,0.2743331974765541,0.007339027496767847
705396928,40s_F,0.0,0.07859601501203241,0.08534587134744873,0.006749856335416318
705476736,30s_F,0.0,0.10619835742019801,0.14130891927105993,0.03511056185086192
705756992,60+_F,0.0,0.2648800540891198,0.2414062844846579,-0.023473769604461903
705799680,30s_F,0.0,0.07997466599866515,0.11247582586582555,0.0325011598671604
705929600,30s_F,,0.0949531984696022,0.14824903352302082,0.053295835053418616
706027968,60+_F,0.0,0.8555925680524846,0.8088995052946873,-0.04669306275779728
706031680,30s_F,,0.4994233689911243,0.42787272214886035,-0.07155064684226392
706274816,30s_F,0.0,0.13180899549521657,0.16211632308188784,0.030307327586671262
706504960,30s_F,,0.06434878407585265,0.10615117503810806,0.04180239096225541
706727680,30s_F,0.0,0.35085498113793157,0.38769919538934994,0.03684421425141837
706742528,60+_F,0.0,0.3855905769760129,0.29357905543345564,-0.09201152154255726
706794496,50s_F,0.0,0.2815688384441141,0.2894832057319166,0.007914367287802482
706826048,30s_F,0.0,0.7308957941281234,0.7653260354441339,0.03443024131601047
706996800,40s_F,0.0,0.17857182456084403,0.19350360448279993,0.014931779921955907
707243648,30s_F,1.0,0.1542524576052497,0.15911398059279602,0.0048615229875463295
707351296,30s_F,0.0,0.07031425166252477,0.10643568631054996,0.0361214346480252
707497920,30s_F,0.0,0.5635539301666112,0.5741591499521328,0.010605219785521647
707590720,30s_F,0.0,0.7706350326132794,0.8137062627413356,0.04307123012805625
707685376,60+_F,0.0,0.07833583096621927,0.09585288343760259,0.017517052471383326
708115968,30s_F,,0.47740107575053725,0.45446795902908116,-0.022933116721456093
708125248,<30_F,,0.11403006271545775,0.152523902269231,0.03849383955377324
708709888,40s_F,1.0,0.8402290227515793,0.8457649928009243,0.005535970049345029
708869504,30s_F,0.0,0.16001264852125488,0.18908714678047037,0.029074498259215487
708928896,<30_F,0.0,0.07313726407860091,0.11613486932509806,0.04299760524649715
709121920,30s_F,0.0,0.3763653632461301,0.33392751403102394,-0.04243784921510618
709129344,30s_F,0.0,0.5784056483374512,0.6157511882473005,0.037345539909849235
709159040,40s_F,0.0,0.5353912254640428,0.5689290018843599,0.03353777642031708
709264832,30s_F,0.0,0.8129212626671878,0.7324711687684125,-0.08045009389877533
709350208,60+_F,0.0,0.06571263679847598,0.08728064561233849,0.021568008813862505
709585920,60+_F,0.0,0.7557131514244559,0.6881101539289771,-0.06760299749547882
709641600,30s_F,0.0,0.7625267549979107,0.8529284459431402,0.09040169094522954
709895872,60+_F,,0.10377737131896175,0.13387496983761238,0.030097598518650626
709921856,50s_F,0.0,0.3806865365091225,0.37176375634619746,-0.008922780162925026
709973824,60+_M,0.0,0.7565319522795859,0.7758649832462879,0.019333030966702025
709999808,30s_F,0.0,0.23213791520044194,0.25400153489659316,0.02186361969615122
710033216,30s_F,1.0,0.5361073851191008,0.5345844498977428,-0.001522935221358046
710048064,30s_F,0.0,0.13787225032425526,0.15864020603013387,0.02076795570587861
710144576,30s_F,0.0,0.768891880909375,0.7871920657717102,0.0183001848623352
710157568,30s_F,1.0,0.09580589759734293,0.13797887306154868,0.04217297546420576
710604864,30s_F,1.0,0.5006733314586291,0.5544876381902245,0.053814306731595374
710614144,30s_F,0.0,0.24310423074669862,0.2571751828333202,0.014070952086621569
710679104,30s_F,0.0,0.6451030478946127,0.5596191625181886,-0.08548388537642415
711055872,50s_F,0.0,0.8599870030874878,0.8935297816864001,0.033542778598912304
711080000,30s_F,1.0,0.26187178453789556,0.2978188904172897,0.03594710587939415
711365824,30s_F,,0.2637905988798576,0.2559093442565436,-0.007881254623314016
711716608,50s_F,0.0,0.7567117551875119,0.7610960609645816,0.004384305777069719
712401472,30s_F,0.0,0.07102591122852289,0.11114476047328252,0.04011884924475963
712468288,30s_F,0.0,0.8643017668273163,0.8555198951653792,-0.008781871661937113
712648320,40s_F,0.0,0.09881843337300944,0.10166828050187171,0.0028498471288622707
713045504,40s_F,0.0,0.06948576106336313,0.10660572376395695,0.037119962700593825
713058496,60+_F,0.0,0.07831920446875436,0.0879500740061754,0.009630869537421038
713296064,<30_F,,0.10014776740059679,0.19273914947064102,0.09259138207004423
713368448,30s_F,0.0,0.34660490912826597,0.3732108496570028,0.026605940528736827
713678400,30s_F,,0.49591365965838385,0.4703903172579283,-0.025523342400455562
713691392,40s_F,0.0,0.8613009891456836,0.8870866292667371,0.025785640121053444
713698816,30s_F,0.0,0.06977179835813821,0.0839633780179396,0.01419157965980139
713711808,30s_F,0.0,0.5627363255264638,0.5439424147849525,-0.018793910741511266
713875136,50s_F,,0.12114466430779303,0.15264362463292971,0.03149896032513669
714025472,30s_F,,0.2404905565161629,0.23262155087500755,-0.007869005641155363
714238912,30s_M,0.0,0.09447766555662565,0.13702889670250293,0.04255123114587728
714246336,50s_F,0.0,0.9187745055197984,0.8425045935312834,-0.07626991198851507
714363264,30s_F,0.0,0.618735589462928,0.740376303263692,0.12164071380076402
714376256,30s_F,0.0,0.20400107669782952,0.16763620923681308,-0.03636486746101644
714446784,30s_F,0.0,0.6706003758664434,0.5679293289943554,-0.10267104687208795
714474624,<30_F,,0.8169879375868212,0.7908828322541658,-0.02610510533265542
714485760,40s_F,1.0,0.16404872114010938,0.22100867461317608,0.056959953473066705
714550720,30s_F,0.0,0.8686390090306141,0.8847401709954926,0.01610116196487854
714754880,30s_F,0.0,0.09849046848678565,0.14401838043743023,0.04552791195064458
714853248,60+_F,1.0,0.15460855588103026,0.18760462861625304,0.03299607273522279
714988736,30s_F,0.0,0.12321524776348841,0.16201936332036607,0.038804115556877655
715248576,30s_F,1.0,0.1768662889443834,0.1602763118961305,-0.01658997704825288
715268992,30s_F,0.0,0.19165572531550468,0.20435025408979185,0.012694528774287173
715345088,50s_F,0.0,0.06150046466137748,0.0882803022452977,0.026779837583920225
715408192,30s_F,0.0,0.055462988691757885,0.10756609074473217,0.05210310205297428
715413760,30s_F,0.0,0.0955832984177994,0.08964042140113712,-0.005942877016662282
715809088,40s_F,0.0,0.8249180968507843,0.7392091012975244,-0.08570899555325995
715952000,40s_F,0.0,0.14391619339806108,0.18389017183633727,0.039973978438276186
716003968,30s_M,,0.8004287319569466,0.8626171700355136,0.062188438078567
716128320,40s_F,1.0,0.862412727831488,0.7837872856770816,-0.07862544215440648
716213696,30s_F,1.0,0.09651975601175472,0.12102611921169228,0.024506363199937556
716393728,30s_F,0.0,0.09390610877729876,0.13416545152571493,0.04025934274841618
716557056,50s_F,0.0,0.07895352983998478,0.0739758488291924,-0.004977681010792379
716798336,30s_M,0.0,0.07284286140277454,0.1346083338273506,0.06176547242457606
716833600,30s_F,0.0,0.07483322197816872,0.07294443463607071,-0.0018887873420980056
717160256,30s_F,0.0,0.2838007570580567,0.25619087893419346,-0.02760987812386323
717230784,50s_F,1.0,0.8894982373662965,0.9087650420148763,0.01926680464857977
717546304,60+_F,0.0,0.8141852944284267,0.8434113833419699,0.02922608891354317
717607552,50s_F,,0.8320543734498179,0.868795152982871,0.0367407795330531
717624256,30s_F,0.0,0.26015413113438896,0.21166879161486235,-0.048485339519526605
717648384,40s_F,,0.08281163317808998,0.09470532400750335,0.01189369082941337
717783872,40s_F,,0.9072203522169441,0.9172557933619114,0.01003544114496735
717897088,30s_F,0.0,0.7537022645858023,0.7499282546078782,-0.0037740099779240976
717973184,40s_F,0.0,0.09816957746582897,0.1659753794858626,0.06780580202003364
717984320,30s_F,0.0,0.0835035604904602,0.10400929994078628,0.020505739450326077
718077120,30s_F,0.0,0.08824116772732499,0.09351567379774067,0.005274506070415685
718123520,30s_F,1.0,0.8032717973438822,0.8312114958471757,0.027939698503293475
718246016,30s_F,0.0,0.8028371007657787,0.8070125156619582,0.004175414896179452
718277568,30s_F,1.0,0.47266425359557845,0.5187003374073369,0.046036083811758444
718359232,30s_F,0.0,0.7904237838093016,0.8550175022505957,0.06459371844129413
718511424,50s_F,0.0,0.8751203771111135,0.8444871689809004,-0.030633208130213085
718572672,<30_F,1.0,0.5044984963775455,0.4774889261473321,-0.027009570230213387
718591232,30s_F,0.0,0.06944375057769953,0.09902430491813582,0.0295805543404363
718602368,30s_F,,0.7942659852073879,0.7663752115416507,-0.027890773665737223
718732288,30s_F,0.0,0.11146765008851009,0.19310711520769216,0.08163946511918208
718761984,30s_M,,0.1604809658829977,0.17788795503961283,0.01740698915661512
718895616,40s_F,0.0,0.15325163341538534,0.17096751888772616,0.01771588547234082
718984704,30s_F,0.0,0.7461307720322503,0.7975777035855474,0.05144693155329705
719144320,50s_F,,0.08419503599194458,0.09454424039555585,0.01034920440361127
719170304,40s_F,0.0,0.7898007667790536,0.8322746244525586,0.04247385767350498
719229696,40s_F,0.0,0.06598919430869066,0.10478767169212767,0.038798477383437016
719276096,40s_F,1.0,0.8756314405512119,0.8941356182313654,0.018504177680153555
719548928,40s_F,0.0,0.8613280240913249,0.8687976957959381,0.007469671704613212
719569344,40s_F,0.0,0.14759674324058222,0.1991090164764788,0.05151227323589658
719595328,30s_F,0.0,0.2704877911728461,0.20341482573186487,-0.06707296544098124
719665856,50s_F,0.0,0.07438252839705602,0.08887569836783114,0.014493169970775127
719708544,30s_M,0.0,0.09483661399792614,0.10218804328494775,0.0073514292870216075
719758656,30s_F,,0.44066972961799605,0.35518101397427143,-0.08548871564372462
719977664,40s_F,0.0,0.9623559805680937,0.9207572804180156,-0.04159870015007805
720022208,30s_F,0.0,0.8381312589246551,0.8653997552501341,0.027268496325479008
720337728,40s_F,0.0,0.1939810731577044,0.2050694725372559,0.0110883993795515
720645824,30s_F,0.0,0.15377457044605466,0.15831419087412169,0.0045396204280670205
720701504,30s_F,0.0,0.8017876601568699,0.8498102720314388,0.04802261187456891
720829568,50s_F,0.0,0.4317968318521112,0.4373624939792542,0.00556566212714299
720842560,<30_F,0.0,0.7889462826871655,0.7588582550597565,-0.03008802762740903
720875968,30s_F,,0.6955721741879779,0.7437230665094071,0.04815089232142922
720900096,<30_F,0.0,0.9242479003005293,0.8449539285020096,-0.07929397179851971
720901952,30s_F,0.0,0.10110260462325713,0.1264981635239066,0.025395558900649484
721163648,30s_F,0.0,0.09541382624516447,0.15062588681295405,0.055212060567789586
721182208,30s_F,0.0,0.09586107947166395,0.1286883328375627,0.032827253365898756
721358528,30s_F,0.0,0.09149779869612625,0.11072601530650958,0.019228216610383334
721443904,40s_F,0.0,0.18503378248803698,0.23030120216113426,0.045267419673097276
721592384,40s_F,0.0,0.221558484123783,0.2724713546346228,0.050912870510839786
721740864,50s_F,0.0,0.27944731745364654,0.2667953825877401,-0.012651934865906433
721755712,40s_F,0.0,0.0696141335623553,0.10226543754221379,0.03265130397985849
721996992,30s_F,0.0,0.3107001846649075,0.27840180065169606,-0.032298384013211445
722032256,60+_F,1.0,0.07573387673631345,0.09467252091931205,0.018938644182998607
722048960,50s_F,1.0,0.7393643412625578,0.731597228781719,-0.007767112480838834
722173312,40s_M,0.0,0.2810187967374993,0.29906292427589165,0.01804412753839235
722286528,30s_F,0.0,0.06594658116101809,0.09900088453167362,0.03305430337065553
722691136,<30_F,0.0,0.0849712755555371,0.10563508462914006,0.020663809073602962
722893440,30s_F,0.0,0.0943661823981234,0.14588202099606343,0.051515838597940025
722899008,30s_F,0.0,0.842363008215467,0.7886864132255356,-0.05367659498993138
722923136,50s_F,0.0,0.6817232599979799,0.6255824091568953,-0.056140850841084555
722928704,40s_F,0.0,0.21166982573742246,0.2529194961229434,0.04124967038552094
723049344,30s_F,0.0,0.07225128114700022,0.07677897764968931,0.004527696502689096
723435392,40s_F,1.0,0.3693693720192544,0.41777133864783617,0.04840196662858176
723442816,40s_F,0.0,0.46549567979321826,0.5513286001783638,0.08583292038514556
723494784,50s_M,0.0,0.3014664156437481,0.29407694210062735,-0.00738947354312075
723702656,50s_F,1.0,0.8193417355124878,0.8633371247822135,0.04399538926972568
723728640,30s_F,0.0,0.2307913941723185,0.2927810908337465,0.06198969666142798
723784320,30s_F,0.0,0.11571272802465124,0.13572297751993934,0.020010249495288096
723955072,<30_F,0.0,0.42321232898730604,0.44686368068446186,0.02365135169715582
724029312,40s_F,0.0,0.30234801000318934,0.2590869713933598,-0.04326103860982955
724164800,30s_M,,0.06830709774232632,0.10026381363480405,0.03195671589247773
724185216,40s_F,0.0,0.0703957756570008,0.10122715652818165,0.030831380871180855
724461760,30s_F,0.0,0.07505450729047722,0.08383471377249302,0.008780206482015801
724539712,30s_F,1.0,0.43097337825591076,0.40148994290922074,-0.029483435346690012
724762432,50s_F,0.0,0.5952635385982543,0.6381827251960965,0.04291918659784222
724777280,40s_F,1.0,0.10271725479649461,0.11179228456526831,0.009075029768773696
724855232,40s_F,0.0,0.8084723853138296,0.7323415440922142,-0.0761308412216154
725076096,30s_F,,0.0883868935801055,0.11564820209393427,0.02726130851382877
725185600,40s_F,0.0,0.6435295994869699,0.603375677829606,-0.04015392165736387
725233856,30s_F,0.0,0.7057725277267797,0.7508939284528754,0.04512140072609572
725291392,50s_F,0.0,0.8948836202690135,0.9140282821057373,0.01914466183672381
725347072,30s_F,0.0,0.22088663653872892,0.20773917289802593,-0.013147463640702989
725816640,40s_F,,0.24212716149954777,0.26127856439048197,0.0191514028909342
725981824,30s_F,0.0,0.4905769350112372,0.5287548268078838,0.038177891796646546
725992960,30s_F,0.0,0.5241484555722667,0.46072707751566794,-0.06342137805659881
726076480,30s_F,0.0,0.12503465166896052,0.1583330564623007,0.033298404793340175
726193408,30s_F,,0.06971295993160531,0.07217702214538967,0.0024640622137843543
726202688,30s_F,0.0,0.2600621305778735,0.23790608676491376,-0.022156043812959714
726254656,30s_F,1.0,0.41017207251263427,0.5300072300941849,0.11983515758155067
726317760,30s_F,0.0,0.5012957773103688,0.5589104147165419,0.05761463740617312
726488512,60+_F,0.0,0.3349482049792488,0.3089520633562376,-0.025996141623011226
726668544,40s_F,1.0,0.4251368672550794,0.3642929407802149,-0.060843926474864474
726714944,30s_M,1.0,0.1769902238667709,0.2203507269971776,0.04336050313040668
727076864,40s_F,0.0,0.23374740817677067,0.21687317470451753,-0.016874233472253142
727151104,60+_F,0.0,0.877622637982088,0.877562227160127,-6.0410821960954486e-05
727362688,30s_F,,0.09186821557371673,0.1199081399195649,0.028039924345848163
727366400,60+_F,0.0,0.07929820891294664,0.10050152522715203,0.021203316314205384
727368256,50s_F,0.0,0.8550700273847983,0.8358804020727268,-0.019189625312071468
727579840,40s_F,,0.09218520040290593,0.10562729192764059,0.013442091524734662
727841536,30s_F,0.0,0.24985431561033433,0.26619631570583474,0.01634200009550041
727854528,30s_M,0.0,0.19886427407506096,0.23178547349638404,0.03292119942132307
727869376,30s_F,0.0,0.3439107149448649,0.30847344152472417,-0.03543727342014075
728073536,50s_F,0.0,0.15937260148212207,0.23485167877337382,0.07547907729125175
728116224,60+_F,0.0,0.1435377455984325,0.2216203980400405,0.078082652441608
728299968,40s_F,0.0,0.16152095603116254,0.17522766618695293,0.013706710155790391
728572800,60+_F,0.0,0.2192900921033937,0.18019715352391824,-0.03909293857947546
728621056,30s_F,1.0,0.867187988116008,0.899071212126204,0.031883224010196054
728624768,30s_F,,0.5722145423440091,0.5808906228627745,0.008676080518765339
728877184,30s_F,0.0,0.11950011896392967,0.13838755653711157,0.018887437573181898
728994112,<30_F,0.0,0.8166722475661186,0.7474907384652564,-0.06918150910086218
729068352,<30_F,0.0,0.1818228257058261,0.22065603976135212,0.038833214055526005
729188992,50s_F,,0.3987429109186062,0.37310744933147044,-0.025635461587135755
729218688,40s_F,0.0,0.27898632022157516,0.275628078151227,-0.003358242070348183
729233536,40s_F,,0.8299222477468444,0.8406424480801072,0.01072020033326282
729252096,50s_F,0.0,0.8800841755805331,0.9127587291585557,0.032674553578022625
729289216,30s_F,0.0,0.6762337666655739,0.6046713056693332,-0.07156246099624064
729502656,30s_F,0.0,0.7990137230090656,0.785536973772069,-0.013476749236996599
729539776,30s_F,0.0,0.09813027204013006,0.10735462487939054,0.009224352839260486
729628864,30s_F,,0.09527646199057521,0.12061764704805922,0.025341185057484006
729992640,50s_F,0.0,0.11323008543588414,0.11719574244619681,0.003965657010312665
730035328,30s_F,0.0,0.772916279043847,0.7540623382247179,-0.018853940819129056
730050176,50s_F,0.0,0.5323077935607855,0.46374581924363206,-0.06856197431715344
730105856,30s_F,0.0,0.5232117449825854,0.5640555241199849,0.04084377913739956
730360128,40s_F,0.0,0.21877010296681598,0.2406155108813068,0.021845407914490828
730540160,<30_F,0.0,0.38517471248012364,0.492643896647417,0.10746918416729334
730586560,40s_F,0.0,0.7585307794744561,0.7505801167722865,-0.007950662702169597
730647808,<30_F,0.0,0.7081274563753507,0.7551169044346027,0.04698944805925198
730697920,<30_F,,0.797012229908329,0.7429464910364446,-0.05406573887188437
731035712,40s_F,0.0,0.21197179063841912,0.24386661408801114,0.03189482344959202
731059840,30s_F,0.0,0.6601531698600056,0.5168400679056148,-0.14331310195439084
731148928,30s_F,0.0,0.7167085883986445,0.7305318508275772,0.013823262428932725
731264000,30s_F,,0.06128736859958897,0.07614530715359699,0.014857938554008021
731572096,30s_F,,0.7490909720447343,0.7773385517923272,0.028247579747592955
731586944,30s_F,0.0,0.7683720694968633,0.768522858551928,0.00015078905506471507
731638912,60+_F,0.0,0.40744837984097465,0.30499884411047623,-0.10244953573049842
731657472,40s_F,1.0,0.16397423230379357,0.17439323715260335,0.010419004848809782
731687168,60+_F,0.0,0.29646601157197405,0.2848222033904855,-0.01164380818148858
732132608,40s_F,0.0,0.0643689890873646,0.1033561325470587,0.03898714345969409
732134464,50s_F,1.0,0.07813125915036148,0.10702332811397137,0.028892068963609893
732192000,30s_F,,0.27495569968956085,0.26066004048833996,-0.01429565920122089
732288512,30s_F,0.0,0.23135308572286042,0.267340084042129,0.035986998319268576
732312640,60+_F,0.0,0.8328382661883452,0.7313600098448699,-0.10147825634347529
732472256,40s_F,0.0,0.08445170290877727,0.09961793898881066,0.015166236080033396
732680128,30s_F,0.0,0.4262455309892048,0.3332277940925584,-0.09301773689664639
732689408,30s_F,0.0,0.14330781452870237,0.1832177861415894,0.039909971612887035
732707968,30s_F,,0.07550719306227624,0.08879256907821306,0.013285376015936823
732733952,60+_M,1.0,0.7060798161477468,0.7465092302658186,0.04042941411807177
733385408,40s_F,0.0,0.16384057546130737,0.17478408576468918,0.01094351030338181
733530176,40s_F,0.0,0.3565927755626516,0.40047981849881353,0.04388704293616191
733604416,30s_F,0.0,0.10021235151270393,0.10557606754332313,0.005363716030619206
733608128,30s_F,0.0,0.07341058666120888,0.09790824406333633,0.02449765740212745
733615552,30s_F,0.0,0.5413184087417081,0.5998907163254336,0.05857230758372545
733676800,60+_M,0.0,0.12045285531080374,0.1266094063225019,0.0061565510116981526
733775168,30s_F,0.0,0.0674186148533188,0.10720811501807896,0.039789500164760155
733788160,60+_F,1.0,0.09561225764522589,0.09084288384875767,-0.004769373796468218
733888384,30s_F,1.0,0.381897239439143,0.3743014715804634,-0.007595767858679603
734124096,<30_F,,0.0968746186175915,0.1071132896420296,0.010238671024438095
734192768,30s_F,0.0,0.12110297975929467,0.10303462220890093,-0.018068357550393738
734398784,30s_F,0.0,0.3935311979295754,0.32266300020696376,-0.07086819772261166
734408064,40s_F,0.0,0.8967064254065328,0.9144438864033212,0.017737460996788412
734870208,50s_F,0.0,0.23529519359592171,0.282740136267732,0.047444942671810264
735018688,30s_F,,0.8811256329164259,0.8824328856302419,0.0013072527138160428
735037248,40s_F,0.0,0.4548599229414858,0.44552646958557207,-0.009333453355913734
735078080,30s_F,0.0,0.07093256748686816,0.11064961251197597,0.03971704502510781
735087360,40s_F,0.0,0.08212054545245938,0.11280016228992651,0.03067961683746713
735139328,40s_F,0.0,0.14332253357395713,0.19841588649762254,0.055093352923665406
735152320,40s_F,0.0,0.27999065074752016,0.2413851479050617,-0.03860550284245848
735339776,30s_F,0.0,0.7902661382041235,0.8384393075124272,0.04817316930830373
735399168,<30_F,1.0,0.7105001814235722,0.7080094783747579,-0.002490703048814269
735556928,40s_F,,0.7630827831446604,0.7464769483312239,-0.01660583481343647
735599616,30s_F,0.0,0.2332350844297671,0.23338067241336588,0.00014558798359878833
736137856,40s_F,0.0,0.09372989825707612,0.10777197690068849,0.014042078643612371
736310464,40s_F,1.0,0.5659982724160332,0.5303585222477863,-0.03563975016824683
736518336,30s_F,1.0,0.9197920391794275,0.8865804555329885,-0.03321158364643906
736776320,60+_F,0.0,0.42963952440406544,0.5141439731554748,0.08450444875140933
736809728,30s_F,0.0,0.738307125096228,0.6649850992457147,-0.07332202585051328
736817152,30s_F,0.0,0.1014835849756606,0.1428602265700354,0.04137664159437479
736911808,50s_F,1.0,0.8261901769797109,0.848473499687666,0.02228332270795519
736971200,40s_F,0.0,0.6071807773321128,0.6727033834165423,0.0655226060844295
737216192,30s_F,0.0,0.08412526022693989,0.09226560062359143,0.00814034039665154
737750720,<30_F,0.0,0.3445988190802526,0.2980054633366313,-0.04659335574362128
737960448,30s_F,0.0,0.5842925642368944,0.5986233856481631,0.014330821411268735
738017984,60+_F,0.0,0.5395177248384952,0.4287324768883506,-0.11078524795014466
738559936,30s_F,0.0,0.4143182365095861,0.3368849054911452,-0.07743333101844091
738778944,30s_F,1.0,0.10436978253036149,0.12944831207112711,0.02507852954076563
739066624,30s_F,0.0,0.538978711646271,0.5379261853362812,-0.0010525263099897542
739246656,40s_F,,0.10025737005941365,0.18897256570267407,0.08871519564326041
739257792,50s_F,0.0,0.5061959866824547,0.4498667199067792,-0.05632926677567551
739276352,30s_F,0.0,0.22089279166894277,0.24673095374249165,0.025838162073548887
739343168,30s_F,0.0,0.7905447729183424,0.8433194002144162,0.05277462729607385
739560320,40s_F,0.0,0.5786698179919423,0.49080606243258257,-0.08786375555935971
739586304,40s_M,0.0,0.07536588075892385,0.09426026512229763,0.018894384363373776
739790464,40s_F,0.0,0.09386510227500727,0.123550063917731,0.02968496164272373
739799744,40s_F,,0.8329257416447482,0.8916079169643806,0.05868217531963238
740022464,30s_F,0.0,0.441305168325101,0.42001079784289275,-0.02129437048220828
740139392,40s_F,0.0,0.10997014342488766,0.1553868845489825,0.04541674112409484
740415936,40s_F,0.0,0.4954529162517294,0.5353104632247137,0.03985754697298427
740471616,30s_F,0.0,0.0897579275902003,0.11156124023067626,0.021803312640475955
740473472,30s_F,0.0,0.36676960852438867,0.41036311838457723,0.04359350986018856
740477184,30s_F,0.0,0.8005360065299341,0.7732864158424594,-0.02724959068747468
740479040,30s_F,0.0,0.5542103818906061,0.5250951070519554,-0.02911527483865073
740584832,50s_F,0.0,0.0837420303950818,0.12436605133141442,0.04062402093633262
740718464,<30_F,0.0,0.19322288319089953,0.23026812499346047,0.03704524180256094
740738880,30s_F,0.0,0.4607068320635523,0.4411590115672007,-0.019547820496351564
740835392,<30_F,1.0,0.06404623466547459,0.11814123516020764,0.05409500049473305
740918912,30s_F,0.0,0.8926122260636289,0.8937752921533064,0.0011630660896775336
740983872,30s_F,0.0,0.08166533089628934,0.09505396063991454,0.013388629743625202
740989440,<30_F,0.0,0.8364804136256854,0.8148609610562838,-0.021619452569401565
741273408,30s_F,0.0,0.8486296541340163,0.8932811015257812,0.044651447391764965
741284544,30s_F,0.0,0.13725614666979108,0.14587318642636107,0.008617039756569994
741358784,50s_F,0.0,0.2236182059632823,0.2655579474077754,0.041939741444493084
741523968,30s_F,0.0,0.3660717492230869,0.3432569262480684,-0.022814822975018467
741837632,30s_F,,0.7704684857918306,0.7938768009143276,0.02340831512249697
742255232,30s_F,0.0,0.08705650828778533,0.10377786595437909,0.01672135766659376
742301632,40s_F,1.0,0.8690736071984988,0.8800394685462534,0.010965861347754569
742414848,30s_F,0.0,0.25819478017759057,0.33522861819911376,0.0770338380215232
742437120,40s_F,1.0,0.27596603438963746,0.3044582985087038,0.028492264119066357
742461248,60+_M,0.0,0.8536182210974155,0.8832186075644455,0.029600386467030004
742468672,40s_F,0.0,0.1934096746948282,0.22086856896304982,0.027458894268221623
742477952,40s_M,0.0,0.8277015114421292,0.8826450124434113,0.05494350100128209
742522496,40s_F,0.0,0.44649656271541865,0.42433070428508174,-0.022165858430336915
742641280,30s_F,1.0,0.6271102041306529,0.7527941580095094,0.12568395387885656
742683968,40s_F,0.0,0.25491981651045476,0.26487802580390807,0.009958209293453313
742687680,40s_F,0.0,0.6114817411899468,0.6217582454574696,0.010276504267522801
742689536,30s_F,,0.5344241738254802,0.5674501067190778,0.033025932893597565
742696960,40s_F,1.0,0.35430880206931514,0.3966419887371712,0.04233318666785607
742724800,40s_F,0.0,0.1342743761564105,0.16460607027574,0.03033169411932951
742765632,40s_F,0.0,0.07465601605015593,0.10227759778431497,0.027621581734159045
742787904,30s_F,0.0,0.13761999470076236,0.13260432911648543,-0.005015665584276935
742802752,40s_F,0.0,0.7101214923786943,0.7654156111095058,0.05529411873081158
742826880,30s_F,0.0,0.853463056536652,0.877845273013978,0.02438221647732597
742849152,40s_F,0.0,0.8666452064952808,0.8812128370035235,0.014567630508242724
742876992,30s_F,0.0,0.7342156359213157,0.7559207148748535,0.021705078953537793
742878848,40s_F,0.0,0.16756551861788757,0.19502066397069526,0.027455145352807686
742895552,30s_M,1.0,0.5373199032957894,0.5303390497771597,-0.006980853518629648
742906688,50s_F,0.0,0.8202046919851594,0.8742080060551366,0.05400331406997716
742912256,50s_F,0.0,0.8484153262678288,0.9167843712484334,0.06836904498060459
742914112,40s_F,0.0,0.5905579160386183,0.720215032641026,0.12965711660240775
742951232,30s_F,0.0,0.8959451928032671,0.8997271487526945,0.003781955949427429
742982784,40s_F,1.0,0.8614260219572585,0.8940108349418826,0.03258481298462412
742997632,30s_F,0.0,0.13973700787917376,0.13626330437880335,-0.0034737035003704064
743008768,40s_F,,0.10243739358353926,0.11905708726043636,0.0166196936768971
743016192,50s_F,0.0,0.527915614569903,0.49762234987057336,-0.030293264699329636
743105280,30s_F,0.0,0.7983826094363198,0.8794508675726975,0.08106825813637775
743138688,30s_F,0.0,0.31889213455938115,0.31708320382349386,-0.001808930735887282
743192512,40s_F,0.0,0.41096821492541147,0.5468580313639481,0.1358898164385366
743194368,40s_F,0.0,0.8922947587307236,0.8864238310275406,-0.005870927703182982
743199936,40s_F,1.0,0.08835941979607143,0.09248473718489461,0.004125317388823185
743224064,40s_F,0.0,0.0917301098725307,0.10291999037759059,0.011189880505059882
743240768,40s_F,0.0,0.29029721192610586,0.3142482732391721,0.023951061313066235
743268608,40s_F,0.0,0.08275642263374226,0.08501259217065131,0.0022561695369090473
743316864,30s_F,0.0,0.06508161772188964,0.111070160597769,0.04598854287587936
743370688,50s_F,0.0,0.09039129394011175,0.14224870241171847,0.05185740847160672
743385536,40s_F,0.0,0.6049764493626557,0.7462376028498638,0.14126115348720814
743402240,30s_F,,0.9019407860036623,0.9098281802100747,0.00788739420641238
743404096,50s_F,,0.43683848026973526,0.43370408184806836,-0.0031343984216669063
743417088,50s_M,0.0,0.33932677033463504,0.37592665677065523,0.03659988643602019
743435648,40s_F,0.0,0.39718561745978903,0.46382473875516,0.06663912129537097
743437504,30s_F,0.0,0.09463575013074876,0.12045589313137986,0.025820143000631096
743439360,30s_F,0.0,0.5023574678943139,0.46057404422452586,-0.041783423669788045
743539584,30s_F,0.0,0.24092559358408003,0.2578624983905415,0.016936904806461456
743561856,40s_F,0.0,0.17310993067690572,0.22833487345667675,0.055224942779771025
743608256,50s_F,0.0,0.2888052499045243,0.32620960951487143,0.03740435961034716
743624960,40s_F,0.0,0.8974292986086599,0.9092673651259244,0.01183806651726449
743626816,40s_F,0.0,0.16899984685820957,0.23033478032750324,0.06133493346929367
743662080,40s_F,0.0,0.09240373784196923,0.11351835082096816,0.02111461297899893
743667648,50s_F,0.0,0.6641901841881679,0.7123817259975194,0.04819154180935148
743669504,30s_F,0.0,0.7365485834030254,0.7680880558455708,0.0315394724425454
743676928,30s_F,0.0,0.08264039562989177,0.07519481318022347,-0.007445582449668295
743697344,30s_F,0.0,0.22573299250906767,0.2656111342802056,0.03987814177113794
743728896,40s_F,0.0,0.8588937207350655,0.8964114428947778,0.037517722159712275
743730752,40s_F,0.0,0.8685830790150277,0.8986671689662331,0.030084089951205373
743741888,60+_F,0.0,0.4475301408750414,0.5316553527430998,0.08412521186805844
743745600,40s_F,0.0,0.8883776087944623,0.8844421235839305,-0.003935485210531775
743754880,40s_F,0.0,0.3445201844275438,0.2724402004585057,-0.07207998396903809
743773440,50s_F,0.0,0.8652234615852242,0.9219777334676003,0.05675427188237603
743810560,40s_M,0.0,0.21204771363587635,0.23242600217510367,0.020378288539227324
743812416,30s_M,,0.3890733546439912,0.4093413225486777,0.020267967904686546
743845824,40s_F,,0.8753163887600245,0.9099461638353981,0.03462977507537357
743864384,40s_F,0.0,0.8230984381128227,0.8633108850990887,0.040212446986266026
743866240,30s_F,0.0,0.8095808314142298,0.8682680985934585,0.058687267179228786
743877376,30s_F,0.0,0.37973160159304925,0.40760842277284964,0.027876821179800393
743908928,40s_F,0.0,0.33557418730756866,0.31219639870324545,-0.023377788604323213
743927488,30s_F,1.0,0.8530505006263474,0.8934721215469079,0.040421620920560564
744022144,50s_F,,0.1762687159331927,0.19083615761687436,0.014567441683681653
744031424,30s_F,1.0,0.504684504938322,0.55514061856778,0.05045611362945801
744038848,30s_F,0.0,0.09344782481477401,0.12509988265105343,0.03165205783627942
744042560,30s_F,1.0,0.13263878968290835,0.14547861103529283,0.012839821352384484
744053696,40s_F,0.0,0.1549207347704811,0.21144544797252338,0.056524713202042276
744074112,30s_F,0.0,0.8314714636726908,0.8179179487879057,-0.013553514884785067
744090816,50s_F,0.0,0.10167052479043052,0.12297627909962529,0.021305754309194763
744098240,40s_F,0.0,0.8054456078553458,0.8731050646117331,0.06765945675638729
744100096,30s_F,,0.3281075274657077,0.3868267110422515,0.05871918357654382
744103808,40s_F,0.0,0.9014076535536095,0.889193694932921,-0.012213958620688525
744118656,40s_F,0.0,0.27174890856736583,0.29726310785248555,0.02551419928511972
744131648,50s_F,0.0,0.38356992170913295,0.36514554059326315,-0.018424381115869803
744153920,30s_F,0.0,0.07898351595130246,0.09917301552549988,0.020189499574197425
744172480,30s_F,0.0,0.8081473210880235,0.8318232341535738,0.02367591306555039
744179904,60+_F,0.0,0.828980088268498,0.8830028355278664,0.0540227472593684
744185472,50s_F,0.0,0.9096060798157266,0.9008272487209606,-0.00877883109476596
744187328,40s_F,,0.23452646672203908,0.2732473054752903,0.03872083875325122
744246720,40s_F,0.0,0.34795802139308185,0.3788408669083141,0.030882845515232238
744257856,40s_F,1.0,0.8921270574758549,0.9088430395923836,0.016715982116528694
744285696,30s_F,0.0,0.3943067755884334,0.5142624954402928,0.11995571985185938
744300544,50s_F,0.0,0.8871047787241508,0.8986333639150628,0.011528585190911933
744313536,40s_F,1.0,0.21007601750938565,0.20237843224881213,-0.007697585260573514
744343232,40s_F,0.0,0.7098699560103274,0.6103828685959388,-0.09948708741438861
744378496,30s_F,0.0,0.3445751403411478,0.43203725512519287,0.08746211478404509
744380352,40s_F,0.0,0.07506181571150813,0.10593733517404529,0.03087551946253715
744417472,40s_F,0.0,0.9069871570526749,0.9117748460843076,0.004787689031632736
744423040,40s_F,0.0,0.8006152750152475,0.8762291513651956,0.0756138763499481
744426752,50s_M,0.0,0.5136721863203018,0.46928187961881546,-0.044390306701486304
744434176,30s_F,0.0,0.1199725187412245,0.13402433529483193,0.014051816553607432
744449024,50s_F,0.0,0.8939377737848178,0.9069701877022318,0.013032413917414054
744493568,40s_F,0.0,0.08919538522575023,0.10595161285001634,0.01675622762426611
744499136,30s_F,0.0,0.11507383906230771,0.14487655941484343,0.029802720352535714
744508416,50s_F,0.0,0.8639431541319922,0.8984509602893823,0.03450780615739013
744515840,50s_F,0.0,0.5030182821728887,0.49367371229432067,-0.009344569878568021
744577088,50s_F,0.0,0.1316331648060287,0.1344219119313629,0.0027887471253341956
744588224,50s_F,0.0,0.8441858810002815,0.886279915118902,0.04209403411862056
744601216,40s_F,0.0,0.36830716068482977,0.3385914645789844,-0.029715696105845346
744638336,60+_F,0.0,0.8929214846014588,0.8876163695521953,-0.005305115049263565
744660608,40s_F,0.0,0.867760922942655,0.7806734044419588,-0.08708751850069629
744684736,30s_F,0.0,0.557137249135105,0.5465152971304089,-0.010621952004696067
744701440,40s_F,0.0,0.3640533846027045,0.3293400088055035,-0.03471337579720096
744714432,40s_F,,0.655369627672753,0.6916828686119222,0.03631324093916921
744716288,40s_F,0.0,0.40670698690436574,0.39158609142058054,-0.015120895483785202
744718144,50s_F,0.0,0.1233037777562254,0.15565879723648304,0.03235501948025764
744725568,50s_F,0.0,0.8360474917042086,0.8586322084020428,0.02258471669783424
744736704,40s_F,0.0,0.9514685580584288,0.9248924564129121,-0.026576101645516714
744744128,40s_F,0.0,0.23707255893254817,0.24719427696278187,0.010121718030233706
744747840,40s_F,0.0,0.5920193412018601,0.676831976316181,0.08481263511432091
744755264,40s_F,1.0,0.07832587669733758,0.1223728721574696,0.04404699546013202
744788672,40s_F,,0.2585987024319718,0.3097534354689984,0.05115473303702661
744799808,40s_F,0.0,0.9481233751634551,0.912070052580392,-0.03605332258306315
744809088,40s_F,1.0,0.1241193752070958,0.14133998179092624,0.017220606583830442
744859200,40s_F,0.0,0.17724960087146943,0.23196410202619866,0.05471450115472923
744890752,30s_F,0.0,0.4948091875109356,0.4107789741754072,-0.0840302133355284
744909312,40s_F,1.0,0.33693127912115406,0.3223032448736569,-0.014628034247497146
744911168,40s_F,0.0,0.13301996451736367,0.13846028163757437,0.005440317120210703
744916736,40s_M,1.0,0.41233334856057047,0.4318152323486146,0.019481883788044108
744937152,30s_F,,0.07897621094913451,0.11564041029504485,0.03666419934591034
744950144,30s_F,1.0,0.12252535797183282,0.1844242055306564,0.061898847558823564
744955712,30s_F,,0.07739061070166522,0.09578326259975954,0.018392651898094317
744966848,40s_F,0.0,0.13048444142568702,0.1354117068975047,0.004927265471817682
745016960,30s_F,,0.09451983971297392,0.12658857664904624,0.03206873693607232
745046656,30s_F,,0.813669519036505,0.8332687824441233,0.019599263407618306
745052224,40s_F,0.0,0.16215749354516965,0.1694121176667189,0.007254624121549258
745065216,40s_F,0.0,0.08757111888936187,0.12543401183426744,0.03786289294490558
745070784,40s_F,,0.221238956704789,0.2535547601193262,0.032315803414537214
745076352,30s_F,0.0,0.07137306832827287,0.08589362387791918,0.014520555549646319
745087488,30s_F,0.0,0.7872650638804322,0.8486894899381017,0.06142442605766951
745093056,30s_F,0.0,0.860008590375634,0.9084332701179886,0.04842467974235454
745176576,30s_F,0.0,0.5705773673142326,0.6275663948209221,0.05698902750668955
745191424,40s_F,1.0,0.8697815625917529,0.8937622921308588,0.023980729539105905
745196992,60+_F,0.0,0.5425003583821197,0.4833340296885478,-0.05916632869357197
745211840,40s_F,0.0,0.8474159668826486,0.8913830994175234,0.04396713253487472
745241536,40s_F,1.0,0.7200126679482757,0.795127719750521,0.07511505180224531
745243392,40s_F,1.0,0.7962204793874039,0.855294054974269,0.0590735755868651
745248960,30s_F,0.0,0.7447951675849691,0.7594785028763862,0.014683335291417077
745286080,40s_F,0.0,0.35093313920203323,0.27528647852272536,-0.07564666067930786
745291648,30s_F,0.0,0.07257917285318918,0.09076705708247143,0.018187884229282247
745293504,40s_F,0.0,0.22052963766996675,0.23788761742793277,0.01735797975796602
745377024,50s_M,0.0,0.8728974331245845,0.877782413938359,0.004884980813774531
745382592,40s_F,0.0,0.6187842148886712,0.6213149468735931,0.00253073198492193
745388160,50s_F,0.0,0.09883141290404929,0.12821805531551575,0.029386642411466463
745408576,30s_F,,0.08240637523743854,0.09383543237209567,0.011429057134657125
745464256,30s_F,0.0,0.09813360112304016,0.13443134772961873,0.03629774660657857
745471680,40s_F,0.0,0.15725457552817265,0.24233275895359582,0.08507818342542317
745473536,30s_F,0.0,0.1549262301814498,0.16257085645267047,0.0076446262712206725
745495808,30s_F,0.0,0.08744236849776507,0.10875817278472612,0.021315804286961046
745525504,60+_F,0.0,0.8376748774657345,0.8579038023935536,0.020228924927819025
745570048,60+_F,0.0,0.1749528080278261,0.1861819506377331,0.011229142609907011
745594176,30s_F,0.0,0.15713188313177992,0.17460867807330138,0.017476794941521462
745612736,40s_F,0.0,0.7249675920739755,0.6630199797363676,-0.06194761233760793
745622016,50s_F,0.0,0.0848398543749629,0.11291052406416772,0.028070669689204825
745627584,60+_F,0.0,0.8599423493113507,0.9133462026831337,0.053403853371782994
745638720,60+_F,,0.13778295600137525,0.18311336908113784,0.0453304130797626
745657280,30s_F,0.0,0.5367750505634149,0.5637558527298916,0.02698080216647669
745677696,40s_F,1.0,0.5905298646445533,0.598033722853286,0.007503858208732783
745703680,40s_F,1.0,0.24709711672212073,0.26643999942519975,0.019342882703079017
745718528,40s_F,1.0,0.5618763324744384,0.5779498567254867,0.016073524251048354
745727808,30s_F,0.0,0.7260025780517458,0.7729743833377596,0.046971805286013746
745751936,60+_F,0.0,0.7982178378523989,0.7716955840676327,-0.026522253784766137
745768640,40s_F,0.0,0.5885976766571889,0.6115575036249327,0.02295982696774379
745820608,40s_F,0.0,0.33163252488002437,0.3079535814806708,-0.023678943399353558
745833600,30s_F,0.0,0.07404492223990275,0.09862528649345956,0.024580364253556808
745854016,30s_F,0.0,0.09423328069836881,0.1425865397880405,0.048353259089671696
745894848,40s_F,0.0,0.10275598127571647,0.1461994792467929,0.04344349797107644
745913408,40s_F,,0.08915826296421395,0.11897169193933507,0.029813428975121126
745926400,50s_F,0.0,0.4473815717863808,0.49125191173021754,0.04387033994383671
745931968,40s_F,0.0,0.08985000494823606,0.13611123705451628,0.04626123210628022
745935680,40s_F,,0.12855059858562112,0.1390616432556218,0.010511044670000663
745959808,40s_F,1.0,0.2466130873354928,0.2636428403981029,0.017029753062610065
745991360,30s_F,0.0,0.8911385212011065,0.8984901681566576,0.007351646955551128
746006208,40s_F,0.0,0.2464716143749889,0.2753329405160346,0.028861326141045668
746019200,30s_F,,0.0691479860260141,0.10915117911936409,0.04000319309334999
746043328,40s_F,0.0,0.9473125862129309,0.8944858779833311,-0.052826708229599784
746102720,40s_F,,0.3063873939248072,0.3145008067691716,0.008113412844364398
746108288,30s_F,0.0,0.06881933453121505,0.10687491076522754,0.038055576234012484
746112000,<30_M,0.0,0.19815978244079427,0.2324244027802888,0.03426462033949454
746143552,60+_F,1.0,0.08724998775446545,0.08802561544002524,0.0007756276855597904
746182528,40s_F,,0.07652183538497138,0.08764587889951965,0.011124043514548265
746208512,40s_F,,0.11179613742091461,0.12470764742383485,0.012911510002920235
746210368,60+_F,0.0,0.49285139733253763,0.5282780865452361,0.03542668921269848
746215936,50s_F,1.0,0.5075133382468262,0.4786155558082936,-0.028897782438532582
746219648,30s_F,0.0,0.1640447251363322,0.17788726593506027,0.01384254079872807
746228928,40s_F,0.0,0.7704216448408135,0.7467730521891531,-0.023648592651660416
746238208,40s_F,0.0,0.10554280771666527,0.16697826416732783,0.06143545645066256
746243776,50s_F,0.0,0.7797116045558432,0.8605567518556488,0.08084514729980563
746280896,40s_F,0.0,0.1098794568843749,0.17152550908873698,0.06164605220436209
746284608,40s_F,,0.8968252610661418,0.9127441254004868,0.015918864334344973
746299456,60+_M,0.0,0.22400370083884488,0.2165475664308045,-0.007456134408040382
746303168,40s_F,0.0,0.16095842469332428,0.18974803823183758,0.02878961353851331
746310592,40s_F,1.0,0.8324168757291411,0.8906508679891286,0.05823399225998749
746327296,40s_F,0.0,0.8721288095554727,0.8947444025248602,0.022615592969387532
746356992,50s_F,0.0,0.08888643179036708,0.12559281466389982,0.03670638287353274
746379264,30s_F,0.0,0.8736097910686023,0.8721359547313371,-0.0014738363372651664
746427520,30s_F,0.0,0.3136916251854388,0.300935803155302,-0.01275582203013681
746429376,40s_F,0.0,0.08352192413532132,0.08588038248828171,0.002358458352960391
746459072,30s_F,1.0,0.16614084514847122,0.16574372151834463,-0.000397123630126589
746470208,40s_F,0.0,0.2147840748153213,0.2512498817853568,0.036465806970035486
746477632,40s_F,,0.07255036481909373,0.1084326403462287,0.035882275527134966
746485056,40s_F,0.0,0.5768096237839968,0.5734167125123366,-0.003392911271660193
746501760,30s_F,0.0,0.42117819535123635,0.3327510731097734,-0.08842712224146293
746518464,50s_F,0.0,0.1206058877278267,0.16072937438142745,0.04012348665360076
746524032,60+_F,1.0,0.8684231446100698,0.8623353030047605,-0.006087841605309285
746533312,60+_F,0.0,0.16519990777415816,0.2216991356653703,0.056499227891212145
746572288,40s_F,0.0,0.11036305532375972,0.08144521826304142,-0.028917837060718293
746592704,40s_F,0.0,0.06780614850147147,0.08244878489206946,0.014642636390597985
746637248,50s_F,0.0,0.6302137157190553,0.6501058277811351,0.01989211206207986
746665088,60+_F,0.0,0.9008172295861998,0.888433189797569,-0.012384039788630785
746676224,40s_F,0.0,0.41473069809372004,0.42751325679778895,0.012782558704068914
746689216,30s_F,0.0,0.728485435097188,0.7627754066076022,0.03428997151041424
746691072,50s_F,1.0,0.8214629056411822,0.8861134809827209,0.06465057534153873
746694784,30s_F,,0.32703821919029413,0.28902095479561113,-0.038017264394683004
746724480,30s_F,0.0,0.3083663150937037,0.31905618013665926,0.010689865042955549
746728192,30s_F,0.0,0.7209655577182796,0.6579590739814869,-0.06300648373679274
746748608,30s_F,1.0,0.07113785830398885,0.10348514760521585,0.032347289301227
746754176,30s_F,0.0,0.07235756447226273,0.12507608981827184,0.05271852534600911
746778304,30s_F,0.0,0.05857564485407731,0.0904930408271588,0.031917395973081485
746791296,50s_F,0.0,0.14347604893707552,0.17904884635302454,0.035572797415949015
746828416,40s_F,,0.16820689989788748,0.23529183198949968,0.0670849320916122
746897088,60+_F,0.0,0.3609236451628074,0.3437819392440057,-0.01714170591880171
746923072,40s_F,0.0,0.09558694818404848,0.13379982785559666,0.03821287967154818
746954624,30s_F,0.0,0.0826785170762361,0.1134832712354851,0.030804754159249007
746986176,40s_F,0.0,0.9107251669959734,0.9124676189117573,0.0017424519157839269
747004736,40s_F,,0.13106149533330894,0.17493533035001924,0.0438738350167103
747088256,60+_F,0.0,0.7736837184358595,0.7819431448340697,0.008259426398210201
747104960,40s_F,0.0,0.8420740820143554,0.8643043204181096,0.022230238403754154
747110528,30s_F,0.0,0.5983790476784661,0.5796076598892089,-0.018771387789257132
747116096,30s_F,,0.3775298602346963,0.4086938160187593,0.031163955784063002
747153216,30s_F,0.0,0.8052592352549852,0.8519408112907222,0.04668157603573697
747155072,40s_M,0.0,0.06247369940627603,0.08276159588662052,0.020287896480344493
747201472,30s_F,0.0,0.07145212949695125,0.09946863027820425,0.028016500781253006
747205184,40s_F,0.0,0.892889590321865,0.9001023214043474,0.0072127310824824376
747210752,60+_F,0.0,0.1440733960963122,0.1997091397795044,0.05563574368319221
747221888,40s_F,0.0,0.8453985028419495,0.8959556124505972,0.05055710960864768
747242304,40s_F,0.0,0.8381826996254023,0.8742270161312029,0.036044316505800644
747249728,60+_F,0.0,0.8976108453671808,0.9027613232696313,0.00515047790245049
747253440,40s_F,0.0,0.9531816863118476,0.9195638391689271,-0.03361784714292049
747257152,40s_F,1.0,0.8350270083223137,0.8716850472445511,0.0366580389222374
747264576,40s_F,0.0,0.8224637824926151,0.8787000462159239,0.05623626372330881
747266432,40s_F,0.0,0.09387236974691174,0.10965732925561915,0.01578495950870741
747279424,40s_F,1.0,0.16553228402119696,0.2792167380555328,0.11368445403433586
747283136,30s_F,1.0,0.07947104160479393,0.09467474037137859,0.015203698766584658
747294272,40s_F,0.0,0.3355838335474348,0.28743661669307885,-0.04814721685435597
747305408,40s_F,0.0,0.21043339445256343,0.2910925094002734,0.08065911494771
747338816,50s_F,1.0,0.5375848532209913,0.52290010858638,-0.014684744634611224
747359232,30s_F,0.0,0.5775927188502407,0.6180411506833737,0.04044843183313307
747362944,30s_F,0.0,0.8881293103422929,0.8599939433275812,-0.028135367014711754
747381504,50s_F,1.0,0.901237478727049,0.9181399720801151,0.01690249335306615
747385216,30s_F,1.0,0.5790108324957329,0.5543574624382304,-0.024653370057502566
747396352,30s_F,,0.32246326234241474,0.36495050168845306,0.04248723934603832
747413056,40s_M,0.0,0.12106022008679919,0.1586533066684855,0.03759308658168632
747435328,30s_M,1.0,0.35104380558333065,0.3396478066182913,-0.011395998965039345
747453888,30s_M,1.0,0.07174119797866794,0.07519543258689637,0.0034542346082284264
747461312,30s_F,0.0,0.6029291504057401,0.6542344366870964,0.05130528628135622
747465024,40s_F,,0.1406954701305539,0.13721099276797813,-0.003484477362575761
747470592,40s_F,0.0,0.07995985728171032,0.0856665209909701,0.005706663709259777
747478016,30s_F,0.0,0.7370658460442658,0.7785755274208134,0.041509681376547536
747491008,50s_F,0.0,0.8879111286016204,0.9230360429506945,0.035124914349074166
747496576,40s_F,,0.13139333549487855,0.13847867706197514,0.007085341567096587
747505856,30s_F,0.0,0.07274335303174188,0.09356543662586293,0.02082208359412105
747509568,40s_F,0.0,0.07578150669779299,0.10382306887352213,0.028041562175729146
747609792,60+_F,0.0,0.8754561217896719,0.8859456049981024,0.010489483208430461
747617216,40s_F,0.0,0.14374548388688793,0.18698089892780345,0.04323541504091552
747624640,30s_F,0.0,0.5163374538976413,0.41764973751346735,-0.09868771638417395
747632064,50s_F,0.0,0.5386881795934958,0.5899038255283733,0.051215645934877485
747669184,50s_F,0.0,0.36737530542879687,0.39912499165701426,0.03174968622821739
747676608,30s_F,0.0,0.5383858451261642,0.602646778602624,0.06426093347645978
747734144,30s_F,0.0,0.1634618259772631,0.1686867364606489,0.005224910483385803
747748992,40s_F,0.0,0.10362637363763014,0.12616556079062805,0.022539187152997908
747819520,40s_F,0.0,0.09412620313147071,0.12905329575492197,0.034927092623451256
747832512,40s_F,0.0,0.44858844571946127,0.4126766815358436,-0.03591176418361769
747867776,30s_F,0.0,0.2719935246773846,0.2463744485314729,-0.02561907614591169
747899328,30s_F,0.0,0.5368829105283998,0.4457386523993779,-0.09114425812902188
747910464,30s_F,0.0,0.8948967091893353,0.9016560901696908,0.006759380980355556
747917888,30s_F,1.0,0.13789203824224455,0.15257587314513363,0.014683834902889076
747919744,30s_F,0.0,0.07112711294728445,0.11005785543105388,0.03893074248376943
747942016,40s_F,1.0,0.8891455610393387,0.9241643769633068,0.03501881592396805
747962432,30s_F,0.0,0.09342644686141666,0.15794933126302554,0.06452288440160889
747966144,<30_F,0.0,0.21721709125353744,0.25707767863712233,0.03986058738358489
747988416,50s_F,0.0,0.49309561410049285,0.6507148241948221,0.15761921009432922
747995840,60+_F,0.0,0.845312239762372,0.8461805351366413,0.0008682953742692456
748012544,50s_F,0.0,0.7248313114655303,0.7754088328841091,0.05057752141857885
748027392,40s_F,0.0,0.07267454023561723,0.10536019122038644,0.03268565098476921
748032960,30s_F,0.0,0.8892017214978901,0.8957200180373789,0.006518296539488766
748036672,60+_F,,0.17862424471996072,0.24619923084654594,0.06757498612658522
748045952,30s_F,1.0,0.8379090948714419,0.8840092895691071,0.04610019469766513
748047808,50s_F,1.0,0.8804688649102824,0.899499171551058,0.01903030664077554
748057088,30s_F,0.0,0.2501739610767169,0.320453753812021,0.0702797927353041
748058944,60+_F,0.0,0.737553889797252,0.7189151733808026,-0.01863871641644943
748068224,40s_M,0.0,0.8925179116253875,0.9195700335950504,0.02705212196966289
748075648,50s_F,0.0,0.8315521817465595,0.8689856871634357,0.03743350541687618
748077504,40s_F,0.0,0.9018820143213088,0.9017558589708614,-0.00012615535044735449
748094208,40s_F,,0.7756792219564183,0.8240387924539424,0.04835957049752415
748116480,50s_F,0.0,0.08227375962365135,0.1075131412112712,0.025239381587619847
748125760,30s_F,0.0,0.12606281344346082,0.12720897770878273,0.0011461642653219084
748142464,50s_F,0.0,0.07418322152435382,0.09308358727458993,0.01890036575023611
748177728,30s_F,0.0,0.1790635205976751,0.19314259721964425,0.014079076621969139
748185152,40s_F,0.0,0.5068493809072157,0.5129128890979134,0.006063508190697786
748190720,40s_F,,0.8785660381401824,0.8961003784990079,0.017534340358825506
748216704,30s_F,,0.2423415849042266,0.24382000465092676,0.0014784197467001547
748224128,50s_F,0.0,0.8600420632052074,0.8856920663069091,0.025650003101701735
748246400,50s_F,0.0,0.5480157724590989,0.5522556024932848,0.004239830034185821
748248256,30s_F,,0.8730920756352267,0.8775521415694301,0.004460065934203339
748276096,30s_M,0.0,0.2783391822168617,0.29477824651531054,0.016439064298448824
748281664,30s_F,,0.5632247993314161,0.5761526458332478,0.012927846501831652
748283520,30s_F,1.0,0.08699988934457706,0.0877986638821336,0.000798774537556543
748289088,50s_F,0.0,0.2230735521880675,0.2381739988354984,0.015100446647430904
748292800,50s_F,1.0,0.9009255883599155,0.9332689391700899,0.032343350810174365
748294656,30s_F,0.0,0.3772002329505392,0.4067005965430434,0.029500363592504186
748303936,30s_F,0.0,0.08569679509348399,0.13466407345646342,0.04896727836297943
748309504,30s_F,0.0,0.08209675860317639,0.08435147919694702,0.0022547205937706316
748320640,40s_F,0.0,0.8547830564592807,0.8594389380459109,0.004655881586630217
748326208,30s_F,,0.8489384660200778,0.8204809870238334,-0.0284574789962444
748335488,30s_F,0.0,0.23398716192142768,0.22962908738908616,-0.0043580745323415215
748341056,40s_F,0.0,0.7485932047433661,0.7388737341051601,-0.009719470638205996
748342912,30s_F,0.0,0.1929772787346248,0.23074515035636656,0.03776787162174175
748367040,30s_F,,0.4461214620227028,0.4645383243191785,0.01841686229647571
748381888,40s_F,0.0,0.7904247567342633,0.8309842990726402,0.040559542338376886
748396736,40s_F,,0.629825018381916,0.6868136931841359,0.05698867480221992
748454272,40s_F,0.0,0.09201325724845968,0.1438561356976892,0.051842878449229524
748459840,40s_F,,0.5225726963978589,0.5906422029155451,0.06806950651768628
748461696,30s_F,0.0,0.22052634630210505,0.24080291722002972,0.020276570917924674
748470976,30s_F,0.0,0.7308710934604037,0.7862151459867759,0.0553440525263722
748515520,50s_F,1.0,0.5122573171697428,0.6072130321540896,0.09495571498434685
748554496,30s_F,0.0,0.8634902749310719,0.8988471151841004,0.03535684025302854
748556352,30s_F,0.0,0.2855798130247437,0.29876544480142436,0.01318563177668064
748561920,30s_F,,0.9421736381553,0.9075738734954351,-0.03459976465986492
748582336,50s_F,0.0,0.19875680345096036,0.29352925846734845,0.09477245501638809
748587904,40s_F,0.0,0.7768255094663392,0.8356159949732321,0.05879048550689292
748678848,30s_F,0.0,0.5226300091330477,0.4581365352569702,-0.06449347387607751
748680704,40s_F,0.0,0.8726416798814505,0.8928199435174519,0.020178263636001392
748684416,30s_F,0.0,0.2634899882955251,0.22335615995975405,-0.04013382833577106
748708544,30s_F,0.0,0.49110058572458193,0.42825351851112026,-0.06284706721346167
748710400,30s_F,1.0,0.3865302489080253,0.45079305512530427,0.06426280621727898
748717824,30s_F,0.0,0.09414309850353908,0.106519653552169,0.012376555048629917
748762368,40s_F,0.0,0.2945360204036127,0.3008441138537806,0.0063080934501679176
748769792,40s_F,0.0,0.691310210618098,0.6410669759368949,-0.050243234681203175
748771648,40s_F,0.0,0.13782231748382148,0.1617874350020831,0.02396511751826161
748777216,40s_F,0.0,0.08718159093029451,0.0883599841037265,0.0011783931734319908
748793920,50s_F,0.0,0.48542142941081345,0.4349475108555332,-0.05047391855528027
748795776,30s_F,0.0,0.21363011053350126,0.20446987813513773,-0.009160232398363527
748801344,60+_F,,0.860864044412032,0.8801489718062513,0.019284927394219276
748805056,40s_F,0.0,0.08597861331446811,0.11065929165636007,0.024680678341891957
748810624,30s_F,1.0,0.5714018438967323,0.6811267017863394,0.10972485788960706
748825472,30s_F,0.0,0.9037389883755037,0.9188490577458082,0.015110069370304458
748829184,60+_F,0.0,0.540730085339834,0.42397144938979786,-0.11675863595003616
748847744,30s_F,0.0,0.8474792949682315,0.845469123833973,-0.0020101711342584982
748871872,30s_F,0.0,0.7431037863939542,0.799105182096398,0.05600139570244378
748873728,30s_F,0.0,0.12619803290771966,0.13004347148467965,0.0038454385769599864
748877440,50s_F,1.0,0.0937712127930615,0.1246112082558453,0.030839995462783806
748888576,60+_F,1.0,0.5822208925385888,0.6447322007725408,0.06251130823395201
748907136,60+_F,,0.5691659429034671,0.6291729338102879,0.06000699090682082
748910848,30s_F,0.0,0.5982249739449221,0.667340573792266,0.06911559984734383
748914560,50s_F,0.0,0.6535565957555163,0.7201536592286233,0.06659706347310701
748916416,30s_F,0.0,0.8534253241021643,0.9003128979223939,0.04688757382022957
748927552,50s_F,1.0,0.8099658257539556,0.8421719678394369,0.03220614208548134
748936832,60+_F,0.0,0.3586977011002875,0.2932540930398709,-0.0654436080604166
748940544,40s_F,0.0,0.29543866190204965,0.33048849954660287,0.03504983764455322
748946112,50s_F,0.0,0.19622170259594338,0.18286002808692473,-0.01336167450901865
748949824,30s_F,0.0,0.8260866198826413,0.8809982891215192,0.054911669238877914
748960960,30s_F,0.0,0.47432448924668896,0.4602418301097612,-0.014082659136927744
749016640,30s_F,0.0,0.08714675066596966,0.08234769450992628,-0.0047990561560433825
749018496,30s_F,0.0,0.8940628261463256,0.9041518503885798,0.010089024242254219
749031488,60+_F,,0.6177323029354551,0.7067937778771299,0.08906147494167482
749038912,40s_F,,0.21057966515437496,0.21352853025500387,0.002948865100628917
749044480,40s_F,1.0,0.33183426234344304,0.35476892438041757,0.02293466203697453
749046336,60+_F,0.0,0.16548356517508242,0.15052401963332407,-0.014959545541758351
749048192,30s_F,0.0,0.36399305294919965,0.39826670317609014,0.034273650226890495
749059328,30s_F,1.0,0.5038764943632598,0.48779672829442894,-0.016079766068830825
749089024,40s_F,,0.07182351578890923,0.09506375749900434,0.023240241710095103
749118720,50s_F,0.0,0.3034212600006412,0.3041308289624428,0.0007095689618016321
749131712,30s_F,0.0,0.7368232841399469,0.7120410540625428,-0.0247822300774041
749133568,30s_F,0.0,0.0884814428523169,0.135582819983692,0.047101377131375105
749139136,30s_F,,0.2322242778957551,0.2727142645854602,0.04048998668970513
749140992,40s_F,0.0,0.13692460145835966,0.13915820584449204,0.0022336043861323762
749153984,60+_F,0.0,0.21610507501133952,0.23017963624973914,0.014074561238399619
749207808,50s_F,0.0,0.7602059341849388,0.8269115786481618,0.06670564446322302
749220800,50s_F,1.0,0.2453267619583793,0.23235506209541448,-0.012971699862964814
749226368,40s_F,0.0,0.46904986693839396,0.5339978459172329,0.06494797897883892
749243072,30s_F,,0.3339361255237842,0.3667896792326275,0.0328535537088433
749244928,40s_F,0.0,0.8422406000675668,0.8902379262805385,0.0479973262129717
749252352,40s_F,0.0,0.2583982919909975,0.25299278595535385,-0.005405506035643659
749254208,30s_F,0.0,0.40788163025970214,0.39354683806145396,-0.01433479219824818
749272768,50s_M,1.0,0.5305726854345048,0.548074279390596,0.0175015939560913
749280192,40s_F,0.0,0.7582649432552312,0.820801063282762,0.06253612002753084
749298752,60+_F,1.0,0.8950013161783816,0.9111246094562166,0.016123293277835016
749322880,40s_F,,0.3488239866849215,0.39043914248360123,0.04161515579867975
749328448,30s_F,0.0,0.0751038656972383,0.07412122850511621,-0.0009826371921220906
749335872,40s_F,0.0,0.4792794180570823,0.5776415197984377,0.0983621017413554
749343296,30s_F,0.0,0.06404251948314413,0.0835155385993892,0.019473019116245077
749347008,40s_F,0.0,0.06723168882241388,0.07219679123255196,0.004965102410138075
749369280,30s_F,1.0,0.07258696229968571,0.10301213738262033,0.030425175082934616
749374848,40s_F,0.0,0.13385135315349989,0.20280897785816826,0.06895762470466837
749385984,30s_F,,0.5366988622147679,0.5473415421397108,0.010642679924942833
749387840,40s_F,1.0,0.7380329816148055,0.8136223765966029,0.0755893949817974
749406400,40s_F,0.0,0.23068382000275545,0.21378118916662334,-0.01690263083613211
749428672,40s_F,0.0,0.18300049700975166,0.25461733219372584,0.07161683518397419
749430528,40s_F,,0.8509164091668896,0.8754122160587187,0.024495806891829064
749482496,40s_F,0.0,0.3966523609721302,0.3656410729675668,-0.031011288004563375
749493632,50s_F,0.0,0.22305833379832482,0.24883806164074646,0.025779727842421635
749506624,50s_F,0.0,0.3936994794147639,0.4191891905377069,0.025489711122943015
749517760,30s_F,0.0,0.08282677627784323,0.127919596437403,0.045092820159559774
749519616,30s_M,0.0,0.7914027886929215,0.8413774146170134,0.049974625924091964
749556736,50s_F,0.0,0.6491429434769148,0.7000253279786871,0.05088238450177229
749580864,40s_F,0.0,0.6214859730439047,0.6593054973272615,0.037819524283356776
749588288,30s_F,1.0,0.17697390121384554,0.1533347316407244,-0.02363916957312115
749616128,40s_F,0.0,0.3005845415161487,0.27564497859889064,-0.024939562917258074
749660672,40s_F,0.0,0.07857149050457138,0.09451671302766719,0.01594522252309581
749679232,30s_F,0.0,0.6411878272085789,0.7042164219226568,0.06302859471407785
749682944,30s_F,0.0,0.4986050484460091,0.6616753715833732,0.16307032313736408
749708928,30s_F,0.0,0.174777035112595,0.18351308551302384,0.008736050400428852
749716352,30s_F,0.0,0.6233397301108377,0.7015516999504957,0.07821196983965806
749729344,30s_F,0.0,0.1574181002213969,0.17579067172693916,0.01837257150554225
749892672,30s_F,0.0,0.15904686858620232,0.2110652906160799,0.05201842202987758
750024448,30s_F,0.0,0.5329235145827735,0.5944734449423827,0.061549930359609206
750030016,30s_F,0.0,0.8243128769086178,0.816920701703088,-0.007392175205529816
750150656,30s_F,1.0,0.3633082582924489,0.39298357359725977,0.02967531530481088
750260160,30s_F,0.0,0.6204233047094255,0.560965370752151,-0.0594579339572745
750403072,40s_F,0.0,0.5682055840630317,0.558902357634834,-0.009303226428197697
750427200,60+_F,0.0,0.5894970288949043,0.5410567936243138,-0.04844023527059049
750620224,50s_F,0.0,0.6099285031369498,0.59439032673995,-0.015538176396999837
750904192,30s_F,0.0,0.3547055546795528,0.3432304359155755,-0.011475118763977277
750920896,30s_F,0.0,0.07186489792088924,0.10107034851392804,0.029205450593038806
751097216,30s_F,0.0,0.4405466391323962,0.44253170512228196,0.001985065989885737
751171456,<30_F,1.0,0.5452670512804975,0.5222366018554464,-0.02303044942505106
751305088,30s_F,0.0,0.31279397311999785,0.25898601259085213,-0.053807960529145715
751340352,30s_F,0.0,0.8524057880771576,0.8955543214378849,0.043148533360727326
751384896,50s_F,0.0,0.7117780812050114,0.7033601730529263,-0.008417908152085096
751442432,30s_F,1.0,0.5324477360664238,0.6482453834686929,0.11579764740226905
751579776,40s_F,0.0,0.1581200326708667,0.23589625211834708,0.0777762194474804
751605760,30s_F,0.0,0.5337886862809988,0.5926175424694966,0.05882885618849776
751641024,50s_F,0.0,0.7321485552104854,0.7827707074728059,0.050622152262320474
751941696,40s_F,0.0,0.10307249391846424,0.11615834539476362,0.013085851476299384
752054912,40s_F,0.0,0.17075481582871027,0.20679144037965916,0.03603662455094889
752064192,30s_F,,0.4298065329472184,0.38599944224624144,-0.043807090700976936
752149568,40s_F,0.0,0.40824099067542635,0.5275980797588579,0.11935708908343151
752327744,50s_F,,0.3169206143977017,0.2942858875836609,-0.022634726814040773
752400128,40s_F,,0.7794833305652702,0.8268036113861237,0.04732028082085349
752431680,30s_F,1.0,0.07083944960990847,0.08555026934097007,0.0147108197310616
752474368,40s_F,0.0,0.5256258292488717,0.5498680669388301,0.024242237689958368
752513344,40s_F,0.0,0.314790122682912,0.3765321726809242,0.061742049998012194
752567168,30s_F,0.0,0.4625056145217573,0.3796509999769191,-0.08285461454483822
752622848,30s_F,0.0,0.5205141676878978,0.5369057418804368,0.016391574192539005
752628416,<30_F,0.0,0.7884211216500008,0.7458721291742549,-0.04254899247574584
752697088,30s_F,1.0,0.6771003730776802,0.6415792846363648,-0.03552108844131541
752832576,40s_M,0.0,0.8608589308273527,0.8893878206762266,0.028528889848873917
752891968,30s_F,1.0,0.2528489017580687,0.2593501857896239,0.006501284031555199
752960640,40s_F,0.0,0.3919677126149083,0.35105514845331653,-0.04091256416159178
752997760,<30_F,0.0,0.89157325995611,0.8425047465202544,-0.04906851343585561
752999616,60+_M,0.0,0.06704414213063752,0.08875356374413151,0.021709421613493998
753138816,30s_F,0.0,0.6509111885404657,0.6598444035397043,0.008933214999238603
753368960,30s_F,0.0,0.6178157590423247,0.7913683520625758,0.17355259302025117
753446912,<30_F,0.0,0.17207384321584215,0.2383136564011949,0.06623981318535274
753519296,<30_F,0.0,0.31333135655272276,0.3413828847484559,0.028051528195733144
754118784,50s_M,1.0,0.695022581869758,0.7099152166804709,0.014892634810712901
754187456,30s_F,0.0,0.41807239547723013,0.3657693039960652,-0.05230309148116491
754220864,50s_F,0.0,0.36452557277411957,0.3157948277747638,-0.04873074499935576
754322944,30s_F,0.0,0.8409279030050731,0.8152194534216519,-0.025708449583421222
754714560,50s_F,0.0,0.20507531560162284,0.2235029696986797,0.01842765409705685
754866752,40s_F,0.0,0.1507465068298475,0.14383846181413884,-0.006908045015708658
754998528,30s_F,0.0,0.08261044029709382,0.0825753618118788,-3.507848521501489e-05
755230528,30s_F,,0.31090762955350504,0.30575953551784,-0.0051480940356650184
755384576,40s_F,0.0,0.15888698879599678,0.2162820985285597,0.05739510973256293
755657408,30s_F,1.0,0.22405887247898373,0.22820423027019554,0.004145357791211807
755943232,30s_F,0.0,0.8296015360362705,0.8091417943557976,-0.02045974168047293
756013760,50s_F,,0.832242802572249,0.8365249322764632,0.004282129704214155
756462912,40s_F,0.0,0.08103934294747123,0.07277302234965595,-0.008266320597815277
756533440,50s_F,,0.4156585398692054,0.41450193082948206,-0.0011566090397233664
756553856,40s_F,0.0,0.803079705028986,0.861349889055306,0.058270184026320004
756720896,30s_F,1.0,0.5621980054235386,0.6630044529384711,0.1008064475149325
756847104,30s_F,0.0,0.22305510580493557,0.24691736402752656,0.023862258222591
756854528,<30_F,,0.20884116762973018,0.24585067047282638,0.037009502843096204
757014144,30s_F,0.0,0.37950105834316944,0.3370708792308341,-0.04243017911233532
757021568,30s_F,0.0,0.16458599621394954,0.1512253379309296,-0.013360658283019938
757279552,40s_F,1.0,0.07698251105424106,0.08620379306419186,0.009221282009950801
757307392,30s_F,0.0,0.4233257076008951,0.50471961312182,0.0813939055209249
757372352,<30_F,1.0,0.37829521936316207,0.3684202745730336,-0.00987494479012846
757437312,30s_F,,0.43062845211350337,0.46092838850065193,0.030299936387148563
757554240,30s_F,1.0,0.14350714047183863,0.1945488570240877,0.05104171655224907
757639616,60+_F,1.0,0.5355080114060903,0.5741590087636194,0.03865099735752908
757671168,40s_F,0.0,0.18569686193189155,0.2366854962628569,0.05098863433096534
757693440,30s_F,0.0,0.21956798201613467,0.30202252313354644,0.08245454111741177
757699008,30s_F,0.0,0.9405231812557237,0.9026865259152649,-0.03783665534045877
757812224,40s_F,0.0,0.9487111292067878,0.9071420645593059,-0.04156906464748189
757830784,50s_F,0.0,0.7093910204186912,0.7309606147348663,0.02156959431617511
757916160,30s_F,0.0,0.07394552273746753,0.12166311784130683,0.0477175951038393
758072064,30s_F,0.0,0.23127971630376343,0.20864530039170862,-0.02263441591205481
758203840,40s_F,0.0,0.08562516137972301,0.09828912143724755,0.012663960057524543
758330048,30s_F,0.0,0.577754590570041,0.6042036641889479,0.026449073618906915
758380160,40s_F,0.0,0.7484671687109602,0.6601169178548788,-0.08835025085608139
758684544,<30_F,0.0,0.36038183424829134,0.4151408117197979,0.05475897747150654
758751360,60+_F,,0.1422132377832218,0.1520429035499565,0.009829665766734691
758833024,30s_F,,0.17334044353030262,0.17913068728732406,0.005790243757021446
758951808,60+_F,,0.7300531394627022,0.7131471164849895,-0.01690602297771271
759059456,30s_F,0.0,0.823376599390225,0.8041122435605464,-0.01926435582967856
759133696,40s_F,0.0,0.12253571587030475,0.1305556044894289,0.008019888619124158
759202368,30s_F,0.0,0.15449498192215366,0.16428373982196362,0.009788757899809958
759230208,30s_F,0.0,0.5052732340280033,0.4121932398829617,-0.09307999414504159
759593984,30s_F,0.0,0.1195709582478721,0.14070758519464988,0.021136626946777773
759625536,30s_F,0.0,0.0672139278457873,0.0973928657269527,0.030178937881165407
759638528,30s_F,0.0,0.8482456883424507,0.8866314275838657,0.03838573924141497
759699776,<30_F,0.0,0.28741978008766617,0.316054956140202,0.02863517605253585
759770304,30s_F,0.0,0.550509779785751,0.5868930599115029,0.03638328012575187
759785152,30s_F,1.0,0.11327056352894489,0.14233847160069593,0.02906790807175104
759807424,30s_F,0.0,0.8856945903578892,0.8705106900428402,-0.015183900315049015
759955904,<30_F,0.0,0.22414583526989273,0.24575723702385882,0.021611401753966086
759994880,30s_F,0.0,0.3081825411126252,0.32869023406426173,0.020507692951636514
760093248,40s_F,,0.07889387965575964,0.09849410354819473,0.019600223892435084
760100672,30s_F,0.0,0.5574999300267467,0.6143223085499783,0.056822378523231576
760377216,<30_F,0.0,0.29137469096415913,0.3167714913421701,0.025396800378010953
760393920,40s_F,0.0,0.5438281620457621,0.5944991495616564,0.05067098751589427
760412480,30s_F,0.0,0.08624679483816786,0.11852039614249543,0.032273601304327576
760419904,40s_F,,0.14468624624627627,0.16224038014473993,0.017554133898463664
760431040,30s_F,,0.5526746228776481,0.517067322943039,-0.035607299934609093
760755840,30s_F,,0.1567490484446138,0.1739467960382779,0.017197747593664103
760796672,40s_F,0.0,0.29364667223073776,0.3412786984528857,0.04763202622214796
760882048,50s_F,0.0,0.5502873633096755,0.5392864011632144,-0.01100096214646118
760991552,30s_F,0.0,0.12000452695852058,0.15740866968464012,0.03740414272611954
761041664,30s_M,,0.07126121100517144,0.08307506190793106,0.011813850902759618
761049088,50s_F,1.0,0.8800963506262982,0.89276703843217,0.012670687805871772
761067648,30s_F,0.0,0.7354885943508784,0.7653184838366378,0.029829889485759375
761075072,40s_F,1.0,0.7535114542486773,0.7297576360693172,-0.023753818179360064
761110336,40s_F,0.0,0.8750922323338581,0.8881639702585101,0.013071737924651994
761114048,40s_F,,0.33425255995035064,0.3390374267069769,0.00478486675662626
761147456,30s_F,0.0,0.10740011282944247,0.14292925285703567,0.035529140027593206
761149312,40s_F,0.0,0.10860640615702957,0.13537270759063114,0.026766301433601564
761156736,30s_F,0.0,0.37959683502258146,0.3760706301681922,-0.003526204854389259
761164160,30s_F,0.0,0.07856448361133406,0.1011954648476352,0.02263098123630114
761169728,60+_F,0.0,0.9462959627777887,0.9184225917426037,-0.027873371035185057
761182720,40s_F,0.0,0.08147310422898152,0.1261107416779174,0.04463763744893587
761210560,60+_F,,0.9079281436693172,0.9101214802968052,0.002193336627487996
761242112,30s_F,,0.9505798797515908,0.9009916587417311,-0.0495882210098596
761245824,40s_F,0.0,0.8483031751389223,0.813025327261606,-0.03527784787731625
761299648,30s_F,0.0,0.38494915333278507,0.41133167846445223,0.026382525131667167
761314496,30s_F,0.0,0.3686989398838372,0.4197689966385863,0.05107005675474913
761346048,30s_F,0.0,0.5089722152960575,0.55226532278027,0.043293107484212445
761366464,30s_F,0.0,0.8492349448149809,0.8913373951586833,0.04210245034370241
761399872,40s_F,1.0,0.3341506974354144,0.33065620159862374,-0.0034944958367906787
761403584,40s_F,0.0,0.09353713213799943,0.14936543358448012,0.055828301446480696
761414720,40s_F,0.0,0.8654389675653934,0.8733434450078684,0.007904477442475022
761505664,60+_F,1.0,0.4913450936874888,0.47340714626916525,-0.017937947418323552
761533504,40s_F,0.0,0.16747588798311452,0.2383017524070084,0.07082586442389388
761539072,40s_F,0.0,0.9189454873391643,0.9121099855384118,-0.00683550180075243
761596608,30s_F,0.0,0.6126959161326563,0.7273519299599088,0.11465601382725255
761604032,30s_F,,0.8756565643101282,0.8700796661154658,-0.005576898194662339
761615168,40s_F,1.0,0.18071283873492522,0.27525922857919455,0.09454638984426933
761622592,30s_F,0.0,0.8461830277959063,0.8750459482408669,0.028862920444960638
761624448,40s_F,0.0,0.30780124915538093,0.29605596626614616,-0.011745282889234765
761646720,30s_F,1.0,0.7630062156976222,0.7977898287723151,0.03478361307469291
761657856,30s_F,0.0,0.3267804357228672,0.34572496722518814,0.01894453150232095
761680128,40s_F,0.0,0.10463220185177045,0.14595816064996847,0.04132595879819802
761687552,50s_F,0.0,0.12643102482777743,0.15154974289933845,0.02511871807156102
761696832,60+_F,0.0,0.08335859233899827,0.09323887713101081,0.009880284792012542
761702400,30s_F,0.0,0.10180530843203844,0.12521624479958596,0.023410936367547514
761724672,30s_F,0.0,0.21954800868119043,0.23172097047366724,0.012172961792476816
761728384,30s_F,,0.8576024049931324,0.8839630596451654,0.026360654652032967
761739520,30s_F,0.0,0.6464916141453543,0.719384831135928,0.07289321699057372
761767360,40s_F,0.0,0.8720569567802857,0.9051343688676612,0.03307741208737547
761776640,40s_F,0.0,0.26370742606611863,0.2755500033577567,0.011842577291638068
761784064,50s_F,0.0,0.260899914980389,0.2549060287498919,-0.005993886230497125
761802624,50s_M,,0.07549964148472992,0.09521379113884665,0.019714149654116733
761815616,40s_F,,0.6644009709824259,0.6934386015275021,0.029037630545076243
761830464,50s_F,0.0,0.7687245906800907,0.8041751577669242,0.03545056708683347
761836032,30s_F,1.0,0.25322215671898674,0.25052238308869196,-0.0026997736302947772
761847168,30s_F,0.0,0.7362495456124407,0.7726274531939629,0.03637790758152215
761865728,40s_F,1.0,0.7371728993698301,0.7602982645887119,0.023125365218881755
761886144,30s_F,0.0,0.0615673120059361,0.0956463674067169,0.03407905540078081
761899136,50s_F,,0.8036443113722478,0.83425212740308,0.03060781603083218
761949248,30s_F,1.0,0.11054527717173614,0.1045681495122817,-0.005977127659454434
761952960,40s_F,0.0,0.8060751916775163,0.8661518750195554,0.06007668334203908
762001216,50s_M,,0.08435388660375709,0.12672149942612082,0.04236761282236373
762055040,30s_F,0.0,0.18721140648107545,0.17591987779260368,-0.011291528688471775
762107008,40s_F,0.0,0.305717289064031,0.31246475376435845,0.0067474647003274435
762121856,30s_F,0.0,0.18120063570440176,0.21714138296606347,0.035940747261661715
762132992,30s_F,0.0,0.07374436781878796,0.12302001825384823,0.04927565043506027
762140416,30s_F,0.0,0.4349267937856006,0.47807497885955186,0.04314818507395124
762147840,40s_F,0.0,0.49832164393376,0.43526329452248674,-0.06305834941127325
762153408,40s_F,0.0,0.44748322702921783,0.4084596825722644,-0.03902354445695344
762166400,40s_F,,0.4834078972510191,0.48045056704980793,-0.0029573302012111946
762173824,50s_F,0.0,0.11635356450201215,0.16043492249335248,0.04408135799134033
762184960,40s_F,0.0,0.6302821388705556,0.7565650862044617,0.1262829473339061
762209088,50s_M,,0.13078943659866302,0.1461093663041089,0.015319929705445878
762288896,40s_F,0.0,0.7053856657634501,0.7157347520147893,0.010349086251339235
762305600,30s_M,0.0,0.7331707504310816,0.7334379604355585,0.00026721000447693655
762322304,40s_F,,0.27792047723828517,0.3929003081987036,0.11497983096041842
762337152,30s_F,,0.8265274073501019,0.865697313936793,0.03916990658669106
762342720,30s_F,0.0,0.15918530877096654,0.2158782443161322,0.05669293554516566
762352000,40s_F,0.0,0.18179966698346053,0.19290734536347137,0.011107678380010838
762355712,40s_F,,0.8720238361854961,0.8828598928630019,0.010836056677505868
762387264,40s_F,0.0,0.3270976371037886,0.31662200036713356,-0.010475636736655025
762411392,30s_F,1.0,0.09977541270135554,0.15096773106127523,0.05119231835991969
762413248,30s_F,0.0,0.2853607778564828,0.26305868891683604,-0.022302088939646747
762442944,30s_F,0.0,0.8890659458634346,0.8997434485427095,0.01067750267927492
762468928,30s_F,0.0,0.8147789164386076,0.6963487346578384,-0.11843018178076914
762476352,40s_F,,0.9531665845009017,0.9059287738549834,-0.047237810645918366
762487488,30s_F,0.0,0.43337166017964607,0.40162023478855174,-0.03175142539109432
762496768,40s_F,0.0,0.10205744053112889,0.10276780174695332,0.0007103612158244343
762513472,30s_M,0.0,0.8874678489872606,0.885254811627439,-0.0022130373598215902
762545024,30s_F,0.0,0.3502001766517264,0.3352902456145248,-0.014909931037201618
762561728,40s_F,0.0,0.7928378323626507,0.8113489143894629,0.018511082026812176
762606272,30s_F,0.0,0.7524255198297554,0.6720398432560445,-0.08038567657371087
762608128,<30_F,0.0,0.5297965759790189,0.5586867286558022,0.0288901526767833
762660096,40s_F,0.0,0.7230658192828365,0.7595193649234022,0.03645354564056569
762682368,30s_F,0.0,0.8070375201117258,0.8283072776924811,0.021269757580755333
762695360,30s_F,0.0,0.4656759399962773,0.4675487469829105,0.0018728069866331687
762717632,30s_F,0.0,0.24056337928651383,0.27202585044996874,0.03146247116345491
762721344,50s_F,1.0,0.13370009848975842,0.21443338712158122,0.0807332886318228
762732480,40s_F,0.0,0.09686050481219226,0.10678595248536553,0.009925447673173271
762745472,40s_F,1.0,0.5140031259224468,0.5976767579130846,0.08367363199063782
762762176,40s_F,0.0,0.15180678179896398,0.17735367171901678,0.0255468899200528
762804864,30s_F,0.0,0.9059991985757426,0.9015363300677574,-0.004462868507985274
762823424,40s_F,1.0,0.5495294655117177,0.5189106498137386,-0.030618815697979085
762827136,30s_F,,0.2033135280331334,0.2099955919425464,0.006682063909413005
762882816,30s_F,,0.6016869888318468,0.6091428989645543,0.007455910132707522
762895808,30s_F,,0.8332416833679533,0.8347189556155108,0.0014772722475574485
762966336,40s_F,0.0,0.8349228063849643,0.8780686359609057,0.043145829575941375
762988608,40s_F,0.0,0.44887440156906533,0.3867082721981,-0.06216612937096533
762990464,40s_F,0.0,0.14686991683786405,0.18456395056197902,0.03769403372411498
763005312,30s_F,,0.5486122990122894,0.5987311791283588,0.050118880116069464
763010880,30s_F,0.0,0.278668890757355,0.314106414117478,0.03543752336012296
763042432,50s_F,0.0,0.14831362926035332,0.13848609626242986,-0.009827532997923466
763066560,30s_M,0.0,0.08550533805760324,0.12269245923661305,0.03718712117900981
763068416,30s_F,0.0,0.24745381249258058,0.22847791868669393,-0.018975893805886657
763135232,30s_F,0.0,0.10720889513300877,0.13916131153658579,0.031952416403577016
763137088,30s_F,0.0,0.2577389145489044,0.2502207137956329,-0.007518200753271531
763142656,30s_F,0.0,0.1079351807584637,0.1439187436295738,0.0359835628711101
763213184,40s_F,,0.7091733748341927,0.7597928982168355,0.05061952338264275
763215040,30s_F,0.0,0.1261301246452568,0.16012201745693327,0.03399189281167647
763281856,30s_F,0.0,0.847171976126677,0.8818755136629192,0.03470353753624211
763285568,<30_M,0.0,0.33883446385680577,0.36126469653860616,0.02243023268180039
763311552,60+_F,,0.8376824008709692,0.7791079409754087,-0.05857445989556054
763322688,60+_F,0.0,0.5957281307904709,0.5539619989314511,-0.041766131859019784
763331968,30s_M,0.0,0.7815372788710953,0.7861586283397838,0.004621349468688529
763359808,30s_F,0.0,0.11650585250720519,0.13780798611404213,0.021302133606836943
763363520,40s_F,0.0,0.8381737237213344,0.8582772404608567,0.020103516739522376
763378368,40s_F,0.0,0.20437526805472483,0.19657997432922936,-0.007795293725495478
763404352,40s_F,1.0,0.7841311397789454,0.8128108483959062,0.028679708616960786
763406208,30s_F,0.0,0.8212485208114824,0.7834993800288548,-0.03774914078262759
763417344,40s_F,,0.09918432149931775,0.09694846922273753,-0.0022358522765802136
763452608,30s_F,0.0,0.4966490685868104,0.4918581356035741,-0.004790932983236296
763476736,40s_F,0.0,0.1260298719044086,0.1509887342120442,0.02495886230763561
763478592,40s_F,0.0,0.6086745971037436,0.6222512895799361,0.013576692476192531
763482304,40s_F,0.0,0.8564806690301405,0.7996752530549633,-0.05680541597517719
763493440,40s_F,0.0,0.6039792600754333,0.6014779735800257,-0.0025012864954075953
763499008,50s_F,,0.118126431468304,0.12804585300872834,0.009919421540424342
763506432,40s_F,1.0,0.5604934031134021,0.6072221247072983,0.04672872159389618
763515712,40s_F,0.0,0.8076638688011084,0.86501167384395,0.05734780504284154
763517568,40s_M,0.0,0.40739388246742403,0.33295980837117867,-0.07443407409624536
763549120,30s_F,0.0,0.4019010279498306,0.3961902591359241,-0.0057107688139065305
763569536,30s_F,0.0,0.19594029148377579,0.19392955126545255,-0.0020107402183232315
763595520,30s_F,,0.15186707608044736,0.1768078672123751,0.024940791131927736
763634496,30s_F,,0.07101320777959748,0.10295584391472945,0.03194263613513197
763660480,40s_F,0.0,0.06925355415066481,0.10216874150535657,0.03291518735469176
763679040,40s_F,,0.34763524141902585,0.36808291299242785,0.020447671573401993
763682752,30s_F,0.0,0.22550652168624133,0.20249873546111086,-0.023007786225130472
763723584,40s_M,1.0,0.6219718656824937,0.5580968639669898,-0.06387500171550398
763742144,30s_F,0.0,0.08665394267574164,0.09156158170760278,0.004907639031861144
763762560,30s_F,0.0,0.7588943143750452,0.8292542281101615,0.0703599137351163
763790400,30s_F,1.0,0.0869804306026564,0.09251339339461076,0.005532962791954366
763827520,40s_F,1.0,0.10059600834792055,0.12831291961812122,0.027716911270200664
763844224,40s_F,1.0,0.11143291216647926,0.16039999292049603,0.048967080754016776
763875776,40s_F,1.0,0.12737405110104982,0.15124055802918124,0.023866506928131415
763925888,40s_F,,0.23733913402302767,0.24980141820375124,0.012462284180723565
763931456,40s_F,0.0,0.09019847811279144,0.08967861598920174,-0.0005198621235897039
763955584,40s_F,0.0,0.21054857750251327,0.19720842633237493,-0.013340151170138342
763964864,50s_F,0.0,0.770299133606587,0.8574993436618261,0.08720021005523915
763972288,30s_F,0.0,0.06685198555736699,0.10755845825632013,0.04070647269895314
763974144,30s_F,1.0,0.06506144289470268,0.0923568764611514,0.027295433566448715
763994560,40s_M,1.0,0.21660709121003133,0.23873729289464587,0.022130201684614548
764076224,30s_F,1.0,0.11677263425183006,0.1302769348674116,0.013504300615581541
764118912,40s_F,0.0,0.2650617297283088,0.25083889304300866,-0.014222836685300166
764144896,40s_F,0.0,0.12472256168058524,0.12473907694513625,1.6515264551014708e-05
764180160,30s_F,0.0,0.37317532713943646,0.42004894048601754,0.04687361334658108
764204288,40s_F,0.0,0.2916507250887774,0.27234476983448247,-0.019305955254294904
764211712,40s_M,0.0,0.8826030573136433,0.8938104327009126,0.011207375387269347
764232128,30s_F,,0.32132391180909436,0.330792871116736,0.009468959307641633
764263680,40s_F,0.0,0.06316163714935948,0.08671246276523777,0.02355082561587829
764271104,30s_F,0.0,0.8493780849751993,0.8958617098533983,0.046483624878199015
764284096,40s_M,,0.6886246834040535,0.5951197144921159,-0.0935049689119376
764306368,30s_F,,0.2985604792630882,0.2757010923561788,-0.022859386906909418
764310080,40s_F,0.0,0.6650141967319542,0.6394891404751671,-0.025525056256787026
764313792,50s_M,1.0,0.8671245940758151,0.8787273591785827,0.011602765102767587
764315648,30s_F,0.0,0.12659222717149043,0.13932923381281495,0.012737006641324516
764326784,30s_F,,0.2629755370866937,0.2359138053601701,-0.027061731726523597
764328640,30s_F,0.0,0.6449501509943646,0.7422962271840738,0.09734607618970925
764330496,30s_F,1.0,0.06840656562272014,0.1037203419499302,0.035313776327210056
764332352,30s_F,0.0,0.5023495340801042,0.5292717072934001,0.02692217321329593
764345344,30s_F,0.0,0.14871727698446785,0.13787939685712705,-0.010837880127340799
764352768,40s_F,0.0,0.8085181324334392,0.8636425806064161,0.0551244481729769
764358336,30s_F,0.0,0.06729749921944808,0.11245630605314128,0.045158806833693194
764365760,30s_F,0.0,0.07368166541234936,0.1133481558118301,0.03966649039948074
764393600,30s_F,0.0,0.34920500645025465,0.29174950396710736,-0.05745550248314729
764406592,40s_F,,0.7036823168388353,0.6304099539975578,-0.07327236284127747
764425152,40s_F,,0.10076439378670742,0.10955209326051232,0.008787699473804908
764428864,40s_F,0.0,0.16679251297411252,0.24134528157031418,0.07455276859620166
764430720,<30_F,1.0,0.21556296064971953,0.25278255210502,0.03721959145530046
764432576,30s_F,0.0,0.5578061740651693,0.580468103936104,0.02266192987093474
764438144,30s_F,0.0,0.19233223617747897,0.22574151487371352,0.03340927869623456
764480832,50s_F,1.0,0.24011276712786284,0.21966835731076995,-0.02044440981709289
764493824,30s_F,0.0,0.3865293991095151,0.38843005546176895,0.0019006563522538378
764562496,50s_F,1.0,0.10515932769557543,0.11053962174961436,0.005380294054038934
764566208,30s_F,1.0,0.5082150482786039,0.4719772054944904,-0.03623784278411346
764581056,40s_F,1.0,0.8843920664325424,0.9162597856685741,0.03186771923603171
764592192,<30_F,0.0,0.7223425663272859,0.7368564826697274,0.01451391634244148
764618176,30s_F,1.0,0.14899565668315598,0.17222672205985656,0.023231065376700583
764625600,50s_F,1.0,0.89219961398555,0.9160653232524111,0.023865709266861046
764649728,40s_F,0.0,0.851527184628775,0.8988289295362,0.047301744907425
764692416,40s_F,1.0,0.48660161767471827,0.4799949820905388,-0.006606635584179454
764699840,60+_F,1.0,0.6513652014470119,0.6828202452505658,0.031455043803553906
764714688,30s_F,0.0,0.39859005830435246,0.3749714151681134,-0.02361864313623907
764742528,30s_F,0.0,0.5701020251310469,0.6367561238272719,0.06665409869622496
764751808,40s_F,0.0,0.871879142037035,0.8862777010727443,0.014398559035709302
764762944,30s_F,,0.14427714144005058,0.14989908621799758,0.005621944777947002
764774080,30s_F,,0.2340216783117274,0.21664768582059796,-0.017373992491129447
764801920,40s_F,0.0,0.09721134043578433,0.1196568923203884,0.022445551884604065
764805632,30s_F,1.0,0.3338388558637919,0.3802143911805743,0.0463755353167824
764811200,40s_F,0.0,0.29933134786176824,0.33798604354076184,0.0386546956789936
764820480,40s_F,1.0,0.7249234536838115,0.672865189724956,-0.05205826395885549
764842752,30s_F,0.0,0.6773131462211708,0.5734813373050885,-0.10383180891608224
764855744,30s_F,0.0,0.09351575403938327,0.12112276491551079,0.02760701087612752
764948544,30s_F,1.0,0.11205873243192603,0.13636175596734307,0.024303023535417037
764981952,30s_F,0.0,0.6542379167887087,0.617185449179622,-0.03705246760908665
764983808,40s_F,0.0,0.0872748381524458,0.11992770009397874,0.03265286194153294
765013504,30s_F,1.0,0.5894066709877449,0.6361945679326054,0.04678789694486052
765032064,30s_F,0.0,0.11339794765604472,0.1386514051974928,0.025253457541448088
765054336,30s_F,0.0,0.8358676647223947,0.7983426425575897,-0.03752502216480502
765076608,40s_F,0.0,0.46220811356511504,0.3253159632711404,-0.13689215029397467
765080320,30s_F,0.0,0.5312899994350814,0.5180781896073635,-0.013211809827717858
765084032,40s_F,,0.083642554999789,0.12123802327415784,0.03759546827436884
765106304,30s_F,0.0,0.1690059752492777,0.15858025930717232,-0.010425715942105396
765141568,40s_M,,0.5328094445579559,0.6447722061783242,0.11196276162036833
765230656,40s_F,1.0,0.264721827985808,0.26136945661010613,-0.003352371375701879
765275200,50s_F,0.0,0.8394548117321361,0.9082986310301253,0.06884381929798922
765330880,50s_F,0.0,0.661793793997795,0.8065919913538867,0.14479819735609167
765342016,40s_F,0.0,0.09015642710152609,0.14215101287364834,0.05199458577212225
765392128,30s_F,,0.7648973347517523,0.7719318699845215,0.007034535232769201
765462656,40s_F,0.0,0.40667587961748675,0.3513705483624542,-0.055305331255032564
765538752,30s_F,0.0,0.5505854942972888,0.5965881761933373,0.0460026818960485
765542464,40s_F,0.0,0.9516466544968466,0.9201343481449135,-0.03151230635193314
765555456,30s_F,1.0,0.0828486171787214,0.09302419400663643,0.010175576827915034
765598144,40s_F,1.0,0.07323471514158951,0.09007937406307569,0.016844658921486177
765638976,30s_F,0.0,0.06664381614037411,0.08775461856959296,0.021110802429218853
765644544,30s_F,0.0,0.30698958710309754,0.32646863828407197,0.019479051180974427
765661248,30s_F,,0.0866029761199882,0.1227004361155911,0.036097459995602904
765709504,30s_F,0.0,0.12258434233542533,0.13551644043700198,0.012932098101576653
765728064,40s_F,0.0,0.09495119427194379,0.11648338943294664,0.021532195161002854
765752192,30s_F,,0.07293400425669704,0.08182549032590744,0.008891486069210405
765759616,30s_F,0.0,0.2035246424165779,0.2208121062570163,0.017287463840438416
765791168,30s_F,1.0,0.0820088169303564,0.11770559302583353,0.035696776095477126
765846848,<30_F,0.0,0.06959424310237514,0.07923566480936049,0.009641421706985356
765863552,30s_F,0.0,0.4486149087082193,0.5389647135863092,0.09034980487808986
765930368,30s_F,0.0,0.8158883770303993,0.7958998900121584,-0.019988487018240852
765973056,50s_M,1.0,0.8511603625624415,0.8764914813244772,0.025331118762035643
765980480,30s_F,0.0,0.5375035967054164,0.5145890002897874,-0.022914596415628985
765986048,30s_F,0.0,0.21714077481490285,0.1958758487594641,-0.021264926055438754
766015744,30s_F,,0.09244762769793922,0.10525644117894897,0.012808813481009748
766051008,40s_F,0.0,0.8510482499049988,0.8966266008409631,0.045578350935964296
766076992,40s_F,0.0,0.23968969111544475,0.25282546664409183,0.013135775528647087
766088128,40s_F,0.0,0.5056628527609145,0.6215384711628849,0.11587561840197036
766091840,40s_F,0.0,0.38127633085625773,0.3009759139559006,-0.08030041690035711
766115968,40s_F,0.0,0.7135793152573291,0.7342240120959758,0.02064469683864667
766143808,50s_F,0.0,0.07164638740842329,0.11048882941897442,0.038842442010551134
766149376,30s_F,1.0,0.07362220186465994,0.09761982843529424,0.023997626570634298
766169792,30s_F,,0.10425472713407374,0.1140990953625521,0.009844368228478353
766205056,30s_F,1.0,0.15220676119771354,0.21922626253476105,0.06701950133704751
766236608,50s_F,0.0,0.846532436947326,0.8678731275935943,0.0213406906462682
766266304,30s_F,0.0,0.1815674130618946,0.2063382501399148,0.02477083707802019
766271872,30s_F,1.0,0.5803203331942779,0.6742032170093103,0.0938828838150324
766297856,30s_F,0.0,0.07167931438990417,0.09314106366881808,0.021461749278913908
766305280,30s_F,1.0,0.07671535208354224,0.10854039015514225,0.031825038071600004
766422208,50s_F,1.0,0.07220667706661182,0.10454633165531542,0.032339654588703595
766437056,60+_F,0.0,0.19511162526344197,0.1425888430111138,-0.052522782252328176
766448192,30s_F,,0.41385170591858556,0.3051267544083905,-0.10872495151019507
766461184,30s_F,1.0,0.19739526710540103,0.1965331239448322,-0.0008621431605688457
766503872,60+_M,1.0,0.8757681249666696,0.8777581726891006,0.001990047722431054
766505728,30s_F,0.0,0.8873800864373114,0.9019569920569046,0.014576905619593239
766537280,40s_F,0.0,0.8740574066343509,0.8875929237953787,0.013535517161027744
766553984,30s_F,0.0,0.13360529720770015,0.16470201266164997,0.03109671545394982
766622656,30s_M,1.0,0.8793839556014729,0.8799129351772018,0.0005289795757289495
766644928,40s_F,,0.280779630644759,0.28722092087037226,0.006441290225613239
766652352,30s_F,0.0,0.12520463705008755,0.12321284981762627,-0.001991787232461281
766661632,30s_F,1.0,0.3739638995214596,0.3531020942982769,-0.020861805223182706
766672768,40s_F,0.0,0.08180266782417425,0.10045827464391448,0.018655606819740225
766685760,30s_F,0.0,0.8538151883401913,0.8745572933691476,0.020742105028956237
766717312,30s_F,1.0,0.06908286421745059,0.10515541184633234,0.03607254762888175
766730304,30s_F,0.0,0.3837211813488332,0.3551682675050639,-0.02855291384376929
766735872,30s_F,0.0,0.9481520515047949,0.9104701727054965,-0.03768187879929841
766806400,40s_F,,0.10562333230382621,0.12264071330933372,0.01701738100550751
766823104,30s_F,0.0,0.06725214566755451,0.10686800864803377,0.039615862980479255
766830528,60+_F,0.0,0.6433067228235575,0.6041446351709289,-0.03916208765262863
766854656,30s_M,1.0,0.05618043416778855,0.09236748777989344,0.03618705361210489
766856512,30s_F,1.0,0.16835174892206775,0.18594018342196603,0.017588434499898276
766897344,30s_F,0.0,0.3345059739945736,0.3883385317351149,0.0538325577405413
766902912,30s_F,,0.06766984034007051,0.09164778225219072,0.023977941912120215
766941888,40s_F,,0.4236723747755958,0.3226940284006119,-0.10097834637498387
766973440,30s_F,0.0,0.07496933639473964,0.11417228936691397,0.039202952972174326
767032832,40s_F,0.0,0.10435864874016712,0.1347836233857652,0.03042497464559807
767036544,40s_F,1.0,0.10716621972661758,0.16580838625800276,0.05864216653138518
767075520,50s_F,0.0,0.13661137420280606,0.1419696582884842,0.00535828408567815
767114496,<30_F,0.0,0.05108126481967447,0.10802135175444091,0.056940086934766446
767121920,30s_F,,0.08219565401144587,0.13084417874916549,0.04864852473771962
767133056,30s_F,0.0,0.08272258007696578,0.08294229793185791,0.0002197178548921236
767142336,50s_F,0.0,0.37036253236531413,0.3315530256983755,-0.03880950666693861
767146048,30s_M,0.0,0.12199496361775033,0.15740069639718596,0.03540573277943562
767173888,30s_F,0.0,0.15161967710060845,0.14868458608827645,-0.0029350910123319973
767203584,50s_F,0.0,0.12083888459747516,0.1759398456644392,0.05510096106696405
767264832,30s_F,1.0,0.6014420422395194,0.7062237424152344,0.10478170017571509
767294528,30s_F,,0.08826651949678423,0.09958835396292973,0.0113218344661455
767366912,30s_F,1.0,0.1729885179890765,0.15010199862497592,-0.022886519364100577
767404032,40s_F,,0.1846355675095743,0.18900419768246068,0.004368630172886384
767437440,30s_F,1.0,0.14178264321300976,0.17134102435650955,0.02955838114349979
767463424,30s_M,1.0,0.37702681884965483,0.38624699694113135,0.009220178091476516
767526528,30s_F,0.0,0.2540638379301907,0.23902488060943788,-0.015038957320752833
767545088,30s_F,0.0,0.1143333346148247,0.11414873285857136,-0.00018460175625334418
767572928,60+_F,0.0,0.4861049954053389,0.4566454081913405,-0.02945958721399844
767595200,30s_F,,0.5882362456153292,0.5234352948574025,-0.06480095075792669
767604480,30s_F,0.0,0.0561050573202765,0.10727515508177687,0.051170097761500374
767645312,30s_F,,0.06256840250297105,0.09326163220524028,0.03069322970226923
767647168,30s_F,1.0,0.12718190005927066,0.1564060525682579,0.029224152508987244
767764096,30s_F,1.0,0.17761955095812268,0.1682580916605441,-0.00936145929757859
767782656,30s_F,0.0,0.553209925544012,0.6945035816228378,0.1412936560788257
767803072,30s_F,0.0,0.07890712766558068,0.09174628006026239,0.01283915239468171
767829056,30s_F,0.0,0.8558785440220906,0.8667805246545908,0.010901980632500141
767929280,60+_F,0.0,0.914661815286689,0.9016407226355946,-0.013021092651094412
767951552,30s_F,1.0,0.2578971804746964,0.26163242841900386,0.0037352479443074627
767960832,30s_F,,0.18120488233796134,0.21187067495108472,0.030665792613123383
767966400,30s_F,0.0,0.5516553628745341,0.5072087933372075,-0.04444656953732662
767971968,30s_F,1.0,0.1037479818705226,0.1770732386841452,0.0733252568136226
767988672,30s_F,1.0,0.12570612955722646,0.1372091664074217,0.011503036850195242
768001664,40s_F,0.0,0.24559355746376232,0.26183528187455196,0.016241724410789637
768033216,30s_F,,0.583794015543035,0.6761001575422901,0.09230614199925513
768035072,30s_F,0.0,0.4105896722491666,0.4617996180444715,0.05120994579530491
768042496,60+_F,0.0,0.8236944480312417,0.8752521721855362,0.05155772415429449
768107456,40s_F,0.0,0.085047095966504,0.11983217615369784,0.03478508018719384
768118592,40s_M,1.0,0.07387731067564546,0.10208929394007006,0.028211983264424603
768196544,<30_F,,0.14479486404795325,0.1873482676859754,0.04255340363802215
768207680,30s_F,1.0,0.25082757302617953,0.23717957918812815,-0.013647993838051375
768272640,30s_F,0.0,0.07472668834170441,0.08639484134598707,0.011668153004282658
768293056,30s_F,0.0,0.707371665164619,0.7113074436231712,0.003935778458552197
768307904,30s_F,0.0,0.6104012823157532,0.6631964910973954,0.05279520878164223
768315328,30s_F,,0.07681322775280831,0.09929483781107841,0.022481610058270096
768319040,40s_F,0.0,0.9062118286828001,0.9110201657299057,0.004808337047105593
768322752,50s_F,,0.305631732264644,0.26610611697750824,-0.039525615287135774
768332032,30s_F,0.0,0.2712758374680357,0.24920241157994583,-0.02207342588808986
768333888,40s_F,1.0,0.3630192572479876,0.26547922329896584,-0.09754003394902178
768356160,30s_F,0.0,0.07543614068312675,0.08609754274819423,0.01066140206506748
768371008,30s_M,0.0,0.24513603056049735,0.2897389137761532,0.044602883215655836
768372864,30s_F,0.0,0.3174554279052085,0.29426194919828375,-0.02319347870692473
768406272,30s_F,0.0,0.3488959903338209,0.3740149953213111,0.0251190049874902
768437824,30s_F,0.0,0.08835000914702121,0.12775992556355395,0.03940991641653274
768445248,40s_F,,0.11229474766357264,0.11631892373799686,0.004024176074424221
768458240,30s_F,1.0,0.0830931960744596,0.12444805252492017,0.04135485645046057
768469376,40s_F,0.0,0.7954058721924071,0.847281297842517,0.05187542565010994
768478656,30s_F,0.0,0.8940286789200865,0.8887994044856695,-0.005229274434417008
768497216,40s_F,0.0,0.4090658714900319,0.3510864188376682,-0.05797945265236365
768502784,30s_F,0.0,0.14321656633162438,0.15377100613651865,0.010554439804894261
768517632,40s_F,0.0,0.6382170005475972,0.6290628330263411,-0.009154167521256085
768525056,40s_F,0.0,0.8403856435794897,0.8283505926273281,-0.012035050952161619
768526912,30s_F,,0.9465191614749852,0.8886272661299744,-0.05789189534501071
768541760,40s_F,1.0,0.08637713447133923,0.0899809508652873,0.0036038163939480783
768588160,30s_F,,0.08149426553053622,0.09976405950549769,0.018269793974961465
768606720,30s_F,1.0,0.7822221571663196,0.6584375488719928,-0.1237846082943268
768616000,30s_F,1.0,0.3035179979163805,0.28561318097689026,-0.017904816939490253
768621568,40s_F,1.0,0.7806330971770699,0.8134075232381064,0.03277442606103653
768625280,50s_F,1.0,0.41471836558660896,0.4183659772464832,0.0036476116598742614
768656832,30s_F,0.0,0.21730784887981502,0.20123418720022473,-0.01607366167959029
768664256,40s_F,1.0,0.7774749075661895,0.7594968467100803,-0.0179780608561092
768667968,30s_F,0.0,0.2816202613292482,0.28876216393697995,0.007141902607731732
768706944,40s_F,0.0,0.1987510902570177,0.2840905383057868,0.08533944804876908
768740352,30s_F,0.0,0.31001011776230253,0.3316283073570074,0.02161818959470485
768751488,40s_F,1.0,0.7060772597369781,0.7020424689052672,-0.004034790831710877
768770048,30s_F,1.0,0.13383443560432629,0.15685118804027903,0.023016752435952748
768792320,40s_F,0.0,0.6089745142044839,0.6378747189379943,0.028900204733510404
768803456,30s_F,1.0,0.3623358235111256,0.3031470442713612,-0.0591887792397644
768820160,30s_M,0.0,0.8787343889470055,0.8244640675085623,-0.054270321438443236
768835008,40s_F,,0.06851356837594895,0.10459645277061959,0.03608288439467064
768899968,30s_F,0.0,0.6208716446363506,0.7238317887136384,0.10296014407728782
768903680,40s_F,1.0,0.09046099786162216,0.09152159756944661,0.0010605997078244472
768918528,40s_F,,0.08833967889520532,0.11721142019482375,0.028871741299618434
768933376,50s_F,1.0,0.6626602409283201,0.5797828204839585,-0.08287742044436164
768935232,30s_F,0.0,0.16145016918849442,0.2126639421590447,0.05121377297055027
768953792,30s_F,0.0,0.24228514614147026,0.3313891157557183,0.08910396961424802
768974208,30s_F,0.0,0.8212756143444497,0.8861018467786138,0.06482623243416408
768976064,30s_F,1.0,0.822444849062345,0.8237433134780051,0.001298464415660061
769041024,40s_F,1.0,0.3312580476426096,0.32868664830645244,-0.002571399336157132
769074432,30s_F,0.0,0.6658562970775741,0.6101806035014313,-0.05567569357614277
769076288,40s_F,1.0,0.809589182072965,0.8187083277171202,0.009119145644155169
769091136,40s_F,0.0,0.5326702323495419,0.542765093043467,0.010094860693925067
769206208,40s_F,1.0,0.18037054349746498,0.21893134747943443,0.038560803981969455
769211776,<30_F,0.0,0.8631961192010043,0.8200746621187637,-0.04312145708224058
769232192,30s_F,,0.07282701381413187,0.1019447808906588,0.029117767076526926
769235904,30s_F,0.0,0.4626009120401602,0.49909052701272144,0.03648961497256126
769263744,30s_F,0.0,0.8336137742808195,0.8783370705479414,0.044723296267121904
769276736,40s_M,,0.08390739059733296,0.10822307201928894,0.024315681421955976
769286016,30s_F,0.0,0.09878128977302794,0.11523732818049721,0.016456038407469273
769295296,30s_F,,0.28537224840855063,0.32788480100962475,0.042512552601074116
769300864,50s_M,1.0,0.832464411254013,0.8743436337084699,0.041879222454456855
769319424,30s_F,0.0,0.10034205609171236,0.09609752101396454,-0.004244535077747816
769391808,30s_F,0.0,0.5021358224964305,0.4544453475420199,-0.047690474954410644
769415936,30s_F,,0.2020394813978384,0.19950747028298707,-0.0025320111148513236
769417792,30s_F,0.0,0.5000072477957727,0.4277986387516483,-0.07220860904412435
769419648,40s_F,0.0,0.22370741969064895,0.2542290291013244,0.030521609410675443
769460480,30s_F,0.0,0.5800007248888737,0.6189589422542466,0.03895821736537297
769495744,30s_F,1.0,0.6217716125104329,0.7210615363625961,0.09928992385216318
769506880,50s_F,,0.06581582890025758,0.08661267115188442,0.02079684225162684
769510592,30s_F,0.0,0.6845495657931358,0.7366348018519869,0.05208523605885118
769512448,40s_F,0.0,0.32242699195788704,0.3397654712042032,0.017338479246316152
769519872,40s_F,0.0,0.0733123323500363,0.10445479370972571,0.031142461359689413
769521728,30s_M,0.0,0.0970743166582381,0.12803464238715442,0.030960325728916327
769532864,30s_F,0.0,0.5393747705494566,0.6137752933001274,0.07440052275067077
769544000,40s_F,0.0,0.1556909238920247,0.2065934119298621,0.050902488037837396
769577408,40s_F,0.0,0.8293935547247285,0.8629528599272747,0.03355930520254613
769607104,50s_F,0.0,0.22397265728861712,0.22791168165933728,0.003939024370720162
769621952,60+_M,,0.06014500058420655,0.0854710973955278,0.025326096811321253
769638656,40s_F,,0.12844122236902333,0.21239662580063381,0.08395540343161048
769675776,<30_F,,0.11498589031879575,0.16944893500571523,0.05446304468691948
769712896,<30_F,0.0,0.49496387823069604,0.5589915972900108,0.06402771905931476
769727744,40s_F,0.0,0.3508860329768348,0.3583799992310267,0.007493966254191908
769729600,40s_F,0.0,0.7551902398200743,0.7041134159133393,-0.05107682390673496
769748160,40s_F,,0.3589590651212072,0.39871461562139443,0.03975555050018725
769774144,<30_F,0.0,0.10492661692438734,0.1250770653236167,0.02015044839922936
769781568,30s_F,1.0,0.7617424599988637,0.7623785651465466,0.0006361051476828639
769798272,30s_M,0.0,0.505978421443675,0.6230693850158887,0.11709096357221371
769833536,60+_F,1.0,0.8745758125616386,0.8824607313848948,0.007884918823256148
769848384,40s_F,,0.4312261116738359,0.39554549443754616,-0.035680617236289736
769850240,40s_F,0.0,0.2017026228424678,0.21604435305747402,0.014341730215006232
769857664,40s_F,0.0,0.0962806514806176,0.11310574012592635,0.016825088645308753
769865088,30s_F,0.0,0.8149858086059776,0.7855131819150252,-0.029472626690952408
769868800,50s_F,1.0,0.11617202969620853,0.1302270641737909,0.01405503447758237
769918912,50s_F,1.0,0.16099305482987986,0.22913386397375823,0.06814080914387838
769948608,<30_F,,0.8177640856084126,0.809739215675448,-0.008024869932964585
769959744,30s_F,0.0,0.09995810786611514,0.14685267796317644,0.0468945700970613
769978304,30s_F,0.0,0.6792384857824704,0.67257537731559,-0.006663108466880341
769983872,40s_F,0.0,0.07580919966777298,0.09208873237845795,0.01627953271068497
770008000,30s_F,1.0,0.108092220138578,0.14409660723045387,0.03600438709187587
770019136,60+_F,,0.5191840964403535,0.3933069412596912,-0.12587715518066228
770087808,50s_F,1.0,0.7998668881307495,0.844117538043973,0.04425064991322358
770091520,30s_F,0.0,0.09192630701823129,0.14697694322701904,0.05505063620878775
770097088,<30_F,,0.5264720959573532,0.5105742343567854,-0.01589786160056783
770100800,30s_F,0.0,0.0675736624478759,0.10996172533548712,0.042388062887611225
770134208,30s_F,1.0,0.21535707448356656,0.22637278209184847,0.01101570760828191
770195456,30s_F,,0.10680387614436708,0.15436231639361414,0.04755844024924706
770262272,40s_F,1.0,0.9065114690600976,0.9263393546171363,0.019827885557038738
770301248,30s_F,0.0,0.5022967091141416,0.5089137697343742,0.0066170606202325954
770303104,30s_F,,0.25085426982622794,0.23885964186334402,-0.01199462796288392
770410752,30s_F,0.0,0.23779598872309685,0.2393470030215804,0.0015510142984835606
770427456,40s_F,0.0,0.8473500132439789,0.8483452741086523,0.0009952608646734973
770490560,50s_F,1.0,0.16043361743477008,0.2223876676620212,0.06195405022725112
770575936,50s_F,0.0,0.34406603991408646,0.35148296274977076,0.007416922835684292
770700288,60+_F,0.0,0.20531146002444178,0.2235703083698141,0.01825884834537231
770876608,60+_F,1.0,0.30774188490922966,0.28250089849449933,-0.025240986414730326
771051072,30s_F,0.0,0.21554547571282018,0.2179686979826515,0.0024232222698313266
771093760,30s_F,0.0,0.6421209241979118,0.6622432714081268,0.020122347210214997
771401856,50s_F,0.0,0.09442346048819697,0.09964268312527479,0.005219222637077817
771448256,30s_F,0.0,0.7857046007754193,0.8632083320478035,0.07750373127238419
771468672,30s_F,0.0,0.3361525801856373,0.35071034107491117,0.014557760889273852
771477952,30s_F,,0.07931084167919339,0.08879967227365894,0.00948883059446555
771539200,30s_F,0.0,0.8166680604688322,0.8237458616721217,0.007077801203289491
771869568,30s_M,1.0,0.8988478147682971,0.9215900604554935,0.022742245687196405
771895552,30s_F,0.0,0.06543918159852828,0.09237118518748945,0.026932003588961168
772006912,30s_M,,0.10954465254478828,0.11791827350323299,0.00837362095844471
772307584,<30_F,0.0,0.8498257762017029,0.8460825726498247,-0.0037432035518781825
772350272,30s_F,1.0,0.08751438418387414,0.12487821361186603,0.03736382942799189
772359552,30s_F,0.0,0.894042462937536,0.8940298750617495,-1.2587875786507219e-05
772383680,40s_F,,0.1328943635054375,0.2012677440501004,0.06837338054466288
772465344,30s_F,,0.7739962251425344,0.6931430728130611,-0.08085315232947332
772851392,30s_F,0.0,0.6884758388562188,0.7251908010966533,0.03671496224043458
772921920,60+_F,0.0,0.5401476908838692,0.4837160876558949,-0.05643160322797425
772947904,30s_F,0.0,0.08197849379545855,0.10081867541839078,0.01884018162293223
773051840,30s_F,0.0,0.07830353682722127,0.1211841209219053,0.042880584094684024
773113088,30s_F,0.0,0.860800449262766,0.8289591110877741,-0.03184133817499191
773270848,<30_F,0.0,0.0652207226560216,0.08193108590325598,0.016710363247234378
773623488,30s_F,0.0,0.2112268735700244,0.191414692688811,-0.019812180881213393
773649472,40s_F,0.0,0.7154284059685807,0.7554011160374219,0.03997271006884118
773939008,40s_F,0.0,0.23146537809056741,0.24183594045737725,0.010370562366809832
774054080,30s_F,0.0,0.16777663925385344,0.27322253997196605,0.1054459007181126
774326912,30s_F,0.0,0.0689160936465168,0.10749892653404569,0.038582832887528895
774393728,50s_F,0.0,0.7688689739807049,0.7860016778792867,0.01713270389858179
774510656,40s_M,1.0,0.16139120100371965,0.24505349800076984,0.08366229699705019
774544064,30s_F,0.0,0.1354621745950529,0.17861709054017438,0.0431549159451215
774625728,30s_F,1.0,0.3564895683215623,0.3389083517109839,-0.017581216610578432
774644288,60+_F,0.0,0.7551825882797324,0.6715815200727866,-0.0836010682069458
774673984,30s_F,0.0,0.0944173170720394,0.11762886840943222,0.02321155133739282
774699968,<30_F,0.0,0.1795669666708038,0.20810643852608837,0.028539471855284576
774789056,30s_F,0.0,0.08619639812655411,0.10260527081118424,0.016408872684630135
775099008,<30_F,0.0,0.07320158267515957,0.08072732672882803,0.0075257440536684594
775167680,50s_F,0.0,0.5969280071531151,0.5178181216363702,-0.07910988551674492
775227072,30s_F,0.0,0.11635664062501473,0.1402846404374509,0.023927999812436165
775321728,30s_F,0.0,0.8595921979206707,0.853944685719542,-0.0056475122011286905
775336576,60+_F,,0.325783095925815,0.27574994257698854,-0.050033153348826465
775524032,30s_F,1.0,0.5434542594437048,0.6292971110893049,0.08584285164560002
775542592,<30_F,0.0,0.333011310079283,0.39492130353018345,0.06190999345090048
775564864,40s_F,0.0,0.3643736977468035,0.4202242405457656,0.05585054279896212
775581568,30s_F,,0.22316398383260055,0.23757851048999037,0.01441452665738982
775850688,60+_F,0.0,0.2071130335767613,0.21914963223271627,0.012036598655954966
775887808,50s_F,,0.20520679693099841,0.22769767320938558,0.022490876278387167
775962048,40s_F,0.0,0.7614046840262269,0.7949473993492502,0.03354271532302333
775978752,30s_F,0.0,0.8939613219136784,0.9068719270390144,0.012910605125336039
776698880,40s_F,,0.7543430578940589,0.7439983172250496,-0.010344740669009256
776737856,50s_M,0.0,0.07048054466376656,0.10268352929557541,0.032202984631808845
776745280,30s_F,0.0,0.06624525459745699,0.08945954045085842,0.023214285853401434
777012544,60+_F,,0.8288178906227961,0.8555972122071295,0.026779321584333382
777045952,30s_F,0.0,0.4349190307041478,0.436906300054762,0.001987269350614218
777051520,60+_F,0.0,0.17647011507031826,0.1941790533540334,0.017708938283715142
777073792,60+_F,0.0,0.11839619914350137,0.11509222538498806,-0.0033039737585133094
777086784,50s_F,,0.405460137588189,0.40641471084393693,0.0009545732557479369
777120192,30s_F,0.0,0.4857686651836859,0.4623707854655153,-0.02339787971817059
777127616,30s_F,0.0,0.10938067789291565,0.12457214512446757,0.015191467231551917
777461696,30s_F,0.0,0.08496852542407414,0.08984018303090092,0.004871657606826785
777463552,40s_F,0.0,0.8350144890271509,0.8517535744194876,0.016739085392336706
777470976,30s_F,0.0,0.16196206634061738,0.14206548866069554,-0.01989657767992184
777664000,30s_F,0.0,0.5703435298740165,0.6869334605884895,0.11658993071447299
777808768,50s_F,0.0,0.652946920609654,0.7727684420332789,0.1198215214236249
777814336,60+_F,1.0,0.7832347199989029,0.789482960853356,0.00624824085445308
778115008,30s_F,,0.541682106898686,0.6428740737756119,0.10119196687692589
778116864,30s_F,0.0,0.06431613406583729,0.10572570056656203,0.041409566500724734
778517760,<30_F,,0.31713962586620814,0.32978577568038736,0.01264614981417922
778608704,40s_F,0.0,0.463950647643674,0.3911415238370036,-0.07280912380667037
778656960,30s_F,0.0,0.07990584168121159,0.09156249482527491,0.01165665314406332
778790592,40s_F,0.0,0.36863248866190174,0.36972243956552064,0.0010899509036189081
778892672,30s_F,0.0,0.27961320274458146,0.3308883220875488,0.05127511934296736
778907520,40s_F,,0.07628140057308408,0.08197520968644553,0.005693809113361453
778922368,30s_F,,0.13291487934690913,0.16293954025262963,0.030024660905720507
778965056,30s_F,0.0,0.8113123675032433,0.842480847656998,0.03116848015375473
779141376,40s_F,1.0,0.2200513635203128,0.23376242263267977,0.013711059112366974
779312128,50s_F,,0.06522092998006139,0.09775916661327179,0.0325382366332104
779455040,<30_F,1.0,0.18135707508153587,0.2317337438486967,0.05037666876716082
779505152,50s_F,0.0,0.7766512043079229,0.767587571058437,-0.009063633249485892
779752000,40s_F,0.0,0.42586941296399866,0.43568960738251455,0.009820194418515893
779777984,40s_F,,0.09360126440988614,0.1317289152354036,0.038127650825517445
779985856,30s_F,,0.31745291848937623,0.3446859202989783,0.027233001809602086
780054528,40s_F,0.0,0.08277708582084768,0.08504837854756231,0.002271292726714627
780219712,40s_F,0.0,0.9105208336296888,0.9246381882581108,0.014117354628422008
780306944,50s_M,0.0,0.7937588437236934,0.8498219418839732,0.05606309816027977
780381184,40s_F,0.0,0.14294957944950618,0.1978024545515877,0.05485287510208153
780436864,50s_F,0.0,0.7869136160822007,0.7863248472056625,-0.0005887688765381371
780735680,30s_F,,0.08804701799510108,0.09272882774727277,0.004681809752171695
780793216,50s_F,0.0,0.45490639363432694,0.45531703345063085,0.0004106398163039038
780854464,30s_F,0.0,0.11990603178312638,0.09071244923219382,-0.02919358255093256
780886016,40s_F,,0.5267539653933717,0.5416258753594243,0.014871909966052588
780980672,60+_F,,0.4538205630006924,0.3922215121431051,-0.06159905085758732
780999232,40s_F,,0.8590186400493911,0.8766180475849439,0.01759940753555278
781010368,60+_F,0.0,0.08146973933509484,0.09363271631518424,0.012162976980089404
781019648,50s_F,0.0,0.8032717914211223,0.8709637877790137,0.06769199635789147
781066048,60+_F,,0.5685982597732567,0.5770142591902718,0.008415999417015096
781190400,30s_F,0.0,0.8471761979026294,0.8643336274554576,0.017157429552828174
781348160,40s_F,1.0,0.8380554578642989,0.8771743447056,0.03911888684130105
781359296,50s_F,0.0,0.8168241763270097,0.8481512789484743,0.03132710262146465
781710080,40s_F,1.0,0.11743700197391621,0.12967685529006245,0.012239853316146243
781786176,30s_F,0.0,0.06842397970240183,0.0916023803560204,0.023178400653618578
781947648,<30_F,,0.5866623461314384,0.5646577339068319,-0.02200461222460648
782047872,<30_F,,0.05756236446137426,0.10063002521365823,0.043067660752283965
782075712,50s_M,0.0,0.5592785035794405,0.6794003314162168,0.12012182783677627
782235328,30s_F,1.0,0.34507026934909485,0.27833169607238195,-0.0667385732767129
782634368,50s_F,,0.3035045440998191,0.2843306738909918,-0.01917387020882727
783079808,60+_F,0.0,0.7274610732989101,0.7380408996540673,0.010579826355157196
783089088,30s_F,1.0,0.5173363802584059,0.5379349864452998,0.02059860618689391
783380480,40s_F,1.0,0.09953124196317578,0.12264624767138335,0.02311500570820757
783480704,30s_F,0.0,0.5717794601884606,0.5554830417672568,-0.016296418421203773
783540096,30s_F,0.0,0.11489056296377295,0.20707192746774425,0.0921813645039713
783556800,30s_F,,0.18591923336846136,0.18159669841550008,-0.004322534952961282
783924288,30s_F,,0.17411418862542527,0.16496575602853888,-0.009148432596886386
784015232,30s_F,,0.06343953215057979,0.10242723136424357,0.03898769921366378
784052352,30s_F,,0.5762957670256288,0.596509468957832,0.020213701932203176
784091328,30s_F,0.0,0.3198272349676716,0.31762536594370805,-0.0022018690239635763
784104320,40s_F,0.0,0.8817549560776402,0.9051499747396808,0.023395018662040634
784284352,30s_F,0.0,0.0693279031581521,0.10914762334086728,0.03981972018271518
784688960,<30_F,0.0,0.801633046615286,0.6602256074318297,-0.14140743918345633
784722368,50s_F,0.0,0.28181378271845625,0.25099405834086924,-0.03081972437758701
784802176,30s_F,0.0,0.07198541221986035,0.11263340433000135,0.040647992110141
784911680,30s_F,0.0,0.866687826770822,0.8591080752473236,-0.007579751523498435
784924672,30s_F,0.0,0.44800223697848507,0.4640702394988853,0.01606800252040025
785034176,50s_F,,0.09275910102960204,0.1253355688444753,0.032576467814873264
785043456,60+_M,,0.8447554890110198,0.8985934786770943,0.05383798966607445
785067584,<30_F,0.0,0.06789636752090548,0.1040646039210035,0.03616823640009802
785117696,60+_F,0.0,0.6907339757601012,0.6213489608988939,-0.0693850148612073
785390528,30s_F,,0.0705620338954553,0.08723965195557891,0.016677618060123606
785600256,30s_F,0.0,0.2360091218904604,0.25541434319277284,0.019405221302312453
786036416,30s_F,1.0,0.12547410861845515,0.1485201076603151,0.023045999041859944
786108800,30s_F,,0.8193118969451231,0.8609261908028756,0.041614293857752505
786110656,30s_F,0.0,0.4957649272846635,0.5175310743816729,0.021766147097009414
786357504,60+_F,0.0,0.12721596074797792,0.1983253482658064,0.07110938751782847
786392768,30s_F,0.0,0.5467076925267008,0.5637310668796005,0.01702337435289969
786409472,<30_F,0.0,0.4537277532653812,0.5201026540409113,0.0663749007755301
786530112,40s_F,0.0,0.5014713306958538,0.45769150189864183,-0.043779828797211984
786634048,30s_F,0.0,0.13100599891117737,0.13084523455920008,-0.00016076435197728833
786981120,30s_F,0.0,0.058344440194412844,0.0892500494945017,0.030905609300088857
786990400,30s_F,0.0,0.3611507560723254,0.3352633473386679,-0.02588740873365747
787320768,40s_F,0.0,0.8901136971082698,0.8881736441081758,-0.001940053000094033
787385728,60+_F,0.0,0.11312396183237791,0.13445425068754185,0.021330288855163942
787742080,40s_F,,0.8337869944038132,0.8776612411712198,0.04387424676740659
787743936,60+_M,0.0,0.4487131614329828,0.42224840781907963,-0.026464753613903158
787901696,50s_F,0.0,0.07196561268408272,0.10550630120032853,0.03354068851624581
787903552,<30_M,,0.21842625566909898,0.27954987192949454,0.06112361626039556
787949952,30s_M,,0.6473218048203142,0.6940303164013119,0.04670851158099765
788155968,40s_F,0.0,0.6050838478625178,0.678634239459836,0.07355039159731824
788339712,60+_F,0.0,0.4993991343757548,0.48408293171729755,-0.015316202658457234
788345280,40s_F,1.0,0.3347573135201005,0.3693203645501349,0.034563051030034375
788519744,30s_F,1.0,0.8173784165455712,0.815471924797227,-0.00190649174834423
788543872,30s_M,0.0,0.0847176176904129,0.11664984844108141,0.031932230750668505
788757312,30s_F,0.0,0.7873768017481209,0.801392963546588,0.014016161798467097
788779584,50s_M,1.0,0.9457319244583702,0.9082021321643424,-0.03752979229402775
788809280,50s_F,0.0,0.11366525478294466,0.11451355472077221,0.0008482999378275485
789030144,<30_F,0.0,0.10129923092648477,0.15227776878916563,0.05097853786268086
789108096,30s_F,0.0,0.2578814842087911,0.24065672503892366,-0.017224759169867432
789145216,30s_F,0.0,0.14636452210665718,0.16373938093487397,0.017374858828216794
789208320,50s_F,0.0,0.08672533765371897,0.13134772289937238,0.044622385245653415
789271424,30s_F,0.0,0.20333405531090243,0.3299307331874454,0.126596677876543
789843072,30s_F,0.0,0.10707923202878111,0.15040663610182306,0.04332740407304195
790145600,40s_F,1.0,0.8910212618262736,0.9098127480711783,0.018791486244904676
790182720,30s_F,,0.8417085779884492,0.8110578140670106,-0.030650763921438617
790255104,30s_F,0.0,0.11504435408550244,0.1403015072281228,0.02525715314262035
790351616,60+_F,0.0,0.261450617168783,0.23826707791054022,-0.023183539258242764
790670848,30s_F,0.0,0.08944682831805295,0.12396335434955164,0.034516526031498684
790704256,30s_F,0.0,0.891623453709028,0.907565034569033,0.015941580860005078
790728384,40s_F,0.0,0.09356177531302821,0.1336453734248657,0.040083598111837496
791506048,30s_F,0.0,0.22730057922379435,0.2252235352999735,-0.002077043923820854
791550592,40s_F,0.0,0.34624912898359556,0.36468796904905665,0.018438840065461093
791693504,30s_F,0.0,0.5009262644255466,0.41837642781736956,-0.082549836608177
791741760,30s_F,1.0,0.07296091028480113,0.09872034478952899,0.025759434504727854
791756608,60+_M,0.0,0.90144434074378,0.9090527663665263,0.007608425622746329
791949632,60+_F,0.0,0.7464729700582119,0.6481075592608748,-0.09836541079733707
791951488,30s_F,,0.05721109533740096,0.10756609074473217,0.05035499540733121
792053568,50s_F,0.0,0.3253343061783345,0.33409746786214245,0.008763161683807974
792073984,30s_F,,0.4544157012284408,0.40230669599418684,-0.05210900523425399
792168640,<30_F,0.0,0.13757423168855742,0.1673225611793325,0.029748329490775077
792202048,<30_F,1.0,0.14459570642485628,0.1976521443958125,0.053056437970956216
792363520,30s_F,0.0,0.12877152652335716,0.13425749705050158,0.005485970527144418
792573248,60+_F,0.0,0.536492953640511,0.41140834503754503,-0.12508460860296594
792615936,50s_F,0.0,0.1892078317334563,0.23733070506387918,0.048122873330422894
792851648,40s_F,0.0,0.24865392920439902,0.2733255009320499,0.02467157172765086
793319360,30s_F,0.0,0.40744492700582313,0.43262303916374534,0.025178112157922206
793462272,30s_F,1.0,0.11041837470094676,0.1537104638195122,0.04329208911856544
793675712,50s_F,,0.4993356460714874,0.4388779069571327,-0.0604577391143547
793859456,30s_F,,0.05677064609032691,0.08818157883776546,0.03141093274743856
793959680,50s_F,,0.23755810075738354,0.26351388451781094,0.025955783760427398
793989376,30s_F,0.0,0.10072499808172833,0.13549581174066844,0.03477081365894011
794243648,50s_F,,0.8055605686280326,0.8417621985445883,0.03620162991655573
794316032,30s_F,0.0,0.08162807850149122,0.08591394336987265,0.0042858648683814365
794683520,30s_F,,0.6673134255946914,0.7919762387111922,0.12466281311650074
794755904,<30_F,0.0,0.8776448372859936,0.8260901421939438,-0.051554695092049796
794800448,<30_F,1.0,0.5005895355255191,0.47216254019349235,-0.02842699533202675
795051008,30s_M,0.0,0.21770963498960053,0.22982982588217593,0.012120190892575405
795149376,30s_F,0.0,0.822462422481225,0.7243739377063784,-0.09808848477484666
795240320,<30_F,0.0,0.14980371794423034,0.18069053814723965,0.030886820203009313
795346112,40s_F,0.0,0.06586696321225853,0.09397921698895276,0.028112253776694227
795366528,30s_F,0.0,0.08914269225107951,0.11315891812768354,0.024016225876604028
795685760,30s_F,,0.1286425925448723,0.16234276771029704,0.033700175165424756
795732160,<30_F,0.0,0.27075340200824594,0.33335642689866674,0.0626030248904208
795778560,60+_F,0.0,0.19162115334852906,0.21346694113884312,0.02184578779031407
796003136,30s_F,0.0,0.769548322488809,0.7933591025893051,0.023810780100496087
796034688,30s_F,0.0,0.07309861195531701,0.08755470931560533,0.014456097360288314
796133056,40s_F,0.0,0.733944326395854,0.7627202450541323,0.02877591865827822
796236992,30s_F,0.0,0.23860834545861911,0.32083663233215254,0.08222828687353342
796300096,30s_F,,0.08513798652526847,0.09660597802626804,0.011467991500999572
796446720,30s_F,0.0,0.2277417135928419,0.2161931760384536,-0.01154853755438831
796491264,30s_F,0.0,0.06939125183493529,0.08051990472919496,0.011128652894259669
796584064,60+_F,0.0,0.13193810555257504,0.17490320647868196,0.04296510092610692
796658304,50s_F,0.0,0.4288654019271621,0.3951917025067615,-0.033673699420400605
796990528,40s_F,,0.8496459691039326,0.8654126970315247,0.01576672792759204
797296768,50s_F,0.0,0.8985349354622817,0.9015890241452574,0.003054088682975742
797309760,30s_F,0.0,0.4309199270500569,0.41814367539805003,-0.012776251652006854
797367296,50s_F,0.0,0.8416409785820985,0.9101485513431302,0.0685075727610317
797523200,40s_F,,0.10867760274512708,0.15102689467644342,0.04234929193131634
797539904,30s_F,0.0,0.3586259574872923,0.34974270945265734,-0.008883248034634972
797872128,30s_F,0.0,0.06060709143724081,0.08593999989107033,0.025332908453829524
797899968,50s_F,0.0,0.8732383862035276,0.8819212167672634,0.008682830563735866
798299008,50s_F,0.0,0.7146070388958186,0.7744057257030427,0.05979868680722411
798310144,30s_F,0.0,0.09682900774986075,0.09918433817849595,0.0023553304286351995
798317568,30s_M,0.0,0.31323866296862196,0.3622751933776523,0.04903653040903033
798365824,60+_F,0.0,0.0976323298855736,0.10916529788822756,0.011532968002653951
798490176,50s_F,0.0,0.4199021333868825,0.399570384120414,-0.02033174926646847
798510592,30s_F,0.0,0.2959894518740265,0.29984550340413835,0.0038560515301118703
798518016,30s_F,0.0,0.07131545381859404,0.11064961251197597,0.03933415869338193
798757440,40s_F,,0.15658707806392244,0.21226780581688307,0.055680727752960624
798943040,40s_F,0.0,0.09076393325224172,0.12364978033169477,0.03288584707945305
799085952,30s_F,1.0,0.2782985472279225,0.31838988940170765,0.04009134217378513
799089664,<30_F,0.0,0.8305790925753549,0.7888284050402901,-0.041750687535064834
799366208,<30_M,0.0,0.1452044153059752,0.21402393634651698,0.06881952104054179
799429312,60+_F,0.0,0.1932683779629362,0.18728265510209866,-0.005985722860837539
799505408,30s_F,,0.23574482358728727,0.22521950481419675,-0.010525318773090514
799583360,50s_F,0.0,0.0766625625058386,0.09889980355772435,0.02223724105188575
799611200,30s_F,,0.22888546081995564,0.21700325111723331,-0.01188220970272233
799770816,40s_F,,0.6195287238496336,0.6620475852117731,0.04251886136213945
799776384,<30_F,,0.0722705886579866,0.12558954367889585,0.05331895502090925
799950848,30s_F,1.0,0.06679581091047958,0.10463290958515364,0.037837098674674066
800143872,<30_F,,0.08841410472744948,0.1268583299336273,0.03844422520617782
800182848,30s_F,0.0,0.08098167489254178,0.08345330029503899,0.0024716254024972073
800219968,30s_F,0.0,0.6644468382185797,0.7297174479275021,0.0652706097089224
800492800,60+_F,,0.11415041424310422,0.11233194205015037,-0.0018184721929538489
800633856,60+_F,0.0,0.07477000723542061,0.09740660043862076,0.022636593203200148
800826880,30s_F,1.0,0.8308582586253977,0.8717586991621685,0.04090044053677078
800934528,30s_M,,0.10409512662851178,0.15285371633049746,0.04875858970198568
800992064,<30_F,0.0,0.33734816478708896,0.38289211726052136,0.0455439524734324
801090432,30s_F,1.0,0.08347124635117878,0.13609115372033023,0.05261990736915145
801242624,60+_F,0.0,0.17946415486141237,0.18270875259179464,0.0032445977303822704
801422656,30s_F,0.0,0.766501344873887,0.7973547880420526,0.03085344316816563
801469056,30s_F,0.0,0.5736745711102997,0.6473366085362319,0.07366203742593214
801604544,30s_F,,0.8290429952245533,0.8683111862160725,0.039268190991519236
801699200,30s_F,0.0,0.16342659658063569,0.1575676076351355,-0.0058589889455001876
801701056,30s_F,0.0,0.7916490696035288,0.8314584322777345,0.03980936267420576
801936768,30s_F,0.0,0.7507931400306167,0.7829606807677536,0.0321675407371369
802194752,50s_F,0.0,0.20828329052726094,0.1998075827134279,-0.008475707813833028
802209600,30s_F,0.0,0.4864648361045463,0.3650984128180207,-0.12136642328652564
802218880,<30_F,0.0,0.5185670822341053,0.46204770643047427,-0.05651937580363103
802352512,30s_F,0.0,0.07267755159448236,0.09648989979673414,0.023812348202251782
802393344,30s_F,0.0,0.47721622604827074,0.37842952116407214,-0.0987867048841986
802591936,50s_F,1.0,0.8576656527091464,0.8268907894601485,-0.03077486324899792
802658752,30s_F,,0.32934288495243863,0.2451608699604045,-0.08418201499203412
802723712,30s_F,,0.06624094562912539,0.11088743567698345,0.04464649004785806
802987264,30s_F,0.0,0.24038604451937848,0.2479633853907113,0.007577340871332827
803117184,40s_F,0.0,0.09838420859480619,0.10310981998668911,0.0047256113918829196
803143168,30s_F,0.0,0.8818061798375035,0.8833397542818545,0.0015335744443509824
803184000,40s_F,0.0,0.08394420358695821,0.10155711465653967,0.01761291106958146
803364032,40s_F,0.0,0.11210891520086913,0.14393858672125867,0.03182967152038954
803388160,50s_F,,0.10459830140096775,0.12278787614500493,0.01818957474403718
803846592,30s_F,0.0,0.225127574965733,0.22515459735579266,2.7022390059666668e-05
804067456,30s_F,1.0,0.09848663750498035,0.09485998292913672,-0.0036266545758436297
804071168,60+_M,1.0,0.766763951006736,0.7589660891130243,-0.007797861893711677
804375552,40s_F,0.0,0.13867726013888312,0.15103913255115178,0.01236187241226866
804535168,40s_F,0.0,0.4128668106089147,0.40316441107078,-0.009702399538134732
804588992,30s_F,,0.5020127778493615,0.6235302967869566,0.1215175189375951
804613120,40s_F,0.0,0.11826266951098377,0.14623336463439396,0.02797069512341019
804614976,40s_M,1.0,0.14892917718465606,0.160065979174822,0.011136801990165923
804759744,50s_F,0.0,0.838968264169361,0.8750525238959301,0.036084259726569146
804808000,30s_F,0.0,0.8436074494784178,0.8797906490332562,0.0361831995548384
804811712,30s_F,0.0,0.46312873459624476,0.3811451284542751,-0.08198360614196964
804884096,30s_F,0.0,0.06313985371322314,0.10298563321289819,0.03984577949967505
805038144,30s_F,0.0,0.5110918516395608,0.5814573274975604,0.07036547585799957
805067840,30s_F,0.0,0.8435971352334332,0.8418912138989767,-0.0017059213344564617
805362944,60+_F,,0.8937268672625536,0.9046812693650714,0.010954402102517857
805400064,30s_F,1.0,0.7753829680873388,0.8253689682330946,0.04998600014575583
805472448,40s_M,0.0,0.17790374217241334,0.20229593659377135,0.02439219442135801
805600512,<30_F,,0.5116637703538829,0.45780543035477117,-0.053858339999111715
805799104,30s_F,0.0,0.8660242054938341,0.8717480183113955,0.005723812817561402
805867776,30s_M,0.0,0.8485022540560762,0.8574032271357978,0.008900973079721597
805895616,30s_F,0.0,0.08387882612279692,0.10230801898953697,0.018429192866740052
805934592,30s_F,0.0,0.21231903823315282,0.22436311678232582,0.012044078549172998
805990272,30s_F,0.0,0.22844064847537837,0.21881461076873193,-0.00962603770664644
806420864,30s_F,0.0,0.4595420007341156,0.4512660854713657,-0.0082759152627499
806428288,<30_F,0.0,0.809574422530131,0.8135113991325325,0.003936976602401443
806437568,30s_F,0.0,0.09169125371740615,0.15224189700660903,0.060550643289202885
806439424,30s_F,,0.06479695303772498,0.11187928333566616,0.04708233029794118
806547072,<30_F,0.0,0.16256872834238614,0.1811990246160426,0.01863029627365645
806617600,40s_F,0.0,0.8764262345131505,0.9006527052701455,0.024226470756995022
806708544,30s_F,0.0,0.8046857555252319,0.8611367923664481,0.05645103684121622
806803200,60+_F,,0.18954772427066183,0.17948926990963346,-0.010058454361028368
806938688,40s_F,0.0,0.7080940451881419,0.6193998901035417,-0.08869415508460021
807532608,30s_F,,0.15672727272305723,0.15712327216603866,0.0003959994429814373
807569728,60+_F,0.0,0.6350643426695801,0.6089925701195338,-0.026071772550046335
807901952,<30_F,0.0,0.2191357319603057,0.24203169124723067,0.022895959286924977
807905664,30s_F,0.0,0.23184500017449938,0.23513219748607295,0.003287197311573564
808117248,40s_F,0.0,0.3241974346494734,0.36430780388394157,0.040110369234468146
808258304,<30_F,0.0,0.8269285626363425,0.78958402500206,-0.03734453763428247
808278720,50s_F,0.0,0.44566746008337843,0.5204250423007241,0.07475758221734563
808295424,30s_M,1.0,0.08804447313585509,0.0956504330043799,0.007605959868524817
808456896,30s_F,0.0,0.8537847451263745,0.8423416770709159,-0.011443068055458583
808649920,60+_F,0.0,0.782831986301435,0.7916061793230397,0.008774193021604648
809024832,40s_F,0.0,0.11396618887420713,0.15720620648505756,0.04324001761085043
809355200,40s_F,0.0,0.8882387510180803,0.9110879310913299,0.022849180073249653
809433152,<30_F,,0.09318675871137312,0.1540010833470388,0.060814324635665676
809514816,40s_F,1.0,0.49113943624961787,0.4562788050525441,-0.03486063119707378
809568640,40s_F,0.0,0.7750121735241444,0.8190327421160021,0.044020568591857656
809587200,40s_F,1.0,0.07095002974977527,0.08901950702046317,0.018069477270687903
809963968,30s_F,0.0,0.6005433236227878,0.6551620244210565,0.05461870079826869
810008512,<30_F,1.0,0.6008902071915364,0.7375498673856679,0.13665966019413145
810194112,40s_F,,0.1365229140616595,0.1758430875861955,0.039320173524535984
810348160,50s_F,,0.1072488804421297,0.11418979717788519,0.00694091673575549
810461376,30s_F,,0.8093072942560002,0.8341244039981218,0.02481710974212159
810491072,60+_F,1.0,0.8833958476239105,0.9047545087215622,0.02135866109765161
810763904,50s_F,0.0,0.7788478824302169,0.8295234761607186,0.05067559373050179
810992192,30s_F,,0.8012614824634565,0.8128052618651533,0.011543779401696819
811311424,30s_F,0.0,0.06513219490092728,0.11218529305727465,0.04705309815634737
811313280,40s_F,0.0,0.36911897802185395,0.3281128346950928,-0.04100614332676117
811441344,60+_F,0.0,0.2327803899957243,0.23238017356726196,-0.0004002164284623577
811493312,30s_F,0.0,0.27232819359716604,0.2642333526085675,-0.008094840988598528
811582400,30s_F,0.0,0.07773392715846628,0.09761757415652628,0.01988364699806
811641792,50s_F,0.0,0.7587691466930889,0.7595682607622019,0.0007991140691129273
811690048,40s_F,0.0,0.5164318176224285,0.5615213658683111,0.04508954824588263
811845952,40s_F,0.0,0.10496547623709324,0.11995385458915422,0.014988378352060988
811940608,30s_F,0.0,0.7687499982575281,0.8076407729844958,0.03889077472696767
812048256,40s_F,,0.1984054254968655,0.24943789405420508,0.05103246855733959
812204160,40s_F,,0.14014723796763445,0.15799378700088076,0.01784654903324631
812378624,30s_F,0.0,0.3325013452113418,0.27297909254805286,-0.05952225266328892
812484416,60+_F,0.0,0.2075120670249557,0.21237898444718672,0.004866917422231026
812861184,40s_F,,0.2933403699619584,0.2631550996533012,-0.030185270308657197
813007808,30s_F,0.0,0.19620421226037796,0.18197651895949377,-0.014227693300884192
813150720,<30_F,0.0,0.10379093128892042,0.14247098145690917,0.038680050167988755
813219392,40s_F,0.0,0.34951481518227756,0.32372723870123027,-0.025787576481047292
813243520,30s_F,,0.49325804801610745,0.45653137740745126,-0.0367266706086562
813328896,40s_F,0.0,0.08879162547906033,0.1594432948090338,0.07065166932997347
813581312,30s_F,0.0,0.7543100597472039,0.8220637303031413,0.0677536705559374
813911680,30s_F,0.0,0.39630585525051365,0.2908199749200623,-0.10548588033045136
814193792,30s_F,0.0,0.08255749355971645,0.13105881026123012,0.04850131670151367
814427648,<30_F,0.0,0.8838621613011575,0.8200478986332915,-0.06381426266786594
814581696,30s_F,,0.22608033325334062,0.19289161881970174,-0.03318871443363888
814895360,30s_F,0.0,0.2563392382203786,0.2336457051948676,-0.02269353302551097
815058688,30s_F,0.0,0.2994747862577303,0.2591682592019294,-0.0403065270558009
815138496,50s_F,0.0,0.5215023665057301,0.4329157729486437,-0.08858659355708642
815162624,40s_F,0.0,0.0944435638146368,0.13727869574637297,0.04283513193173617
815353792,30s_F,0.0,0.10147874320959695,0.11409284160657072,0.012614098396973777
815374208,30s_F,0.0,0.07367249104722873,0.09709220484953938,0.023419713802310657
815463296,30s_F,0.0,0.8486142927068981,0.8429572929219228,-0.005656999784975358
815606208,40s_F,0.0,0.5363584456593865,0.4808467015527536,-0.0555117441066329
815689728,30s_F,0.0,0.21260911018163506,0.25064892417205675,0.038039813990421695
815776960,50s_F,0.0,0.53095950454139,0.5547014737141824,0.023741969172792476
815797376,40s_F,,0.4852881851216878,0.5388401255059526,0.05355194038426481
816012672,30s_F,,0.9075924932943167,0.8476939711859773,-0.05989852210833935
816127744,40s_F,0.0,0.07317345750144502,0.10116953545017897,0.027996077948733947
816157440,30s_F,,0.3921017595338855,0.31984952013957924,-0.07225223939430625
816370880,50s_F,0.0,0.28400267332933415,0.24909893018021767,-0.034903743149116484
816660416,30s_F,1.0,0.30027468309319666,0.302262701684142,0.0019880185909453285
816725376,30s_F,,0.10661201170980003,0.10497483067199093,-0.0016371810378091045
816807040,30s_F,1.0,0.31289967904085836,0.24321243761683561,-0.06968724142402274
816831168,30s_F,1.0,0.2122832405666542,0.187872486149078,-0.024410754417576203
816922112,30s_F,0.0,0.4908045116743837,0.4839643884846134,-0.006840123189770342
817065024,30s_F,0.0,0.518096080495955,0.6000187717620462,0.0819226912660912
817139264,30s_F,1.0,0.2895655714387725,0.25561590633906645,-0.03394966509970604
817144832,30s_F,0.0,0.896488698225825,0.8972012590020298,0.0007125607762048514
817517888,40s_F,0.0,0.2047748609537892,0.21854251633272045,0.013767655378931265
817616256,<30_M,,0.15304847045011372,0.18765870313954408,0.034610232689430365
817779584,30s_F,0.0,0.09639887491530669,0.14136571600069886,0.04496684108539217
817787008,30s_M,0.0,0.7646016310466379,0.844891229327498,0.08028959828086013
817916928,40s_F,,0.6894053470249617,0.7183984664785441,0.028993119453582405
817931776,30s_F,0.0,0.47496582628697953,0.4646892450993421,-0.010276581187637412
818373504,40s_F,1.0,0.13044090484609527,0.15671711832501145,0.026276213478916177
818397632,<30_F,0.0,0.35624450623166554,0.34322449404025934,-0.013020012191406194
818466304,30s_F,0.0,0.5624203653948299,0.6123087242859335,0.04988835889110366
818666752,30s_F,0.0,0.10313664946562406,0.13656981743803143,0.03343316797240736
818813376,40s_F,0.0,0.6813525877460332,0.626653974551824,-0.05469861319420921
818870912,30s_F,0.0,0.27814871338096153,0.2889662864751914,0.010817573094229871
818928448,30s_F,0.0,0.42361862060225186,0.35066581969480637,-0.07295280090744549
818976704,30s_F,0.0,0.1743282823450886,0.210163397373963,0.035835115028874404
818987840,30s_F,0.0,0.34189638552663626,0.34923319557026083,0.007336810043624575
819034240,40s_F,,0.44134580026321907,0.4225040612477211,-0.01884173901549796
819073216,30s_F,0.0,0.683601358924387,0.6057232686665736,-0.07787809025781345
819238400,30s_F,0.0,0.6706229213389443,0.6993139814068238,0.02869106006787947
819327488,30s_F,1.0,0.07490763272074541,0.0952862940612261,0.02037866134048069
819336768,30s_F,0.0,0.2611005244038267,0.24402861690101957,-0.017071907502807127
819349760,30s_F,1.0,0.8612424917539323,0.878622689787774,0.01738019803384172
819355328,30s_F,,0.47937874164794786,0.5387307729317365,0.05935203128378869
819398016,30s_F,1.0,0.3062341174103818,0.27320724998118023,-0.03302686742920158
819733952,40s_F,0.0,0.2927965040094999,0.2979095745126426,0.0051130705031426915
819769216,30s_F,0.0,0.8973443754825182,0.908695471402051,0.011351095919532761
819804480,30s_F,0.0,0.10242937660061185,0.12539182847414332,0.022962451873531464
819834176,30s_F,0.0,0.6813990315345704,0.7025284611887413,0.021129429654170973
819869440,40s_F,0.0,0.5871683129893719,0.6794945778782094,0.09232626488883755
819871296,<30_M,0.0,0.9256515981905373,0.8613472426969756,-0.06430435549356173
820179392,40s_F,0.0,0.38886461515094917,0.41533233434890304,0.026467719197953876
820335296,40s_F,0.0,0.0871511989679594,0.10776956784108778,0.020618368873128373
820856832,30s_F,0.0,0.6290167312327246,0.49338919106995605,-0.13562754016276857
821036864,30s_F,0.0,0.10090015036173526,0.09945727694704119,-0.001442873414694068
821305984,<30_F,0.0,0.694705373563093,0.7187850912754,0.02407971771230699
821328256,<30_F,0.0,0.24941824465417756,0.31683724121272416,0.0674189965585466
821357952,30s_F,1.0,0.06045969637458841,0.10202631721451294,0.04156662083992453
821395072,30s_F,0.0,0.3912173455105442,0.42784058831125477,0.036623242800710554
821402496,30s_F,,0.22230761830239104,0.2478241466294112,0.02551652832702017
821573248,30s_F,0.0,0.399400204864214,0.4967710841335334,0.09737087926931937
821744000,30s_F,0.0,0.11389048283928242,0.13486077404430383,0.020970291205021405
821885056,50s_F,1.0,0.9350209434319044,0.9247914657980744,-0.010229477633830086
822026112,30s_F,0.0,0.8769653240196053,0.8912269324725594,0.0142616084529541
822070656,30s_F,0.0,0.5729800160730472,0.5797637109893815,0.0067836949163343485
822679424,30s_F,0.0,0.4140718711952383,0.4134646856165681,-0.0006071855786702329
822770368,30s_F,1.0,0.8431181216197733,0.842704659598666,-0.00041346202110725816
823095168,30s_F,0.0,0.06541571404200704,0.10323206489762958,0.037816350855622544
823228800,<30_F,0.0,0.7466426524716109,0.654479454433461,-0.09216319803814987
823234368,40s_F,,0.8242045012270911,0.8705695192584518,0.04636501803136073
823793024,<30_F,0.0,0.2860785742045214,0.29812794348141564,0.012049369276894262
823826432,30s_F,,0.27626999175388245,0.2677374350108978,-0.008532556742984643
824340544,30s_F,0.0,0.4696515314749912,0.45714115053672777,-0.012510380938263455
824466752,40s_F,0.0,0.9550886379337656,0.9101622378217701,-0.04492640011199556
824622656,40s_F,0.0,0.30651660774522765,0.33977989726659835,0.0332632895213707
824672768,60+_F,0.0,0.8284767730283946,0.8394497609186031,0.010972987890208508
824765568,40s_F,1.0,0.8209185302741091,0.8572868982478176,0.03636836797370846
824782272,30s_F,0.0,0.4885698907027546,0.4393911088301579,-0.049178781872596666
824819392,40s_F,,0.7037330714139478,0.7348592650026932,0.031126193588745354
824865792,50s_F,0.0,0.06898179467065503,0.11137312477148947,0.04239133010083444
824899200,50s_F,1.0,0.4290145975538309,0.3990880212646106,-0.029926576289220297
825376192,60+_F,0.0,0.16774633965945202,0.1404281047442826,-0.02731823491516941
825480128,<30_F,0.0,0.2066045992942367,0.2272568977787326,0.0206522984844959
825691712,40s_F,0.0,0.6400883547108809,0.6077989627706767,-0.03228939194020419
825775232,60+_F,,0.4266485016738533,0.40033092366690354,-0.026317578006949782
825804928,30s_F,0.0,0.29322128359325317,0.25412997064750603,-0.039091312945747136
825840192,40s_F,0.0,0.9071230329708435,0.8911867945689365,-0.015936238401907055
825895872,60+_F,0.0,0.37285377715915535,0.37710997925478634,0.00425620209563099
825908864,40s_F,0.0,0.09699533438132608,0.12553381861275292,0.02853848423142684
825964544,<30_F,0.0,0.0906851160732876,0.11706845183032902,0.026383335757041423
826055488,40s_F,0.0,0.06659848773469895,0.08631402039634276,0.019715532661643803
826072192,30s_F,1.0,0.44704494848370857,0.3890848769448511,-0.05796007153885746
826075904,50s_F,0.0,0.7755367807480588,0.7690783146003585,-0.0064584661477002925
826116736,60+_F,1.0,0.8413225768790376,0.8680407199439464,0.026718143064908828
826146432,30s_F,0.0,0.1552926169466356,0.14753501775854339,-0.007757599188092212
826194688,<30_F,1.0,0.18494319791293612,0.17862433463908697,-0.006318863273849146
826261504,30s_F,1.0,0.2663761398592957,0.23089447658558815,-0.03548166327370755
826315328,40s_F,0.0,0.4738329817483734,0.5930357115392404,0.11920272979086699
826335744,30s_F,0.0,0.27784137607826026,0.2700117988201716,-0.007829577258088638
826354304,30s_F,0.0,0.7075106173099296,0.7300768275310897,0.02256621022116012
826419264,50s_F,0.0,0.18183179477568195,0.15139123422789277,-0.03044056054778918
826523200,30s_F,0.0,0.1977705446050077,0.22408595150035374,0.026315406895346033
826706944,60+_F,0.0,0.07703116390351558,0.11101587446033703,0.03398471055682145
826749632,40s_F,0.0,0.2545327397952573,0.28920711750930234,0.034674377714045024
826922240,30s_F,0.0,0.37125460767555296,0.34311926371599777,-0.028135343959555192
826931520,30s_F,0.0,0.06959558396938637,0.07544427232197448,0.005848688352588116
826938944,40s_F,,0.5793369381505632,0.5819892835787679,0.0026523454282046943
827076288,30s_F,0.0,0.2287195801176534,0.22942529315546772,0.0007057130378143317
827170944,30s_F,0.0,0.08930273942674596,0.09759851143984521,0.00829577201309925
827211776,30s_F,,0.2737311879757712,0.2696262784364759,-0.004104909539295265
827354688,40s_F,1.0,0.3270290455245416,0.32890701178009485,0.001877966255553254
827356544,<30_F,1.0,0.14037559830722662,0.20029242434598887,0.05991682603876225
827401088,40s_F,0.0,0.5036409837895218,0.5883177700209277,0.08467678623140584
827486464,30s_F,0.0,0.4772018138479814,0.46686884162783804,-0.010332972220143344
827564416,50s_F,0.0,0.9015637143346438,0.903384739450293,0.0018210251156491886
827597824,50s_F,0.0,0.13037244732901468,0.18748407044938376,0.057111623120369076
827603392,60+_F,0.0,0.7759560053928982,0.7077235313678157,-0.06823247402508248
827644224,30s_F,0.0,0.21751241543750402,0.2199193904283894,0.00240697499088538
827937472,<30_F,1.0,0.1224253794623555,0.1643641691383207,0.04193878967596519
827989440,40s_F,0.0,0.08128789009009894,0.08610765159542931,0.004819761505330367
828052544,50s_F,0.0,0.07351552434012201,0.07583480125845848,0.0023192769183364714
828293824,40s_F,0.0,0.10057235741846376,0.11995412785021864,0.019381770431754874
828761536,<30_F,0.0,0.08743918916367781,0.14118573006410137,0.053746540900423564
828815360,30s_F,1.0,0.23629367604326915,0.20695762329398812,-0.029336052749281027
828859904,30s_F,0.0,0.34380764769816663,0.3410529224376419,-0.0027547252605247263
829197696,30s_F,,0.1323245208995425,0.13857862252367234,0.006254101624129843
829208832,30s_F,0.0,0.257118660087406,0.2699480496637938,0.012829389576387795
829535488,50s_F,1.0,0.8362931920214476,0.871328852338995,0.03503566031754746
829598592,50s_F,,0.10538207180969084,0.12884313567429254,0.0234610638646017
829678400,50s_F,0.0,0.0920781879770431,0.08941681821187077,-0.002661369765172339
829778624,30s_F,0.0,0.06700350775105192,0.0931838616391394,0.026180353888087482
829795328,50s_F,0.0,0.25891968023667233,0.27046276406006636,0.01154308382339403
829871424,30s_F,0.0,0.1446642049253108,0.15760044234105097,0.012936237415740182
830101568,30s_F,0.0,0.74253203087723,0.7653723129341953,0.02284028205696531
830457920,40s_F,0.0,0.15788850306329202,0.2434752635041654,0.08558676044087338
830576704,30s_F,,0.14284024384866187,0.16104021910185637,0.0181999752531945
830780864,40s_F,,0.7321362379370151,0.6221602075589419,-0.10997603037807324
830860672,30s_F,0.0,0.751133422578206,0.8397996291769165,0.0886662065987105
830866240,30s_F,0.0,0.09131857682979506,0.1192662125798458,0.027947635750050742
831057408,30s_F,0.0,0.516008391233231,0.6058399873895275,0.08983159615629654
831281984,30s_F,0.0,0.5373120410551129,0.5583022942828,0.020990253227687106
831345088,50s_F,0.0,0.24046172107567204,0.255357581682805,0.014895860607132938
831346944,<30_F,0.0,0.5287767921947746,0.5816409414183437,0.05286414922356908
831358080,50s_M,1.0,0.30809774028522385,0.35314708218092117,0.045049341895697315
831454592,30s_F,1.0,0.8831066421370172,0.8927745817872779,0.009667939650260693
831777536,30s_F,0.0,0.29857057186037694,0.335622660144573,0.03705208828419604
831859200,60+_F,0.0,0.47726392536170353,0.3977603882395772,-0.07950353712212632
831862912,40s_F,0.0,0.22390036923179643,0.24589307049646172,0.021992701264665293
832028096,<30_F,0.0,0.09997350128527968,0.1328079910340337,0.032834489748754025
832093056,60+_F,,0.07257387874902922,0.10271654496682875,0.030142666217799527
832482816,30s_F,0.0,0.230256134060455,0.258114201605987,0.027858067545532023
832542208,<30_F,0.0,0.6392912920888353,0.6929094980339505,0.05361820594511524
832562624,30s_F,,0.06662631152690522,0.09740278901826552,0.030776477491360296
832722240,30s_F,0.0,0.7366514772486004,0.7617621092694397,0.025110632020839296
833071168,<30_F,0.0,0.10381680644725394,0.12738424261163894,0.023567436164385003
833232640,40s_F,,0.891060364818414,0.830940763794907,-0.060119601023507
833292032,40s_M,0.0,0.5067087387054039,0.4562166909211248,-0.05049204778427907
833407104,30s_F,1.0,0.3408785877661713,0.35163086364313784,0.010752275876966533
833479488,30s_F,0.0,0.1944085241920126,0.1510286568356689,-0.04337986735634369
833518464,<30_F,0.0,0.07181735952270708,0.11017390102661356,0.03835654150390648
833583424,60+_F,,0.2027448682951697,0.2276531366280116,0.024908268332841904
833594560,40s_F,0.0,0.5770803748314278,0.5784624720207855,0.0013820971893576672
833644672,<30_F,0.0,0.4043422350909569,0.36581743192122346,-0.038524803169733446
833691072,30s_F,0.0,0.5312311278497226,0.5936503958134433,0.06241926796372066
833843264,40s_F,0.0,0.4404430464999608,0.36694873698742136,-0.07349430951253944
833904512,30s_F,0.0,0.3866459046597672,0.42568105527182143,0.039035150612054204
834468736,30s_F,,0.5597299206161943,0.5374142138598327,-0.02231570675636163
834492864,30s_F,,0.059216790272934465,0.11102408822874764,0.051807297955813174
834808384,40s_F,0.0,0.5444533217596433,0.5882143231233846,0.04376100136374128
834821376,40s_F,,0.07039383612174645,0.08008408007986394,0.00969024395811749
835097920,60+_F,0.0,0.6338928130586847,0.6439792450102314,0.010086431951546682
835105344,30s_F,0.0,0.20234842009050738,0.21485042346200042,0.012502003371493042
835136896,40s_F,,0.7744305376162248,0.7796373465942054,0.005206808977980537
835142464,<30_F,1.0,0.39040438135643335,0.40562148269234943,0.015217101335916083
835313216,30s_F,0.0,0.4928706162884261,0.5946624212892988,0.1017918050008727
836337728,<30_F,1.0,0.0916479654531421,0.13566383476477065,0.04401586931162854
836348864,30s_F,0.0,0.7322339222327291,0.7822003614728475,0.049966439240118454
836356288,30s_F,0.0,0.5470256432062793,0.4973289136832462,-0.04969672952303311
836363712,30s_F,0.0,0.7892669554182123,0.8271215958794284,0.037854640461216005
836402688,40s_F,,0.9071662507402019,0.9209435865246612,0.013777335784459388
836445376,60+_F,0.0,0.11936270537188433,0.10311643613809875,-0.016246269233785582
836462080,50s_F,0.0,0.809690829393885,0.8240510870444622,0.014360257650577135
836471360,30s_F,0.0,0.43095149567380825,0.4661173968270964,0.03516590115328816
836541888,40s_F,1.0,0.1704591845093088,0.2423370134438632,0.07187782893455438
836573440,<30_F,,0.23132744112896933,0.30852369940732577,0.07719625827835644
836584576,30s_F,0.0,0.0838621655036862,0.12272579388563548,0.038863628381949275
836621696,50s_F,0.0,0.07473604591355082,0.09565680101274532,0.0209207550991945
836642112,40s_F,0.0,0.17389557696091348,0.1847326122193233,0.010837035258409816
836668096,40s_F,0.0,0.8473629960729663,0.8751348245188584,0.0277718284458921
836712640,30s_F,0.0,0.8703626706121135,0.9028031449633871,0.03244047435127362
836720064,40s_F,0.0,0.17053434037390616,0.18820568606034016,0.017671345686433998
836749760,50s_F,0.0,0.16728539008463955,0.1768646105531406,0.009579220468501043
836788736,50s_F,0.0,0.11100117922540186,0.10647058148269357,-0.004530597742708281
836801728,40s_F,0.0,0.618236080710636,0.5299181729955312,-0.08831790771510473
836827712,40s_F,1.0,0.9060039786698946,0.921615512484777,0.01561153381488245
836890816,60+_F,0.0,0.7838935140753155,0.7310823362972365,-0.05281117777807898
836905664,40s_F,0.0,0.28313956549639513,0.273926864568299,-0.009212700928096118
837009600,40s_F,1.0,0.47270067926622145,0.5475367261060297,0.07483604683980821
837081984,60+_F,0.0,0.27843333002776666,0.2354299813574846,-0.04300334867028205
837089408,30s_F,,0.44754092509920473,0.46143481806325803,0.0138938929640533
837100544,40s_F,,0.8695983689517388,0.8318892706174769,-0.03770909833426195
837113536,30s_F,,0.8679088853187639,0.8695851409964451,0.0016762556776812598
837128384,30s_F,0.0,0.7468677013115433,0.7709413402360639,0.024073638924520524
837143232,50s_F,0.0,0.8425681397832722,0.8894004072619152,0.046832267478643
837150656,<30_F,,0.5660487551176988,0.5918390653710154,0.025790310253316573
837158080,30s_F,0.0,0.7472065344697535,0.7603449106980231,0.013138376228269633
837161792,40s_F,0.0,0.0800669704175001,0.07930456026355101,-0.0007624101539490946
837276864,<30_F,,0.15579534447503346,0.18446130754631118,0.028665963071277722
837382656,40s_F,,0.1367764536495148,0.21910142727914164,0.08232497362962685
837388224,30s_F,0.0,0.8182275469563828,0.8240799534213475,0.005852406464964766
837410496,60+_F,1.0,0.4402744567718003,0.5036623626441132,0.06338790587231291
837564544,30s_F,,0.23217614803778677,0.2603199647251554,0.028143816687368622
837575680,<30_F,,0.05664145495315202,0.08630212599784742,0.0296606710446954
837597952,60+_F,,0.8623434350114139,0.8206207545071077,-0.041722680504306164
837713024,40s_F,0.0,0.2999123774213333,0.30708620549914384,0.007173828077810529
837737152,50s_F,0.0,0.07980755708587878,0.11580864389968787,0.03600108681380909
837777984,40s_F,0.0,0.8992685369982975,0.9185752833364786,0.01930674633818119
837796544,50s_F,0.0,0.8857506224686067,0.8947573627088343,0.009006740240227629
837887488,30s_F,0.0,0.8281180655669794,0.8723934261974362,0.044275360630456784
837893056,30s_F,0.0,0.5313202821661827,0.697820130755669,0.1664998485894863
837909760,60+_F,0.0,0.7948166625356374,0.8316982286188107,0.03688156608317328
838058240,40s_F,0.0,0.8519172375993346,0.8758240338042859,0.023906796204951286
838087936,40s_F,0.0,0.43541534409502786,0.42866153541838053,-0.0067538086766473215
838089792,30s_F,0.0,0.07934530671136765,0.08154905403648245,0.002203747325114802
838110208,<30_F,0.0,0.20102655304918143,0.23353926658843652,0.032512713539255084
838199296,40s_F,0.0,0.1353491130378427,0.2323818190139214,0.09703270597607871
838329216,50s_F,0.0,0.8432114147438504,0.9054522998965663,0.062240885152715864
838332928,30s_F,0.0,0.7008781481321413,0.686135270846185,-0.014742877285956357
838366336,40s_F,0.0,0.7395813982246878,0.7207555204116204,-0.018825877813067438
838429440,30s_F,0.0,0.06925439852801146,0.11064919575664531,0.041394797228633845
838435008,40s_F,,0.7692048131926812,0.7700410715481357,0.0008362583554545333
838507392,50s_F,1.0,0.4787277871963015,0.3590823473852516,-0.11964543981104991
838525952,40s_F,0.0,0.08209860843584307,0.10254758228364114,0.020448973847798063
838592768,<30_F,0.0,0.10735952129069372,0.14882981740806756,0.04147029611737384
838594624,40s_F,0.0,0.33697360446669833,0.41025567797396945,0.07328207350727112
838605760,50s_F,0.0,0.08910396928660175,0.09265774135033125,0.0035537720637295045
838607616,30s_F,,0.9084471685530674,0.9097773599830731,0.0013301914300056783
838620608,30s_F,0.0,0.16039434855355034,0.181548620687464,0.02115427213391366
838631744,30s_F,1.0,0.8604712676474964,0.8151322483142881,-0.045339019333208275
838670720,40s_F,0.0,0.16267553741425111,0.22107762580849186,0.05840208839424074
838676288,30s_F,0.0,0.8668872546898079,0.8893152580872917,0.022428003397483853
838680000,40s_F,0.0,0.09244220363055694,0.10916378152375111,0.016721577893194173
838744960,40s_M,1.0,0.29806918335064325,0.2678896994208911,-0.03017948392975217
838770944,<30_F,0.0,0.8355096437413962,0.6494953786966152,-0.18601426504478102
838893440,30s_F,0.0,0.5444904803114075,0.4954141270597431,-0.04907635325166437
838943552,50s_F,0.0,0.3114752502112657,0.2976284691514116,-0.013846781059854096
838950976,30s_F,0.0,0.1595745551689423,0.2039407716579042,0.044366216488961885
838960256,40s_F,0.0,0.7846869848913984,0.8495777069653356,0.0648907220739372
839106880,50s_F,0.0,0.2669358094432356,0.3013292918759415,0.0343934824327059
839156992,60+_F,0.0,0.0787208336634759,0.10136764255224477,0.02264680888876887
839166272,40s_F,0.0,0.38611658772853924,0.3413161504599126,-0.04480043726862665
839179264,<30_F,0.0,0.37538081415738844,0.3259427430548225,-0.04943807110256593
839186688,50s_F,,0.39213608596311444,0.42260360863254154,0.030467522669427094
839357440,30s_F,0.0,0.21763594873178493,0.25796664897365384,0.04033070024186891
839398272,40s_F,0.0,0.47876435522062566,0.44117915949190445,-0.03758519572872121
839557888,40s_F,0.0,0.10604417780583898,0.1387200963161607,0.032675918510321714
839611712,40s_F,0.0,0.3277554218946178,0.27963820396489375,-0.048117217929724065
839641408,30s_F,0.0,0.10063988763934723,0.14497291743927965,0.04433302979993242
839691520,40s_F,,0.17706138197624363,0.23932737242656646,0.06226599045032283
839717504,30s_F,1.0,0.759596763179261,0.7506491597199879,-0.008947603459273035
839776896,30s_F,0.0,0.7513846552053417,0.7672084046554764,0.01582374945013465
839847424,50s_F,,0.5872080556064173,0.5825826885107284,-0.004625367095688948
839856704,60+_F,1.0,0.8674415807370718,0.8663223063265134,-0.0011192744105583685
840047872,30s_F,0.0,0.7446432035591914,0.7773650195663087,0.03272181600711721
840075712,<30_F,,0.7689425042778525,0.7047289837242637,-0.06421352055358875
840101696,40s_F,0.0,0.08900258613630524,0.09568751725188702,0.006684931115581785
840159232,30s_F,,0.07460799431864099,0.11191636189987814,0.03730836758123715
840252032,40s_F,0.0,0.6388335975483602,0.6797679365725398,0.040934339024179534
840255744,60+_F,0.0,0.5057287333524124,0.5349462096880714,0.029217476335658965
840257600,60+_F,0.0,0.8591740824701707,0.9021915460867791,0.04301746361660841
840296576,40s_F,,0.5212609623344785,0.5642166255493235,0.04295566321484501
840328128,30s_F,0.0,0.11459536780335283,0.15146748239626445,0.03687211459291162
840381952,50s_F,0.0,0.3532339306232263,0.3685673768163773,0.015333446193151024
840441344,30s_F,0.0,0.4667638590498177,0.5475498607148276,0.08078600166500988
840469184,30s_F,,0.1950951800947066,0.20218705331289188,0.007091873218185274
840476608,30s_F,0.0,0.7938469775192017,0.8164149755294292,0.022567998010227464
840539712,30s_F,1.0,0.11659304316634313,0.14211881585237726,0.025525772686034134
840584256,30s_F,0.0,0.9053102745318361,0.9109940862645226,0.005683811732686506
840630656,30s_F,0.0,0.1116519367051208,0.12191613251577235,0.01026419581065155
840704896,40s_F,,0.0827119608504544,0.1250096984153246,0.04229773756487021
840803264,40s_F,0.0,0.1770346942429649,0.22748438758429448,0.05044969334132959
840814400,40s_M,0.0,0.45852897375842205,0.403197914284739,-0.05533105947368305
840857088,30s_F,0.0,0.8621796668582776,0.8552499621609009,-0.0069297046973767484
840892352,<30_F,0.0,0.25329563270479655,0.2972020678795221,0.04390643517472553
841267264,30s_F,0.0,0.06830272983810787,0.10460162694077577,0.0362988971026679
841447296,40s_F,0.0,0.399867307921598,0.3267276899335755,-0.07313961798802254
841460288,40s_F,0.0,0.573019648630686,0.5695152174843876,-0.0035044311462983924
841595776,30s_F,0.0,0.07470176253862845,0.0913855755992408,0.016683813060612354
841640320,<30_F,0.0,0.09022534979571063,0.11501087227739014,0.024785522481679506
841683008,50s_F,,0.40183180767002674,0.40790873005949607,0.00607692238946933
841720128,60+_F,0.0,0.7520540557638615,0.6510955511171465,-0.10095850464671507
841779520,30s_F,0.0,0.7884466314635877,0.8187483579937644,0.03030172653017671
842150720,<30_M,,0.07491695258566508,0.11714180342899143,0.04222485084332635
842187840,<30_M,0.0,0.598991770775376,0.7240081043312712,0.12501633355589514
842364160,30s_F,0.0,0.8848702734222038,0.8647141629856807,-0.0201561104365231
842445824,30s_F,1.0,0.37299658115515355,0.29018494432140574,-0.08281163683374781
842542336,50s_F,1.0,0.7033873455611469,0.6054904089924392,-0.09789693656870768
842627712,40s_F,,0.19967328191765774,0.2616934537361806,0.062020171818522846
842636992,40s_F,0.0,0.7959864256803268,0.8000308651930936,0.004044439512766784
842681536,40s_F,0.0,0.571420850205353,0.6119583009319401,0.0405374507265871
842776192,30s_F,,0.22901067076772336,0.21690294842033297,-0.012107722347390382
842902400,30s_F,0.0,0.68414986841396,0.5751913543598899,-0.10895851405407009
842954368,40s_F,1.0,0.08904616531012165,0.10890489995644977,0.01985873464632812
842958080,30s_F,0.0,0.22845858934595117,0.25283777551613545,0.02437918617018428
843047168,50s_F,0.0,0.09446837610950017,0.1206017875876863,0.02613341147818614
843050880,30s_M,,0.8317015570082007,0.8720300352926199,0.04032847828441921
843054592,30s_F,0.0,0.8538793212415609,0.8427264103128654,-0.011152910928695414
843216064,30s_F,,0.7723123216648243,0.8179254364100543,0.04561311474523
843273600,30s_F,0.0,0.7519108362869383,0.7970639748585967,0.04515313857165837
843290304,30s_F,0.0,0.7410605929814222,0.73064351488765,-0.010417078093772236
843307008,30s_F,0.0,0.07230316030958334,0.10446726769089905,0.03216410738131571
843381248,50s_F,0.0,0.1537696421737639,0.14632923937067036,-0.007440402803093549
843409088,40s_F,0.0,0.09266092217222688,0.12046255346662454,0.027801631294397666
843498176,<30_F,0.0,0.7121389826435761,0.7118600127516568,-0.00027896989191933397
843509312,40s_F,,0.27237778041979815,0.2642595216392005,-0.008118258780597631
843581696,30s_F,0.0,0.09239571090268958,0.10830738489648746,0.01591167399379788
843678208,50s_F,0.0,0.11276117339959679,0.12731080925217697,0.014549635852580178
843702336,30s_F,1.0,0.05665098512500865,0.09145307216297276,0.034802087037964106
843719040,30s_F,0.0,0.4831802515553856,0.4706981890670688,-0.012482062488316792
843780288,<30_F,0.0,0.344597493848107,0.3614990474301843,0.01690155358207729
843893504,60+_F,0.0,0.07351708122955586,0.10453731356363928,0.031020232334083422
844014144,30s_F,0.0,0.7452726461816215,0.735549838191751,-0.009722807989870463
844283264,30s_F,1.0,0.5237663267660041,0.5993416614998776,0.07557533473387346
844461440,30s_F,0.0,0.7654114242031608,0.7794450256787584,0.014033601475597623
844600640,40s_F,1.0,0.19820250419331642,0.24094945104780247,0.042746946854486045
844940288,30s_F,0.0,0.06687230265298444,0.07582942250787406,0.008957119854889617
844973696,30s_F,,0.9375620972854697,0.8815735728923767,-0.05598852439309299
845059072,50s_M,,0.17832511811905125,0.1850357619889591,0.006710643869907856
845096192,40s_F,0.0,0.8376813268402326,0.8743654440537095,0.036684117213476974
845187136,30s_F,0.0,0.8446805068147775,0.821809901507949,-0.022870605306828495
845318912,30s_F,0.0,0.11782761490239858,0.13740766221808218,0.019580047315683594
845396864,40s_F,1.0,0.5538482146985788,0.6012103595372583,0.04736214483867951
845575040,<30_F,0.0,0.2921322690595487,0.2994050532936847,0.0072727842341360205
845617728,60+_F,,0.35002843745797557,0.33171540662933774,-0.018313030828637833
845665984,60+_F,0.0,0.6638759504707644,0.5868069754341073,-0.0770689750366571
845970368,40s_F,0.0,0.47437020182181344,0.444151200130407,-0.030219001691406455
846052032,30s_F,0.0,0.1228010012679452,0.16129282909465747,0.038491827826712274
846213504,30s_F,0.0,0.6832440844657012,0.6291306029483724,-0.054113481517328754
846371264,30s_F,,0.07025543975196957,0.08737781688236979,0.017122377130400213
846484480,30s_F,0.0,0.3958931621917007,0.35300561747117143,-0.04288754472052925
846542016,40s_F,,0.08482050813481883,0.14005628642402138,0.05523577828920255
846870528,30s_F,0.0,0.2194853172827688,0.21958451626413336,9.919898136456773e-05
846905792,<30_F,0.0,0.09903608346449257,0.1566553127862276,0.057619229321735035
846907648,30s_F,1.0,0.06950297053506926,0.10956237273417888,0.04005940219910961
846918784,40s_F,1.0,0.11140215109799233,0.14110843288420016,0.029706281786207836
846924352,40s_F,1.0,0.44534230604761793,0.46524087428274213,0.019898568235124203
846942912,30s_F,,0.060085477643234075,0.10912821498112887,0.0490427373378948
846954048,60+_F,0.0,0.0676380640852893,0.10135417328921857,0.03371610920392927
847067264,30s_F,0.0,0.7364300744922354,0.7619396047797083,0.025509530287472937
847082112,<30_F,0.0,0.1679669799720454,0.18341065408881124,0.015443674116765838
847126656,60+_F,0.0,0.6713903609339725,0.5811273262077264,-0.09026303472624608
847332672,60+_F,,0.7917393276818301,0.8116318338854402,0.01989250620361016
847479296,30s_M,0.0,0.10199262723651983,0.16808642613622443,0.0660937988997046
847483008,30s_F,,0.555615419089889,0.586948264349669,0.03133284525977997
847612928,40s_F,0.0,0.7402618616748566,0.7507460917123794,0.010484230037522746
847624064,60+_F,0.0,0.15676664034141433,0.15559573680312885,-0.0011709035382854727
847677888,<30_F,0.0,0.07931591553728004,0.09577435426779472,0.016458438730514682
847926592,40s_F,0.0,0.07417578359710139,0.10806500024502035,0.033889216647918954
848039808,50s_F,0.0,0.0889171263485018,0.09902079644775999,0.010103670099258194
848114048,30s_F,0.0,0.23296558651684293,0.25717466526378435,0.02420907874694142
848264384,30s_F,0.0,0.8735261733456461,0.8900666297708297,0.016540456425183647
848529792,30s_F,1.0,0.4649618772450453,0.5686749890517118,0.10371311180666648
848579904,30s_F,0.0,0.4980071888228262,0.5029635640016812,0.004956375178854999
848802624,30s_F,,0.08376999420493644,0.07263285083826869,-0.011137143366667754
848888000,30s_F,0.0,0.8756003536783156,0.8647236916624818,-0.010876662015833816
848945536,30s_F,1.0,0.10838002898331693,0.11014936190846938,0.001769332925152453
848947392,<30_F,0.0,0.4477434197378112,0.5389524765279823,0.0912090567901711
848958528,30s_F,0.0,0.14479558760896286,0.19079666843371917,0.04600108082475632
848964096,30s_F,,0.8277844485518563,0.865972635757156,0.038188187205299706
849060608,30s_F,0.0,0.805905366328119,0.8059643037434583,5.8937415339244126e-05
849125568,30s_F,0.0,0.16102945160446502,0.1883510759613929,0.027321624356927865
849157120,60+_F,1.0,0.7575648401015092,0.717819643319852,-0.03974519678165711
849222080,30s_F,0.0,0.3234063034147364,0.30328027538149965,-0.020126028033236765
849415104,40s_F,,0.2882410753993345,0.29388510318828537,0.005644027788950845
849420672,40s_F,1.0,0.25566495093525604,0.23530178013863945,-0.020363170796616592
849448512,<30_F,0.0,0.4829829181447791,0.5256480120453422,0.042665093900563056
849474496,30s_M,0.0,0.40738524555315786,0.4134289390128049,0.006043693459647059
849596992,30s_F,0.0,0.35151705559656937,0.3788065092126219,0.027289453616052506
849634112,50s_F,0.0,0.16398786928129813,0.16524651653627243,0.0012586472549742933
850120384,<30_F,0.0,0.3813912115293885,0.4223009872038581,0.04090977567446963
850235456,30s_F,0.0,0.762699786442812,0.7649357319554265,0.0022359455126145233
850339392,40s_F,0.0,0.0933307309774288,0.08115822594668101,-0.012172505030747793
850383936,50s_F,0.0,0.07258898694910998,0.09541451866713314,0.022825531718023165
850524992,40s_F,0.0,0.6416911614484228,0.7641526585744814,0.1224614971260587
850526848,40s_F,0.0,0.3063399729664936,0.32068680486091267,0.014346831894419043
850528704,40s_F,0.0,0.7004915279181583,0.58776746867283,-0.11272405924532825
850532416,30s_F,0.0,0.2649819578663879,0.25374591703634714,-0.011236040830040761
850970432,30s_M,1.0,0.8390294423712054,0.8934701572285617,0.054440714857356354
851154176,30s_F,1.0,0.19757898580273206,0.2388461664943904,0.04126718069165833
851415872,40s_F,1.0,0.284435575888909,0.25371057248268697,-0.03072500340622203
851811200,<30_F,0.0,0.1601383151697676,0.1652654897972246,0.005127174627457015
851857600,50s_F,1.0,0.06884860186977304,0.11322611533556243,0.04437751346578939
851961536,40s_F,1.0,0.5770082973986801,0.6765584515453265,0.09955015414664636
851976384,30s_F,0.0,0.08565863825240055,0.1547155221070276,0.06905688385462705
852063616,<30_F,1.0,0.19306499095222268,0.18164904001431867,-0.011415950937904012
852148992,40s_F,0.0,0.2967935247582427,0.3149949306034192,0.018201405845176488
852161984,50s_F,1.0,0.8656525233636748,0.8568829267326986,-0.008769596630976206
852163840,30s_F,,0.813571921894447,0.8596227587985161,0.04605083690406908
852173120,40s_F,0.0,0.5539852871704307,0.590310540295841,0.03632525312541024
852278912,30s_F,0.0,0.13768542745363455,0.17714848653870838,0.03946305908507383
852427392,40s_F,0.0,0.5859913594559341,0.6789234041227676,0.09293204466683358
852484928,40s_F,1.0,0.08754206325470441,0.10398018962036987,0.016438126365665454
852499776,40s_F,0.0,0.5834540016480904,0.6072260493554374,0.023772047707347088
852575872,40s_F,1.0,0.8421780394482645,0.7959665239617126,-0.04621151548655189
852752192,40s_M,,0.6526072864246727,0.7057859678000501,0.0531786813753774
853026880,30s_F,0.0,0.812472110862302,0.8561035740326797,0.04363146317037769
853032448,30s_F,1.0,0.07044833177634546,0.07927947533663933,0.008831143560293866
853101120,30s_F,0.0,0.7201826798371959,0.7562516949084466,0.03606901507125071
853117824,50s_F,0.0,0.08044084157342865,0.1016279948683163,0.021187153294887642
853205056,40s_F,0.0,0.2702435566592956,0.22921470515798345,-0.041028851501312164
853548416,30s_F,0.0,0.08200022057821021,0.10171595051671943,0.019715729938509216
853553984,60+_F,0.0,0.40446875165540275,0.27263624020659133,-0.13183251144881142
853758144,40s_F,0.0,0.46021886067337675,0.43687219640560815,-0.023346664267768602
854173888,60+_M,0.0,0.6182877953242635,0.6751618189061248,0.05687402358186133
854185024,30s_F,0.0,0.5720160349778944,0.5514596907956861,-0.020556344182208308
854292672,40s_F,1.0,0.5974558753935463,0.6310772951460762,0.03362141975252997
854303808,40s_F,0.0,0.9424899257879932,0.9073408395638682,-0.03514908622412494
854548800,30s_F,0.0,0.20580510952619538,0.23717134157218914,0.03136623204599376
854604480,50s_F,1.0,0.8746225259914656,0.9198434824597751,0.04522095646830948
854745536,60+_M,0.0,0.7787269234174551,0.7576714057288015,-0.021055517688653547
854890304,30s_F,0.0,0.08805295837746813,0.12673816684846667,0.038685208470998544
854925568,40s_M,0.0,0.1598420435800744,0.2102571797290866,0.05041513614901222
855057344,30s_F,0.0,0.10947286017757486,0.117188859950095,0.007715999772520132
855176128,40s_F,0.0,0.10988592612011198,0.15108334925155914,0.041197423131447156
855452672,40s_F,0.0,0.6862796771340967,0.7807699512526598,0.09449027411856314
855539904,30s_F,1.0,0.6671318416133641,0.651795170675558,-0.015336670937806107
855547328,30s_F,1.0,0.0739179967361097,0.09549615445039215,0.021578157714282453
855810880,30s_F,0.0,0.5327868623377724,0.5837933437931752,0.05100648145540276
855835008,30s_F,0.0,0.22765872111136157,0.1970710030510544,-0.030587718060307162
855898112,30s_F,0.0,0.08223946096869923,0.10725659501703898,0.025017134048339745
855927808,30s_F,1.0,0.7021104698345647,0.7726023267339159,0.07049185689935122
856002048,40s_F,1.0,0.9046608009503622,0.9061293736272705,0.001468572676908364
856041024,40s_F,0.0,0.2438761599136961,0.318148398664463,0.07427223875076688
856118976,40s_F,,0.1794752475825614,0.1827466816062792,0.0032714340237177952
856215488,30s_F,0.0,0.20354820105074026,0.21023940010511233,0.006691199054372071
856341696,60+_F,0.0,0.8869879512898114,0.8921928701011831,0.005204918811371639
856518016,40s_F,0.0,0.10736086788678312,0.136940289094818,0.02957942120803489
856863232,60+_F,1.0,0.8368337787072427,0.8045777020725684,-0.032256076634674336
856935616,30s_F,0.0,0.06474502555292398,0.11014568989165886,0.04540066433873488
856943040,<30_F,0.0,0.859341997355997,0.8105460998443809,-0.04879589751161617
857195456,50s_F,0.0,0.11407461214234013,0.19736868131414131,0.08329406917180118
857202880,30s_F,0.0,0.07596934259485738,0.08331560285199822,0.007346260257140844
857214016,40s_F,0.0,0.36837726472974053,0.33015695574606574,-0.03822030898367479
857303104,30s_F,0.0,0.0959182203393902,0.15104812893528105,0.055129908595890856
857483136,40s_F,0.0,0.8921632016721511,0.911055195465041,0.01889199379288986
857644608,30s_M,0.0,0.6801749268469578,0.6341955664410641,-0.04597936040589368
857648320,<30_F,,0.705271280411122,0.6266188297452218,-0.07865245066590021
857678016,<30_F,0.0,0.8414134160786055,0.7633358742659705,-0.07807754181263504
857774528,30s_F,0.0,0.11359020038378013,0.12312946216675687,0.009539261782976732
857809792,30s_F,0.0,0.7470188717897283,0.7942294886425657,0.04721061685283745
857813504,30s_F,0.0,0.3785898650567777,0.38796645951657366,0.00937659445979594
857819072,<30_F,0.0,0.4465558588656529,0.43160158327393283,-0.014954275591720079
857835776,50s_F,0.0,0.8446879337976385,0.8874383259049458,0.042750392107307245
858091904,50s_F,0.0,0.5034590059826096,0.47695013370235245,-0.026508872280257167
858182848,30s_F,0.0,0.41214030518991057,0.3578084451640635,-0.054331860025847056
858297920,40s_F,,0.16137631354277943,0.2142579901284029,0.05288167658562348
858526208,40s_F,0.0,0.08377747360410565,0.09821877431990231,0.014441300715796662
858606016,40s_M,1.0,0.8158167763718412,0.8789141311437436,0.06309735477190237
858722944,30s_F,1.0,0.5957997870362398,0.7134781210403232,0.11767833400408334
858774912,<30_F,0.0,0.20433802449241795,0.2982416301498319,0.09390360565741396
858808320,40s_F,0.0,0.1178962505690473,0.14640004616685093,0.028503795597803624
858847296,30s_F,0.0,0.07112847474018952,0.09438954371335907,0.023261068973169555
858882560,40s_F,0.0,0.24464055817929165,0.2740920115524053,0.029451453373113667
858923392,30s_F,,0.4959412955981366,0.5346426158245481,0.038701320226411484
859044032,30s_M,0.0,0.3726394720053282,0.3816768478140857,0.009037375808757464
859290880,30s_F,0.0,0.23498095488065135,0.2796737888977738,0.04469283401712243
859294592,40s_F,0.0,0.09555152933389605,0.1349610476636654,0.039409518329769355
859296448,40s_M,0.0,0.3077913256154376,0.2963182022786995,-0.011473123336738111
859422656,30s_F,0.0,0.06998585575747775,0.09344707339042654,0.023461217632948797
859461632,40s_F,0.0,0.8603743423793573,0.8964794476647149,0.0361051052853576
859467200,30s_F,0.0,0.27604967096192357,0.32963036386373235,0.05358069290180878
859521024,30s_F,0.0,0.23746731385737824,0.24013240028431762,0.0026650864269393837
859983168,30s_F,,0.23277446931913442,0.22436667406977787,-0.008407795249356559
860187328,60+_F,,0.3442870169458815,0.3436030251783919,-0.0006839917674895668
860326528,40s_F,,0.23981658928234315,0.22722322666228162,-0.012593362620061527
860441600,60+_F,0.0,0.39927452394060936,0.4364887495734272,0.03721422563281784
860521408,60+_F,,0.5102476201773547,0.5925917666014341,0.08234414642407939
860549248,50s_F,0.0,0.16939285305064442,0.19435678568528655,0.02496393263464214
860638336,40s_F,0.0,0.8636850458073461,0.8799273234183204,0.0162422776109743
860909312,30s_F,,0.43907003529731126,0.4882429907664529,0.04917295546914163
860992832,30s_F,0.0,0.7978586774241982,0.6797393349381244,-0.11811934248607381
861150592,40s_F,0.0,0.21794993128974863,0.26370801219946566,0.04575808090971703
861169152,60+_F,0.0,0.9124479756211339,0.9020702997629683,-0.010377675858165625
861406720,50s_F,0.0,0.2640692235940478,0.2617046383327029,-0.002364585261344865
861454976,40s_F,,0.8484007337582018,0.8419387607720507,-0.006461972986151143
861698112,60+_F,,0.18186597082815348,0.19053848716064098,0.008672516332487501
861707392,40s_F,0.0,0.09176003326618336,0.12917400476586846,0.0374139714996851
861712960,<30_F,0.0,0.5978557901796294,0.6845569447240352,0.08670115454440575
861798336,<30_F,0.0,0.2732467426637659,0.33412533306712355,0.060878590403357635
861985792,30s_F,0.0,0.5839354437230193,0.6065717579382393,0.022636314215219944
862017344,30s_F,0.0,0.06391730723796593,0.10605585888203939,0.04213855164407346
862112000,30s_F,0.0,0.32128633444857635,0.2727220319881675,-0.048564302460408826
862334720,<30_F,0.0,0.4090074204871722,0.46917465383883894,0.06016723335166674
862494336,30s_F,0.0,0.43164452545873266,0.3358506434468744,-0.09579388201185829
862642816,30s_F,0.0,0.5059594744655345,0.41955605654038125,-0.08640341792515321
862754176,50s_F,0.0,0.13936713033123468,0.16925946352683027,0.02989233319559559
862820992,40s_M,0.0,0.8437162546440882,0.8751996808635798,0.03148342621949163
862891520,30s_F,0.0,0.21604730127479985,0.20354760717531242,-0.012499694099487424
862984320,30s_F,0.0,0.295650225092572,0.2931504765325689,-0.0024997485600030678
862997312,30s_F,1.0,0.19252463611747264,0.20215853871913306,0.009633902601660416
863040000,40s_F,1.0,0.10400669739431326,0.11513114842460016,0.011124451030286905
863080832,50s_F,0.0,0.0721237663412185,0.11393908839807335,0.04181532205685484
863108672,50s_F,0.0,0.06519772607458982,0.11224034478063821,0.047042618706048395
863155072,50s_M,,0.8179006253586089,0.8237051013338176,0.005804475975208723
863394496,50s_F,0.0,0.10128541567140006,0.1261361045526556,0.024850688881255523
863715584,40s_F,0.0,0.0774810931066507,0.09078749288841646,0.01330639978176576
863934592,30s_M,0.0,0.47283499569282944,0.4217801114983773,-0.051054884194452144
864114624,30s_F,0.0,0.0765057785462081,0.07881980335974617,0.002314024813538068
864222272,30s_F,0.0,0.6033876798620341,0.7227652216243726,0.1193775417623385
864391168,40s_F,0.0,0.4753765074022723,0.4364750383094896,-0.03890146909278269
864432000,<30_F,0.0,0.050560471506560886,0.08859604890037404,0.03803557739381315
864515520,30s_M,0.0,0.8492170051031894,0.8654544930898591,0.016237487986669685
864521088,30s_F,,0.7932052240332211,0.8258418036760732,0.03263657964285205
864589760,30s_F,0.0,0.06025738349615525,0.08396546689293462,0.023708083396779364
864940544,30s_F,0.0,0.16053285828519595,0.13734356649976034,-0.023189291785435606
865033344,30s_F,0.0,0.06695659109069671,0.08354977030358464,0.01659317921288793
865109440,30s_F,1.0,0.11928756266351316,0.11847257185423396,-0.0008149908092792008
865603136,60+_F,0.0,0.16602214534224288,0.18818800346524941,0.022165858123006532
865742336,30s_F,0.0,0.6037698308328736,0.6295140999656339,0.02574426913276029
865777600,40s_F,0.0,0.09996776285636307,0.12749904172245816,0.02753127886609509
865801728,40s_F,0.0,0.6240873473238813,0.7051903299426145,0.08110298261873328
865820288,30s_F,0.0,0.5452061680310628,0.5541235454348026,0.008917377403739768
865940928,40s_M,0.0,0.6719064413766384,0.6865093182966036,0.014602876919965202
866059712,50s_F,0.0,0.8866900053650045,0.9053869201264798,0.01869691476147528
866262016,30s_F,0.0,0.8502388294945036,0.8271423875565246,-0.023096441937978995
866364096,30s_F,1.0,0.5289231218813979,0.6599082722476873,0.13098515036628944
866497728,50s_F,1.0,0.07526904889034816,0.11128838522792384,0.036019336337575675
866510720,<30_F,0.0,0.1452822430100544,0.17952183031395216,0.034239587303897756
866579392,30s_F,,0.1972284735710784,0.2256229386546598,0.0283944650835814
866599808,30s_F,0.0,0.2036953898418564,0.21929816100057414,0.015602771158717749
866636928,60+_F,0.0,0.08537900633036331,0.11542569912171077,0.03004669279134746
866648064,30s_F,,0.1935473549695879,0.19646330812796658,0.002915953158378698
866679616,50s_F,,0.7023821388226144,0.6155548912846837,-0.0868272475379307
866783552,40s_F,0.0,0.16711526832283774,0.17897253779198824,0.0118572694691505
866802112,40s_F,,0.07540674004030043,0.08610694032813808,0.01070020028783765
867037824,30s_F,0.0,0.2890612193421465,0.2857059795087904,-0.003355239833356116
867043392,<30_F,0.0,0.05824355017077391,0.10787062140941751,0.04962707123864361
867112064,30s_F,0.0,0.8801879613447454,0.8819418112397748,0.001753849895029358
867143616,50s_F,1.0,0.5906412182473967,0.5889068782701027,-0.0017343399772939971
867332928,30s_F,0.0,0.7106745083770499,0.6627590104552672,-0.047915497921782735
867464704,30s_F,0.0,0.4621459751972358,0.4492040660322732,-0.012941909164962628
867856320,30s_F,0.0,0.5990881583236695,0.6098401216063327,0.010751963282663257
867976960,50s_F,,0.21289865287257517,0.22560626995569424,0.012707617083119072
868028928,60+_F,1.0,0.17592308132892354,0.15851356710242706,-0.017409514226496475
868435392,30s_F,0.0,0.8124227843484186,0.8462480188981432,0.033825234549724525
868461376,60+_F,1.0,0.07383489264588869,0.1012442284634457,0.027409335817557015
868513344,30s_F,0.0,0.10501376850347731,0.12843158866754162,0.02341782016406431
868593152,30s_F,,0.23952764798502246,0.21249698904424683,-0.027030658940775637
869023744,<30_F,0.0,0.3828751864703585,0.4129025434586211,0.030027356988262588
869073856,30s_F,0.0,0.8759811442732085,0.8327089441216402,-0.043272200151568296
869081280,<30_F,0.0,0.07667206532161608,0.1152580429570199,0.03858597763540382
869172224,60+_F,0.0,0.6367682088501587,0.7025375883965448,0.06576937954638606
869272448,<30_F,0.0,0.215155230737664,0.249411027523552,0.034255796785888
869331840,40s_M,0.0,0.8953380467197267,0.9064252400716083,0.011087193351881575
869471040,30s_F,0.0,0.5208577106923472,0.5680696012885885,0.04721189059624131
869563840,60+_F,0.0,0.2547263909601958,0.2741204791412242,0.019394088181028446
869717888,30s_F,0.0,0.3407568001191031,0.29446457584062297,-0.04629222427848012
869799552,30s_F,0.0,0.8370900012539013,0.832755601502848,-0.004334399751053319
869862656,<30_F,0.0,0.18457299342864764,0.19125382736983132,0.006680833941183684
869925760,40s_F,,0.9431005477234652,0.8921418044322533,-0.05095874329121186
869938752,30s_F,0.0,0.8453420509633305,0.8370088408207255,-0.008333210142605019
869966592,30s_F,,0.07855792960552047,0.08242719533391808,0.0038692657283976167
869979584,50s_F,0.0,0.9146748083872457,0.91733169771897,0.002656889331724366
869987008,50s_F,0.0,0.18422926589794464,0.19888084394850164,0.014651578050557001
870144768,50s_F,0.0,0.6517440387714629,0.7437439625558033,0.09199992378434041
870586496,30s_M,,0.08280997790264757,0.08957197383216942,0.006761995929521841
870655168,30s_F,0.0,0.1534853506963128,0.1713741220974085,0.017888771401095682
870838912,30s_F,,0.3572728907189656,0.31165187819937773,-0.04562101251958789
870877888,<30_F,0.0,0.07059192118361234,0.10467670899556758,0.034084787811955244
870998528,30s_F,0.0,0.3135610576013018,0.37562519255514376,0.06206413495384194
871076480,30s_F,0.0,0.09571777828321534,0.11636294179924933,0.020645163516033987
871362304,30s_F,0.0,0.22923504226372665,0.2039492229127079,-0.025285819351018757
871423552,50s_F,,0.450686498810162,0.43365977328274935,-0.017026725527412634
871622144,40s_F,0.0,0.8088054563887601,0.8598326950618282,0.05102723867306813
871648128,50s_F,0.0,0.5151961539894632,0.5280565272892566,0.012860373299793393
871770624,30s_F,0.0,0.2285846830618161,0.22777621878470364,-0.0008084642771124528
871859712,30s_F,0.0,0.4269629379284525,0.3800807234085176,-0.046882214519934906
871863424,50s_F,0.0,0.11184338746844119,0.13584397641370685,0.02400058894526566
872052736,<30_F,0.0,0.22526013711517673,0.26143367753070035,0.03617354041552362
872260608,30s_F,0.0,0.861379523974398,0.8896140783292268,0.0282345543548288
872268032,50s_F,0.0,0.06233279307793916,0.0907981835132323,0.028465390435293135
872301440,30s_F,,0.05952917971536901,0.08605085159712958,0.02652167188176057
872384960,30s_F,0.0,0.7136132218692172,0.6830097077109274,-0.03060351415828977
872396096,<30_F,0.0,0.7285642735955165,0.7536588556339828,0.025094582038466373
872618816,30s_F,0.0,0.14473844369914932,0.19903145732766525,0.054293013628515935
872633664,40s_F,0.0,0.34263349324394454,0.40720136894052267,0.06456787569657813
872672640,<30_F,0.0,0.08327773165556601,0.08969305039541738,0.006415318739851364
872680064,30s_F,0.0,0.19641788548366787,0.2658050081585449,0.06938712267487704
872769152,30s_M,0.0,0.44805691635882733,0.4679558747101302,0.019898958351302898
872839680,30s_F,,0.469709905047977,0.38646120707795995,-0.08324869797001705
872900928,40s_F,0.0,0.10025165894899885,0.11996250113934324,0.0197108421903444
873132928,50s_M,,0.08679102240756524,0.12386897800646429,0.03707795559889905
873157056,30s_F,0.0,0.9001427035422916,0.8960007163056508,-0.004141987236640832
873170048,30s_F,0.0,0.38325442664037235,0.38083809590814205,-0.0024163307322302985
873409472,50s_F,0.0,0.3857182769646805,0.4040925170318058,0.018374240067125347
873481856,30s_F,0.0,0.7437228758039809,0.7953047863778205,0.05158191057383965
873494848,30s_F,1.0,0.3138363547085668,0.29883338776770824,-0.015002966940858564
873531968,30s_M,0.0,0.7533914099161068,0.8055009583596742,0.05210954844356741
873554240,30s_F,0.0,0.7270245092835192,0.6604602714023617,-0.0665642378811575
873687872,<30_F,0.0,0.3971846388529768,0.4028432850720724,0.00565864621909562
874049792,40s_F,0.0,0.7859369266211813,0.8286491713350951,0.04271224471391377
874122176,40s_F,0.0,0.274878929665739,0.28962137242730085,0.014742442761561836
874146304,50s_F,0.0,0.9482881296213825,0.9084950479010147,-0.039793081720367884
874214976,<30_F,,0.4570199981233116,0.48776344685908235,0.03074344873577073
874242816,50s_F,0.0,0.8137201117587267,0.8136312606667943,-8.885109193246254e-05
874261376,30s_F,0.0,0.24298419702570953,0.22332814761774883,-0.019656049407960702
874283648,30s_F,,0.06829503338341925,0.11939069681144482,0.05109566342802557
874309632,30s_F,0.0,0.08597476092174805,0.11049530101784363,0.024520540096095583
874517504,30s_F,0.0,0.49918712267688237,0.44159465021967564,-0.05759247245720672
874665984,<30_F,0.0,0.2658690434934971,0.29291691954311494,0.027047876049617836
874834880,40s_F,1.0,0.21503816986804875,0.25800469525458714,0.04296652538653839
874953664,50s_F,,0.27605643095670634,0.25485228483287714,-0.021204146123829204
875011200,40s_F,0.0,0.6672767879056586,0.7728599556392288,0.10558316773357024
875059456,<30_F,1.0,0.8765844131409515,0.8570746580871375,-0.019509755053814026
875141120,30s_F,0.0,0.06703603871719338,0.1111709198492568,0.04413488113206342
875501184,30s_F,0.0,0.10133101214966153,0.1379367721809812,0.036605760031319656
875621824,<30_F,0.0,0.08398531580724601,0.10314717271969333,0.019161856912447317
875644096,<30_M,1.0,0.39893062307832206,0.3982483903779961,-0.0006822327003259687
875807424,<30_F,0.0,0.4036199598450389,0.43023162904164586,0.026611669196606957
875942912,60+_M,,0.6669137137093201,0.5634352834866516,-0.10347843022266845
875970752,40s_F,0.0,0.0759996805632095,0.09494330377825186,0.01894362321504235
876158208,30s_F,0.0,0.6974613439435331,0.6495736293651849,-0.04788771457834817
876312256,30s_F,0.0,0.13232617066279231,0.1323801411946769,5.3970531884578454e-05
876408768,30s_F,0.0,0.8691461442343386,0.8939615876076471,0.024815443373308543
876564672,40s_F,0.0,0.5534632047921514,0.5201447090220479,-0.033318495770103485
876648192,<30_F,0.0,0.06676808663776988,0.09412875422565245,0.027360667587882567
876694592,30s_F,0.0,0.4789157365522297,0.4866918112112384,0.007776074659008703
876865344,<30_F,0.0,0.05523169218268881,0.08729160013211726,0.03205990794942845
877013824,30s_F,0.0,0.2652525321069063,0.230630863663944,-0.0346216684429623
877032384,50s_F,,0.5755367064359871,0.6439599413452024,0.06842323490921531
877288512,<30_F,0.0,0.6785946353246546,0.6255493885498747,-0.05304524677477984
877346048,30s_F,0.0,0.19000861982892084,0.19307332449509768,0.0030647046661768373
877442560,30s_F,,0.0668661382791201,0.09931969731786053,0.032453559038740434
877457408,40s_F,0.0,0.08192214746912402,0.09048312382520851,0.008560976356084493
877566912,40s_F,0.0,0.08232291164541847,0.1031088986324996,0.02078598698708113
877772928,30s_F,,0.1918559297322893,0.20644021622852993,0.014584286496240634
877915840,30s_F,,0.09459375749502186,0.12651018957175572,0.031916432076733864
877947392,40s_F,0.0,0.06621592661171678,0.09576003954014173,0.029544112928424945
878023488,30s_F,1.0,0.06266313081358811,0.10564957273745383,0.04298644192386572
878029056,40s_M,0.0,0.0831214053477951,0.08798286894863452,0.00486146360083943
878194240,<30_F,,0.8419197332561233,0.8146250697101834,-0.0272946635459399
878266624,40s_F,0.0,0.8162639271953566,0.8764888299471726,0.06022490275181602
878318592,50s_F,0.0,0.16054140074218812,0.1941475421172063,0.03360614137501819
878352000,40s_F,,0.845948406722623,0.8898531271707381,0.04390472044811511
878415104,30s_F,0.0,0.8301021058836124,0.8678321543854647,0.03773004850185224
878884672,30s_F,0.0,0.48370122168569485,0.5244081890235632,0.04070696733786838
878940352,30s_F,1.0,0.20289004447163933,0.20705068808742397,0.004160643615784637
879031296,40s_F,0.0,0.6574038248583325,0.6718200065294613,0.014416181671128792
879426624,40s_F,0.0,0.41999019667719745,0.4707091298804086,0.050718933203211136
879476736,30s_F,0.0,0.05980371553877841,0.08422205412596981,0.024418338587191397
879510144,30s_M,0.0,0.09421154449189485,0.1499940016832179,0.055782457191323034
879524992,50s_F,0.0,0.18081220035839113,0.19515509720096605,0.01434289684257492
879530560,40s_F,0.0,0.1612026300664608,0.17891534411423354,0.01771271404777275
880105920,<30_F,0.0,0.3707534539197836,0.3270308198981268,-0.04372263402165677
880200576,30s_F,,0.21150040677895454,0.21059608832830562,-0.0009043184506489221
880545792,<30_F,,0.7152313384603549,0.7198720448870229,0.004640706426668029
880668288,50s_F,0.0,0.1525337361404029,0.14881943673552325,-0.003714299404879634
880770368,60+_F,0.0,0.2862517337873173,0.26807339962382093,-0.018178334163496346
880807488,30s_F,,0.9106583981916861,0.9093531133750895,-0.0013052848165966413
880889152,<30_F,0.0,0.10850799367917757,0.13433285965242464,0.02582486597324707
880991232,30s_F,0.0,0.06484952525408681,0.0942452702798996,0.029395745025812783
881171264,<30_F,0.0,0.1737655934692725,0.22130933785172377,0.047543744382451264
881174976,30s_F,0.0,0.22434721750339148,0.20153923017213057,-0.02280798733126091
881176832,30s_F,0.0,0.3858230453174389,0.3002038152114729,-0.085619230105966
881228800,60+_M,0.0,0.42991013219762597,0.5384097766882475,0.10849964449062155
881299328,50s_F,0.0,0.7825087236892074,0.8291860388155062,0.0466773151262988
881304896,30s_F,,0.06955160490184828,0.11608972123784207,0.04653811633599379
881535040,30s_F,0.0,0.1867379378052082,0.1728507093705321,-0.013887228434676102
881679808,50s_F,0.0,0.18522860214718995,0.18796710264095673,0.0027385004937667823
881694656,30s_F,0.0,0.08609514579642827,0.130423810445783,0.044328664649354727
882045440,60+_F,,0.128548536119649,0.14380921984181447,0.015260683722165463
882292288,<30_F,0.0,0.5569644371396516,0.5961472455895281,0.03918280844987654
882485312,60+_F,0.0,0.5341123218014091,0.5720277765852307,0.037915454783821634
882592960,30s_F,0.0,0.5750321491462078,0.5620347656178073,-0.012997383528400519
883259264,30s_F,0.0,0.7246208132595467,0.8291158864043373,0.10449507314479056
883303808,40s_F,0.0,0.08010659760197812,0.10793441752042778,0.027827819918449653
883307520,40s_F,0.0,0.06554670350997607,0.0814568772388453,0.01591017372886923
883387328,40s_F,0.0,0.14227873623522933,0.1826565552571187,0.04037781902188939
883400320,30s_F,,0.8596975341055808,0.8836512261063123,0.023953692000731497
883454144,30s_F,0.0,0.8251839787524061,0.880958562678606,0.05577458392619983
883537664,40s_F,0.0,0.07097672664612617,0.1063624385481445,0.035385711902018335
883584064,40s_F,0.0,0.3038964145100054,0.31446504729475383,0.010568632784748455
883593344,40s_F,0.0,0.50507527933828,0.4772477171030482,-0.027827562235231806
883658304,40s_F,0.0,0.24260430365349583,0.2559700769485729,0.013365773295077044
883715840,40s_M,0.0,0.15939994740674468,0.19679897201775462,0.03739902461100994
883751104,40s_F,0.0,0.6044608042923252,0.6992128430539266,0.09475203876160143
883756672,30s_F,,0.2951732776241979,0.2541474357073449,-0.041025841916853045
883773376,30s_F,0.0,0.578054710057616,0.563042428319819,-0.015012281737797006
883817920,30s_F,0.0,0.08675704335660617,0.08646118448735832,-0.0002958588692478503
883897728,30s_F,,0.8507008699181259,0.7814328032373271,-0.06926806668079877
883927424,60+_F,,0.27353828127252583,0.30448072830385814,0.03094244703133231
884122304,<30_F,,0.4865642000759086,0.5549823111104394,0.06841811103453077
884139008,50s_F,0.0,0.06841784066621355,0.11012768661716027,0.04170984595094672
884163136,50s_F,0.0,0.7962118173096482,0.8172994322592995,0.02108761494965128
884170560,<30_F,0.0,0.05314473892209293,0.10893054124174173,0.0557858023196488
884352448,30s_F,0.0,0.14440809555011996,0.1749318864735352,0.030523790923415228
884590016,<30_F,0.0,0.25436399934947146,0.23877936531211158,-0.015584634037359879
884606720,30s_F,0.0,0.250649426782566,0.22760382168653265,-0.023045605096033372
884747776,30s_F,,0.31301916905063437,0.2831706156116194,-0.02984855343901499
884860992,60+_F,1.0,0.15375745958661527,0.1910457762008796,0.03728831661426432
884886976,<30_F,,0.15950627391580405,0.17772060642128534,0.018214332505481295
884914816,30s_F,0.0,0.17971692453619817,0.19780268560610537,0.018085761069907197
885345408,40s_F,0.0,0.0745377140463404,0.09636703825737693,0.021829324211036533
885347264,40s_F,0.0,0.07322056808294826,0.10391292445815621,0.030692356375207952
885653504,30s_F,,0.8298120105577022,0.8337722407113672,0.00396023015366509
885985728,30s_F,,0.06425456837702191,0.08715056708887584,0.022895998711853924
885995008,30s_F,0.0,0.7695563064911443,0.7161983865393299,-0.05335791995181438
886054400,40s_F,0.0,0.4545880484942488,0.3917006067618199,-0.06288744173242888
886169472,40s_F,0.0,0.6039635210884433,0.6543548957286248,0.05039137464018151
886280832,30s_F,0.0,0.8471372478329652,0.8140619497974058,-0.03307529803555942
886301248,40s_F,,0.07784869087862323,0.09209952807171058,0.014250837193087354
886321664,30s_F,0.0,0.8339608221260779,0.8597495465230584,0.025788724396980434
886323520,40s_M,0.0,0.6379084267955105,0.6669861595040011,0.029077732708490567
886334656,50s_F,0.0,0.20332866716340592,0.20535214925941475,0.002023482096008833
886440448,40s_F,0.0,0.07118069702426344,0.08384570337074498,0.012665006346481544
886472000,30s_F,0.0,0.7534606485857818,0.803581671649163,0.05012102306338129
886549952,30s_F,0.0,0.13767053516951186,0.2108541367585489,0.07318360158903703
886566656,50s_F,0.0,0.275805015004427,0.2731323821524649,-0.00267263285196212
886579648,60+_F,0.0,0.865689517807391,0.8911270772184973,0.02543755941110626
886672448,<30_F,0.0,0.748872413073505,0.7098222872805373,-0.03905012579296774
887201408,<30_F,0.0,0.08060661197181018,0.09904182823738805,0.01843521626557787
887451968,30s_F,0.0,0.561085210086019,0.6460305067744357,0.08494529668841677
887715520,30s_F,0.0,0.3646619768963808,0.29642386936062265,-0.06823810753575815
887912256,40s_F,0.0,0.785390130439447,0.8005014497563551,0.015111319316908012
887960512,40s_F,,0.07825868895566356,0.09417396012771523,0.015915271172051673
888040320,30s_F,0.0,0.10080884760756703,0.10805204120701394,0.007243193599446904
888363264,30s_F,1.0,0.06864416046281233,0.08597678331587065,0.017332622853058324
888381824,30s_F,0.0,0.13708302977839484,0.16671079363879104,0.0296277638603962
888398528,50s_F,0.0,0.49289534481956065,0.5654440761262619,0.07254873130670125
888530304,40s_F,0.0,0.709756996882428,0.6940734947658344,-0.01568350211659364
888580416,30s_M,0.0,0.15752536917822327,0.1750410697367254,0.01751570055850213
888654656,30s_F,1.0,0.48982049677705425,0.45521115536021306,-0.03460934141684119
888775296,30s_F,0.0,0.7731152717248239,0.7916380710516269,0.018522799326803008
888866240,30s_F,0.0,0.3900760853390563,0.40810256059913036,0.01802647526007406
888910784,30s_F,0.0,0.0702819601370347,0.08848753020793307,0.018205570070898375
888914496,30s_F,0.0,0.15822100670427186,0.16983522844028942,0.01161422173601756
889202176,40s_M,0.0,0.4409791778427874,0.4095442851093695,-0.031434892733417874
889220736,<30_F,0.0,0.7175072986343162,0.6210367252106092,-0.09647057342370702
889337664,40s_F,0.0,0.3279204594355258,0.2942118671685641,-0.03370859226696166
889410048,40s_M,0.0,0.10241878361712117,0.1521967650432297,0.049777981426108536
889465728,40s_F,0.0,0.09970745658484002,0.1448051492015897,0.04509769261674969
889491712,30s_F,0.0,0.10697313255379136,0.1069028482483149,-7.028430547645348e-05
889534400,30s_F,0.0,0.7892847674445845,0.8558418497613903,0.0665570823168058
889547392,<30_F,0.0,0.09057447006343182,0.11057161525238506,0.019997145188953236
889745984,60+_F,,0.7360567810207091,0.6741072726576794,-0.061949508363029704
889822080,30s_F,0.0,0.8585825007481277,0.886568938843481,0.027986438095353283
889851776,30s_F,0.0,0.12385830055651055,0.15536350015128447,0.03150519959477392
889866624,30s_F,0.0,0.20179610223220174,0.24840322207112073,0.04660711983891899
889874048,<30_F,0.0,0.06069621918748768,0.10150135762680533,0.04080513843931765
889881472,30s_F,0.0,0.0669018501623093,0.1105429016579017,0.0436410514955924
890365888,30s_F,0.0,0.373041915104401,0.3716686564779965,-0.0013732586264044722
890501376,40s_F,0.0,0.17764771399144014,0.17391532978288513,-0.003732384208555012
890724096,50s_F,0.0,0.8970129470442402,0.9056066319419291,0.008593684897688969
890731520,30s_F,0.0,0.7564792087238864,0.8023701801657843,0.04589097144189791
890738944,30s_F,0.0,0.8389356994283363,0.8656668275523967,0.02673112812406031
890826176,30s_F,0.0,0.8263821239642618,0.878292424222646,0.05191030025838417
893192576,40s_F,,0.8329015826494205,0.798425834089401,-0.03447574856001945
893227840,<30_F,0.0,0.2224892089915787,0.2685601077191203,0.04607089872754161
893452416,30s_F,1.0,0.23914101455838177,0.23732619888612316,-0.0018148156722586073
893491392,40s_F,0.0,0.2536457632819759,0.24324292942553444,-0.010402833856441474
893806912,<30_F,0.0,0.06277482749913005,0.1054848825539908,0.04271005505486075
893808768,<30_F,,0.10188188767367283,0.12704367425922652,0.025161786585553694
893858880,30s_F,0.0,0.11881548073332038,0.16911461602161004,0.050299135288289665
893912704,40s_F,0.0,0.07822691518639481,0.10635961910317818,0.028132703916783366
893944256,30s_F,0.0,0.10645177039286122,0.1506780714063528,0.04422630101349159
893953536,30s_F,,0.16055171010383396,0.2080862124910108,0.04753450238717685
894140992,30s_M,1.0,0.1252928936053843,0.13946498282633565,0.014172089220951367
894205952,<30_F,0.0,0.10856823867643664,0.13840741143172783,0.029839172755291188
894218944,30s_F,0.0,0.15915638657171274,0.20755701781016334,0.04840063123845059
894311744,40s_F,0.0,0.766216672107478,0.8486127488023353,0.08239607669485727
894525184,<30_F,,0.8179571834948695,0.7894555851736677,-0.028501598321201804
894541888,50s_F,0.0,0.07384467076101678,0.0931567165262906,0.019312045765273816
894560448,<30_F,0.0,0.8344373966990905,0.7979499172113513,-0.036487479487739116
894577152,30s_F,,0.818863167554921,0.8220416186265334,0.0031784510716124093
894643968,30s_M,,0.10077810776117282,0.12690208831409341,0.02612398055292059
894662528,60+_F,0.0,0.883677907005001,0.8912009328076789,0.00752302580267783
894679232,<30_F,1.0,0.3167203852992101,0.3517829423324057,0.03506255703319561
894729344,30s_F,0.0,0.42390939583697124,0.353349618364932,-0.07055977747203923
894788736,30s_F,1.0,0.25889837992361714,0.2634664518012938,0.0045680718776766605
894859264,30s_F,0.0,0.35998238044639125,0.3223595283035275,-0.03762285214286376
894905664,30s_F,0.0,0.4641478346970866,0.5111485811470713,0.0470007464499847
895126528,40s_F,0.0,0.5237674242840503,0.6574145048535341,0.13364708056948382
895241600,30s_F,0.0,0.06985220287645652,0.09943750036649748,0.029585297490040963
895286144,40s_F,0.0,0.12564145813137387,0.14274118310435577,0.0170997249729819
895447616,40s_F,0.0,0.17590501363697428,0.2267076271634804,0.05080261352650611
895477312,<30_F,,0.38345623625748937,0.2998592298016587,-0.08359700645583068
895614656,30s_F,,0.8231749377060372,0.808943196338235,-0.014231741367802253
895620224,50s_F,,0.3278184395712403,0.3773432842407244,0.04952484466948409
895642496,30s_F,0.0,0.5620822358032963,0.6284428615014521,0.06636062569815582
895796544,<30_F,0.0,0.05991609150024363,0.09298019689869844,0.03306410539845481
895985856,30s_F,0.0,0.24804713453458976,0.26136073191919423,0.01331359738460447
895987712,60+_M,,0.23400406366587262,0.20042546665530148,-0.03357859701057114
896089792,40s_F,1.0,0.8948388156359496,0.8870053458939586,-0.00783346974199095
896332928,30s_F,,0.09080332247281003,0.09023468355666356,-0.0005686389161464744
896412736,40s_F,,0.09304111984562338,0.1369290160224038,0.043887896176780405
896791360,30s_F,0.0,0.07848317807209065,0.13111191226284255,0.0526287341907519
896869312,60+_F,,0.8624024852643315,0.8766689423653174,0.014266457100985952
896926848,40s_F,0.0,0.888894281319674,0.9027427802654632,0.013848498945789212
896936128,<30_F,0.0,0.08305396633358841,0.10623887823229895,0.02318491189871054
897207104,40s_F,0.0,0.49038291443195553,0.45500614835141867,-0.03537676608053686
897335168,40s_F,1.0,0.34218617548499275,0.34294660284083617,0.0007604273558434183
897337024,30s_F,0.0,0.0937911744041674,0.09791497397154038,0.004123799567372979
897388992,30s_F,0.0,0.8632883660278076,0.875113765371771,0.011825399343963428
897682240,<30_F,0.0,0.0882565574447645,0.094029049172047,0.005772491727282503
897780608,50s_F,0.0,0.8532748156893193,0.8732175558898345,0.01994274020051523
897929088,50s_F,1.0,0.1266712326664064,0.19294583173693078,0.06627459907052438
897958784,30s_F,0.0,0.11565440645685564,0.11995595728780228,0.004301550830946646
897995904,30s_F,0.0,0.8442681660563874,0.8736082550922261,0.029340089035838623
898005184,30s_F,1.0,0.41315111435082663,0.4358325270616527,0.022681412710826077
898062720,30s_F,0.0,0.41889942858508,0.3879118026544803,-0.030987625930599727
898168512,30s_F,0.0,0.8542833504664086,0.8422594660018804,-0.012023884464528178
898237184,30s_F,0.0,0.20861722793722573,0.20033884773651026,-0.008278380200715474
898534144,<30_F,0.0,0.09457598424493935,0.10017685438628085,0.005600870141341502
898628800,40s_F,0.0,0.9122176539070452,0.917801535396629,0.005583881489583775
898649216,30s_F,0.0,0.12176252813051558,0.1467599532587626,0.024997425128247014
898693760,30s_F,0.0,0.24698060824432796,0.290796273863266,0.04381566561893804
898883072,30s_F,,0.44880939199799685,0.3851355759697252,-0.06367381602827166
899083520,<30_F,0.0,0.21166946548231852,0.2250369863064752,0.013367520824156681
899168896,40s_F,1.0,0.0935106020164477,0.10240261045855067,0.008892008442102972
899515968,30s_F,0.0,0.09637290379768386,0.08774807251053028,-0.008624831287153578
899755392,30s_F,,0.24583269845726732,0.24929603476825993,0.003463336310992604
899764672,30s_F,0.0,0.26932650131687275,0.267957260921219,-0.0013692403956537258
899768384,30s_F,1.0,0.24226723406135486,0.25742952016171217,0.015162286100357303
899788800,60+_F,0.0,0.16473372918990392,0.2410243024457645,0.07629057325586058
899824064,30s_F,,0.1267362367904161,0.14667015670837594,0.01993391991795984
899866752,30s_F,0.0,0.7911338610551084,0.821704835384622,0.03057097432951361
900113600,50s_F,,0.8345670208075093,0.8657785363857043,0.031211515578195015
900275072,30s_F,0.0,0.1876424922003836,0.21513292961203537,0.027490437411651775
900429120,50s_F,0.0,0.11565696860066986,0.1351000190350578,0.019443050434387946
900857856,40s_F,0.0,0.46470080477149783,0.5703518048471026,0.10565100007560474
900891264,30s_F,0.0,0.10414505684972139,0.11539250579946525,0.01124744894974386
900978496,30s_F,0.0,0.9006741734928306,0.9015975049990965,0.0009233315062658898
901234624,60+_F,0.0,0.48873076680320204,0.42166331121886685,-0.06706745558433519
901238336,30s_F,0.0,0.44724606999022315,0.38260100760276655,-0.0646450623874566
901475904,30s_F,,0.7882839373274632,0.7481190567735224,-0.04016488055394074
901539008,30s_F,,0.07596428068731786,0.09832475649463085,0.022360475807312985
901796992,50s_F,0.0,0.11721670155664757,0.1592256708300124,0.04200896927336484
901828544,60+_F,0.0,0.09321485504161676,0.11570896914062319,0.022494114099006424
902051264,<30_F,,0.12052305784884373,0.16481663064541072,0.04429357279656698
902064256,30s_F,0.0,0.6538757901689624,0.6295347218545991,-0.024341068314363223
902201600,60+_F,0.0,0.42159562344375806,0.4411044367704076,0.019508813326649554
902491136,60+_F,0.0,0.059958265430620876,0.10419705397973317,0.04423878854911229
902758400,30s_F,0.0,0.4479792096282102,0.5666223647578942,0.11864315512968399
902854912,30s_F,0.0,0.0800599090009592,0.10563139041818859,0.025571481417229383
902938432,40s_F,0.0,0.8395678810149653,0.8179130371883397,-0.021654843826625525
903081344,40s_F,0.0,0.4514140251366612,0.4399469427850473,-0.011467082351613866
903330048,40s_F,0.0,0.8790591011465255,0.9054004076180868,0.0263413064715613
903378304,40s_F,0.0,0.7267628340182304,0.6667843858944218,-0.05997844812380859
903580608,50s_F,0.0,0.11528929740456845,0.12370594584085114,0.00841664843628269
903677120,50s_F,,0.8740756710824614,0.9127993140574994,0.03872364297503794
903816320,30s_F,0.0,0.8223317153125835,0.8351184757356775,0.012786760423094012
903890560,40s_F,1.0,0.15392962738180332,0.19305392608936608,0.03912429870756276
903916544,50s_F,0.0,0.17211811353557643,0.22288718336318983,0.050769069827613394
903920256,<30_F,0.0,0.0948906580103772,0.10935571615227067,0.014465058141893472
903944384,30s_F,0.0,0.8074085374208013,0.8251021194812743,0.017693582060473
904020480,40s_F,,0.08973316825501483,0.08987661901210414,0.0001434507570893112
904189376,30s_F,0.0,0.44024006641045005,0.4554183943548876,0.015178327944437575
904239488,30s_F,1.0,0.42865402450491424,0.43085754254120934,0.0022035180362950935
904282176,30s_F,0.0,0.10902612518364588,0.1389237172892665,0.029897592105620624
904517888,30s_F,0.0,0.08259631485525663,0.12917103816250516,0.04657472330724853
904679360,60+_F,0.0,0.22213758585439122,0.2266230041209483,0.004485418266557073
904974464,30s_F,0.0,0.7556179226175175,0.7757679691271795,0.020150046509662012
905039424,<30_F,0.0,0.050625670321762344,0.09304288647241706,0.04241721615065471
905057984,40s_F,,0.19137665555945507,0.1976006787169976,0.00622402315754253
905080256,30s_F,0.0,0.22225120675586324,0.24966884554110502,0.027417638785241782
905280704,40s_F,0.0,0.16841759186067795,0.2575365660349259,0.08911897417424797
905499712,30s_F,0.0,0.2958043907024737,0.2640593317629052,-0.03174505893956853
905605504,30s_F,1.0,0.18842298522782325,0.18759398999904456,-0.0008289952287786895
906036096,30s_F,0.0,0.22982185746679534,0.21623517288751298,-0.01358668457928236
906140032,30s_F,0.0,0.28271759446537087,0.297604931548572,0.014887337083201113
906368320,30s_F,0.0,0.1730496027668591,0.17502564099379397,0.001976038226934873
906403584,<30_F,0.0,0.4179795430907482,0.4832770720911838,0.06529752900043562
906436992,30s_F,0.0,0.09453570474172306,0.10322323787243583,0.008687533130712771
906505664,30s_F,0.0,0.08851435018770136,0.11586709886581607,0.027352748678114713
906826752,50s_F,0.0,0.21377724451719224,0.19404312250145883,-0.019734122015733407
906952960,30s_F,0.0,0.48110701901318725,0.5041183652702504,0.023011346257063192
906973376,30s_F,,0.476413110264655,0.3851219605908677,-0.09129114967378732
907006784,<30_F,0.0,0.4329447561350306,0.45277596531472036,0.01983120917968978
907025344,40s_F,0.0,0.10506969867937137,0.13732300051861376,0.032253301839242396
907077312,30s_F,0.0,0.08267003247341337,0.129202356516216,0.046532324042802636
907179392,30s_F,0.0,0.5481339965450919,0.6068495511385773,0.05871555459348543
907203520,40s_F,0.0,0.07302711947573842,0.08372844356612623,0.010701324090387807
907352000,30s_F,0.0,0.23966891454109376,0.24420247482180496,0.004533560280711196
907381696,60+_F,0.0,0.3749768420373348,0.39899089270566807,0.024014050668333287
907494912,30s_F,0.0,0.9391297468781558,0.9020148924120859,-0.03711485446606988
907630400,30s_F,0.0,0.10104025484925222,0.1564089091295577,0.05536865428030549
907687936,30s_F,0.0,0.07107083179184567,0.0767218163037014,0.005650984511855722
907977472,30s_F,0.0,0.5797142816449105,0.6135523290458651,0.03383804740095464
908131520,40s_F,0.0,0.15404113977560888,0.22865138902076285,0.07461024924515397
908183488,40s_M,0.0,0.07419128120658519,0.09457423690133704,0.020382955694751848
908617792,50s_F,,0.7975250716285038,0.844776265281203,0.04725119365269914
908794112,40s_F,,0.07680318907655455,0.07284799293835734,-0.003955196138197212
908940736,60+_M,1.0,0.3638726499748832,0.38427787858774676,0.020405228612863535
909024256,30s_F,,0.8302182373831849,0.8699933741533742,0.03977513677018929
909026112,30s_F,0.0,0.933460199282262,0.886842355768282,-0.04661784351398002
909094784,50s_F,0.0,0.06259320102442899,0.09409543121079217,0.03150223018636318
909195008,40s_F,0.0,0.2977114576660518,0.27276396251760826,-0.02494749514844352
909228416,40s_F,0.0,0.11137546482305391,0.1633085115734799,0.05193304675042598
909493824,50s_F,0.0,0.4004691749277788,0.4523084115098362,0.05183923658205741
910304896,60+_F,0.0,0.2630785187319385,0.24270226764554656,-0.020376251086391933
910826432,40s_F,0.0,0.19505091133710714,0.24785686085945036,0.052805949522343215
911542848,50s_F,1.0,0.10058315756922312,0.11704516857529314,0.016462011006070018
912769664,40s_F,0.0,0.8268958353275261,0.7805406895715673,-0.04635514575595878
913257792,40s_F,,0.08678362153090304,0.08657098922227055,-0.00021263230863248495
913283776,40s_F,0.0,0.6042764553446615,0.6401143968511362,0.03583794150647479
913476800,40s_F,0.0,0.09942991251368057,0.12604778928563723,0.026617876771956664
913825728,<30_F,,0.8132690284061874,0.783024137281237,-0.030244891124950435
914662784,40s_M,0.0,0.1312901463664789,0.15863782195375473,0.027347675587275827
916555904,30s_F,0.0,0.07365485358976938,0.09196795084809714,0.018313097258327762
916576320,30s_F,,0.2579432814488351,0.2935352310399378,0.03559194959110268
916780480,<30_M,0.0,0.7469616198900091,0.8012188659369253,0.054257246046916174
916825024,30s_F,,0.09200077567909554,0.12315821908519359,0.03115744340609805
916979072,40s_F,0.0,0.20326773633763562,0.2555049935210004,0.052237257183364805
916984640,30s_F,0.0,0.12972065471261537,0.18515209812977448,0.05543144341715911
917003200,30s_F,0.0,0.7630410115269067,0.6618034711904801,-0.10123754033642662
917038464,40s_F,,0.07414113572026185,0.10574471469058633,0.03160357897032448
917133120,50s_F,0.0,0.07222378124090438,0.09595197992781428,0.023728198686909896
917177664,<30_F,0.0,0.05675951145364078,0.07865592344302269,0.021896411989381907
917324288,30s_M,,0.11717519426697928,0.14861261008722193,0.03143741582024265
917400384,40s_F,0.0,0.38693054748965117,0.3809163086303498,-0.006014238859301357
917404096,30s_F,0.0,0.25845230817050935,0.33979212766527433,0.08133981949476499
917457920,30s_F,0.0,0.2835598536186063,0.2996356221989702,0.016075768580363914
917463488,50s_F,,0.16659823886090122,0.25340721342760125,0.08680897456670003
917517312,30s_F,0.0,0.43450126403781025,0.4458256784541541,0.011324414416343853
917571136,30s_F,0.0,0.09531604085395184,0.14434112928967935,0.049025088435727504
917684352,30s_F,0.0,0.10860932872434116,0.1308806106861766,0.022271281961835435
917788288,<30_F,0.0,0.42044473223085793,0.41290200902215174,-0.007542723208706192
917925632,30s_F,0.0,0.06531071118762634,0.0929509859091665,0.027640274721540167
918088960,50s_F,1.0,0.3486276883456875,0.29502826552365524,-0.05359942282203228
918107520,30s_F,0.0,0.079446616831033,0.11166688271595743,0.03222026588492442
918220736,30s_F,0.0,0.2195122483277884,0.2290982964059699,0.009586048078181503
918261568,30s_F,0.0,0.27603005453763957,0.254372509674114,-0.021657544863525557
918263424,30s_M,0.0,0.11101946321082107,0.11451895205549288,0.0034994888446718136
918304256,<30_F,0.0,0.10108337083584586,0.12821038500377144,0.02712701416792558
918408192,30s_F,0.0,0.10026954389028102,0.09440079960436956,-0.005868744285911456
918452736,30s_F,0.0,0.05979217362444889,0.11217088944451582,0.05237871582006693
918586368,30s_F,0.0,0.8263775509806337,0.8455542772643128,0.019176726283679058
918944576,30s_F,0.0,0.904615834554128,0.8996111883709703,-0.005004646183157657
919204416,30s_F,0.0,0.9226640906560519,0.8594072594640616,-0.06325683119199033
919222976,<30_F,0.0,0.770142678033798,0.7508995801847067,-0.019243097849091284
919351040,50s_F,0.0,0.8462811951723848,0.9014840983013364,0.0552029031289516
919404864,50s_M,0.0,0.07533803059588358,0.09064071978788892,0.015302689192005337
919553344,30s_F,1.0,0.4310759253468248,0.41540948114756965,-0.01566644419925517
919596032,40s_F,1.0,0.15353965374391976,0.22815547176086448,0.07461581801694472
919835456,30s_F,0.0,0.13790931042287505,0.17252833699206505,0.03461902656919
919976512,30s_F,0.0,0.08732900425973095,0.11723729519851153,0.029908290938780585
919996928,30s_F,0.0,0.06876353481788924,0.0886498046350667,0.019886269817177463
920115712,30s_F,0.0,0.09720926426811781,0.1307593847077164,0.03355012043959858
920364416,40s_F,,0.15795919529956598,0.19167782779400322,0.03371863249443724
920423808,50s_F,1.0,0.8785521946762661,0.911777562956862,0.03322536828059586
920754176,30s_F,,0.7481524988792866,0.7623860546442284,0.014233555764941785
920802432,50s_F,0.0,0.3502075684098581,0.3236289982872297,-0.02657857012262843
921041856,30s_F,1.0,0.16145317370242324,0.2052698569448454,0.04381668324242216
921108672,50s_F,0.0,0.8949587495302942,0.9124525267944084,0.017493777264114163
921333248,40s_F,0.0,0.17752221599793533,0.23142393133541528,0.05390171533747995
921730432,30s_F,0.0,0.05636513045583305,0.11012886504272444,0.05376373458689139
921741568,50s_F,,0.30964685813480375,0.34074442534189514,0.031097567207091392
921745280,40s_F,0.0,0.6400253026530807,0.7000485330015715,0.060023230348490886
921919744,40s_F,0.0,0.29514451951634196,0.3136056667913226,0.01846114727498066
921951296,40s_F,1.0,0.08613732262970819,0.09536782913013994,0.009230506500431751
922081216,30s_F,1.0,0.09198286379640683,0.11624384316527958,0.024260979368872754
922094208,30s_F,,0.44505799472184976,0.5399572844610128,0.094899289739163
922433856,<30_F,0.0,0.058308118198462246,0.08797091033941618,0.02966279214095393
922495104,60+_F,0.0,0.22626023784149363,0.17865067758849965,-0.04760956025299398
922706688,40s_F,0.0,0.7954164396209462,0.8292247871064461,0.03380834748549988
922827328,30s_F,0.0,0.5537921268187271,0.584180434761463,0.030388307942735837
922844032,30s_F,,0.11717121152823996,0.1527111120192394,0.035539900490999435
922884864,40s_F,0.0,0.15038134155444374,0.1841962431358975,0.033814901581453755
922886720,30s_F,,0.30251499639488566,0.31038973131952696,0.007874734924641302
923196672,50s_F,0.0,0.07646674205061682,0.08709205673038438,0.010625314679767559
923406400,30s_M,0.0,0.8573317756688883,0.7811639410746557,-0.0761678345942326
923534464,40s_F,0.0,0.2065471687572895,0.23503285531755821,0.028485686560268703
923773888,50s_F,0.0,0.7208403385131353,0.7791871413645626,0.05834680285142724
923814720,<30_F,0.0,0.09839135987266552,0.1504488770881995,0.05205751721553399
923864832,30s_M,1.0,0.21335050275392858,0.2803188621231921,0.06696835936926354
924343680,30s_F,0.0,0.5502809905825149,0.5645869661553453,0.01430597557283042
924364096,40s_F,0.0,0.4022376714198497,0.41552985718361035,0.013292185763760678
924605376,<30_F,0.0,0.07952323205455729,0.13503118579668918,0.055507953742131896
924935744,30s_F,0.0,0.44154628155926273,0.4902672127647165,0.04872093120545379
924980288,30s_F,0.0,0.16133120727558647,0.18560510160747387,0.024273894331887397
925028544,30s_F,0.0,0.11350279805731754,0.13664034107776699,0.023137543020449444
925305088,30s_F,0.0,0.12807322555844297,0.12114586109747133,-0.006927364460971641
925509248,30s_F,0.0,0.3535427267909054,0.3519694460814715,-0.0015732807094339107
925522240,50s_M,0.0,0.19633435298943616,0.22772874363189943,0.03139439064246327
925559360,30s_F,0.0,0.07911201748047936,0.1009268784489405,0.021814860968461136
925639168,40s_F,0.0,0.8757499025012301,0.895074789570441,0.019324887069210872
925793216,30s_F,0.0,0.6216493234825591,0.604333271859717,-0.01731605162284211
925822912,40s_F,0.0,0.8733439782139518,0.9105788834441345,0.03723490523018269
925854464,<30_F,0.0,0.10025027244769621,0.13403153656964265,0.03378126412194643
925893440,30s_F,,0.3702814834412997,0.40891222180643133,0.038630738365131645
925917568,30s_F,,0.17310795520457392,0.19418993474941043,0.02108197954483651
926006656,30s_F,0.0,0.1006784274067935,0.11043952365453552,0.009761096247742018
926114304,60+_F,0.0,0.32042249443589144,0.31136368351121674,-0.009058810924674698
926136576,30s_F,,0.3626007257984451,0.3478924904751708,-0.01470823532327431
926205248,50s_F,0.0,0.8929708217148193,0.8965178968550728,0.0035470751402534306
926407552,30s_F,0.0,0.4423283710942531,0.5288711556329978,0.0865427845387447
926650688,30s_F,0.0,0.22321586490024944,0.21340397220810547,-0.00981189269214397
926706368,40s_F,0.0,0.11381802486275105,0.14768428970401812,0.03386626484126706
927049728,30s_F,0.0,0.06783406508395064,0.09882159709158383,0.030987532007633198
927433920,30s_F,0.0,0.3824887907866929,0.3690218759107859,-0.01346691487590701
927504448,40s_F,0.0,0.1019328516245377,0.15749938781641146,0.05556653619187375
927678912,60+_F,,0.681865790215689,0.6607595267342887,-0.021106263481400322
927847808,40s_F,0.0,0.2245317452497194,0.28906915858130366,0.06453741333158428
928035264,30s_F,,0.1333490604635823,0.15628607877728012,0.02293701831369782
928111360,40s_F,0.0,0.8890204183386515,0.8702020336896581,-0.018818384648993436
928198592,30s_F,0.0,0.1661100316644855,0.2216612132449865,0.055551181580500986
928317376,30s_F,0.0,0.6686555165639132,0.7430950749104006,0.07443955834648741
928322944,<30_F,0.0,0.2406482539862385,0.2724790341686669,0.031830780182428436
928476992,40s_F,0.0,0.2260350071591517,0.2417525372193742,0.0157175300602225
928502976,30s_F,,0.7661150571658223,0.7461474844322007,-0.019967572733621597
928820352,30s_F,0.0,0.7346875468500739,0.6767537199929632,-0.05793382685711068
928896448,30s_F,0.0,0.8694648260143171,0.8768359749126704,0.00737114889835333
929013376,30s_F,0.0,0.7767177959455435,0.7993071822786508,0.022589386333107364
929425408,30s_F,0.0,0.15426242382196878,0.1804372699023602,0.026174846080391417
929698240,40s_F,0.0,0.19677544559934104,0.20012409480481874,0.0033486492054776995
929766912,30s_M,1.0,0.3554690765749258,0.3520710604605734,-0.00339801611435242
929846720,50s_F,0.0,0.7710285172378287,0.7895831316620154,0.01855461442418671
929941376,30s_F,,0.7727990764263472,0.8358169105627463,0.06301783413639916
930086144,<30_F,0.0,0.3844166609695202,0.34583582691806564,-0.03858083405145457
930383104,30s_F,1.0,0.6212558490732869,0.5896692931491411,-0.03158655592414583
930518592,40s_F,0.0,0.8956187610975276,0.8867048512634474,-0.008913909834080136
930546432,30s_F,,0.16282993984123403,0.1646537751038644,0.0018238352626303578
930611392,30s_F,0.0,0.34977400271268044,0.3246161781336483,-0.02515782457903215
930635520,50s_F,0.0,0.1633088434856779,0.18852077257852332,0.02521192909284542
930791424,50s_F,,0.1012928297062595,0.1274972021268979,0.026204372420638417
930900928,30s_F,0.0,0.08047743388058703,0.0912606014508094,0.010783167570222366
930952896,30s_F,0.0,0.5742846670290634,0.6208907571248363,0.04660609009577288
931021568,50s_F,0.0,0.082280824654473,0.13062786034613574,0.04834703569166274
931067968,30s_F,,0.8531512830245673,0.8576550352212212,0.004503752196653887
931273984,30s_F,,0.8359752533684857,0.8344893720957457,-0.001485881272739964
931329664,<30_M,1.0,0.0621174176449889,0.10432477939188958,0.042207361746900686
931615488,50s_F,,0.2384847862673398,0.2628907330328898,0.024405946765549996
931810368,30s_F,0.0,0.17661779356430415,0.1719088672687252,-0.004708926295578952
931838208,50s_F,0.0,0.605347497778072,0.6131108616136489,0.007763363835576964
931923584,30s_F,0.0,0.3648799407699611,0.3435212537947611,-0.021358686975199992
932047936,40s_F,0.0,0.13706238586891223,0.16331811765489218,0.026255731785979952
932073920,40s_F,0.0,0.09113936686893322,0.1382045619705284,0.047065195101595195
932214976,30s_M,0.0,0.31399986703905225,0.3486459233988505,0.03464605635979823
932517504,<30_F,0.0,0.33494264024842957,0.34475106432306807,0.0098084240746385
932562048,30s_F,0.0,0.12109731032962527,0.14352399070336275,0.022426680373737476
932571328,30s_F,0.0,0.08993936840606728,0.11768388207951831,0.02774451367345103
932680832,50s_F,,0.8097704808437335,0.8672085915884167,0.05743811074468319
932734656,40s_F,0.0,0.06500648950941358,0.08851080337617549,0.02350431386676191
932768064,40s_M,0.0,0.35016170890414466,0.3635840581661248,0.01342234926198016
932836736,30s_F,0.0,0.34877651913487484,0.3792572418504325,0.030480722715557684
932857152,40s_F,,0.26441409084262935,0.22886600722729977,-0.03554808361532957
932968512,<30_F,0.0,0.06464801831056213,0.08750818690964297,0.02286016859908084
933089152,30s_F,1.0,0.5113296190598742,0.5757575118200239,0.06442789276014971
933094720,30s_F,0.0,0.8966941301260788,0.8905037350811099,-0.006190395044968877
933269184,30s_F,0.0,0.06767192057471969,0.08313203721465418,0.01546011663993449
933933632,30s_F,,0.7685803195833342,0.7752398957769742,0.006659576193639993
934000448,50s_F,0.0,0.8845762634104315,0.8895326931634367,0.004956429753005254
934037568,40s_F,1.0,0.8000022717769513,0.8378295566186921,0.037827284841740805
934408768,30s_F,0.0,0.2018288463109284,0.19805758276363783,-0.003771263547290571
934804096,60+_F,0.0,0.7410300788046997,0.6832049430895976,-0.05782513571510217
934805952,50s_F,,0.08610399527022876,0.08958509330507805,0.003481098034849292
934919168,30s_F,0.0,0.9438152361809236,0.9022547535225722,-0.04156048265835133
934926592,30s_F,,0.0689272846981166,0.10972318896610518,0.040795904267988584
934982272,30s_F,,0.07560573169606073,0.07784523806397414,0.0022395063679134103
935006400,30s_F,1.0,0.8112855943026602,0.8394620252664438,0.028176430963783528
935431424,50s_F,0.0,0.615314236002908,0.5771941601352478,-0.0381200758676602
935661568,30s_F,,0.7482694282068174,0.7144495755408016,-0.03381985266601584
935889856,<30_F,,0.21838185201083996,0.2295972220835532,0.011215370072713254
935991936,<30_F,0.0,0.07272661313867473,0.14128897459251044,0.06856236145383571
935999360,50s_F,0.0,0.6873010130951381,0.7144731040965757,0.02717209100143758
936042048,40s_F,0.0,0.9460102080613548,0.9126187192848002,-0.03339148877655462
936145984,60+_F,0.0,0.6649190197912415,0.7504928705637319,0.08557385077249047
936196096,30s_F,,0.8020619441889661,0.8325062467993056,0.03044430261033948
936205376,40s_F,0.0,0.32577879942683785,0.3237716038893302,-0.0020071955375076667
936376128,30s_F,0.0,0.4146529703828895,0.4938964937453722,0.07924352336248269
936411392,<30_F,0.0,0.8257107245700586,0.7781968224467789,-0.04751390212327966
936416960,50s_F,0.0,0.8060401523676568,0.8287321970294182,0.022692044661761446
936506048,30s_F,0.0,0.22557738061962762,0.22138344859386197,-0.004193932025765651
936530176,60+_F,0.0,0.06473697541227205,0.09128911450169933,0.026552139089427274
936539456,<30_F,,0.09533550866497087,0.1046375848283476,0.009302076163376735
936611840,30s_F,,0.42744156263592376,0.3631264837816798,-0.06431507885424398
936641536,<30_F,,0.05153084382733583,0.09557236248668595,0.04404151865935012
936658240,<30_F,0.0,0.7144535468480678,0.7172398391298409,0.002786292281773073
936693504,40s_F,,0.35800704236632663,0.3283506223306588,-0.02965642003566782
936723200,50s_F,0.0,0.8954228567841401,0.9086077946272482,0.013184937843108036
936801152,30s_F,0.0,0.7530582593025825,0.6688514005774074,-0.08420685872517508
937038720,50s_F,,0.5901574317621915,0.5168714023947993,-0.07328602936739215
937092544,40s_F,0.0,0.42785024007704336,0.3663742503333959,-0.061475989743647486
937107392,30s_F,1.0,0.8609139654741247,0.8728915694636172,0.011977603989492547
937376512,30s_F,0.0,0.17590301004808084,0.2048091802595542,0.028906170211473348
937963008,<30_F,0.0,0.058659299515561585,0.11320582929458502,0.05454652977902343
938016832,30s_F,0.0,0.07501663510958893,0.07662880847152304,0.0016121733619341022
938154176,30s_F,,0.4426026090913776,0.42396277541378047,-0.01863983367759714
938280384,30s_F,,0.06068558546823235,0.10644253218794754,0.04575694671971519
938553216,<30_F,,0.3550714889773032,0.3268590710465511,-0.028212417930752076
938560640,<30_F,0.0,0.5540075918030314,0.585068390251307,0.031060798448275584
938686848,30s_F,0.0,0.10919222306885809,0.11260986634267817,0.0034176432738200757
938811200,<30_F,0.0,0.2689056893353522,0.3513791465296648,0.0824734571943126
938963392,30s_F,0.0,0.6545188120678076,0.656010693715379,0.0014918816475714136
939167552,<30_F,0.0,0.06475163490254666,0.07806765174543653,0.013316016842889869
939178688,30s_M,0.0,0.8829191999852299,0.9021782740336362,0.01925907404840621
939239936,30s_F,0.0,0.5070204402425382,0.6226155957820937,0.11559515553955546
939548032,30s_F,,0.6770764354071305,0.7117919035379353,0.03471546813080484
939564736,30s_F,0.0,0.06756185169018193,0.11157746769675268,0.04401561600657075
939915520,30s_F,0.0,0.10146393833150351,0.12498243176831228,0.02351849343680877
939939648,30s_F,0.0,0.09464232686393396,0.09605334744813585,0.0014110205842018803
940231040,<30_F,0.0,0.15825609556411596,0.18331894001827273,0.02506284445415677
940232896,30s_F,,0.5163953424015895,0.5971000968301383,0.08070475442854885
940321984,50s_F,0.0,0.0683047213686294,0.10456930805628675,0.03626458668765735
940344256,30s_F,0.0,0.2913124281315069,0.3035620076511287,0.0122495795196218
940375808,40s_F,0.0,0.6058606030663294,0.6506333095209965,0.04477270645466713
940438912,40s_F,0.0,0.08581059144716954,0.07845904247856204,-0.007351548968607499
940515008,30s_F,,0.44119449330970645,0.44192864405261983,0.0007341507429133864
940927040,30s_F,0.0,0.12355047731676694,0.13749851616116007,0.013948038844393135
941003136,40s_F,0.0,0.08816127923162995,0.09559599257300881,0.007434713341378865
941201728,<30_M,0.0,0.060263043181495834,0.09503076087177824,0.034767717690282404
941314944,40s_F,,0.33901763448346295,0.32180494902141943,-0.01721268546204352
941461568,60+_F,0.0,0.17153736595170563,0.16507901702627187,-0.00645834892543376
941663872,30s_F,0.0,0.6997296165544266,0.6868308003195913,-0.012898816234835242
941675008,50s_F,0.0,0.835605801397423,0.7777564367952797,-0.057849364602143294
941728832,30s_F,0.0,0.1548181500653252,0.18518911373669358,0.03037096367136838
941793792,40s_F,0.0,0.797081359500664,0.8488444669759169,0.05176310747525281
941799360,30s_F,0.0,0.20155813376406517,0.2208570643311959,0.019298930567130723
941879168,30s_F,0.0,0.3241953282411368,0.3085168934180915,-0.015678434823045262
942005376,60+_F,1.0,0.7666346112914425,0.7174462567755094,-0.049188354515933064
942144576,<30_F,0.0,0.09874949337301425,0.15167348323943974,0.05292398986642549
942591872,30s_F,0.0,0.7717671808587194,0.6954598088230444,-0.07630737203567506
942732928,30s_F,1.0,0.1640028319927374,0.15475158531118963,-0.009251246681547781
942825728,30s_F,0.0,0.2642506315449291,0.2595776468146387,-0.00467298473029043
942842432,30s_F,0.0,0.06424907939320632,0.10891575027283355,0.04466667087962724
943068864,<30_F,0.0,0.07235196747830805,0.09706714723826254,0.024715179759954492
943146816,30s_F,0.0,0.06608649851726611,0.08794401243057029,0.021857513913304177
943250752,30s_F,0.0,0.10393024204364516,0.09759748598947658,-0.006332756054168581
943330560,60+_F,,0.5529577481689548,0.48796436957594197,-0.06499337859301285
943427072,30s_F,0.0,0.8242971384768228,0.7902963040858084,-0.03400083439101442
943434496,30s_F,0.0,0.7619004814331618,0.813130870635276,0.0512303892021142
943542144,30s_F,0.0,0.86784965258937,0.8580427545920537,-0.009806897997316266
943729600,30s_F,0.0,0.6518146626050688,0.6524221754713814,0.000607512866312554
943805696,<30_F,0.0,0.1018581698856387,0.1382788184039494,0.0364206485183107
943956032,<30_F,0.0,0.8268529279470919,0.7620611982254989,-0.06479172972159297
944258560,40s_F,0.0,0.895777675582172,0.8623141053018967,-0.033463570280275357
944381056,<30_F,0.0,0.6533426373665059,0.5272673711314579,-0.12607526623504794
944394048,<30_F,0.0,0.152933278002496,0.1681103882414109,0.015177110238914882
944433024,40s_F,0.0,0.09580597236967967,0.12671682004316476,0.030910847673485092
944858048,30s_F,,0.18346127675502552,0.15651669127021303,-0.02694458548481249
945023232,40s_F,,0.08029788008236599,0.12884657322462498,0.048548693142258986
945043648,30s_F,0.0,0.16816278767031284,0.20950637254133728,0.041343584871024436
945292352,50s_F,0.0,0.4316687268219576,0.3639911367633038,-0.06767759005865381
945368448,30s_F,1.0,0.8694509280112216,0.8737744435376789,0.004323515526457267
945533632,40s_F,0.0,0.1055744090204246,0.16427376060602428,0.05869935158559968
945567040,30s_F,0.0,0.5756357310238616,0.5932097058152235,0.017573974791361913
945685824,<30_F,1.0,0.3274477072720863,0.4224711772040972,0.09502346993201094
945704384,40s_F,0.0,0.08845778444702126,0.14049575111715354,0.052037966670132274
945771200,50s_F,,0.21870338986251678,0.2249370049281856,0.006233615065668829
945851008,30s_F,0.0,0.13336032580430807,0.15680306879193887,0.0234427429876308
945949376,<30_F,,0.5595994320115101,0.5655948745692847,0.005995442557774622
946088576,30s_F,,0.7433902323750655,0.7759102196550632,0.03251998727999772
946090432,30s_F,0.0,0.16658848961010586,0.167485492877183,0.0008970032670771455
946170240,40s_F,,0.5488127281135161,0.5713434399343492,0.022530711820833105
946248192,30s_F,0.0,0.06640627751211078,0.10656544068313661,0.04015916317102583
946303872,40s_F,0.0,0.40415308046254333,0.43902576062070686,0.03487268015816353
946344704,60+_M,,0.10418948225866004,0.11085947509983934,0.006669992841179306
946541440,40s_F,1.0,0.2467485170863427,0.2520860054744994,0.005337488388156675
946571136,30s_F,0.0,0.096558320705493,0.093154578734728,-0.003403741970764998
946808704,30s_F,,0.6382218151835277,0.5183150084354957,-0.119906806748032
946959040,30s_F,0.0,0.43537839262273514,0.5126040767024578,0.07722568407972263
947029568,<30_F,0.0,0.15356060179595699,0.17030353395997747,0.01674293216402048
947213312,30s_F,0.0,0.5981603653735976,0.5938907688422984,-0.0042695965312992135
947220736,<30_F,0.0,0.2141475835739531,0.2391386729966079,0.024991089422654794
947500992,30s_F,0.0,0.828507218436493,0.8713665873767458,0.04285936894025277
947525120,<30_F,0.0,0.2828948935761807,0.2882503906014635,0.005355497025282818
947539968,30s_F,0.0,0.22047920954584777,0.19670537795691057,-0.0237738315889372
947562240,30s_F,0.0,0.10261092196846988,0.14911348855539328,0.046502566586923394
947577088,30s_F,0.0,0.07144994321166508,0.07768044072473365,0.006230497513068575
947688448,<30_F,0.0,0.42546881562560307,0.4265992383138722,0.0011304226882691282
947692160,30s_F,0.0,0.16630541490540318,0.18903743786128502,0.022732022955881837
947755264,30s_F,0.0,0.8150747426603886,0.8662963643526251,0.05122162169223654
947803520,<30_F,0.0,0.15535805816941411,0.1623579727563375,0.006999914586923395
948046656,30s_F,0.0,0.06488767516061916,0.08709147226688466,0.022203797106265494
948055936,30s_F,0.0,0.4595248580862921,0.4383700980054906,-0.021154760080801527
948067072,30s_F,0.0,0.09218126513866379,0.09006926396590537,-0.002112001172758421
948143168,<30_F,0.0,0.06726428785301927,0.12294778977120853,0.05568350191818926
948158016,30s_F,0.0,0.0714489180169112,0.09495438468156114,0.02350546666464995
948193280,40s_F,0.0,0.880410524307962,0.890693769879323,0.010283245571361066
948234112,30s_F,,0.08764888192487445,0.11208185535025436,0.02443297342537991
948419712,50s_F,0.0,0.31615186624898145,0.2906952371836192,-0.025456629065362224
948492096,50s_M,1.0,0.7763200820016882,0.8118417839249495,0.03552170192326132
948614592,30s_F,,0.7496953581292476,0.7669718457477499,0.017276487618502312
950542976,40s_F,0.0,0.8263173686729955,0.8721087320606112,0.04579136338761569
950565248,30s_F,0.0,0.0731752563939694,0.08678781467381241,0.013612558279843007
950787968,50s_F,0.0,0.7482578995884586,0.769395820890415,0.021137921301956464
950865920,30s_F,0.0,0.5224903344762469,0.5454574996879544,0.022967165211707496
950971712,50s_F,0.0,0.6223598926719351,0.6986568891035939,0.07629699643165877
951036672,30s_F,0.0,0.2220905890279285,0.2047352312639002,-0.0173553577640283
951116480,<30_F,,0.07579759082981624,0.09320704999415462,0.01740945916433838
951175872,40s_F,,0.7625387343997957,0.8327743806813419,0.07023564628154622
951190720,30s_F,0.0,0.6917103229021231,0.7053747848475906,0.013664461945467554
951196288,<30_F,0.0,0.0835457350348298,0.14333748506819127,0.05979175003336147
951717824,<30_F,0.0,0.07176136692578836,0.0959652649394493,0.02420389801366095
951836608,30s_F,0.0,0.1570408280675199,0.16319645139100758,0.00615562332348768
952087168,30s_F,0.0,0.5507597577757444,0.5874159698476628,0.03665621207191838
952237504,30s_F,0.0,0.22751229360666678,0.20853148522115628,-0.0189808083855105
952274624,40s_F,0.0,0.8521506510179683,0.8439246474688623,-0.008226003549105965
952918656,50s_F,0.0,0.08255028625399044,0.12906451361906426,0.046514227365073824
954633600,40s_F,0.0,0.464276987711476,0.5829846414428708,0.11870765373139475
954815488,30s_F,,0.07902321565459913,0.09920567257930367,0.020182456924704537
955223808,40s_F,0.0,0.08369317375640917,0.12491243760482135,0.04121926384841218
955381568,30s_F,0.0,0.09215786379640684,0.11624384316527958,0.024085979368872745
955431680,40s_F,0.0,0.07937851582086004,0.08271263623801385,0.0033341204171538075
955498496,<30_M,0.0,0.1042904003007756,0.2026497864250809,0.09835938612430531
956599104,50s_M,,0.09454080333165703,0.09674412100842483,0.0022033176767678048
957523392,<30_F,0.0,0.08749610015420566,0.1355208010211432,0.04802470086693754
957584640,<30_F,0.0,0.10015077984757864,0.18811335381194266,0.08796257396436402
958089472,40s_F,,0.28951320369856165,0.30208474247748396,0.012571538778922309
958538624,<30_F,0.0,0.06897626880401658,0.1157163678845678,0.04674009908055121
958657408,30s_F,0.0,0.8460033817171915,0.882869092140361,0.03686571042316955
959028608,40s_F,0.0,0.07571715619420968,0.07925103198353166,0.0035338757893219747
959130688,30s_F,0.0,0.0735618127465387,0.08427006026472066,0.01070824751818196
959243904,30s_M,0.0,0.8828452219270116,0.8587162247296303,-0.024128997197381374
959433216,30s_F,0.0,0.15331353841203646,0.17260324659934656,0.0192897081873101
961536064,30s_F,0.0,0.26629589355150945,0.25970776449116434,-0.006588129060345116
962295168,40s_F,0.0,0.12164132573327455,0.14543164456959842,0.023790318836323876
962297024,60+_F,0.0,0.8200226280393623,0.8444220154016374,0.024399387362275093
962955904,30s_F,,0.8282402954242203,0.8444043396607281,0.016164044236507857
963050560,30s_F,0.0,0.6167025006121107,0.7551740135363417,0.138471512924231
963119232,30s_F,0.0,0.21505688840211568,0.248263082878402,0.03320619447628634
963122944,30s_F,0.0,0.6296433250825154,0.7248207210758636,0.09517739599334818
963592512,40s_F,0.0,0.7731224976128951,0.804697660007564,0.031575162394668954
963776256,30s_F,1.0,0.09934955989033764,0.11840773947202596,0.019058179581688317
964186432,30s_F,0.0,0.08807072621918842,0.09026347766154724,0.002192751442358823
964572480,30s_F,,0.29066550992360185,0.32640937340401166,0.03574386348040981
964880576,50s_M,0.0,0.09305462433576876,0.12003575856916715,0.026981134233398388
964949248,40s_F,0.0,0.7402410843359687,0.7650234645499187,0.02478238021394996
964973376,30s_F,0.0,0.08252333410325577,0.12272959049301344,0.040206256389757666
965294464,30s_F,,0.5687273101778793,0.5359730102355709,-0.032754299942308385
965337152,50s_F,0.0,0.22908564278811647,0.25192108717132067,0.0228354443832042
965455936,30s_F,0.0,0.8649157430438902,0.8235859931893422,-0.04132974985454796
965598848,30s_F,0.0,0.5855632356660643,0.6948191390886163,0.10925590342255198
965867968,30s_F,0.0,0.30149715834533314,0.3620215838765102,0.06052442553117704
965932928,30s_F,0.0,0.0898425193662141,0.1320626496947526,0.0422201303285385
965958912,30s_F,0.0,0.08707005462984148,0.14153918944179508,0.054469134811953604
966437760,40s_M,1.0,0.11989721112698476,0.12998705202059058,0.010089840893605817
966473024,30s_F,0.0,0.16694686899311115,0.18627248732258705,0.019325618329475908
966745856,40s_F,0.0,0.10104574095333747,0.1531020464691803,0.052056305515842824
966833088,40s_F,0.0,0.07556442276630977,0.10226543754221379,0.026701014775904017
966907328,30s_M,0.0,0.09075766648293125,0.12665863025135304,0.03590096376842179
967046528,30s_F,0.0,0.8230038450412043,0.854971174457396,0.031967329416191737
967222848,30s_F,0.0,0.05809861015403145,0.10987320800263711,0.051774597848605663
967313792,30s_F,0.0,0.1252893121515185,0.1887209977142761,0.0634316855627576
967358336,30s_F,0.0,0.3635100066749717,0.34501601610364724,-0.018493990571324448
967800064,30s_F,,0.0780721715243197,0.13317196593355987,0.05509979440924018
968252928,40s_F,0.0,0.08880006639433664,0.1018644048951217,0.013064338500785061
968405120,30s_F,0.0,0.05790964282740973,0.08966762440809228,0.031757981580682555
968505344,50s_F,1.0,0.07415392751386249,0.09036815931576105,0.016214231801898557
968551744,40s_F,0.0,0.4984282101615563,0.45744089514030434,-0.04098731502125197
968948928,30s_F,0.0,0.874924281924929,0.9049666719581225,0.030042390033193533
968950784,30s_F,,0.2675630748968083,0.2437172263443914,-0.023845848552416893
969013888,30s_M,1.0,0.8227017109901672,0.8549548317250104,0.03225312073484321
969091840,30s_F,,0.10906495396056982,0.1255481766045796,0.016483222644009768
969208768,50s_F,1.0,0.09203332191729686,0.1313879512209001,0.03935462930360324
969219904,50s_F,0.0,0.3600990478373954,0.40823321085341147,0.048134163016016085
969303424,30s_F,,0.5046129078748568,0.6159516449895206,0.1113387371146638
969451904,30s_F,0.0,0.8228604821824167,0.8238840899378423,0.0010236077554256484
969568832,50s_F,0.0,0.7340407300751738,0.7743389467569776,0.04029821668180378
969813824,40s_F,0.0,0.46217905585477403,0.3408393913739928,-0.12133966448078126
969849088,30s_F,,0.2423093250802948,0.2467722161858214,0.004462891105526612
969880640,30s_F,0.0,0.13958476373164333,0.14219897819489438,0.0026142144632510522
970164608,30s_F,0.0,0.16677217379886355,0.19760694081619296,0.0308347670173294
970530240,30s_F,1.0,0.08092249824993047,0.13654994723751604,0.055627448987585565
970571072,30s_F,0.0,0.33608908437195995,0.29304092367588014,-0.04304816069607981
970582208,60+_F,0.0,0.06580050184169925,0.09304099602351698,0.02724049418181773
970732544,30s_F,0.0,0.7719313531241394,0.7003099132330367,-0.0716214398911027
971081472,<30_F,0.0,0.1527440838453467,0.20969639188218525,0.05695230803683854
971226240,60+_F,0.0,0.7073400514167661,0.6014964157254891,-0.10584363569127708
971350592,30s_F,,0.0658710831890402,0.09880820098292102,0.032937117793880824
971480512,40s_F,1.0,0.8337497883862754,0.8635756670088373,0.029825878622561808
971508352,30s_F,0.0,0.5640178218700441,0.6254492778219696,0.06143145595192545
971582592,40s_F,,0.06996385600239868,0.08181255542532231,0.011848699422923631
971601152,40s_F,0.0,0.9544784146738736,0.9181497919846615,-0.03632862268921211
971673536,30s_F,0.0,0.8992588690874619,0.8879151971966885,-0.011343671890773344
971692096,50s_F,0.0,0.13783406506419676,0.17613749193641065,0.038303426872213886
971803456,<30_F,0.0,0.1971621312994063,0.2780740133865375,0.08091188208713118
972091136,30s_F,,0.8309299652777125,0.8758172335155571,0.04488726823784461
972104128,30s_F,,0.7417629129283742,0.7561702618084031,0.014407348880028925
972115264,40s_F,1.0,0.7692402698391995,0.8238752745577148,0.054635004718515345
972178368,30s_F,,0.3326524058827334,0.34325406294476957,0.01060165706203614
972189504,50s_F,0.0,0.24573903890770088,0.24783953512094242,0.002100496213241543
972367680,50s_F,0.0,0.8296120161812324,0.871785725855736,0.04217370967450362
972547712,30s_F,0.0,0.09722435447444512,0.11325729941944668,0.016032944945001557
972842816,50s_F,0.0,0.8359123692941711,0.834226727118775,-0.0016856421753961293
973106368,30s_F,0.0,0.8229199458534684,0.8574074942019706,0.034487548348502206
973167616,30s_F,0.0,0.09311898854655681,0.1092489202042881,0.016129931657731286
973484992,40s_F,0.0,0.07164848574375444,0.09984549202181775,0.028197006278063305
973535104,30s_F,,0.5064194893700453,0.5274801908865443,0.02106070151649897
973544384,<30_F,0.0,0.054023534815199954,0.10991604053435668,0.05589250571915672
974136448,30s_F,0.0,0.34830849737721936,0.2798706954214616,-0.06843780195575777
974221824,50s_F,0.0,0.07326520931250778,0.09680222304066892,0.023537013728161138
974459392,50s_F,,0.15842165466984412,0.17990290918379997,0.021481254513955855
974683968,40s_F,0.0,0.8359553065257163,0.8917530258248619,0.055797719299145676
974709952,50s_F,0.0,0.15006700782090887,0.21996462840467332,0.06989762058376445
974760064,<30_F,0.0,0.2968453593656971,0.36423100697424604,0.06738564760854893
974917824,40s_F,0.0,0.1994711984961373,0.24033318843912202,0.04086198994298473
975008768,30s_F,0.0,0.5306898810398027,0.5605063603805432,0.029816479340740498
975105280,30s_M,0.0,0.06418328999059456,0.08837082347258109,0.02418753348198653
975155392,<30_F,0.0,0.4076339435075148,0.4881203045096349,0.08048636100212009
975248192,30s_M,0.0,0.5217044943050506,0.4447802754978087,-0.07692421880724193
975300160,50s_F,0.0,0.7720189038002195,0.7192074531959493,-0.05281145060427028
975337280,30s_F,1.0,0.4563555261427006,0.44367794935600846,-0.012677576786692124
975691776,30s_F,0.0,0.40248220307723437,0.37122149184419834,-0.03126071123303603
975714048,<30_F,1.0,0.46866598318344194,0.5786682565882824,0.11000227340484042
975901504,<30_F,0.0,0.06988534889923026,0.09554409590583926,0.025658747006609
975988736,40s_F,0.0,0.08300998166213043,0.08695436085836972,0.003944379196239287
976033280,30s_F,0.0,0.14913514498965175,0.13247318770922997,-0.016661957280421774
976122368,60+_F,0.0,0.8613780214332876,0.8946742953883698,0.03329627395508228
976337664,50s_F,0.0,0.16243378159363636,0.17778514955740454,0.015351367963768181
976736704,60+_F,0.0,0.828237731354796,0.8252583826905168,-0.00297934866427918
976757120,<30_F,0.0,0.8218894996893986,0.8147262155515195,-0.0071632841378791445
976786816,60+_F,1.0,0.323507502789907,0.2920888454433438,-0.031418657346563184
977063360,30s_F,0.0,0.15048079444477921,0.1888444996205726,0.03836370517579338
977213696,30s_F,0.0,0.5660469501151096,0.6260940847281466,0.06004713461303701
977274944,30s_F,,0.4092994765797423,0.37639804876545796,-0.032901427814284345
977341760,50s_F,0.0,0.07344706201504708,0.09741850900949385,0.02397144699444677
977354752,30s_F,0.0,0.08959173666635248,0.13363696088379984,0.04404522421744736
977414144,30s_F,0.0,0.2230566073574744,0.24195652657932265,0.01889991922184825
977614592,50s_F,0.0,0.29521980897959726,0.3006615496420906,0.005441740662493311
977646144,<30_F,0.0,0.4463561797233135,0.46303995376754004,0.01668377404422655
977670272,30s_F,0.0,0.6199672022049739,0.5004758913295462,-0.11949131087542775
977733376,30s_F,0.0,0.11840704693636306,0.1284639889664258,0.010056942030062743
977735232,30s_F,0.0,0.8460788670836462,0.7966930629165911,-0.04938580416705507
977828032,30s_F,0.0,0.719897790804911,0.7266643835042776,0.006766592699366636
978004352,<30_F,0.0,0.34009358145508434,0.34735394044613216,0.007260358991047822
978197376,30s_F,0.0,0.7647025278156296,0.6782709773826429,-0.08643155043298678
978221504,<30_F,0.0,0.8569812545981853,0.8109091654897214,-0.04607208910846394
978264192,30s_F,0.0,0.061389622699844354,0.09821565737776405,0.0368260346779197
978273472,30s_F,0.0,0.10684763643802662,0.15816427546203687,0.05131663902401025
978408960,60+_F,0.0,0.6047918976769318,0.4660890679285582,-0.13870282974837356
978514752,60+_F,1.0,0.12441108922388172,0.19287343852430738,0.06846234930042566
978789440,<30_F,0.0,0.3788550500666389,0.42021608778982317,0.04136103772318428
978839552,30s_F,,0.903165727007651,0.9253063574087352,0.02214063040108427
978878528,30s_F,,0.1008334099485963,0.12061358257964384,0.019780172631047546
978947200,<30_F,,0.18807386536743095,0.1970045375032959,0.008930672135864959
979025152,40s_F,,0.9453753827636068,0.901003936538038,-0.04437144622556877
979283136,30s_F,,0.14089218313443436,0.1880401949903666,0.04714801185593223
979374080,<30_F,1.0,0.30170444280694975,0.30505221355514167,0.003347770748191925
979669184,<30_F,0.0,0.31222857272840715,0.34021389999424984,0.027985327265842685
979800960,40s_F,0.0,0.08373994544717002,0.10465476257668259,0.02091481712951257
979867776,50s_F,,0.8649071159021844,0.8947682825913494,0.029861166689165053
980211136,50s_F,0.0,0.06926349386258064,0.08923160975155313,0.019968115888972487
980225984,30s_F,0.0,0.9425312162404498,0.9071967850029607,-0.03533443123748903
980391168,30s_F,0.0,0.3449513224525815,0.33065054308459574,-0.014300779367985739
980513664,30s_F,,0.80693682203222,0.8127604799061467,0.005823657873926802
980675136,<30_F,0.0,0.13293717532904506,0.14429288999977433,0.011355714670729267
980734528,<30_F,0.0,0.8414925496153001,0.8468161500625858,0.005323600447285748
980821760,30s_F,0.0,0.10049922676235759,0.12920081091816227,0.028701584155804677
981048192,30s_F,0.0,0.07539147031457018,0.12295988386096707,0.04756841354639689
981202240,40s_F,0.0,0.8641182431182073,0.8727726428721909,0.008654399753983633
981263488,50s_F,0.0,0.21446430267646144,0.2172235651933518,0.0027592625168903484
981309888,40s_F,0.0,0.06866010636067105,0.10079998236218042,0.032139876001509374
981603136,30s_F,0.0,0.08490625728274129,0.10464433580112348,0.01973807851838219
981638400,30s_F,0.0,0.35183258722617156,0.32097284219802125,-0.03085974502815031
981779456,30s_F,0.0,0.3561145413742225,0.3544759499564351,-0.0016385914177873828
982122816,<30_F,0.0,0.8670006767921637,0.8009165265077869,-0.06608415028437686
982226752,30s_F,0.0,0.7434656824796017,0.8081140118671396,0.06464832938753795
982299136,40s_F,,0.08447443320489438,0.09140064148943455,0.006926208284540172
982427200,30s_F,0.0,0.21094927945925193,0.23957351133685637,0.028624231877604434
982462464,<30_F,0.0,0.32743188015465635,0.3822398948893841,0.05480801473472774
982486592,<30_F,,0.19775295822379893,0.28571928101961197,0.08796632279581304
982698176,50s_F,0.0,0.9003898941770067,0.9319049297217105,0.03151503554470381
982887488,40s_F,0.0,0.07087118243925114,0.11034172407136056,0.03947054163210942
982896768,30s_F,0.0,0.08107274985288314,0.08980412738770499,0.008731377534821852
983024832,50s_F,0.0,0.34360146204520675,0.31521290790249,-0.028388554142716738
983355200,<30_F,0.0,0.06186069597721113,0.10961129433329152,0.047750598356080386
983555648,30s_M,,0.11504408820734746,0.1293446306750996,0.014300542467752142
985161088,30s_F,0.0,0.7875238045813423,0.8084822811293683,0.02095847654802596
985469184,40s_M,0.0,0.07337864286945131,0.09121573874080742,0.01783709587135611
986089088,<30_M,0.0,0.08925134358298097,0.1271168943699539,0.03786555078697294
986738688,40s_F,0.0,0.09953482992984737,0.1506677083421245,0.051132878412277136
989285120,40s_F,0.0,0.07273996847517489,0.09475804283768668,0.022018074362511797
989578368,40s_F,0.0,0.675606775353922,0.5900419508298942,-0.0855648245240278
990107328,30s_F,0.0,0.07965655465562069,0.10241059617756872,0.02275404152194803
990413568,30s_F,,0.15978282643017575,0.20481515583864243,0.04503232940846669
990896128,<30_F,0.0,0.7142121022015541,0.6061388981483518,-0.10807320405320231
991536448,<30_F,0.0,0.32230087681337516,0.40531747728867906,0.0830166004753039
991614400,<30_F,0.0,0.26574117537711484,0.2925669366743261,0.02682576129721126
992011584,30s_F,1.0,0.5854070196308506,0.6354786425495722,0.05007162291872158
992468160,30s_F,0.0,0.2778024229600637,0.28466662431228573,0.0068642013522220435
992614784,30s_F,0.0,0.21939850446422085,0.23773131634120198,0.01833281187698113
992776256,<30_F,0.0,0.7339598359686142,0.6755741352672667,-0.05838570070134752
992792960,30s_F,0.0,0.8596511881737351,0.8552352815540231,-0.004415906619712029
993041664,30s_F,0.0,0.45993166763164,0.555985936915354,0.09605426928371402
993199424,30s_F,,0.16984016811777689,0.20107613988395145,0.03123597176617457
993281088,30s_F,0.0,0.07269895939393553,0.09757178638522167,0.024872826991286137
993938112,30s_F,0.0,0.9352461340973387,0.8784082128925131,-0.05683792120482556
994142272,30s_F,0.0,0.8488182481434317,0.8735331011504905,0.02471485300705889
994348288,<30_F,0.0,0.9094062480934697,0.8341349895677144,-0.07527125852575534
994387264,<30_F,0.0,0.061188247957140736,0.10657307028266196,0.04538482232552122
994723200,30s_F,0.0,0.056222799921011604,0.10644224671550205,0.05021944679449045
994732480,30s_F,0.0,0.774660437899569,0.8376375353955119,0.06297709749594294
995684608,<30_F,0.0,0.24234890314168897,0.28707170196780457,0.0447227988261156
995727296,30s_F,0.0,0.8416330931801406,0.8237369689267022,-0.01789612425343834
995918464,30s_F,,0.20012270369134666,0.21339015255446842,0.013267448863121756
996052096,30s_F,0.0,0.3461030370286909,0.41778009257038984,0.07167705554169895
996349056,40s_F,1.0,0.4721391674770581,0.5696298598947934,0.09749069241773534
996452992,<30_F,,0.06293998650049185,0.10311629002167555,0.040176303521183704
996564352,40s_F,,0.14088852858403086,0.16545547447973302,0.024566945895702158
996863168,30s_F,0.0,0.528100550198233,0.5387421788868166,0.010641628688583649
997100736,60+_F,0.0,0.5723837729723519,0.5378899332431988,-0.0344938397291531
997104448,40s_F,,0.10268545314786819,0.22200458631749487,0.11931913316962668
997115584,30s_F,0.0,0.10834447712135983,0.12494060541545993,0.016596128294100093
997148992,50s_F,,0.18491438400580867,0.20404641993733996,0.019132035931531288
997256640,<30_F,1.0,0.3235290761821338,0.35291901807971127,0.029389941897577487
997321600,40s_F,1.0,0.8477771042127652,0.8769480781991468,0.029170973986381576
997406976,40s_F,0.0,0.5562306747045822,0.5192762463514068,-0.03695442835317542
997542464,<30_F,0.0,0.4379622181573367,0.38669317283669885,-0.05126904532063786
997601856,30s_F,0.0,0.07070316514296547,0.080632699268692,0.00992953412572653
997909952,30s_F,0.0,0.5540417862499072,0.5923051500528225,0.038263363802915284
997928512,30s_F,0.0,0.8645362446629796,0.8450402495789717,-0.0194959950840079
998223616,30s_F,0.0,0.4193485400888832,0.5635281617939573,0.14417962170507403
998286720,30s_F,1.0,0.8480695177012886,0.8408508681731104,-0.007218649528178189
998360960,50s_F,0.0,0.4608559635201599,0.4365646898094288,-0.024291273710731087
998444480,50s_F,0.0,0.52508845472149,0.5177396367849968,-0.007348817936493224
998470464,30s_F,0.0,0.07292793490146052,0.1016919126074868,0.02876397770602629
998477888,30s_F,0.0,0.39857310364836934,0.32250454921158445,-0.0760685544367849
998498304,<30_F,0.0,0.3210510962022928,0.3018361143463309,-0.019214981855961877
998526144,30s_F,,0.822888342514707,0.8094872173373682,-0.013401125177338824
998576256,30s_F,,0.1230776103184611,0.1412018671984088,0.018124256879947703
998583680,30s_F,0.0,0.09929324429328437,0.11474354522942232,0.015450300936137945
998628224,30s_F,1.0,0.15649921324586352,0.16200137544138524,0.005502162195521715
998728448,30s_F,0.0,0.06065945289925954,0.10843010496789281,0.04777065206863327
998772992,40s_F,0.0,0.6467558341821876,0.5585048792506638,-0.0882509549315238
998784128,30s_F,0.0,0.8555154841977151,0.8626186048669361,0.00710312066922103
998871360,60+_F,0.0,0.9007017522403287,0.8974460437885131,-0.0032557084518155532
998990144,30s_F,0.0,0.16363491272835748,0.20138018513761619,0.03774527240925871
999029120,40s_F,0.0,0.34662012807512627,0.3298197341675389,-0.016800393907587363
999068096,30s_F,1.0,0.07971917413893538,0.10242498178077776,0.02270580764184238
999168320,40s_F,1.0,0.06815015046700759,0.09778652210190059,0.029636371634892994
999179456,40s_F,0.0,0.10309267355521634,0.1426821627772672,0.039589489222050855
999227712,30s_F,,0.9389348554934768,0.8929893952241136,-0.04594546026936319
999240704,30s_F,,0.059064611784831626,0.11254156574807805,0.05347695396324643
999261120,30s_F,1.0,0.09545220155248632,0.12935305919436046,0.033900857641874144
999264832,50s_F,0.0,0.3845382880038189,0.3722236996763617,-0.012314588327457188
999398464,40s_F,0.0,0.44936904229400776,0.444656046931561,-0.004712995362446737
999474560,30s_F,1.0,0.07951879328215719,0.10833137169245476,0.028812578410297565
999513536,30s_F,,0.27177994289283947,0.3077060371223699,0.035926094229530414
999569216,30s_F,0.0,0.17528668684748408,0.16369557342167806,-0.011591113425806016
999574784,<30_F,,0.5593942980068257,0.6146630788329858,0.05526878082616005
999580352,50s_F,,0.2773071862423515,0.29813901046991825,0.020831824227566742
999582208,30s_F,,0.08628581162432854,0.11582244356288396,0.02953663193855542
999593344,40s_F,0.0,0.07121915117961115,0.10505850488859028,0.03383935370897913
999615616,40s_F,0.0,0.08703776869038471,0.1374656335208119,0.05042786483042719
999624896,40s_F,1.0,0.08654448536077142,0.11371437920397687,0.02716989384320545
999641600,30s_F,0.0,0.0750585960487639,0.09961746230809813,0.024558866259334233
999654592,30s_F,0.0,0.07063342518771654,0.08190393994596093,0.011270514758244393
999682432,30s_F,0.0,0.06072701654523356,0.09338946959236318,0.032662453047129614
999721408,30s_F,0.0,0.09624361339022887,0.12612731605366215,0.02988370266343328
999738112,50s_F,0.0,0.5391428732893258,0.5035388138194068,-0.03560405946991896
999739968,30s_F,1.0,0.07699666317339235,0.08829377916727194,0.011297115993879586
999754816,30s_F,,0.806601273002137,0.8577753668672536,0.05117409386511662
999986816,30s_F,0.0,0.10227472547523891,0.14657538197598435,0.04430065650074544
1000012800,50s_F,1.0,0.0838276185444323,0.10956128489666325,0.025733666352230955
1000103744,<30_F,0.0,0.1746326969956764,0.2201055029184982,0.045472805922821796
1000122304,30s_F,0.0,0.6521471639359665,0.623991546306771,-0.028155617629195495
1000163136,60+_F,0.0,0.34364061529708345,0.4065426134919516,0.06290199819486814
1000281920,30s_F,0.0,0.8393780996731445,0.8725577361848122,0.033179636511667776
1000330176,50s_F,1.0,0.7061276535821328,0.6389539530528757,-0.06717370052925709
1000491648,<30_F,0.0,0.7722997943170989,0.8039803645429322,0.03168057022583326
1000565888,40s_F,0.0,0.1852460151835925,0.22218888513678065,0.03694286995318816
1000577024,30s_F,0.0,0.26952448855907735,0.28353071603579744,0.01400622747672009
1000796032,30s_F,0.0,0.3737763137795306,0.37779146704277716,0.004015153263246585
1000807168,30s_F,0.0,0.815527951448215,0.8115511101070119,-0.00397684134120313
1000925952,50s_F,0.0,0.12983090560521238,0.20641802662058495,0.07658712101537257
1001042880,30s_F,0.0,0.1347442617798893,0.18354447311417027,0.048800211334280974
1001111552,30s_F,0.0,0.8910982544780164,0.9111192749030965,0.020021020425080138
1001146816,30s_F,0.0,0.07243973771866323,0.09893623621308618,0.026496498494422954
1001440064,40s_F,0.0,0.8308185475223994,0.808567911868286,-0.022250635654113338
1001492032,30s_F,0.0,0.061392760590611425,0.08726257818878809,0.025869817598176664
1001592256,30s_F,0.0,0.07867794032237115,0.1431590893278309,0.06448114900545975
1001595968,40s_F,0.0,0.2644157277882567,0.2861035156771876,0.021687787888930887
1001612672,30s_F,0.0,0.10196219242443416,0.16594621255895808,0.06398402013452392
1001677632,60+_F,0.0,0.32314264421625255,0.30975878624410913,-0.01338385797214342
1001707328,30s_F,0.0,0.2722205522119729,0.2581251382509321,-0.014095413961040804
1001712896,40s_F,0.0,0.13515341708454806,0.20629569699038147,0.07114227990583341
1001714752,40s_F,0.0,0.20192252587038995,0.23675999009358395,0.034837464223194003
1001744448,30s_F,0.0,0.10180251487293214,0.1434160528467958,0.04161353797386365
1001776000,40s_M,0.0,0.3149054517623806,0.27136718466069826,-0.04353826710168235
1001982016,40s_F,0.0,0.28894877508412203,0.28894063081582466,-8.144268297372026e-06
1002102656,50s_F,0.0,0.8486270192196413,0.8766846753557163,0.028057656136074915
1002106368,30s_F,0.0,0.6986938755708141,0.7545621401387639,0.0558682645679498
1002115648,50s_F,0.0,0.2670998294609752,0.28198050989150664,0.014880680430531423
1002182464,<30_F,0.0,0.25577310096679395,0.2887327853471069,0.03295968438031294
1003019520,60+_F,,0.24926521382490688,0.23324012539598082,-0.016025088428926054
1003088192,50s_F,,0.08859382591587117,0.1412230511256247,0.05262922520975352
1004585984,50s_F,1.0,0.5735505022938238,0.5299445703549582,-0.04360593193886553
1004617536,30s_F,0.0,0.07456635656500804,0.09543304140398808,0.020866684838980035
1004699200,30s_F,,0.11999755832504878,0.1503712235955212,0.030373665270472402
1004825408,30s_F,0.0,0.7565809059316523,0.7993030081635945,0.04272210223194217
1004836544,30s_F,1.0,0.5784458411162362,0.5291638357171653,-0.049282005399070905
1005029568,40s_F,1.0,0.44200634937960176,0.45501232711330725,0.013005977733705487
1005059264,30s_F,0.0,0.8885892059999838,0.8866980860807365,-0.001891119919247286
1005142784,50s_F,0.0,0.7900797216035451,0.7808131839803982,-0.009266537623146887
1005174336,<30_F,0.0,0.10716436780664879,0.13318921338604853,0.02602484557939974
1005230016,30s_F,0.0,0.1870387029198058,0.24001793563928364,0.05297923271947785
1005389632,40s_F,0.0,0.7219139141434924,0.7424251510760509,0.02051123693255852
1005393344,30s_F,0.0,0.12340794202515254,0.13197013664068444,0.008562194615531898
1005430464,40s_F,0.0,0.09546767525477412,0.1009193740241844,0.005451698769410276
1005475008,<30_F,0.0,0.061595143358473034,0.11106179644531049,0.04946665308683745
1005500992,<30_F,1.0,0.1801026978766012,0.17973426076121124,-0.00036843711538994683
1005616064,60+_F,0.0,0.4881440744692345,0.3912392570368194,-0.09690481743241514
1005729280,40s_M,1.0,0.25912243978916605,0.21267034726588435,-0.046452092523281696
1005732992,30s_F,0.0,0.23513758134158042,0.21505961424802106,-0.020077967093559357
1005924160,30s_F,0.0,0.620836194258052,0.6295319055545101,0.008695711296458075
1005942720,30s_F,0.0,0.09925329671589625,0.13675701659890377,0.03750371988300752
1005976128,30s_F,0.0,0.42790630039232475,0.43324884377798695,0.005342543385662202
1005983552,30s_F,,0.11411263761054713,0.13750353966625098,0.02339090205570385
1006050368,50s_F,0.0,0.1726592475142501,0.16663151543713853,-0.006027732077111575
1006132032,50s_F,0.0,0.30577752076396836,0.31103063922124874,0.005253118457280381
1006167296,30s_F,0.0,0.7925607464545199,0.8212324728521311,0.028671726397611175
1006213696,30s_F,0.0,0.5716185912009649,0.5956555098580227,0.024036918657057815
1006302784,30s_F,0.0,0.3521601556558943,0.29213402281564044,-0.060026132840253876
1006313920,30s_F,0.0,0.06347999745304557,0.10586741457390078,0.04238741712085521
1006319488,30s_F,0.0,0.8572591076247759,0.8688314917776907,0.011572384152914839
1006334336,30s_F,0.0,0.5389506784412226,0.49041204746877975,-0.04853863097244282
1006349184,30s_F,,0.6169708787033558,0.60076426895431,-0.016206609749045753
1006436416,30s_F,0.0,0.0671323926895103,0.11536783803308212,0.048235445343571826
1006532928,<30_F,0.0,0.08852157634986861,0.11061857654723918,0.02209700019737057
1006568192,30s_F,0.0,0.06662950466049945,0.08724838506989677,0.020618880409397314
1006614592,30s_F,0.0,0.7304322336429208,0.7939005027617141,0.06346826911879333
1006670272,60+_F,0.0,0.6086248691009093,0.7106600833449086,0.1020352142439993
1006712960,30s_F,0.0,0.4743163209281189,0.49311468924302376,0.01879836831490489
1006891136,30s_F,0.0,0.44662037373042407,0.5662984997645927,0.11967812603416861
1006917120,50s_F,0.0,0.8420422345506233,0.8777589321447682,0.035716697594144864
1006998784,<30_F,0.0,0.672676123285722,0.6413056568576794,-0.03137046642804264
1007015488,40s_F,1.0,0.7928431702272433,0.8525860081769,0.059742837949656735
1007212224,<30_F,0.0,0.8793628635786114,0.8237663866431728,-0.055596476935438566
1007219648,40s_F,0.0,0.1528270208760171,0.14320318886126054,-0.009623832014756556
1007247488,30s_F,,0.3733258865797018,0.3467153349980637,-0.02661055158163811
1007314304,30s_F,,0.7578573550742543,0.801715651029657,0.04385829595540269
1007576000,30s_F,,0.19570271845345297,0.2005286688307725,0.004825950377319532
1007635392,<30_F,0.0,0.10055791124458535,0.1445928190185911,0.04403490777400576
1007739328,40s_F,0.0,0.18629030638327862,0.20254093884099464,0.01625063245771602
1007817280,40s_F,0.0,0.8948892337200571,0.8930030354433015,-0.001886198276755624
1007820992,40s_F,0.0,0.8465079913957616,0.8634201309664356,0.016912139570673945
1007830272,40s_F,0.0,0.5796411385123279,0.6687928600039699,0.08915172149164197
1007880384,30s_F,0.0,0.4259853434165021,0.40171202500213665,-0.024273318414365475
1008056704,30s_F,0.0,0.11320857202396796,0.13102271373505828,0.017814141711090317
1008080832,50s_F,1.0,0.062260457136443764,0.08481506871676825,0.022554611580324485
1008082688,30s_F,,0.12300907159699874,0.1456086948296623,0.022599623232663554
1008116096,50s_F,0.0,0.5167813415546867,0.5454892314288412,0.028707889874154513
1008201472,40s_F,,0.09841453231156506,0.12150185371012273,0.023087321398557667
1008335104,40s_F,0.0,0.2357073407038233,0.2857490723411376,0.05004173163731432
1008370368,40s_F,0.0,0.7231772945262662,0.7107422131040997,-0.012435081422166538
1008511424,30s_F,0.0,0.6160645823745735,0.657757767154621,0.041693184780047465
1008613504,30s_F,0.0,0.0750694756753768,0.07689080868292657,0.0018213330075497608
1008698880,30s_F,,0.2586587953618156,0.2678749948801564,0.00921619951834085
1008748992,40s_F,,0.08928635735194414,0.11246822068057849,0.023181863328634353
1008800960,40s_F,0.0,0.1133322396346054,0.140627371411301,0.027295131776695597
1008955008,30s_F,0.0,0.7527673409249777,0.7605933959554326,0.00782605503045497
1009040384,50s_F,0.0,0.49915455857017216,0.4641314908347223,-0.03502306773544983
1009066368,40s_F,0.0,0.5426243735476038,0.5159533667072238,-0.02667100684038004
1009355904,<30_F,,0.23925730461938044,0.29271325049017544,0.053455945870794996
1009381888,30s_F,1.0,0.1608983300796079,0.194007555578335,0.03310922549872708
1009406016,40s_M,,0.22771881459171908,0.27090306542038617,0.04318425082866709
1009480256,40s_F,0.0,0.5136918662932584,0.44998061908638737,-0.06371124720687099
1009495104,30s_F,0.0,0.7340022035190232,0.7593626078359599,0.025360404316936647
1009508096,40s_F,0.0,0.28357050787112525,0.27972920925620703,-0.0038412986149182204
1009565632,50s_F,,0.40926353601449045,0.401584638974431,-0.007678897040059474
1009641728,30s_F,0.0,0.44102702994114595,0.4670268720684993,0.025999842127353345
1009671424,30s_F,0.0,0.07035794793630305,0.09809004792744086,0.027732099991137807
1009894144,40s_M,0.0,0.11227088359572844,0.15719244825379855,0.04492156465807011
1009959104,<30_F,,0.7275055700232934,0.652364182356242,-0.07514138766705136
1010090880,30s_F,1.0,0.873286848788929,0.8742837620182462,0.0009969132293171645
1010144704,60+_M,0.0,0.5706773235313286,0.6679144759904019,0.09723715245907327
1010204096,50s_F,0.0,0.07850281541953945,0.10671564599623246,0.028212830576693007
1010334016,50s_F,0.0,0.2942179115360798,0.3229160118081129,0.028698100272033122
1010391552,30s_F,0.0,0.627290664990536,0.627003171603672,-0.0002874933868639573
1010404544,30s_F,0.0,0.06404933025244695,0.10617892774823473,0.04212959749578778
1010430528,50s_F,,0.26649017034208305,0.21783940589021966,-0.04865076445186339
1010465792,30s_F,0.0,0.07554005825988556,0.08084176999094254,0.0053017117310569795
1010515904,<30_M,0.0,0.2960228866433345,0.30212197845719435,0.006099091813859869
1010573440,<30_F,0.0,0.19062370455270425,0.2128378749602716,0.022214170407567346
1010803584,60+_F,,0.11570895695077157,0.10932912503498429,-0.006379831915787282
1010820288,<30_F,,0.40901731227143195,0.396122725790869,-0.012894586480562964
1010955776,30s_F,,0.2319238142445446,0.25648861938053635,0.02456480513599174
1010970624,60+_F,0.0,0.8763909364863318,0.8887978378733864,0.01240690138705458
1011000320,50s_F,0.0,0.8761308085881633,0.8738238511889059,-0.0023069573992573478
1011035584,60+_F,1.0,0.326198506024801,0.2748233373052615,-0.05137516871953951
1011100544,30s_F,0.0,0.12966784031317627,0.16414352406493013,0.03447568375175386
1011139520,30s_F,0.0,0.4224099979132727,0.49291906701265226,0.07050906909937954
1011145088,<30_F,0.0,0.8138677576396028,0.7645710059076756,-0.04929675173192727
1011343680,30s_F,1.0,0.7037178249373119,0.6246568921241012,-0.0790609328132107
1011488448,30s_F,,0.2499227251837056,0.22644527828618344,-0.023477446897522153
1011540416,30s_F,1.0,0.5982320931563655,0.6859858586533667,0.0877537654970012
1011553408,60+_F,,0.8216728280463864,0.8277959722853906,0.006123144239004175
1011625792,50s_F,0.0,0.08009357516466148,0.09217087753708646,0.012077302372424978
1011982144,30s_F,0.0,0.19362161698720995,0.1799902249417798,-0.013631392045430152
1012026688,50s_F,0.0,0.5412109474430785,0.5200275599105909,-0.021183387532487608
1012093504,30s_F,0.0,0.867827804785612,0.8490357610988264,-0.018792043686785553
1012191872,<30_F,0.0,0.11633409786622913,0.19325348180645874,0.07691938394022961
1012531520,30s_F,1.0,0.6306819969969335,0.6103537865811197,-0.020328210415813786
1012615040,60+_F,,0.35710679467317086,0.3482158079084066,-0.008890986764764242
1012685568,40s_F,1.0,0.10468259948664065,0.13263381879487543,0.027951219308234784
1012713408,40s_F,0.0,0.10164106607077848,0.19007649263265436,0.08843542656187588
1012731968,30s_F,0.0,0.06365580833181203,0.09244488888669031,0.028789080554878277
1012778368,30s_F,0.0,0.0970854385121037,0.09663025302821923,-0.000455185483884471
1012837760,30s_F,1.0,0.12232509495190062,0.15456694057085196,0.03224184561895134
1012941696,40s_F,0.0,0.26930041108587943,0.3191423793835914,0.04984196829771198
1013004800,40s_F,0.0,0.08707532830964115,0.11867958790157752,0.03160425959193637
1013056768,30s_F,0.0,0.536128722833705,0.6136953754404499,0.07756665260674489
1013136576,30s_F,0.0,0.7462668452087997,0.7685422379843097,0.02227539277550994
1013156992,30s_F,0.0,0.08728805871284295,0.1036196912118064,0.016331632498963453
1013168128,40s_F,0.0,0.531775526597225,0.5931304331527598,0.06135490655553477
1013446528,30s_F,0.0,0.7905063250090073,0.8028747792107055,0.012368454201698187
1013457664,60+_F,,0.22994437062415268,0.21024574347023506,-0.019698627153917625
1013507776,60+_M,0.0,0.09160690461750808,0.11700595061036992,0.025399045992861843
1013530048,30s_F,0.0,0.07714692317650455,0.10352566638895164,0.026378743212447084
1013658112,<30_F,0.0,0.40551275241863644,0.3314990116351008,-0.07401374078353562
1013669248,30s_F,,0.7708194119114877,0.8089555593635562,0.0381361474520685
1013685952,30s_F,0.0,0.32661151935456123,0.30355318990576874,-0.02305832944879249
1013791744,60+_F,,0.30375310464044203,0.26220862989886223,-0.041544474741579795
1013851136,60+_F,1.0,0.06799008130885394,0.09524442400011085,0.027254342691256914
1013999616,30s_F,,0.11813610050933139,0.13985864162601142,0.021722541116680025
1014086848,<30_F,0.0,0.5163552022192816,0.551194068337167,0.03483886611788545
1014120256,<30_F,0.0,0.41966976841963044,0.573799803368706,0.1541300349490755
1014159232,<30_F,0.0,0.08905121880270223,0.13320062940743457,0.04414941060473235
1014198208,50s_F,0.0,0.17235517841411258,0.219029004121576,0.04667382570746342
1014279872,40s_F,,0.17382085440470418,0.23627851061721103,0.062457656212506846
1014539712,50s_F,0.0,0.5184303264971194,0.49486486468712393,-0.02356546180999547
1014729024,60+_F,0.0,0.6907216312657356,0.6537653988749901,-0.036956232390745525
1014857088,50s_F,,0.5358680241692294,0.5610720089375051,0.025203984768275678
1014864512,60+_F,0.0,0.21673979324079984,0.2025472292024087,-0.014192564038391142
1014870080,<30_F,,0.17309015083332763,0.16961979855906054,-0.003470352274267091
1014884928,<30_F,0.0,0.2413823643209445,0.24142584931481867,4.348499387415994e-05
1014920192,30s_F,0.0,0.5332042388670982,0.616257919845918,0.08305368097881982
1014948032,50s_F,,0.2075245889502995,0.22212123740369802,0.01459664845339853
1014981440,<30_F,1.0,0.6654849646792361,0.6254983543397103,-0.039986610339525774
1015011136,<30_F,0.0,0.84305895684485,0.805698131096018,-0.03736082574883204
1015194880,50s_F,0.0,0.22956096395630593,0.23288114327452675,0.0033201793182208172
1015235712,<30_F,1.0,0.19559560378231455,0.22063047428116359,0.025034870498849032
1015246848,30s_F,0.0,0.8370649849121299,0.8080369345578043,-0.02902805035432554
1015321088,30s_F,0.0,0.29496517142504386,0.3058974378027277,0.010932266377683852
1015356352,40s_F,,0.07400385055964563,0.10459645277061959,0.030592602210973957
1015358208,40s_F,,0.5670742869569855,0.5455892764982212,-0.021485010458764275
1015449152,50s_F,0.0,0.5414617685232013,0.58770979714952,0.046248028626318716
1015495552,40s_F,,0.5822455086576969,0.5855200995530564,0.0032745908953595304
1015502976,40s_F,1.0,0.6451406834708017,0.6443256858830156,-0.000814997587786026
1015517824,40s_M,0.0,0.0826706143815768,0.0944209179899307,0.011750303608353899
1015525248,40s_F,0.0,0.1154472837043623,0.1487744841369406,0.03332720043257831
1015562368,40s_F,0.0,0.0867347280942389,0.09736113019418252,0.010626402099943616
1015614336,30s_F,0.0,0.17174513339786568,0.13187185164358078,-0.039873281754284895
1015683008,<30_F,,0.27344418476876325,0.31384164217186267,0.04039745740309941
1015762816,30s_F,0.0,0.3953503394727091,0.43728778410000735,0.04193744462729826
1015902016,40s_F,0.0,0.21009801810200396,0.22345744273154508,0.013359424629541122
1015935424,<30_F,0.0,0.17551114984638083,0.25742368533615395,0.08191253548977312
1015959552,60+_F,1.0,0.16597565981405205,0.19577197354299408,0.029796313728942037
1015985536,50s_F,,0.47454475552575753,0.637516437403087,0.16297168187732952
1016044928,40s_F,,0.18559626395438633,0.19481516111303535,0.009218897158649014
1016210112,30s_F,0.0,0.42372005944196156,0.3905318733176373,-0.03318818612432428
1016492224,<30_F,0.0,0.7581912037606565,0.64255867826059,-0.11563252550006653
1016655552,40s_F,,0.8353458629131214,0.8673004264120305,0.03195456349890913
1016726080,40s_F,1.0,0.8682208746161758,0.8624621987046468,-0.00575867591152901
1016844864,40s_F,0.0,0.11036087568875555,0.11670140811560425,0.006340532426848705
1016874560,40s_F,0.0,0.07398492384210932,0.09713384414548526,0.02314892030337594
1017073152,50s_F,,0.37731758841048346,0.29125465788970895,-0.08606293052077452
1017086144,<30_F,,0.8663405715066904,0.8531531512260137,-0.013187420280676765
1017423936,60+_F,1.0,0.2034887979196818,0.20432920405138874,0.0008404061317069389
1017498176,40s_F,0.0,0.07899878931024357,0.09040949071746597,0.011410701407222404
1017553856,30s_F,0.0,0.1670507756995857,0.1620055194459643,-0.0050452562536214
1017592832,50s_F,0.0,0.11514330954817377,0.1082590701076126,-0.006884239440561171
1017620672,30s_F,0.0,0.2984092148972619,0.29655177509963454,-0.0018574397976273693
1017633664,40s_F,0.0,0.4223450510922489,0.46498830900602894,0.04264325791378004
1017680064,30s_F,,0.07186153015420409,0.11188774690263623,0.04002621674843214
1017685632,50s_F,,0.19249110145061019,0.18017593747378552,-0.012315163976824667
1017912064,30s_F,0.0,0.8792208692576172,0.8910060290720548,0.011785159814437618
1017975168,40s_F,0.0,0.09905470531032856,0.16213588832975875,0.06308118301943019
1018008576,40s_M,0.0,0.24930938712393683,0.2426094722855611,-0.006699914838375731
1018218304,50s_F,,0.5015188052216675,0.4544196207339987,-0.047099184487668755
1018381632,30s_F,0.0,0.3383551842961473,0.3293584580818336,-0.008996726214313688
1018557952,30s_F,,0.06935426908674464,0.10984390381008108,0.04048963472333644
1018583936,30s_M,,0.1931078219703407,0.21420244246287207,0.021094620492531357
1018615488,30s_F,0.0,0.39997307385898007,0.5476355471590404,0.14766247330006033
1018630336,30s_F,0.0,0.2023910814457428,0.22638368488962135,0.023992603443878546
1018734272,40s_F,0.0,0.17700357119014426,0.19239901033887274,0.015395439148728485
1018997824,30s_F,,0.26432461964128734,0.2516975544664689,-0.01262706517481843
1019151872,30s_F,0.0,0.857402160327304,0.8995938293678695,0.04219166904056548
1019185280,30s_F,,0.3136655601103681,0.3509682404190469,0.03730268030867878
1019259520,50s_F,0.0,0.24328700591168623,0.26629201475563635,0.023005008843950125
1019318912,30s_F,,0.7414670895724025,0.7399795199741135,-0.0014875695982889958
1019346752,30s_F,0.0,0.07893270681520237,0.09040481515188123,0.01147210833667886
1019435840,50s_F,0.0,0.7817093616840767,0.8076104088327544,0.02590104714867769
1019446976,30s_F,,0.7036188446064586,0.6518689296181573,-0.05174991498830128
1019597312,30s_F,0.0,0.7897009663349689,0.782056910350637,-0.007644055984331932
1019647424,40s_F,0.0,0.9518818471522894,0.9139637702211002,-0.037918076931189204
1019649280,30s_F,0.0,0.07173614913776581,0.09794246268878387,0.02620631355101806
1019866432,<30_M,0.0,0.05419817282052392,0.08315753277930162,0.028959359958777693
1019884992,30s_F,1.0,0.19903923568066162,0.23267396308408345,0.03363472740342183
1019894272,<30_F,0.0,0.6677062423773191,0.6987700404635055,0.031063798086186423
1020024192,60+_F,,0.8624015461250975,0.9053890404493842,0.042987494324286724
1020070592,30s_F,0.0,0.38838669365925055,0.39776814234847646,0.009381448689225913
1020113280,30s_F,,0.08291282848774874,0.09137199917692856,0.008459170689179826
1020172672,40s_F,0.0,0.6771250975743385,0.723098209109069,0.04597311153473049
1020189376,40s_F,1.0,0.23611596419731234,0.2873932634062625,0.05127729920895013
1020361984,30s_F,,0.7843511400296742,0.7863278609044174,0.0019767208747432097
1020373120,30s_F,1.0,0.5463375680473193,0.5902851065638238,0.04394753851650457
1020384256,30s_F,,0.8180830467000578,0.8284220640535496,0.010339017353491742
1020462208,40s_F,0.0,0.4188982272088485,0.3718563706264342,-0.04704185658241433
1021475584,40s_F,0.0,0.06599868622508939,0.08775651943361742,0.021757833208528032
1021718720,50s_F,,0.06971471651414773,0.1056265026500399,0.03591178613589216
1022654144,40s_F,0.0,0.07380346471867559,0.08208811083704631,0.008284646118370723
1022813760,30s_F,0.0,0.06349228373872086,0.10627364577204147,0.042781362033320613
1023006784,30s_F,0.0,0.05816044376679019,0.09307651937149351,0.03491607560470332
1023025344,50s_F,0.0,0.2957270925974181,0.264797188054959,-0.030929904542459086
1023027200,30s_F,1.0,0.457409491008483,0.4628183955136664,0.005408904505183387
1023108864,<30_F,,0.8767994372765752,0.8198493906945814,-0.05695004658199376
1023140416,30s_F,1.0,0.17196663847953658,0.20969564193303136,0.03772900345349478
1023218368,30s_F,0.0,0.09742312264630971,0.10054509987157392,0.003121977225264208
1023609984,30s_F,0.0,0.06326479222666567,0.10656544068313661,0.04330064845647094
1023613696,40s_F,0.0,0.35240656279779325,0.3026277081659222,-0.04977885463187104
1023877248,<30_F,,0.05730698506320746,0.0901431859559314,0.032836200892723946
1024036864,50s_F,0.0,0.39326438770485533,0.41876407163391294,0.025499683929057604
1024111104,40s_F,,0.08454956944849243,0.14096828045457807,0.05641871100608564
1024185344,50s_F,,0.08087280558790559,0.11824640989379849,0.0373736043058929
1024207616,40s_F,,0.6880759714763919,0.7023509044262052,0.014274932949813302
1024281856,30s_F,,0.852524007571315,0.8694154272015189,0.016891419630203908
1024437760,30s_F,,0.33368906401241916,0.35435488164700923,0.020665817634590078
1024471168,30s_F,0.0,0.09170817037492637,0.10003792985223148,0.008329759477305104
1024500864,30s_F,,0.9028926628751779,0.8958942262546824,-0.006998436620495485
1024532416,30s_F,0.0,0.3063095263529816,0.29679335134800916,-0.009516175004972427
1024695744,<30_F,0.0,0.35772543554988906,0.3778014625830401,0.020076027033151034
1024703168,<30_F,,0.3859517683419595,0.4428407277499381,0.05688895940797861
1024706880,30s_F,0.0,0.8467873050626156,0.8468453466147473,5.8041552131737895e-05
1024710592,30s_F,0.0,0.07684635716733751,0.11300010421169404,0.03615374704435653
1024729152,60+_F,0.0,0.7463272099979466,0.8233146127103557,0.07698740271240911
1024762560,30s_F,1.0,0.06137459642958312,0.1129625505706861,0.05158795414110298
1025014976,30s_F,0.0,0.09102589110105194,0.09489935111181275,0.003873460010760804
1025100352,30s_F,0.0,0.16918254204387564,0.20102211479270815,0.031839572748832506
1025131904,30s_F,0.0,0.0681549246782069,0.1100386982600215,0.041883773581814596
1025156032,30s_F,0.0,0.060923854028653794,0.10142459139561388,0.04050073736696009
1025189440,40s_F,0.0,0.20514709626689817,0.21488704381058635,0.009739947543688177
1025295232,<30_F,0.0,0.2607016541965871,0.3021377714309027,0.04143611723431562
1025464128,60+_F,,0.8928084044778213,0.8954236698175464,0.0026152653397251147
1025506816,50s_F,0.0,0.2285784940614647,0.21817931033712118,-0.010399183724343508
1025699840,40s_F,0.0,0.16765395494461527,0.21800427505490882,0.050350320110293556
1025809344,40s_F,0.0,0.2043230595428311,0.2482682540782223,0.043945194535391224
1025852032,30s_F,0.0,0.08466768157486976,0.11397645730941054,0.029308775734540785
1025878016,30s_F,,0.1602270628875201,0.17448117212004863,0.014254109232528539
1026117440,60+_F,0.0,0.23156291387828,0.2163472960473096,-0.015215617830970418
1026139712,30s_F,0.0,0.08720707698561628,0.09882485656514983,0.011617779579533555
1026202816,<30_F,1.0,0.4559307765234126,0.5436163794276263,0.08768560290421373
1026275200,40s_F,0.0,0.32811470741176796,0.36280258833538026,0.0346878809236123
1026351296,30s_F,0.0,0.24242547958669347,0.2640229763111147,0.02159749672442124
1026403264,30s_F,0.0,0.43990924883420357,0.3869868543567312,-0.05292239447747238
1026546176,<30_F,0.0,0.7430360920279242,0.7610543697487694,0.01801827772084519
1026590720,30s_F,,0.08933912229415439,0.1274523639334667,0.03811324163931232
1026698368,40s_F,0.0,0.08727650639450978,0.10837046166077076,0.021093955266260983
1026819008,40s_F,0.0,0.14444598388278448,0.14782173648595923,0.003375752603174742
1026846848,50s_F,0.0,0.5141352722813448,0.5559659269984368,0.04183065471709202
1026960064,30s_F,0.0,0.08637343279288069,0.09788659460928915,0.011513161816408463
1027136384,30s_F,0.0,0.4181219252069514,0.5060750461980622,0.0879531209911108
1027277440,30s_F,0.0,0.10940563812948405,0.1432993680128008,0.03389372988331675
1027535424,30s_F,0.0,0.29588787778492215,0.31871989022659325,0.0228320124416711
1027546560,40s_F,0.0,0.07338510218398073,0.10644928427587338,0.03306418209189266
1027607808,30s_F,,0.2651648404318042,0.2000024411015334,-0.06516239933027082
1027657920,40s_F,0.0,0.45130737967771845,0.4113614906281716,-0.03994588904954682
1027696896,30s_F,0.0,0.2414901749112142,0.2298840843883789,-0.011606090522835288
1027758144,40s_F,0.0,0.34863154678644537,0.3522616627729648,0.003630115986519411
1027806400,30s_F,0.0,0.2186650149159891,0.2734876649827407,0.05482265006675158
1027817536,60+_F,0.0,0.419941023997654,0.38221312145432473,-0.03772790254332925
1027990144,30s_F,1.0,0.32570089205477926,0.27980512088960485,-0.045895771165174404
1027992000,50s_F,0.0,0.3948007804083904,0.33222454915693317,-0.06257623125145723
1028053248,30s_F,0.0,0.131449603335808,0.1647416393814509,0.0332920360456429
1028092224,30s_F,1.0,0.8785200946915789,0.8860923237894857,0.00757222909790678
1028131200,30s_F,,0.3770554369107883,0.36677656932033587,-0.010278867590452434
1028144192,<30_F,1.0,0.45384010718733697,0.4718113623152973,0.01797125512796033
1028175744,40s_F,,0.8917467401091674,0.9075123551446549,0.015765615035487457
1028244416,30s_F,0.0,0.3314623558070229,0.32447386357254004,-0.006988492234482835
1028268544,30s_F,,0.5563751885511276,0.7052865648852057,0.14891137633407814
1028272256,40s_M,0.0,0.10299977043559076,0.0898504282855038,-0.013149342150086965
1028298240,40s_F,1.0,0.06486652681529426,0.10666642966148268,0.041799902846188425
1028376192,30s_F,0.0,0.09507773150534078,0.1006853482363674,0.005607616731026624
1028496832,<30_F,1.0,0.06671536328337085,0.08395299488484864,0.017237631601477788
1028782656,30s_M,0.0,0.6243333466301579,0.7207523708255047,0.09641902419534676
1028825344,40s_F,1.0,0.37956015718654973,0.3649344169039598,-0.01462574028258995
1028957120,40s_F,,0.6135934257411058,0.6369127564682195,0.023319330727113785
1028960832,40s_F,0.0,0.28505886981707024,0.2871005642093238,0.0020416943922535458
1029005376,40s_F,1.0,0.6445573044042224,0.682617163591452,0.03805985918722954
1029083328,<30_F,0.0,0.11880289295552378,0.15204373875280366,0.033240845797279886
1029179840,40s_F,1.0,0.8865999594386059,0.89806390938027,0.011463949941664109
1029203968,30s_F,,0.09351271937236551,0.09119170466478574,-0.002321014707579769
1029320896,30s_F,0.0,0.09057381193636528,0.116245194750189,0.025671382813823723
1029415552,30s_F,1.0,0.06926957045593211,0.0888459067541545,0.01957633629822239
1029848000,40s_F,1.0,0.13217888132167313,0.16266833202726738,0.03048945070559425
1029894400,30s_F,0.0,0.06556543351472509,0.10715420549407317,0.041588771979348085
1030087424,40s_F,0.0,0.18414606909497638,0.17877249711362822,-0.005373571981348163
1030271168,30s_F,0.0,0.42562561010032596,0.4331723999619142,0.007546789861588243
1030273024,40s_F,0.0,0.11726674110141554,0.14591797359694228,0.028651232495526743
1030382528,30s_F,0.0,0.19886682175316533,0.2101044158586031,0.01123759410543776
1030503168,40s_F,0.0,0.7541866475138101,0.7496135780376801,-0.0045730694761300095
1030573696,50s_F,0.0,0.08750958827146757,0.10696038033048984,0.019450792059022268
1030716608,<30_M,0.0,0.583266277301362,0.6019331509479443,0.01866687364658226
1030729600,30s_F,0.0,0.7641384241683568,0.8096450016916902,0.045506577523333425
1030818688,30s_F,0.0,0.3354772602050868,0.3178564452175191,-0.01762081498756768
1030965312,50s_F,1.0,0.8419285950019425,0.9094604868746012,0.06753189187265873
1031186176,40s_F,1.0,0.5716374102906755,0.6140210516012328,0.042383641310557274
1031195456,30s_F,0.0,0.09953217747124148,0.1388009339789536,0.039268756507712124
1031245568,40s_M,0.0,0.3449437732293506,0.2839394216201063,-0.06100435160924428
1031767104,30s_F,0.0,0.4336207472909763,0.38626059020771847,-0.04736015708325786
1031806080,40s_F,1.0,0.167455262706492,0.22573913065136,0.058283867944868006
1031863616,40s_F,0.0,0.09530745573093856,0.12917232193530637,0.03386486620436781
1031948992,30s_F,0.0,0.18294377824902258,0.16289628905174425,-0.020047489197278334
1031954560,40s_F,0.0,0.07706353156049123,0.12272309663304384,0.045659565072552616
1032097472,30s_F,,0.8092029567666682,0.8498163658626275,0.04061340909595934
1032179136,30s_F,0.0,0.8671428658114295,0.8961706007027701,0.029027734891340584
1032255232,30s_F,0.0,0.22979634662206747,0.2330454953400731,0.0032491487180056344
1032281216,30s_F,0.0,0.08093006988182143,0.10224875779396085,0.021318687912139422
1032466816,30s_F,0.0,0.29233862849842857,0.2859839680829363,-0.006354660415492264
1032552192,50s_F,1.0,0.8956387694484623,0.9200400030507009,0.02440123360223856
1032606016,30s_F,,0.375092039587049,0.3465197163986107,-0.02857232318843833
1032641280,30s_F,0.0,0.09757604086702773,0.10657416514833035,0.008998124281302616
1032734080,30s_F,0.0,0.4839988396250495,0.44856394593249893,-0.035434893692550595
1033040320,30s_M,0.0,0.3243683624171701,0.36422435427976313,0.03985599186259303
1033086720,<30_F,1.0,0.37826767260454003,0.45302745541078443,0.0747597828062444
1033149824,30s_F,0.0,0.8451354799633348,0.8592502477987367,0.014114767835401887
1033227776,50s_F,0.0,0.1272801978166805,0.158765132000431,0.03148493418375048
1033379968,30s_F,0.0,0.393366723544711,0.33104605356308636,-0.062320669981624666
1033548864,50s_F,0.0,0.3419971591826883,0.274041350344059,-0.06795580883862928
1033853248,30s_F,0.0,0.27471950791655814,0.2889253408380906,0.01420583292153249
1033962752,30s_F,0.0,0.1897283076068817,0.219669057493833,0.029940749886951307
1033999872,30s_F,1.0,0.21031077906338028,0.25129668150519097,0.04098590244181069
1034508416,40s_F,0.0,0.09678642996695816,0.11612218523805669,0.01933575527109853
1034569664,50s_F,0.0,0.43395557009908864,0.367998142690163,-0.06595742740892563
1034619776,<30_F,1.0,0.803920101571265,0.777711837158687,-0.026208264412578064
1034623488,30s_F,0.0,0.7791702793255988,0.8129263231157754,0.033756043790176604
1034656896,30s_F,0.0,0.7898533867329536,0.6982782706309376,-0.09157511610201596
1034675456,30s_F,0.0,0.6620032794346968,0.6247804958071864,-0.037222783627510414
1034790528,50s_F,1.0,0.17510705253396747,0.17716694595449362,0.0020598934205261488
1034840640,30s_F,0.0,0.32330705665625475,0.2909103753956901,-0.032396681260564664
1035028096,30s_F,0.0,0.09810612846849522,0.1130919892073724,0.014985860738877185
1035141312,50s_F,,0.0694697469215778,0.11261811287365223,0.04314836595207443
1035380736,40s_F,0.0,0.2927135463031434,0.29231313018974814,-0.0004004161133952522
1035466112,30s_F,1.0,0.8959422255435237,0.8815054174034946,-0.014436808140029012
1035627584,30s_F,0.0,0.3662146689719843,0.29565410900769984,-0.07056055996428445
1035751936,40s_F,0.0,0.6590458294493478,0.612317536096668,-0.046728293352679806
1035777920,60+_F,0.0,0.0896257794879947,0.11641255637129017,0.026786776883295463
1036134272,30s_F,0.0,0.3007963231537547,0.28012084236523405,-0.02067548078852066
1036163968,30s_F,,0.35232346724300223,0.3914731525507682,0.03914968530776597
1036201088,40s_F,1.0,0.6940660474282057,0.6788583869610781,-0.015207660467127515
1036336576,40s_F,0.0,0.7396064609096683,0.785706344044312,0.04609988313464375
1036403392,30s_F,0.0,0.6949633474089774,0.7336186461352174,0.03865529872624007
1036434944,30s_F,0.0,0.0736799215208606,0.07454398131272458,0.0008640597918639775
1036759744,30s_F,0.0,0.5538407467610971,0.5876807702261445,0.03384002346504744
1036906368,<30_F,0.0,0.7094799331321507,0.6640049373003484,-0.04547499583180237
1037078976,<30_F,,0.1898136279096464,0.19349826981404805,0.003684641904401653
1037275712,30s_M,,0.09838240822979646,0.1381264021399962,0.039743993910199726
1037502144,30s_F,0.0,0.35294329149317943,0.3248926717804641,-0.02805061971271533
1037607936,40s_F,0.0,0.7174715758314086,0.6953522138999665,-0.02211936193144215
1037708160,40s_F,0.0,0.2994262455625053,0.293486314920314,-0.005939930642191282
1037819520,30s_F,,0.16862200432170826,0.17457984580646613,0.005957841484757864
1037945728,40s_F,0.0,0.35317172067400365,0.39562937800402537,0.042457657330021714
1037997696,50s_F,,0.11817406680842694,0.13944140582713016,0.021267339018703216
1038044096,40s_F,0.0,0.3027006302270349,0.33722359687136927,0.03452296664433435
1038073792,30s_F,0.0,0.7895627431410926,0.824389883554263,0.034827140413170365
1038135040,40s_F,,0.6534837328792241,0.6883125113115415,0.03482877843231735
1038166592,30s_F,0.0,0.38436966361547076,0.35266976416670187,-0.03169989944876889
1038391168,30s_F,,0.5770367643197148,0.5872955747465632,0.010258810426848397
1038448704,30s_F,1.0,0.381228643083198,0.31550958476119495,-0.06571905832200303
1038548928,<30_F,1.0,0.38619303725839904,0.38326773721265617,-0.0029253000457428735
1038571200,30s_F,0.0,0.11792443539726855,0.15791691415378606,0.03999247875651751
1038591616,<30_F,,0.7287639470773013,0.7010684753763995,-0.027695471700901808
1038686272,40s_F,0.0,0.12366506098096128,0.13298415645678072,0.009319095475819439
1038955392,50s_F,0.0,0.09029974675212477,0.08347304103508359,-0.006826705717041179
1039222656,30s_F,0.0,0.7394411771538093,0.7700995779090262,0.030658400755216864
1039235648,40s_F,0.0,0.12434331458940347,0.16208722503153164,0.03774391044212817
1039248640,<30_F,0.0,0.061262050996665096,0.111358562785901,0.05009651178923591
1039376704,30s_F,0.0,0.13494018059006624,0.16664589251909256,0.031705711929026326
1039577152,30s_F,0.0,0.785081071689794,0.7316363045714547,-0.05344476711833934
1039597568,30s_F,0.0,0.4599724816151429,0.4303014663708269,-0.029671015244316035
1039623552,<30_F,,0.8185278327014722,0.7897193009049346,-0.02880853179653764
1039677376,40s_F,,0.09421907847735554,0.08289822341522714,-0.011320855062128404
1039751616,40s_F,0.0,0.365652462608072,0.2909817199851447,-0.07467074262292728
1039816576,40s_F,0.0,0.6746454375883402,0.6982041470589135,0.02355870947057337
1039853696,60+_F,,0.8617069236028183,0.9058260629532663,0.04411913935044798
1039965056,30s_F,0.0,0.07976948832100007,0.10904016311659318,0.029270674795593102
1039972480,30s_F,,0.9314373591797483,0.9066358486115486,-0.02480151056819979
1040081984,30s_F,0.0,0.8896579925932735,0.882442653974432,-0.007215338618841494
1040111680,<30_F,1.0,0.23269060709924694,0.24346702103101706,0.010776413931770118
1040210048,30s_F,0.0,0.8772050215373409,0.8734674218636285,-0.003737599673712455
1040260160,30s_F,0.0,0.22135628879967,0.22499315576814316,0.0036368669684731514
1040393792,<30_F,0.0,0.7491889797126542,0.7488029115792618,-0.0003860681333923699
1040436480,30s_F,0.0,0.8415753342073932,0.8552859661881689,0.013710631980775712
1040722304,40s_F,0.0,0.14969328838090737,0.16429777889525218,0.014604490514344814
1040746432,40s_F,0.0,0.09494673668549819,0.13594123190053625,0.04099449521503806
1040785408,40s_M,0.0,0.07109638191445809,0.0784187504255359,0.007322368511077801
1040816960,<30_F,0.0,0.06559486986140685,0.10564220419423863,0.04004733433283178
1040880064,30s_F,1.0,0.0742772012989597,0.09999951257605186,0.025722311277092152
1041203008,30s_F,0.0,0.17844013034531658,0.17709085872785923,-0.0013492716174573482
1041319936,30s_F,0.0,0.5981978225239206,0.6214603631921071,0.02326254066818645
1041633600,30s_F,,0.2746213550846842,0.2507000372669265,-0.023921317817757692
1041722688,30s_F,0.0,0.8504627957475086,0.7946939444923738,-0.055768851255134755
1041770944,40s_F,0.0,0.17389364587600262,0.1847021621353451,0.010808516259342482
1041837760,<30_F,0.0,0.2913995514680709,0.36747472694261624,0.07607517547454534
1041843328,50s_M,,0.11658090427538642,0.12430178326258194,0.00772087898719552
1041917568,30s_M,0.0,0.07154766716864884,0.1103316223543619,0.038783955185713065
1041958400,30s_F,0.0,0.8189606310869572,0.8778344363279583,0.058873805241001165
1042366720,30s_F,,0.40036604806732534,0.3680779759166213,-0.03228807215070406
1042452096,30s_F,0.0,0.10280621799597256,0.10078874025930258,-0.0020174777366699786
1042752768,40s_F,0.0,0.7201377916789855,0.7417414855740057,0.02160369389502015
1042767616,40s_F,0.0,0.8972748588040544,0.9101580282141087,0.012883169410054296
1042869696,30s_F,0.0,0.8789620960119189,0.891899839141063,0.012937743129144086
1043070144,30s_F,0.0,0.6749724615130518,0.7218789188602318,0.04690645734718002
1043079424,30s_F,0.0,0.9010673823962131,0.9119019099093697,0.010834527513156611
1043565696,40s_F,1.0,0.22663853113863863,0.2823825855611215,0.05574405442248287
1043571264,30s_F,,0.06188110084630139,0.09250704459151304,0.030625943745211652
1043647360,30s_F,0.0,0.3953140093635649,0.4092809801073065,0.013966970743741591
1043766144,30s_F,,0.15658728578284017,0.18408232388908727,0.027495038106247094
1043857088,40s_F,0.0,0.0737380963095824,0.0953750661522308,0.0216369698426484
1043873792,50s_F,,0.28878969431174834,0.2846344133968606,-0.00415528091488776
1043914624,40s_F,0.0,0.49501521591725345,0.4511604293494752,-0.04385478656777825
1044241280,30s_F,0.0,0.3955078384772591,0.4745600074852264,0.0790521690079673
1044365632,30s_F,0.0,0.15955836881256424,0.2063602025966026,0.04680183378403835
1044441728,30s_F,0.0,0.06697743745323453,0.11434611113827067,0.04736867368503614
1044606912,30s_F,0.0,0.12496175735080843,0.1426894423990318,0.017727685048223377
1044818496,60+_F,0.0,0.5515030095429453,0.504363798562362,-0.04713921098058327
1044846336,30s_F,0.0,0.4085796811154442,0.43720057237031734,0.02862089125487316
1044946560,40s_F,,0.1460969236329247,0.1971684134256529,0.051071489792728186
1044965120,30s_F,0.0,0.7117916256457696,0.7027945377304835,-0.008997087915286084
1045137728,40s_F,0.0,0.1546140916018549,0.20834465068228877,0.053730559080433865
1045172992,30s_M,,0.07764326771559565,0.09535493271806887,0.017711665002473218
1045185984,30s_F,0.0,0.7747226886958054,0.7454298077259277,-0.0292928809698777
1045401280,40s_F,,0.4424623988467512,0.4674729849570491,0.025010586110297883
1045820736,<30_F,0.0,0.21002192454048074,0.23052832527246653,0.020506400731985786
1045945088,30s_F,0.0,0.4452027783821634,0.39174508647697515,-0.05345769190518823
1046088000,60+_F,0.0,0.4460996620420837,0.4109124009024648,-0.0351872611396189
1046097280,30s_F,,0.4490147480581734,0.3868778956783989,-0.062136852379774454
1046156672,30s_F,0.0,0.26007134738882004,0.23118563360685787,-0.02888571378196217
1046219776,<30_F,0.0,0.3915825630044709,0.38029693325452696,-0.01128562974994396
1046702336,40s_F,,0.2505640671041703,0.29770442056466,0.047140353460489726
1046735744,50s_F,,0.7322700556078946,0.7308309841104613,-0.0014390714974332752
1046748736,40s_F,0.0,0.08667734983451446,0.10103676105834192,0.014359411223827459
1046763584,30s_F,,0.17789122336211974,0.1641365634601453,-0.013754659901974442
1046871232,30s_M,0.0,0.08382505613751294,0.09873209475447753,0.014907038616964588
1047168192,50s_F,0.0,0.8496233234161966,0.8868738600260191,0.03725053660982247
1047184896,30s_F,0.0,0.8240847591560413,0.7577552992092345,-0.06632945994680683
1047253568,40s_F,,0.7684567727386308,0.7061067627646586,-0.06235000997397222
1047255424,30s_F,,0.08293527015817455,0.09755828611467177,0.014623015956497218
1047351936,30s_F,0.0,0.20152378290834697,0.22011414548950853,0.018590362581161562
1047426176,30s_F,0.0,0.397647968293878,0.46518514469245636,0.06753717639857837
1047496704,60+_M,0.0,0.5872998731582529,0.5661538191771263,-0.021146053981126678
1047680448,<30_F,0.0,0.11816071454429887,0.15504578724899884,0.03688507270469997
1047836352,60+_F,0.0,0.07936635287849592,0.10752155966268802,0.028155206784192102
1047977408,40s_F,,0.5487211844402033,0.5249600583788815,-0.023761126061321858
1048112896,30s_F,0.0,0.12686145758889836,0.14047190620838304,0.013610448619484683
1048124032,30s_F,,0.06683209688271156,0.09905609226841278,0.03222399538570121
1048164864,60+_F,1.0,0.873646824973033,0.8780233665420547,0.004376541569021675
1048363456,<30_F,,0.25136826960828446,0.3444595161870581,0.09309124657877366
1048925824,30s_F,0.0,0.12144895985525281,0.13423017910823123,0.012781219252978426
1049102144,30s_F,,0.1470135027719688,0.1712433730636654,0.024229870291696598
1049232064,40s_F,,0.22680008427689147,0.23194310308923008,0.005143018812338612
1049465920,30s_F,0.0,0.7394706681718239,0.6758745335295936,-0.06359613464223035
1049686784,30s_F,0.0,0.8944898140561623,0.897083657620573,0.002593843564410614
1049727616,30s_M,,0.5230565626093202,0.5251045182838745,0.0020479556745542915
1049946624,30s_F,1.0,0.7899737255052977,0.8484543205004388,0.05848059499514113
1050169344,60+_F,0.0,0.1437261935902436,0.15073228444173645,0.007006090851492841
1050212032,60+_F,1.0,0.7551792654823327,0.8070311744094554,0.05185190892712266
1050228736,30s_F,0.0,0.2082096933640185,0.20067143055074627,-0.007538262813272245
1050286272,40s_F,0.0,0.12031887593325898,0.16216223472257155,0.04184335878931257
1050419904,<30_F,0.0,0.30183044678026877,0.32671481143875913,0.024884364658490365
1050664896,<30_F,0.0,0.09134382285290447,0.1368712435794893,0.04552742072658482
1050668608,30s_F,,0.6437160564756147,0.6849036858067944,0.0411876293311797
1050711296,<30_F,,0.09066148168619736,0.14700856287038092,0.05634708118418355
1050737280,40s_F,1.0,0.8280619884893035,0.8156866402138198,-0.0123753482754837
1050750272,30s_F,0.0,0.42819984746458645,0.45568845606727243,0.027488608602685982
1051099200,40s_F,0.0,0.8736973246286399,0.8842635403300286,0.010566215701388715
1051138176,<30_F,0.0,0.6706218997369493,0.6252603655750041,-0.045361534161945216
1051308928,30s_F,0.0,0.06754185936073959,0.10249339410731487,0.03495153474657528
1051694976,60+_F,0.0,0.29480193472185356,0.26337057292584,-0.03143136179601358
1051836032,60+_F,0.0,0.8582229452667213,0.8506792787385126,-0.007543666528208703
1051939968,30s_F,0.0,0.9471429363562587,0.9208365779042219,-0.02630635845203677
1052012352,30s_F,0.0,0.258750548931857,0.2535139303663273,-0.005236618565529705
1052060608,40s_F,0.0,0.5878389914805155,0.5910627729285189,0.0032237814480033933
1052064320,60+_F,,0.8731840110429461,0.873481119641768,0.00029710859882192686
1052101440,30s_F,0.0,0.7441209597519114,0.8127129857385108,0.06859202598659941
1052526464,30s_M,0.0,0.23607707996372723,0.22934127284711459,-0.0067358071166126465
1052641536,<30_F,1.0,0.41462360057468883,0.3880802658545848,-0.026543334720104006
1052858688,<30_F,0.0,0.6051562605269588,0.5151499486097941,-0.09000631191716468
1053400640,<30_F,0.0,0.14316532148502104,0.1517340011806712,0.008568679695650172
1053473024,30s_F,0.0,0.11978380496619286,0.1507570343746687,0.03097322940847584
1053499008,30s_F,,0.18267435300013893,0.19453808171711726,0.011863728716978328
1053627072,30s_M,,0.10836927617627609,0.20481190427023754,0.09644262809396145
1053834944,30s_F,0.0,0.4720745570142949,0.48807331794971065,0.015998760935415746
1054053952,50s_F,0.0,0.14824929611608617,0.1795160093062935,0.031266713190207324
1054148608,60+_F,0.0,0.17420617890836212,0.21652518396722734,0.04231900505886521
1054163456,30s_F,0.0,0.18275983777987093,0.1886043193419627,0.0058444815620917745
1054293376,50s_F,0.0,0.2505720149066651,0.2760601668662142,0.02548815195954912
1054317504,30s_F,,0.5505344601912825,0.6110936017044449,0.06055914151316244
1054410304,30s_F,,0.44975360156979155,0.38333340437201935,-0.0664201971977722
1054595904,<30_F,0.0,0.29065291704062185,0.3358927640602564,0.04523984701963457
1054803776,40s_F,,0.35032113175340046,0.2918642058435442,-0.05845692590985624
1054805632,40s_F,,0.8167850173745326,0.8661706786910538,0.04938566131652122
1054961536,40s_M,0.0,0.7402440958308272,0.6771742740607946,-0.06306982177003262
1055243648,30s_F,,0.22165564515056627,0.1750626494830502,-0.04659299566751607
1055312320,<30_M,,0.18113664484841507,0.2081140498509936,0.02697740500257853
1055369856,30s_F,0.0,0.11714225699148915,0.11365173624615663,-0.0034905207453325288
1055588864,50s_F,0.0,0.8942439045252694,0.915707884713773,0.021463980188503595
1055971200,30s_F,0.0,0.8859728898370232,0.8295985748206001,-0.05637431501642309
1055976768,60+_F,0.0,0.2656816132130691,0.24568919157069943,-0.019992421642369668
1056008320,<30_F,1.0,0.06793406217351773,0.0935545860454721,0.025620523871954362
1056167936,30s_F,0.0,0.8757334020742309,0.871932764386027,-0.003800637688203934
1056193920,<30_F,0.0,0.06650847071791918,0.08572159547424368,0.0192131247563245
1056297856,50s_F,0.0,0.19188655929064186,0.24178221918705983,0.049895659896417976
1056303424,40s_F,,0.853940290312652,0.9017053997468261,0.04776510943417411
1056314560,60+_F,0.0,0.20133484188583226,0.20948064995016322,0.008145808064330962
1056318272,40s_F,,0.8690285761063763,0.8513014121807463,-0.017727163925630007
1056394368,30s_F,0.0,0.9004078989285089,0.9024597511995402,0.002051852271031329
1056489024,30s_F,0.0,0.16871064702810007,0.17454651569468582,0.005835868666585753
1056596672,<30_F,0.0,0.35350467546257475,0.3163610720574349,-0.037143603405139836
1056819392,50s_F,,0.09757994456395021,0.13426127964735415,0.036681335083403946
1056847232,30s_M,0.0,0.15629799101308156,0.1881719025597669,0.03187391154668534
1057114496,30s_F,0.0,0.07343118953805877,0.09063502028058043,0.01720383074252166
1057253696,40s_F,0.0,0.5199190406901082,0.5381833312390323,0.01826429054892409
1057430016,60+_F,0.0,0.07113165435852747,0.10005627451498204,0.02892462015645457
1057454144,40s_F,0.0,0.4658795862802421,0.40902968850655036,-0.05684989777369176
1057554368,40s_F,0.0,0.45157550545687897,0.560689689268318,0.109114183811439
1057615616,60+_F,,0.13037130578094605,0.13122642496637707,0.0008551191854310192
1057619328,60+_F,0.0,0.8764880827518433,0.8842288298198359,0.007740747067992548
1057712128,30s_F,0.0,0.6090271700242768,0.7090595573928105,0.1000323873685337
1057814208,40s_F,0.0,0.7474432075808501,0.6676661041154377,-0.07977710346541245
1057838336,30s_F,,0.1509132309182835,0.18913232386529163,0.03821909294700815
1058061056,<30_F,,0.08984943750352808,0.11067311114334326,0.020823673639815174
1058291200,30s_F,0.0,0.5964461727422967,0.6550413630979703,0.05859519035567362
1058311616,50s_F,,0.13295478068228328,0.1554003460251932,0.022445565342909923
1058319040,60+_F,0.0,0.7796503886507746,0.7440083462784954,-0.03564204237227919
1058345024,<30_F,0.0,0.7773059903322824,0.6938754928088865,-0.08343049752339593
1058411840,<30_F,0.0,0.15240053577236953,0.1555983125447228,0.003197776772353278
1058582592,30s_F,,0.07421109052109337,0.09295826518982941,0.018747174668736044
1058584448,40s_F,0.0,0.2935855842098756,0.27221505563121584,-0.021370528578659787
1058875840,<30_F,0.0,0.05830300968233687,0.11166457250750948,0.05336156282517261
1058985344,30s_F,0.0,0.2803647058641145,0.316834033547628,0.03646932768351352
1059365824,50s_F,0.0,0.5879810668242187,0.5585466381267914,-0.029434428697427295
1059376960,50s_F,0.0,0.8862277888445841,0.9024397736095842,0.016211984765000076
1059538432,<30_F,0.0,0.0884589442908237,0.12231587671798742,0.03385693242716373
1059544000,40s_F,,0.9025813739955442,0.8594581150923121,-0.0431232589032321
1059790848,30s_F,1.0,0.5237880928706721,0.5739656570174979,0.05017756414682584
1059900352,40s_F,,0.4158957731279005,0.49772360537479554,0.08182783224689505
1060098944,<30_F,0.0,0.712713739392111,0.7346596438909863,0.021945904498875235
1060110080,40s_M,0.0,0.5346020252980586,0.5332065870756528,-0.0013954382224057316
1060381056,30s_F,0.0,0.16160738935664498,0.19361762579411612,0.03201023643747114
1060499840,30s_F,1.0,0.2401621114570182,0.24339796077972892,0.0032358493227107044
1060692864,50s_F,0.0,0.23522906028334145,0.24912707812736945,0.013898017844027999
1060880320,<30_F,,0.07396344124489167,0.12295468377716472,0.04899124253227305
1061238528,50s_F,1.0,0.4138878350755013,0.4078351291455531,-0.006052705929948221
1061331328,30s_F,0.0,0.28121489566296487,0.31161854539658096,0.03040364973361609
1061342464,30s_F,0.0,0.4475128115897433,0.540099866451899,0.09258705486215568
1061400000,30s_F,0.0,0.06354667957181694,0.11026173971691304,0.046715060145096104
1061643136,40s_F,0.0,0.5713019366700922,0.5467053840287062,-0.02459655264138605
1061741504,40s_F,,0.24050147546426065,0.23229151514976876,-0.008209960314491893
1061958656,30s_F,0.0,0.19589437331441228,0.22944805818497613,0.033553684870563844
1062120128,30s_F,1.0,0.2998111698098056,0.23956440704618234,-0.06024676276362326
1062521024,30s_F,0.0,0.17846025499317592,0.19693765718144468,0.018477402188268766
1062719616,<30_F,0.0,0.19554308486349378,0.20803502575179042,0.012491940888296638
1062873664,40s_F,,0.8670737919257381,0.8312073295116825,-0.035866462414055555
1062925632,30s_F,1.0,0.5375659939602204,0.5728278585637433,0.035261864603522874
1063077824,<30_F,1.0,0.6552595551783614,0.6736908272111064,0.018431272032744972
1063120512,40s_F,1.0,0.885344936107968,0.8963010799115149,0.010956143803546814
1063224448,<30_F,1.0,0.4059752411768869,0.4490021054748776,0.04302686429799074
1063259712,<30_F,,0.19616098579873723,0.21017697958106812,0.014015993782330899
1063447168,30s_F,0.0,0.11587985619060558,0.1369687837175886,0.021088927526983034
1063499136,<30_F,,0.10640744711968399,0.1445547771437512,0.038147330024067214
1063512128,40s_F,,0.8314982670294849,0.865084611570281,0.03358634454079612
1063656896,<30_F,0.0,0.5524155983004312,0.6481729225954443,0.09575732429501316
1064106048,50s_F,0.0,0.3160965913023365,0.3275964687036182,0.011499877401281666
1064364032,40s_F,0.0,0.08196264836424909,0.11190427143034513,0.029941623066096046
1064518080,40s_F,0.0,0.4258049431087319,0.3614930129803094,-0.06431193012842251
1064549632,40s_F,0.0,0.757905830303741,0.7702156714959381,0.012309841192197024
1064785344,30s_F,,0.2959739163016485,0.326919343768264,0.030945427466615494
1064867008,30s_F,1.0,0.23343780777821924,0.2550219803895739,0.021584172611354674
1065147264,40s_F,0.0,0.0830181380299376,0.13490520511814064,0.05188706708820304
1065314304,40s_M,,0.07042964257868435,0.1033354545901713,0.03290581201148694
1065769024,30s_F,0.0,0.23481788964841077,0.25544645068343763,0.02062856103502686
1065780160,30s_F,0.0,0.06319821122511259,0.088520360217612,0.02532214899249942
1065796864,30s_F,1.0,0.06357149747829335,0.09664258536177059,0.033071087883477235
1065995456,30s_F,0.0,0.289299802808038,0.295375098047513,0.006075295239474976
1066054848,60+_F,0.0,0.7994316049477795,0.8295205087062069,0.03008890375842732
1066088256,30s_F,1.0,0.20246737783845611,0.18853380479502413,-0.013933573043431985
1066121664,30s_F,,0.439338955232796,0.42833722799116847,-0.011001727241627512
1066225600,30s_F,0.0,0.6234770982025342,0.7372605038491656,0.11378340564663147
1066292416,30s_F,,0.8834575532106307,0.878387712671125,-0.0050698405395056545
1066414912,<30_F,0.0,0.08877601957935383,0.11408248074324258,0.025306461163888752
1066431616,<30_F,0.0,0.061550919313944866,0.09559283597191166,0.0340419166579668
1066531840,30s_M,0.0,0.45702045729212515,0.5871299137872298,0.13010945649510464
1066732288,30s_M,,0.12360800154013543,0.12909392743673784,0.005485925896602406
1067003264,30s_F,0.0,0.10988692812416583,0.12053557228685575,0.01064864416268993
1067368896,30s_F,0.0,0.08315644727064898,0.0930845195773768,0.00992807230672782
1067417152,50s_F,0.0,0.15387149735649935,0.153394362858621,-0.0004771344978783676
1067472832,50s_F,0.0,0.3598062335952244,0.30832608369421327,-0.05148014990101113
1067673280,30s_M,0.0,0.6478925933071165,0.6425468321238642,-0.005345761183252251
1068037056,30s_F,0.0,0.07930843357325275,0.11736864039584914,0.03806020682259639
1068063040,50s_F,0.0,0.6853154125216114,0.6492533489809976,-0.03606206354061381
1068207808,<30_F,,0.08585065828964376,0.13654661040256852,0.050695952112924755
1068428672,30s_F,0.0,0.531275207998019,0.4886313682553146,-0.04264383974270436
1068488064,30s_F,1.0,0.8307819317983336,0.8495510346474702,0.018769102849136576
1068701504,30s_F,0.0,0.765472574929412,0.8221281360283014,0.05665556109888936
1068775744,30s_F,,0.8904608493022045,0.9089662509513358,0.01850540164913128
1068781312,<30_F,1.0,0.28135099259299134,0.3454249187441134,0.06407392615112206
1068985472,60+_F,0.0,0.21940366309402326,0.24237751038895183,0.022973847294928573
1069098688,50s_F,0.0,0.9010109426117591,0.9089942100706234,0.007983267458864352
1069239744,50s_F,0.0,0.6457760727180318,0.6692740905768758,0.023498017858843978
1069429056,40s_F,0.0,0.3303322982749988,0.3372317547630122,0.006899456488013378
1069692608,30s_F,0.0,0.891704217794707,0.9030802105024212,0.011375992707714166
1069850368,50s_F,0.0,0.07336201322917799,0.1014607303004624,0.028098717071284418
1069922752,30s_F,1.0,0.8490345032470067,0.8828924305820501,0.03385792733504345
1069976576,30s_F,0.0,0.8560986646247578,0.9010141428132289,0.04491547818847108
1069984000,30s_F,0.0,0.15128902701249322,0.18627264372215435,0.03498361670966113
1070063808,30s_M,0.0,0.3489069078488383,0.34091838973211536,-0.007988518116722965
1070388608,30s_F,0.0,0.26435909794883555,0.24462042202698192,-0.019738675921853632
1070399744,60+_F,,0.7691148540349091,0.6844082574717935,-0.08470659656311563
1070750528,30s_F,0.0,0.8645148051302297,0.8642099547259976,-0.0003048504042321154
1070945408,30s_F,0.0,0.3427634765916949,0.3447752242612268,0.0020117476695318826
1070986240,30s_F,,0.10931928203581044,0.16316427293719063,0.05384499090138019
1071210816,40s_F,1.0,0.3737522014209633,0.3306034986762054,-0.043148702744757905
1071268352,50s_F,0.0,0.8817129955584475,0.8888278691520718,0.007114873593624282
1071552320,<30_F,0.0,0.08870503101583005,0.14419309794611251,0.055488066930282465
1071780608,40s_F,1.0,0.19557300954710702,0.22889560931382136,0.03332259976671434
1071795456,<30_F,0.0,0.1485384814742578,0.21203131043056483,0.06349282895630703
1071878976,30s_F,0.0,0.7026568289762192,0.6534086540105883,-0.04924817496563083
1072110976,50s_F,1.0,0.2077674241548994,0.231527057894301,0.023759633739401598
1072283584,<30_F,0.0,0.8294816392544496,0.8234119320386465,-0.006069707215803133
1072578688,40s_F,0.0,0.8029133545652012,0.8750504385753698,0.0721370840101686
1072756864,30s_F,0.0,0.7757837301541981,0.8143310785143353,0.03854734836013718
1072922048,60+_F,,0.2326090971751217,0.2288399048034,-0.0037691923717217135
1072944320,40s_F,0.0,0.47737588330086483,0.45952437912063077,-0.017851504180234068
1073131776,50s_F,1.0,0.12974401208718958,0.14245706583527495,0.012713053748085373
1073168896,<30_F,0.0,0.8498246442427737,0.8202997866332631,-0.029524857609510624
1073183744,40s_F,0.0,0.5651724139006208,0.63796972352554,0.07279730962491926
1073417600,<30_M,0.0,0.06995950701812165,0.12373206816480044,0.05377256114667879
1073425024,40s_F,0.0,0.17242520047727694,0.21610652729933372,0.043681326822056776
1073438016,30s_F,0.0,0.7613885463296038,0.8125323267457953,0.0511437804161915
1073586496,<30_F,0.0,0.10080743814761622,0.10301591524588308,0.0022084770982668533
1073753536,<30_F,0.0,0.169102951702283,0.2041234135954963,0.035020461893213284
1073777664,30s_F,0.0,0.12965102699854045,0.1515747859486811,0.021923758950140648
1073976256,50s_F,0.0,0.2250406436847114,0.21764587267598418,-0.007394771008727236
1074546048,30s_F,0.0,0.11025494692217014,0.1463336229640408,0.03607867604187065
1074564608,<30_F,,0.07354346203459183,0.08842374438827034,0.014880282353678512
1074594304,40s_M,0.0,0.10783500874288172,0.11651164446946013,0.00867663572657841
1074917248,30s_F,0.0,0.21639020328929168,0.2677245359246164,0.05133433263532475
1075015616,40s_F,0.0,0.21822183578479604,0.2669338656753407,0.048712029890544684
1075386816,40s_F,0.0,0.7360840785536595,0.6748710119712896,-0.06121306658236991
1075429504,30s_F,0.0,0.10228121544562609,0.11547989500178941,0.013198679556163329
1075568704,30s_F,1.0,0.32664724605362294,0.3245872685290792,-0.0020599775245437324
1075704192,50s_F,0.0,0.08041493745446,0.12215490827655262,0.04173997082209262
1075706048,30s_F,0.0,0.263249710635445,0.2865775178739605,0.02332780723851552
1075785856,30s_F,0.0,0.06994958049429625,0.11267652898576784,0.042726948491471586
1075791424,30s_F,0.0,0.2426432232405177,0.23640699604659907,-0.006236227193918642
1075878656,50s_F,0.0,0.0971573866328103,0.14697601036554542,0.049818623732735115
1075921344,40s_F,0.0,0.11488208802544914,0.1282982511819687,0.013416163156519556
1075938048,50s_F,0.0,0.07843815397174028,0.09665831665914812,0.018220162687407837
1076056832,30s_F,0.0,0.7129444608265575,0.5939287311436436,-0.11901572968291385
1076114368,30s_F,,0.2209880307160488,0.23177573454630987,0.010787703830261064
1076121792,<30_F,,0.13443115156405028,0.1506182597482902,0.016187108184239934
1076147776,30s_F,0.0,0.16293164579488667,0.21217583020263875,0.04924418440775208
1076242432,40s_F,,0.19626422576189204,0.21620880913982904,0.019944583377937003
1076262848,30s_F,,0.20201028790653935,0.19854505463010116,-0.00346523327643819
1076428032,30s_F,0.0,0.7848935666710305,0.8246283470389284,0.039734780367897904
1076680448,50s_F,0.0,0.8696179917601874,0.8674298542228884,-0.002188137537298962
1077922112,50s_F,0.0,0.4038017432971977,0.35139633674248766,-0.05240540655471004
1078363840,50s_F,0.0,0.3595046289872066,0.47083331699218306,0.11132868800497647
1080646720,50s_F,1.0,0.1446345312985349,0.17475153611771232,0.030117004819177423
1082369088,40s_F,0.0,0.09300946331632252,0.11067402221164546,0.017664558895322938
1083013120,50s_F,0.0,0.09027132375505026,0.11884787493640532,0.02857655118135506
1083350912,<30_F,0.0,0.07142632097263904,0.13250394603237708,0.061077625059738044
1083620032,<30_F,0.0,0.27441603121458674,0.3110094793725565,0.03659344815796978
1083718400,<30_F,0.0,0.2116173467157628,0.226491468954932,0.014874122239169202
1083772224,30s_F,0.0,0.4450339174639464,0.4217973639756839,-0.02323655348826248
1083872448,40s_F,,0.06875831067525212,0.08407945287269389,0.015321142197441767
1083913280,30s_F,0.0,0.12463900320054912,0.1631645839660733,0.03852558076552419
1083950400,30s_F,0.0,0.09461825703471856,0.13810792104624606,0.0434896640115275
1084002368,30s_F,0.0,0.0965276692265114,0.11052425800284585,0.013996588776334445
1084557312,30s_F,1.0,0.06349021580855728,0.10416006218881474,0.04066984638025746
1084566592,30s_F,,0.4562321684420351,0.537354319762707,0.08112215132067185
1084598144,30s_F,0.0,0.10623259460612809,0.1194369903780359,0.01320439577190781
1084687232,40s_F,0.0,0.08471620956242255,0.09272574623921451,0.008009536676791953
1084774464,30s_F,1.0,0.10752101356060609,0.13925389732771346,0.03173288376710737
1084839424,30s_F,0.0,0.34622682342820954,0.35090305351485973,0.0046762300866501905
1085078848,50s_M,1.0,0.1350069573449567,0.1565248817178606,0.021517924372903896
1085232896,30s_F,0.0,0.11408377514501743,0.1195345144717117,0.005450739326694279
1085234752,60+_F,0.0,0.49173016904048217,0.38574141477850804,-0.10598875426197413
1085498304,30s_F,,0.32156557530162744,0.3047825303800948,-0.016783044921532653
1085702464,30s_F,,0.18205071101675815,0.16934987403648505,-0.012700836980273106
1085717312,30s_F,0.0,0.12366384496002861,0.11344616617487585,-0.010217678785152756
1085776704,<30_F,0.0,0.14341424456633559,0.1642546756489719,0.020840431082636307
1085806400,30s_F,0.0,0.9008057731330575,0.8954218106817312,-0.0053839624513263296
1085856512,30s_F,0.0,0.5903937269690703,0.6157753275741175,0.025381600605047128
1085908480,30s_F,0.0,0.3283542183663271,0.35018896033470365,0.021834741968376536
1086095936,<30_F,0.0,0.23201245196328252,0.23827317712998075,0.006260725166698233
1086127488,30s_F,0.0,0.8554650698187332,0.8129385029864256,-0.0425265668323076
1086220288,30s_F,1.0,0.07373247264441166,0.11035275413325266,0.036620281488841
1086275968,<30_F,,0.41900390576543584,0.41381947429484783,-0.005184431470588002
1086296384,50s_F,0.0,0.310470728241632,0.2687545734727059,-0.041716154768926095
1086478272,50s_F,0.0,0.8573831103194927,0.8749430580800712,0.017559947760578565
1086680576,30s_F,0.0,0.3553083420721407,0.29914085038594285,-0.056167491686197835
1086693568,30s_F,0.0,0.1519703325758195,0.18366869359475024,0.031698361018930754
1087244800,<30_F,0.0,0.7468008157644952,0.7619794785891125,0.015178662824617328
1087500928,30s_M,0.0,0.5186351641188945,0.6043382690229273,0.08570310490403277
1087539904,60+_F,0.0,0.17205917098188056,0.1650548177205646,-0.00700435326131596
1087959360,40s_F,0.0,0.14778789384627739,0.2280987501620653,0.08031085631578791
1087979776,30s_F,0.0,0.07455931445392573,0.08120644096048883,0.0066471265065631
1088018752,30s_F,0.0,0.8291327540088368,0.8111296576338849,-0.0180030963749519
1088152384,30s_F,,0.37679998760025435,0.3085250776025529,-0.06827490999770147
1088286016,30s_F,0.0,0.4046752582896541,0.40472024827758235,4.49899879282345e-05
1088373248,<30_F,,0.07834446958439521,0.09863468272110966,0.020290213136714447
1088690624,30s_F,,0.3218065757416998,0.36953055596451007,0.04772398022281027
1088874368,40s_M,0.0,0.16294449629873747,0.16832879338339177,0.005384297084654294
1088902208,50s_F,,0.27792680472357184,0.2631111884571216,-0.014815616266450227
1088904064,30s_F,0.0,0.8969021019935358,0.9030873679865701,0.006185265993034261
1089189888,60+_F,,0.311790493033421,0.25968482866666914,-0.05210566436675185
1089199168,40s_F,0.0,0.16119725061147316,0.21591712144855088,0.054719870837077716
1089214016,30s_F,0.0,0.4813811646654342,0.4362314650193559,-0.04514969964607829
1089241856,30s_F,0.0,0.22464661702362182,0.2504743635383577,0.025827746514735905
1089251136,<30_F,1.0,0.38560063733230754,0.39375162842804007,0.00815099109573253
1089254848,40s_F,0.0,0.744298185372157,0.8129365340251854,0.06863834865302842
1089353216,<30_F,,0.0931073452295124,0.1422861728160227,0.04917882758651031
1089369920,<30_F,1.0,0.057598787315948516,0.09025803867959586,0.03265925136364735
1089819072,30s_F,1.0,0.061808044591892514,0.08713211651760643,0.025324071925713912
1090030656,40s_F,0.0,0.3869956128518392,0.26623861264665794,-0.12075700020518126
1090117888,<30_F,,0.2044653182247588,0.23757338091773825,0.033108062692979445
1090266368,40s_F,0.0,0.09034254117651154,0.09277911393449585,0.002436572757984312
1090457536,50s_F,1.0,0.8866999466553886,0.9149601297944091,0.028260183139020456
1090509504,40s_F,0.0,0.18720454593851937,0.2206516099039899,0.033447063965470536
1090537344,30s_F,0.0,0.09863268415093934,0.11006401464093832,0.011431330489998975
1090633856,30s_M,1.0,0.54664643029062,0.6437785465196423,0.09713211622902229
1090858432,30s_F,0.0,0.5693473298167385,0.6748334051245641,0.10548607530782561
1090960512,50s_F,0.0,0.5743037512541529,0.5772237146934653,0.002919963439312445
1091580416,60+_F,1.0,0.09551031819139558,0.1211966663207736,0.02568634812937802
1091777152,<30_F,0.0,0.49053343356641294,0.5348871174275951,0.04435368386118216
1092191040,60+_F,0.0,0.8443302262000381,0.8292760236406262,-0.015054202559411811
1092582656,40s_F,,0.4812079007603145,0.48512402712330155,0.003916126362987049
1092616064,<30_F,0.0,0.10436045647034237,0.13945847722353982,0.035098020753197456
1092747840,40s_F,0.0,0.8715667773700886,0.8944640767628153,0.022897299392726667
1092883328,50s_F,0.0,0.49115667100011656,0.5259886855315414,0.03483201453142487
1093024384,50s_F,0.0,0.11572697378080354,0.15319302893942452,0.037466055158620976
1093089344,50s_F,0.0,0.4066385128646102,0.40976776398674664,0.0031292511221364117
1093276800,30s_F,1.0,0.12496071079039012,0.14575937564720928,0.020798664856819166
1093557056,50s_M,0.0,0.08657966921113582,0.14561013708959264,0.059030467878456824
1093703680,30s_F,,0.1958431144561321,0.18984431090572293,-0.00599880355040916
1093757504,40s_F,0.0,0.09145583272956528,0.1230137151738534,0.031557882444288116
1094013632,30s_F,,0.18849615734622943,0.162678619095289,-0.025817538250940436
1094425664,<30_F,0.0,0.0922743577238412,0.1323366278451909,0.040062270121349705
1094472064,30s_F,1.0,0.5726928018021495,0.6504333716894486,0.07774056988729905
1094546304,<30_M,0.0,0.37161846479044214,0.31577120595977254,-0.0558472588306696
1094655808,30s_F,0.0,0.06382520873884338,0.09395538878553293,0.030130180046689548
1094793152,30s_F,0.0,0.4079272993428171,0.33433296274791885,-0.07359433659489822
1094804288,30s_F,0.0,0.849738480323031,0.7747537943463518,-0.07498468597667918
1094980608,30s_F,0.0,0.07141311130515281,0.10179748297962295,0.03038437167447014
1095014016,30s_F,1.0,0.0671285534446718,0.10149803056494479,0.03436947712027298
1095223744,30s_F,,0.1304122614946395,0.11819062302870051,-0.012221638465938989
1095400064,30s_F,,0.14291628882655266,0.17933065014659763,0.03641436132004497
1095437184,50s_F,0.0,0.17737463253955138,0.20850788573582688,0.031133253196275495
1095498432,50s_F,0.0,0.14669341982591536,0.1696740246395744,0.022980604813659045
1095650624,<30_F,1.0,0.06653377846006367,0.08731985773208038,0.020786079272016714
1095769408,30s_F,0.0,0.09194598850251565,0.09359910037425939,0.0016531118717437454
1095884480,<30_F,0.0,0.06526885805315388,0.09820346166570394,0.03293460361255006
1095919744,30s_F,,0.15521056822634763,0.20953869815805565,0.05432812993170802
1095977280,40s_F,,0.8058937052472137,0.8241594932795073,0.018265788032293617
1096079360,40s_F,0.0,0.1283975137254244,0.16439882826519825,0.03600131453977384
1096129472,50s_F,0.0,0.498948477912189,0.5429914475312109,0.04404296961902188
1096153600,60+_F,1.0,0.5826422114271874,0.5989705574528407,0.01632834602565325
1096524800,40s_M,0.0,0.10208969974473163,0.09493954008712434,-0.007150159657607291
1096727104,30s_F,0.0,0.06583087426131709,0.09903227779095061,0.03320140352963352
1096920128,30s_F,0.0,0.5413999329757379,0.511759854911515,-0.029640078064222863
1097150272,40s_F,0.0,0.5053246884778415,0.6013698913266772,0.09604520284883566
1097308032,30s_F,1.0,0.11011686275929865,0.13526900564925978,0.025152142889961135
1097582720,30s_F,0.0,0.07466866977563659,0.10275189540087391,0.028083225625237324
1097616128,40s_F,0.0,0.09120530148379911,0.1885906913669887,0.09738538988318958
1097694080,40s_F,1.0,0.7611283691092803,0.8457912428795875,0.08466287377030723
1098020736,30s_F,0.0,0.2190562657947347,0.19104445303956905,-0.02801181275516565
1098035584,30s_F,0.0,0.06071607952204187,0.09897041985653836,0.03825434033449649
1098211904,50s_F,0.0,0.8308953850252777,0.8776283106709658,0.046732925645688095
1098360384,30s_F,0.0,0.06540826816025572,0.08511308129175736,0.019704813131501644
1098575680,50s_F,0.0,0.21712091463963135,0.2327663011061665,0.015645386466535155
1098757568,30s_F,0.0,0.3094773996200141,0.3159660477300359,0.006488648110021811
1099017408,40s_F,0.0,0.07491693870353135,0.10195942782060531,0.027042489117073965
1099102784,<30_F,,0.2739908946390372,0.2870675567793645,0.013076662140327322
1099234560,30s_F,1.0,0.27106386545076633,0.2700005629746593,-0.0010633024761070309
1099241984,40s_F,0.0,0.7137003346116616,0.7464827286996392,0.03278239408797756
1099243840,<30_F,1.0,0.4166545473234763,0.4203061046128058,0.0036515572893295323
1099288384,30s_F,0.0,0.5785892358466571,0.5921806462383702,0.013591410391713077
1099336640,40s_F,,0.8061903004482042,0.8036276799341933,-0.002562620514010905
1099349632,30s_F,0.0,0.8218245651182718,0.8355362127168574,0.013711647598585563
1099425728,30s_F,,0.8120142369544466,0.7991733977726296,-0.012840839181816999
1099795072,30s_F,,0.4370965404065361,0.4231244218012067,-0.013972118605329431
1099845184,40s_M,0.0,0.11111325493442192,0.15797491953049214,0.04686166459607022
1100086464,30s_F,0.0,0.8522448133203864,0.8265660174257041,-0.02567879589468225
1100301760,40s_F,0.0,0.10001608472455778,0.17996935786454693,0.07995327313998915
1100801024,40s_F,,0.16309136295992968,0.1764555202650683,0.013364157305138624
1100958784,<30_F,0.0,0.5461150757118388,0.6442301687375321,0.09811509302569332
1101474752,40s_F,0.0,0.2747403206004764,0.25132696198540094,-0.02341335861507543
1101487744,50s_F,1.0,0.1813240484572095,0.18147612959787163,0.0001520811406621192
1101615808,30s_F,,0.2386663780472254,0.24769929149625455,0.00903291344902915
1101639936,<30_F,,0.559906512562721,0.5720746497870688,0.012168137224347841
1101684480,<30_F,1.0,0.05231854228867158,0.10088788134090682,0.04856933905223523
1101805120,<30_F,0.0,0.22237339182893895,0.2533066173904168,0.030933225561477873
1101923904,<30_F,,0.1475474975391059,0.18030057464768987,0.03275307710858397
1102250560,30s_F,,0.10184879159162222,0.09665988974114487,-0.005188901850477351
1102261696,40s_F,0.0,0.15689263316509197,0.1886285184939014,0.031735885328809416
1102514112,40s_F,0.0,0.0732916625314691,0.07758069077248747,0.004289028241018372
1102644032,60+_F,,0.48076009319807184,0.3258049978900038,-0.15495509530806806
1102690432,40s_F,,0.7955961506630311,0.8739161394715711,0.07831998880853996
1102707136,<30_F,,0.13731926377382783,0.18879131609575558,0.05147205232192775
1102723840,30s_M,,0.056663043609325975,0.09385625522152465,0.03719321161219867
1103161856,30s_F,,0.8955797981954305,0.9059008115299317,0.010321013334501195
1103393856,30s_F,1.0,0.1845702391251084,0.22698497751671742,0.04241473839160903
1103484800,50s_M,0.0,0.6779381559701028,0.5948666086747337,-0.08307154729536903
1103521920,<30_F,,0.43807134325090485,0.4810696344806663,0.042998291229761454
1103627712,40s_F,0.0,0.8172379882954263,0.866999739299664,0.04976175100423774
1103772480,60+_F,1.0,0.2269154245646557,0.22282460259676792,-0.004090821967887764
1103898688,50s_F,0.0,0.22731175487023184,0.2954867351225181,0.06817498025228627
1104368256,<30_F,0.0,0.08699471506574055,0.1170711568032639,0.030076441737523343
1104401664,30s_F,,0.21144576635272563,0.17194205635513302,-0.03950370999759262
1104553856,30s_F,1.0,0.08992458679927497,0.12017594178251151,0.030251354983236542
1104559424,30s_F,0.0,0.0801742116965865,0.08190509990673331,0.0017308882101468026
1104743168,30s_F,0.0,0.802969527021574,0.8573143227940441,0.05434479577247009
1104850816,<30_F,0.0,0.09574868788227903,0.11619688440226521,0.02044819651998618
1104952896,40s_F,0.0,0.22301087708799255,0.25433951895743034,0.03132864186943779
1105229440,<30_F,1.0,0.19947451443868572,0.2173714522933485,0.017896937854662787
1105342656,40s_F,0.0,0.09772054422090015,0.14481401544814432,0.047093471227244166
1105439168,40s_F,0.0,0.535662153094788,0.4659421552852477,-0.06971999780954036
1105450304,30s_F,1.0,0.8941053369415752,0.9149103974172971,0.020805060475721837
1105455872,30s_F,,0.5800902990944639,0.7101474239650948,0.13005712487063092
1105600640,30s_F,0.0,0.10658259805471955,0.13462726161963384,0.028044663564914293
1105606208,40s_F,,0.10446494712752757,0.13165416215148468,0.027189215023957103
1105635904,50s_M,0.0,0.5071568423407434,0.4531139484294153,-0.054042893911328105
1105661888,30s_F,0.0,0.13373143309614466,0.17239522277609237,0.03866378967994771
1106101760,30s_F,,0.07572399193297553,0.11980422017291571,0.04408022823994018
1106125888,40s_F,1.0,0.14558020029371133,0.1640610330144256,0.01848083272071427
1106127744,<30_F,0.0,0.8609782378277454,0.8075386236553266,-0.053439614172418826
1106398720,50s_F,0.0,0.18101396437492032,0.16126225346646578,-0.01975171090845454
1106484096,<30_F,0.0,0.4792081826107797,0.43366729946882016,-0.04554088314195953
1106515648,30s_F,,0.06538084717737261,0.10642394199324898,0.04104309481587637
1106563904,30s_F,1.0,0.237604693829688,0.23049889767660597,-0.007105796153082017
1106675264,30s_F,0.0,0.822960837949985,0.8015733834050808,-0.021387454544904205
1107079872,<30_F,0.0,0.5429802978992749,0.59443290992918,0.05145261202990503
1107339712,30s_F,0.0,0.09262367604470617,0.13037529400909284,0.03775161796438667
1107683072,<30_F,0.0,0.05829744252710241,0.10249734262504001,0.0441999000979376
1107735040,<30_F,0.0,0.38009576985956023,0.45519254588638725,0.07509677602682702
1107772160,40s_F,0.0,0.5498667364089446,0.6617226297706783,0.11185589336173374
1108080256,30s_F,0.0,0.7743346185765799,0.827287922690065,0.05295330411348509
1108369792,30s_F,0.0,0.22709127314031022,0.2544372471410666,0.027345974000756362
1108440320,30s_F,,0.815318611424762,0.8607035515641839,0.04538494013942185
1108447744,30s_F,0.0,0.09719695846593533,0.1376452714264206,0.040448312960485275
1108770688,30s_M,0.0,0.06450624477430339,0.07270596229410088,0.008199717519797492
1108913600,<30_F,0.0,0.21306195455828675,0.2771433677852155,0.06408141322692873
1108947008,30s_F,0.0,0.0842063561902203,0.12555093017492788,0.04134457398470759
1109054656,<30_F,0.0,0.1586926566678194,0.19712290195270726,0.038430245284887865
1109063936,30s_F,0.0,0.40085383974002575,0.46950089762841857,0.06864705788839282
1109275520,<30_M,,0.0850132339742774,0.1000076640979983,0.014994430123720898
1109459264,50s_F,0.0,0.8584860571595888,0.8925701706658131,0.03408411350622431
1109704256,30s_F,0.0,0.892522628978217,0.8882730612961585,-0.00424956768205853
1109815616,50s_F,,0.07828821076910858,0.10246566928555566,0.02417745851644708
1109939968,40s_M,1.0,0.18781999021774393,0.20716141619460765,0.019341425976863724
1109954816,<30_F,1.0,0.48319204519694753,0.5340866162503061,0.05089457105335854
1110092160,50s_F,0.0,0.564254050655908,0.5812503189006363,0.01699626824472833
1110127424,40s_F,0.0,0.11172881928565605,0.12878670730161718,0.01705788801596113
1110170112,<30_F,0.0,0.2792907252510393,0.28356798154737367,0.004277256296334353
1110545024,30s_F,0.0,0.06648595511783287,0.09933828751255909,0.03285233239472622
1110613696,60+_F,0.0,0.19334410819891457,0.22945126069876906,0.036107152499854495
1110819712,40s_F,0.0,0.8839908468719142,0.904457383828214,0.02046653695629974
1110823424,<30_F,0.0,0.07234951773696285,0.09941737439121269,0.027067856654249836
1110867968,50s_F,0.0,0.2909415407932944,0.3022458768920452,0.011304336098750811
1110992320,40s_F,0.0,0.41954897724784856,0.46366668713151055,0.04411770988366198
1111137088,30s_F,1.0,0.10722540557456427,0.15669817246688486,0.049472766892320594
1111161216,40s_F,0.0,0.07320205700159224,0.07572498255743806,0.002522925555845823
1111404352,30s_F,0.0,0.5257792512614595,0.5364804566959939,0.010701205434534344
1111565824,<30_F,0.0,0.2919458350949795,0.3108899400960038,0.01894410500102428
1111994560,30s_F,0.0,0.12438086977921453,0.12043095411634991,-0.003949915662864623
1112291520,40s_F,,0.11860947895911911,0.17192399767972244,0.05331451872060333
1112306368,40s_F,0.0,0.08144752744209656,0.12141840996517185,0.03997088252307529
1112347200,40s_F,0.0,0.12217835211141077,0.1793975226154446,0.057219170504033814
1112501248,60+_F,0.0,0.8871015820344107,0.8298530372667895,-0.0572485447676212
1112573632,<30_F,0.0,0.19713745655079726,0.20255467747783096,0.0054172209270337
1112881728,30s_F,0.0,0.64438903182638,0.5880126145568516,-0.056376417269528356
1112913280,30s_F,0.0,0.8535173119609156,0.8728467605820758,0.01932944862116015
1112987520,30s_F,1.0,0.8329396571228734,0.8853057338121498,0.0523660766892764
1113028352,60+_F,1.0,0.726824840881297,0.581986358760223,-0.14483848212107397
1113058048,<30_F,,0.400338369357022,0.4472858715820987,0.04694750222507671
1113180544,30s_F,0.0,0.8583826278862334,0.8742520455731543,0.01586941768692085
1113182400,30s_F,0.0,0.7254354416492993,0.748347916315753,0.02291247466645374
1113267776,60+_M,0.0,0.09658480676173632,0.16033835896461443,0.06375355220287811
1113384704,<30_F,0.0,0.13048278365278768,0.20147545506159684,0.07099267140880916
1113473792,60+_F,1.0,0.07095527871371854,0.09472670991862524,0.0237714312049067
1113553600,<30_F,1.0,0.08770496304978494,0.1273619990196919,0.039657035969906954
1113590720,60+_F,,0.7815397928447472,0.810056384106406,0.02851659126165884
1113672384,40s_F,0.0,0.09234191583719963,0.14263588069000374,0.050293964852804116
1113807872,60+_F,,0.0965255875050561,0.12309479617466797,0.026569208669611863
1113848704,40s_F,0.0,0.3168766180181407,0.30409881772126696,-0.012777800296873754
1113961920,60+_F,,0.1863521076983249,0.20277937889235978,0.016427271194034893
1114108544,30s_F,0.0,0.8005361991516102,0.8306972265234635,0.030161027371853222
1114123392,30s_F,0.0,0.07268818984242612,0.10299728383211625,0.03030909398969013
1115216576,40s_F,0.0,0.4706190970463559,0.4436671783028524,-0.0269519187435035
1115225856,30s_F,0.0,0.15150677336527513,0.18069146059035265,0.029184687225077527
1115318656,40s_F,0.0,0.20845059256116158,0.20215778243765864,-0.00629281012350294
1115803072,40s_M,0.0,0.8280131592455391,0.8793614486361951,0.051348289390656054
1115842048,30s_F,0.0,0.3037580312706947,0.33838318134096146,0.034625150070266786
1115897728,<30_M,,0.5077802391000715,0.6257107759663404,0.11793053686626886
1116202112,<30_F,0.0,0.06408275018941095,0.09714087476505608,0.03305812457564512
1116226240,60+_F,1.0,0.793466920423709,0.8605891923798628,0.06712227195615372
1116408128,60+_F,0.0,0.3071158181057599,0.23916284739484134,-0.06795297071091855
1116614144,30s_F,0.0,0.24552916122237659,0.22710917007398376,-0.018419991148392822
1116666112,40s_F,0.0,0.8934812414907991,0.9015746201795797,0.008093378688780573
1116751488,30s_F,0.0,0.4721086087473065,0.4141532049220241,-0.05795540382528236
1116989056,30s_F,,0.8123478551773935,0.75618397520654,-0.05616387997085348
1117599680,30s_F,0.0,0.3048840362956165,0.310523406813291,0.005639370517674491
1117653504,30s_F,0.0,0.6078943648235425,0.6283046171524476,0.020410252328905032
1118052544,30s_F,0.0,0.15006374833603103,0.18102966305751594,0.03096591472148491
1118961984,30s_F,,0.10609096918899777,0.107998180514627,0.0019072113256292378
1119368448,30s_F,0.0,0.21765667808597372,0.19073475602896778,-0.026921922057005943
1119466816,30s_F,0.0,0.43129175750829946,0.42024601941340095,-0.011045738094898505
1119552192,50s_F,,0.3398935867527243,0.3663474855181944,0.026453898765470107
1119624576,40s_F,0.0,0.34068710166712274,0.35720915517947577,0.01652205351235303
1119650560,<30_F,0.0,0.0686050183769013,0.09936567013883245,0.030760651761931143
1119919680,50s_F,0.0,0.07043559746931848,0.12226835259911693,0.05183275512979846
1120068160,50s_F,0.0,0.217276146960503,0.2064353122921537,-0.010840834668349314
1120112704,60+_F,0.0,0.8361733357379327,0.7989722473044517,-0.03720108843348102
1120199936,40s_F,0.0,0.07902689197360602,0.0893551045930077,0.010328212619401686
1120257472,30s_F,,0.7622340162598285,0.722036231978292,-0.04019778428153642
1120387392,30s_F,0.0,0.42035570519480214,0.2945315104837999,-0.12582419471100226
1120404096,40s_F,0.0,0.11396469964886563,0.12492519201192825,0.010960492363062624
1120450496,30s_F,1.0,0.4634791002232329,0.41459572522157795,-0.04888337500165496
1120825408,<30_F,0.0,0.0558655861033752,0.11092893959723932,0.05506335349386412
1120866240,<30_F,0.0,0.6504019300460506,0.701600257605484,0.05119832755943332
1120942336,<30_F,0.0,0.07682906394621823,0.1375932830889946,0.06076421914277637
1120996160,<30_F,0.0,0.8340120428901511,0.7918981128051299,-0.04211393008502118
1121018432,30s_F,,0.47804398388281016,0.5348105734753827,0.05676658959257258
1121150208,30s_F,0.0,0.22265978834311437,0.2895666319419835,0.06690684359886914
1121217024,30s_F,0.0,0.08745004081615454,0.10874151508595034,0.0212914742697958
1121268992,30s_F,,0.0806234552574646,0.10103845563817099,0.020415000380706386
1121337664,30s_F,,0.08784228830497913,0.13150298531608814,0.043660697011109015
1121439744,<30_F,,0.1038864097887822,0.20638677120943927,0.10250036142065706
1121547392,40s_F,0.0,0.2695686416066161,0.2670724979250344,-0.002496143681581686
1121551104,<30_F,0.0,0.09171127902813568,0.11564291420183619,0.023931635173700505
1121560384,30s_F,0.0,0.0833823271510912,0.09946668613018912,0.01608435897909792
1121616064,40s_F,0.0,0.41402599306431553,0.4209657924062772,0.00693979934196165
1121718144,40s_F,0.0,0.2095146897300829,0.22073745318161384,0.011222763451530948
1122454976,<30_F,0.0,0.16226086257141836,0.2344734588276939,0.07221259625627555
1122514368,40s_F,,0.8213101024677636,0.806919057924999,-0.01439104454276463
1122709248,30s_F,,0.19592436276222727,0.27811934035100855,0.08219497758878128
1122725952,<30_F,0.0,0.8687511725126374,0.8211784093110279,-0.047572763201609525
1122742656,<30_M,,0.1803641227341265,0.1788818890574679,-0.0014822336766585897
1122885568,30s_F,0.0,0.43050726357443325,0.44506834639140747,0.014561082816974213
1122918976,<30_F,,0.47599919376449634,0.5397065506868846,0.06370735692238821
1122982080,<30_F,0.0,0.16038774225606453,0.23162187877153526,0.07123413651547073
1123097152,<30_F,0.0,0.22513091051317224,0.28160352229823554,0.0564726117850633
1123199232,30s_F,0.0,0.08848001720304334,0.09930710228936603,0.010827085086322685
1123236352,30s_F,0.0,0.055901069373026725,0.1088956628028794,0.05299459342985268
1123767168,40s_F,0.0,0.807638430865486,0.8727572608284838,0.06511882996299778
1123787584,30s_F,0.0,0.11619330824904629,0.15042482008212565,0.03423151183307936
1123789440,30s_F,0.0,0.06787501357848684,0.09057885955328666,0.022703845974799824
1123876672,30s_F,0.0,0.6202993863500111,0.7219310889416823,0.1016317025916712
1123993600,30s_F,,0.2625069052447901,0.3044888660057418,0.04198196076095173
1124082688,60+_F,0.0,0.9008864199655648,0.9195122391766212,0.018625819211056327
1124153216,30s_F,0.0,0.37192329069397767,0.39990321476911844,0.027979924075140772
1124205184,30s_F,0.0,0.07357628012036943,0.0891131515883864,0.015536871468016966
1124212608,30s_F,0.0,0.3097350965396838,0.2526477799922311,-0.05708731654745269
1124379648,30s_M,0.0,0.06648606888216538,0.10691370493246848,0.0404276360503031
1124465024,40s_F,1.0,0.7478217917121472,0.6549374726340929,-0.09288431907805439
1124730432,50s_M,0.0,0.1121544910745591,0.1466155098062851,0.034461018731725995
1124763840,60+_F,1.0,0.5303362063284921,0.49273574274351617,-0.03760046358497593
1124784256,30s_F,0.0,0.16500662354902113,0.17061469433845794,0.005608070789436814
1124821376,30s_F,,0.7201924105267331,0.7699057741266848,0.04971336359995171
1124940160,30s_F,0.0,0.243772980452152,0.2468206977314113,0.0030477172792592877
1124975424,<30_F,1.0,0.06370651417866516,0.10961129433329152,0.04590478015462636
1125190720,<30_F,0.0,0.5181874768172287,0.5658762343514995,0.04768875753427082
1126089024,<30_F,1.0,0.1053412193561013,0.148851497667522,0.04351027831142071
1126122432,<30_F,0.0,0.12820045518655956,0.13030743146346097,0.002106976276901401
1126250496,30s_F,0.0,0.4610827785028985,0.5107074847126228,0.04962470620972431
1126287616,40s_F,0.0,0.8134490444787918,0.8485086559428288,0.03505961146403691
1126376704,50s_F,0.0,0.6454560819439018,0.5457500775953434,-0.09970600434855836
1126443520,30s_F,0.0,0.9302970269648747,0.8866156361646652,-0.043681390800209496
1126586432,30s_F,,0.1457762919530735,0.14710290231782738,0.0013266103647538718
1126779456,30s_F,0.0,0.10491699412256067,0.11977189090208498,0.014854896779524313
1126959488,30s_F,0.0,0.10987524194509067,0.16945118275119256,0.05957594080610189
1127217472,30s_F,,0.3178480068581159,0.34137660094610994,0.02352859408799407
1127781696,50s_F,0.0,0.7950051849015629,0.7670834621851991,-0.02792172271636384
1127956160,30s_F,0.0,0.10567824283965897,0.12481177292939413,0.01913353008973516
1127993280,<30_F,,0.21809421778875607,0.23608478721904344,0.017990569430287373
1128279104,30s_F,1.0,0.8821188074827825,0.8901617452804466,0.008042937797664074
1128371904,<30_F,0.0,0.1746151620013526,0.2544621821433489,0.07984702014199632
1128392320,30s_F,0.0,0.08288695172060391,0.12859287885529525,0.045705927134691335
1128435008,40s_F,,0.08553973817530353,0.09816338704635172,0.012623648871048193
1128472128,30s_F,0.0,0.8567953606381411,0.7704128540454142,-0.08638250659272695
1128473984,30s_F,0.0,0.11677092015261087,0.12325736075430183,0.006486440601690957
1128498112,30s_F,0.0,0.6525959666869058,0.6808247117101816,0.02822874502327577
1128752384,30s_F,,0.7374421988330867,0.7438465586016644,0.006404359768577672
1128772800,30s_F,0.0,0.0655394103604475,0.11182647504099638,0.046287064680548884
1128973248,30s_F,0.0,0.12992852144624395,0.146325344209106,0.016396822762862057
1129273920,30s_F,0.0,0.16629034850367394,0.15963819222016043,-0.006652156283513511
1129374144,<30_F,1.0,0.07055263906106599,0.10219559719301763,0.03164295813195164
1129719360,30s_F,0.0,0.273111176004878,0.3009049177642659,0.027793741759387924
1129739776,<30_F,0.0,0.07619832633823033,0.13899140149916586,0.06279307516093553
1130359680,50s_F,0.0,0.16953806737411997,0.22879871332985416,0.05926064595573419
1130368960,40s_F,0.0,0.3638406314344207,0.35019845682257134,-0.013642174611849356
1130665920,30s_F,0.0,0.09060374676856203,0.1054492626144895,0.01484551584592747
1130929472,30s_M,0.0,0.6639659088307386,0.5433829865590508,-0.12058292227168776
1131189312,30s_F,,0.24254004534942272,0.22435804551916214,-0.018181999830260587
1131391616,40s_F,1.0,0.8971958720260363,0.9141306201998085,0.016934748173772163
1131499264,30s_F,1.0,0.11866169947709318,0.14634879627748187,0.027687096800388694
1131965120,30s_F,1.0,0.1150887025161263,0.13614280270400003,0.021054100187873737
1131979968,40s_F,,0.08483498858012499,0.09923069377457931,0.014395705194454322
1132041216,<30_F,0.0,0.292432907130973,0.33599481540244613,0.04356190827147316
1132065344,60+_F,0.0,0.4083354024552905,0.4718847697891924,0.06354936733390193
1132215680,30s_F,,0.09379021048100103,0.11161449446549958,0.01782428398449855
1132260224,50s_F,0.0,0.39501306792705776,0.29335683057102463,-0.10165623735603313
1132325184,40s_F,0.0,0.06920055790153444,0.08317567521617737,0.013975117314642932
1132607296,<30_F,0.0,0.20622330300467553,0.2099540981093666,0.0037307951046910703
1132765056,30s_F,0.0,0.16114465556221563,0.1858682220120455,0.02472356644982987
1132932096,60+_F,0.0,0.08644505899466143,0.13110902067886326,0.044663961684201836
1132982208,30s_F,,0.8344564153801137,0.7971325799611235,-0.0373238354189902
1132995200,30s_F,0.0,0.16533581422886467,0.18254335669047989,0.01720754246161521
1133136256,50s_F,0.0,0.10029350790232502,0.11791576313350888,0.017622255231183853
1133327424,50s_F,0.0,0.24046090870996076,0.2507218420848129,0.01026093337485215
1133464768,30s_F,1.0,0.606780956209475,0.5593419966295241,-0.04743895957995092
1133496320,<30_F,0.0,0.3997628021332668,0.46094490578235364,0.06118210364908683
1133886080,30s_F,0.0,0.24628404933338063,0.24444345815429955,-0.0018405911790810858
1134450304,30s_F,,0.46711069121156185,0.5412799248270695,0.0741692336155077
1134452160,30s_F,0.0,0.5272060307995924,0.5357976241043795,0.008591593304787093
1134465152,50s_F,0.0,0.8493531157977665,0.8827366618646111,0.03338354606684457
1134515264,<30_F,0.0,0.822069150484683,0.7015625449479246,-0.1205066055367584
1134673024,50s_F,0.0,0.24518288937850488,0.22721818613308414,-0.017964703245420738
1134788096,<30_F,,0.09526205799773223,0.1324864961037797,0.03722443810604746
1134860480,50s_F,1.0,0.09393359498325332,0.11353702713098322,0.0196034321477299
1135018240,30s_F,0.0,0.13135385950229006,0.15616831595642525,0.024814456454135186
1135096192,30s_F,0.0,0.5688402465367588,0.552832049695955,-0.01600819684080379
1135294784,<30_F,0.0,0.137756781861345,0.19601218233899964,0.05825540047765465
1135484096,40s_F,0.0,0.12021003157235405,0.13114055330748808,0.010930521735134036
1135899840,50s_F,0.0,0.7602428259047914,0.8092087863186858,0.04896596041389434
1135909120,50s_F,0.0,0.9184442646268185,0.92923370042619,0.010789435799371527
1135940672,40s_F,1.0,0.08965576108641801,0.09195839959589501,0.002302638509476998
1135949952,<30_F,0.0,0.0830594654606382,0.1316406984315229,0.04858123297088471
1136024192,40s_F,1.0,0.7617037556304365,0.7841041045657104,0.022400348935273984
1136026048,<30_F,1.0,0.622408170074951,0.6560724546133766,0.033664284538425626
1136200512,50s_F,0.0,0.7502679966917231,0.7243876230683738,-0.025880373623349273
1136219072,<30_F,1.0,0.7432312556081918,0.6375708006297927,-0.10566045497839915
1136228352,30s_F,0.0,0.07275329619453164,0.10142039188582917,0.028667095691297537
1136232064,30s_M,0.0,0.6527216221485763,0.7134180809215646,0.06069645877298824
1136271040,40s_F,0.0,0.07538586319229808,0.10887081550609869,0.03348495231380061
1136334144,<30_F,0.0,0.09009802757758174,0.11099996746885879,0.020901939891277047
1136566144,40s_M,1.0,0.4696603715872751,0.42256406888515274,-0.04709630270212234
1136605120,40s_F,0.0,0.9133738675889289,0.9152337767023856,0.0018599091134566814
1136625536,<30_F,,0.05731759144732562,0.09971772597755697,0.04240013453023135
1136662656,<30_F,1.0,0.0874930681274897,0.1352361292384456,0.0477430611109559
1136673792,30s_F,0.0,0.156981797643812,0.2182840201869034,0.061302222543091395
1136709056,<30_M,0.0,0.14258834675547555,0.16091341437885684,0.01832506762338129
1136896512,<30_F,,0.6224088956207957,0.6948309566775661,0.0724220610567704
1137418048,50s_F,0.0,0.0943785217123873,0.1448974132959248,0.05051889158353749
1137551680,<30_F,0.0,0.5620269650751871,0.4925469046004809,-0.06948006047470623
1137746560,30s_F,1.0,0.3936808557651838,0.37950485687039637,-0.014175998894787434
1137939584,<30_F,1.0,0.1879289959684633,0.2254940084461233,0.037565012477660004
1138036096,30s_M,0.0,0.09370287004996981,0.10968569950068251,0.015982829450712693
1138063936,30s_F,1.0,0.319893718383257,0.2742107360061084,-0.04568298237714857
1138373888,30s_F,0.0,0.06625703301793155,0.11323447711561334,0.046977444097681786
1138379456,<30_F,0.0,0.15148481613734582,0.26519850190620015,0.11371368576885432
1138398016,<30_F,,0.8226189597649924,0.7778365119278152,-0.04478244783717722
1138574336,40s_F,,0.6221120432375261,0.6662910922015608,0.044179048964034684
1138687552,30s_M,0.0,0.45551097286182746,0.4398796618066857,-0.01563131105514176
1138724672,30s_F,0.0,0.13280702090156357,0.19703217943312348,0.06422515853155991
1139507904,50s_M,0.0,0.4627511432142798,0.4794869206985837,0.016735777484303882
1139619264,30s_M,0.0,0.7835255939412333,0.7932130456415939,0.009687451700360561
1139673088,50s_F,,0.27388307417946683,0.3122734014215163,0.03839032724204944
1139758464,30s_F,0.0,0.35166316087079835,0.37347204084386265,0.0218088799730643
1139817856,<30_F,0.0,0.7074589696747089,0.6465912941887809,-0.060867675485927974
1140150080,30s_F,0.0,0.1689652596431352,0.2194681398877324,0.050502880244597204
1140203904,30s_F,0.0,0.4581561745299368,0.4382518765277571,-0.019904298002179688
1140215040,30s_F,1.0,0.09684394612328734,0.12790418221749622,0.031060236094208882
1140367232,30s_F,0.0,0.10378965613004479,0.09850091949212918,-0.0052887366379156114
1140703168,30s_F,0.0,0.11202137209370075,0.1124039840532963,0.00038261195959554684
1140786688,<30_F,0.0,0.1354396070035031,0.192935946221369,0.0574963392178659
1140790400,30s_F,0.0,0.572058341711612,0.6288399010736732,0.056781559362061196
1140862784,30s_F,0.0,0.06897465513832823,0.11026507533148992,0.04129042019316169
1141189440,30s_F,,0.14182776851950732,0.14917503966970205,0.007347271150194734
1142059904,30s_M,0.0,0.06288597188952467,0.0963534446162021,0.033467472726677425
1142204672,30s_F,1.0,0.7646296742271756,0.7307426453245854,-0.03388702890259021
1143268160,50s_F,0.0,0.5770543221339023,0.6331107940462354,0.056056471912333095
1143416640,30s_F,0.0,0.7716540083126076,0.670641605494775,-0.10101240281783253
1143461184,30s_F,1.0,0.8991960465327863,0.9033846030963814,0.0041885565635950694
1143882496,40s_M,,0.08097715895355817,0.09126860689752112,0.010291447943962945
1143921472,50s_F,,0.6576689521221044,0.6539483168881733,-0.003720635233931069
1144381760,30s_F,0.0,0.3013633479175813,0.28189377791904363,-0.01946956999853766
1144430016,30s_F,0.0,0.09635696984922515,0.11075986676258197,0.014402896913356819
1144513536,40s_F,0.0,0.6035097653499024,0.6501738914635022,0.046664126113599824
1144533952,30s_F,1.0,0.08576519111738926,0.09052673853721119,0.004761547419821932
1144535808,30s_F,0.0,0.087439418851673,0.12476364041951107,0.03732422156783807
1144732544,50s_F,0.0,0.07812582581019971,0.09668667160232014,0.01856084579212043
1144782656,30s_F,0.0,0.8714561593410203,0.8987506191338812,0.027294459792860937
1144947840,<30_F,0.0,0.3804537874953892,0.38003170971195444,-0.0004220777834347822
1145068480,30s_M,0.0,0.7015871971776637,0.7497390328721997,0.04815183569453596
1145111168,40s_F,,0.3212507934666668,0.38325187086907325,0.06200107740240646
1145337600,30s_F,0.0,0.5032507454654194,0.5945278030135203,0.09127705754810089
1145354304,<30_F,,0.11243665350898022,0.13772475876785134,0.025288105258871124
1145528768,30s_F,0.0,0.10071736923693035,0.1032862201333717,0.0025688508964413492
1145660544,30s_F,0.0,0.6575001166918445,0.6323672076035268,-0.025132909088317668
1145666112,30s_F,1.0,0.900206554053517,0.8975618626586449,-0.002644691394872112
1145758912,<30_F,0.0,0.8720448416979201,0.8379644723729024,-0.03408036932501768
1145862848,40s_F,,0.32872854597877077,0.35952409798257856,0.03079555200380779
1146185792,30s_F,,0.34734029183717474,0.3503435180921937,0.003003226255018976
1146334272,40s_M,1.0,0.276343917643806,0.24824672018971491,-0.02809719745409109
1146603392,<30_F,0.0,0.07253664215678386,0.09148735029865372,0.01895070814186986
1146614528,30s_F,0.0,0.1635357838586899,0.18101495415448599,0.017479170295796098
1146666496,<30_F,0.0,0.08910782485488117,0.10215061165358101,0.013042786798699843
1146957888,30s_F,0.0,0.09434159066313252,0.13607240738562035,0.041730816722487823
1147145344,30s_F,1.0,0.45209687259012277,0.4400013797331048,-0.012095492857017942
1147421888,30s_M,0.0,0.7542141813157248,0.7737463199231578,0.01953213860743297
1147481280,50s_F,1.0,0.2047341113581691,0.2576096818473303,0.052875570489161194
1147488704,30s_F,0.0,0.07097151934519134,0.11247043782703157,0.04149891848184023
1147585216,60+_F,0.0,0.15957048404220342,0.17913226573286015,0.019561781690656727
1147614912,30s_F,0.0,0.14393764347670499,0.172871649572641,0.02893400609593602
1147635328,30s_F,0.0,0.11706674026155081,0.10702601095292413,-0.010040729308626678
1147685440,50s_F,1.0,0.3464737197534149,0.318632599779457,-0.027841119973957884
1147794944,30s_F,0.0,0.13196589629364916,0.1252766125360236,-0.006689283757625564
1148593024,<30_F,0.0,0.20244638594320852,0.22286410852924302,0.020417722586034498
1148613440,<30_M,0.0,0.06981404303309863,0.08773059131628036,0.017916548283181732
1148654272,30s_F,,0.4779687006454841,0.3778388351634698,-0.1001298654820143
1148787904,30s_F,1.0,0.936618273141768,0.8301067473588062,-0.10651152578296186
1149012480,<30_F,0.0,0.1618919373787389,0.2055290975220689,0.04363716014333002
1149018048,30s_F,0.0,0.9407940528040206,0.9121293512862708,-0.028664701517749802
1149179520,30s_F,,0.3171313011463874,0.27025034548568105,-0.046880955660706325
1149504320,40s_F,0.0,0.23055301918069343,0.21605809389568992,-0.014494925285003513
1149506176,30s_F,0.0,0.08934304799351712,0.11201655426290573,0.022673506269388605
1149550720,30s_F,0.0,0.5428823092986164,0.5507578893793275,0.007875580080711098
1149558144,<30_F,0.0,0.8864543438534814,0.8504941084948378,-0.03596023535864368
1149699200,<30_F,0.0,0.42357285880253576,0.5281650487044405,0.10459218990190472
1149808704,30s_F,0.0,0.0632235082034153,0.10526684353849701,0.042043335335081713
1149881088,40s_F,0.0,0.8879490925106643,0.8915610927845566,0.003612000273892302
1150079680,40s_F,0.0,0.08680834931887368,0.11046950578968032,0.023661156470806632
1150228160,30s_F,0.0,0.8503408217705248,0.8120038354321801,-0.0383369863383447
1150289408,<30_F,0.0,0.07352136021829757,0.13233005775027268,0.05880869753197511
1150423040,30s_F,0.0,0.07320145222713367,0.08214810041285224,0.008946648185718567
1150508416,50s_F,,0.48868226716679103,0.5207441640405461,0.0320618968737551
1150517696,40s_F,0.0,0.6120519783914457,0.637177618424109,0.025125640032663377
1150571520,30s_F,0.0,0.07988567818376202,0.11245492034509315,0.03256924216133113
1150716288,60+_F,,0.10321065412686853,0.11417799934890029,0.010967345222031757
1150731136,30s_F,0.0,0.085323767068834,0.09979379342127274,0.014470026352438742
1151401152,40s_M,0.0,0.08649416298906777,0.08194466316185933,-0.004549499827208439
1151627584,30s_F,0.0,0.615854697941034,0.763702417117666,0.14784771917663198
1152711488,30s_F,0.0,0.07606182512417096,0.08506135657437712,0.008999531450206155
1153522560,<30_F,0.0,0.12010067501153628,0.14438228877744788,0.024281613765911605
1153728576,30s_F,0.0,0.24093178704012683,0.23525231802850535,-0.005679469011621474
1153979136,30s_M,0.0,0.08233781591876578,0.08279180614448524,0.00045399022571945835
1156911616,30s_F,,0.0640810852967625,0.10923726336458453,0.04515617806782203
1157813632,30s_F,0.0,0.6663158908280026,0.7054825978539232,0.03916670702592062
1157828480,60+_F,0.0,0.178402485352021,0.22138518884896272,0.04298270349694172
1158045632,40s_F,0.0,0.09177972284288323,0.10934979805352961,0.01757007521064638
1158054912,50s_F,0.0,0.7504268956930987,0.7539521589596615,0.0035252632665627726
1158056768,30s_F,0.0,0.297527907651091,0.3021000387222016,0.004572131071110597
1158131008,30s_F,1.0,0.8244192413868626,0.8277263854152181,0.0033071440283555242
1158171840,<30_F,0.0,0.2690243583403075,0.2570508046609891,-0.011973553679318405
1158294336,<30_F,0.0,0.12728820851608097,0.17108527769395224,0.04379706917787127
1158385280,40s_F,0.0,0.39156785285974394,0.3803960999433301,-0.011171752916413813
1158446528,30s_F,0.0,0.09897785910014165,0.102494509379449,0.003516650279307351
1158505920,50s_F,,0.06812919500890487,0.08759443005577118,0.019465235046866314
1158802880,30s_F,0.0,0.5135619337006195,0.47524723026550925,-0.03831470343511029
1159031168,40s_M,0.0,0.15538606193482385,0.1896077729539037,0.034221711019079865
1159164800,<30_F,0.0,0.10680272171712513,0.14545344694391407,0.038650725226788946
1159517440,30s_F,0.0,0.06151035143312369,0.0867804229224749,0.02527007148935121
1159749440,30s_F,0.0,0.15808418615862294,0.17505777047397583,0.016973584315352896
1159842240,40s_F,0.0,0.8947101335115536,0.9006556376286199,0.0059455041170662914
1159860800,30s_F,0.0,0.07007104259124608,0.11016435519348289,0.04009331260223681
1160157760,30s_F,1.0,0.6198867086021321,0.6148808696667711,-0.0050058389353609956
1160170752,30s_F,0.0,0.15977235735518178,0.19041395494227037,0.030641597587088593
1160226432,<30_F,1.0,0.14800756445994934,0.20707083875795476,0.059063274298005425
1160230144,<30_F,0.0,0.26667464492162685,0.26532692344091324,-0.001347721480713604
1160361920,<30_M,0.0,0.4639754067324647,0.4546970592349816,-0.009278347497483075
1160536384,30s_F,0.0,0.07616437288112847,0.08518058600327424,0.009016213122145775
1160647744,<30_F,0.0,0.6857353087397517,0.5722211208920797,-0.11351418784767209
1160657024,50s_F,0.0,0.703712828921819,0.7906587100692124,0.08694588114739343
1160846336,<30_F,1.0,0.06862338918761647,0.11799023730020845,0.04936684811259198
1161349312,30s_F,0.0,0.0690230800628404,0.1138568076571459,0.0448337275943055
1161434688,30s_F,0.0,0.18552048580430927,0.16062126064345672,-0.02489922516085255
1161542336,60+_F,,0.8656226805650317,0.8566437624569584,-0.008978918108073275
1161568320,30s_F,0.0,0.1065988882547685,0.14252380646446042,0.03592491820969192
1161720512,<30_F,0.0,0.4746269538549049,0.44215243753586814,-0.03247451631903675
1161798464,40s_F,0.0,0.41541913631831356,0.4154742259545262,5.508963621264629e-05
1162100992,30s_F,0.0,0.07101493136226147,0.11074406663669771,0.039729135274436236
1162167808,30s_F,1.0,0.23202320592284043,0.3136135626434655,0.08159035672062509
1162177088,30s_F,0.0,0.0726678146090226,0.09235413187847157,0.019686317269448972
1162659648,30s_F,0.0,0.07423817498537472,0.07895072149560466,0.00471254651022994
1163118080,50s_F,1.0,0.9456993515470505,0.914794809119251,-0.030904542427799497
1163136640,30s_F,1.0,0.21672299208480564,0.20838427204923174,-0.008338720035573899
1163403904,50s_M,0.0,0.873431023421444,0.8735478715115254,0.00011684809008138952
1163704576,30s_F,0.0,0.1005032195235803,0.1285462495015287,0.028043029977948414
1164066496,30s_F,0.0,0.5961670084604758,0.6412355521679719,0.045068543707496134
1164085056,40s_F,1.0,0.5015372462411967,0.598970543612277,0.09743329737108031
1164237248,30s_F,0.0,0.9058159651697504,0.9157022834606069,0.00988631829085651
1164383872,30s_F,0.0,0.37312526232483223,0.40307985780316685,0.029954595478334622
1164571328,30s_F,0.0,0.8746250048076024,0.8984915886441871,0.023866583836584687
1164588032,30s_F,0.0,0.09646221268720218,0.1309553471998353,0.03449313451263311
1164593600,30s_F,0.0,0.09646988909151571,0.13138077810008555,0.03491088900856984
1164656704,30s_F,0.0,0.5030389052083766,0.5995686061176709,0.09652970090929436
1164719808,40s_F,0.0,0.2608507401115259,0.2765119616179968,0.015661221506470868
1164751360,50s_F,0.0,0.22413733851298973,0.22944684494353507,0.005309506430545341
1164872000,30s_F,0.0,0.5263151990782519,0.6583052339479813,0.1319900348697295
1164962944,30s_F,0.0,0.8718927175212766,0.8796455628982065,0.007752845376929884
1165005632,40s_F,0.0,0.28912555439338744,0.28364287585735853,-0.0054826785360289065
1165146688,60+_F,0.0,0.16830364998999425,0.16449071816536406,-0.003812931824630189
1165239488,30s_F,0.0,0.23674988833310615,0.2542240331504871,0.017474144817380938
1165452928,40s_F,,0.16401576074850513,0.14643283972318272,-0.017582921025322412
1165467776,30s_F,,0.8864845529786991,0.902287880645014,0.01580332766631487
1165714624,30s_F,0.0,0.5960760514968121,0.6198257323397924,0.023749680842980347
1165885376,30s_F,0.0,0.8707189548393575,0.8267791041490216,-0.0439398506903359
1166009728,30s_F,1.0,0.5492063393438779,0.47907050983337107,-0.07013582951050679
1166147072,<30_F,0.0,0.7164549357906886,0.7415356645487965,0.02508072875810785
1166210176,30s_F,0.0,0.4863915073377537,0.47280831007243884,-0.013583197265314872
1166412480,50s_F,0.0,0.8228214423362368,0.7972036513622776,-0.02561779097395922
1166473728,<30_F,,0.23650797634459303,0.250345037537474,0.013837061192880973
1166549824,40s_F,0.0,0.08474048243067023,0.13732370077526546,0.05258321834459523
1166622208,<30_F,,0.2772789158272413,0.325458560479661,0.048179644652419695
1166635200,40s_F,,0.626997793738229,0.5474518214409224,-0.07954597229730653
1166640768,<30_F,,0.10877653330448746,0.13440869620944482,0.02563216290495736
1166798528,40s_F,0.0,0.5163681608917192,0.48219127038052617,-0.03417689051119305
1166826368,<30_F,0.0,0.5303206015720535,0.6066759179129245,0.076355316340871
1166969280,30s_F,0.0,0.8774157867200287,0.8894589727873581,0.012043186067329348
1167171584,30s_F,,0.4550558644241468,0.42036006432745693,-0.03469580009668988
1167223552,50s_F,,0.8169475929074145,0.8081935972211265,-0.008753995686287985
1167381312,<30_F,0.0,0.8203284981572857,0.7936679988016044,-0.026660499355681266
1167555776,<30_F,0.0,0.7255356763951276,0.5896374265644798,-0.1358982498306478
1167604032,60+_F,0.0,0.07147357367309022,0.0871032301847761,0.01562965651168588
1167720960,30s_F,,0.5278347746327774,0.4796815882394091,-0.0481531863933683
1167743232,30s_F,0.0,0.558686762426574,0.6051130470861735,0.046426284659599526
1167780352,60+_F,0.0,0.06616810052377065,0.10701853508838337,0.04085043456461272
1167869440,<30_F,,0.2628382325252514,0.3113341702258859,0.048495937700634484
1167982656,30s_F,0.0,0.09133126410972697,0.10426748328172467,0.012936219171997693
1168194240,40s_F,0.0,0.8094769115246553,0.7542383089221225,-0.05523860260253277
1168363136,<30_F,0.0,0.7493435138871299,0.7572434566723474,0.00789994278521744
1168379840,40s_F,0.0,0.09513101609606216,0.1467448065843298,0.051613790488267655
1168387264,50s_F,0.0,0.07727199945470051,0.13020791584163632,0.052935916386935816
1168433664,60+_F,0.0,0.07396561075894978,0.10974240545652407,0.03577679469757429
1168545024,40s_F,1.0,0.48775503608729354,0.5415186558607263,0.0537636197734328
1168624832,60+_F,0.0,0.11062966429695587,0.13317242761174106,0.02254276331478519
1168674944,30s_F,,0.8343330846309006,0.877293819010372,0.042960734379471344
1168760320,50s_F,0.0,0.8615409223865842,0.9153613624718281,0.05382044008524389
1168804864,30s_M,0.0,0.18113774670997887,0.19745318365584855,0.016315436945869677
1168862400,30s_F,,0.17769388852270798,0.14731802284478338,-0.030375865677924607
1168960768,50s_F,,0.4334470859761029,0.5258657477399941,0.09241866176389119
1169098112,<30_F,0.0,0.0824276605622407,0.09963732365406719,0.01720966309182649
1169159360,30s_F,0.0,0.7817058658469171,0.8464095313212389,0.06470366547432171
1169166784,<30_F,0.0,0.12541771100398755,0.17207819297978197,0.04666048197579442
1169335680,30s_F,0.0,0.8813812152657419,0.9106225407385585,0.02924132547281666
1169359808,50s_F,0.0,0.5963219522247436,0.5319894278479663,-0.06433252437677728
1169443328,60+_F,0.0,0.12901265797145248,0.18925325151484423,0.06024059354339176
1169612224,30s_F,,0.7584602785156888,0.7739191961533127,0.01545891763762397
1169805248,40s_F,0.0,0.07373660337601755,0.10195942782060531,0.028222824444587763
1170282240,30s_F,1.0,0.8001697085587827,0.8388675570232006,0.03869784846441793
1170516096,<30_F,0.0,0.2159117111289723,0.264616019067834,0.048704307938861685
1170579200,<30_F,0.0,0.059382716847222634,0.09083548484069802,0.031452767993475385
1170614464,<30_M,,0.12735795226444993,0.13830093404940416,0.010942981784954231
1170707264,30s_F,0.0,0.3130486719646936,0.2954369573582953,-0.01761171460639832
1171297472,<30_F,0.0,0.0962434027706546,0.10702895027418828,0.01078554750353368
1171527616,30s_F,0.0,0.06194920419618922,0.11163337099591011,0.049684166799720896
1171574016,<30_F,0.0,0.09835726664566169,0.1571314358999094,0.05877416925424772
1171579584,30s_F,0.0,0.41836469282774913,0.4245808632540024,0.006216170426253276
1171624128,30s_F,0.0,0.08618711628608505,0.07895839433590948,-0.007228721950175571
1171804160,30s_F,,0.7224008983066353,0.7390817182747224,0.016680819968087013
1171817152,40s_F,1.0,0.20341805010035954,0.20956218892093387,0.006144138820574324
1171870976,50s_F,1.0,0.5364519577004984,0.4315059360377223,-0.10494602166277606
1172130816,60+_F,1.0,0.38480281779010356,0.3823632599794086,-0.0024395578106949367
1172359104,30s_F,,0.0718075612000432,0.07567333138841659,0.003865770188373391
1172383232,30s_F,0.0,0.10504226498185082,0.12168895380457634,0.01664668882272552
1172440768,60+_F,0.0,0.10562304713414593,0.14940556381000034,0.04378251667585441
1172448192,30s_F,0.0,0.7654795916719195,0.7170572993271346,-0.0484222923447849
1172559552,30s_F,0.0,0.1747732035339525,0.18885802268952948,0.014084819155576966
1172589248,50s_F,0.0,0.13955450435176364,0.20784133307996458,0.06828682872820094
1172615232,30s_F,1.0,0.8583141793395387,0.8413299314678849,-0.016984247871653757
1172661632,40s_F,0.0,0.6341214803853338,0.7310202762293203,0.09689879584398653
1172745152,<30_F,0.0,0.4926527809317405,0.5370190328948724,0.04436625196313193
1172782272,60+_F,0.0,0.6206164967369419,0.621614129672536,0.0009976329355941838
1172897344,<30_F,0.0,0.18257000721556563,0.18066159625652453,-0.0019084109590410958
1173123776,<30_F,,0.48968858291583506,0.46850378738374493,-0.021184795532090128
1173149760,50s_F,0.0,0.12800637851966706,0.1524647185024312,0.024458339982764143
1173450432,60+_F,0.0,0.09700890177972427,0.10622803895460528,0.009219137174881015
1173552512,60+_F,,0.5480472219527638,0.5895793212582741,0.04153209930551027
1173598912,30s_F,0.0,0.31411483487875835,0.33903854971402475,0.024923714835266397
1173923712,30s_F,0.0,0.8826668685912777,0.8913147159008886,0.008647847309610879
1174239232,<30_F,1.0,0.5753619457486773,0.6743501548779608,0.09898820912928352
1174268928,30s_F,0.0,0.41196910974068834,0.5112541486142232,0.0992850388735349
1174404416,30s_F,1.0,0.1712884877931994,0.1550785038332695,-0.016209983959929924
1174463808,60+_F,,0.5938516689424735,0.6228419821224758,0.028990313180002225
1174656832,30s_F,0.0,0.6793120803784924,0.5846418918606328,-0.09467018851785969
1174940800,30s_F,0.0,0.840762283300997,0.8359498737237335,-0.004812409577263477
1174979776,50s_F,0.0,0.2433585449058526,0.2398416171470416,-0.0035169277588109893
1175020608,40s_F,,0.3754258522821053,0.4353496638284024,0.05992381154629711
1175041024,50s_F,0.0,0.1575882335664259,0.2016463300640592,0.04405809649763329
1175475328,50s_F,0.0,0.14528220313865628,0.15776345249667373,0.012481249358017449
1175681344,60+_F,0.0,0.5275543356657159,0.44463144000942345,-0.0829228956562924
1176241856,<30_F,0.0,0.5649207869831555,0.6862254368753175,0.12130464989216194
1176548096,40s_F,,0.8914381729703845,0.9093421088515236,0.017903935881139033
1176609344,<30_F,0.0,0.06831477981537964,0.0900681171423301,0.02175333732695045
1176692864,60+_F,,0.5076470157426783,0.6123332505844894,0.10468623484181105
1176716992,30s_F,0.0,0.6349026635186449,0.6206852957919772,-0.014217367726667707
1176791232,30s_F,0.0,0.8133297170707867,0.8259313440669145,0.012601626996127768
1176974976,40s_F,,0.343180314350086,0.3531169668621593,0.009936652512073318
1176991680,30s_F,,0.5813930642998298,0.6143124227714992,0.03291935847166938
1177143872,30s_F,0.0,0.15595080562620073,0.20875718772394744,0.05280638209774671
1177216256,40s_F,0.0,0.7723350622111382,0.7346648560379495,-0.037670206173188725
1177372160,50s_F,,0.8562479494726034,0.8777934975367195,0.021545548064116127
1177392576,<30_F,0.0,0.06883463469444036,0.12734603685779697,0.05851140216335661
1177580032,30s_F,0.0,0.8992390526569892,0.9133600873531659,0.014121034696176649
1177843584,30s_F,,0.0827411181828406,0.07301319478836076,-0.009727923394479851
1177875136,<30_F,,0.5949666339027957,0.5876347865617276,-0.007331847341068065
1177938240,30s_F,0.0,0.7550222679991256,0.7229385529542067,-0.032083715044918915
1177966080,30s_F,,0.07615756437557995,0.08033845762355363,0.004180893247973674
1178110848,<30_M,0.0,0.21443610673336955,0.2179647805523821,0.003528673819012562
1178146112,40s_M,0.0,0.37823064520464916,0.4383452516170485,0.06011460641239935
1178606400,40s_F,,0.17835323494880545,0.20397941283340645,0.025626177884601004
1178747456,30s_F,0.0,0.17320385365114377,0.1957945174913463,0.02259066384020253
1178760448,30s_F,0.0,0.1360923039499095,0.19682879323528088,0.06073648928537137
1179473152,40s_F,,0.08815805865965204,0.14603286908066138,0.05787481042100934
1179525120,<30_F,0.0,0.10058372345810246,0.11597491336106983,0.015391189902967367
1179684736,30s_F,1.0,0.8729184459299567,0.8809366404101223,0.008018194480165608
1179844352,30s_F,0.0,0.8983154641107056,0.8862707220267384,-0.01204474208396722
1179909312,30s_F,0.0,0.4967965898985087,0.5281921066177128,0.03139551671920404
1179927872,30s_F,0.0,0.7699427734722407,0.8248164209681553,0.05487364749591461
1179950144,30s_F,0.0,0.3380115507621527,0.2682960764523587,-0.06971547430979402
1180195136,30s_F,0.0,0.8832963045749321,0.8308091789401278,-0.05248712563480429
1180408576,30s_F,0.0,0.8394106132959872,0.8288940858809493,-0.010516527415037946
1180460544,30s_F,0.0,0.08016771253151284,0.0807705437773541,0.0006028312458412621
1180692544,40s_F,0.0,0.41246882389501094,0.4489269898142012,0.036458165919190266
1180781632,<30_F,0.0,0.5106890172888128,0.6351634520035635,0.12447443471475073
1180930112,30s_F,,0.07607682420585485,0.08404189981847904,0.00796507561262419
1180983936,<30_F,,0.05954632726745505,0.10323290217366543,0.04368657490621038
1181021056,30s_F,,0.09868911834267649,0.13356894749020373,0.03487982914752724
1181102720,<30_F,0.0,0.06758299152477842,0.12197245393795678,0.05438946241317835
1181234496,30s_F,,0.5216272742045277,0.6456385499086383,0.12401127570411064
1181245632,50s_F,0.0,0.7354083604436843,0.7478022359435056,0.012393875499821294
1181399680,30s_F,0.0,0.08313510366154654,0.13047721048963562,0.04734210682808908
1181407104,<30_F,0.0,0.16598805196514213,0.2327054332792654,0.06671738131412328
1181754176,40s_F,0.0,0.13346179519458606,0.23174344662454782,0.09828165142996176
1181924928,30s_F,0.0,0.29934881055288814,0.2736006193454987,-0.02574819120738947
1181945344,30s_M,,0.40457396494292114,0.3350038374107126,-0.06957012753220854
1182021440,50s_F,,0.28925739294354985,0.2847101650930696,-0.004547227850480229
1182507712,30s_F,0.0,0.20520785393915772,0.18915601331392914,-0.016051840625228575
1182648768,30s_F,0.0,0.8827815768787315,0.8951423139349695,0.01236073705623797
1182765696,50s_F,0.0,0.4427506262853506,0.3205965335907443,-0.12215409269460631
1182960576,30s_F,0.0,0.22330225751047927,0.25271265334010584,0.029410395829626568
1183008832,30s_F,,0.7560243707836236,0.80088067986775,0.04485630908412641
1183073792,60+_F,0.0,0.07202661650064707,0.10282857219333336,0.03080195569268629
1183103488,<30_F,0.0,0.53946215634338,0.5793135866244896,0.0398514302811096
1183220416,<30_M,,0.50879879732467,0.5666364924536657,0.057837695128995614
1183394880,<30_F,0.0,0.0999603349154162,0.10479980923957444,0.004839474324158238
1183548928,40s_F,0.0,0.11654119256351979,0.14830235565618488,0.03176116309266509
1183569344,<30_F,0.0,0.17154768762401992,0.20931129231226367,0.037763604688243746
1184397120,30s_M,0.0,0.07435110580300258,0.09382159755263288,0.019470491749630295
1184747904,30s_F,0.0,0.7452450924750701,0.6867672027767868,-0.05847788969828327
1184922368,30s_F,,0.5700583283601555,0.617127047564766,0.04706871920461053
1184981760,60+_F,,0.2364256910619396,0.1782028654809127,-0.05822282558102693
1185041152,30s_F,0.0,0.11040241490597963,0.09764438036495406,-0.012758034541025573
1185107968,30s_F,,0.5182366268391718,0.4794628726532788,-0.03877375418589302
1185109824,<30_F,1.0,0.06491325160474323,0.10007416147176476,0.03516090986702153
1185122816,30s_F,,0.46810114359767196,0.44653599223083107,-0.021565151366840896
1185171072,30s_F,0.0,0.9387970471322751,0.8979686326586476,-0.040828414473627506
1185308416,30s_F,,0.3351872696076491,0.3044332385518697,-0.030754031055779396
1185313984,50s_F,,0.19420899624662105,0.20609770736937208,0.011888711122751028
1185391936,30s_M,,0.2961339693732511,0.30410104868315246,0.00796707930990137
1185635072,40s_F,0.0,0.07066836721082322,0.09966502989850202,0.02899666268767881
1185655488,30s_F,0.0,0.7760415115054771,0.845303736038438,0.06926222453296094
1185889344,30s_F,0.0,0.574363800893167,0.5579265940956676,-0.016437206797499382
1186067520,60+_F,1.0,0.5074042040603863,0.4416968873886043,-0.06570731667178203
1186073088,30s_F,0.0,0.40375109696348965,0.4795741301215512,0.07582303315806155
1186219712,<30_F,0.0,0.7969403445791882,0.7617278687174407,-0.03521247586174747
1186240128,30s_F,0.0,0.7276051066811,0.7691390067268064,0.04153390004570634
1186286528,30s_F,,0.07753313134758727,0.10148100772063635,0.023947876373049085
1186414592,60+_F,0.0,0.49464415662849087,0.4685079765056759,-0.02613618012281499
1187195968,50s_F,0.0,0.40618314851421927,0.3472935456037691,-0.058889602910450145
1187260928,<30_F,0.0,0.9117949105058594,0.8151551366436532,-0.09663977386220612
1187281344,30s_F,0.0,0.7879995314114264,0.8347018317619275,0.04670230035050105
1187307328,<30_F,0.0,0.2212623142159407,0.24711194149464916,0.02584962727870846
1187335168,<30_M,0.0,0.7305605788523137,0.6870498211329725,-0.04351075771934121
1187338880,<30_F,0.0,0.10203690927267123,0.14070503541064977,0.03866812613797854
1187492928,50s_M,0.0,0.08446719816923924,0.07954653075506897,-0.004920667414170271
1187522624,<30_F,1.0,0.10414101133182858,0.1545226017886051,0.05038159045677652
1187591296,60+_F,0.0,0.24670550740885752,0.21649235695884098,-0.030213150450016546
1187635840,30s_F,0.0,0.10542819749401337,0.11049230301537825,0.005064105521364881
1187700800,50s_F,0.0,0.07599125063778173,0.09225084107715864,0.016259590439376914
1188090560,30s_F,0.0,0.07683104075355617,0.11455817127149674,0.03772713051794058
1188426496,30s_F,0.0,0.4751967766682261,0.5725276418708737,0.09733086520264761
1188478464,40s_F,0.0,0.7321057600470094,0.736484910206202,0.004379150159192546
1188678912,30s_F,0.0,0.7641642013187593,0.6534820966608683,-0.11068210465789097
1188716032,<30_M,0.0,0.062094647456896676,0.09949838390684222,0.037403736449945546
1188751296,30s_F,0.0,0.2813050765354016,0.22436369043666443,-0.05694138609873717
1188948032,<30_F,0.0,0.319899060164363,0.47132005985156394,0.15142099968720096
1189128064,<30_F,0.0,0.6571484237477536,0.6921741746025024,0.035025750854748794
1189337792,<30_F,0.0,0.3870659889397596,0.4328438422576872,0.04577785331792761
1189369344,40s_F,,0.7138870864409579,0.7756062382964574,0.06171915185549948
1189508544,<30_F,0.0,0.07526300621711168,0.11750991373503934,0.04224690751792766
1189584640,<30_F,0.0,0.27704547376434635,0.2974698214453984,0.020424347681052057
1189601344,50s_F,0.0,0.20381723052944753,0.22890290588350967,0.025085675354062142
1189662592,50s_F,1.0,0.6196010929872982,0.7642137154172307,0.14461262242993256
1189857472,30s_F,,0.8819129674753247,0.9045454390494476,0.02263247157412296
1190132160,50s_F,1.0,0.35399605021608566,0.29899711599994816,-0.054998934216137496
1190250944,40s_F,0.0,0.4024991919958351,0.30843871288204344,-0.09406047911379167
1190291776,30s_F,0.0,0.07381413937679464,0.11107163122158184,0.0372574918447872
1190392000,40s_F,0.0,0.11551875603093015,0.15162273921673,0.036103983185799854
1190471808,30s_F,0.0,0.7027981816586906,0.7770274178881398,0.07422923622944921
1190505216,30s_F,0.0,0.3649502191280455,0.40163446778621625,0.03668424865817077
1190520064,40s_F,0.0,0.19002233467245128,0.23734024783296231,0.04731791316051104
1190679680,<30_F,0.0,0.1607626391534742,0.18377426170574107,0.02301162255226688
1190824448,40s_F,0.0,0.09888049715872482,0.17416505169183266,0.07528455453310784
1190872704,40s_F,,0.08910882526702939,0.08409072392051224,-0.005018101346517145
1190974784,40s_F,0.0,0.901639758472837,0.8863411625833938,-0.015298595889443156
1191149248,40s_F,0.0,0.09165038479409668,0.1396104793800422,0.04796009458594552
1191156672,30s_F,,0.06190534209176903,0.08139282158080453,0.0194874794890355
1191266176,30s_F,0.0,0.5908742562925582,0.5842663203020149,-0.006607935990543323
1191529728,30s_F,,0.1404514701797533,0.15425891545713605,0.013807445277382757
1191908352,30s_F,0.0,0.25206541023198276,0.296494364150323,0.04442895391834023
1192021568,<30_F,1.0,0.6425295895780646,0.6465898580928655,0.004060268514800902
1192457728,30s_F,0.0,0.1790188886600654,0.20952397689355579,0.03050508823349038
1192541248,<30_F,0.0,0.8650466485890678,0.8415914528589813,-0.023455195730086476
1192702720,30s_F,0.0,0.40624665879570243,0.4330392604367198,0.026792601641017377
1192960704,<30_F,0.0,0.07176136692578836,0.0959652649394493,0.02420389801366095
1192973696,30s_F,1.0,0.8738145209475205,0.8761738588532395,0.002359337905718961
1192995968,<30_F,0.0,0.6242450274971945,0.5709753844856158,-0.05326964301157866
1193086912,30s_F,0.0,0.08467928133790936,0.12315624216799931,0.038476960830089946
1193155584,<30_F,1.0,0.7203841715638357,0.7071982223651452,-0.013185949198690539
1193567616,30s_F,0.0,0.788401245609145,0.8606132427630553,0.07221199715391025
1193673408,30s_F,0.0,0.0591868561044523,0.11126658521587605,0.05207972911142376
1193949952,30s_F,0.0,0.15087538654508129,0.17340664094671449,0.0225312544016332
1194053888,30s_M,,0.06892903924652596,0.07442868147269831,0.005499642226172344
1194116992,30s_F,0.0,0.3044663763387918,0.2911418749975925,-0.013324501341199335
1194174528,50s_F,,0.2763880605118559,0.22818816109617582,-0.048199899415680064
1194490048,30s_F,1.0,0.06532475981614617,0.11276700332899671,0.047442243512850535
1194497472,30s_F,0.0,0.17846235030849136,0.15525828750785203,-0.02320406280063933
1195135936,<30_M,0.0,0.5467115599999232,0.4973973104952534,-0.04931424950466978
1195314112,50s_F,1.0,0.08024853313550968,0.11499396958767129,0.034745436452161604
1195367936,40s_F,0.0,0.06638029915340898,0.10194981873848925,0.03556951958508027
1195518272,30s_F,,0.1923458675230763,0.21501149032468303,0.022665622801606722
1195993408,<30_F,0.0,0.8523796522177876,0.8194516912061793,-0.03292796101160822
1196136320,30s_F,1.0,0.8493162703910769,0.8429259055869629,-0.006390364804114035
1196164160,30s_F,,0.2624010501001151,0.2666595163656196,0.004258466265504468
1196208704,50s_F,0.0,0.5733255574904067,0.6185669640806978,0.04524140659029108
1196405440,<30_F,0.0,0.2634707957872543,0.2613176164374138,-0.002153179349840495
1196435136,30s_F,1.0,0.10254667458827328,0.13909217842339555,0.03654550383512227
1196726528,<30_F,1.0,0.4138907696526143,0.3798241874353517,-0.03406658221726261
1196756224,30s_F,1.0,0.8657101439442293,0.8724109526329957,0.006700808688766435
1196834176,30s_F,0.0,0.06593859159025127,0.11323447711561334,0.04729588552536207
1196997504,30s_F,,0.6006889733574261,0.6489657407560836,0.048276767398657494
1197105152,50s_F,0.0,0.22039647993575673,0.21655110611973943,-0.0038453738160172946
1197262912,30s_F,,0.0626614019529841,0.09874871797232379,0.03608731601933969
1197446656,<30_F,0.0,0.5828619277740278,0.6838910924529885,0.10102916467896073
1197520896,60+_F,0.0,0.9460571276874148,0.9088646726702874,-0.037192455017127424
1197680512,<30_F,0.0,0.3668313084360062,0.46676373887957145,0.09993243044356526
1197704640,30s_F,0.0,0.20151865148363626,0.20710492521169258,0.005586273728056312
1197713920,30s_F,0.0,0.45352964149496083,0.454748909630231,0.0012192681352701795
1197791872,30s_F,0.0,0.44795128577512533,0.4035984370977143,-0.044352848677411016
1197793728,30s_F,0.0,0.15595603265786365,0.15232678198825525,-0.003629250669608397
1197962624,30s_F,1.0,0.8263995877218702,0.7800757759780573,-0.04632381174381284
1198010880,<30_F,,0.8624708730846321,0.7944256369512154,-0.06804523613341673
1198441472,40s_F,0.0,0.09101380319107802,0.0966681842896837,0.005654381098605679
1198445184,30s_F,0.0,0.2663992126075775,0.2673944821152693,0.0009952695076917983
1198684608,30s_F,1.0,0.08132968053293914,0.10506160667579166,0.023731926142852522
1198773696,30s_F,,0.3937202371721258,0.4231117233510389,0.02939148617891313
1198814528,30s_F,,0.8026209741561555,0.6883759559574786,-0.11424501819867694
1198864640,40s_F,1.0,0.0720140179539246,0.10632931461666693,0.03431529666274233
1199295232,<30_F,,0.09057429850149572,0.10724980735539916,0.01667550885390344
1199326784,<30_F,0.0,0.2788305389800135,0.26732477745026195,-0.011505761529751524
1199471552,30s_F,0.0,0.49932121402660734,0.3822828478523862,-0.11703836617422114
1199577344,30s_F,1.0,0.8785481301534703,0.8992177524242932,0.020669622270822918
1199729536,30s_F,0.0,0.10264559290099376,0.10670907167998483,0.004063478778991075
1199777792,30s_F,0.0,0.5371253513217189,0.6104528870902763,0.07332753576855744
1200033920,30s_F,0.0,0.21663761572849544,0.18793563227499732,-0.028701983453498114
1200191680,30s_F,0.0,0.5512166692652282,0.48339784089397747,-0.0678188283712507
1200200960,30s_F,0.0,0.07026074020669844,0.09469720109811766,0.024436460891419223
1200358720,30s_M,1.0,0.1067810585463133,0.10918499533069921,0.0024039367843859127
1200522048,30s_F,,0.584255046244903,0.7093688310973431,0.12511378485244007
1200625984,<30_M,,0.8690736513833376,0.8755562086988395,0.006482557315501958
1200661248,30s_F,0.0,0.15266041486318413,0.20365644630491966,0.050996031441735534
1200687232,30s_F,0.0,0.08329990763795106,0.09139070855220183,0.008090800914250768
1200804160,50s_F,0.0,0.1920593234637769,0.20643719044480752,0.014377866981030607
1200928512,30s_F,,0.7640431757060097,0.8013801967221598,0.03733702101615011
1200934080,40s_F,0.0,0.09942155346509583,0.12002830340587918,0.020606749940783348
1201180928,60+_F,1.0,0.14729255764459645,0.15916299844468834,0.011870440800091892
1201268160,<30_F,0.0,0.08706140307444198,0.1433714631214708,0.056310060047028834
1201362816,<30_F,0.0,0.819959014910981,0.774487617238861,-0.04547139767212005
1201516864,30s_M,,0.07625111380626093,0.09861657745280578,0.022365463646544848
1201609664,30s_F,0.0,0.90277877990811,0.9121221927005273,0.00934341279241735
1201875072,40s_F,0.0,0.2855814043108151,0.3531058803806956,0.06752447606988055
1201897344,50s_F,1.0,0.07356144635735488,0.09428419353477331,0.020722747177418427
1201979008,<30_F,0.0,0.7876550324409979,0.7486466028138488,-0.03900842962714912
1202004992,40s_F,0.0,0.8814947719490925,0.8593226131835331,-0.022172158765559447
1202006848,60+_F,0.0,0.20052880832018116,0.2140166143429777,0.013487806022796534
1202212864,60+_F,,0.14207684321894287,0.18602627996294077,0.0439494367439979
1202274112,<30_F,,0.11412765417849792,0.14861527276142683,0.03448761858292891
1202337216,30s_F,0.0,0.7531916998922797,0.8280781681121181,0.07488646821983835
1202428160,30s_F,0.0,0.11463102196836611,0.14379974178528532,0.02916871981691921
1202504256,30s_F,,0.7915398237113375,0.7654891971991362,-0.026050626512201247
1202984960,50s_F,0.0,0.09010931581796941,0.13337657499891925,0.04326725918094984
1203105600,40s_F,0.0,0.11012951834959692,0.19626927622511434,0.08613975787551742
1203150144,<30_F,0.0,0.09240351732634768,0.11020812174058735,0.017804604414239672
1203428544,30s_F,1.0,0.427806826786558,0.3854783748267732,-0.042328451959784796
1203491648,<30_F,,0.3822521028477512,0.39780298980530615,0.015550886957554966
1203578880,50s_F,0.0,0.06833189863073127,0.11322611533556243,0.04489421670483115
1203745920,30s_F,,0.17688664395491777,0.22436252370876664,0.04747587975384887
1203794176,30s_F,,0.2808437850707532,0.2883498265931518,0.007506041522398588
1204033600,50s_M,0.0,0.21338169731229917,0.22953107665841596,0.016149379346116793
1204083712,40s_F,0.0,0.097565517568651,0.17065304507475385,0.07308752750610284
1204146816,<30_F,0.0,0.12558317587789766,0.14545230504204182,0.019869129164144156
1204588544,30s_F,0.0,0.08738938439018604,0.1112281077976953,0.02383872340750927
1204980160,60+_F,0.0,0.8468871790354396,0.8880185699525015,0.04113139091706186
1205115648,30s_F,1.0,0.22179060872565756,0.23983854331888754,0.01804793459322998
1205240000,50s_F,0.0,0.13971304701399445,0.1627585491490752,0.023045502135080748
1205299392,40s_F,0.0,0.5507011461748433,0.6277936017752627,0.07709245560041933
1205382912,<30_F,0.0,0.2115803651351549,0.24394926887643734,0.03236890374128243
1205414464,40s_F,1.0,0.14593016889242857,0.2019140642415912,0.05598389534916262
1205562944,50s_F,,0.07773428820757021,0.07446855825824651,-0.003265729949323698
1205640896,30s_F,0.0,0.5357994535784095,0.5319627496045309,-0.0038367039738785857
1205739264,<30_F,0.0,0.06527881623966962,0.09227084195761816,0.026992025717948537
1205846912,40s_F,0.0,0.8923559851841252,0.9260637536196527,0.033707768435527474
1205856192,30s_F,0.0,0.29003403859766064,0.33487827797454983,0.044844239376889194
1205991680,<30_F,,0.6341899121721964,0.579902268512506,-0.05428764365969041
1205997248,30s_F,,0.7577436369055859,0.7565207132071198,-0.0012229236984661052
1206012096,30s_F,0.0,0.8379835845668162,0.8921326185072247,0.054149033940408486
1206218112,30s_F,0.0,0.725691843630124,0.7275260542347847,0.0018342106046607132
1206229248,<30_F,0.0,0.7852153955897806,0.7229913092472476,-0.06222408634253296
1206652416,<30_F,0.0,0.3603229188681022,0.44571398926852757,0.08539107040042537
1206683968,30s_F,0.0,0.7708278390522533,0.6506667792167028,-0.12016105983555048
1206758208,30s_F,,0.07588406481482664,0.07536732166680811,-0.000516743148018528
1206815744,30s_F,0.0,0.9307685680631376,0.9005414399794941,-0.030227128083643473
1207220352,50s_F,0.0,0.0868239717182642,0.1055001219769355,0.018676150258671295
1207316864,50s_F,1.0,0.47937592689578884,0.3822687671670623,-0.09710715972872652
1207352128,30s_F,0.0,0.5164973002584372,0.5490496646895882,0.03255236443115095
1207478336,30s_F,,0.5180855606507142,0.5252884897450653,0.0072029290943510516
1207649088,30s_F,0.0,0.3890442244177484,0.35378005569368454,-0.03526416872406385
1207816128,30s_F,,0.5180985996320215,0.40087162453510117,-0.11722697509692037
1207907072,<30_F,,0.08239248603935828,0.10797918221496902,0.02558669617561074
1207910784,50s_F,0.0,0.17916123741216836,0.16702831086072248,-0.012132926551445877
1208007296,30s_M,0.0,0.05874269149760646,0.104361853664114,0.04561916216650754
1208100096,30s_F,,0.8901865722874216,0.8598422104928816,-0.03034436179454003
1208198464,30s_F,0.0,0.11239270084652525,0.12097015216633211,0.008577451319806861
1208703296,30s_F,0.0,0.21576630897280275,0.2767159374387105,0.060949628465907735
1209003968,60+_F,,0.8987046895779583,0.9056850664149423,0.006980376836983937
1209055936,40s_F,1.0,0.1040823185162152,0.14256370532074794,0.03848138680453274
1209104192,<30_F,,0.8819055687956188,0.8509249359688082,-0.030980632826810517
1209488384,30s_F,0.0,0.917885920147064,0.9059823102661837,-0.01190360988088035
1209505088,<30_F,1.0,0.1814917642688413,0.1555041799900404,-0.025987584278800907
1209538496,30s_F,,0.12466789983128519,0.1959491204870178,0.0712812206557326
1209605312,30s_F,0.0,0.10651805697732292,0.1355935710201061,0.02907551404278319
1209779776,30s_F,0.0,0.807028597883595,0.7157967043417899,-0.09123189354180516
1209790912,<30_F,0.0,0.09429046255678612,0.10288129079471271,0.00859082823792659
1209800192,40s_F,0.0,0.11097353863239244,0.1254459303581745,0.01447239172578206
1209933824,60+_F,0.0,0.9022267524318434,0.8953355917094606,-0.0068911607223827165
1210002496,40s_F,0.0,0.637342468229035,0.5506131109480414,-0.08672935728099351
1210037760,60+_F,0.0,0.8791494027642134,0.8961409396211251,0.016991536856911682
1210113856,<30_F,0.0,0.8028473550584725,0.7478984357577643,-0.05494891930070822
1210436800,40s_F,1.0,0.3101657935982626,0.2632846577077832,-0.046881135890479375
1210587136,<30_F,0.0,0.3815675778625349,0.4021594045483036,0.0205918266857687
1210824704,30s_F,0.0,0.8328132026042077,0.854272543856997,0.021459341252789366
1210830272,50s_F,,0.8151767941249649,0.8808358810930587,0.06565908696809375
1211004736,40s_F,0.0,0.22638877036339144,0.25663761890858117,0.03024884854518972
1211043712,30s_M,0.0,0.746508952601052,0.6936824673351794,-0.052826485265872636
1211151360,<30_F,0.0,0.10036762267303381,0.11143436547693102,0.011066742803897203
1211214464,<30_F,0.0,0.2342582367389992,0.26776896917611587,0.033510732437116664
1211220032,<30_F,1.0,0.18934807707609036,0.23043804545724886,0.0410899683811585
1211296128,40s_M,0.0,0.09573208388720207,0.12929934533879073,0.033567261451588656
1211333248,30s_F,,0.2040434848359698,0.20561741902076436,0.0015739341847945676
1211550400,60+_F,0.0,0.8700326038582172,0.8937566432317066,0.023724039373489325
1211706304,30s_F,0.0,0.14828336561443453,0.16402333437254105,0.015739968758106515
1211737856,40s_F,,0.8949631157166068,0.8977542259789355,0.0027911102623287
1211791680,30s_M,0.0,0.5907267168190199,0.5933166152753327,0.0025898984563128558
1212075648,40s_F,,0.6914026879442224,0.658334936478531,-0.03306775146569141
1212164736,30s_F,1.0,0.8929472280324978,0.8946595372901486,0.001712309257650757
1212209280,40s_F,1.0,0.361088645547307,0.4161399646784125,0.0550513191311055
1212250112,40s_F,0.0,0.11898040544897392,0.13038293417500588,0.011402528726031952
1212255680,50s_F,0.0,0.193921674742925,0.22880175562784502,0.034880080884920034
1212749376,30s_F,0.0,0.3005575621825867,0.2550169154537777,-0.04554064672880903
1212957248,30s_F,0.0,0.4334246188952377,0.41784167391214155,-0.015582944983096148
1213072320,30s_F,0.0,0.15650401771545008,0.1708956413263297,0.014391623610879617
1213096448,40s_F,0.0,0.08706644691762909,0.07868218038167049,-0.008384266535958598
1213139136,40s_F,0.0,0.884635856802487,0.8849774965200701,0.0003416397175830532
1213170688,50s_F,1.0,0.5996524779605543,0.5154065473479321,-0.0842459306126222
1213256064,30s_F,,0.34980733949119475,0.3560047643723487,0.0061974248811539345
1213283904,<30_F,0.0,0.054064016739722415,0.09083161540941137,0.036767598669688956
1213387840,40s_F,0.0,0.4614654458631539,0.48541182581324044,0.023946379950086527
1213439808,40s_F,0.0,0.7889307175964596,0.8464442210737996,0.05751350347733997
1213515904,30s_F,0.0,0.7508263301737957,0.7276414485277678,-0.023184881646027944
1213573440,<30_M,0.0,0.3188995487650065,0.3459602495059278,0.027060700740921317
1213669952,40s_F,,0.921936574329211,0.864427895027312,-0.05750867930189896
1213933504,30s_F,,0.1708581702568398,0.19442034167428818,0.023562171417448374
1214063424,30s_F,1.0,0.7038078382175688,0.7208540251691509,0.01704618695158211
1214076416,30s_F,0.0,0.3737289786189156,0.40033176374191215,0.026602785122996575
1214109824,30s_F,0.0,0.07111329192330168,0.10082076918906278,0.029707477265761104
1214208192,30s_F,0.0,0.15541763733341762,0.18854285656189593,0.0331252192284783
1214232320,30s_F,,0.08599551351247692,0.10462078777669669,0.01862527426421977
1214360384,30s_F,0.0,0.5717011084371146,0.5965065472947784,0.02480543885766373
1214421632,60+_F,0.0,0.0904081805761296,0.09234895449460151,0.0019407739184719164
1214805824,30s_F,0.0,0.0893988746205755,0.1066596457053119,0.017260771084736407
1214857792,30s_F,,0.7624295524261059,0.7868398121326665,0.024410259706560633
1214941312,30s_F,0.0,0.25389580212289997,0.2550115847841304,0.0011157826612304134
1215238272,60+_F,0.0,0.4554518681093572,0.5543241580241309,0.0988722899147737
1216418688,60+_F,0.0,0.643589767963075,0.6872459896585909,0.04365622169551586
1216543040,40s_F,0.0,0.8979144188623774,0.8940627438757208,-0.003851674986656617
1216890112,30s_F,0.0,0.12526450154471644,0.1472405859273499,0.02197608438263346
1216956928,50s_F,,0.15662194219147685,0.2226324590253047,0.06601051683382786
1217014464,30s_F,0.0,0.11572499383574479,0.13044787993631193,0.014722886100567142
1217029312,<30_F,1.0,0.0967268047488464,0.15199224630482447,0.05526544155597807
1217222336,30s_F,0.0,0.6549008845422655,0.574712691473489,-0.08018819306877645
1217257600,30s_F,0.0,0.860291581097123,0.8495683067668266,-0.010723274330296406
1217274304,40s_F,0.0,0.405858978366589,0.46515144817027704,0.05929246980368802
1217547136,30s_F,0.0,0.2534635075187732,0.3021678206806785,0.048704313161905266
1218059392,30s_F,0.0,0.13004016245407377,0.16404967199720472,0.03400950954313095
1218499264,30s_F,0.0,0.09675479338338462,0.11902371492809317,0.022268921544708553
1218606912,30s_F,0.0,0.07374071857185206,0.11411568495167163,0.04037496637981956
1218644032,60+_F,0.0,0.7349482016502884,0.7736539702658639,0.03870576861557551
1218742400,30s_F,1.0,0.5623153852806285,0.5613929850358305,-0.0009224002447980606
1219033792,<30_F,0.0,0.36320134238441343,0.4220242135898061,0.058822871205392646
1219145152,30s_F,0.0,0.1342060926021047,0.20880188596352814,0.07459579336142344
1219243520,40s_F,0.0,0.38923986740063765,0.3528835141269036,-0.03635635327373404
1219468096,50s_F,,0.8108202826786924,0.7475744218711651,-0.06324586080752737
1219603584,30s_F,,0.06833176837883187,0.11016172014736958,0.04182995176853771
1219787328,30s_F,0.0,0.1253935895975437,0.16005249584536976,0.034658906247826055
1219835584,<30_F,0.0,0.06815096557919133,0.10399999841643554,0.03584903283724421
1219874560,<30_F,0.0,0.8599658145488482,0.7763283450347501,-0.08363746951409812
1219993344,50s_M,,0.8577431306704439,0.9040426923861166,0.04629956171567262
1220418368,40s_F,0.0,0.6070590955908831,0.6815065214578188,0.07444742586693565
1220984448,<30_F,0.0,0.6544500395647748,0.6989768217447312,0.044526782179956426
1221153344,30s_F,0.0,0.10419853087505458,0.13491117634455546,0.03071264546950088
1221244288,60+_F,0.0,0.11491982000575747,0.10120356436944443,-0.01371625563631304
1221298112,60+_F,,0.45268323845008007,0.41496371419895217,-0.0377195242511279
1221609920,30s_F,1.0,0.7492134348442511,0.6622433085051175,-0.08697012633913359
1221611776,30s_F,0.0,0.4250840867004814,0.49838897453947967,0.07330488783899825
1221788096,30s_F,,0.0910242459714712,0.11240752298099192,0.021383277009520724
1222187136,30s_M,,0.05420147345668889,0.10755290531748743,0.05335143186079854
1222216832,30s_F,0.0,0.07391300500609387,0.09978911608496777,0.0258761110788739
1222378304,<30_F,0.0,0.2368108774694275,0.21884530633765759,-0.017965571131769914
1222391296,50s_F,0.0,0.18524005829708545,0.21588432837071042,0.03064427007362497
1222467392,40s_F,1.0,0.0975790690648603,0.12717397997430335,0.02959491090944305
1222493376,30s_F,0.0,0.6511168106461349,0.612071141522755,-0.03904566912337992
1222949952,40s_F,0.0,0.4708949852601858,0.5770377381690246,0.10614275290883879
1223009344,50s_F,1.0,0.6935367454519904,0.7650313158004081,0.07149457034841766
1223042752,<30_F,0.0,0.11630441413348747,0.1394981357836653,0.02319372165017783
1223050176,50s_F,0.0,0.8275743375470203,0.8547073282779075,0.027132990730887263
1223250624,30s_F,0.0,0.5804050768799791,0.6855714815283395,0.10516640464836036
1223254336,<30_F,0.0,0.07966865798976737,0.09752155564255238,0.017852897652785013
1223267328,<30_F,0.0,0.8622513707798065,0.791255298542523,-0.07099607223728355
1223399104,50s_F,0.0,0.8341663755950929,0.8756215310543854,0.04145515545929257
1223521600,60+_M,0.0,0.537805028036751,0.4968374535465746,-0.040967574490176406
1223530880,30s_F,0.0,0.16736626838852406,0.1841779432166511,0.016811674828127038
1223558720,<30_F,,0.19961011816234056,0.23557571774978886,0.0359655995874483
1223621824,<30_F,,0.42236810758571136,0.4060062945852254,-0.016361813000485947
1223707200,<30_F,0.0,0.4290077646824717,0.5204679590795016,0.0914601943970299
1223920640,60+_F,0.0,0.825529589841356,0.816720213757413,-0.008809376083943055
1224035712,40s_F,1.0,0.30606004219685834,0.2707868952328098,-0.03527314696404854
1224096960,50s_F,1.0,0.09203259840019146,0.12017771220518769,0.028145113804996236
1224351232,40s_F,0.0,0.8543215507145683,0.8816342987046769,0.027312747990108632
1224635200,50s_F,0.0,0.8916627333518692,0.8583762092331197,-0.03328652411874944
1224685312,40s_F,0.0,0.9025729689510767,0.8988720390339208,-0.0037009299171559817
1224841216,60+_F,0.0,0.6333416197931817,0.7316202009739078,0.09827858118072608
1224909888,60+_F,0.0,0.10792005950461313,0.09611640168530608,-0.011803657819307048
1225036096,30s_F,,0.8773427266790137,0.8748127004440382,-0.0025300262349754465
1225212416,30s_F,0.0,0.7623602096214118,0.792010907621388,0.029650697999976217
1225216128,30s_F,0.0,0.7960300160273812,0.7106422020533517,-0.0853878139740295
1225281088,30s_F,0.0,0.4146564110303932,0.49166624879444093,0.07700983776404774
1225657856,40s_F,0.0,0.28735552203963416,0.2801047938505798,-0.007250728189054367
1225811904,30s_F,,0.7573384069637723,0.7714916337594495,0.01415322679567721
1225873152,60+_F,0.0,0.71602711472938,0.6729454369333239,-0.043081677796056095
1226079168,40s_F,1.0,0.845011150282033,0.8758156973420629,0.030804547060029885
1226149696,<30_F,0.0,0.07508504538147466,0.10800172212738186,0.0329166767459072
1226168256,60+_M,0.0,0.8055656636966689,0.839779528478548,0.034213864781879044
1226301888,30s_F,0.0,0.1782272213796956,0.20637833016933502,0.028151108789639417
1226396544,40s_F,0.0,0.24129023628111113,0.21712844249728125,-0.024161793783829877
1226561728,30s_F,0.0,0.08099787686773766,0.08821629339659368,0.00721841652885602
1226613696,<30_F,0.0,0.12843408937513953,0.15683748548630458,0.028403396111165047
1226674944,30s_F,0.0,0.08126167238219355,0.10245576805743596,0.021194095675242414
1226884672,40s_F,0.0,0.30697497528781975,0.309473016352662,0.002498041064842249
1226927360,60+_F,0.0,0.07220545075343353,0.10309183412683348,0.030886383373399953
1227036864,30s_F,0.0,0.47020709259919835,0.3713842759502106,-0.09882281664898773
1227419200,60+_M,,0.8997825551164387,0.8984750781597406,-0.0013074769566980837
1227452608,30s_F,0.0,0.7662858716742896,0.7065788681678983,-0.059707003506391354
1227692032,30s_F,0.0,0.18101606970685197,0.21065420475218008,0.029638135045328112
1227734720,60+_F,0.0,0.8336094023823803,0.82908776188001,-0.004521640502370361
1227756992,30s_F,,0.43148130574227844,0.453952872592643,0.022471566850364555
1227771840,<30_F,1.0,0.07932306726787203,0.10396148249533706,0.02463841522746503
1227831232,30s_F,0.0,0.06452362248180027,0.09436642583946826,0.029842803357667994
1227901760,30s_F,0.0,0.491706544978339,0.6266368509997013,0.13493030602136236
1227912896,30s_F,0.0,0.1485149402047743,0.18535763270916367,0.036842692504389374
1227944448,40s_F,1.0,0.4798330226284808,0.45450176125388914,-0.025331261374591685
1228213568,40s_F,0.0,0.13872609077935955,0.1892401952239978,0.05051410444463825
1228226560,30s_F,0.0,0.31614832364574247,0.3575627239092631,0.04141440026352061
1228245120,30s_F,1.0,0.21897656856002473,0.23095905534334585,0.011982486783321117
1228701696,30s_F,,0.6634840290470285,0.6200483752674958,-0.043435653779532735
1228894720,<30_F,0.0,0.7693266362749119,0.7048379433134184,-0.06448869296149351
1228898432,30s_M,,0.22211355685893516,0.22673497997061992,0.004621423111684758
1228996800,30s_F,1.0,0.064429750600351,0.1072544269706054,0.0428246763702544
1229189824,<30_F,,0.09548099210661462,0.14931581071005026,0.05383481860343564
1229260352,<30_F,,0.3988640122364086,0.36154592120087736,-0.03731809103553124
1229312320,<30_F,0.0,0.07025698946066719,0.12499753589309137,0.05474054643242418
1229377280,50s_F,1.0,0.39366409535862806,0.4094909804400978,0.015826885081469733
1229418112,50s_F,,0.08209711330200681,0.14587651305390845,0.06377939975190164
1229600000,30s_F,,0.08382485817820426,0.09491652191419928,0.011091663735995017
1229896960,40s_F,,0.5356543823803237,0.5866576588481867,0.05100327646786296
1229965632,30s_F,0.0,0.7905057490112977,0.8127977712251021,0.02229202221380444
1229984192,<30_F,,0.44372284784030397,0.37042496263707486,-0.07329788520322911
1230032448,40s_F,,0.2538032615903419,0.28120204324105424,0.027398781650712356
1230407360,30s_F,0.0,0.13214765329870443,0.1328231032528949,0.0006754499541904713
1230544704,30s_F,0.0,0.3901548814130989,0.35413777905165383,-0.036017102361445064
1230917760,30s_M,,0.1574533630755675,0.20254918187081547,0.04509581879524796
1231426304,<30_F,0.0,0.07680551810234391,0.11088039285162925,0.03407487474928533
1231847616,<30_F,0.0,0.10730110463751596,0.14879024772221164,0.04148914308469567
1231944128,30s_F,0.0,0.08591126967055017,0.10541338940156172,0.019502119731011555
1231945984,60+_F,0.0,0.3493396000874609,0.3965877173039033,0.0472481172164424
1231958976,50s_F,0.0,0.4893075416453216,0.4931151408935845,0.003807599248262905
1232135296,30s_F,0.0,0.06236121407877267,0.1000899640505998,0.03772874997182714
1232181696,30s_F,,0.28221061623882504,0.27857458055220813,-0.003636035686616912
1232196544,<30_F,0.0,0.14582401176215332,0.15317531136842166,0.007351299606268347
1232267072,50s_F,0.0,0.4844270988876355,0.5528056848905282,0.06837858600289265
1232408128,40s_F,,0.8127236667619144,0.7810632760405215,-0.03166039072139293
1232480512,30s_F,0.0,0.5663526431005419,0.579248221879303,0.01289557877876113
1232775616,<30_F,0.0,0.7681576726811741,0.7229935696901373,-0.04516410299103679
1232888832,<30_F,,0.061770459813006745,0.09274799154587317,0.030977531732866423
1233159808,40s_F,0.0,0.5597161213192231,0.5635310893883645,0.003814968069141389
1233336128,50s_F,0.0,0.6743793321975053,0.5944679363651868,-0.07991139583231854
1233432640,30s_F,0.0,0.24014795458954682,0.2662596852513463,0.026111730661799476
1233506880,50s_F,0.0,0.10834317702866429,0.13084438514824234,0.02250120811957805
1233746304,<30_F,0.0,0.33731388711582855,0.44038698011291777,0.10307309299708922
1233922624,<30_F,0.0,0.06243231358145691,0.1081257985111897,0.04569348492973279
1233946752,30s_F,0.0,0.06399396147053835,0.10548532025238329,0.04149135878184494
1233957888,40s_F,0.0,0.6380077353834848,0.5852725405036823,-0.052735194879802494
1234024704,30s_F,0.0,0.27446064899421263,0.2809054076692617,0.006444758675049067
1234030272,<30_F,0.0,0.09863029934165546,0.10865377437948386,0.010023475037828397
1234061824,40s_F,0.0,0.0692657038849429,0.10171037852100871,0.03244467463606582
1234074816,30s_F,0.0,0.12777601226598523,0.1298436286359881,0.002067616370002884
1234115648,30s_F,0.0,0.45202819583366655,0.33624268796119494,-0.1157855078724716
1234355072,<30_F,0.0,0.38569603085117704,0.3833476042742228,-0.002348426576954221
1234473856,30s_F,1.0,0.6616540902490345,0.6819949684136464,0.02034087816461183
1234598208,50s_F,0.0,0.07901738168794806,0.09592956636224939,0.016912184674301334
1234793088,<30_F,,0.20153125262361346,0.2412504921852618,0.03971923956164833
1234948992,30s_F,,0.7789099823528488,0.7259559639397706,-0.05295401841307823
1234965696,30s_F,0.0,0.9007749350787594,0.9106346709584439,0.009859735879684473
1235080768,40s_F,0.0,0.09468022704731896,0.1496144378353581,0.054934210788039145
1235132736,<30_F,0.0,0.19382377796445646,0.22721863047254293,0.033394852508086464
1235179136,30s_F,0.0,0.36375269441074226,0.3683543416485675,0.004601647237825246
1235325760,60+_F,0.0,0.8621051951407657,0.8729013654419451,0.010796170301179409
1235409280,<30_F,0.0,0.4467832946943098,0.4548953550787229,0.008112060384413144
1235513216,40s_F,0.0,0.07886882386958308,0.0902417090368928,0.011372885167309721
1235815744,40s_F,1.0,0.553689421317292,0.5589311823418098,0.005241761024517788
1235964224,50s_F,0.0,0.09679428152170494,0.14384877283808062,0.04705449131637568
1235992064,<30_F,0.0,0.8424242845046958,0.755321643832984,-0.0871026406717118
1236019904,<30_F,,0.0807067943284827,0.11471870688434349,0.03401191255586079
1236237056,50s_F,,0.9006646235024671,0.9164032986327925,0.01573867513032534
1236339136,<30_F,1.0,0.34226893409302034,0.3765057844150041,0.03423685032198376
1236346560,<30_F,,0.29758998600903,0.2863497463544313,-0.01124023965459875
1236797568,<30_F,0.0,0.8087998395940892,0.8251136344234774,0.016313794829388217
1237029568,40s_F,0.0,0.7597518524063485,0.8089773099348162,0.04922545752846774
1237055552,<30_F,0.0,0.7973471120468375,0.6808994389902729,-0.11644767305656456
1237189184,30s_F,0.0,0.08783248582475445,0.11762958208541745,0.029797096260663
1237250432,30s_F,0.0,0.2473832354093598,0.22927885193562778,-0.018104383473732027
1237413760,<30_F,0.0,0.3451895797153008,0.3932575285260609,0.0480679488107601
1237874048,40s_F,0.0,0.5421406987766356,0.45773678502155485,-0.08440391375508077
1238024384,30s_F,1.0,0.07341239591909603,0.08938661679391652,0.01597422087482049
1238081920,60+_F,0.0,0.8204330255824271,0.818301835193687,-0.0021311903887401007
1238313920,30s_F,,0.16309722211851865,0.21260651161869173,0.04950928950017308
1238341760,30s_F,,0.8123362802632944,0.8142122640380048,0.0018759837747104324
1238440128,30s_F,0.0,0.8833624827442017,0.8439104705641727,-0.03945201218002903
1238464256,30s_F,0.0,0.13924801486029678,0.18121220521357642,0.04196419035327964
1238469824,60+_F,0.0,0.30163394968672924,0.2994253454615251,-0.002208604225204136
1238555200,50s_F,0.0,0.9024648729503177,0.8562942821612601,-0.04617059078905761
1238635008,30s_F,0.0,0.8238867934516443,0.8735212438844454,0.049634450432801125
1238753792,60+_F,0.0,0.15761709138194097,0.13939287731917108,-0.01822421406276989
1238898560,30s_F,0.0,0.12846476920004002,0.15599165357185446,0.027526884371814442
1239110144,30s_F,0.0,0.07953181007317556,0.0859082803856849,0.006376470312509347
1239167680,30s_F,,0.11964385774832025,0.12778908543543144,0.008145227687111192
1239260480,<30_F,0.0,0.2940752731061776,0.30455219127477595,0.01047691816859836
1239420096,<30_F,0.0,0.05598725464173554,0.10124205792899511,0.04525480328725957
1239449792,40s_F,0.0,0.8707087048067013,0.8857350803644163,0.015026375557715022
1239464640,30s_F,0.0,0.26194378675645763,0.25216450228317205,-0.009779284473285577
1239568576,30s_F,1.0,0.5081123159768384,0.5203323797333581,0.012220063756519739
1240227456,30s_F,1.0,0.9015306038479851,0.9164924495066619,0.014961845658676753
1240240448,50s_F,0.0,0.8013967775712397,0.7536683820707615,-0.04772839550047825
1240427904,40s_F,0.0,0.26753318627702366,0.27022633445774635,0.002693148180722693
1240529984,<30_F,,0.2942293121922998,0.26800915601524883,-0.02622015617705098
1241032960,30s_F,,0.4538435417308086,0.5148471755436044,0.06100363381279578
1241402304,50s_F,0.0,0.5756137143025084,0.6374882058018334,0.061874491499325
1241467264,<30_F,1.0,0.12927781471454936,0.14171810486080538,0.012440290146256028
1241509952,50s_F,0.0,0.7402801929052643,0.7947244366733015,0.05444424376803725
1241645440,40s_F,0.0,0.6519863792132261,0.5880100598275841,-0.06397631938564197
1241708544,40s_F,0.0,0.8805404759370714,0.8905267249261476,0.009986248989076185
1241741952,30s_F,0.0,0.07582560041005633,0.07998141327352877,0.004155812863472441
1241814336,50s_F,1.0,0.8568393468440212,0.8679566636697854,0.011117316825764223
1241886720,50s_F,0.0,0.4550901507393616,0.5034621560841992,0.0483720053448376
1242189248,60+_F,,0.06995136652048578,0.09020769892314615,0.020256332402660365
1242248640,30s_F,0.0,0.09400453116539097,0.12142493368193183,0.027420402516540862
1242424960,<30_F,1.0,0.07789156143070577,0.12966276562431,0.05177120419360423
1242723776,40s_F,0.0,0.5045045697196894,0.42252302382165036,-0.08198154589803902
1242796160,60+_F,0.0,0.11049392871375692,0.14796580565118825,0.03747187693743133
1242857408,<30_F,0.0,0.10157090555161362,0.11990849297900341,0.018337587427389793
1242939072,30s_F,0.0,0.4977820655909322,0.6539576582912529,0.15617559270032066
1243046720,<30_F,0.0,0.4806781895646175,0.5237208769845162,0.043042687419898695
1243687040,30s_F,1.0,0.07369427407068863,0.09598520085833989,0.022290926787651266
1243779840,40s_F,,0.08140438486846634,0.08574772306673192,0.004343338198265587
1243805824,<30_M,0.0,0.16179300064940438,0.1620386245392931,0.00024562388988871864
1244054528,60+_F,0.0,0.6932761098430226,0.59275748101342,-0.10051862882960261
1244069376,30s_F,0.0,0.07448836969484289,0.11573916911211221,0.04125079941726932
1244162176,<30_F,0.0,0.2015776324242786,0.22831960853958594,0.026741976115307348
1244227136,<30_F,0.0,0.15237696516274798,0.1631153932534845,0.010738428090736524
1244360768,60+_M,0.0,0.15289577745902508,0.22149869581191783,0.06860291835289276
1244709696,30s_F,0.0,0.11076452863094158,0.12929446982173504,0.01852994119079346
1244711552,60+_F,0.0,0.2322766500792718,0.23885312466304456,0.006576474583772751
1245002944,30s_F,,0.05878394434791981,0.10882253355117873,0.05003858920325892
1245006656,30s_F,0.0,0.28728255784442636,0.27851870517645144,-0.008763852667974914
1245067904,30s_F,0.0,0.07134582554397258,0.0839801478579492,0.012634322313976626
1245411264,<30_F,0.0,0.7900710082934655,0.730165175688804,-0.059905832604661535
1245420544,50s_F,1.0,0.23259140635441036,0.2363706932687782,0.0037792869143678243
1245489216,40s_F,0.0,0.8868911809783327,0.8998333983081546,0.012942217329821815
1245602432,30s_F,0.0,0.6089195576269197,0.489869413872485,-0.11905014375443473
1245626560,<30_F,,0.709454114990116,0.6733567039236417,-0.03609741106647435
1245732352,30s_F,,0.07868763903314047,0.07783507329343851,-0.000852565739701952
1245823296,50s_F,0.0,0.09140670461773186,0.13166496619940513,0.04025826158167327
1246038592,30s_M,1.0,0.08390203111072797,0.11390402730961982,0.03000199619889185
1246122112,30s_F,1.0,0.18539395807449494,0.20320147970678448,0.017807521632289547
1246159232,<30_F,,0.7818901803758126,0.7602014807336637,-0.021688699642148923
1246355968,40s_F,0.0,0.10470009418439766,0.10221911271800802,-0.0024809814663896423
1246578688,30s_F,1.0,0.07368822889658401,0.09248935918026475,0.018801130283680745
1246903488,<30_F,0.0,0.060807667023044146,0.10760894343037472,0.046801276407330575
1246940608,<30_F,0.0,0.07754920523085576,0.11626241326217485,0.038713208031319085
1246953600,40s_F,0.0,0.2054492926669907,0.19440619330837883,-0.011043099358611863
1247063104,30s_F,0.0,0.827583941783101,0.8035854982206153,-0.023998443562485705
1247103936,<30_F,,0.18774553772538088,0.29775431901974114,0.11000878129436026
1247142912,50s_F,0.0,0.7698667487256344,0.8133204263647847,0.04345367763915031
1247566080,40s_F,0.0,0.07938752421499871,0.13996776998469454,0.060580245769695826
1247642176,40s_F,,0.39469595822558146,0.3030457031532993,-0.09165025507228214
1247731264,<30_F,0.0,0.7363350610142567,0.6407373451544613,-0.09559771585979537
1247749824,<30_F,0.0,0.05589928076273934,0.11066991905096728,0.05477063828822794
1247766528,<30_F,,0.4882446961865215,0.48002398225605947,-0.008220713930462031
1247781376,<30_F,,0.06798173723649638,0.08820928498386199,0.020227547747365612
1247946560,<30_F,0.0,0.20432366006293237,0.20311011138960822,-0.0012135486733241552
1247948416,30s_F,,0.13397804114801157,0.14022212183548163,0.006244080687470066
1248041216,30s_F,0.0,0.8259722591102282,0.8331716204055862,0.007199361295358031
1248176704,30s_F,0.0,0.05601873406873155,0.11038473569238715,0.054366001623655597
1248250944,50s_F,0.0,0.42367256942539155,0.5141275349177925,0.09045496549240095
1248395712,50s_F,0.0,0.34763055113139457,0.3293699037030416,-0.018260647428352983
1248469952,30s_F,1.0,0.34845297941370856,0.3101829116698011,-0.038270067743907454
1248494080,40s_F,0.0,0.09954176674523199,0.1183865325868539,0.01884476584162191
1248505216,<30_F,0.0,0.07836610139742016,0.09284605153435453,0.014479950136934372
1248557184,30s_F,0.0,0.09501885440657577,0.14086922760120113,0.04585037319462536
1248657408,<30_F,,0.09506619564015904,0.11368952648534517,0.018623330845186123
1248783616,40s_F,0.0,0.5169000526641285,0.43363611999757395,-0.08326393266655457
1248887552,30s_F,0.0,0.4552594276848433,0.509507365918289,0.05424793823344576
1248963648,30s_F,0.0,0.2108867367683776,0.21126216185736713,0.00037542508898952276
1249188224,50s_F,0.0,0.08945844936275671,0.1522822093992068,0.0628237600364501
1249190080,30s_F,0.0,0.09193882998592186,0.13445759474396282,0.042518764758040964
1249264320,30s_F,0.0,0.8186781423330904,0.8266272442112133,0.00794910187812281
1249310720,<30_F,0.0,0.5713952760003681,0.5656493990479903,-0.005745876952377826
1249423936,30s_F,1.0,0.4403503443723772,0.4746042059841516,0.034253861611774405
1249795136,30s_F,0.0,0.2923839010554412,0.30900581608021255,0.01662191502477134
1249860096,60+_F,0.0,0.19647183138074123,0.2715346819170634,0.0750628505363222
1250095808,40s_F,0.0,0.10268913085409304,0.1430710496328331,0.04038191877874006
1250268416,60+_F,0.0,0.07524603021574594,0.1027176483223747,0.027471618106628765
1250424320,40s_F,,0.08014946105541927,0.0860387650246591,0.005889303969239826
1250457728,30s_F,0.0,0.2824814317377308,0.3141776956887617,0.03169626395103087
1250520832,50s_F,0.0,0.09735461482236364,0.12600713961040935,0.02865252478804571
1250550528,30s_F,,0.8886597400862172,0.8972176172964262,0.008557877210209064
1250678592,30s_F,0.0,0.8133000257579525,0.7748273435039209,-0.038472682254031554
1250821504,30s_F,0.0,0.8998794704594859,0.9110417733859109,0.01116230292642495
1250899456,50s_F,,0.2061061691697005,0.20351181275414273,-0.0025943564155577747
1251055360,30s_F,,0.43078697227736595,0.4960615272170512,0.06527455493968526
1251205696,60+_F,0.0,0.8773868870753041,0.8984973680681265,0.021110480992822422
1251406144,30s_F,0.0,0.05496711444938879,0.1088956628028794,0.05392854835349062
1251413568,30s_F,1.0,0.07821874261865867,0.10051547278237732,0.02229673016371865
1251693824,30s_F,1.0,0.7471441309777106,0.7929079878784024,0.045763856900691846
1251756928,30s_F,0.0,0.14432185844243495,0.173511278911689,0.029189420469254046
1251872000,40s_F,0.0,0.44198582788990604,0.3556163558575499,-0.08636947203235612
1251881280,40s_F,1.0,0.10924734970257295,0.1296817469435087,0.02043439724093575
1251979648,30s_F,1.0,0.08083040592811966,0.09132256323269894,0.01049215730457928
1253111808,30s_F,1.0,0.8175171544173392,0.8245287530888323,0.007011598671493147
1253195328,<30_F,0.0,0.052596021316247354,0.10859232613736593,0.05599630482111857
1253364224,40s_F,0.0,0.07704223810122085,0.10646909601376821,0.029426857912547358
1253423616,30s_F,1.0,0.08900264530573308,0.1324787488401148,0.04347610353438171
1253609216,<30_F,0.0,0.19236645817775308,0.29960284572832935,0.10723638755057627
1253854208,50s_F,0.0,0.07423348755017743,0.10655594326290452,0.032322455712727086
1254049088,<30_F,1.0,0.3649725861317698,0.34689512533291983,-0.018077460798849976
1254282944,30s_F,0.0,0.4611755420428307,0.4617101277249758,0.00053458568214515
1254702400,<30_F,0.0,0.12033554094405793,0.141714848610759,0.02137930766670107
1255094016,30s_M,0.0,0.1015495394676095,0.1515271389669758,0.04997759949936631
1255277760,50s_F,0.0,0.28789404095165905,0.2958981191683838,0.008004078216724775
1255455936,<30_F,0.0,0.4205155129756741,0.4451898818939166,0.02467436891824254
1255470784,40s_F,0.0,0.08672331414120577,0.09872324520643865,0.01199993106523288
1255474496,30s_F,1.0,0.3615866330141943,0.30476766562109603,-0.056818967393098274
1255745472,40s_F,0.0,0.47926566195859893,0.35496288000737763,-0.1243027819512213
1255801152,30s_F,1.0,0.4990656268305404,0.5673046774059114,0.068239050575371
1256662336,40s_M,0.0,0.08626163424089155,0.11757244780841286,0.031310813567521315
1256808960,30s_F,0.0,0.5228057185224758,0.5219654022033928,-0.0008403163190829899
1256981568,50s_F,0.0,0.8015936262588247,0.8517284672642472,0.05013484100542254
1256983424,30s_F,0.0,0.16025421853294514,0.17840912168138978,0.018154903148444645
1257315648,30s_F,0.0,0.12518585244840977,0.18940922566761856,0.06422337321920879
1257427008,30s_F,0.0,0.19462251814445294,0.225901545530635,0.031279027386182046
1257486400,30s_F,0.0,0.09305094680055934,0.14796737859304726,0.054916431792487924
1257527232,<30_F,0.0,0.2685934961988975,0.2768929957934375,0.008299499594540016
1257723968,40s_F,,0.7864912840145402,0.7163054012306541,-0.07018588278388604
1257813056,30s_F,,0.41670427822474676,0.42858421739310926,0.011879939168362497
1257850176,50s_F,0.0,0.12174878748641231,0.14964785378761472,0.02789906630120241
1257948544,60+_F,0.0,0.4651764430432083,0.4917943775488609,0.026617934505652585
1258288192,30s_F,,0.2869175852893828,0.2754540666593394,-0.011463518630043412
1258507200,30s_F,0.0,0.8681866000644695,0.8804852507047998,0.01229865064033031
1258512768,30s_F,0.0,0.5554787975679197,0.5564969813588174,0.0010181837908976865
1258523904,30s_F,,0.5192899584141977,0.46918366311643844,-0.05010629529775923
1258583296,40s_F,0.0,0.08646615753759264,0.14725658988752893,0.060790432349936294
1258676096,<30_F,0.0,0.19546642757238714,0.25269953104660536,0.05723310347421823
1258828288,<30_F,1.0,0.06594865861850144,0.09778406963603509,0.03183541101753365
1258958208,30s_F,0.0,0.08916536316069307,0.15342281804537566,0.0642574548846826
1259004608,<30_F,0.0,0.11530823878707576,0.15569379918452578,0.04038556039745002
1259008320,<30_F,,0.6104207598522003,0.6029723873880904,-0.007448372464109898
1259325696,30s_M,0.0,0.3257066891954679,0.2858189694723744,-0.03988771972309352
1259470464,<30_F,0.0,0.4885597559909089,0.489575233249652,0.0010154772587431249
1259526144,40s_F,1.0,0.8595051914883599,0.892932749077199,0.033427557588839085
1259576256,<30_F,,0.10057405238866447,0.13308592502491962,0.03251187263625514
1259672768,40s_F,0.0,0.8137942034880514,0.771090990641339,-0.04270321284671241
1259849088,<30_F,0.0,0.42052564622188204,0.3789950670074446,-0.041530579214437424
1259964160,40s_F,0.0,0.8167361847415239,0.8653945254229233,0.048658340681399403
1260010560,30s_F,,0.16380039433526972,0.22143739557591868,0.057637001240648966
1260166464,50s_F,0.0,0.8195596776260043,0.8517743402875172,0.03221466266151285
1260444864,50s_F,0.0,0.27543415484181843,0.2388370189059463,-0.03659713593587213
1260559936,60+_F,0.0,0.8099643786361086,0.8576660530292274,0.04770167439311879
1261202112,<30_F,0.0,0.15626933380043942,0.17490516564482855,0.018635831844389134
1261211392,<30_F,0.0,0.44912865829392146,0.37932304251927995,-0.0698056157746415
1261322752,30s_F,0.0,0.3434433920682447,0.3684179657244031,0.024974573656158405
1261487936,30s_M,1.0,0.0911849909564952,0.09339610819604477,0.002211117239549573
1261541760,50s_F,0.0,0.8651625271407382,0.8976416140770186,0.03247908693628043
1261619712,60+_F,,0.24827042641736038,0.319170385352628,0.0708999589352676
1261666112,<30_F,1.0,0.7745933784173257,0.7729884530286847,-0.0016049253886409875
1262167232,40s_F,,0.8644921216028092,0.8056786632972056,-0.05881345830560358
1262185792,30s_F,0.0,0.4272776436597894,0.4872559363820412,0.0599782927222518
1262235904,30s_F,0.0,0.19246394296370728,0.2022718126900486,0.009807869726341317
1262375104,50s_F,0.0,0.1520311031883464,0.2299017704503181,0.0778706672619717
1262518016,<30_F,1.0,0.6709193775986916,0.7110301719944229,0.040110794395731286
1262519872,50s_F,1.0,0.331008038429648,0.3146245640524631,-0.016383474377184903
1262666496,40s_F,0.0,0.10805666537505906,0.1615035110511793,0.053446845676120236
1262965312,<30_F,,0.5886081244196184,0.5530059362189431,-0.03560218820067529
1263076672,<30_F,0.0,0.2378705950664896,0.2550997933857358,0.017229198319246186
1263143488,30s_F,0.0,0.19539936516585446,0.21221786686159563,0.016818501695741173
1263160192,50s_F,1.0,0.1715429266436651,0.17978364388252577,0.008240717238860662
1263262272,30s_F,,0.07657067647559607,0.08462484658609234,0.008054170110496278
1263414464,<30_F,0.0,0.14722384067611236,0.18832755466688217,0.04110371399076981
1263477568,30s_M,0.0,0.8164667978428811,0.8142364467162886,-0.0022303511265925335
1263483136,40s_F,0.0,0.16800485428494485,0.19760590674519699,0.02960105246025213
1263691008,<30_F,0.0,0.05433485831877739,0.09836898944357872,0.044034131124801326
1263917440,30s_F,0.0,0.09273247932714343,0.11181914860349065,0.019086669276347223
1263921152,50s_F,0.0,0.1718670236047446,0.15449427901005838,-0.017372744594686212
1263948992,40s_F,0.0,0.0884196739312654,0.11780854741405342,0.029388873482788014
1263969408,<30_F,0.0,0.0691325047025421,0.09973474392796244,0.03060223922542034
1264054784,60+_F,0.0,0.2100055666049815,0.17506475429784277,-0.03494081230713872
1264227392,30s_F,0.0,0.4312814249660277,0.562407373256639,0.1311259482906113
1264244096,40s_F,0.0,0.7904244740883806,0.8461196243881898,0.055695150299809204
1264977216,50s_F,0.0,0.3812354194152111,0.2961544741771538,-0.08508094523805732
1265094144,30s_F,0.0,0.7975712108075511,0.8323966392878286,0.034825428480277476
1265142400,30s_F,,0.07607496330898067,0.09040305486373212,0.014328091554751454
1265168384,50s_F,0.0,0.20271888373993702,0.22668750501724969,0.02396862127731267
1265255616,<30_F,0.0,0.24964082066103757,0.3318944460465448,0.0822536253855072
1265340992,<30_F,,0.4073863223545247,0.5173458417350864,0.10995951938056164
1265736320,40s_F,0.0,0.12311502185911749,0.17416170968128708,0.05104668782216959
1265771584,30s_F,0.0,0.25838698005896943,0.2721084326540246,0.013721452595055195
1266131648,<30_F,0.0,0.4287751485743999,0.3773540111403398,-0.05142113743406013
1266165056,50s_F,0.0,0.060942422754768376,0.10590713609318325,0.044964713338414876
1266371072,<30_F,0.0,0.39698999779111555,0.4416921643521563,0.04470216656104076
1266423040,30s_F,0.0,0.4224486254844348,0.3011162475033881,-0.12133237798104668
1266426752,60+_F,0.0,0.39346517066490266,0.4417980910970874,0.048332920432184734
1266924160,40s_F,,0.3282084318827635,0.3201296209783538,-0.008078810904409706
1266974272,30s_F,0.0,0.24502642887492654,0.2611326399434534,0.016106211068526888
1267028096,30s_F,0.0,0.08666376965605677,0.1381504049200925,0.05148663526403574
1267239680,<30_F,0.0,0.17639804500348752,0.19887254720096695,0.02247450219747943
1267313920,30s_F,,0.5591478678939127,0.6491959174461194,0.09004804955220669
1267334336,30s_F,0.0,0.15737072945093641,0.1775535172216085,0.02018278777067209
1267516224,30s_F,0.0,0.0639606179133852,0.11245595539984661,0.04849533748646141
1267616448,30s_F,0.0,0.09274056225131416,0.14565423348400933,0.052913671232695164
1267714816,30s_F,,0.8269951323046314,0.8629189653890758,0.035923833084444357
1267759360,30s_F,0.0,0.7040046528439635,0.7709717378286612,0.06696708498469772
1267761216,30s_F,0.0,0.4534149990956731,0.4143202004677158,-0.03909479862795734
1268011776,30s_F,0.0,0.05420903261618412,0.1088956628028794,0.054686630186695284
1268421952,40s_F,0.0,0.5228723445589566,0.554203476393192,0.031331131834235415
1268627968,40s_M,0.0,0.08723200906655398,0.11322591383214686,0.02599390476559288
1268707776,<30_F,0.0,0.08152617490718425,0.1192805663959446,0.03775439148876035
1268787584,50s_F,0.0,0.3610489588623614,0.3891054205160336,0.028056461653672204
1268928640,<30_F,,0.3465544407308976,0.392889348222199,0.046334907491301425
1269427904,<30_F,0.0,0.4072024919085996,0.4238482185233265,0.016645726614726908
1269823232,40s_F,0.0,0.09824532307884516,0.12666852873262674,0.028423205653781577
1269919744,30s_F,0.0,0.7628849370016029,0.8122869579113459,0.049402020909742994
1270023680,60+_F,0.0,0.20393367057659695,0.22882190416738557,0.024888233590788622
1270051520,40s_F,0.0,0.874725866787883,0.8825564771049091,0.007830610317026143
1270541504,30s_F,,0.5729546823010208,0.6606322507845991,0.08767756848357833
1270719680,30s_F,0.0,0.8870117573724293,0.8950556950060056,0.008043937633576248
1270866304,<30_F,0.0,0.0778175151983488,0.09773372218404319,0.019916206985694393
1270968384,30s_F,,0.10067353945286588,0.10188645050772967,0.0012129110548637911
1271313600,40s_F,0.0,0.6876137033969068,0.8069949636486209,0.11938126025171414
1271515904,30s_F,,0.4148986040058589,0.4498613445131244,0.0349627405072655
1271527040,30s_F,1.0,0.8006118998719381,0.7630962068270424,-0.03751569304489577
1271816576,50s_F,0.0,0.900311814913841,0.9156632935121904,0.0153514785983494
1272508864,40s_F,,0.8910561823291252,0.9143784959582397,0.02332231362911452
1272532992,50s_F,0.0,0.09443585835615664,0.08113667741727636,-0.013299180938880287
1272536704,30s_F,,0.07475665954974067,0.08351191591799559,0.008755256368254916
1272672192,<30_F,1.0,0.5507052712088978,0.5497557786112264,-0.0009494925976714086
1272987712,<30_F,1.0,0.34943696390747014,0.3192899922837298,-0.03014697162374036
1273115776,<30_F,0.0,0.1908541982973942,0.2424961176750055,0.05164191937761131
1273305088,<30_F,1.0,0.24055726165583727,0.26330452551613964,0.022747263860302375
1273344064,30s_F,,0.08060144505757977,0.09244974364541952,0.011848298587839756
1273462848,30s_F,0.0,0.09439761720331574,0.1053089073742782,0.010911290170962457
1273509248,30s_F,0.0,0.18232891175712956,0.2365828740717283,0.054253962314598725
1273765376,40s_F,0.0,0.690126488678977,0.7251747086616944,0.035048219982717455
1273850752,<30_F,1.0,0.17902733498824994,0.19351970181259992,0.014492366824349984
1274385280,<30_F,0.0,0.16683490456771932,0.19837926888851393,0.031544364320794605
1274544896,30s_F,,0.7469488100019163,0.7227261030533285,-0.024222706948587747
1274589440,50s_M,0.0,0.399849588456213,0.6043591753736643,0.20450958691745136
1274721216,40s_F,0.0,0.5059948452777856,0.4663407063371939,-0.03965413894059172
1274741632,<30_F,,0.20434452720916405,0.20732561045307374,0.0029810832439096935
1274799168,60+_F,0.0,0.49496982883815055,0.4734220201620426,-0.02154780867610795
1274895680,30s_M,0.0,0.21146625082193704,0.23792849146712405,0.026462240645187013
1274910528,60+_F,,0.18665895754996356,0.1664719682446778,-0.020186989305285757
1274919808,60+_F,0.0,0.23811224525730587,0.22689665605113316,-0.011215589206172716
1274964352,<30_F,0.0,0.17166492385097776,0.18056017172761066,0.0088952478766329
1275213056,30s_F,1.0,0.8533723727378857,0.8670817742060017,0.013709401468116056
1275305856,50s_F,,0.5510017463087737,0.642139469309628,0.09113772300085421
1275782848,<30_F,0.0,0.06649151961930676,0.10042089326400173,0.03392937364469498
1275784704,30s_F,0.0,0.08614471224378349,0.09467300895824754,0.008528296714464048
1275842240,30s_F,1.0,0.6728398755338272,0.5697296534035136,-0.10311022213031362
1275968448,30s_F,,0.11647151009094105,0.1748589051726675,0.058387395081726454
1276207872,30s_F,0.0,0.12380032594639057,0.146612855107369,0.022812529160978423
1276330368,40s_F,0.0,0.27047145231847886,0.31197366918008446,0.0415022168616056
1276532672,30s_F,0.0,0.05586614788083111,0.08692607527024862,0.031059927389417513
1276890880,40s_F,0.0,0.33301895949031823,0.31131731670341956,-0.02170164278689868
1276924288,<30_F,0.0,0.7434632813970375,0.7793031919342478,0.03583991053721025
1277039360,30s_F,1.0,0.16507844405351466,0.19127343488576806,0.026194990832253406
1277111744,30s_F,,0.06419731429229042,0.08694031295933201,0.02274299866704159
1277163712,30s_F,0.0,0.47388406769900515,0.5681190159817254,0.09423494828272028
1277171136,30s_F,1.0,0.07343166434598762,0.10346286407938568,0.03003119973339806
1277256512,60+_F,1.0,0.1954406477612335,0.20911986595575738,0.01367921819452389
1277297344,30s_F,0.0,0.06313119479092999,0.10612438869123261,0.04299319390030262
1277354880,<30_F,0.0,0.7442782482795558,0.7380087795661051,-0.006269468713450688
1277568320,60+_M,1.0,0.145631381722046,0.1787107259791531,0.033079344257107096
1277674112,30s_F,1.0,0.8926775109343613,0.9077420925254259,0.015064581591064607
1277980352,30s_F,0.0,0.47115034745810136,0.4468955555084736,-0.024254791949627763
1278379392,40s_F,1.0,0.2495701701569866,0.2697476969599345,0.020177526802947904
1278388672,30s_F,0.0,0.5583063859142096,0.4829814502667511,-0.07532493564745846
1278418368,<30_F,,0.558888590587641,0.6334834205099815,0.07459482992234057
1278650368,30s_F,1.0,0.058735131205122616,0.089087189873464,0.03035205866834139
1278785856,30s_F,1.0,0.0774119645572131,0.11829346763486102,0.04088150307764793
1278904640,40s_F,0.0,0.08154932010310993,0.08128343099808795,-0.0002658891050219825
1278913920,30s_F,0.0,0.5866780154041227,0.6431302619714198,0.05645224656729708
1278936192,30s_F,0.0,0.08851871631059348,0.07570624194307853,-0.012812474367514953
1279040128,50s_F,0.0,0.5539320371070304,0.4761481684627901,-0.0777838686442403
1279142208,30s_F,0.0,0.20655683207245307,0.2013828347650104,-0.005173997307442668
1279268416,40s_F,0.0,0.17155487840241102,0.22975655707512266,0.05820167867271164
1279311104,30s_F,0.0,0.5398278138959625,0.45959073294071695,-0.08023708095524551
1279576512,30s_F,0.0,0.45606214161275993,0.5466507448168609,0.090588603204101
1279641472,50s_F,1.0,0.8778052072193347,0.9061542413877954,0.028349034168460685
1279695296,40s_F,0.0,0.09492040651131414,0.08890678291369204,-0.0060136235976221
1279728704,30s_F,0.0,0.30445826501773465,0.25217543278963217,-0.05228283222810248
1280201984,<30_F,,0.08251826713665034,0.09971177998729347,0.017193512850643133
1280233536,60+_M,1.0,0.9021247736883901,0.8961396465764662,-0.005985127111923894
1280359744,50s_M,0.0,0.6268825090481456,0.7457793575751437,0.11889684852699811
1280415424,30s_F,0.0,0.7111056935575146,0.7131544629370018,0.0020487693794871698
1280671552,30s_F,0.0,0.19405531347961155,0.22873384524873563,0.03467853176912408
1280931392,40s_F,1.0,0.8851051545683302,0.8947130940881773,0.009607939519847175
1280996352,40s_F,0.0,0.25603011543425735,0.25875693892725765,0.0027268234930002966
1281180096,30s_F,,0.45200162493777185,0.44787265376228097,-0.004128971175490881
1281460352,30s_F,0.0,0.3334275793468666,0.3235494149614877,-0.009878164385378918
1281486336,40s_F,1.0,0.9031397565188741,0.8882147511280373,-0.014925005390836854
1281634816,30s_F,,0.09502328633395192,0.12950474939891116,0.034481463064959236
1281712768,60+_F,1.0,0.10410384628920928,0.13933473179788317,0.035230885508673884
1281931776,40s_F,0.0,0.39100072403047226,0.42986404299004155,0.03886331895956929
1281983744,40s_F,0.0,0.2429584461798692,0.24266249816835206,-0.0002959480115171387
1282067264,<30_F,0.0,0.2772278062185314,0.38304829581528743,0.10582048959675605
1282074688,30s_F,,0.36422148139702565,0.37065619244930376,0.006434711052278108
1282141504,30s_F,1.0,0.5882463036823453,0.6080012285760383,0.019754924893693016
1282308544,30s_M,0.0,0.22572860141031895,0.26513463187828523,0.039406030467966285
1282477440,<30_F,0.0,0.24564624127356516,0.27758045101955414,0.031934209745988984
1282494144,50s_F,,0.08628668641587275,0.09661852882762875,0.010331842411755998
1282575808,30s_F,0.0,0.1305677942299207,0.1550998378879955,0.024532043658074792
1282748416,60+_F,,0.3623191386694775,0.3023728646534735,-0.059946274016004
1282880192,30s_F,0.0,0.15649187718155816,0.1742037602151109,0.017711883033552728
1283039808,<30_F,0.0,0.7742857418845029,0.7866252241035214,0.012339482219018483
1283084352,<30_F,,0.1074419573249796,0.14051223397541754,0.033070276650437935
1283121472,60+_M,0.0,0.8966851914953832,0.9150729064991652,0.018387715003782
1283151168,40s_F,0.0,0.8711178117448604,0.8883404170548553,0.017222605309994976
1283208704,30s_F,1.0,0.18770833338182985,0.14977480002204918,-0.03793353335978067
1283214272,60+_F,1.0,0.08206731593365482,0.10344054272618805,0.02137322679253323
1283336768,40s_F,,0.5244748513240364,0.4489501471449535,-0.07552470417908286
1283416576,30s_M,,0.5218149052069623,0.47290455908411255,-0.048910346122849724
1283591040,<30_F,,0.7041152665029327,0.752019411743906,0.047904145240973306
1283592896,30s_F,0.0,0.08794929627888803,0.1377848895957726,0.04983559331688456
1283733952,30s_F,0.0,0.06325441186398897,0.08332475223391839,0.020070340369929413
1283945536,50s_F,0.0,0.3556230644782496,0.33019327613697075,-0.025429788341278847
1283954816,30s_F,0.0,0.6720342319416442,0.6426252937307823,-0.02940893821086199
1283980800,40s_F,0.0,0.7247304549147688,0.7345506546559777,0.009820199741208846
1283997504,30s_F,0.0,0.875489284784154,0.8842731163238298,0.008783831539675768
1284016064,40s_F,0.0,0.4656849878891616,0.4463239107116667,-0.019361077177494856
1284160832,40s_F,0.0,0.1435163125259465,0.1927717663082449,0.049255453782298425
1284298176,30s_F,1.0,0.12174900745159853,0.122376577868958,0.0006275704173594743
1284314880,30s_F,0.0,0.11417229999537971,0.13369140463659168,0.019519104641211968
1284376128,<30_F,1.0,0.8462044349052171,0.8013664711414011,-0.04483796376381599
1284457792,40s_F,1.0,0.7409267825252573,0.7656637876424134,0.02473700511715604
1284571008,50s_F,0.0,0.06355893552327427,0.10475456246282863,0.041195626939554364
1284589568,30s_M,0.0,0.18120333096738037,0.18120126278852083,-2.0681788595322548e-06
1284591424,30s_F,0.0,0.8941137493787966,0.8909363859951722,-0.0031773633836243986
1284619264,30s_F,1.0,0.3230250254455267,0.28942442081448094,-0.03360060463104575
1284699072,30s_F,0.0,0.8692244874160204,0.8257053618803412,-0.04351912553567927
1284743616,<30_F,0.0,0.24173904552013034,0.23077648218745517,-0.010962563332675174
1284793728,50s_F,1.0,0.4541740624611229,0.4780419010609263,0.023867838599803404
1284847552,<30_F,0.0,0.5089126190740919,0.5087254084937289,-0.0001872105803629731
1285183488,30s_F,0.0,0.10807831974075227,0.1315613744879656,0.023483054747213322
1285215040,30s_F,0.0,0.8944704158151411,0.9050230974088476,0.010552681593706481
1285281856,<30_F,1.0,0.8542146428650846,0.8297643984541945,-0.024450244410890165
1285545408,50s_M,0.0,0.8647025583329756,0.8958708595014302,0.031168301168454593
1285708736,40s_F,,0.9102104011998597,0.9197978213116269,0.009587420111767164
1286276672,50s_F,0.0,0.5023539217423337,0.6261237946086594,0.12376987286632568
1286324928,60+_F,0.0,0.3588181272361154,0.314548898675418,-0.04426922856069737
1286373184,30s_F,1.0,0.3342565544360745,0.3188518270099975,-0.015404727426077014
1286484544,30s_F,0.0,0.10967011186000797,0.1615036648145779,0.05183355295456993
1286488256,<30_F,0.0,0.0653768971836773,0.11032184678612598,0.044944949602448686
1286530944,30s_F,1.0,0.08101801181545437,0.12068569060905814,0.039667678793603764
1286779648,40s_F,0.0,0.08844925499816579,0.09353302852239356,0.005083773524227772
1286798208,30s_F,0.0,0.49525404120738187,0.4510099995385913,-0.04424404166879059
1286954112,50s_F,0.0,0.0747642062067606,0.08845222019542134,0.01368801398866075
1286957824,50s_M,,0.07448127531826096,0.08181560997476332,0.007334334656502364
1287113728,40s_F,1.0,0.231511675089516,0.26333706958625536,0.03182539449673935
1287258496,<30_F,0.0,0.07730283979826288,0.13255050809694083,0.05524766829867794
1287280768,30s_F,0.0,0.3806828210330337,0.3367924508067823,-0.04389037022625142
1287462656,50s_F,0.0,0.7976046513766635,0.8522532223857539,0.054648571009090374
1287668672,<30_F,0.0,0.05583108764305038,0.1118086602085685,0.05597757256551812
1287826432,<30_F,1.0,0.3411440942840923,0.3087575467331584,-0.0323865475509339
1287861696,40s_F,1.0,0.30805660202356244,0.32004729666702114,0.0119906946434587
1288251456,30s_M,1.0,0.5172077628730833,0.5323833089662063,0.015175546093122994
1288255168,30s_F,0.0,0.1777234839990599,0.1695589486976291,-0.008164535301430798
1288303424,50s_F,0.0,0.32400831990858164,0.32538945572772593,0.0013811358191442857
1288327552,30s_F,0.0,0.057277420038889096,0.1104693914246803,0.05319197138579121
1288398080,40s_F,0.0,0.8201161423651665,0.8345166044492772,0.014400462084110721
1289387328,30s_F,0.0,0.7400712192417592,0.7873201525152553,0.04724893327349611
1289430016,30s_F,,0.12868788434485315,0.14295134400087828,0.01426345965602513
1289439296,40s_F,0.0,0.9081730985993609,0.9240898544496966,0.015916755850335695
1289650880,<30_F,0.0,0.31755364744246956,0.3618239699016376,0.044270322459168066
1290118592,30s_F,1.0,0.0931863338798891,0.11308328773723682,0.019896953857347716
1290267072,30s_F,0.0,0.09422117353173252,0.1439382405015545,0.04971706696982196
1290415552,30s_F,0.0,0.14699724265453845,0.20578386477117477,0.05878662211663632
1290508352,30s_F,0.0,0.4795680842075534,0.5368203060998401,0.05725222189228668
1290675392,50s_F,,0.8986240133981923,0.9180659527300631,0.019441939331870772
1290712512,30s_F,0.0,0.3197209893584027,0.3736158930464542,0.0538949036880515
1290857280,60+_M,0.0,0.060679093005480376,0.08839402649638788,0.0277149334909075
1290942656,30s_F,0.0,0.7684320655617524,0.6531981373060538,-0.11523392825569856
1291139392,40s_F,1.0,0.6709242607021207,0.6765580491217523,0.00563378841963158
1291183936,<30_M,0.0,0.05800380626482445,0.10640073148265226,0.04839692521782781
1291226624,30s_M,0.0,0.08846641183410041,0.13337089352724926,0.044904481693148854
1291466048,<30_F,1.0,0.11622624224660544,0.12628067004661195,0.01005442780000651
1291764864,30s_F,0.0,0.3988019002195165,0.5311684073281969,0.13236650710868042
1291959744,30s_F,0.0,0.06249286207384469,0.10644253218794754,0.04394967011410285
1292145344,30s_F,0.0,0.5815601199074244,0.6844345881295324,0.102874468222108
1292843200,30s_F,0.0,0.08809962232593391,0.08408262370437121,-0.004016998621562698
1292921152,<30_F,0.0,0.3091097372330836,0.3465436812207885,0.03743394398770489
1292952704,30s_F,1.0,0.7603861067721637,0.7158898303893424,-0.044496276382821276
1293407424,30s_F,0.0,0.743527746752571,0.7642003923026359,0.020672645550064872
1293418560,50s_M,0.0,0.8875250390425687,0.9146780365416223,0.027152997499053533
1293695104,40s_F,1.0,0.734811872125797,0.7799664816086433,0.04515460948284633
1293774912,30s_F,0.0,0.7152140035631034,0.6769157011330378,-0.0382983024300656
1293787904,60+_F,0.0,0.18762902093743045,0.17347279265070262,-0.014156228286727829
1293891840,<30_F,0.0,0.08990039322863616,0.1497959792068543,0.05989558597821815
1294396672,<30_F,0.0,0.09968718092759843,0.11088063980796221,0.011193458880363785
1294444928,<30_F,0.0,0.6670444292546798,0.6571190035362338,-0.009925425718446013
1294572992,30s_F,,0.23768305164880052,0.28713503764942255,0.049451986000622034
1294712192,60+_F,,0.8676650064271785,0.8688103951868663,0.0011453887596878376
1294797568,40s_F,0.0,0.10296861082469923,0.14526526847336138,0.04229665764866215
1294849536,<30_F,,0.8811353025446632,0.8289094798488301,-0.05222582269583309
1294981312,<30_F,,0.07584568598668426,0.09951057453550118,0.023664888548816918
1295074112,30s_F,0.0,0.26029117573302096,0.25230263687407845,-0.007988538858942518
1295274560,60+_F,,0.12042392796392276,0.09581708804488265,-0.024606839919040113
1295584512,30s_F,0.0,0.06250244589426082,0.1002393951622233,0.03773694926796248
1295643904,60+_F,0.0,0.8261998288944828,0.8503068954040844,0.024107066509601593
1295738560,40s_F,0.0,0.933885683344275,0.8983693320449514,-0.03551635129932362
1296106048,30s_F,0.0,0.44247797184175114,0.3952571787251313,-0.047220793116619864
1296115328,30s_F,1.0,0.6717180372214275,0.6079585444162321,-0.06375949280519544
1296284224,<30_F,1.0,0.18620713293224356,0.15404039259626218,-0.03216674033598138
1296286080,30s_F,,0.7995828221989797,0.816444637438955,0.01686181523997532
1296545920,40s_F,,0.3721559160379106,0.3450444507996632,-0.027111465238247368
1296570048,30s_M,0.0,0.07670401346602215,0.08062346011116953,0.003919446645147373
1296768640,30s_F,1.0,0.3572706856784083,0.36645572558580963,0.009185039907401327
1296789056,30s_F,0.0,0.0559406610760658,0.10727515508177687,0.05133449400571107
1296876288,<30_F,0.0,0.07503383185818953,0.1123666717273295,0.037332839869139975
1296887424,30s_F,1.0,0.07474171450025756,0.09469739187406892,0.019955677373811362
1296956096,40s_M,0.0,0.3169097246625388,0.30535940807764883,-0.011550316584889975
1297034048,40s_F,0.0,0.21349085242761615,0.22662631935497338,0.013135466927357231
1297112000,<30_F,0.0,0.5553838231262921,0.6166618790601757,0.06127805593388358
1297292032,40s_F,1.0,0.22088596192616008,0.20960666261237854,-0.011279299313781549
1297342144,40s_F,1.0,0.7470894610353881,0.8008144419124121,0.05372498087702404
1297408960,30s_F,,0.08286115816070533,0.15971393321315955,0.07685277505245422
1297414528,<30_F,0.0,0.19643974670572573,0.23817815943060372,0.041738412724877993
1297440512,30s_F,0.0,0.33375056907299,0.23155364938995945,-0.10219691968303055
1297850688,30s_M,,0.8103631191734335,0.85723931588595,0.04687619671251653
1298071552,30s_F,0.0,0.08613506503169426,0.10308754011415747,0.01695247508246321
1298246016,<30_F,0.0,0.0611404563375038,0.11015749612541141,0.04901703978790761
1298249728,40s_F,0.0,0.6129260197977155,0.5635990537531831,-0.04932696604453246
1298260864,50s_F,0.0,0.8471008329967834,0.8909915221896659,0.043890689192882526
1298288704,30s_F,1.0,0.789871349209792,0.7784809584106773,-0.011390390799114636
1298327680,60+_M,1.0,0.29868990805388296,0.340520642177475,0.04183073412359206
1298333248,30s_F,0.0,0.8406976252538578,0.8629565272575848,0.022258902003726933
1298353664,40s_F,0.0,0.8633247544550077,0.8966011034115424,0.03327634895653475
1298507712,<30_F,1.0,0.2870473595074915,0.24899403858686664,-0.038053320920624856
1298873344,30s_F,0.0,0.09034875456607828,0.12462019585348522,0.03427144128740693
1298997696,<30_F,1.0,0.4245306370349353,0.4368557787620361,0.012325141727100752
1299380032,30s_M,1.0,0.10221340093438719,0.14953334398515172,0.047319943050764535
1299417152,<30_F,0.0,0.21995032741026432,0.24254788323045498,0.022597555820190657
1299543360,<30_F,0.0,0.3916827733775219,0.3060306798403553,-0.08565209353716657
1300495488,<30_F,1.0,0.6351594465893791,0.6270244960823135,-0.008134950507065586
1300677376,30s_F,0.0,0.06888336080882501,0.08274615747098611,0.0138627966621611
1300894528,30s_M,1.0,0.7438156129809141,0.7824095107999842,0.03859389781907008
1300900096,<30_F,0.0,0.6975797267008553,0.6841240455574501,-0.01345568114340523
1301007744,50s_F,1.0,0.08827156586205102,0.0900351485590444,0.0017635826969933793
1301011456,40s_F,0.0,0.3358395932906753,0.3179958465716287,-0.017843746719046594
1301325120,30s_F,0.0,0.8018942026900555,0.8144280645676244,0.012533861877568886
1301345536,30s_F,0.0,0.8992423424656475,0.9078531581947483,0.00861081572910083
1301707456,<30_F,,0.0869975776656679,0.12710868696992514,0.040111109304257236
1301792832,50s_M,0.0,0.0687490339942764,0.10133984034012938,0.032590806345852985
1302011840,<30_F,1.0,0.06889700217727557,0.11354590771992613,0.044648905542650566
1302022976,<30_F,,0.2444123872340053,0.24505677944796378,0.0006443922139584835
1302078656,40s_M,1.0,0.31743059900075865,0.3996111173909545,0.08218051839019586
1302097216,30s_F,0.0,0.09903702205577122,0.12394396085762169,0.024906938801850464
1302190016,<30_F,0.0,0.26870713791966094,0.32299699220600603,0.054289854286345085
1302201152,30s_F,,0.7684742526444406,0.8462984877938591,0.0778242351494185
1302243840,30s_M,0.0,0.27313527676205335,0.2902511174281807,0.01711584066612737
1302490688,<30_F,1.0,0.4970340987285071,0.5441278679649115,0.047093769236404404
1302772800,30s_F,0.0,0.24912730886997012,0.2762446433277643,0.027117334457794212
1302897152,<30_F,1.0,0.1938373223259763,0.2913043813922896,0.09746705906631328
1303587584,<30_F,0.0,0.46068347532349435,0.4971792727489578,0.03649579742546344
1303995904,30s_F,,0.6052439834905755,0.7492265068283475,0.14398252333777195
1304274304,50s_F,,0.27046292484409745,0.2929791784925812,0.022516253648483753
1304626944,40s_F,0.0,0.38087191682495425,0.36695363303638406,-0.013918283788570185
1304645504,40s_F,1.0,0.4515750914125403,0.3632242242363129,-0.08835086717622742
1304673344,<30_F,1.0,0.05664411561517986,0.07859315168672136,0.0219490360715415
1304734592,<30_F,1.0,0.302666873800903,0.2278254501580605,-0.07484142364284252
1304786560,50s_F,0.0,0.1228235225704677,0.15100405290231178,0.028180530331844075
1304886784,50s_F,1.0,0.8730940733763954,0.8592129309716537,-0.013881142404741698
1304899776,30s_F,0.0,0.06826602102001027,0.08747505718603923,0.019209036166028967
1305178176,30s_F,0.0,0.5098787991194071,0.44955241424776987,-0.06032638487163727
1305417600,30s_F,,0.31792689626645365,0.28487917572324745,-0.033047720543206205
1305432448,<30_F,,0.1417744408579308,0.1489035776429445,0.007129136785013701
1305439872,<30_F,0.0,0.19872110644906382,0.2458837631114309,0.047162656662367075
1305530816,40s_F,1.0,0.3835928313834326,0.30335990787497064,-0.08023292350846195
1305547520,30s_F,0.0,0.6023943293485698,0.6342831465887242,0.031888817240154355
1305753536,60+_F,0.0,0.7235324137398993,0.706149472886537,-0.01738294085336234
1305879744,<30_F,0.0,0.3304494757396535,0.28354272948029663,-0.04690674625935687
1306206400,<30_F,0.0,0.30831533943026246,0.32503634785570107,0.01672100842543861
1306217536,30s_F,0.0,0.15963328035539692,0.15674510544198184,-0.002888174913415087
1306507072,<30_F,0.0,0.0671958411561546,0.10635543582355676,0.03915959466740217
1306941376,30s_F,1.0,0.1954716674086494,0.2942696822986339,0.09879801488998446
1307362688,30s_F,0.0,0.6867940241359957,0.6769594981783643,-0.009834525957631346
1307513024,<30_F,,0.12940196963694534,0.14973612137320494,0.020334151736259604
1307678208,40s_M,1.0,0.6659420006769546,0.7017511256526018,0.035809124975647144
1307732032,30s_F,1.0,0.4254336716952561,0.43592294165010775,0.010489269954851665
1307772864,40s_F,1.0,0.2551399260688691,0.2861127996163183,0.03097287354744921
1308064256,30s_F,1.0,0.2155411693574897,0.28081292723853774,0.06527175788104803
1308181184,<30_F,1.0,0.09513442362090391,0.13118461215497254,0.03605018853406863
1308340800,30s_M,1.0,0.0916751090834945,0.10666764059907143,0.014992531515576932
1308606208,30s_F,0.0,0.8476917404908093,0.850703471012591,0.003011730521781719
1308656320,30s_F,0.0,0.7686204544075522,0.697774383298455,-0.07084607110909724
1308671168,30s_F,0.0,0.1023181930850718,0.10555366020103836,0.0032354671159665616
1308801088,50s_F,0.0,0.683931561404353,0.6494833942965405,-0.03444816710781251
1308919872,40s_F,1.0,0.8905629885817364,0.9093965824288951,0.01883359384715866
1308979264,<30_F,1.0,0.8763816864393269,0.8099474575148851,-0.06643422892444184
1309667840,40s_F,,0.08128683841640677,0.08648085458545139,0.005194016169044621
1309962944,40s_F,1.0,0.697924567910372,0.7615596917205614,0.06363512381018932
1310454784,50s_F,0.0,0.5937885010588494,0.723308391555982,0.12951989049713264
1310480768,<30_F,0.0,0.42568286661353133,0.4351150556784403,0.009432189064908947
1310512320,<30_F,0.0,0.05698036153350716,0.10962090581741672,0.05264054428390956
1310517888,30s_F,0.0,0.17086210573992003,0.1866017794573776,0.015739673717457575
1310636672,30s_F,0.0,0.1025762485530766,0.12716690421377663,0.02459065566070004
1310733184,40s_F,0.0,0.3327877925885543,0.32225655825754124,-0.01053123433101305
1310755456,<30_F,1.0,0.1643831219804959,0.20633993683053592,0.04195681485004002
1310757312,40s_F,0.0,0.09041567198700068,0.1089436002455862,0.018527928258585527
1310764736,<30_F,0.0,0.8135759294503779,0.6754585800749437,-0.13811734937543418
1310920640,40s_F,0.0,0.36043772612149305,0.43411207289081444,0.07367434676932139
1311243584,30s_F,,0.0717333920819058,0.07178385751691801,5.046543501222023e-05
1311251008,30s_F,,0.2832048166685718,0.2885979257283335,0.005393109059761703
1311477440,30s_F,0.0,0.6818814200867093,0.64033333131087,-0.041548088775839265
1311531264,30s_F,0.0,0.7182836507773984,0.7401696073840874,0.021885956606689017
1311624064,50s_F,0.0,0.09546782986351475,0.12710824721355132,0.03164041735003657
1311831936,60+_F,0.0,0.40758842617133334,0.3242643170979612,-0.08332410907337212
1311896896,<30_F,1.0,0.8807906073776504,0.8087536862142869,-0.07203692116336347
1311980416,30s_F,0.0,0.8179119491950927,0.8680193243117962,0.05010737511670349
1312114048,50s_F,0.0,0.07957934322634488,0.09901509725339631,0.01943575402705143
1312128896,30s_F,0.0,0.09244460021864674,0.11877609886865675,0.026331498650010013
1312681984,50s_F,0.0,0.5825428968805236,0.598167162065531,0.015624265185007369
1312739520,30s_F,0.0,0.42299086765889404,0.5037950271129026,0.08080415945400854
1312810048,30s_F,0.0,0.27852815342560083,0.2821727610329406,0.003644607607339756
1312975232,40s_F,0.0,0.22315593376029563,0.2533959419102181,0.030240008149922448
1313296320,60+_F,0.0,0.44524920459771933,0.3217834419819692,-0.12346576261575015
1313572864,30s_F,0.0,0.7586989501401559,0.728454586940268,-0.03024436319988788
1313678656,30s_F,0.0,0.08179940066304205,0.10337894351866966,0.021579542855627618
1313901376,<30_F,0.0,0.07310232808345044,0.11503482718097428,0.04193249909752385
1313988608,<30_F,0.0,0.18957343116562148,0.22706520038286332,0.037491769217241844
1314183488,30s_F,0.0,0.5658293654407937,0.5770816737479904,0.011252308307196701
1314239168,40s_M,,0.2635422937805685,0.2647148912885381,0.0011725975079696083
1314422912,<30_F,,0.20295349208868343,0.2139836146806682,0.01103012259198477
1314439616,30s_F,0.0,0.2831793084441497,0.29134070172528986,0.008161393281140183
1314450752,40s_F,,0.8263995481433788,0.8602075778589129,0.033808029715534094
1314552832,40s_F,0.0,0.8592469783072997,0.8297943793704101,-0.029452598936889562
1314725440,<30_F,,0.09608956429658402,0.1309386896538546,0.03484912535727058
1314786688,30s_F,0.0,0.6873433255698407,0.7055358003440965,0.018192474774255785
1314807104,<30_F,0.0,0.4821247938395028,0.47260757286417016,-0.009517220975332641
1314968576,40s_F,1.0,0.0939660887321524,0.129463106126376,0.03549701739422359
1315122624,50s_F,0.0,0.23752840257459062,0.2400394274904817,0.002511024915891086
1315191296,30s_F,0.0,0.7294499723022771,0.6553245923263517,-0.0741253799759255
1315289664,30s_F,0.0,0.879820002350733,0.897312035467803,0.01749203311707004
1315295232,30s_F,,0.06460977442296825,0.1069047810393767,0.04229500661640845
1315378752,30s_F,0.0,0.16139372077817427,0.17506739674292315,0.013673675964748888
1315512384,30s_F,1.0,0.12173670545520351,0.13315055835048975,0.011413852895286236
1316316032,<30_F,0.0,0.2380979062953748,0.23786807737094726,-0.00022982892442754976
1316338304,<30_F,,0.07943446895223691,0.13013657877723533,0.050702109824998426
1316592576,<30_F,1.0,0.11823637520566471,0.15455548806378297,0.03631911285811826
1316681664,50s_M,0.0,0.08790504490129994,0.12675963834945222,0.038854593448152286
1316804160,30s_F,,0.9023538312246907,0.9169380853437784,0.014584254119087703
1316906240,30s_F,,0.5238139884991926,0.5188382856453262,-0.004975702853866393
1316921088,<30_F,1.0,0.36996228543094895,0.44483199107980703,0.07486970564885809
1316934080,40s_F,0.0,0.5289708391747269,0.5810012482562962,0.05203040908156931
1316993472,30s_F,0.0,0.542151085463749,0.533093571441637,-0.009057514022111968
1317049152,<30_F,0.0,0.06246144797417183,0.0969150015800102,0.03445355360583836
1317199488,30s_F,0.0,0.06478132735913042,0.09790002692904327,0.033118699569912854
1317218048,50s_F,,0.19970086539067564,0.24119149534131265,0.041490629950637015
1317390656,30s_F,0.0,0.213609156154908,0.22423479874234478,0.010625642587436784
1317451904,30s_F,1.0,0.2915194929099816,0.2673187730923589,-0.024200719817622673
1317613376,30s_F,1.0,0.8502037922542768,0.8801273567980704,0.029923564543793635
1317650496,<30_M,,0.6615790321000611,0.6975433266282157,0.03596429452815464
1317765568,30s_F,,0.19817241486226855,0.21888151231119646,0.020709097448927904
1318322368,40s_F,0.0,0.07713702119399296,0.08654731787780773,0.009410296683814767
1318760384,30s_F,,0.3997552902709308,0.3930667899467266,-0.006688500324204205
1318905152,30s_F,0.0,0.44610795314815666,0.5786754722139098,0.13256751906575315
1319072192,30s_F,0.0,0.456041102894651,0.39543426954938965,-0.060606833345261346
1319267072,<30_F,0.0,0.49620358352533794,0.3951193033241043,-0.10108428020123367
1320735168,<30_F,0.0,0.1599697012545044,0.19475699981008204,0.034787298555577634
1320742592,50s_F,0.0,0.3430755081688261,0.36180586181251245,0.01873035364368636
1320827968,50s_M,1.0,0.2728666137934476,0.28807832111303067,0.015211707319583045
1320894784,50s_F,0.0,0.6367326861875382,0.6622911211398261,0.025558434952287934
1320922624,30s_F,1.0,0.5668839667436337,0.6615413449997729,0.09465737825613918
1321195456,<30_F,0.0,0.05901047566902747,0.09934317209063456,0.04033269642160709
1321202880,<30_F,0.0,0.37743478299306105,0.4428125099715192,0.06537772697845817
1321234432,30s_F,0.0,0.11231020954633963,0.16159350867003447,0.049283299123694835
1321343936,<30_F,0.0,0.059888286935783464,0.10182143382748271,0.04193314689169925
1321514688,30s_F,0.0,0.0666020438358106,0.08422335720546213,0.01762131336965153
1321535104,60+_F,0.0,0.21589985177168738,0.2178651051144417,0.001965253342754325
1321601920,40s_F,0.0,0.08084245183470712,0.08514778115379375,0.004305329319086629
1321609344,60+_F,0.0,0.16764648683440583,0.18229396575629395,0.014647478921888113
1321668736,30s_F,0.0,0.22538585483190168,0.24573048385558605,0.020344629023684363
1321934144,40s_F,0.0,0.07402255709835202,0.09949401942406157,0.025471462325709543
1322034368,<30_F,0.0,0.3217078368663385,0.3306240907708423,0.00891625390450379
1322453824,50s_F,0.0,0.18210682824067992,0.18922038048446854,0.007113552243788623
1322841728,<30_F,0.0,0.0791250912692001,0.08620503841340636,0.007079947144206261
1322943808,30s_F,1.0,0.7780307018647461,0.7938776522782944,0.015846950413548333
1323198080,40s_F,,0.3185841565086786,0.2881628373393109,-0.03042131916936769
1323272320,30s_F,0.0,0.24208555246161803,0.23890460307235387,-0.003180949389264165
1323322432,40s_F,0.0,0.7460062137647471,0.7604161778111377,0.014409964046390611
1323476480,60+_F,0.0,0.11439234876536432,0.14418653928875455,0.029794190523390232
1323482048,30s_F,0.0,0.42546036913626123,0.4420038897392385,0.016543520602977257
1323656512,<30_M,0.0,0.5855334952350743,0.6649333304573891,0.07939983522231486
1323966464,30s_F,,0.08192123134624404,0.14193179431432143,0.060010562968077386
1324126080,<30_F,,0.09072648275793967,0.15528042025239577,0.0645539374944561
1324272704,40s_F,,0.06637550848926692,0.09298043372540585,0.02660492523613893
1324306112,30s_F,0.0,0.061138646877580874,0.10348900765603546,0.04235036077845458
1324491712,30s_F,0.0,0.14636522011656558,0.15203498741605578,0.005669767299490203
1324551104,30s_F,,0.14868483586829462,0.20055923763863684,0.05187440177034222
1324781248,30s_M,0.0,0.5281348448917935,0.545537458917469,0.017402614025675445
1325081920,<30_F,0.0,0.4677045602228116,0.5019766135231456,0.034272053300334004
1325130176,40s_F,0.0,0.868144237093081,0.9002950566058701,0.032150819512789086
1325362176,40s_F,0.0,0.8369807616154483,0.8559889521166067,0.01900819050115843
1325672128,30s_F,0.0,0.7369317289397448,0.7668617922737936,0.029930063334048795
1325867008,30s_F,0.0,0.08771924180514912,0.12195268030178819,0.03423343849663907
1325956096,<30_F,0.0,0.8503583130002546,0.7866230471547062,-0.06373526584554834
1326008064,30s_F,0.0,0.2019128081349274,0.2380027603549778,0.0360899522200504
1326195520,30s_F,0.0,0.6875826313306572,0.6312229008415898,-0.056359730489067394
1326280896,<30_F,0.0,0.07231167952053663,0.13264634293126842,0.06033466341073179
1326609408,30s_F,0.0,0.29075820208532077,0.2891675638982882,-0.0015906381870325892
1326620544,50s_F,0.0,0.16251552818823087,0.17661710527614344,0.01410157708791257
1326915648,30s_F,1.0,0.07260724330107574,0.07832330653312893,0.0057160632320531896
1327054848,50s_F,0.0,0.8661307802627266,0.9052032326152429,0.03907245235251633
1327181056,40s_F,,0.9198504865459306,0.9187824584358105,-0.0010680281101200784
1327205184,30s_F,0.0,0.2274108768400968,0.19857370953818784,-0.028837167301908967
1327548544,40s_M,0.0,0.18819186435689655,0.19432110374331824,0.006129239386421681
1327997696,30s_F,,0.08381671178401484,0.07515276813852494,-0.008663943645489905
1328055232,30s_F,1.0,0.6813824683937308,0.7147574079658263,0.033374939572095474
1328109056,30s_F,0.0,0.07407235502710628,0.10412244591252953,0.03005009088542325
1328181440,30s_F,0.0,0.08137656061550719,0.1327388069206898,0.0513622463051826
1328363328,30s_F,0.0,0.8725161644993296,0.8668067246196458,-0.005709439879683753
1328459840,30s_F,0.0,0.5753029931956383,0.5623953515894662,-0.012907641606172082
1328463552,40s_F,,0.826862360337095,0.8129649729076089,-0.013897387429486097
1328710400,50s_F,0.0,0.11645072906608514,0.15342042854293506,0.036969699476849915
1328712256,30s_F,,0.23483519053225138,0.2128439076379887,-0.021991282894262693
1328792064,50s_F,,0.0580357830486763,0.10502849253580682,0.04699270948713052
1328793920,40s_F,0.0,0.12330156356829136,0.17629216951649443,0.05299060594820307
1328806912,30s_F,,0.10134537219611138,0.10561507072618236,0.0042696985300709756
1329153984,30s_F,0.0,0.07891113923217224,0.09680540666355646,0.01789426743138421
1329309888,30s_F,0.0,0.09532035689363783,0.12386846168131319,0.02854810478767536
1330007744,50s_F,0.0,0.443906680977896,0.4093033904429712,-0.03460329053492478
1330204480,<30_F,0.0,0.42450582260533076,0.37648200793198217,-0.0480238146733486
1330300992,30s_F,0.0,0.15972746335908664,0.16369577724604628,0.003968313886959646
1331329216,30s_F,0.0,0.06495695277135921,0.11217088944451582,0.04721393667315661
1331420160,40s_F,0.0,0.8064404525436241,0.8121802492653374,0.0057397967217133194
1331431296,<30_F,1.0,0.8777508682635041,0.8263312645411756,-0.051419603722328566
1331796928,60+_F,0.0,0.7603811947366279,0.8120761543634951,0.05169495962686721
1332233088,<30_F,0.0,0.8424829273380737,0.8112586852931227,-0.031224242044951
1332325888,40s_F,0.0,0.7591635713157904,0.7864006900471529,0.027237118731362475
1332461376,<30_F,0.0,0.12494251137560676,0.17349336027981374,0.04855084890420698
1332815872,40s_F,,0.7361337783182698,0.752701495011365,0.016567716693095202
1332923520,30s_F,0.0,0.7313097943847612,0.6934412327767747,-0.03786856160798646
1332936512,30s_F,0.0,0.15653463787779848,0.21456303522538786,0.05802839734758938
1333537856,40s_F,0.0,0.1472463792692071,0.1806456687432291,0.03339928947402199
1333556416,<30_F,1.0,0.3875350805453674,0.40263233473563437,0.015097254190266973
1333638080,30s_F,0.0,0.08589750323142648,0.09067953023673889,0.004782027005312411
1333645504,40s_F,0.0,0.07841799721579948,0.11849632288675904,0.040078325670959564
1333719744,50s_F,1.0,0.08275701046862918,0.0897208261393901,0.006963815670760917
1333795840,30s_F,0.0,0.8229363812832934,0.7673969637311702,-0.055539417552123216
1333988864,60+_F,0.0,0.7857555280343185,0.8586264137878001,0.07287088575348166
1334356352,30s_F,0.0,0.7771530023343829,0.7112264075668403,-0.06592659476754259
1334443584,30s_F,0.0,0.11405887922684778,0.153392729525502,0.03933385029865423
1334514112,30s_F,0.0,0.2057373954721531,0.22928081309545967,0.023543417623306556
1334746112,<30_F,0.0,0.06966119558984396,0.09323456551765878,0.023573369927814822
1334820352,50s_M,0.0,0.219718024550881,0.24784104456407208,0.028123020013191086
1334848192,40s_F,0.0,0.2573625675582258,0.24728632874442652,-0.010076238813799265
1334929856,30s_F,1.0,0.32157893025122447,0.40089809554413697,0.0793191652929125
1334942848,50s_F,1.0,0.5182784134566009,0.44045671828652877,-0.07782169517007209
1334965120,<30_F,0.0,0.3503165222442993,0.3741559761996773,0.023839453955377954
1334996672,30s_F,0.0,0.5763868408915108,0.5839955557802816,0.007608714888770796
1335005952,<30_M,0.0,0.07898851263753359,0.12969197096105994,0.05070345832352635
1335403136,<30_F,1.0,0.20910270883931936,0.22253359200022121,0.013430883160901852
1335501504,<30_M,,0.8689030893891178,0.859275213871961,-0.009627875517156714
1335533056,30s_F,0.0,0.1138607666198236,0.13755073405020563,0.023689967430382028
1335575744,30s_M,,0.7351495553798268,0.613495304325014,-0.12165425105481287
1335735360,40s_M,0.0,0.875042533371422,0.9027020138652279,0.027659480493805844
1335759488,<30_F,,0.8853212825305314,0.841866270196119,-0.0434550123344124
1335820736,30s_F,0.0,0.17803549293252943,0.17382239351631273,-0.004213099416216698
1335933952,<30_F,,0.45785534655694404,0.45337508103983687,-0.004480265517107174
1335980352,50s_F,,0.2246099659191717,0.2647293319453127,0.04011936602614097
1335998912,30s_F,0.0,0.10443547332075324,0.1407825850633286,0.036347111742575364
1336154816,<30_M,,0.34158754358796756,0.2752558986198996,-0.06633164496806798
1336479616,30s_F,0.0,0.17612751799372312,0.17245149954263275,-0.0036760184510903626
1336583552,40s_M,0.0,0.4407202119545338,0.5425787960669588,0.10185858411242499
1336982592,30s_F,,0.07531849213830501,0.13180066638041693,0.056482174242111924
1337110656,40s_F,0.0,0.28401234929509456,0.3645262819546797,0.08051393265958512
1337223872,30s_F,,0.8408259278332778,0.8204252847136315,-0.02040064311964629
1337437312,<30_F,,0.05683296536235493,0.09713278677103832,0.040299821408683385
1337452160,<30_F,,0.10738623447342623,0.1433353904303345,0.03594915595690827
1337565376,30s_F,0.0,0.545117143901079,0.48766157743992666,-0.05745556646115235
1337944000,40s_F,0.0,0.19765843376379053,0.22623238680447216,0.028573953040681638
1338372736,40s_F,,0.8897372107854907,0.883143970921774,-0.006593239863716738
1338393152,50s_F,0.0,0.05939878514146285,0.10476682980630274,0.04536804466483989
1339011200,30s_F,0.0,0.3465415246585647,0.35748754663245513,0.01094602197389044
1340041280,40s_F,0.0,0.11744112383110243,0.17317137036769759,0.055730246536595154
1340104384,40s_F,0.0,0.8906898701251811,0.8597644395759874,-0.030925430549193722
1340139648,30s_F,0.0,0.8822870968299538,0.8630720164901785,-0.01921508033977526
1340384640,40s_F,0.0,0.6232110578591916,0.651410125546279,0.028199067687087354
1340447744,30s_F,0.0,0.09678604974645028,0.11938695478795386,0.022600905041503583
1341455552,30s_F,0.0,0.8746016296004601,0.8862391054357888,0.011637475835328703
1342281472,40s_F,1.0,0.5108257393629014,0.44628882788276114,-0.06453691148014029
1342364992,40s_F,0.0,0.9484437643057174,0.9064568738137517,-0.04198689049196569
1342476352,40s_F,0.0,0.16368903329274911,0.19363097380528824,0.029941940512539122
1342823424,40s_F,,0.3753154126785189,0.3365158542640983,-0.03879955841442062
1342893952,40s_F,0.0,0.07164082431167673,0.09094367652364158,0.019302852211964844
1342912512,50s_F,1.0,0.6861413416618887,0.6908714260746723,0.004730084412783664
1342921792,<30_F,1.0,0.8737045124873246,0.8095819768977518,-0.06412253558957282
1342990464,30s_F,0.0,0.08563164658205415,0.11022816828160806,0.02459652169955391
1343267008,50s_F,0.0,0.2902157745190562,0.32760481524887264,0.037389040729816414
1343359808,40s_F,0.0,0.9374879508712769,0.9067613066285708,-0.030726644242706103
1343898048,<30_F,0.0,0.22824491147018328,0.2802424213155436,0.051997509845360335
1344035392,30s_F,1.0,0.14024633633584443,0.14711149062788434,0.0068651542920399045
1344217280,40s_F,1.0,0.06433774066438595,0.08577996259411885,0.0214422219297329
1344319360,40s_F,0.0,0.08186790176282649,0.08464402873134885,0.0027761269685223633
1344350912,30s_F,1.0,0.18665613874542725,0.1911401727159694,0.004484033970542145
1344683136,60+_F,0.0,0.8373220495291617,0.8005746803523616,-0.036747369176800104
1344833472,30s_F,0.0,0.12562953315998254,0.1335397856119732,0.007910252451990646
1345033920,30s_F,0.0,0.5938550653991934,0.7132531085255959,0.11939804312640245
1345045056,30s_F,,0.06285371215656159,0.08098938073532384,0.018135668578762254
1345056192,30s_F,,0.15461881117735687,0.21801465927532665,0.06339584809796978
1345089600,30s_F,,0.07537237305081075,0.08233148899548808,0.006959115944677324
1345360576,50s_F,0.0,0.6346189564334727,0.711241453612995,0.0766224971795223
1345373568,30s_F,0.0,0.07516999644263146,0.09841114088067336,0.0232411444380419
1345375424,<30_F,0.0,0.37361861346938596,0.3857488495774387,0.01213023610805275
1345538752,30s_F,,0.10042303955450863,0.10870223060784355,0.008279191053334925
1345694656,60+_F,0.0,0.3203418075510951,0.27522793709160265,-0.045113870459492444
1345707648,<30_F,0.0,0.09383721307219049,0.1426359379213537,0.048798724849163214
1345937792,40s_F,,0.7535867527836282,0.7905855215087222,0.036998768725094
1345952640,30s_F,1.0,0.0789877222481106,0.07805566152873264,-0.0009320607193779584
1346051008,30s_F,,0.10710465956834775,0.19618118615420638,0.08907652658585863
1346065856,30s_F,0.0,0.464265606969811,0.4341621765642888,-0.030103430405522213
1346349824,30s_F,1.0,0.09640790066550166,0.13025683505523086,0.033848934389729204
1346368384,<30_F,0.0,0.0771666135401457,0.13988609071738226,0.06271947717723655
1346472320,60+_F,,0.756115115258101,0.8233679845364495,0.0672528692783485
1346583680,60+_F,0.0,0.46687857963016355,0.5525565284532867,0.08567794882312318
1346589248,<30_M,0.0,0.10056525164117812,0.118884005795635,0.018318754154456884
1346600384,30s_F,0.0,0.06597927951116422,0.10140673525809424,0.035427455746930014
1346676480,40s_F,0.0,0.20041229555425835,0.2485995540278241,0.04818725847356575
1346819392,30s_M,,0.4946637288710727,0.5571208173295505,0.06245708845847786
1347108928,30s_F,0.0,0.29126739344114094,0.2708229641149585,-0.020444429326182456
1347398464,<30_M,0.0,0.07335771407063743,0.12371746252937978,0.050359748458742346
1347530240,<30_F,0.0,0.08083271508314649,0.08725558359268114,0.006422868509534649
1347621184,50s_F,0.0,0.0850009322955312,0.08647390236214743,0.0014729700666162304
1348029504,30s_F,0.0,0.25089760272356565,0.2560581750238072,0.005160572300241528
1348254080,30s_M,0.0,0.8061850066370116,0.8638745081100244,0.05768950147301277
1348267072,<30_F,0.0,0.6270085558207996,0.6493982175335655,0.022389661712765907
1348603008,<30_F,0.0,0.07720048476396386,0.12043461306432521,0.043234128300361344
1348990912,40s_F,0.0,0.2449988321869797,0.24863841552958807,0.00363958334260836
1349028032,30s_F,,0.07141989625363909,0.10647543431212116,0.035055538058482064
1349046592,<30_F,0.0,0.2348600611083717,0.2578598772537843,0.022999816145412577
1349076288,<30_F,,0.8427311512269536,0.8164856223823845,-0.0262455288445691
1349172800,30s_F,1.0,0.39624951299242,0.39611772489123526,-0.00013178810118474882
1349222912,30s_F,,0.8453579315954326,0.8211323389740426,-0.024225592621390013
1349248896,30s_F,0.0,0.06984026306507932,0.11238317680144061,0.04254291373636129
1349356544,<30_F,0.0,0.06342697827154657,0.10729471523697885,0.04386773696543228
1349440064,<30_M,0.0,0.7907380137017167,0.8087266748706415,0.017988661168924835
1349714752,50s_F,0.0,0.7646858750283569,0.6889793059699559,-0.07570656905840101
1349905920,60+_F,0.0,0.19734453091026297,0.23084598093959915,0.03350145002933619
1350035840,40s_F,0.0,0.5276958825597142,0.5613638009951354,0.03366791843542116
1350072960,40s_F,,0.5180266745423147,0.46034912527018507,-0.05767754927212959
1350574080,30s_F,,0.48320302021696976,0.4685867886039082,-0.014616231613061581
1351038080,<30_F,0.0,0.05103621832784615,0.10953678593288955,0.05850056760504341
1351149440,<30_F,,0.4158363335961825,0.4754730330798809,0.05963669948369843
1351236672,<30_M,,0.6269820119964793,0.5814161585978905,-0.04556585339858876
1351405568,40s_F,0.0,0.09507566534617974,0.10034664377971372,0.005270978433533982
1351502080,30s_F,,0.8408107076358836,0.8675978891471685,0.026787181511284897
1351565184,30s_F,0.0,0.45138067412097044,0.43752601235657373,-0.013854661764396703
1351659840,<30_F,0.0,0.858706379580286,0.7185004394303002,-0.14020594014998577
1351737792,30s_F,0.0,0.0662288713149,0.10024687504985846,0.03401800373495846
1351760064,<30_F,0.0,0.4045720033230479,0.35885685648565896,-0.04571514683738892
1351964224,60+_F,0.0,0.7420171505833344,0.659464097330567,-0.0825530532527674
1352038464,<30_F,0.0,0.7017420795105039,0.6325526312507852,-0.06918944825971873
1352146112,30s_F,0.0,0.21918630752725374,0.23580628011422952,0.016619972586975784
1352173952,30s_F,0.0,0.10941807370362751,0.1280388686219366,0.018620794918309105
1352302016,40s_F,0.0,0.1708387856990773,0.18507620763474242,0.014237421935665129
1352383680,30s_F,,0.3598366689558132,0.3510541221588309,-0.00878254679698226
1352472768,30s_F,,0.25290324038112294,0.2583165513533704,0.005413310972247454
1352508032,60+_F,0.0,0.25531190323261926,0.2456210291589991,-0.009690874073620154
1352532160,40s_F,0.0,0.19993906166954506,0.23982466062726981,0.039885598957724755
1352578560,50s_F,0.0,0.2582760750114407,0.2806603550814204,0.022384280069979723
1352600832,30s_F,0.0,0.3382421858537789,0.31371860324968975,-0.024523582604089156
1352610112,<30_M,0.0,0.27160336062901036,0.28412424699168,0.012520886362669625
1352708480,30s_F,0.0,0.09205418053359843,0.09950747340567707,0.007453292872078646
1352801280,<30_F,0.0,0.3753916274061706,0.4059695299925446,0.030577902586373995
1352836544,<30_F,0.0,0.316822647648791,0.3108745712953586,-0.005948076353432363
1353087104,<30_M,,0.286390587437456,0.281428091587082,-0.004962495850374005
1353495424,30s_M,1.0,0.8579566073025863,0.9087505200194909,0.05079391271690459
1353525120,30s_F,0.0,0.37757502241617963,0.30544375923124795,-0.07213126318493168
1353736704,<30_F,0.0,0.16387853276085532,0.21595843835044487,0.052079905589589554
1353881472,30s_F,0.0,0.2844289014106568,0.3087456186139443,0.024316717203287486
1354109760,30s_F,,0.06879520580783646,0.08377146718280941,0.014976261374972946
1354145024,30s_M,0.0,0.07187183502661236,0.07795015945809088,0.006078324431478516
1354150592,30s_F,,0.2619917828059147,0.2599524090634102,-0.002039373742504458
1354284224,30s_M,0.0,0.09090061639952168,0.14091249758942664,0.05001188118990496
1354369600,40s_F,0.0,0.8921856083574211,0.8991746277146881,0.0069890193572670345
1354813184,40s_F,0.0,0.42838416492612824,0.43192148406257636,0.003537319136448114
1354900416,<30_F,0.0,0.7626394540518935,0.6261826517188155,-0.136456802333078
1354922688,40s_F,,0.12833379791832475,0.1619670479659309,0.033633250047606145
1355013632,30s_F,0.0,0.2039466629209341,0.1871266301399909,-0.01682003278094321
1355279040,30s_F,0.0,0.4062484067540108,0.4908601096799916,0.0846117029259808
1355312448,40s_F,0.0,0.17939612270184851,0.19720939633476456,0.017813273632916043
1355342144,30s_F,0.0,0.06857957305981263,0.11300064080644999,0.04442106774663736
1355356992,<30_F,0.0,0.5499643339909714,0.656922177105314,0.10695784311434253
1355614976,30s_F,0.0,0.09603342899275528,0.13650838770535229,0.040474958712597
1355659520,50s_F,0.0,0.42807798787815865,0.42359806538836126,-0.004479922489797394
1355666944,30s_F,0.0,0.07370301350809853,0.0902642989750061,0.016561285466907563
1355952768,<30_F,0.0,0.15625090381864604,0.20674328729273686,0.050492383474090824
1356171776,40s_M,0.0,0.08674593512726152,0.08410845120884025,-0.0026374839184212656
1356284992,60+_F,0.0,0.8903898761875131,0.8622569925265686,-0.028132883660944463
1356533696,50s_F,0.0,0.5886854450352623,0.6897671313403663,0.10108168630510395
1356671040,30s_F,,0.4392640504331252,0.37438844317750575,-0.06487560725561947
1356691456,<30_M,,0.08221913441057703,0.09251539134262605,0.010296256932049025
1356710016,<30_F,0.0,0.1886091526001578,0.22961412438128395,0.041004971781126165
1356806528,<30_F,0.0,0.12469274829865354,0.16269606606153744,0.038003317762883904
1356906752,40s_F,0.0,0.8839468030290938,0.8691252339302075,-0.014821569098886322
1356973568,30s_F,,0.4094996390904103,0.4363690817879777,0.02686944269756736
1357045952,30s_M,0.0,0.7744594606619151,0.8434402646696992,0.06898080400778417
1357188864,<30_F,0.0,0.10451195598704292,0.16099335028704584,0.056481394300002916
1357200000,<30_F,1.0,0.1656370052679133,0.2041763224836237,0.038539317215710384
1357205568,30s_F,0.0,0.19411019549821648,0.22049489339670028,0.0263846978984838
1357513664,40s_F,,0.8225101889544739,0.7743159833918343,-0.04819420556263965
1357625024,50s_F,0.0,0.2467622621798872,0.28921777200390003,0.04245550982401283
1357643584,40s_F,,0.6198157421065695,0.5368292894265605,-0.08298645268000904
1357682560,60+_F,0.0,0.158851173495577,0.18031120338543694,0.021460029889859927
1357721536,30s_F,0.0,0.08770916708907872,0.10192878492753778,0.014219617838459056
1358024064,30s_F,,0.09678363719169684,0.10558139215202583,0.008797754960328988
1358057472,30s_F,,0.3469255110383973,0.3446121144062063,-0.0023133966321909893
1358256064,40s_F,0.0,0.09860032324003581,0.13754622206193706,0.03894589882190125
1358382272,30s_F,0.0,0.27852695364372243,0.3109032680957087,0.03237631445198624
1358514048,30s_F,0.0,0.574933360269405,0.5992195382661791,0.024286177996774128
1358772032,30s_F,1.0,0.22138229618709027,0.25852050843461144,0.037138212247521174
1359024448,<30_F,0.0,0.19984792803117418,0.21579924052477634,0.015951312493602154
1359278720,60+_F,0.0,0.09259111829499395,0.12196882323859747,0.02937770494360352
1359380800,30s_F,0.0,0.09044083567916732,0.09202021563136688,0.001579379952199561
1359399360,30s_F,0.0,0.08575739928564664,0.07487627882672977,-0.01088112045891687
1359445760,30s_F,0.0,0.2010678620913413,0.19545363817325442,-0.005614223918086886
1359481024,30s_F,0.0,0.6698559737402132,0.8083947830480388,0.13853880930782558
1359512576,60+_F,,0.7602681441123541,0.8121278451119871,0.051859700999632996
1359558976,60+_F,0.0,0.2676541437694566,0.2847214230469514,0.017067279277494796
1359570112,60+_F,0.0,0.08400087136143396,0.1362785211759191,0.05227764981448514
1359635072,<30_F,0.0,0.16771116592840593,0.19072862915976582,0.02301746323135989
1359854080,<30_F,0.0,0.4572655330867908,0.465642382679043,0.008376849592252211
1359961728,40s_F,,0.0798150969587801,0.08462602355293462,0.004810926594154524
1360065664,30s_M,,0.07826264608736856,0.11465261956076846,0.036389973473399895
1360149184,<30_F,0.0,0.09980256847117465,0.13932676779746164,0.03952419932628699
1360292096,40s_F,1.0,0.6150203225337796,0.670243149332262,0.05522282679848245
1360980672,<30_F,,0.12437065903488907,0.16635530160490444,0.04198464257001537
1361244224,<30_M,0.0,0.14216515837027235,0.13745252672656988,-0.004712631643702475
1361324032,30s_F,,0.07226682062269853,0.09190704193138162,0.019640221308683092
1361582016,30s_F,1.0,0.5924131983871898,0.6051938798129308,0.01278068142574107
1361620992,40s_F,0.0,0.08683155318110608,0.12412978806407894,0.03729823488297286
1361875264,30s_F,0.0,0.15443819566452383,0.19044070633822394,0.03600251067370011
1361880832,30s_F,0.0,0.2740874681076454,0.250918602381147,-0.0231688657264984
1361891968,30s_F,0.0,0.08929416243949535,0.12397189430196223,0.03467773186246688
1362608384,30s_F,,0.16136216142168025,0.16679734423043657,0.0054351828087563225
1362617664,30s_F,0.0,0.20583233053089448,0.27039108994768307,0.0645587594167886
1362643648,<30_F,1.0,0.2026556316381649,0.22428179332850529,0.021626161690340373
1363001856,<30_F,,0.37245061553944386,0.42155163017679753,0.04910101463735367
1363105792,<30_F,,0.23577396705844314,0.2611807856019086,0.025406818543465465
1363244992,60+_F,0.0,0.7618553699017536,0.7829507209287512,0.021095351026997555
1363391616,<30_F,1.0,0.7222034861831728,0.7017624996529799,-0.020440986530192884
1363824064,30s_F,0.0,0.1548486824249468,0.18145694685646557,0.026608264431518786
1363842624,60+_M,0.0,0.6026605839787545,0.6689778926030958,0.06631730862434126
1364147008,<30_F,0.0,0.46524279252120676,0.5162365747188686,0.050993782197661874
1364388288,30s_M,,0.07844991486390519,0.08799476843176217,0.009544853567856976
1364399424,<30_F,1.0,0.31243644080621313,0.3992073667059776,0.08677092589976448
1364412416,40s_F,,0.1095887851524415,0.1248402283935039,0.015251443241062396
1364521920,30s_F,0.0,0.0973285741959197,0.09005844816038533,-0.007270126035534369
1364572032,40s_F,0.0,0.06643590905024502,0.09373720587164548,0.027301296821400464
1364685248,<30_F,0.0,0.1227958055141832,0.1598432530033096,0.03704744748912639
1364889408,<30_F,,0.25752351201986295,0.19283405365403908,-0.06468945836582388
1365652224,30s_F,0.0,0.7563279368809682,0.8001213028960172,0.04379336601504902
1366288832,40s_F,0.0,0.10399062958476547,0.1256860335495558,0.02169540396479032
1366576512,50s_F,0.0,0.10652775798361434,0.14160464785396826,0.035076889870353914
1366934720,<30_F,0.0,0.26778906232079386,0.24211266532319442,-0.025676396997599438
1366949568,<30_F,0.0,0.09174685368699671,0.08421227237724631,-0.007534581309750404
1367008960,30s_F,,0.15118223866447372,0.1698536515046743,0.018671412840200574
1367315200,<30_F,1.0,0.14059399509185083,0.13757249236387747,-0.0030215027279733575
1367727232,<30_F,0.0,0.09246802397991498,0.1383736853037582,0.04590566132384323
1367755072,50s_F,1.0,0.8375259989629733,0.8778482454087845,0.04032224644581117
1367916544,50s_F,0.0,0.05841378296059548,0.09323223483381224,0.034818451873216756
1368165248,<30_F,0.0,0.6434576609461331,0.6822215190402816,0.03876385809414851
1368326720,30s_F,0.0,0.38312146336922787,0.3284124528228736,-0.05470901054635424
1368761024,30s_F,0.0,0.139352486870569,0.14479416965447897,0.005441682783909968
1368916928,<30_F,0.0,0.5633336999120142,0.622875385771317,0.05954168585930275
1369057984,30s_F,0.0,0.8453778857500965,0.8671773112376987,0.021799425487602164
1369095104,30s_F,,0.14323408365339327,0.15090042698546693,0.007666343332073666
1369186048,30s_F,0.0,0.5805228481745152,0.6296827346534016,0.04915988647888647
1369282560,30s_M,,0.5046945490033696,0.45701546879127564,-0.047679080212093994
1369299264,50s_F,0.0,0.07473645640696414,0.08687798427665892,0.012141527869694788
1369496000,<30_F,0.0,0.25028281292882754,0.24380248497624737,-0.006480327952580162
1369572096,60+_F,0.0,0.11112425955140184,0.11530528001129177,0.004181020459889925
1369733568,<30_F,,0.06846248213614248,0.08977309646102344,0.02131061432488096
1369976704,<30_M,,0.16018028483767258,0.19602661147497613,0.035846326637303555
1370188288,30s_F,1.0,0.19643093149880297,0.2160420028540545,0.01961107135525153
1370548352,30s_F,0.0,0.06957319728002812,0.10848409130977489,0.038910894029746776
1370782208,40s_F,0.0,0.29101442376026404,0.3322395451880963,0.041225121427832245
1370888000,30s_F,0.0,0.7299173933893308,0.6220828135156818,-0.10783457987364897
1371056896,30s_M,0.0,0.12405833536014799,0.1585054060550909,0.034447070694942905
1371103296,40s_F,0.0,0.06946449882372599,0.08044292926965242,0.010978430445926432
1371591424,30s_F,,0.10310523332798223,0.13592591110860133,0.032820677780619104
1371893952,<30_F,0.0,0.09241533330576587,0.12183174089947105,0.029416407593705174
1372022016,<30_F,1.0,0.062463958851540206,0.08611134193440105,0.023647383082860844
1372088832,30s_F,,0.8608766512838865,0.8182937941490731,-0.04258285713481336
1372105536,40s_F,0.0,0.8751249717577793,0.9120956390442784,0.036970667286499115
1372361664,30s_F,0.0,0.2130887931365642,0.25200149689696194,0.03891270376039774
1372471168,30s_F,,0.8227257803943996,0.859120089468561,0.03639430907416141
1372506432,30s_F,0.0,0.13889198481833234,0.17654496813770823,0.03765298331937589
1372797824,40s_M,,0.11559942464598624,0.13850307285696675,0.02290364821098051
1372814528,30s_F,,0.45325570503646295,0.37233356749132823,-0.08092213754513472
1372942592,30s_F,0.0,0.09110365919892464,0.126351825164312,0.035248165965387365
1372957440,<30_F,1.0,0.07919214863144154,0.08615591024596558,0.006963761614524042
1373159744,<30_F,,0.4522564174118213,0.5759519134901863,0.12369549607836494
1373278528,<30_F,0.0,0.8026607123242823,0.7320494122253058,-0.07061130009897643
1373465984,40s_F,1.0,0.08573285569304359,0.12673390087511296,0.04100104518206937
1373627456,50s_F,0.0,0.9026343425911919,0.9171758338766941,0.014541491285502195
1373755520,50s_F,1.0,0.7451298057109507,0.7101968972998889,-0.03493290841106178
1374264064,30s_M,0.0,0.07192991269021154,0.11266626768359815,0.04073635499338661
1374490496,40s_F,,0.06433192919897535,0.08450934043249303,0.020177411233517684
1374846848,40s_M,0.0,0.4142291485597091,0.49299730684880566,0.07876815828909656
1374921088,<30_F,0.0,0.11285233828927842,0.17016567296445587,0.05731333467517745
1375039872,30s_F,0.0,0.8137804298134355,0.8089512839469338,-0.004829145866501627
1375062144,30s_F,0.0,0.3713134222862081,0.39357912624507096,0.022265703958862848
1375128960,30s_F,,0.0879989489961189,0.13456648527726933,0.04656753628115043
1375229184,<30_F,0.0,0.058934090399940305,0.10814438870588827,0.04921029830594797
1375641216,40s_F,0.0,0.11179219163847108,0.15916132282806997,0.04736913118959889
1375880640,30s_F,,0.07059251795297591,0.1037162283872109,0.03312371043423498
1375923328,30s_F,0.0,0.2644133783143414,0.29318781015742756,0.028774431843086146
1376014272,60+_F,,0.11802986205705082,0.11119570249579436,-0.006834159561256464
1376236992,30s_F,0.0,0.06129134929042792,0.10274151914444024,0.04145016985401232
1376478272,60+_F,0.0,0.09470559763099529,0.11157500658765018,0.016869408956654897
1376506112,<30_F,0.0,0.5823962051328568,0.6864807060399918,0.10408450090713495
1376771520,<30_F,0.0,0.06432493186355948,0.10892324361668654,0.04459831175312706
1376819776,30s_F,0.0,0.7371011533124316,0.6708018596979792,-0.06629929361445241
1376843904,<30_F,0.0,0.7874322962708672,0.7089912055994196,-0.07844109067144756
1376851328,<30_F,0.0,0.4778506255043203,0.5179077890059534,0.040057163501633075
1376873600,<30_F,0.0,0.295459798243042,0.27494370637497945,-0.02051609186806258
1377170560,<30_F,0.0,0.17703035393999383,0.1913254508205547,0.014295096880560854
1377250368,40s_F,0.0,0.113134890624672,0.13030863572835175,0.01717374510367975
1377558464,40s_F,,0.10606874621269037,0.12151909204289722,0.015450345830206852
1377610432,<30_F,0.0,0.0671221265721245,0.08138423626721628,0.01426210969509177
1377896256,<30_F,,0.09891605634055738,0.13225532697308803,0.03333927063253066
1377976064,30s_F,0.0,0.2366895494165854,0.25657830377261137,0.019888754356025967
1378076288,<30_F,0.0,0.5785440271273778,0.5057414570176934,-0.0728025701096845
1378206208,30s_F,0.0,0.1509620617072839,0.18735273732906157,0.03639067562177767
1378445632,<30_F,,0.08499923065147322,0.10927185889159777,0.02427262824012455
1378510592,40s_F,0.0,0.8237193310023403,0.8567054729894708,0.03298614198713046
1378592256,50s_F,1.0,0.07831996766045166,0.08885355069693512,0.010533583036483468
1378766720,<30_F,0.0,0.06058178635177555,0.07706729207303101,0.016485505721255456
1378978304,30s_F,1.0,0.47927690997975475,0.4078796808265212,-0.07139722915323354
1379232576,<30_F,0.0,0.18794021973311847,0.20342496245301944,0.015484742719900968
1379609344,30s_F,1.0,0.8220216078256897,0.8909302062073685,0.06890859838167884
1379624192,30s_F,0.0,0.8053230246440635,0.8438155713841199,0.03849254674005642
1379635328,<30_F,0.0,0.3075131721855497,0.35650330715284073,0.048990134967291044
1379858048,<30_F,0.0,0.10569371556846445,0.14847482402216255,0.042781108453698105
1379956416,50s_F,0.0,0.4367667282948128,0.4248727263317669,-0.011894001963045853
1380158720,<30_F,,0.7543600226893669,0.711644536285014,-0.042715486404352854
1380598592,<30_F,0.0,0.19855372431613266,0.22436765391088895,0.025813929594756285
1380797184,40s_M,,0.6154386867906934,0.744432897189098,0.12899421039840464
1380841728,40s_F,0.0,0.23904483455927827,0.263770565161683,0.02472573060240474
1380875136,30s_M,1.0,0.23283554314046737,0.21866559972429336,-0.014169943416174002
1381285312,30s_F,0.0,0.11293383344094421,0.2045144919012712,0.09158065846032698
1381402240,30s_F,0.0,0.18277155393015476,0.21583979447230692,0.033068240542152155
1381482048,40s_F,0.0,0.1790686628228507,0.19003446932759094,0.010965806504740244
1381535872,30s_F,0.0,0.5329614087964568,0.6273402869851449,0.09437887818868806
1381762304,30s_F,0.0,0.8110838333840523,0.8286410402229317,0.017557206838879402
1381925632,<30_F,0.0,0.11701986312651126,0.14044513917554272,0.023425276049031454
1381964608,30s_F,0.0,0.07115407516656952,0.09766084048133447,0.026506765314764952
1382061120,50s_F,0.0,0.11937528915276527,0.16090690873201643,0.04153161957925117
1382263424,50s_F,1.0,0.17068907095706767,0.17619072677261283,0.005501655815545153
1382408192,50s_F,0.0,0.8322138114485916,0.8935735124798339,0.06135970103124222
1382525120,<30_F,0.0,0.7506008756462039,0.7606853073942061,0.01008443174800222
1382582656,50s_F,0.0,0.8670655873920233,0.9062820135826398,0.039216426190616493
1382738560,40s_F,,0.6377650793124927,0.6610022129328259,0.023237133620333195
1382749696,<30_F,0.0,0.2192320547585581,0.2237982427612743,0.004566188002716215
1382877760,<30_F,1.0,0.17738023634973568,0.20644583346999063,0.029065597120254943
1382920448,<30_F,0.0,0.08811021875028806,0.11055905694772634,0.022448838197438287
1383109760,60+_F,,0.14900473327248387,0.19277166193307632,0.04376692866059245
1383280512,<30_F,0.0,0.0976443408798773,0.1092285132874048,0.011584172407527488
1383297216,<30_F,0.0,0.8623995367706639,0.7862082768261069,-0.076191259944557
1383373312,<30_F,0.0,0.7647532203336198,0.6178634899636718,-0.146889730369948
1383484672,30s_F,0.0,0.07919210230798454,0.07926198165897208,6.98793509875395e-05
1383497664,<30_F,0.0,0.09433961636282735,0.12685124184871355,0.032511625485886195
1383562624,30s_M,1.0,0.34951067494799753,0.377634732305363,0.02812405735736545
1383675840,40s_F,,0.6158647101829005,0.6936258338767054,0.07776112369380495
1383796480,<30_M,,0.6164095678945791,0.5919368236199124,-0.024472744274666725
1383967232,<30_F,0.0,0.08146006314537965,0.11801499360693582,0.03655493046155617
1383985792,<30_F,,0.05477999534162624,0.10135549015912414,0.0465754948174979
1384217792,60+_F,,0.685570286138142,0.6478887559178051,-0.03768153022033682
1384381120,30s_F,0.0,0.6525634551605034,0.7343568716179045,0.08179341645740112
1385030720,30s_F,0.0,0.10978528810730272,0.11838992751861253,0.008604639411309817
1385062272,30s_F,0.0,0.7552426833451684,0.6445958145833842,-0.1106468687617842
1385205184,<30_F,0.0,0.5407524226133268,0.5238414844158814,-0.01691093819744538
1385409344,60+_F,0.0,0.5905825125519187,0.6346567761538914,0.04407426360197264
1385470592,30s_F,0.0,0.07894061326554025,0.11471612665391939,0.03577551338837914
1385526272,<30_F,0.0,0.06034531412922295,0.10515165079732239,0.04480633666809944
1385531840,40s_F,,0.362015617721386,0.3521641786146258,-0.00985143910676023
1385995840,<30_F,1.0,0.26687498729573095,0.3282819048452151,0.06140691754948413
1386092352,<30_F,0.0,0.8721366546839974,0.8064175792826469,-0.06571907540135047
1386109056,30s_F,0.0,0.8608238556533736,0.8522818597201685,-0.008541995933205149
1386181440,60+_M,1.0,0.48295703753388275,0.4639632143534768,-0.018993823180405933
1386183296,<30_F,0.0,0.7244560611059072,0.7295386799915794,0.0050826188856721854
1386268672,<30_F,1.0,0.05924830185356678,0.08614576454003946,0.026897462686472674
1386448704,<30_F,0.0,0.10879987497015463,0.12322460441239802,0.014424729442243392
1386521088,30s_F,1.0,0.11554034047340651,0.1592934316541866,0.04375309118078009
1386634304,60+_F,0.0,0.2589286977513524,0.23837660866630217,-0.02055208908505024
1386812480,40s_F,0.0,0.10695236149845497,0.15275237971627992,0.04580001821782495
1386836608,<30_F,0.0,0.07203179000119138,0.10318298424091193,0.031151194239720556
1386986944,30s_M,,0.37106508237148816,0.35627942271719176,-0.014785659654296401
1387046336,<30_M,0.0,0.5184901432450778,0.4987182772240105,-0.019771866021067286
1387137280,<30_F,0.0,0.07751860076494117,0.14055518115926474,0.06303658039432357
1387187392,30s_M,,0.41697416110034696,0.30990201313121374,-0.10707214796913322
1387358144,40s_F,0.0,0.3138356827440767,0.36797221985166056,0.05413653710758387
1387382272,<30_M,0.0,0.2084584653197069,0.2459642279786561,0.0375057626589492
1387571584,40s_F,0.0,0.3187578118794409,0.3658640534348913,0.0471062415554504
1387643968,60+_F,0.0,0.4411995045591791,0.5450647537507433,0.10386524919156415
1388030016,30s_M,,0.14107594042475635,0.1827883361263406,0.04171239570158425
1388124672,<30_F,1.0,0.05717316111526285,0.09660480961890654,0.03943164850364369
1388135808,30s_F,0.0,0.38598088051003493,0.40157390254869035,0.015593022038655424
1388206336,30s_F,0.0,0.13338934755726217,0.15461976503915983,0.021230417481897662
1388250880,<30_F,0.0,0.1677430712547051,0.19585457637299603,0.028111505118290914
1388312128,30s_F,0.0,0.815526736067062,0.8264200281207686,0.010893292053706594
1388390080,30s_F,0.0,0.09132644523011033,0.13955104180972747,0.04822459657961714
1388401216,40s_F,0.0,0.8631824678024903,0.8134884030991727,-0.04969406470331761
1388494016,50s_F,,0.08881863617979675,0.12526923742812746,0.0364506012483307
1388562688,<30_F,0.0,0.5253018188006231,0.5548716365605013,0.029569817759878214
1388744576,<30_F,0.0,0.09268962331736746,0.10190334254820638,0.009213719230838913
1388854080,<30_F,0.0,0.07592857797286609,0.09126811161199236,0.015339533639126268
1388880064,40s_F,0.0,0.23376699130573841,0.22584799930537855,-0.007918992000359865
1389013696,<30_M,0.0,0.20707216417190474,0.22010331129081945,0.013031147118914704
1389713408,<30_F,0.0,0.05186703266863049,0.09423682257437344,0.042369789905742944
1389832192,50s_F,0.0,0.10420447948722829,0.106641501803384,0.0024370223161557097
1389847040,<30_F,0.0,0.2678787593515211,0.26554617888110926,-0.002332580470411849
1390082752,40s_F,,0.3667513444412001,0.3793802640479294,0.012628919606729294
1390164416,50s_M,1.0,0.9405155531732933,0.9072591352679992,-0.0332564179052941
1390195968,50s_F,1.0,0.8665428032311407,0.8225637120684149,-0.0439790911627258
1390260928,60+_F,,0.61498305653814,0.5207708844529136,-0.09421217208522636
1390338880,<30_F,0.0,0.2264212903854345,0.21888153216570364,-0.007539758219730852
1390554176,<30_M,,0.652048415731698,0.5453600220480375,-0.10668839368366057
1390723072,30s_F,0.0,0.14694870562306517,0.14827921810184286,0.00133051247877769
1390739776,40s_F,,0.785520882422789,0.863162106852591,0.07764122442980204
1390851136,30s_F,0.0,0.8926953901692763,0.9065203489707165,0.01382495880144019
1390884544,<30_F,0.0,0.06921980752143089,0.0780987636280349,0.00887895610660401
1390938368,40s_F,0.0,0.7152710487551981,0.7536614163167898,0.038390367561591754
1390986624,40s_F,1.0,0.7720477136359198,0.7948220127851404,0.022774299149220578
1391033024,30s_F,0.0,0.0877443758573615,0.09930710228936603,0.011562726432004525
1391040448,40s_F,0.0,0.5552269492693557,0.6006751763239567,0.045448227054601054
1391075712,<30_F,0.0,0.5104490630821946,0.5844742075943861,0.07402514451219144
1391207488,30s_F,1.0,0.09750579632310834,0.10643780783440132,0.008932011511292984
1391639936,40s_F,0.0,0.07676186918488473,0.09751954042478404,0.020757671239899314
1391697472,30s_F,1.0,0.15017332034627404,0.17197048260763123,0.021797162261357195
1391768000,50s_F,0.0,0.09320286517226992,0.15515543715976376,0.06195257198749385
1391925760,40s_M,0.0,0.13546647315988325,0.17668107308696526,0.04121459992708201
1391964736,<30_M,0.0,0.45820604720800967,0.4590595491301652,0.0008535019221555529
1392046400,<30_F,1.0,0.07876765563672608,0.12764466022760096,0.04887700459087488
1393345600,30s_F,,0.1849359653415969,0.1952976443350354,0.010361678993438511
1393586880,40s_F,,0.20075362833940236,0.1734729548342699,-0.02728067350513247
1394771008,<30_M,1.0,0.8204053992643572,0.8180341008029919,-0.002371298461365301
1394785856,30s_F,0.0,0.8855101451662694,0.8962822617708861,0.010772116604616744
1394837824,50s_F,0.0,0.300176828456393,0.29308825343573763,-0.007088575020655352
1395060544,30s_F,0.0,0.37726768786557807,0.380462313993196,0.00319462612761795
1395487424,30s_F,0.0,0.21393708924114757,0.2199731181959865,0.006036028954838929
1395723136,50s_F,1.0,0.08161766287101731,0.11114720682968224,0.02952954395866493
1396012672,<30_F,,0.270969385647623,0.2996238690543064,0.028654483406683362
1396192704,40s_F,,0.875601205806707,0.8467865903978624,-0.028814615408844557
1396200128,<30_F,0.0,0.06020695233242918,0.11125223107772735,0.05104527874529816
1396502656,<30_F,,0.07142520774771743,0.09913171282452372,0.02770650507680629
1396508224,30s_F,0.0,0.15424788426902286,0.16071273652509216,0.006464852256069298
1396708672,40s_M,,0.5057644845457403,0.5444121497139656,0.038647665168225265
1396929536,30s_F,0.0,0.31324520387876864,0.2804334895877004,-0.03281171429106822
1397202368,30s_F,0.0,0.25783980698077413,0.27803930890425277,0.020199501923478635
1397284032,40s_F,0.0,0.09662281425958524,0.09652655225252081,-9.626200706443211e-05
1397787008,30s_F,0.0,0.07116563941877362,0.11179995484211408,0.040634315423340464
1397900224,30s_F,1.0,0.8297667220282564,0.8038250603614806,-0.025941661666775806
1397991168,<30_F,0.0,0.2439084208304539,0.28862790557944257,0.04471948474898868
1398171200,30s_F,0.0,0.16265557665523456,0.1881678543796637,0.025512277724429155
1398195328,30s_F,0.0,0.05739463746724101,0.10854363594448987,0.051148998477248867
1398225024,50s_F,0.0,0.08770818072779164,0.10771482063283505,0.020006639905043408
1398299264,60+_F,0.0,0.7848421251496379,0.8366224723474107,0.0517803471977728
1398312256,50s_F,0.0,0.8886560499864556,0.8886232848009326,-3.276518552308705e-05
1398386496,40s_F,0.0,0.10967207061216742,0.14478901579138298,0.035116945179215556
1399576192,<30_F,0.0,0.29151600356336127,0.3792385184038949,0.08772251484053362
1401294848,<30_F,0.0,0.4311097507503756,0.482100505964202,0.0509907552138264
1402586624,<30_F,0.0,0.09531150752685993,0.0962605062263913,0.0009489986995313698
1402610752,30s_F,,0.07627837560148655,0.10062559163921318,0.024347216037726632
1402790784,50s_F,,0.07060189725671946,0.09225295070937538,0.021651053452655916
1402814912,<30_F,1.0,0.23645080878541433,0.26568345097643287,0.029232642191018537
1403158272,50s_F,,0.21638013284026647,0.1861924623594937,-0.030187670480772782
1403702080,<30_F,0.0,0.2349585389097463,0.28143106898315073,0.04647253007340443
1405433728,40s_F,,0.8522965014360468,0.8697988918514105,0.01750239041536361
1405597056,30s_F,,0.0840079050672129,0.1246768960371061,0.04066899096989321
1406150144,<30_F,1.0,0.06527817657224623,0.07743689762865073,0.012158721056404503
1407287872,<30_F,0.0,0.12798816233866905,0.15086735908949586,0.022879196750826808
1407625664,<30_F,0.0,0.5171508864996585,0.5858931391109133,0.06874225261125488
1408160192,<30_F,,0.6079664692981275,0.5277132631366964,-0.08025320616143106
1408395904,<30_F,0.0,0.19438760416441217,0.1926551771840458,-0.0017324269803663805
1408598208,<30_F,0.0,0.08285808328301654,0.10922039181967304,0.026362308536656498
1409006528,30s_F,1.0,0.4042283574879729,0.42580077591434806,0.02157241842637514
1409535488,30s_F,0.0,0.2876523929750694,0.28295046223718134,-0.004701930737888049
1410096000,<30_F,,0.2690881150546678,0.2657490138828734,-0.0033391011717943675
1411181760,30s_F,0.0,0.7719979116688933,0.8530633143680533,0.08106540269915996
1411922304,<30_F,1.0,0.39577981070983553,0.37740330346466705,-0.018376507245168483
1412980224,<30_F,0.0,0.07018876205942275,0.09640556361647841,0.026216801557055663
1413518464,40s_F,0.0,0.2706768696040666,0.33719640859143046,0.06651953898736385
1414457600,30s_F,1.0,0.760505285535395,0.7431067883536321,-0.017398497181762895
1414760128,30s_F,0.0,0.2442094821900778,0.23939753271747832,-0.004811949472599469
1415142464,60+_F,0.0,0.3000924927430042,0.2684270215346162,-0.03166547120838803
1415485824,30s_F,0.0,0.0986795530981927,0.11952208957046777,0.020842536472275075
1416081600,30s_F,0.0,0.700518759101178,0.7390221241229267,0.03850336502174867
1416410112,50s_F,,0.15018790373677862,0.18467597246650994,0.034488068729731314
1416573440,30s_M,,0.2962881847276117,0.3147169572103817,0.018428772482769973
1417043008,30s_F,0.0,0.07151960604856099,0.09948808813478721,0.027968482086226223
1417449472,30s_F,,0.0958595860547718,0.1047184974614167,0.00885891140664491
1418969536,30s_F,,0.4265396983742635,0.4273125985373405,0.0007729001630770171
1419671104,<30_F,0.0,0.09624670268735512,0.09950267326292213,0.0032559705755670076
1420123968,<30_F,,0.22294587418584214,0.24120776937833857,0.018261895192496436
1421731264,50s_M,,0.09676047911785664,0.09871037471771532,0.0019498955998586837
1422985920,50s_F,0.0,0.3315792530255174,0.30978142210795306,-0.02179783091756432
1425465536,30s_M,0.0,0.6104375569003819,0.6336029851788488,0.023165428278466904
1426382400,30s_F,0.0,0.2380622353619177,0.25797983880517467,0.019917603443256965
1427254720,30s_M,,0.8679481622864543,0.8506049746670042,-0.017343187619450084
1427544256,40s_F,,0.5120328042451547,0.6326570890694341,0.12062428482427934
1428468544,40s_F,0.0,0.6793337992772946,0.6487729567497433,-0.030560842527551313
1429253632,<30_F,0.0,0.6654215014601393,0.6853052679466107,0.019883766486471388
1430252160,40s_F,0.0,0.08851827054552411,0.08771364830337358,-0.0008046222421505267
1431959680,<30_F,,0.15654131552052855,0.2252395204333734,0.06869820491284484
1433308992,30s_F,0.0,0.11495064892529601,0.09342693853646793,-0.021523710388828082
1433466752,<30_F,,0.08408197779182304,0.12603447083180547,0.04195249303998243
1433594816,30s_F,1.0,0.0735718044889645,0.11124524049634968,0.03767343600738518
1433635648,30s_F,0.0,0.8551037595776869,0.8859693353117283,0.03086557573404136
1433695040,40s_F,,0.17658126601491253,0.15834044899975255,-0.018240817015159977
1433704320,30s_F,0.0,0.32192947317200643,0.3732921874335713,0.05136271426156486
1433849088,<30_F,,0.4507668338868136,0.46176883664871193,0.011002002761898333
1434133056,<30_F,1.0,0.5577628581454868,0.5129655381277025,-0.04479732001778425
1434198016,<30_F,0.0,0.41746550573200625,0.3921910804352461,-0.02527442529676016
1434231424,30s_F,1.0,0.8569975686833646,0.8572242826478806,0.0002267139645160121
1434339072,<30_F,0.0,0.23076133231498683,0.2591276686466474,0.028366336331660552
1434444864,30s_F,0.0,0.34108416954862586,0.25233418957289894,-0.08874997997572692
1434481984,<30_F,0.0,0.08052589690802912,0.13042295106497315,0.04989705415694402
1434522816,30s_F,0.0,0.19953604141649595,0.21291454201159737,0.013378500595101428
1434580352,40s_F,0.0,0.39857109112476813,0.34806407190768396,-0.05050701921708417
1434927424,<30_F,,0.08265379019142075,0.11436734302906038,0.03171355283763963
1434932992,30s_F,,0.07903205950328827,0.11920370997848898,0.0401716504752007
1435387712,50s_M,0.0,0.303281412589253,0.3251973869664302,0.021915974377177183
1435716224,<30_F,,0.8110223166442587,0.7525599039585396,-0.05846241268571917
1435862848,30s_F,,0.1489542010620648,0.22011522199664416,0.07116102093457935
1436315712,50s_F,,0.07938763345653749,0.10911485573219139,0.0297272222756539
1436827968,30s_F,0.0,0.2567326450321932,0.2794016120733641,0.02266896704117094
1437165760,<30_F,1.0,0.19009078661345108,0.2034560784392736,0.013365291825822523
1437175040,30s_F,0.0,0.19110617865325552,0.14658100982356523,-0.04452516882969029
1437343936,40s_F,0.0,0.5027449221062745,0.5627355956435921,0.059990673537317574
1438103040,30s_F,0.0,0.8781998493661937,0.8693666421610788,-0.008833207205114824
1438288640,30s_F,0.0,0.28305891431190594,0.2928018153793156,0.00974290106740966
1438451968,30s_F,0.0,0.8925134790536785,0.9080027400717517,0.015489261018073242
1438453824,30s_F,,0.12207015443874754,0.1879174826222189,0.06584732818347137
1438455680,<30_F,0.0,0.8300475450205113,0.7769330581358378,-0.05311448688467346
1438726656,40s_F,0.0,0.16370551095617508,0.13720861647242746,-0.02649689448374762
1438882560,<30_F,0.0,0.06500169819823104,0.09624938350259321,0.03124768530436217
1438930816,30s_F,,0.35658678814762135,0.40556492980718767,0.04897814165956632
1439212928,30s_F,1.0,0.2388941590007647,0.23106786777940233,-0.007826291221362358
1439328000,30s_F,0.0,0.2760920772807441,0.23796841734877738,-0.0381236599319667
1439439360,40s_F,0.0,0.2513063862665727,0.29116294228237577,0.03985655601580307
1439519168,<30_F,0.0,0.6748205908181294,0.5723754399985027,-0.10244515081962668
1439528448,50s_F,0.0,0.39555240915505513,0.43080878108355086,0.03525637192849573
1439721472,40s_F,0.0,0.14227340869255012,0.2067173543328159,0.06444394564026579
1439727040,30s_M,0.0,0.8792725517188889,0.9053424050408089,0.026069853321920022
1439864384,30s_F,0.0,0.148971275626121,0.1328653370433732,-0.01610593858274781
1440025856,50s_F,0.0,0.1885913805322289,0.2214849003339576,0.03289351980172869
1440204032,30s_F,1.0,0.07636700535842697,0.1293866636809976,0.053019658322570634
1440235584,30s_F,0.0,0.05924143451810914,0.09647961362461105,0.03723817910650191
1440239296,<30_F,,0.6047568750274559,0.5748691657078016,-0.029887709319654343
1440272704,<30_F,0.0,0.43623367704890015,0.5324286622879549,0.09619498523905479
1440545536,<30_F,0.0,0.14333931717764228,0.1505479383977106,0.007208621220068323
1440577088,30s_F,,0.5444197231401523,0.5247437171277936,-0.01967600601235875
1440601216,<30_M,,0.16044529529235294,0.20061761775924278,0.04017232246688984
1440625344,30s_F,0.0,0.8617623730831228,0.8466624707592962,-0.01509990232382652
1441269376,<30_F,,0.4050176671202019,0.39542045993920055,-0.009597207181001322
1441291648,60+_F,0.0,0.28876249306900337,0.3004783711764549,0.011715878107451505
1441347328,50s_F,,0.09622520983437147,0.11977741494165756,0.02355220510728609
1441646144,50s_F,1.0,0.3774025488291322,0.3300261468655986,-0.0473764019635336
1441664704,<30_F,,0.08999505204587355,0.11494136204858335,0.024946310002709804
1442009920,<30_F,0.0,0.8321289284187959,0.7714317804746454,-0.06069714794415049
1442013632,40s_F,0.0,0.8522820589082554,0.8055267256509251,-0.04675533325733028
1442052608,30s_F,1.0,0.08489815990220259,0.0940804968146045,0.009182336912401903
1442182528,<30_F,0.0,0.24182119506615274,0.270299809135849,0.028478614069696262
1442407104,40s_F,1.0,0.911834616301124,0.8760806038504075,-0.03575401245071641
1442581568,30s_F,0.0,0.2697610968814484,0.25092777591077076,-0.018833320970677636
1442624256,<30_F,0.0,0.1323652860560551,0.19644300602156808,0.06407771996551298
1442678080,40s_F,,0.824557342382344,0.8109978718516935,-0.013559470530650541
1442741184,<30_F,0.0,0.3805265260329031,0.3289724471676267,-0.05155407886527641
1442756032,40s_F,,0.11166032024824611,0.1554638622630634,0.0438035420148173
1442887808,30s_F,0.0,0.09455203658309404,0.1421736761159505,0.04762163953285646
1442978752,30s_M,,0.08319702556307677,0.11284028269842322,0.02964325713534645
1443286848,30s_F,1.0,0.6541762177938206,0.7111271760560013,0.05695095826218066
1443515136,<30_F,1.0,0.14255900871695076,0.1982277725690366,0.05566876385208583
1443535552,50s_F,,0.8299066252242784,0.8509023942440801,0.020995769019801713
1443812096,40s_F,,0.5169553924270837,0.5652241744337012,0.04826878200661755
1443888192,30s_F,1.0,0.8809937156679634,0.9005604906309013,0.019566774962937905
1443921600,40s_F,0.0,0.38024436360313857,0.4189299343126095,0.03868557070947093
1444036672,30s_F,0.0,0.18359411406388962,0.20568131774262963,0.02208720367874001
1444079360,30s_F,,0.755941311016934,0.7714682263913545,0.015526915374420525
1444502528,30s_F,1.0,0.6804288517851897,0.5856692916504379,-0.09475956013475184
1444534080,40s_M,1.0,0.06664893972560754,0.10342047488600123,0.03677153516039369
1444597184,40s_F,1.0,0.8186537019211658,0.8843019012201582,0.06564819929899235
1444808768,30s_F,0.0,0.08751752735072658,0.1097140420890285,0.02219651473830192
1444832896,<30_F,0.0,0.20659576764405013,0.2085460602151759,0.001950292571125778
1444890432,<30_F,,0.055769148176582274,0.10031016852169725,0.04454102034511497
1444912704,<30_M,0.0,0.553774803516241,0.6242431569420126,0.07046835342577162
1444959104,50s_M,1.0,0.07479226783762666,0.10178421206686751,0.026991944229240852
1445274624,40s_F,1.0,0.1632203120949616,0.18520058163353148,0.02198026953856988
1445521472,30s_F,1.0,0.5562195606858374,0.5432970300804548,-0.01292253060538262
1445842560,50s_F,0.0,0.5379872356817426,0.6868971370967949,0.14890990141505234
1445952064,40s_F,1.0,0.17513186880011797,0.16949476626157428,-0.005637102538543687
1446061568,<30_F,,0.38648615928216346,0.341479202914525,-0.04500695636763846
1446198912,30s_F,0.0,0.29797242197085866,0.3341464452039037,0.03617402323304503
1446733440,30s_F,0.0,0.13787456920673868,0.1676454469760406,0.02977087776930193
1446855936,30s_F,1.0,0.2404912387444406,0.24406959191593539,0.003578353171494797
1446982144,30s_F,,0.6872874634017633,0.6949804926394342,0.007693029237670901
1447086080,40s_F,0.0,0.13678713941162451,0.16533767253365242,0.028550533122027905
1447305088,<30_F,0.0,0.06912445176030248,0.08558686592019214,0.016462414159889666
1447314368,<30_M,,0.15579290490649,0.21255388562471667,0.05676098071822666
1447334784,40s_F,0.0,0.5858230383631862,0.5514273699522966,-0.03439566841088959
1447390464,30s_F,0.0,0.533262451144465,0.40851615188491985,-0.12474629925954517
1447420160,<30_F,0.0,0.8617124447326202,0.7875843917392933,-0.07412805299332692
1447568640,30s_F,,0.5769558249333029,0.6466564788732488,0.06970065393994596
1447670720,<30_F,0.0,0.09827116994302573,0.14450381484423602,0.04623264490121029
1447995520,<30_F,0.0,0.28587434522083205,0.35735574560522726,0.07148140038439521
1448132864,<30_F,0.0,0.7702754933465791,0.651601173679498,-0.11867431966708109
1448225664,<30_F,0.0,0.3932227592801912,0.5437008814388609,0.15047812215866968
1448346304,30s_M,1.0,0.3426615479099154,0.35006462716397635,0.0074030792540609736
1448582016,30s_F,,0.1391026651588711,0.16188080420596618,0.02277813904709508
1448758336,30s_M,,0.8634981868153262,0.8171912672680137,-0.046306919547312475
1448762048,30s_F,1.0,0.6922583591776246,0.6972263433392897,0.004967984161665107
1448834432,<30_F,0.0,0.3231803619783104,0.29314423909991044,-0.030036122878399962
1448882688,<30_F,0.0,0.15381747285587968,0.20017305837983618,0.046355585523956494
1448964352,30s_F,1.0,0.1643673233662254,0.192957940214802,0.02859061684857661
1449027456,30s_F,,0.6783119978189585,0.7178571873702425,0.039545189551284055
1449159232,<30_M,0.0,0.17694949909674612,0.2617477367444807,0.08479823764773459
1449313280,<30_F,0.0,0.38246210296244665,0.47672573666553325,0.0942636337030866
1449326272,<30_F,,0.05673853751716526,0.1121389138755414,0.055400376358376135
1449686336,30s_F,0.0,0.42837988578359204,0.40310379469881974,-0.0252760910847723
1449693760,30s_F,0.0,0.1527351138244399,0.14599161660596396,-0.006743497218475947
1449792128,<30_F,,0.0602824731086462,0.10761946295434024,0.047336989845694045
1449831104,30s_F,0.0,0.6782704014521166,0.5490614435561452,-0.12920895789597142
1449838528,30s_F,,0.15014321276940032,0.14171607053178648,-0.008427142237613844
1450293248,40s_F,0.0,0.8378861253796973,0.8822159777788474,0.044329852399150105
1450354496,<30_F,0.0,0.08248936737892286,0.12053291219866975,0.038043544819746894
1450502976,30s_F,0.0,0.06247731237504623,0.10694297796703786,0.04446566559199163
1450541952,30s_F,,0.553187065257951,0.47008015942369274,-0.08310690583425828
1450592064,60+_F,0.0,0.8801511116000998,0.9065303589616984,0.02637924736159858
1450933568,30s_F,,0.8726487014524696,0.8921392781654146,0.019490576712944963
1451052352,<30_F,0.0,0.45634024536555,0.3736118757972535,-0.08272836956829649
1451083904,30s_F,0.0,0.4541075218834573,0.36752863985243045,-0.08657888203102687
1451258368,30s_F,0.0,0.09697808401279608,0.0963950098111967,-0.000583074201599379
1451401280,50s_F,0.0,0.6729205079468963,0.805170918767196,0.13225041082029976
1451718656,<30_F,1.0,0.713617373105182,0.735887257720896,0.022269884615713997
1451778048,30s_F,0.0,0.13501929167120866,0.16573014936411654,0.030710857692907878
1451794752,<30_F,0.0,0.35023209055046683,0.3693285925826836,0.019096502032216744
1452032320,<30_F,0.0,0.06751825413911046,0.08582081009335807,0.01830255595424761
1452266176,50s_F,0.0,0.1285838432490233,0.1383805305947579,0.009796687345734606
1452282880,40s_F,0.0,0.8803612984402442,0.8551206346082901,-0.025240663831954113
1452286592,40s_M,0.0,0.585133731970137,0.6341177143712831,0.0489839824011461
1452332992,30s_F,0.0,0.6530093107882508,0.6481524950000973,-0.004856815788153446
1452336704,30s_F,0.0,0.33118902348498175,0.3171670200715748,-0.014022003413406925
1452709760,50s_F,0.0,0.9023939827267704,0.9008882950580621,-0.0015056876687082887
1452878656,<30_F,0.0,0.47095123235272074,0.46811682565112045,-0.0028344067016002894
1453082816,30s_F,0.0,0.839102232323842,0.8868156962190632,0.04771346389522124
1453088384,<30_F,0.0,0.1948226305548618,0.23099798313895634,0.036175352584094544
1453092096,30s_F,0.0,0.7583404378643802,0.7911059795941136,0.03276554172973334
1453366784,30s_F,1.0,0.5841046172516732,0.6200567556090781,0.03595213835740496
1453520832,<30_F,0.0,0.3801975917928017,0.4847552351336909,0.10455764334088918
1453775104,<30_F,0.0,0.16280519386060732,0.20036773637430516,0.03756254251369784
1453838208,<30_F,0.0,0.06801049034467034,0.12556568094947587,0.05755519060480553
1453845632,<30_F,,0.06350756767770507,0.10177328267997497,0.0382657150022699
1453999680,30s_F,0.0,0.2572117467861191,0.31123327830975905,0.054021531523639976
1454018240,30s_F,,0.7160122424409288,0.7724368057456344,0.05642456330470569
1454021952,30s_F,0.0,0.3259608575940684,0.310032578160307,-0.015928279433761405
1454040512,30s_F,0.0,0.10455483958828396,0.13002788070206558,0.025473041113781625
1454053504,30s_F,0.0,0.4559432960443317,0.44710341475391585,-0.008839881290415852
1454068352,30s_F,,0.8135901672903217,0.8578308235790777,0.04424065628875595
1454105472,50s_F,,0.09773019309743092,0.11930362199576537,0.021573428898334454
1454118464,<30_F,0.0,0.06272224232646409,0.10656755109902175,0.043845308772557656
1454285504,30s_F,,0.0671323926895103,0.11432097033789745,0.04718857764838716
1454565760,30s_F,0.0,0.061672451291333946,0.08643671447234456,0.024764263181010618
1454864576,<30_F,0.0,0.7832148862385181,0.7366332217346144,-0.046581664503903664
1454988928,30s_M,0.0,0.09942531550979326,0.12928854918371507,0.02986323367392181
1454990784,40s_M,1.0,0.2303997316136302,0.209726593705621,-0.020673137908009204
1455053888,<30_F,0.0,0.08170239313364806,0.11074725240160156,0.0290448592679535
1455491904,30s_F,1.0,0.7713583315040162,0.7821517398899688,0.010793408385952552
1455796288,40s_F,,0.774538155796999,0.772819305711878,-0.0017188500851210708
1455805568,40s_F,1.0,0.11299335275459978,0.10795361513573935,-0.005039737618860424
1456026432,40s_F,0.0,0.2116631414047807,0.2586613812955002,0.046998239890719495
1456063552,60+_F,0.0,0.6640379742587605,0.7003086271938915,0.03627065293513099
1456070976,<30_F,0.0,0.8421874911828203,0.8201504569717604,-0.022037034211059958
1456282560,30s_F,,0.12723896701557671,0.18147210414371373,0.054233137128137016
1456397632,40s_F,0.0,0.09115051336355409,0.1240758370693824,0.032925323705828305
1456674176,<30_F,0.0,0.08362233453794085,0.09691504628399951,0.013292711746058658
1456813376,30s_F,0.0,0.1091956282141955,0.10702193906277437,-0.002173689151421132
1456948864,<30_M,0.0,0.5389461970867143,0.6849422060030147,0.14599600891630038
1456960000,50s_F,0.0,0.8447277442448383,0.8582937037056679,0.013565959460829613
1456974848,<30_F,0.0,0.05750049941819801,0.10919078137756655,0.05169028195936854
1456997120,40s_F,1.0,0.07286576501649904,0.103128706304015,0.030262941287515957
1457236544,<30_F,,0.2582928305860281,0.2966480595725085,0.038355228986480416
1457440704,60+_F,0.0,0.5568990724502292,0.5208286663649366,-0.03607040608529255
1457925120,60+_F,0.0,0.663490348379073,0.5190624568746646,-0.14442789150440838
1457932544,<30_F,0.0,0.06983455055766286,0.12755347500502962,0.05771892444736676
1457999360,<30_F,1.0,0.7564489660211513,0.7640056637669993,0.007556697745847996
1458209088,<30_F,0.0,0.10002443369855044,0.13907574028594627,0.039051306587395834
1458210944,30s_F,1.0,0.1721503766751264,0.1628041313457542,-0.0093462453293722
1458235072,<30_F,0.0,0.2889522119688195,0.29038836762331166,0.0014361556544921772
1458478208,30s_M,0.0,0.06935785211418363,0.0831256316814256,0.01376777956724197
1458543168,40s_F,,0.862491218578201,0.8404482880560864,-0.02204293052211459
1458548736,<30_F,0.0,0.26161963690572604,0.25228704476471403,-0.009332592141012008
1458554304,40s_F,,0.0666751401385481,0.0927308194613774,0.026055679322829303
1458558016,<30_F,1.0,0.08267089317071635,0.09217364150642338,0.009502748335707023
1458673088,30s_F,0.0,0.14103453284678097,0.21489493279229735,0.07386039994551638
1458687936,<30_F,,0.3804761173641145,0.45862409114867875,0.07814797378456423
1458788160,30s_F,0.0,0.15537813738505435,0.17089775290354736,0.015519615518493013
1459120384,30s_M,,0.3163077860299746,0.376810515480525,0.06050272945055041
1459322688,50s_F,,0.7686529668527682,0.7968514489144275,0.028198482061659313
1459471168,<30_F,0.0,0.09812759000094413,0.14976657354647083,0.05163898354552669
1459541696,50s_F,0.0,0.8675859445348714,0.852705274468189,-0.014880670066682367
1460007552,30s_F,0.0,0.4233485881632447,0.37406429413758846,-0.04928429402565626
1460182016,50s_F,0.0,0.15366058236767313,0.20893781798268832,0.055277235615015186
1460209856,30s_F,,0.4127134847486168,0.37511356532535234,-0.03759991942326446
1460332352,30s_F,,0.08522890506478055,0.12252709892674117,0.03729819386196062
1460831616,60+_F,,0.816846139714864,0.8598648032825842,0.04301866356772022
1460996800,60+_M,1.0,0.08142684353555564,0.1142209300946637,0.032794086559108065
1461065472,50s_F,0.0,0.25840982381879973,0.2647247897610999,0.006314965942300188
1461113728,40s_F,0.0,0.17995279166532005,0.17779359084237023,-0.0021592008229498194
1461117440,30s_F,0.0,0.345621625934043,0.3629276314708179,0.017306005536774915
1461186112,<30_F,0.0,0.16848911119810692,0.1638588583638043,-0.004630252834302628
1461575872,30s_F,0.0,0.49223637755392685,0.4593135283889695,-0.03292284916495736
1461614848,40s_F,,0.8952184874929408,0.9119969250111868,0.016778437518246037
1461781888,40s_F,0.0,0.12173277648443576,0.15293290841220825,0.03120013192777249
1461839424,30s_F,,0.2594180853729561,0.2886823869426176,0.029264301569661533
1462034304,<30_F,0.0,0.46181941891301803,0.4957986440293412,0.033979225116323175
1462960448,30s_F,0.0,0.09347144839602053,0.09960189216498055,0.00613044376896002
1462986432,30s_F,1.0,0.09669892351058637,0.10164217293516371,0.004943249424577342
1463546944,30s_F,0.0,0.24453457628027095,0.2652919542267622,0.020757377946491268
1463700992,40s_F,1.0,0.22773204900697197,0.28430285159650287,0.0565708025895309
1463708416,40s_F,0.0,0.07422708664316675,0.09596158828379235,0.021734501640625598
1463738112,60+_F,0.0,0.41637955163473955,0.42210795104906706,0.005728399414327512
1463838336,30s_F,0.0,0.11613028327026503,0.13915076560616998,0.02302048233590495
1463868032,30s_F,0.0,0.06251622843007153,0.10629065293713139,0.04377442450705986
1464172416,30s_F,0.0,0.09592930892836686,0.10484118191615657,0.008911872987789712
1464218816,40s_F,,0.8355744717933109,0.8628261689631561,0.027251697169845213
1464454528,<30_F,0.0,0.06067151806637893,0.11170407119186244,0.051032553125483514
1464487936,40s_F,0.0,0.07379596293413179,0.10526407778536584,0.03146811485123405
1464571456,30s_F,1.0,0.8862077613504455,0.8913401668204938,0.005132405470048229
1464601152,30s_F,0.0,0.592423388799525,0.6717568372904391,0.07933344849091406
1464738496,30s_F,0.0,0.21827648833435137,0.21190187815197334,-0.006374610182378032
1464777472,60+_F,1.0,0.3734247705588072,0.4111694320015621,0.0377446614427549
1464786752,30s_F,0.0,0.6686146977827728,0.6412115786078885,-0.02740311917488436
1464810880,<30_F,0.0,0.08564173317529723,0.10457790863360848,0.01893617545831125
1465061440,<30_F,,0.2234358277112428,0.2759205254394808,0.05248469772823802
1465260032,40s_F,0.0,0.07609770633165579,0.08593723827238639,0.009839531940730603
1465512448,<30_F,0.0,0.8590693749861071,0.7802205073599343,-0.07884886762617282
1465761152,<30_F,,0.07843942718901314,0.10625277905471382,0.027813351865700678
1465798272,30s_F,0.0,0.20821173369968005,0.23313930120245616,0.02492756750277611
1466037696,60+_F,0.0,0.4429410177912164,0.3967264026883919,-0.04621461510282454
1466403328,40s_M,,0.8972742004656973,0.9346707035341165,0.03739650306841924
1466429312,<30_F,1.0,0.8330323669952953,0.7999116569723905,-0.03312071002290473
1466819072,30s_F,0.0,0.23831335521156827,0.2523609532806444,0.014047598069076128
1466830208,30s_F,0.0,0.4032978967190784,0.39169371510073153,-0.011604181618346865
1466906304,30s_F,0.0,0.8354471323713655,0.7935108859257444,-0.041936246445621106
1466973120,30s_F,0.0,0.21316317572696825,0.2211516291433881,0.00798845341641985
1467025088,<30_F,1.0,0.3435710576178059,0.3219515156533217,-0.02161954196448418
1467294208,30s_M,0.0,0.10080030065531086,0.19002695393835237,0.08922665328304151
1467550336,40s_M,1.0,0.1151314958274571,0.1372376490116592,0.022106153184202088
1468003200,50s_F,0.0,0.4532118224331473,0.5912349965722992,0.13802317413915188
1468157248,30s_F,0.0,0.09061971897250887,0.14008803806921258,0.04946831909670371
1468346560,30s_F,0.0,0.2004756537247393,0.1919964506923024,-0.008479203032436905
1468569280,50s_F,0.0,0.23969246451860218,0.2646378428353535,0.024945378316751338
1468988736,<30_F,1.0,0.6263223817128747,0.5487289177301719,-0.07759346398270284
1469007296,30s_F,1.0,0.6272908359257378,0.7233411699564795,0.0960503340307417
1469046272,40s_F,,0.5247406977839255,0.5448408241249743,0.02010012634104874
1469256000,30s_F,0.0,0.7561015649612095,0.7477860673345107,-0.008315497626698809
1469359936,30s_F,0.0,0.17288247685021024,0.1495258639543201,-0.02335661289589014
1469419328,<30_F,0.0,0.820736510362872,0.8122209259246665,-0.008515584438205437
1469467584,<30_F,0.0,0.28214853403102114,0.35798338260554446,0.07583484857452333
1469577088,30s_F,,0.16415504333109854,0.15926296816869948,-0.004892075162399062
1469738560,40s_F,1.0,0.10091133471198269,0.09898913535055448,-0.0019221993614282062
1469825792,50s_F,0.0,0.5197824690315418,0.44038579690774704,-0.07939667212379475
1469926016,<30_F,0.0,0.09827411932791166,0.11846074535086167,0.020186626022950002
1470039232,30s_F,0.0,0.12630297205398777,0.14443986157925254,0.018136889525264765
1470681408,30s_F,0.0,0.10931653352478767,0.1358789898959775,0.026562456371189827
1470785344,<30_F,0.0,0.07182335854398693,0.10106713791793821,0.029243779373951284
1471123136,<30_F,,0.2822169814717361,0.2746450517660348,-0.0075719297057012525
1471143552,30s_F,0.0,0.2791564834365045,0.2882733656034884,0.009116882166983864
1471297600,<30_F,,0.07519380418996228,0.12683249799610588,0.051638693806143596
1471440512,50s_F,0.0,0.06914041991309024,0.10683484365590858,0.03769442374281834
1471694784,30s_F,1.0,0.09791340112154714,0.12036326058098494,0.022449859459437796
1471704064,50s_F,0.0,0.5069371821383613,0.6315565137922526,0.12461933165389139
1471852544,<30_F,0.0,0.4025841951095858,0.4174298784445589,0.014845683334973103
1472104960,30s_F,1.0,0.5813023154729299,0.6945539324884479,0.113251617015518
1472355520,<30_F,0.0,0.8707015265066939,0.7957835082002146,-0.07491801830647926
1473248256,<30_F,0.0,0.8409177734656427,0.7896468454309331,-0.05127092803470956
1473472832,30s_F,0.0,0.1388416549561635,0.16867958885624024,0.029837933900076746
1473569344,<30_F,0.0,0.6947918361466807,0.6951208989284047,0.0003290627817239544
1473651008,<30_F,0.0,0.5447597237954186,0.6148412711952636,0.07008154739984496
1474014784,<30_F,0.0,0.8207862604235339,0.823164792976063,0.002378532552529178
1474051904,30s_F,0.0,0.13988638717288926,0.15007013774271458,0.010183750569825317
1474224512,<30_M,,0.8334231925390415,0.8158882384814997,-0.017534954057541796
1474283904,<30_F,,0.35639147079044825,0.35289203707772754,-0.003499433712720712
1474345152,30s_F,1.0,0.09811880740841544,0.10862273095560625,0.010503923547190805
1474497344,30s_F,,0.22467908022230523,0.2929168650037631,0.0682377847814579
1474541888,30s_F,0.0,0.47453584784493735,0.39257499253390626,-0.08196085531103109
1474560448,<30_F,,0.07672140706951869,0.10413367052950143,0.02741226345998274
1474734912,50s_F,,0.24781051188733097,0.23503525763707234,-0.012775254250258633
1474870400,<30_F,0.0,0.19044392711101438,0.19899118617146144,0.008547259060447066
1474937216,<30_M,1.0,0.06892170314313567,0.10082340994355303,0.03190170680041736
1474985472,40s_F,0.0,0.7833877744346044,0.8027819941099391,0.019394219675334723
1475141376,50s_M,,0.24855551317882318,0.26846444517962087,0.019908932000797686
1475193344,30s_F,0.0,0.15291948495667534,0.19820162589962714,0.0452821409429518
1475239744,30s_F,0.0,0.251575014126338,0.3550616199051762,0.10348660577883823
1475672192,30s_M,,0.07603832330059727,0.11184489491617304,0.035806571615575766
1475700032,40s_F,0.0,0.11793757380206392,0.16684149867996506,0.04890392487790114
1475835520,40s_F,1.0,0.3122910547864678,0.3069331798879756,-0.00535787489849221
1476030400,<30_F,1.0,0.21694192619555552,0.30158216616000977,0.08464023996445424
1476112064,40s_F,0.0,0.7787087009798139,0.8145092447894442,0.03580054380963027
1476143616,<30_F,0.0,0.3830004871169678,0.4881807127524421,0.1051802256354743
1476375616,30s_F,0.0,0.09086509720589771,0.12292310371581093,0.03205800650991322
1476648448,<30_F,,0.6113729381355177,0.6768646948113619,0.06549175667584417
1476694848,40s_F,0.0,0.0996751356281016,0.11590556908860847,0.01623043346050687
1476770944,<30_F,0.0,0.8715339622009779,0.8444804231950016,-0.02705353900597629
1476960256,<30_F,0.0,0.14574344082093008,0.19457211815293646,0.04882867733200638
1477021504,30s_F,0.0,0.8191513322027966,0.7998575877955315,-0.019293744407265057
1477648832,50s_F,1.0,0.088909079163884,0.08597754056005495,-0.0029315386038290536
1477656256,<30_M,0.0,0.05497986135891595,0.08692772718667874,0.03194786582776279
1477776896,<30_F,0.0,0.6873521584277381,0.6636191686882146,-0.023732989739523536
1478268736,40s_F,1.0,0.7838707971075308,0.8425875288366099,0.0587167317290791
1478313280,30s_F,,0.843107581141362,0.809295731893464,-0.03381184924789793
1478348544,30s_F,1.0,0.17088400687900956,0.1742733248392473,0.0033893179602377255
1478489600,60+_F,0.0,0.9014043563987039,0.9198487589555364,0.01844440255683255
1478552704,<30_F,0.0,0.16964725309455783,0.1883779110009067,0.01873065790634887
1478608384,30s_M,1.0,0.6180113987906729,0.6584995568667952,0.04048815807612227
1478656640,50s_F,0.0,0.13876273640506503,0.1661569431267295,0.027394206721664455
1478812544,30s_F,0.0,0.10284647979202508,0.2351557719690284,0.13230929217700332
1478962880,<30_F,1.0,0.12609206830415684,0.16872585762182865,0.04263378931767181
1479133632,30s_F,0.0,0.348713420542149,0.3447262205720818,-0.00398719997006719
1479170752,60+_M,1.0,0.9460103425362809,0.9237307828759995,-0.02227955966028139
1479250560,30s_M,0.0,0.06680704171433766,0.09190807480202492,0.02510103308768727
1479387904,<30_F,1.0,0.07110332308856666,0.08472853269729344,0.013625209608726777
1479527104,50s_F,0.0,0.21164705879392973,0.22154404396897434,0.009896985175044615
1479566080,60+_F,0.0,0.25923492349748267,0.2350816625003202,-0.024153260997162473
1479623616,50s_F,1.0,0.5375331607982946,0.49850829473305636,-0.03902486606523825
1479749824,<30_F,1.0,0.38421642553017044,0.47028391692598154,0.0860674913958111
1479915008,<30_F,,0.3671080622327896,0.3002236693203179,-0.06688439291247167
1480061632,30s_M,,0.1347449828741166,0.16853751958071655,0.03379253670659996
1480115456,30s_M,0.0,0.8938316085363647,0.8839861920584543,-0.009845416477910374
1480143296,<30_F,1.0,0.0908262869213125,0.11605671503348028,0.025230428112167774
1480276928,40s_F,0.0,0.3151475747993735,0.2674184475849636,-0.04772912721440992
1480469952,40s_F,0.0,0.8056004531586936,0.8904719131874741,0.08487146002878054
1480872704,30s_F,0.0,0.6536182485479282,0.7056035506460461,0.051985302098117914
1481052736,40s_F,0.0,0.0745736617465582,0.09650408669264798,0.02193042494608978
1481100992,30s_F,0.0,0.8502647751928091,0.7636102773657911,-0.08665449782701795
1481138112,30s_F,0.0,0.7036023157168944,0.7194270950469379,0.01582477933004356
1481191936,<30_F,0.0,0.3478020193736683,0.39542141621662963,0.04761939684296135
1481540864,<30_F,0.0,0.49238981529774384,0.49343620057903687,0.0010463852812930274
1481707904,30s_F,,0.41489861277824963,0.3827716834102869,-0.03212692936796274
1481711616,30s_F,1.0,0.44799535879002894,0.4069916141358776,-0.04100374465415135
1481726464,30s_F,,0.0836477399539757,0.0859082803856849,0.0022605404317092015
1481798848,30s_F,1.0,0.13908722386758732,0.1612712799193989,0.02218405605181159
1481952896,30s_F,0.0,0.11196401736521518,0.15037559749834678,0.038411580133131604
1482140352,<30_F,0.0,0.27695198930636983,0.2679557122650656,-0.008996277041304235
1482229440,40s_F,1.0,0.8634013451988801,0.853708518987714,-0.009692826211166072
1482314816,60+_F,0.0,0.8251726026414116,0.8630937880824395,0.03792118544102796
1482606208,60+_F,1.0,0.8410721430251832,0.8147009423270853,-0.02637120069809784
1482706432,30s_F,,0.5651560218137116,0.6063778335940879,0.041221811780376316
1483090624,<30_F,0.0,0.16742799275310807,0.17597142321035014,0.008543430457242068
1483137024,30s_F,,0.7386101928960208,0.8063039578372334,0.0676937649412126
1483300352,<30_F,0.0,0.06745656163424138,0.1000010322200641,0.032544470585822716
1483370880,30s_F,0.0,0.46599868473682654,0.3981951884105117,-0.06780349632631483
1483387584,<30_F,1.0,0.06467192679183478,0.07484402857331088,0.010172101781476095
1483517504,<30_F,,0.09316799730188917,0.13924337319279662,0.04607537589090745
1483717952,50s_F,0.0,0.23944241660166735,0.28605084135623693,0.04660842475456958
1483966656,30s_F,1.0,0.11359104390651177,0.11095316905654061,-0.0026378748499711613
1484211648,<30_M,0.0,0.09771057167141865,0.14673409723444333,0.04902352556302468
1484354560,50s_F,0.0,0.1598164841101646,0.1650707783614888,0.005254294251324204
1484510464,30s_F,0.0,0.1535897732603867,0.18018887246706033,0.026599099206673638
1484710912,<30_F,0.0,0.3358031483589707,0.3620874624549091,0.0262843140959384
1484838976,30s_F,1.0,0.46983371946901237,0.56601836311537,0.09618464364635765
1484985600,<30_F,0.0,0.7541725399406538,0.7331962387481714,-0.020976301192482394
1485113664,40s_F,1.0,0.11952460271158298,0.14532924630390404,0.025804643592321055
1485182336,30s_F,0.0,0.09597516149255608,0.11081456364593179,0.014839402153375703
1485199040,60+_F,,0.2444781251503224,0.24373897989702498,-0.0007391452532974352
1485356800,60+_F,1.0,0.2029141313317029,0.22988660489616944,0.026972473564466526
1485419904,40s_F,0.0,0.6913987615985989,0.6569730067774114,-0.03442575482118748
1485494144,50s_F,0.0,0.06031843517914514,0.10523062548045338,0.04491219030130824
1485629632,<30_F,0.0,0.7132589436662257,0.6926929838248036,-0.020565959841422066
1486030528,30s_F,,0.2661263805045917,0.2564206634669216,-0.009705717037670092
1486069504,<30_F,0.0,0.08901239756078208,0.10105276186890462,0.01204036430812254
1486099200,30s_F,0.0,0.22299903563015064,0.2949199103210827,0.07192087469093209
1486600320,30s_F,,0.7386895354553227,0.7709378747775184,0.03224833932219573
1486604032,<30_F,1.0,0.10330853593482575,0.12383766920255558,0.02052913326772983
1486717248,40s_F,0.0,0.2216975745234337,0.21348235721034553,-0.008215217313088163
1486746944,30s_F,1.0,0.17973975107096724,0.2005947213639962,0.020854970293028963
1486772928,<30_F,1.0,0.24373283889259234,0.2872146337710834,0.043481794878491076
1486984512,<30_F,1.0,0.1041359741944824,0.1962938141878141,0.09215783999333171
1487056896,40s_F,,0.08027637026829913,0.0982263113238149,0.01794994105551577
1487118144,<30_F,,0.39396241004175253,0.38169614930716983,-0.012266260734582701
1487296320,50s_F,,0.8978602819495155,0.9133453627459787,0.015485080796463158
1487309312,40s_F,0.0,0.10448933280438759,0.10098797119901536,-0.003501361605372233
1487687936,<30_F,,0.06810357770728032,0.08020027668150659,0.012096698974226272
1487795584,<30_M,0.0,0.23785368146407992,0.2865633991441842,0.04870971768010429
1487799296,60+_F,0.0,0.43702013612277374,0.3599792025558489,-0.07704093356692482
1487810432,30s_F,1.0,0.5353767115610356,0.6551559209653856,0.11977920940434994
1487847552,30s_F,0.0,0.20644388997317212,0.24325565621704867,0.036811766243876554
1487925504,<30_F,0.0,0.5032878756505481,0.5335577634309892,0.03026988778044104
1487932928,<30_F,0.0,0.05367333259438107,0.10859232613736593,0.05491899354298486
1487936640,30s_F,0.0,0.5989666819170618,0.5227956808540887,-0.07617100106297314
1488066560,30s_F,,0.6759586546314442,0.612875830195723,-0.06308282443572122
1488085120,40s_M,0.0,0.08156651221825571,0.12869808614327186,0.04713157392501614
1488281856,<30_F,0.0,0.4170257874440005,0.4206279879214116,0.0036022004774111105
1488435904,<30_F,0.0,0.5551074003508557,0.5588412582962512,0.003733857945395491
1488480448,<30_F,,0.38761919584295734,0.48160696961152893,0.09398777376857159
1488599232,50s_F,0.0,0.28994653169779516,0.26114745875342904,-0.028799072944366122
1488788544,30s_F,,0.05673341906693037,0.08423287065791442,0.027499451590984048
1488903616,50s_F,0.0,0.06814586439581655,0.11261811287365223,0.04447224847783568
1488912896,<30_F,0.0,0.5877366360905022,0.5563998068335928,-0.03133682925690939
1489011264,40s_F,0.0,0.10022272989136052,0.12613962401649878,0.025916894125138257
1489113344,40s_F,0.0,0.6105511440846828,0.7431115268661541,0.1325603827814713
1489506816,<30_F,0.0,0.4336858734472054,0.4744707064106795,0.04078483296347413
1489532800,40s_F,0.0,0.0920633232274573,0.11665677300853554,0.024593449781078233
1489549504,40s_F,0.0,0.13491519357984685,0.17353127241706892,0.03861607883722207
1489670144,50s_F,0.0,0.5318631733523941,0.652209377534123,0.12034620418172892
1489744384,<30_F,,0.30699533732762885,0.3182696036167006,0.011274266289071744
1489746240,<30_M,1.0,0.5767091130439256,0.5408037222623454,-0.03590539078158017
1490121152,50s_F,1.0,0.41931527525903384,0.37856661833248645,-0.04074865692654739
1490169408,<30_F,0.0,0.09088690249433236,0.13518631487360738,0.044299412379275024
1490230656,<30_F,0.0,0.7020948658103043,0.6661158657488601,-0.03597900006144428
1490386560,40s_M,,0.17446404911138888,0.1789488348114955,0.0044847857001066305
1490596288,50s_F,1.0,0.6056478970380065,0.5690188980856046,-0.0366289989524019
1490637120,<30_F,0.0,0.366484431765431,0.378499352474595,0.01201492070916399
1490878400,50s_F,0.0,0.42947781538482827,0.41413285953182116,-0.015344955853007103
1490954496,<30_F,0.0,0.12649607025574247,0.13817754865323598,0.011681478397493505
1490965632,30s_F,0.0,0.7896781585578637,0.7191744035713502,-0.07050375498651351
1491669056,60+_F,0.0,0.4428668076396349,0.43479016823772504,-0.008076639401909835
1491899200,40s_F,0.0,0.10016110320092793,0.12040095887303781,0.020239855672109883
1492335360,<30_F,0.0,0.4545324167235462,0.5007779128228329,0.04624549609928669
1492439296,<30_F,0.0,0.29993688268392166,0.32810718029593433,0.028170297612012674
1492539520,30s_F,0.0,0.41534212755159067,0.4548508552799459,0.03950872772835523
1492541376,<30_F,0.0,0.2561869477520689,0.30213432031062165,0.045947372558552746
1492578496,30s_F,0.0,0.7972997855675699,0.8449333560106547,0.047633570443084805
1492678720,<30_F,0.0,0.273253923618206,0.3006458045195194,0.027391880901313392
1492914432,30s_F,0.0,0.10912006464870067,0.19917086574523732,0.09005080109653665
1493088896,50s_F,0.0,0.2562654332136073,0.21394462717421475,-0.04232080603939253
1493139008,30s_F,,0.8094619744162143,0.6768592250033969,-0.13260274941281736
1493367296,30s_F,0.0,0.30486997580691033,0.31013699577991416,0.005267019973003828
1493402560,<30_F,0.0,0.5688232185161451,0.6564628276304363,0.08763960911429114
1493404416,60+_F,1.0,0.15990435474420592,0.20047352000782573,0.04056916526361981
1493450816,40s_F,0.0,0.09044286351817638,0.1360439532437126,0.045601089725536226
1493526912,50s_F,0.0,0.8980199661042738,0.8960820300251332,-0.001937936079140612
1493840576,30s_F,1.0,0.5117021939869324,0.5217604939960223,0.010058300009089916
1493912960,30s_F,,0.14988938639509178,0.13492515247986656,-0.014964233915225222
1494215488,<30_F,0.0,0.08321366886338556,0.08777251897702205,0.004558850113636492
1494573696,30s_F,0.0,0.2756638009860958,0.225645491073862,-0.05001830991223377
1494675776,<30_F,0.0,0.28718431719210963,0.2761200345956589,-0.011064282596450703
1494761152,<30_F,0.0,0.46614102039335636,0.4555487370517007,-0.010592283341655684
1494803840,<30_F,0.0,0.2092922443280199,0.2262861114350631,0.016993867107043203
1494852096,<30_F,0.0,0.08665046057249462,0.14145524708821178,0.05480478651571716
1495230720,30s_M,,0.24143403984372128,0.2719802274126853,0.030546187568964017
1495336512,30s_F,,0.4475856806126137,0.3742303631983701,-0.07335531741424361
1495685440,30s_M,1.0,0.16689037581730684,0.1427700525960173,-0.02412032322128954
1495872896,<30_F,,0.5113298227516139,0.44769164216003554,-0.06363818059157833
1495980544,30s_F,0.0,0.545445915105476,0.5298080922872108,-0.0156378228182652
1496060352,<30_F,0.0,0.823133339589372,0.7388687303038953,-0.08426460928547663
1496290496,40s_F,0.0,0.8501390011021115,0.8637971340947914,0.013658132992679928
1496346176,30s_F,,0.17683528015971045,0.1952689323146063,0.01843365215489584
1496622720,40s_F,0.0,0.0754914823450269,0.0938183294384768,0.018326847093449908
1496687680,<30_F,0.0,0.07177091515851963,0.08716877844757757,0.015397863289057942
1496808320,30s_F,,0.0807793396588351,0.1316219356619251,0.05084259600308999
1496871424,<30_F,0.0,0.7619068161324685,0.7640645693908794,0.002157753258410944
1497212928,<30_F,,0.06362704173012604,0.0931374126983876,0.029510370968261562
1497240768,30s_F,0.0,0.1032116977115585,0.11449171057102457,0.011280012859466074
1497428224,40s_M,0.0,0.8736939761782012,0.9084123420104818,0.03471836583228061
1497769728,30s_M,1.0,0.7732433009076201,0.7786411910498005,0.005397890142180395
1497849536,<30_F,0.0,0.13118640274643836,0.14084909996886683,0.009662697222428462
1498049984,<30_M,0.0,0.28881659275074534,0.2823365712205821,-0.006480021530163249
1498300544,<30_F,1.0,0.09648519892049358,0.19911394150528758,0.102628742584794
1498367360,30s_F,,0.5269515547555976,0.4846979247580247,-0.04225362999757293
1498599360,<30_F,1.0,0.37313190129476026,0.40138043333116274,0.028248532036402485
1498630912,30s_F,,0.8739215976424637,0.8829036172822294,0.008982019639765748
1498835072,30s_F,1.0,0.5583239538541348,0.6726109836643098,0.11428702981017502
1499159872,40s_F,,0.25258112633060026,0.25681543290269115,0.004234306572090896
1499508800,40s_F,0.0,0.6854916386760381,0.7158386256392016,0.030346986963163514
1499688832,<30_F,0.0,0.10023254481127719,0.13665793641809715,0.03642539160681996
1499865152,30s_F,,0.1186236873878835,0.18531818114771118,0.06669449375982768
1500227072,40s_F,1.0,0.893522290291705,0.8919904908527667,-0.0015317994389383305
1500505472,30s_F,0.0,0.06725032118615432,0.10342884882783146,0.036178527641677144
1500629824,40s_F,0.0,0.22868027662374618,0.26524800937188375,0.03656773274813757
1500707776,30s_F,0.0,0.3600430181305941,0.3663772514012198,0.006334233270625711
1500999168,<30_F,1.0,0.08821855020890274,0.13095629041804457,0.04273774020914184
1501065984,30s_F,1.0,0.12206964651977273,0.15917942003618188,0.03710977351640915
1501110528,50s_F,0.0,0.8336301055968963,0.8884899392232046,0.05485983362630831
1501169920,50s_F,0.0,0.086525987411231,0.09925697043131404,0.012730983020083034
1501528128,40s_F,,0.8515893010226498,0.8829076497377055,0.03131834871505568
1501643200,30s_F,1.0,0.842171919108734,0.8736789942765291,0.03150707516779505
1501663616,30s_F,0.0,0.32090243817812497,0.28650644400950176,-0.03439599416862321
1501776832,50s_F,1.0,0.13800288623586762,0.1959822138586428,0.05797932762277519
1501851072,30s_F,1.0,0.08811060193978648,0.10833587067588665,0.02022526873610017
1501880768,<30_F,0.0,0.24533585182587456,0.30446788603195263,0.05913203420607807
1501947584,40s_M,,0.15812529880288,0.19543175031008223,0.037306451507202215
1502073792,30s_F,0.0,0.12227411278812314,0.17478242348632725,0.05250831069820411
1502094208,40s_F,0.0,0.2637016558882972,0.2814281526153819,0.017726496727084706
1502096064,<30_F,0.0,0.31555051746378865,0.47214621659096756,0.1565956991271789
1502103488,50s_F,0.0,0.35508803501403824,0.3567014819064973,0.0016134468924590695
1502112768,40s_F,0.0,0.8174753513535146,0.8721671841469788,0.054691832793464235
1502174016,40s_F,0.0,0.0925712739913571,0.10889505987795055,0.016323785886593445
1502428288,30s_F,0.0,0.40938413826232756,0.40499242063270996,-0.0043917176296175975
1502459840,<30_F,0.0,0.7210175157409057,0.6340580968057951,-0.08695941893511061
1502550784,30s_F,,0.46928698656375145,0.43003138553865616,-0.03925560102509529
1502567488,30s_F,0.0,0.0871871037086049,0.16402308069526497,0.07683597698666007
1502821760,<30_F,,0.39245528567966026,0.38865881553900117,-0.0037964701406590917
1502983232,30s_F,,0.36720500105626863,0.31097562132485945,-0.05622937973140918
1503011072,<30_M,,0.4554924033725847,0.42260785063815165,-0.032884552734433026
1503040768,30s_F,0.0,0.8478439183660675,0.8662006887651604,0.018356770399092892
1503096448,30s_F,0.0,0.19693556568241255,0.18275775622030754,-0.014177809462105007
1503178112,30s_F,1.0,0.08849847812988637,0.09410616574804315,0.005607687618156776
1503497344,<30_F,0.0,0.620667243161574,0.566621642672098,-0.05404560048947593
1503499200,30s_F,0.0,0.7273045045778131,0.7136370726102689,-0.013667431967544275
1503757184,30s_F,0.0,0.29134981708909224,0.34681982673680944,0.0554700096477172
1503859264,<30_F,0.0,0.31807028281247524,0.33116170108546017,0.013091418272984934
1503875968,40s_F,,0.15493101048825653,0.1662222793623252,0.011291268874068672
1503985472,30s_F,0.0,0.2948509552859162,0.2848198379420747,-0.010031117343841489
1504030016,30s_F,0.0,0.40896141091000765,0.4019134306446393,-0.007047980265368348
1504115392,<30_F,0.0,0.5554501850616864,0.6471748621515045,0.09172467708981813
1504291712,<30_M,0.0,0.11019287823034642,0.1711448122135307,0.060951933983184284
1504410496,40s_M,0.0,0.156552544351137,0.16845085268660093,0.01189830833546393
1504417920,<30_F,1.0,0.2737441998273995,0.27761856317616773,0.0038743633487682283
1504549696,40s_M,1.0,0.6120028773340842,0.6396725680741718,0.027669690740087627
1504978432,30s_F,,0.144233597410687,0.22422845376507408,0.07999485635438708
1505130624,40s_F,0.0,0.781589549854617,0.8242850253385828,0.042695475483965795
1505238272,60+_F,0.0,0.4250477318533835,0.3706925232755762,-0.05435520857780729
1505258688,30s_F,0.0,0.6250447300811897,0.5851056211805714,-0.03993910890061825
1505958400,40s_F,0.0,0.823913680078186,0.8609630972812573,0.03704941720307131
1506125440,30s_F,0.0,0.6800216024888303,0.6936842804510255,0.013662677962195224
1506195968,<30_F,,0.11222272204180621,0.12919151697824025,0.016968794936434037
1506320320,<30_F,0.0,0.1502305381927375,0.18882964274971006,0.038599104556972574
1506504064,30s_F,0.0,0.12037251756041455,0.17408861223870264,0.0537160946782881
1506652544,40s_F,0.0,0.7613055874244106,0.7017833034797687,-0.059522283944641874
1506656256,<30_F,,0.4769071256350398,0.4075852481144239,-0.06932187752061586
1506869696,<30_F,0.0,0.3088290909782887,0.3201151278631526,0.011286036884863904
1506929088,<30_F,1.0,0.07450851404320169,0.12295484448414323,0.04844633044094154
1507092416,<30_F,1.0,0.16263993623719297,0.22283108628305257,0.06019115004585959
1507361536,30s_F,,0.8809195879864062,0.8987751152120382,0.017855527225631995
1507443200,40s_F,,0.42975384098045927,0.5445290538530858,0.11477521287262654
1507511872,30s_M,0.0,0.07317700152173724,0.09532101716154205,0.02214401563980481
1507671488,30s_F,,0.49522434765003476,0.4369216296462388,-0.05830271800379594
1507703040,<30_F,,0.08757070800050702,0.1314398893212221,0.04386918132071509
1507780992,30s_F,0.0,0.1077894394309913,0.0997023991784735,-0.008087040252517802
1507877504,<30_M,0.0,0.8766936574110846,0.8634008627574606,-0.013292794653623985
1508285824,<30_F,0.0,0.17511146558612642,0.21196384924484232,0.036852383658715904
1508369344,40s_M,0.0,0.3118430829363373,0.3155943102474879,0.003751227311150629
1508475136,30s_F,,0.2555926881995825,0.24118466835952682,-0.014408019840055658
1508614336,50s_F,0.0,0.18567211386351798,0.21455795171609318,0.028885837852575202
1508736832,<30_F,0.0,0.501740065715444,0.5527731786816956,0.05103311296625157
1508740544,30s_F,0.0,0.07298293261183318,0.08623746216933048,0.0132545295574973
1508983680,30s_F,,0.8288206176228619,0.8036217029812802,-0.025198914641581638
1509135872,<30_F,0.0,0.8664336882789745,0.8279223341810603,-0.038511354097914174
1509482944,<30_F,,0.0999291041522613,0.1039745835082826,0.0040454793560213
1509492224,40s_F,0.0,0.5613968128786192,0.5271533861996012,-0.03424342667901803
1509527488,30s_F,0.0,0.8617501144524665,0.8830004675735397,0.02125035312107315
1509536768,30s_F,0.0,0.41561867878746156,0.4285806018806187,0.012961923093157135
1509703808,40s_F,1.0,0.8587202896406633,0.8995501056250039,0.040829815984340656
1509778048,<30_F,,0.3686874710000957,0.4166423287316666,0.04795485773157093
1509893120,30s_F,0.0,0.24414243458927903,0.2575196199737063,0.013377185384427281
1510080576,30s_M,,0.3340942944221059,0.34540917374666913,0.01131487932456321
1510132544,30s_F,0.0,0.44712457666732064,0.5441741979113598,0.09704962124403915
1510151104,<30_F,0.0,0.12291302478360404,0.1782199455997024,0.05530692081609835
1510245760,60+_F,0.0,0.574357620953078,0.6394199427213085,0.06506232176823057
1510277312,40s_M,1.0,0.7107288565046747,0.6697992112556334,-0.0409296452490413
1510993728,30s_F,0.0,0.24736704188712366,0.29676100150639273,0.04939395961926907
1511138496,50s_F,0.0,0.7365431534381631,0.7993243223266228,0.06278116888845964
1511277696,60+_F,,0.8897736958618003,0.8990367338983511,0.00926303803655082
1511775104,50s_F,1.0,0.5547292680015758,0.5361575730380242,-0.0185716949635516
1511931008,50s_F,0.0,0.14849607637111967,0.17328075373072294,0.02478467735960327
1511942144,40s_F,0.0,0.8622851893438667,0.8649865750871113,0.002701385743244633
1512038656,<30_F,0.0,0.6693620635789634,0.6116358906167632,-0.057726172962200284
1512419136,50s_F,0.0,0.0928657727886846,0.1243196792077483,0.03145390641906369
1512732800,30s_F,0.0,0.9014605892773527,0.8908347259259589,-0.010625863351393816
1512766208,30s_F,0.0,0.05686054595074174,0.08764435125815578,0.030783805307414043
1512840448,<30_F,0.0,0.07956405261644477,0.10215310442885596,0.022589051812411193
1513040896,30s_F,0.0,0.055824904427101585,0.10756609074473217,0.05174118631763058
1513272896,40s_F,0.0,0.2108693667444863,0.1972789933549504,-0.01359037338953592
1513657088,40s_F,0.0,0.8204562615311211,0.8684301488680805,0.0479738873369594
1513709056,30s_F,0.0,0.06488594147927386,0.10854499104839642,0.04365904956912256
1513857536,<30_F,,0.07599663676105099,0.1365144448436352,0.06051780808258421
1513916928,<30_F,1.0,0.13987252852859342,0.16274536557462302,0.022872837046029604
1514367936,<30_F,,0.3402947072285315,0.3293168012673607,-0.01097790596117082
1514406912,50s_F,0.0,0.08450935203327203,0.10121221465519815,0.01670286262192612
1514540544,50s_F,,0.19494573315409916,0.23512393799571144,0.040178204841612275
1514542400,40s_F,0.0,0.10587502329085961,0.15100154472945607,0.045126521438596454
1514559104,30s_M,0.0,0.16547185683932247,0.17011983286813429,0.004647976028811812
1514560960,40s_F,0.0,0.3253831563767149,0.316736113788711,-0.008647042588003861
1514783680,30s_F,0.0,0.19606077972479563,0.17082512098109912,-0.025235658743696515
1514798528,40s_F,0.0,0.23380375606351272,0.22489617179399016,-0.008907584269522567
1514820800,<30_F,0.0,0.07684033000741035,0.11013578321253405,0.0332954532051237
1514904320,30s_F,0.0,0.8807789963441404,0.9024835365524269,0.021704540208286494
1515221696,40s_F,0.0,0.7911460695947226,0.8141656950601945,0.023019625465471982
1515232832,60+_F,0.0,0.06917416740661837,0.08737836245990838,0.018204195053290004
1515253248,<30_F,0.0,0.4841028783734685,0.49234139981176583,0.008238521438297342
1515312640,<30_F,,0.32739429826018734,0.2941403023049984,-0.033253995955188964
1515466688,<30_F,0.0,0.6440595544919457,0.6230144665909725,-0.02104508790097326
1515509376,60+_F,0.0,0.38586639174666226,0.34489162083135727,-0.04097477091530499
1515615168,50s_F,0.0,0.28169232857680593,0.28620296000031603,0.004510631423510103
1515693120,30s_F,0.0,0.21269570004530094,0.23065418618394695,0.017958486138646007
1515756224,40s_F,0.0,0.7605266784644524,0.7185239774073849,-0.04200270105706749
1515817472,50s_F,1.0,0.5713298754431902,0.6439877036330414,0.07265782818985111
1515836032,50s_F,0.0,0.9045624991939669,0.9022194081994198,-0.0023430909945471035
1516010496,60+_F,,0.12027791395440256,0.13867885010978165,0.01840093615537909
1516012352,<30_M,1.0,0.0800397951405654,0.08752310528531627,0.007483310144750871
1516121856,40s_M,,0.8381474099620503,0.9068079748064553,0.06866056484440497
1516478208,40s_F,,0.7739018915429281,0.748514285594372,-0.025387605948556047
1516548736,<30_F,,0.20289353505829588,0.2238357114326149,0.020942176374319027
1516619264,30s_F,0.0,0.10039463354758955,0.14022733945399468,0.03983270590640513
1516910656,50s_F,0.0,0.08184579002627775,0.11006978311365515,0.0282239930873774
1517317120,<30_F,0.0,0.06290731624977469,0.10176851997652041,0.038861203726745716
1517400640,30s_F,0.0,0.13179197701005269,0.16133714112270123,0.029545164112648542
1517471168,<30_F,0.0,0.1796855686450977,0.21071557216330997,0.03103000351821228
1517953728,30s_M,,0.746978131320964,0.7627632386424495,0.015785107321485525
1518193152,50s_M,,0.38996817181872623,0.40716889087422464,0.017200719055498415
1518215424,50s_F,,0.07313962572883831,0.08953900129932778,0.01639937557048947
1518278528,<30_F,0.0,0.28175234425204965,0.36036180270633744,0.0786094584542878
1518482688,50s_F,0.0,0.1189997338617446,0.14456129910370732,0.025561565241962722
1518612608,<30_F,,0.640876743203696,0.5372732693874659,-0.10360347381623014
1518699840,<30_F,0.0,0.09813512227450522,0.13654026918532594,0.038405146910820726
1518727680,30s_F,0.0,0.2998984110899178,0.2869271600061869,-0.012971251083730928
1518905856,40s_F,0.0,0.14895502896348733,0.16516342032655956,0.016208391363072228
1519178688,40s_F,0.0,0.16455155129234986,0.2131610141158862,0.04860946282353634
1519247360,<30_F,0.0,0.31176622123410913,0.3352707211359008,0.023504499901791653
1519258496,<30_F,0.0,0.6322347824924756,0.702656717592682,0.07042193510020645
1519685376,<30_F,0.0,0.19846546302917153,0.24126752527191025,0.04280206224273872
1519731776,<30_F,0.0,0.5729572656130507,0.6432577424303142,0.07030047681726348
1519813440,<30_F,0.0,0.8671914933045701,0.8459522780665337,-0.021239215238036402
1520039872,30s_F,0.0,0.7327020118289489,0.6382677825211043,-0.09443422930784462
1520051008,40s_F,1.0,0.2645301979885849,0.25932587856126466,-0.0052043194273202475
1520052864,30s_F,0.0,0.20282902173423603,0.2363010986805179,0.033472076946281876
1520205056,40s_F,0.0,0.10957985899042122,0.1689821886307038,0.05940232964028258
1520245888,30s_F,0.0,0.13262085109020025,0.13974863232852341,0.0071277812383231665
1520281152,<30_F,0.0,0.06842037629948097,0.09512121295195673,0.02670083665247576
1520288576,30s_F,0.0,0.11734187534850561,0.1187615781541155,0.0014197028056098931
1520531712,<30_F,0.0,0.6630622709446691,0.6526538730271586,-0.01040839791751047
1520561408,30s_M,0.0,0.5555328895169944,0.6639160499973699,0.10838316048037544
1520804544,30s_F,0.0,0.15724726775694933,0.18358046347253354,0.026333195715584207
1520836096,30s_F,0.0,0.24687909178019968,0.23658606966416024,-0.01029302211603944
1521021696,<30_F,1.0,0.14938957170918743,0.18843658213314107,0.03904701042395364
1521053248,<30_F,,0.863467372713007,0.8124820643700678,-0.05098530834293924
1521088512,60+_F,0.0,0.7460731452346898,0.7480649927753046,0.001991847540614766
1521092224,30s_F,0.0,0.18270191977422465,0.1849001667784314,0.0021982470042067603
1521209152,<30_F,0.0,0.20708265597349346,0.23348107944147756,0.0263984234679841
1521268544,<30_F,0.0,0.08685553153869739,0.13375028622954854,0.04689475469085115
1521342784,30s_F,0.0,0.20638355313535517,0.17892196590007003,-0.027461587235285134
1521344640,30s_F,0.0,0.11253345487904372,0.13174555464683524,0.01921209976779152
1521352064,40s_F,0.0,0.46527341693202184,0.4416696065208695,-0.023603810411152337
1521405888,40s_M,0.0,0.1911142244757524,0.2756262720780678,0.08451204760231537
1521450432,30s_F,0.0,0.09830994828065696,0.10604217352965545,0.007732225248998484
1521825344,50s_F,0.0,0.31676038472815293,0.33054801502999426,0.013787630301841325
1522267072,<30_F,0.0,0.07060804790381355,0.10880889405481747,0.03820084615100393
1522311616,30s_F,,0.5987596367234679,0.5792471598835351,-0.019512476839932735
1522523200,<30_F,,0.06683124187125795,0.11238476303124104,0.04555352115998308
1522614144,<30_F,0.0,0.3049968823780001,0.30747218487416283,0.0024753024961627346
1522723648,<30_F,0.0,0.7559565146912641,0.6723806890186432,-0.0835758256726209
1522909248,50s_F,0.0,0.5499347195366892,0.5881130782982086,0.038178358761519426
1522914816,40s_F,0.0,0.08007109158516874,0.12824139472874024,0.0481703031435715
1522987200,40s_M,,0.11255090057699983,0.18005666176496798,0.06750576118796815
1523031744,40s_F,,0.07666659280105571,0.08925907137787532,0.01259247857681961
1523039168,<30_F,0.0,0.3447043869801265,0.3718841953399377,0.02717980835981121
1523195072,50s_F,0.0,0.8462533411449619,0.8477916385031884,0.0015382973582265258
1523349120,30s_F,0.0,0.6022706610203327,0.7470127456317118,0.14474208461137916
1523467904,<30_M,0.0,0.3181578675049917,0.28684316560258677,-0.03131470190240493
1523581120,<30_F,0.0,0.08087902524033774,0.08670817542490174,0.005829150184563994
1523582976,60+_F,0.0,0.23132555683247144,0.2919786564307825,0.06065309959831108
1523638656,30s_F,0.0,0.15296208247000703,0.21272178812908865,0.05975970565908162
1523672064,30s_F,0.0,0.5275870853433532,0.5144605718414845,-0.013126513501868664
1523673920,40s_F,0.0,0.8733915892196488,0.850945711832096,-0.02244587738755277
1523874368,30s_F,0.0,0.09703649915246398,0.09786942495607606,0.0008329258036120779
1523900352,30s_F,0.0,0.1277286630332375,0.1239052506752558,-0.0038234123579816842
1524115648,50s_F,,0.4925857488463857,0.43749946383360194,-0.05508628501278373
1524254848,50s_F,0.0,0.7722326422379083,0.7921377101044546,0.019905067866546222
1524390336,60+_F,0.0,0.1495666431162738,0.12615054048377616,-0.023416102632497632
1524392192,50s_M,0.0,0.09528371104951666,0.15011181668587542,0.05482810563635876
1524401472,<30_F,0.0,0.21502427892860215,0.2289146925896376,0.013890413661035439
1524579648,60+_F,,0.47599911015412294,0.3771428265475314,-0.09885628360659154
1524728128,<30_F,0.0,0.1229123570801646,0.1742389989109724,0.05132664183080779
1524746688,30s_F,0.0,0.11484530176878453,0.12269478907763118,0.007849487308846645
1524752256,30s_F,0.0,0.10679569767703062,0.1260494312999069,0.019253733622876273
1524796800,<30_F,,0.11068954268770952,0.12487079970182012,0.014181257014110604
1524828352,<30_F,0.0,0.12085111296225808,0.15532973467577257,0.0344786217135145
1524869184,30s_F,,0.46623330301753,0.40187247812150084,-0.06436082489602918
1525116032,60+_F,0.0,0.13770029826592353,0.1557512974009624,0.01805099913503888
1525333184,<30_M,0.0,0.8357333955395696,0.8270608149783802,-0.008672580561189358
1525448256,40s_F,0.0,0.28409316231493636,0.3315638109860909,0.047470648671154525
1525466816,<30_F,1.0,0.43323447774973145,0.42770959293532795,-0.005524884814403497
1525557760,<30_F,0.0,0.06947580880804502,0.0967351941194633,0.027259385311418277
1525672832,<30_F,0.0,0.06295719906504367,0.11289080534773639,0.04993360628269272
1526261184,30s_F,,0.4910638036623204,0.4786252281119479,-0.012438575550372477
1526673216,<30_M,0.0,0.733166773274941,0.7596325124385502,0.02646573916360928
1526723328,<30_F,0.0,0.08775921824345795,0.1211560371413643,0.033396818897906355
1526910784,30s_F,,0.7701781672939388,0.7693548968450803,-0.0008232704488585485
1527053696,30s_Unknown,0.0,0.09096302578447349,0.08116260696264231,-0.009800418821831178
1527098240,40s_F,0.0,0.5349979187308396,0.5866686946957842,0.051670775964944626
1527317248,30s_F,,0.5417863012558857,0.5588273997176307,0.017041098461745063
1527397056,30s_F,0.0,0.17591898645289114,0.22225324848934036,0.04633426203644922
1527462016,30s_F,0.0,0.2805300532149078,0.27767335962701195,-0.0028566935878958644
1527744128,40s_F,0.0,0.19291336291455358,0.2203979868443115,0.027484623929757923
1527803520,50s_F,0.0,0.08588517765712606,0.09135410578824572,0.005468928131119669
1528209984,40s_F,0.0,0.42647407926253417,0.3632596321549449,-0.06321444710758928
1528230400,<30_M,0.0,0.7033631451197411,0.7186621994657442,0.015299054346003094
1528321344,<30_F,0.0,0.19629542148681733,0.2040420375677573,0.007746616080939961
1528351040,30s_F,0.0,0.8640846231992347,0.8188763283280825,-0.04520829487115219
1528538496,60+_F,0.0,0.16418563360825883,0.17128379927687976,0.007098165668620926
1528607168,30s_F,0.0,0.28332596795327,0.2537265150155757,-0.02959945293769428
1528618304,50s_F,0.0,0.7210252122201439,0.6964564241588966,-0.024568788061247293
1528662848,<30_F,1.0,0.22013988616127686,0.21684778462341658,-0.003292101537860276
1528781632,50s_F,1.0,0.13817525315851265,0.16456623897415537,0.026390985815642726
1528813184,<30_F,1.0,0.2549471127841202,0.27681288954226707,0.021865776758146882
1528883712,<30_F,0.0,0.10994074081302767,0.1434098638097593,0.033469122996731646
1528978368,40s_F,,0.0941881001273857,0.13111615071804542,0.03692805059065972
1529158400,<30_F,0.0,0.07237165958362332,0.09072723626624402,0.018355576682620695
1529176960,<30_M,,0.1791533059758772,0.2069222103965969,0.027768904420719692
1529193664,<30_F,0.0,0.0787814237284486,0.10009235222489016,0.02131092849644156
1529197376,30s_F,0.0,0.1839232570921741,0.23074639872342945,0.04682314163125534
1529358848,50s_F,0.0,0.6531727405126834,0.6150423612241701,-0.03813037928851326
1529527744,40s_F,,0.8350713005333706,0.8807620018997955,0.045690701366424835
1529648384,30s_F,0.0,0.0646776133041795,0.11575885824100132,0.051081244936821826
1529711488,40s_F,0.0,0.13687508446268365,0.1747713581488407,0.037896273686157056
1529798720,<30_F,1.0,0.07240778252424614,0.08677089764110542,0.014363115116859282
1529876672,30s_F,,0.4783204319134793,0.4318345725274806,-0.046485859385998696
1529887808,<30_F,0.0,0.1456085977299,0.1896769726245556,0.04406837489465559
1529962048,<30_M,1.0,0.8376990399799078,0.8436469449203148,0.005947904940406978
1529993600,30s_F,,0.7220511694379177,0.746729651045911,0.024678481607993352
1530032576,50s_F,0.0,0.5134651007306308,0.44241297357837417,-0.07105212715225662
1530047424,30s_F,0.0,0.4002115803065584,0.4458756822136942,0.04566410190713582
1530140224,<30_F,0.0,0.22898732114304743,0.24226250356281842,0.013275182419770992
1530260864,30s_F,0.0,0.07764607379440472,0.12222061913435381,0.04457454533994909
1530297984,60+_F,0.0,0.5613785286477657,0.45869756612329404,-0.10268096252447168
1530307264,<30_F,0.0,0.06327837221340658,0.10007416147176476,0.03679578925835818
1530377792,<30_F,0.0,0.1357126368732572,0.13773180968734366,0.0020191728140864784
1530426048,30s_F,,0.45496755361891983,0.49572132080456605,0.04075376718564622
1530427904,40s_M,,0.2814767461249884,0.3148319810490285,0.03335523492404008
1530437184,30s_F,0.0,0.10418728441609763,0.16725075206883946,0.06306346765274183
1530455744,30s_F,0.0,0.06860508601967387,0.09623994559246223,0.027634859572788356
1530559680,40s_F,0.0,0.6039282053537333,0.7005171232465073,0.09658891789277402
1530591232,50s_F,0.0,0.5697106666379578,0.5806968534179391,0.01098618677998131
1530624640,30s_F,,0.511038629630978,0.4426690780703217,-0.06836955156065633
1530784256,30s_F,,0.37943869255842627,0.31607918362644843,-0.06335950893197784
1530984704,<30_F,0.0,0.08895172173983351,0.1283802250738309,0.03942850333399739
1531021824,30s_F,0.0,0.7076294312995037,0.6822243286438617,-0.025405102655641998
1531088640,<30_M,0.0,0.06161343716826915,0.09397047082229956,0.032357033654030413
1531391168,30s_F,0.0,0.1154901200713033,0.18743426876445043,0.07194414869314714
1531673280,<30_F,0.0,0.5875730971104298,0.5982780564634845,0.01070495935305471
1531894144,60+_F,,0.15759628381622542,0.19078683144951333,0.03319054763328791
1531897856,40s_F,0.0,0.08403515460242306,0.1362516565886226,0.05221650198619954
1531901568,30s_F,,0.06242237616753592,0.11288263375334864,0.050460257585812726
1531942400,<30_F,0.0,0.8631565143842539,0.8095138668298391,-0.053642647554414835
1531999936,<30_F,0.0,0.06712932600738171,0.10914263391905983,0.04201330791167812
1532139136,<30_F,0.0,0.12063452944042846,0.13637741096546838,0.015742881525039915
1532152128,<30_F,,0.12338019925232897,0.14060228125293422,0.01722208200060525
1532211520,40s_F,0.0,0.8756436091985261,0.845723738446149,-0.02991987075237712
1532356288,30s_F,0.0,0.577469677566363,0.6655461514035413,0.08807647383717832
1532406400,30s_F,,0.0690107395655735,0.10875113275963798,0.03974039319406447
1532465792,50s_F,0.0,0.3527808784713241,0.30937830438876013,-0.04340257408256398
1532617984,30s_F,0.0,0.2773602807735261,0.35083149101749683,0.07347121024397074
1532916800,50s_F,,0.7315746735256006,0.6823787730311949,-0.0491959004944057
1532968768,30s_F,,0.856768015822085,0.8845134260053438,0.027745410183258823
1532985472,50s_F,0.0,0.8920675574545769,0.889104336761632,-0.002963220692944857
1533005888,30s_F,0.0,0.878535130477644,0.876534170430687,-0.0020009600469569344
1533056000,40s_F,,0.7907017442178931,0.8150617599896431,0.024360015771750065
1533085696,30s_F,0.0,0.12469948504386083,0.19541068690038071,0.07071120185651988
1533094976,30s_F,0.0,0.11382355534691488,0.12087368506063653,0.007050129713721653
1533260160,30s_F,0.0,0.20388240106879083,0.2218936518370712,0.018011250768280362
1533284288,<30_F,0.0,0.6250035543910815,0.5267065616394211,-0.09829699275166037
1533315840,30s_F,0.0,0.12222404710369211,0.12871133250812009,0.006487285404427973
1533347392,50s_F,0.0,0.10291558333285845,0.137637159564164,0.03472157623130555
1533560832,30s_F,0.0,0.14689623295321833,0.18044601779716057,0.03354978484394225
1533586816,<30_F,0.0,0.19006170163349784,0.2143842478379786,0.024322546204480766
1533720448,30s_F,,0.06749160984501709,0.10449099325740109,0.036999383412384
1533870784,50s_F,,0.2557076897462155,0.26716634822945584,0.011458658483240347
1533956160,50s_F,1.0,0.09725719532594812,0.14603249549030578,0.04877530016435766
1534115776,30s_F,1.0,0.11085340008710298,0.13340348346316577,0.02255008337606279
1534243840,<30_F,1.0,0.1052782283190636,0.16003300838693194,0.05475478006786834
1534293952,40s_F,,0.25905943216398275,0.284607638654205,0.02554820649022227
1534427584,30s_F,,0.8534991659065448,0.8564349446310291,0.0029357787244842504
1534459136,40s_M,,0.05956110365728839,0.10418347337149131,0.04462236971420292
1534694848,40s_M,,0.8892108496454653,0.9026973230377965,0.013486473392331222
1534698560,<30_F,0.0,0.5782200816967985,0.5856974772467408,0.007477395549942312
1534802496,50s_F,0.0,0.3067877217399531,0.3254045985041683,0.018616876764215196
1535370432,60+_F,0.0,0.10367415507779974,0.111645055602623,0.007970900524823257
1535403840,<30_F,0.0,0.32626140006979937,0.4464698082262323,0.12020840815643291
1535509632,40s_F,0.0,0.7792425587459627,0.7492576933714546,-0.029984865374508063
1535561600,50s_F,0.0,0.6405969429005115,0.7487264887979612,0.10812954589744972
1535602432,<30_F,,0.09795621056695557,0.2007381798195573,0.10278196925260173
1535613568,<30_F,0.0,0.2092390669043931,0.20453937318651005,-0.004699693717883036
1535723072,30s_F,1.0,0.1152462419218971,0.12098435707076682,0.005738115148869724
1535752768,50s_F,0.0,0.308377669817184,0.3230988648852414,0.014721195068057413
1535763904,40s_F,,0.07011348216244968,0.08305264495690405,0.012939162794454367
1535817728,40s_F,0.0,0.10199177591919462,0.12348173519334671,0.021489959274152093
1536097984,30s_F,0.0,0.5403979776968924,0.6365163975082782,0.0961184198113858
1536309568,<30_F,0.0,0.26525785071190816,0.2947148523395453,0.029457001627637147
1536331840,<30_F,0.0,0.06166739710190115,0.08692225699841433,0.025254859896513174
1536506304,<30_F,0.0,0.4403783367267094,0.36528796419711923,-0.07509037252959017
1536675200,30s_M,0.0,0.0619245408178448,0.08732692581970206,0.025402385001857257
1536996288,30s_F,0.0,0.24674930044574295,0.25007993895024394,0.0033306385045009934
1537120640,<30_F,0.0,0.07434103997560716,0.08841483558929214,0.014073795613684978
1537206016,40s_F,0.0,0.2690861061170752,0.2500129169730364,-0.01907318914403877
1537471424,30s_F,0.0,0.44956727052864814,0.45938200176829436,0.009814731239646213
1537560512,30s_F,0.0,0.49936634588133144,0.45085485232479816,-0.04851149355653328
1537801792,50s_F,0.0,0.9016700505117481,0.9143152795379743,0.012645229026226223
1537812928,50s_F,1.0,0.08458525138842296,0.08109903757172818,-0.003486213816694783
1537924288,50s_F,0.0,0.05998585008732066,0.10396743481305946,0.043981584725738807
1538250944,40s_F,0.0,0.06413059825828943,0.10361208554292642,0.03948148728463699
1538267648,30s_F,1.0,0.15463783989616836,0.13999620401217555,-0.01464163588399281
1538321472,40s_F,0.0,0.4892755505155986,0.47513333398742474,-0.014142216528173879
1538379008,<30_F,1.0,0.5222577003466545,0.5218842983732326,-0.0003734019734219496
1538533056,40s_F,1.0,0.38472110695339234,0.4308477511287283,0.04612664417533596
1539088000,<30_F,1.0,0.1435481920956892,0.2082225269148589,0.0646743348191697
1539121408,30s_F,0.0,0.07814860311378706,0.11466097418192892,0.036512371068141855
1539206784,50s_F,0.0,0.49653470362623103,0.4581784828479362,-0.038356220778294814
1539338560,30s_F,,0.20382059769516292,0.20034761262792744,-0.003472985067235479
1539368256,50s_M,,0.21656716350414412,0.22661219321365342,0.010045029709509296
1539459200,40s_F,1.0,0.8251274920228943,0.8510305043727142,0.025903012349819954
1539596544,<30_F,,0.47181855151942026,0.4698967797342239,-0.001921771785196369
1539772864,<30_F,0.0,0.36803124055736275,0.3984590272906725,0.03042778673330976
1539917632,30s_F,,0.24925659921962404,0.2925115306561348,0.04325493143651074
1539954752,30s_F,,0.1855371698274395,0.18320339069963543,-0.002333779127804081
1540253568,30s_F,,0.8808184595439357,0.8675797789630498,-0.013238680580885842
1540268416,30s_F,0.0,0.24022303610507656,0.2542667976749534,0.014043761569876856
1540283264,<30_F,,0.35668288449293917,0.43313942081588264,0.07645653632294347
1540316672,30s_F,,0.7367205913717616,0.7637634409098704,0.02704284953810876
1540515264,30s_F,,0.0887328253228656,0.13035173635073838,0.04161891102787278
1540569088,30s_F,0.0,0.3174330317417686,0.34948030729437657,0.032047275552607946
1540686016,50s_F,1.0,0.8968204400429404,0.8916961377684722,-0.00512430227446814
1540832640,50s_F,1.0,0.07540141293283047,0.09218150250451171,0.016780089571681242
1540879040,<30_F,,0.1253537033821971,0.14745535710221644,0.02210165372001935
1541086912,<30_F,,0.17824822740406707,0.16864757870511984,-0.009600648698947223
1541343040,30s_F,0.0,0.4037999049641677,0.3259999334201661,-0.07779997154400159
1541378304,<30_F,0.0,0.16702348711728046,0.19110917759164675,0.02408569047436629
1541406144,30s_F,,0.7291076682031321,0.7784518647801849,0.0493441965770528
1542055744,30s_F,0.0,0.22570268954751552,0.21205059447129726,-0.013652095076218257
1542274752,30s_F,,0.6880137068477294,0.659535455030094,-0.028478251817635414
1542462208,<30_F,0.0,0.3787833399313052,0.4677517500567654,0.0889684101254602
1542475200,50s_F,0.0,0.06973639235395604,0.090026412814312,0.020290020460355968
1542621824,<30_F,1.0,0.08971976630202284,0.09699977967300487,0.007280013370982025
1542699776,40s_F,,0.19147048887071427,0.21077661631822825,0.019306127447513977
1542781440,30s_F,1.0,0.3746979851374214,0.39040878420947567,0.01571079907205425
1542952192,<30_F,0.0,0.08151480853470393,0.12363435559972985,0.04211954706502592
1543000448,30s_F,0.0,0.05731143252494446,0.09904354910823905,0.04173211658329459
1543119232,<30_F,0.0,0.5947544397886976,0.5706111342493925,-0.024143305539305104
1543143360,50s_F,0.0,0.2569295814214767,0.24989526588845284,-0.0070343155330238605
1543252864,<30_F,1.0,0.13699107722796267,0.22304831401559574,0.08605723678763308
1543637056,30s_F,0.0,0.09686197970660601,0.09843249321953143,0.00157051351292542
1543880192,30s_F,0.0,0.12179355118151156,0.14106031449338244,0.019266763311870883
1543902464,<30_F,0.0,0.07516472178567302,0.11698021739907287,0.04181549561339985
1543937728,60+_F,,0.21340839427651642,0.24447290551710218,0.031064511240585763
1543960000,30s_F,0.0,0.4654977707661135,0.4343015049286854,-0.031196265837428072
1544045376,40s_F,1.0,0.6950186241115565,0.5978229365698984,-0.09719568754165808
1544050944,30s_F,1.0,0.3787305536925802,0.39359203225122785,0.014861478558647667
1544156736,40s_F,0.0,0.2485993441314222,0.3051363524754844,0.05653700834406217
1544167872,30s_F,1.0,0.3435131187405209,0.2906113255721492,-0.05290179316837168
1544169728,30s_F,0.0,0.5942765393765669,0.6461654786441102,0.051888939267543344
1544173440,<30_F,0.0,0.6515701835458273,0.6101013491477428,-0.041468834398084464
1544299648,50s_F,,0.4024397351900163,0.34648825859611115,-0.05595147659390515
1544312640,30s_F,,0.06778033399511266,0.10182075696899195,0.0340404229738793
1544360896,60+_F,0.0,0.21063670722762584,0.20871775951752855,-0.0019189477100972907
1544381312,40s_F,,0.4515692851358576,0.47824721165337075,0.026677926517513162
1544637440,40s_F,,0.6102472083842502,0.6192770437117769,0.00902983532752677
1544977088,<30_F,0.0,0.5275732290108684,0.5968963742374579,0.06932314522658944
1545196096,40s_F,0.0,0.1649502374585406,0.160627925981188,-0.004322311477352597
1545364992,<30_F,,0.3788094436847846,0.4523343564772503,0.0735249127924657
1546070272,40s_F,1.0,0.8867469292735916,0.890432128051823,0.00368519877823148
1546348672,60+_F,0.0,0.1605894014573551,0.16815805026259006,0.007568648805234973
1546437760,60+_F,0.0,0.8514512601669724,0.9011339136275606,0.0496826534605882
1546530560,<30_F,0.0,0.06566265638039293,0.11804928193386856,0.05238662555347563
1546864640,<30_F,0.0,0.2111370274009132,0.19586312749470292,-0.015273899906210281
1546877632,<30_M,0.0,0.11497107511484156,0.16315702978517233,0.048185954670330766
1546903616,30s_F,0.0,0.2854315007378671,0.2810496417931272,-0.004381858944739914
1547040960,30s_F,0.0,0.4735379749479414,0.45208399941901706,-0.021453975528924363
1547241408,<30_F,0.0,0.5021932259688526,0.43097198048578067,-0.07122124548307196
1547285952,40s_F,0.0,0.07496947349892497,0.09356942566126981,0.01859995216234485
1547417728,50s_F,0.0,0.9087289680219865,0.9196121638370517,0.010883195815065139
1547430720,<30_F,0.0,0.2565420189874865,0.24744966376180144,-0.009092355225685078
1547451136,30s_F,0.0,0.39598838588023955,0.3439170123179243,-0.052071373562315226
1547579200,50s_F,1.0,0.08198076442396847,0.09767372450769667,0.015692960083728197
1547814912,60+_F,1.0,0.164958693486628,0.1861782853895587,0.021219591902930685
1547857600,30s_M,0.0,0.07961144960446587,0.1253255025416354,0.04571405293716954
1547978240,40s_F,0.0,0.8947934086176272,0.8897471171815619,-0.0050462914360653865
1548084032,40s_F,0.0,0.20305106433436712,0.20467624531537287,0.0016251809810057527
1548217664,40s_F,1.0,0.5687183353094469,0.5795078074246679,0.010789472115220966
1548345728,<30_F,0.0,0.064912392727213,0.10225732619384248,0.03734493346662948
1548562880,50s_F,,0.07633768771152281,0.10081357226971509,0.024475884558192273
1548596288,<30_M,1.0,0.12831887469541617,0.15646657217745752,0.02814769748204135
1548913664,50s_F,0.0,0.07347641118874176,0.11241021591727468,0.03893380472853292
1548947072,50s_F,0.0,0.9040799817518529,0.9265973689848326,0.02251738723297969
1549101120,30s_F,,0.20659458883787774,0.2280013282211636,0.021406739383285855
1549143808,30s_F,1.0,0.14116809634835856,0.1278935191534333,-0.013274577194925252
1549299712,50s_M,,0.08749209585001846,0.11729819920088566,0.029806103350867197
1549412928,50s_F,0.0,0.5376328623024593,0.5648723358826713,0.027239473580211948
1549429632,40s_F,0.0,0.9453099996614148,0.8956606914170716,-0.049649308244343215
1549524288,<30_F,1.0,0.06000811467277863,0.08928463281570412,0.029276518142925485
1549533568,50s_F,0.0,0.47235811561839014,0.6010443533850933,0.12868623776670318
1549698752,30s_F,0.0,0.4917471262152888,0.5589857887292671,0.06723866251397825
1549969728,40s_F,0.0,0.3955878853735692,0.3711053834127511,-0.02448250196081808
1549986432,30s_F,1.0,0.5705526356059265,0.5408253121552475,-0.029727323450678966
1550069952,<30_F,0.0,0.17838004422867715,0.23410706717874838,0.05572702295007123
1550075520,30s_F,0.0,0.3981160835648474,0.34467944972030923,-0.05343663384453817
1550392896,30s_M,0.0,0.10792359204991067,0.1332746070188012,0.02535101496889053
1550548800,60+_F,0.0,0.09296623035806274,0.08697943949680283,-0.005986790861259916
1550662016,50s_M,0.0,0.9145257625093904,0.9263846972595217,0.011858934750131223
1550960832,40s_F,0.0,0.1981939187362869,0.1640000445083913,-0.034193874227895577
1550968256,50s_F,1.0,0.19383256196728593,0.14414061897372257,-0.04969194299356336
1550997952,<30_M,0.0,0.3095245314944712,0.3596862340057588,0.0501617025112876
1551109312,30s_F,0.0,0.09409827057166298,0.09852429807768072,0.004426027506017741
1551302336,40s_F,0.0,0.8862025917582587,0.8932718417313366,0.007069249973077896
1551322752,30s_F,0.0,0.8041720240977566,0.8694636626703867,0.0652916385726301
1551350592,30s_F,0.0,0.21585898438267495,0.23868633531622543,0.022827350933550483
1551393280,40s_F,0.0,0.8072501423571591,0.7871252116598316,-0.02012493069732746
1551400704,50s_M,0.0,0.5606678391183464,0.6402488438486743,0.07958100473032792
1551525056,30s_F,0.0,0.11811483504665914,0.19448010083276818,0.07636526578610904
1551621568,<30_F,,0.1600661156203068,0.19731614778241138,0.037250032162104596
1551716224,40s_F,,0.1003366309842728,0.16022805182976338,0.05989142084549058
1551784896,30s_F,0.0,0.10591848461319657,0.1439706118948793,0.03805212728168274
1551816448,30s_F,0.0,0.3354552121523991,0.28129228212958496,-0.05416293002281414
1552100416,40s_M,0.0,0.27635132205215307,0.2511338563934969,-0.02521746565865618
1552128256,<30_F,,0.16221621195913427,0.23108052082084052,0.06886430886170625
1552196928,50s_F,0.0,0.1885129175278955,0.22404547831920307,0.035532560791307566
1552209920,<30_F,0.0,0.7593243816246147,0.6242920766639841,-0.13503230496063057
1552313856,50s_F,1.0,0.16516849402286776,0.2220141940490459,0.05684570002617814
1552510592,<30_F,1.0,0.33220183937980863,0.35703119691628915,0.024829357536480523
1552545856,50s_F,0.0,0.11724829763335158,0.15031480963671576,0.033066512003364176
1552555136,30s_F,1.0,0.10356214887967004,0.13387204022849208,0.030309891348822046
1552607104,<30_F,0.0,0.08203130286620942,0.10182230827657196,0.019791005410362536
1552629376,30s_F,0.0,0.0940238452354256,0.13566781646821374,0.04164397123278814
1552892928,30s_F,0.0,0.4738536648606659,0.4238758946444354,-0.049977770216230455
1553271552,30s_F,0.0,0.5136409454010029,0.6488342218833687,0.1351932764823658
1553410752,50s_F,,0.08772850346857995,0.14899471383338095,0.061266210364800996
1553446016,<30_F,,0.06184642226790526,0.09774656157771497,0.03590013930980971
1553601920,<30_F,0.0,0.4955763430737335,0.5577346850906229,0.062158342016889356
1553624192,<30_F,0.0,0.21729205775456684,0.2680200199275265,0.05072796217295966
1553817216,30s_F,0.0,0.21360237673377966,0.2350672494652958,0.02146487273151615
1553867328,30s_F,0.0,0.8647551362908981,0.8845490623132376,0.019793926022339536
1553882176,<30_F,0.0,0.07701796239767428,0.15728291591568386,0.08026495351800958
1553960128,50s_M,,0.549201132593688,0.6434819719337905,0.09428083934010256
1554013952,40s_F,0.0,0.47475277444083913,0.6103909605727311,0.135638186131892
1554270080,40s_F,0.0,0.22138532187789753,0.3065356379389794,0.0851503160610819
1554346176,40s_F,1.0,0.08492309254354735,0.09553864953894925,0.010615556995401898
1554606016,30s_F,,0.10574151851311052,0.11290421417380453,0.00716269566069401
1554722944,<30_F,1.0,0.14417822527406832,0.15332342173244637,0.009145196458378052
1554743360,40s_M,1.0,0.08706620287442206,0.09955069270147764,0.012484489827055578
1554791616,60+_F,,0.24790476422156565,0.24183605040414943,-0.006068713817416221
1554802752,40s_F,,0.8349604952146075,0.9001566210816679,0.06519612586706047
1554878848,40s_F,0.0,0.7467756947449896,0.7561220907402526,0.00934639599526299
1555483904,30s_F,0.0,0.153666524569632,0.15768864483181833,0.004022120262186318
1555535872,30s_F,0.0,0.42694995822926807,0.44481744721191446,0.017867488982646396
1555782720,<30_F,0.0,0.09773962123472492,0.11073727528308405,0.012997654048359134
1555823552,40s_F,0.0,0.15066657157879643,0.2175587820721451,0.06689221049334867
1555882944,50s_F,1.0,0.42893209654897313,0.3687943522378408,-0.060137744311132335
1555905216,40s_F,0.0,0.38952395527725137,0.41193898525057365,0.022415029973322287
1555981312,30s_F,0.0,0.5235079503332277,0.4350412401136163,-0.08846671021961144
1556218880,<30_F,,0.1762191454671635,0.20527746830389598,0.029058322836732486
1556354368,<30_F,0.0,0.05982638498455708,0.10680662358100344,0.046980238596446365
1556497280,30s_F,0.0,0.06489758088762831,0.11323447711561334,0.048336896227985024
1556541824,<30_F,0.0,0.6714040611622647,0.5607366265754391,-0.1106674345868256
1556543680,50s_F,,0.11294288998529439,0.1523463377145402,0.03940344772924581
1556603072,40s_F,,0.5441116075740511,0.4972606109408584,-0.0468509966331927
1556690304,40s_F,0.0,0.1890806542917107,0.18747868713455426,-0.0016019671571564364
1556697728,<30_F,0.0,0.07557789934683493,0.14124388178451056,0.06566598243767563
1556720000,30s_F,0.0,0.36870860902916275,0.37926173535438024,0.010553126325217488
1556768256,<30_M,0.0,0.12192878139420019,0.14158638747301505,0.019657606078814865
1557126464,<30_M,0.0,0.23276194392250688,0.24116147128841306,0.008399527365906184
1557343616,40s_M,1.0,0.7377762511730706,0.6814652403637118,-0.05631101080935874
1557391872,<30_M,,0.18922832839098902,0.2295685682610804,0.04034023987009139
1557527360,50s_F,0.0,0.25817985911372154,0.2455397545848134,-0.012640104528908153
1557646144,<30_F,1.0,0.17242839829201814,0.18770427410015064,0.0152758758081325
1557785344,30s_F,,0.08918981601514156,0.13113583096033923,0.041946014945197674
1557824320,30s_F,0.0,0.21269138525030037,0.19527816731554837,-0.017413217934752007
1557831744,40s_F,1.0,0.06730422140689465,0.07702681977017062,0.009722598363275964
1557905984,50s_F,0.0,0.07490028988368282,0.13782175081444023,0.06292146093075741
1558258624,40s_F,,0.804350895688868,0.8696849767898116,0.06533408110094363
1558531456,40s_M,0.0,0.09902960176534892,0.14107142966988562,0.0420418279045367
1558570432,30s_F,,0.5356797057336994,0.47834954786690126,-0.057330157866798126
1558720768,40s_F,0.0,0.07166086402689449,0.0854708945379881,0.013810030511093613
1558739328,30s_F,,0.43859241302582985,0.4796726816932462,0.04108026866741632
1559149504,40s_F,0.0,0.07508112885014406,0.08415700305940266,0.009075874209258594
1559210752,30s_F,0.0,0.5869337402121202,0.5988565132765747,0.01192277306445455
1559704448,40s_F,0.0,0.10696079981269772,0.1207577112317367,0.013796911419038979
1559956864,<30_F,0.0,0.0664887675781532,0.10656755109902175,0.04007878352086855
1559969856,<30_F,,0.3777346526357106,0.31389373484508215,-0.06384091779062845
1559993984,<30_F,0.0,0.063325824612847,0.1037422538356022,0.04041642922275521
1560170304,40s_M,0.0,0.7720176763757965,0.8499499036206357,0.07793222724483917
1560272384,30s_F,0.0,0.3889142525715929,0.5041338275179307,0.11521957494633778
1560541504,40s_F,0.0,0.5385106289150008,0.5169996674004804,-0.021510961514520366
1560977664,30s_F,0.0,0.7646267082716686,0.817627256317424,0.05300054804575538
1561083456,<30_F,0.0,0.20147704536483776,0.2602679641813466,0.05879091881650886
1561126144,40s_F,0.0,0.27072717512194905,0.2749379281560696,0.004210753034120551
1561150272,40s_F,1.0,0.09011529610874519,0.13685111919696735,0.04673582308822216
1561185536,30s_F,0.0,0.13169461261560525,0.13212721415339998,0.0004326015377947301
1561365568,30s_F,1.0,0.4949462478869117,0.42562146873979756,-0.06932477914711416
1561408256,50s_F,0.0,0.49589024037828955,0.5151293918199881,0.01923915144169852
1561556736,30s_F,,0.7607367937203834,0.7963279452537754,0.035591151533391985
1561645824,<30_F,0.0,0.571041463896498,0.522012284531292,-0.04902917936520601
1561779456,50s_F,0.0,0.06341583684626013,0.0911951376192967,0.027779300773036572
1561888960,60+_F,0.0,0.28543403763119146,0.2707652471469107,-0.01466879048428077
1562035584,30s_F,0.0,0.8366181944805777,0.8018582306379868,-0.034759963842590946
1562061568,60+_F,1.0,0.4133074895943988,0.2608638191818336,-0.15244367041256518
1562152512,30s_M,1.0,0.881984919923503,0.9005494246305648,0.018564504707061724
1562395648,<30_F,0.0,0.6402190220369662,0.6562547353187358,0.01603571328176956
1562471744,30s_F,0.0,0.06735024952358272,0.10996172533548712,0.0426114758119044
1562772416,30s_F,0.0,0.06439056923001324,0.10044517683275714,0.0360546076027439
1563026688,30s_F,,0.7936333106483618,0.7951163973726197,0.0014830867242578982
1563041536,<30_F,0.0,0.06032979333721364,0.11066991905096728,0.05034012571375364
1563117632,30s_M,,0.09241575391413315,0.11218806767569475,0.019772313761561605
1563165888,30s_M,0.0,0.6138785013775369,0.5240006358732606,-0.08987786550427623
1563253120,50s_F,0.0,0.8621410361879738,0.8689107544826113,0.006769718294637572
1563277248,40s_F,0.0,0.42491473369960275,0.47175319335880467,0.046838459659201914
1563293952,50s_F,,0.4018046592460799,0.2893975907508432,-0.11240706849523668
1563312512,50s_M,1.0,0.15131815689220976,0.19212659302833335,0.04080843613612359
1563394176,30s_F,0.0,0.40116230055638735,0.38706661749532884,-0.014095683061058517
1563563072,40s_F,0.0,0.08458627202350272,0.14377409479321385,0.05918782276971113
1563577920,30s_F,0.0,0.8404744231400969,0.8677444429343055,0.027270019794208622
1563724544,40s_F,0.0,0.5558614521553489,0.5929778788525051,0.0371164266971562
1563832192,<30_F,0.0,0.08225822567853606,0.13503544021403247,0.0527772145354964
1563902720,<30_F,,0.06781823811817983,0.09178584659287456,0.02396760847469473
1563930560,30s_F,,0.09070760183854366,0.10455752387555135,0.01384992203700769
1563932416,<30_F,0.0,0.8197629243811169,0.7992287684840177,-0.02053415589709917
1563941696,30s_F,0.0,0.31008673079318033,0.32683031138438795,0.01674358059120762
1563950976,30s_M,0.0,0.39374715573847824,0.5173286823800717,0.12358152664159344
1564019648,<30_F,1.0,0.6735848973747869,0.686694845284125,0.013109947909338171
1564160704,40s_F,0.0,0.40394291432789103,0.5006461606272241,0.09670324629933308
1564840000,<30_F,1.0,0.17484849690675575,0.21029325038787905,0.0354447534811233
1564899392,<30_F,0.0,0.1408543540945561,0.18510569018339673,0.04425133608884063
1565235328,50s_F,0.0,0.1734697687908225,0.21683722581254922,0.04336745702172673
1565348544,<30_F,0.0,0.7306757345497255,0.7591227612293752,0.028447026679649712
1565378240,50s_F,0.0,0.8521861321078947,0.8751473649092464,0.02296123280135165
1565495168,<30_F,0.0,0.3416179699341441,0.36772145416420604,0.026103484230061924
1565649216,50s_F,0.0,0.901268741765977,0.9067268285164066,0.0054580867504295805
1565808832,30s_F,0.0,0.10388574540572211,0.12876333722587066,0.02487759182014855
1565819968,<30_F,0.0,0.29751421328782757,0.29438887864023927,-0.003125334647588296
1565845952,<30_F,0.0,0.7492090059211168,0.6862673760055011,-0.0629416299156157
1565909056,<30_F,0.0,0.4986080720997187,0.48176093150712745,-0.016847140592591237
1565925760,30s_F,0.0,0.08203225784289528,0.12062754661233145,0.03859528876943617
1565949888,<30_F,0.0,0.36079521427789013,0.3775353160193379,0.016740101741447744
1565979584,50s_F,0.0,0.5390352908911368,0.6666716627397178,0.127636371848581
1566343360,30s_F,0.0,0.899765700077321,0.8943039989149142,-0.005461701162406851
1566391616,30s_F,,0.21533551637886642,0.25825369789136865,0.042918181512502235
1566528960,<30_F,0.0,0.7125120876589887,0.6751457689793774,-0.037366318679611266
1566701568,<30_F,0.0,0.06941208260619194,0.10425647472027506,0.03484439211408312
1567302912,40s_F,1.0,0.5904088038735462,0.6390470967368449,0.04863829286329868
1567319616,50s_F,0.0,0.3397762518421027,0.30278090237206085,-0.03699534947004185
1567373440,30s_F,0.0,0.7672761289537527,0.8041135367510848,0.03683740779733202
1567416128,40s_F,,0.11256863752271705,0.1166188087799857,0.004050171257268656
1567434688,40s_F,,0.4350669922804449,0.4239868545868599,-0.011080137693584957
1567546048,<30_F,0.0,0.20869957094202007,0.3224459613562679,0.11374639041424783
1567551616,30s_F,1.0,0.17693793695899196,0.20621260545996928,0.02927466850097732
1567601728,<30_F,,0.17730702412021213,0.19560774781015725,0.01830072368994512
1567735360,30s_F,,0.7252512793105927,0.7325709420297583,0.0073196627191655095
1567846720,<30_F,0.0,0.8495807001048591,0.8039764785889649,-0.04560422151589416
1567883840,50s_F,0.0,0.49514299896713915,0.5873123969774479,0.09216939801030871
1568271744,40s_F,1.0,0.07402859701785963,0.10481972491495194,0.030791127897092305
1568277312,60+_F,0.0,0.6173967352770532,0.6426881629205323,0.025291427643479136
1568294016,30s_F,1.0,0.3564230779520362,0.28550896328052233,-0.07091411467151387
1568631808,40s_F,1.0,0.061388317659303686,0.08662818329410037,0.02523986563479668
1568767296,<30_F,1.0,0.12203774998623913,0.15525423407846717,0.033216484092228035
1568895360,30s_F,0.0,0.8056445626807184,0.777933526143359,-0.0277110365373594
1569145920,30s_F,0.0,0.26949676871657,0.27752840175208243,0.008031633035512409
1569205312,30s_F,1.0,0.27130546146986884,0.26493091689908466,-0.00637454457078418
1569209024,<30_M,1.0,0.10281473509327187,0.1281735826364189,0.02535884754314703
1569270272,<30_F,0.0,0.2466462695487647,0.2758458074319692,0.02919953788320448
1569296256,<30_F,0.0,0.06689394670499416,0.0942905419760378,0.02739659527104364
1569678592,40s_F,0.0,0.8644530884638152,0.887392927406835,0.022939838943019764
1569682304,<30_F,0.0,0.14273252732792197,0.1904530687009272,0.04772054137300524
1569776960,30s_F,0.0,0.14865829663533592,0.1970405348196876,0.048382238184351695
1569853056,60+_F,0.0,0.733989061446706,0.7506389072976215,0.016649845850915557
1569914304,<30_F,0.0,0.5900007039692373,0.5437948337053833,-0.04620587026385403
1569944000,30s_F,0.0,0.27316225913292963,0.23903780137260036,-0.03412445776032927
1570046080,<30_F,0.0,0.10893383584191402,0.11627641908162432,0.007342583239710307
1570227968,<30_F,0.0,0.5879139125698467,0.6978516714709703,0.10993775890112356
1570266944,40s_F,,0.7576542622503268,0.8330096857380833,0.07535542348775648
1570272512,<30_F,1.0,0.5018926919190299,0.5264870430025994,0.024594351083569554
1570309632,50s_F,0.0,0.20292100566341073,0.23299747888644187,0.03007647322303114
1570406144,<30_F,,0.7474132859379136,0.6365655457590893,-0.11084774017882426
1570504512,30s_M,0.0,0.15329700916098635,0.21490829469987818,0.061611285538891836
1570536064,30s_F,0.0,0.36472885839529456,0.35513633698527663,-0.009592521410017929
1570623296,30s_F,,0.0724848029662137,0.07416349720445464,0.0016786942382409492
1570632576,50s_F,1.0,0.07415620626717455,0.11315298608386176,0.03899677981668721
1571081728,30s_F,,0.087610514562758,0.10493225519505155,0.017321740632293553
1571226496,30s_F,0.0,0.36529365121459206,0.3759143053876421,0.010620654173050026
1571271040,<30_F,1.0,0.4552654792579205,0.4116823264122612,-0.04358315284565928
1571586560,<30_F,0.0,0.863639563068554,0.8224698421867632,-0.04116972088179083
1571807424,50s_F,0.0,0.2124541154899616,0.20182111135297184,-0.010633004136989754
1571922496,30s_F,,0.8513125080705999,0.8892524998468955,0.03793999177629559
1571926208,<30_M,,0.14972470001429672,0.1970698520444615,0.04734515203016479
1571994880,<30_F,1.0,0.17631890874613357,0.16903429881719817,-0.007284609928935398
1572200896,<30_F,,0.08719299386389123,0.10666186599518182,0.019468872131290588
1572241728,30s_F,,0.09362035368173992,0.1161318801058963,0.02251152642415638
1572334528,60+_F,0.0,0.07127661260515833,0.10281928469285613,0.0315426720876978
1572432896,<30_F,1.0,0.272754165383143,0.27217771337831687,-0.0005764520048261446
1572668608,40s_F,1.0,0.27422357546797665,0.23098875275352593,-0.04323482271445073
1572703872,40s_F,0.0,0.2175627055702401,0.2433414485745072,0.025778743004267107
1572763264,30s_F,,0.1713394752697486,0.17927672745900455,0.00793725218925595
1572878336,50s_F,,0.57149336384325,0.5773296313540786,0.005836267510828552
1572926592,30s_F,0.0,0.14163236954225125,0.13869151920621958,-0.0029408503360316696
1572947008,<30_F,0.0,0.21302920626784277,0.34903866133588546,0.13600945506804268
1573236544,60+_F,0.0,0.07814026383981998,0.10080230717299557,0.02266204333317559
1573462976,<30_F,1.0,0.1435926294284508,0.1530201197539349,0.009427490325484095
1573908416,40s_F,1.0,0.3149762843720912,0.2831515407920628,-0.0318247435800284
1574107008,30s_M,,0.19385930601956114,0.1987853786954789,0.00492607267591777
1574327872,30s_F,0.0,0.08248208049729311,0.09092694265087303,0.008444862153579924
1574426240,40s_F,0.0,0.11373829879294525,0.1291753355678754,0.015437036774930135
1574509760,<30_F,0.0,0.5244451088401975,0.5479640503698107,0.023518941529613202
1574589568,<30_F,,0.053843245163048545,0.11007672808351097,0.05623348292046243
1574669376,40s_F,1.0,0.10077065311834843,0.0856780737957669,-0.015092579322581526
1574738048,<30_F,0.0,0.11651822923562134,0.15279038604431483,0.03627215680869349
1574823424,30s_F,0.0,0.3683120869723414,0.353115967900025,-0.015196119072316439
1574973760,<30_F,0.0,0.5126683214733307,0.5306850270517259,0.018016705578395187
1574992320,40s_F,1.0,0.787780335186826,0.8266888753456635,0.03890854015883749
1575018304,<30_M,0.0,0.7437991926531302,0.8001972278145906,0.05639803516146036
1575259584,<30_F,0.0,0.18896885230282742,0.23026387690493588,0.04129502460210846
1575439616,<30_F,0.0,0.3124693736495024,0.42128999206168855,0.10882061841218615
1575445184,30s_M,0.0,0.2681100071751134,0.2824715208611889,0.014361513686075467
1575447040,<30_F,,0.13171865582066267,0.15508734648382422,0.02336869066316155
1575469312,<30_F,0.0,0.6931241300385654,0.7122099252222133,0.019085795183647836
1575859072,<30_F,0.0,0.20418626142993826,0.2568444624605036,0.052658201030565316
1576208000,40s_F,0.0,0.4547958983237447,0.5687121984205326,0.11391630009678788
1576233984,40s_F,0.0,0.13040914836937556,0.1715499951122245,0.04114084674284893
1576306368,<30_F,0.0,0.08737028993839098,0.11214132037742697,0.024771030439035988
1576308224,50s_F,0.0,0.1216482630484789,0.21802638661996687,0.09637812357148798
1576391744,<30_F,,0.5382554991595135,0.4744252465705982,-0.06383025258891534
1576473408,30s_F,0.0,0.1076352243292316,0.13010674858893576,0.022471524259704154
1576614464,60+_F,0.0,0.7911453791713027,0.7025606128616407,-0.08858476630966194
1576820480,40s_F,0.0,0.07841018038850785,0.0901731796183952,0.011762999229887355
1577097024,<30_M,0.0,0.09324587162549519,0.14515376876221853,0.051907897136723335
1577106304,40s_F,,0.7831535227760879,0.8385923686704884,0.05543884589440051
1577197248,30s_F,0.0,0.8449627900832654,0.8227756614163385,-0.022187128666926847
1577373568,<30_F,0.0,0.2532031520629045,0.25003387010207073,-0.0031692819608337697
1577432960,50s_F,0.0,0.8096259239092397,0.8507191808439332,0.041093256934693456
1577449664,<30_M,,0.0670702276746135,0.09702369886482697,0.029953471190213465
1577486784,40s_M,0.0,0.19125716195089792,0.20497900212091316,0.013721840170015237
1577527616,<30_F,1.0,0.8148180302789589,0.7008475812384262,-0.11397044904053277
1577574016,30s_F,0.0,0.8235725395041331,0.8570439044990826,0.033471364994949515
1577587008,30s_F,1.0,0.6290456902746695,0.7409857375008237,0.11194004722615425
1577752192,<30_M,,0.1606030488394416,0.21835576107348043,0.05775271223403883
1578145664,50s_F,0.0,0.8555725375432784,0.8952739832152524,0.03970144567197398
1578153088,<30_F,0.0,0.09855410267859835,0.13764779587729772,0.039093693198699375
1578193920,30s_F,0.0,0.751651079061697,0.7046760110514793,-0.04697506801021778
1578236608,40s_F,1.0,0.0827286292875518,0.13471149228386056,0.05198286299630876
1578242176,30s_F,,0.7587322729400167,0.7824715835695203,0.02373931062950363
1578247744,30s_F,1.0,0.06548730125487222,0.1028361611830214,0.03734885992814918
1578255168,50s_F,0.0,0.0980296056101311,0.14197379636704732,0.04394419075691622
1578390656,30s_F,1.0,0.6510128008243492,0.6117779064488679,-0.03923489437548133
1578433344,<30_F,0.0,0.19457368301268257,0.2546208870166393,0.060047204003956745
1578904768,<30_F,,0.07591040020151922,0.1271105953899767,0.05120019518845749
1579118208,<30_F,,0.8428625728839308,0.7690453480686159,-0.07381722481531494
1579157184,<30_M,0.0,0.08345305245190952,0.12253799692930281,0.03908494447739329
1579352064,30s_F,0.0,0.06392078394620461,0.09041996613301942,0.02649918218681481
1579593344,<30_F,,0.09137790469595256,0.14569355051850155,0.054315645822549
1579602624,40s_M,0.0,0.16372962717841888,0.1804021972660507,0.016672570087631816
1579929280,30s_F,0.0,0.23931987806933347,0.2584303504012343,0.01911047233190083
1579947840,30s_F,1.0,0.8445809464180171,0.8399584167794096,-0.004622529638607431
1580018368,30s_F,0.0,0.7825711274139412,0.8264746316108788,0.04390350419693756
1580066624,30s_F,0.0,0.454172311192592,0.5300223637621879,0.07585005256959593
1580623424,<30_F,0.0,0.10426362565033762,0.13673364069292546,0.03247001504258784
1580710656,30s_M,0.0,0.06157670335433539,0.08625158259205985,0.024674879237724462
1580712512,<30_F,0.0,0.47205173642606385,0.43015474083228633,-0.04189699559377752
1580918528,30s_F,0.0,0.8706500949187221,0.8183043148678284,-0.05234578005089374
1580972352,<30_F,0.0,0.1850400997034814,0.1585327429350448,-0.026507356768436602
1581054016,40s_F,0.0,0.4932718813263446,0.3927506450558387,-0.10052123627050591
1581078144,50s_F,0.0,0.08895772035310089,0.13254806989695275,0.04359034954385187
1581170944,60+_F,0.0,0.12421187391531369,0.13701971590603174,0.01280784199071805
1581182080,30s_F,0.0,0.47691679520555447,0.4973608235406475,0.020444028335093012
1581428928,30s_F,0.0,0.06735681127506289,0.11479313167876104,0.04743632040369815
1581499456,60+_F,0.0,0.09686052406738482,0.10769438539002801,0.01083386132264319
1581529152,<30_F,,0.5277925243120095,0.5887153693264476,0.06092284501443812
1581865088,<30_F,0.0,0.23787040914417823,0.2859616000592073,0.04809119091502906
1581872512,<30_F,0.0,0.06449144731236996,0.11783116323083323,0.053339715918463274
1582258560,30s_F,,0.095201659954608,0.10397800842245818,0.008776348467850179
1582293824,<30_F,0.0,0.08061421684834207,0.10181802003195617,0.021203803183614103
1582648320,<30_F,0.0,0.40374526396964183,0.4395575361941686,0.035812272224526764
1582765248,40s_F,0.0,0.08489851008510751,0.10821536293972167,0.023316852854614156
1582793088,30s_F,0.0,0.22455308499205479,0.24891600401799333,0.02436291902593854
1582794944,<30_F,1.0,0.6567745525160211,0.6552866003230544,-0.0014879521929667128
1582965696,<30_F,0.0,0.062175696171691316,0.07847302173710004,0.01629732556540872
1583021376,<30_F,0.0,0.2156142744151413,0.24140132547099832,0.02578705105585702
1583589312,<30_F,,0.08389223309261723,0.1226382254970725,0.03874599240445527
1583637568,30s_F,,0.09862046049426394,0.10501017636784554,0.0063897158735816
1584142400,50s_F,0.0,0.43800912277525944,0.43994936688716585,0.0019402441119064084
1584201792,40s_F,0.0,0.06897740612378268,0.09962790151597165,0.03065049539218896
1584207360,<30_M,,0.5406592603061938,0.4511974082583524,-0.0894618520478414
1584209216,40s_F,0.0,0.06419017452732985,0.10402152789397565,0.0398313533666458
1584459776,<30_F,0.0,0.13080418834645477,0.18678021276661677,0.055976024420162
1584498752,30s_F,,0.5877478026480132,0.5905633199397462,0.0028155172917330162
1584511744,30s_F,0.0,0.1557039815464316,0.13330078054863573,-0.022403200997795886
1584734464,<30_F,0.0,0.14447022261262252,0.1809537141968519,0.036483491584229394
1584760448,30s_F,0.0,0.08421258981897842,0.14079778909998514,0.05658519928100672
1585382208,30s_F,1.0,0.42838545527545924,0.380580677707824,-0.04780477756763524
1590918656,50s_M,0.0,0.7568346107580071,0.7793935906694425,0.022558979911435406
1591985856,30s_M,,0.08115920500074993,0.1254286584964813,0.04426945349573137
1593103168,50s_M,,0.11325128246373552,0.1356322876407849,0.02238100517704937
1596243520,30s_F,0.0,0.3024486200144521,0.2970062496054255,-0.00544237040902662
1596670400,<30_F,,0.22439235973738486,0.2451862055351444,0.02079384579775953
1597041600,<30_F,,0.8354007794703188,0.7527320718332428,-0.08266870763707601
1597268032,60+_F,0.0,0.15646207274026594,0.18041587559250227,0.023953802852236333
1597496320,40s_F,0.0,0.738029340783333,0.748855033701119,0.010825692917786012
1597609536,30s_F,0.0,0.3356859133034459,0.33479752458723977,-0.0008883887162061122
1597618816,60+_F,0.0,0.1562982763139311,0.16923237511881267,0.012934098804881583
1597858240,40s_F,0.0,0.49464722165038916,0.5356088116797586,0.040961590029369443
1598047552,30s_F,0.0,0.8190876079699231,0.697066290386803,-0.12202131758312007
1598209024,40s_F,0.0,0.2609099321306253,0.30789321472945,0.04698328259882473
1598428032,<30_F,0.0,0.4607339106475965,0.4890901727181899,0.028356262070593385
1598719424,50s_F,0.0,0.8847092499387454,0.9027779184425327,0.0180686685037873
1598728704,40s_F,1.0,0.3470631955512332,0.2781114660571782,-0.06895172949405504
1598732416,40s_F,0.0,0.07017925243259415,0.08553937004533507,0.01536011761274092
1598769536,<30_F,1.0,0.39938954733287396,0.4748834125545941,0.07549386522172014
1598925440,30s_F,0.0,0.19283957663652324,0.22142966242506262,0.028590085788539388
1599085056,30s_M,0.0,0.061030168478567806,0.09907721005220518,0.03804704157363738
1599153728,50s_M,0.0,0.42932096307369955,0.3941105098236162,-0.03521045325008337
1599257664,30s_F,0.0,0.378286902067122,0.3881113128005046,0.009824410733382583
1599730944,<30_F,,0.10695551047734796,0.16521002882531963,0.05825451834797167
1599779200,50s_F,0.0,0.3199142587126817,0.2988012013078815,-0.021113057404800184
1599816320,30s_F,0.0,0.268251319378312,0.35075392043865183,0.08250260106033985
1599823744,30s_F,0.0,0.15017008206671134,0.1578364912878377,0.007666409221126352
1599829312,60+_F,0.0,0.22777321592697974,0.2250316380116087,-0.0027415779153710518
1600040896,<30_F,,0.49046034570021746,0.4823061399102675,-0.008154205789949964
1600302592,<30_F,,0.4318989207344028,0.4120945484392532,-0.019804372295149586
1600436224,<30_F,0.0,0.44441458544440304,0.458177890592634,0.013763305148230931
1600542016,40s_F,,0.15927795931048822,0.2021735320393077,0.0428955727288195
1600638528,30s_F,0.0,0.20884392763125192,0.2552966104620321,0.04645268283078019
1600642240,50s_F,0.0,0.13508469202341547,0.1458555027401309,0.010770810716715429
1600877952,40s_F,1.0,0.6565354079127265,0.7566324667374933,0.10009705882476683
1600952192,50s_F,0.0,0.06723278542408456,0.10923032080732176,0.041997535383237194
1601037568,50s_F,1.0,0.7026505226337123,0.660919536018893,-0.04173098661481933
1601052416,30s_F,,0.1074961450375681,0.15215970362181258,0.04466355858424448
1601102528,30s_F,0.0,0.584152223165403,0.5779424924957727,-0.0062097306696303756
1601145216,<30_F,0.0,0.6789515650373265,0.6536586501416238,-0.025292914895702623
1601161920,30s_F,0.0,0.25344668150221755,0.25462457304249164,0.0011778915402740897
1601236160,<30_F,1.0,0.07223022714434946,0.08259783722571391,0.010367610081364456
1601282560,30s_F,,0.07455131262096512,0.09754208112979872,0.022990768508833595
1601369792,60+_F,1.0,0.881655914562803,0.9027845712845393,0.02112865672173625
1601553536,30s_F,,0.5084321782597492,0.4750530637383434,-0.033379114521405795
1601648192,40s_F,0.0,0.10258218519016157,0.1410253928780339,0.03844320768787232
1602295936,30s_M,0.0,0.2195784643732158,0.22402750331110396,0.004449038937888172
1602385024,<30_F,0.0,0.7385270076376463,0.6706479532416337,-0.0678790543960126
1602403584,<30_F,0.0,0.4517773460252681,0.4751975813745466,0.023420235349278506
1602644864,30s_F,,0.36288588736158095,0.30838832146404166,-0.05449756589753929
1602912128,40s_F,0.0,0.11595767469907761,0.19920876593368425,0.08325109123460664
1602945536,<30_F,,0.09189489284631193,0.1260128390989868,0.03411794625267488
1603270336,40s_F,1.0,0.17379345653101969,0.20367812097998464,0.029884664448964954
1603275904,40s_F,,0.13955862535670863,0.1988639080635047,0.05930528270679608
1603504192,30s_F,0.0,0.0835756019564399,0.07758233009464262,-0.005993271861797281
1603506048,30s_M,,0.3138266636651776,0.3751134179968254,0.06128675433164782
1603559872,<30_F,0.0,0.5431242564813907,0.5175090412354595,-0.025615215245931244
1603571008,<30_F,,0.5316573862680842,0.5567869706082097,0.025129584340125466
1603613696,30s_F,0.0,0.17262963192380834,0.2058960218986663,0.03326638997485795
1603821568,40s_F,0.0,0.22229094777068226,0.2441446754594612,0.02185372768877894
1603966336,<30_M,1.0,0.36009318576344834,0.4051756046959137,0.04508241893246534
1604060992,<30_F,0.0,0.4897163963839644,0.5141706307229801,0.024454234339015668
1604376512,<30_F,1.0,0.24723347571364013,0.30450052081068746,0.05726704509704733
1604393216,30s_F,,0.07660157627306127,0.12720467617783388,0.0506030999047726
1604454464,30s_F,0.0,0.6614137163189249,0.6167794751342754,-0.044634241184649426
1604552832,<30_F,,0.46484471668246796,0.45989319573306814,-0.004951520949399824
1604731008,30s_F,0.0,0.685407721019199,0.7323687021186274,0.04696098109942837
1604866496,40s_F,0.0,0.07265171691777278,0.10560262285788616,0.03295090594011338
1605180160,<30_F,0.0,0.4000085784474041,0.46542941670740556,0.06542083826000145
1605182016,30s_F,0.0,0.22063068452260687,0.23506493977781853,0.014434255255211664
1605185728,<30_F,0.0,0.5125056176634073,0.46267591016561604,-0.049829707497791254
1605310080,<30_M,,0.09680790283712834,0.14138258887463517,0.04457468603750683
1605495680,40s_F,0.0,0.6327186060823882,0.6969996185660885,0.06428101248370033
1605532800,30s_F,0.0,0.18090518256703633,0.20154222719635492,0.02063704462931859
1605625600,60+_F,1.0,0.09470001884380272,0.15366378505824416,0.05896376621444144
1605651584,<30_F,0.0,0.25526963797703606,0.28626333767309176,0.0309936996960557
1605904000,<30_F,1.0,0.08152357873665132,0.13759998840317061,0.05607640966651929
1605963392,<30_F,1.0,0.3805702316646948,0.44457401593102797,0.06400378426633319
1606124864,<30_F,0.0,0.16749999695984497,0.19779375859205697,0.030293761632212007
1606308608,<30_F,1.0,0.08658663996910305,0.11532934778009019,0.02874270781098713
1606401408,60+_M,0.0,0.14219627801180965,0.1472889411324513,0.005092663120641661
1606958208,<30_F,,0.562273723170508,0.5212252198375759,-0.041048503332932196
1607149376,30s_F,0.0,0.1020545580513719,0.1326869209503871,0.030632362899015192
1607164224,<30_F,1.0,0.06369153469644717,0.1034479983473053,0.03975646365085812
1607216192,<30_F,0.0,0.06899234084638951,0.09916869664776277,0.03017635580137326
1607360960,<30_F,0.0,0.19185219195732495,0.21548654792867766,0.023634355971352716
1607531712,40s_F,0.0,0.6709960812045757,0.6298183404261577,-0.04117774077841796
1607535424,<30_F,1.0,0.2989162112385095,0.27469364523243944,-0.024222566006070034
1607617088,40s_F,0.0,0.20736639300374407,0.22856528053687936,0.021198887533135286
1607672768,<30_F,0.0,0.21322023398733322,0.23507723445338313,0.02185700046604991
1607878784,30s_F,0.0,0.1615964631244388,0.1847905286018858,0.023194065477447012
1607990144,<30_F,,0.2882230055255305,0.2979450707302119,0.00972206520468144
1608010560,30s_M,0.0,0.2374870230377703,0.28530700009372234,0.047819977055952034
1608353920,40s_F,0.0,0.09491287290466788,0.15239887088288553,0.05748599797821766
1608498688,50s_F,,0.35976702649911985,0.32576077620464033,-0.03400625029447951
1608688000,40s_F,0.0,0.12846362476523548,0.14107675819643142,0.012613133431195939
1608778944,30s_F,0.0,0.732034007793428,0.7151224891996429,-0.016911518593785035
1609669824,30s_F,,0.16224170898857337,0.1996795193969893,0.03743781040841593
1609807168,<30_M,0.0,0.20869582010575788,0.2382801848947144,0.029584364788956513
1609927808,30s_F,0.0,0.14101492555961784,0.17537402453215684,0.034359098972539
1610007616,30s_F,,0.3026079122080187,0.2506030717779414,-0.052004840430077304
1610015040,40s_F,1.0,0.3774935672400998,0.3188078570358325,-0.05868571020426733
1610048448,40s_F,0.0,0.25509986254590056,0.3118258594678211,0.05672599692192054
1610102272,<30_F,0.0,0.173341289138823,0.1760514260497699,0.002710136910946903
1610167232,50s_F,,0.13135755820881856,0.20062189401345545,0.0692643358046369
1610180224,<30_F,1.0,0.07988271381487909,0.11258352049108583,0.03270080667620674
1610261888,50s_F,0.0,0.10162896735480696,0.12912667384292187,0.027497706488114906
1610267456,30s_F,,0.6965315213958092,0.7093969989703196,0.012865477574510398
1610408512,<30_F,,0.0796787146073982,0.11950038682530559,0.03982167221790739
1610822400,<30_F,0.0,0.258719429683334,0.2639750933955886,0.00525566371225461
1610829824,30s_F,,0.08705066150501103,0.11597191929627788,0.02892125779126685
1610842816,30s_F,,0.2616474889541969,0.26918171182910344,0.007534222874906515
1610931904,<30_M,0.0,0.16272551412693112,0.19201290916641503,0.02928739503948391
1611358784,<30_F,0.0,0.10364177464158375,0.12675033862725732,0.02310856398567357
1611484992,40s_F,0.0,0.11610934965034823,0.12760994226222908,0.011500592611880842
1611689152,<30_F,,0.1264176477732545,0.1907029749310776,0.06428532715782309
1611776384,30s_F,,0.07355109148845179,0.12209711886148793,0.048546027373036135
1611837632,50s_F,,0.43996727045822953,0.40490033949095,-0.03506693096727953
1611863616,40s_F,0.0,0.42977397925914035,0.3817845972666194,-0.04798938199252095
1611967552,<30_F,0.0,0.23996062844510532,0.24853518897942944,0.008574560534324122
1612026944,50s_M,1.0,0.564959618151865,0.5191340341624092,-0.0458255839894558
1612279360,50s_F,,0.3123544341802748,0.34705889508624765,0.034704460905972845
1612294208,40s_M,0.0,0.09307800052355862,0.14471500183720112,0.0516370013136425
1612307200,50s_M,,0.1366382005573758,0.19999090905587993,0.06335270849850413
1612392576,40s_F,0.0,0.33977426537543925,0.36791996229673996,0.0281456969213007
1612546624,30s_F,,0.4632850118946349,0.4201363689090602,-0.04314864298557469
1612622720,30s_F,,0.14395671482832847,0.21924208849804244,0.07528537366971397
1612808320,40s_F,0.0,0.147146720820212,0.1742273772617293,0.027080656441517303
1612813888,30s_F,0.0,0.7000827721266962,0.7591166124650368,0.05903384033834058
1613005056,50s_F,0.0,0.14948781388068327,0.19289903974856187,0.0434112258678786
1613018048,40s_F,,0.11397446650650565,0.11571325348041953,0.0017387869739138723
1613190656,30s_F,1.0,0.09690121473171544,0.09859277324593908,0.0016915585142236456
1613487616,40s_F,1.0,0.25486339015680204,0.2622720363039715,0.007408646147169462
1613582272,30s_F,1.0,0.3314413299428353,0.30735794897324764,-0.024083380969587675
1613695488,30s_F,1.0,0.40099953570382807,0.3607269650721697,-0.040272570631658344
1614285696,<30_F,0.0,0.5450829482159564,0.5602561931172301,0.015173244901273697
1614296832,50s_F,1.0,0.12774500029655997,0.14244195075312885,0.01469695045656888
1614656896,50s_F,0.0,0.30176573590604583,0.3557410906533713,0.053975354747325455
1614751552,<30_F,,0.36967643385777005,0.3963423399658016,0.026665906108031545
1614866624,<30_F,0.0,0.0804517191626279,0.12456023049235386,0.04410851132972596
1615323200,60+_M,,0.07722374929646544,0.11601269680731532,0.03878894751084988
1615427136,<30_F,0.0,0.18483236897554103,0.20881938544375372,0.02398701646821269
1615499520,30s_F,0.0,0.12973803608019246,0.14122120587466916,0.011483169794476694
1615512512,30s_F,,0.18388201711324584,0.1912780697506609,0.0073960526374150515
1615581184,30s_F,1.0,0.08624211633227151,0.14197442203756278,0.055732305705291266
1615672128,30s_F,0.0,0.14721913546345333,0.15443882337718434,0.00721968791373101
1615805760,40s_F,,0.09077249924591028,0.1482076003087554,0.05743510106284512
1615963520,30s_F,0.0,0.20415698062597612,0.2769600317961422,0.07280305117016608
1616149120,50s_F,1.0,0.09495491237836268,0.12301208384508028,0.0280571714667176
1616163968,50s_F,0.0,0.3348938130435637,0.3816362899120193,0.04674247686845562
1616230784,30s_F,,0.2602327414662878,0.24993239882022802,-0.010300342646059751
1616238208,<30_F,,0.10509218083288795,0.1506657204775792,0.045573539644691255
1616397824,<30_F,0.0,0.27599161827418955,0.27680964594010193,0.0008180276659123797
1616449792,30s_F,0.0,0.27201123240402947,0.29998058963693075,0.027969357232901282
1616498048,50s_F,0.0,0.2963575219031483,0.30097134135792686,0.004613819454778567
1616620544,30s_F,0.0,0.15858644674113187,0.19907200937322347,0.040485562632091604
1616694784,30s_F,0.0,0.4028629303501461,0.4314135561289796,0.028550625778833494
1616891520,<30_F,,0.25725724840888003,0.28441693987434563,0.027159691465465596
1617220032,30s_F,1.0,0.6113468501088359,0.6509623315797027,0.0396154814708668
1617377792,<30_F,1.0,0.09623880084485682,0.12123394083324338,0.024995139988386553
1617489152,40s_F,1.0,0.2838638763067056,0.35515375499980906,0.07128987869310344
1617836224,50s_F,0.0,0.2524803542373278,0.28527556376270846,0.032795209525380675
1618307648,60+_F,,0.12545447017552575,0.13230372452096145,0.006849254345435707
1618320640,30s_F,0.0,0.07386937738025856,0.1287005835417267,0.05483120616146814
1618521088,30s_F,1.0,0.6218420263159163,0.7533462930449653,0.1315042667290489
1618823616,40s_F,1.0,0.21267093503710832,0.22672765838699094,0.014056723349882616
1618842176,40s_F,0.0,0.08524336052649652,0.12793099806649544,0.04268763753999892
1618866304,<30_F,,0.3337418322052131,0.36895896197904804,0.035217129773834954
1619016640,30s_F,,0.3981336773287445,0.4154557641137723,0.01732208678502778
1619385984,<30_F,0.0,0.08473561703808885,0.12522676187399243,0.040491144835903575
1619536320,<30_F,1.0,0.5625716392051339,0.5935019493993184,0.030930310194184574
1619723776,40s_F,0.0,0.09780235817292474,0.131687054841389,0.033884696668464276
1619757184,60+_F,,0.6205977047452926,0.6209825542069902,0.0003848494616975895
1619877824,<30_M,1.0,0.2271813007877178,0.23620063949492617,0.009019338707208363
1620061568,60+_F,0.0,0.8663365598207398,0.8882159104616527,0.021879350640912953
1620313984,50s_F,,0.09022431618871718,0.10977259854353649,0.019548282354819313
1620315840,50s_F,0.0,0.12685249310288257,0.18857108929806754,0.061718596195184966
1620334400,<30_F,0.0,0.19964610356668824,0.21205100797982698,0.01240490441313874
1620339968,30s_F,0.0,0.5134511669424255,0.38704514341905477,-0.12640602352337077
1620347392,30s_F,1.0,0.08659095840116114,0.13817458796332455,0.051583629562163405
1620380800,<30_F,,0.06744624924418705,0.12141002398246119,0.05396377473827414
1620616512,30s_F,0.0,0.19737046136864642,0.204878762836313,0.007508301467666595
1621043392,40s_F,,0.1817541777388007,0.24664357535505307,0.06488939761625237
1621473984,<30_F,0.0,0.1322540488746997,0.17168205760659475,0.03942800873189506
1621524096,<30_F,,0.19533790529732317,0.2134684994540917,0.018130594156768515
1621648448,40s_F,,0.3701004480217554,0.4077425507627093,0.03764210274095392
1621746816,<30_F,0.0,0.31720357701936014,0.38136478585107836,0.06416120883171822
1621767232,40s_F,1.0,0.08910579984070291,0.11176137070587558,0.02265557086517267
1622066048,30s_F,,0.5532896184591768,0.5155058454102011,-0.03778377304897573
1622071616,30s_F,0.0,0.3130160744560253,0.3464782071556495,0.03346213269962417
1622149568,30s_M,0.0,0.2442576436110179,0.26890322774229264,0.02464558413127474
1622244224,30s_F,,0.29539513335008744,0.3361084579414571,0.04071332459136967
1622275776,<30_F,0.0,0.08241900268118851,0.13834474267554125,0.05592573999435274
1622288768,30s_F,0.0,0.0945492083067322,0.14105907331398881,0.04650986500725661
1622565312,30s_F,0.0,0.7624268477175923,0.7696452117707246,0.0072183640531323645
1622619136,30s_F,0.0,0.367325261232767,0.3845048536821741,0.01717959244940709
1622639552,<30_F,1.0,0.10628557600835997,0.13382932914243592,0.02754375313407595
1622765760,50s_F,0.0,0.16125647622549505,0.22142591125089509,0.060169435025400037
1623422784,<30_M,0.0,0.10182246826184428,0.12652612841037708,0.0247036601485328
1623461760,50s_F,,0.0816840463117926,0.12311573781514143,0.04143169150334883
1623665920,30s_F,0.0,0.08819993286634226,0.10115747695220927,0.01295754408586701
1623671488,50s_F,,0.31879501073666633,0.3748652376232569,0.05607022688659058
1623760576,50s_F,1.0,0.18657675858747197,0.2265285454843139,0.03995178689684192
1624113216,<30_F,0.0,0.2242477753218269,0.23575804160280558,0.011510266280978676
1624283968,40s_F,0.0,0.09248848549206887,0.1429624657936119,0.05047398030154304
1624632896,<30_F,0.0,0.16814092145994983,0.22098929831408204,0.05284837685413221
1624644032,30s_F,0.0,0.4072225682068716,0.4314505898235547,0.024228021616683137
1624668160,<30_F,1.0,0.1727960293227944,0.19909374366063917,0.02629771433784478
1624877888,30s_F,1.0,0.5321786493757079,0.5516369997238156,0.019458350348107722
1624937280,50s_F,0.0,0.09417142915693782,0.1574012285154023,0.06322979935846448
1625289920,50s_F,1.0,0.21745771939819147,0.24621941847397316,0.028761699075781688
1626344128,30s_F,0.0,0.5919500550494873,0.6491130073867294,0.05716295233724211
1626518592,40s_F,1.0,0.3229560932381312,0.3152779327838438,-0.007678160454287375
1626628096,<30_F,,0.3432002507510109,0.35006503150885687,0.006864780757845967
1626891648,40s_F,0.0,0.16889553479440125,0.2085272581001459,0.03963172330574466
1627003008,60+_F,,0.1371997473146798,0.16177362047681687,0.024573873162137078
1627433600,30s_F,0.0,0.14926140473145352,0.19721754787108556,0.047956143139632035
1627548672,30s_F,,0.4679785125764415,0.41534498772256,-0.05263352485388151
1628021952,60+_M,1.0,0.13047406300182104,0.14248832111060403,0.012014258108782983
1628233536,<30_F,,0.20878063251486664,0.225679978959642,0.016899346444775365
1628302208,<30_F,1.0,0.23272867663656316,0.25809554167662346,0.025366865040060305
1628543488,<30_F,1.0,0.0971843920852421,0.14027426614654542,0.043089874061303324
1628704960,30s_M,0.0,0.28514907117325056,0.3296938414141071,0.04454477024085657
1628859008,40s_F,1.0,0.18155367735164926,0.22064263791570002,0.039088960564050756
1628931392,30s_F,1.0,0.09497310846032779,0.11998103191134818,0.02500792345102039
1629013056,30s_F,0.0,0.17599934024847294,0.19610472654873246,0.020105386300259515
1629321152,30s_F,0.0,0.18924548488577994,0.20426837770053083,0.015022892814750888
1629553152,40s_F,1.0,0.16570144603947287,0.195817202839788,0.03011575680031514
1629564288,60+_M,0.0,0.18717203628459209,0.189833367357998,0.0026613310734059092
1629642240,30s_F,0.0,0.10958148553192841,0.15663764336982447,0.04705615783789606
1629785152,60+_F,1.0,0.12253578821185729,0.14196393655357495,0.01942814834171766
1629915072,<30_F,,0.14678957305040347,0.20749584469581517,0.0607062716454117
1629920640,30s_F,0.0,0.33669619983342863,0.37294546085532415,0.03624926102189552
1630117376,<30_F,1.0,0.21542803908971397,0.24417855656604598,0.028750517476332005
1630124800,30s_F,0.0,0.23012777227204878,0.22299983873417673,-0.007127933537872055
1630315968,<30_F,1.0,0.261445597332583,0.32616835723801907,0.06472275990543608
1630325248,60+_F,1.0,0.1193059986184638,0.1658970581521539,0.04659105953369008
1630449600,<30_F,0.0,0.20913517119673025,0.2133387490578394,0.004203577861109142
1630715008,60+_F,,0.22818225822312285,0.2525291239870062,0.02434686576388337
1631089920,<30_F,0.0,0.09611781886777836,0.13634270327334522,0.04022488440556686
1631321920,30s_F,1.0,0.17691550591389313,0.19397261074308975,0.017057104829196618
1631500096,<30_F,1.0,0.22332429553283498,0.2389687635334462,0.015644468000611228
1631821184,<30_F,,0.3872365571694724,0.45471976504689726,0.06748320787742484
1631871296,<30_F,0.0,0.09310994477698709,0.13063661567267423,0.03752667089568715
1631880576,<30_F,1.0,0.20870437858534757,0.2246556683430396,0.015951289757692028
1632530176,30s_F,0.0,0.12407270601828456,0.15777645818873368,0.03370375217044912
1632578432,<30_M,0.0,0.4019583553161528,0.3878278341909535,-0.014130521125199302
1632667520,<30_F,,0.34913242965403035,0.36218776929949215,0.013055339645461794
1632747328,<30_F,0.0,0.24808606144938,0.2964289365635108,0.04834287511413082
1633159360,<30_F,0.0,0.16249756033604,0.18350042619868162,0.021002865862641634
1633298560,40s_F,0.0,0.5756479483827571,0.5580623244819328,-0.0175856239008243
1633363520,60+_F,0.0,0.1989703262552525,0.27726883295984894,0.07829850670459645
1633393216,30s_F,0.0,0.10411981152423683,0.1458285873867211,0.04170877586248428
1633872064,30s_F,1.0,0.19034437923770384,0.18885681663499818,-0.001487562602705661
1634167168,<30_F,0.0,0.2053842418948201,0.2706115277253862,0.06522728583056611
1634323072,30s_F,0.0,0.2539580132677012,0.3634639149657382,0.10950590169803703
1634415872,30s_F,0.0,0.23020897711004132,0.2263035338455748,-0.0039054432644665127
1634486400,40s_F,1.0,0.3021325871786697,0.39701099264892664,0.09487840547025694
1635000512,40s_F,0.0,0.2648073488550225,0.3305311569193136,0.06572380806429112
1635319744,50s_F,0.0,0.2533929854010623,0.27843022192276906,0.02503723652170675
1635620416,50s_F,0.0,0.1458971109316244,0.17259148601044186,0.026694375078817445
1635794880,30s_F,0.0,0.2589861145664363,0.26521661909633604,0.006230504529899761
1636032448,60+_F,0.0,0.1864434744948463,0.2538406542651882,0.0673971797703419
1636290432,30s_F,0.0,0.224758631458751,0.28592952123914206,0.06117088978039106
1636303424,30s_F,0.0,0.20336694140472467,0.27868058625553305,0.07531364485080838
1636535424,50s_F,0.0,0.3077293107616257,0.33916754765208984,0.031438236890464155
1636574400,50s_F,,0.1794679979567752,0.2606852016577041,0.08121720370092889
1636648640,<30_F,,0.21413665605923843,0.2382100179086829,0.024073361849444475
1636832384,<30_F,0.0,0.20236441964057825,0.2869714883450254,0.08460706870444715
1636973440,60+_F,1.0,0.4297150773927633,0.4349900948024692,0.005275017409705873
1637973824,<30_F,0.0,0.17738014173840863,0.29864436287622464,0.12126422113781601
1637990528,30s_F,0.0,0.1862984126688794,0.283265019953738,0.09696660728485859
1638192832,<30_F,0.0,0.22420451359937826,0.2708705268646843,0.04666601326530606
1638346880,<30_M,0.0,0.2450135769863576,0.30864493292227724,0.06363135593591965
1638439680,30s_F,1.0,0.14941055518786014,0.1750907102441678,0.025680155056307663
1638515776,30s_F,0.0,0.21152255457187036,0.33667855063670765,0.1251559960648373
1639254464,40s_F,0.0,0.14943786711091767,0.244980373760331,0.09554250664941333
1639291584,40s_F,,0.18164981821364998,0.2430926375481726,0.061442819334522614
1639443776,60+_F,,0.15202154662095757,0.2224655819016576,0.07044403528070003
1639837248,<30_F,1.0,0.16206612871923118,0.23232450541767943,0.07025837669844825
1639889216,50s_F,,0.1400403260020473,0.19676069743482177,0.056720371432774475
1640002432,<30_F,1.0,0.23062079362608148,0.32710565717460066,0.09648486354851918
1640074816,<30_F,,0.217779967185962,0.3049307126316351,0.08715074544567314
1640117504,30s_F,0.0,0.25253211794077646,0.2901149999506807,0.03758288200990423
1640149056,30s_F,0.0,0.20931495828056274,0.21583767178515398,0.006522713504591243
1640241856,<30_F,0.0,0.1502554160075956,0.21315602448354326,0.06290060847594767
1640251136,<30_F,0.0,0.16318864756302898,0.2279914993143319,0.06480285175130293
1640382912,30s_F,0.0,0.18626529781998108,0.22420637538569924,0.037941077565718156
1640410752,<30_F,,0.15347054199466803,0.1927123778896566,0.03924183589498856
1640479424,30s_F,0.0,0.16591194244943408,0.18808793219325415,0.022175989743820068
1640913728,<30_F,0.0,0.19691830056600296,0.2825811657966221,0.08566286523061917
1641019520,40s_F,0.0,0.1833464754632449,0.23012075604176752,0.04677428057852262
1670400000,<30_M,0.0,0.8976314848891236,0.8401383805060934,-0.057493104383030236
1670606016,<30_M,,0.4341698732964135,0.509790690582108,0.07562081728569453
1670620864,60+_M,,0.4287709328282981,0.50517025276308,0.07639931993478194
